mode,evaluation,elapsed_s,loss,mean,amplitude,robust,frequency,persistence,waveform,static_rmse_log10,screened,outside_domain,C_pF,S_e_mW_per_K,tau_th_ns,T0_K,Tc_K,w_K,beta_per_K,gamma,Rs_315K_ohm,Ea_over_k_K,Rm_ohm
static_preserving,1,1.7175296669956879,37.82314642415336,6.859593877290781,4.2759717417771945,3.2609245377393474,0.5578878467192917,1.0374365430772086,35.67661608064786,0.036627605227354594,False,False,0.38999999999999996,0.0036751264999999997,13.026282496670518,314.4,333.49356636598696,6.882302959338694,0.2991563242902104,0.9562696819999997,2513.3391379829973,2536.9654457644647,18.21526990911648
static_preserving,2,3.4870640419976553,10017.43636876271,6.169868510561228,1.3185798174457446,1.5524005297547214,1.389532267477155,0.18050755378918282,14.538865271861955,0.0425551369611288,False,True,6.835494476281912,0.0037127620434272003,11.908706376291862,314.363069805982,333.3384172420717,7.041456087548133,0.314437701821341,0.1569637099004186,2513.3391379829973,2536.9654457644647,18.21526990911648
static_preserving,3,5.230947291995108,10222.240975421071,49.30596909081393,1.8957294728667446,2.0864313314061285,2.053472911885589,0.0,58.10632529676309,0.3202876150082815,False,True,15.671852385659134,0.0009459676396536,8.214339249999021,318.76089619827405,337.90430970001603,12.123356409556754,0.2074867609087648,1.4517676540168434,2513.3391379829973,2536.9654457644647,18.21526990911648
static_preserving,4,6.973150583995448,23.10902226269984,6.885999618583039,1.3541449083408494,1.3965782328558083,0.5549338013701205,0.547701206501399,19.194893955163245,0.04946039013402918,False,False,6.806105267445345,0.0037376655952593,15.859707975521072,314.5309907109604,333.31164381714086,6.371353450883506,0.2800453986889074,0.175681338477949,2447.6992863634123,2575.126066603246,20.063832211131665
static_preserving,5,8.730566874997749,51.06724610839496,8.40387645002888,1.0121702675893027,1.0337208464205618,1.5866735494903552,0.41218772349688226,18.213697555925116,0.1432950377553028,False,False,4.964372764430598,0.0035191796202696008,11.280811471558978,313.89842164401676,332.18133608254857,7.242700894977054,0.3638852151662267,0.17868830373348443,2300.2214384695144,2485.117835448581,17.56579183190342
static_preserving,6,10.39144595900143,51.06472374085326,15.916164319673406,3.908443047905508,2.766463401948462,0.5665298210184246,1.0541299108395021,43.34078070592163,0.06947995679929765,False,False,0.24981726456111628,0.005007095091527991,16.585121229012856,314.4897297781288,333.49042737614513,7.563104797983808,0.24470695212662744,0.7154922025768258,2322.049779840115,2518.463228976555,19.081802072699922
static_preserving,7,12.134260541999538,23.420873082395538,6.91538609728646,1.8262873736512875,1.760630853229439,1.38244675776302,0.4506422506279048,20.253809457886128,0.0444906143508761,False,False,6.1677483458064755,0.004099480531738787,13.625994307800694,314.43159581555466,333.6929128329759,7.166004344707154,0.29429117845022557,0.13433786174422513,2398.180755963877,2563.451181355781,16.916448172356144
static_preserving,8,13.859565166996617,10215.46507276903,52.76320926742678,2.1005137389459896,2.42358324847656,0.6397956977877798,0.0,61.8082315816352,0.3098959918135789,False,True,15.652925786567346,0.0008699750646258499,8.93561780265558,319.01782725176236,338.0756200045035,12.413217167299772,0.23520513930866757,1.5515665914228116,2526.2392768333175,2604.6349365167125,17.652312227875182
static_preserving,9,15.58726100000058,28.091258486017704,6.676025587616013,1.5237055374378659,1.599649910098429,0.7734758867979215,0.5068410564429763,19.315622730742714,0.07405924889604856,False,False,9.588219318448184,0.00374768164031393,19.10915629123087,314.00531113533685,333.44339457446614,6.301399244494697,0.2728417359612346,0.19854951666968743,2155.1795062546375,2582.9845864191448,20.724976906356268
static_preserving,10,17.34312308399967,39.0924992655383,7.9255398750425865,2.039938940198832,1.8907592639049657,2.0018417155840784,0.6606989777316926,24.8654245501164,0.09429698668111663,False,False,4.1867749941247085,0.003979597575708072,10.405068098188364,313.84518114613616,332.74999240247257,7.463342326845197,0.33381666604429727,0.18105040789043772,2345.8336996617386,2484.7074617150156,17.0500494437628
static_preserving,11,19.070255999999063,46.767097216402846,5.893458628226217,4.301788870351015,3.4163496360845564,0.5574273715993358,1.0464358556686093,35.051118829186805,0.08557152851275958,False,False,0.4177276314355031,0.0031599702499134448,11.892582750008193,314.4693370558396,333.1712308900869,6.83980767349821,0.3563539020104629,0.9405524457304636,2482.99839914109,2573.890277369296,16.083380931357222
static_preserving,12,20.81636062499456,10023.925135427779,8.39483268472042,1.75326188658057,1.9942317371419895,1.907817001457958,0.27787690831192546,19.937281482076205,0.04992402944539047,False,True,6.379414583919875,0.003920098066445257,12.526172982627745,314.09572802675933,333.7992086177641,7.021350909538497,0.33792896209170165,0.16826756843638216,2531.684870627072,2528.0173489160816,20.76393073820318
static_preserving,13,22.53830266699515,305.980512849255,86.79448514391999,4.20292040023374,3.4420876104643297,0.5670876479069241,0.9719057525027576,114.7917468090721,0.3456775647552417,False,False,0.9887590710899047,0.013705330471409422,2.5984160292599996,315.8518573226922,336.61380357718696,13.414082319562283,0.1539791071979822,0.7734239641998505,1484.854322244454,3237.74853236641,5.6646460179758105
static_preserving,14,24.2450335839967,189.2412057300778,33.87266706235873,4.041656655538469,3.928486829386547,0.5613715944188691,1.086964598194121,63.250384833899574,0.2806140820773459,False,False,3.75263092786941,0.00211593181218278,23.985144881249806,320.7820377445736,327.3298459663328,13.069733668219907,0.17813868720605386,0.7749996326037367,2230.51636121705,3129.455545183181,27.5981281866071
static_preserving,15,25.941373208996083,10165.827628756302,41.9813001280108,3.1176882593458046,2.4677550850923913,5.222411795629892,0.02018787575717907,56.65558039804171,0.2612135720515156,False,True,29.912597094299652,0.001204844694448997,62.89365673107226,310.35831648560463,332.29695893133345,3.8561276252290595,0.45679861049826537,1.686343487557224,1549.080438264667,1904.643981101305,24.851188582991636
static_preserving,16,27.33090404199902,189.98617284266248,13.09568959883368,2.853724682818414,2.057247757094415,0.9047897838436997,1.022681510959526,36.438684427819496,0.30978570054035237,False,False,0.16498520138587083,0.00377081511804591,73.39024766682493,317.5466308287889,330.85545444451964,8.159275311568948,0.1634944534139193,0.4106112197012525,1245.4578092135869,3154.7597336527015,9.766370462063122
static_preserving,17,29.097470916996826,270.14134079857524,127.4730656834901,4.094328234607307,2.6253228096092274,0.5605697218813808,1.0555111358047435,155.32779168751887,0.2678777112684261,False,False,0.054024963990469604,0.014463631199567156,2.4084383461184347,321.09631257689074,332.22546565192386,6.089860418510353,0.1254483740955894,0.37710707513014524,3181.684711257409,1880.066810637916,12.904909435220373
static_preserving,18,30.88151258399739,10186.623017669155,10.20147664989615,2.9109674266694983,3.085652553831114,3.7821574895070262,0.5036508435873644,29.95492035153765,0.3129178180026047,False,True,4.03980587058417,0.003139372568196679,6.7126492254164285,315.0037570775747,332.90211438452616,6.069049150272431,0.2085997646447473,0.3093007855416396,4011.1508457176405,2258.1880253670024,5.685712249666711
static_preserving,19,32.25658737499907,220.99544784703681,32.378159211428084,3.4933740022224864,2.701513269982418,0.6191742892041288,1.1076796192273082,59.16153706340772,0.3180348946888819,False,False,0.4704686591675453,0.01834397678714529,38.90612455033847,321.5909738858488,332.42678668423525,2.1599262573916107,0.2790366447208923,0.3035358370631937,1227.477334831073,2917.672341144272,12.322045053269129
static_preserving,20,34.02713099999528,10159.89996680644,7.5827177708615165,5.025117137149411,5.738025972359492,7.2800693195556425,0.28597252097004666,35.46780006608762,0.27887291767527495,False,True,5.096886585978098,0.004002667989513098,1.8188140816376661,316.9042143722527,331.2315900621158,13.868521036445237,0.0922432338347476,2.9018553687965083,1804.3677058036403,3001.8178498586803,15.63062930379782
static_preserving,21,35.69245774999581,10183.843142043557,13.851937352331085,3.6813355070625655,3.444685193975261,7.469642308037791,0.2314899920815452,34.85333012649148,0.30515345721155795,False,True,46.64336579999642,0.004013817451852019,34.329783203830026,310.19304534066237,330.6150819635802,8.798263234738798,0.14384484555531266,0.15645248941841614,1373.0620749958823,1954.6411689542465,34.2225891344971
static_preserving,22,37.44151429199701,212.31173946085434,13.217634711178286,2.6431958060562204,2.269324442043513,1.1033096424482283,0.8842991993310125,34.579791784586725,0.3332903648437309,False,False,3.1036664804103014,0.0037166775088538586,9.654282091193263,320.44865443844344,335.01842337029973,6.108297500097698,0.45333607846186863,0.1136995605672967,2512.1657551269736,3157.677010839556,5.391317401761892
static_preserving,23,39.202217375001055,153.8328512503514,16.015535602985786,7.009264124009085,7.080755774965031,3.11720701215196,0.43604227293626796,50.915194531289266,0.2536208497923896,False,False,7.337149237969786,0.011387170137195259,15.409863028441336,321.33423613626707,332.0964070126472,5.707649970676561,0.35874905193069995,1.670763867594108,1592.4731241213942,1956.5736991767471,33.65023779059244
static_preserving,24,40.915840916997695,123.63259039699838,21.018070290404975,3.918176029037729,3.47007118368695,0.7830089337976384,0.9909937410880156,48.52609892116011,0.2166600036287245,False,False,4.9580430727094145,0.0027306358686673064,53.8211812485654,311.6755051670255,327.4705615443115,5.216013181575443,0.16899357861124747,1.3070085198092256,4787.761827748119,2994.5180576715143,19.056010660512023
static_preserving,25,43.371371542001725,75.86094292711178,9.391695738345684,3.910978874895589,3.0528165646496603,0.5642591904980087,0.9905074135757965,36.34566748584067,0.15715294190944837,False,False,0.2853001747614505,0.0031821831704043125,7.773074462233913,314.5309907109604,335.031135903612,6.371353450883506,0.5155361511390872,0.175681338477949,3646.1252626920664,2991.6878445310945,20.063832211131665
static_preserving,26,45.115875625000626,58.562096327015865,5.205560792366739,4.064083412989844,3.7392919637193582,0.8604531013323606,0.8506654089061515,31.775314452595627,0.12938987082269096,False,False,1.5350367646852527,0.003730678311081307,11.908706376291862,319.0455172008392,333.7263617491379,7.041456087548133,0.20769526991249312,1.252829550038785,2513.3391379829973,3279.5498180053446,11.843320761055784
static_preserving,27,45.11606129199936,10289.086075518742,0.0,0.0,0.0,0.0,0.0,0.0,0.4250632861106852,True,False,26.20786055997981,0.0032996411086866047,52.52233563704225,318.21892410452136,337.90430970001603,1.1873247343158693,0.4946823622456117,1.4517676540168434,2565.6646955351293,2572.885432977308,66.51975057164566
static_preserving,28,46.77710875000048,211.4060238590614,67.98518034870635,3.9528977405742385,2.699796414845301,0.56170118612202,1.0021452665671555,94.85026377714124,0.2699024824843227,False,False,0.32525913496845443,0.009672100962932625,13.026282496670518,319.3729294454431,333.49356636598696,5.5958508752346034,0.13680765966994152,0.2903518787230988,3044.6085585703054,2168.115176789792,16.305431686516535
static_preserving,29,48.47793154199462,191.27906209940667,14.288033049093466,3.436756484799511,3.5700417785718823,0.7519592886809667,1.012219762537694,40.690961076856695,0.3067858587664916,False,False,5.744590688980638,0.0035191796202696008,42.28610887349838,312.90293453173916,329.0544354643622,5.156923452517705,0.3638852151662267,0.6975983397102083,3757.563934825577,2888.9357467514133,17.56579183190342
static_preserving,30,50.14464170899737,75.16616776382031,5.561303439174847,4.153065468740567,3.356817178721089,0.5582591883084167,1.0287566926919198,34.00152693057488,0.1603991911475192,False,False,0.5193930492053009,0.00300821391459464,16.585121229012856,310.58155176810646,331.03466515791445,4.391454749186797,0.28634729045326285,0.7154922025768258,2322.049779840115,2518.463228976555,19.081802072699922
static_preserving,31,51.93509816699952,202.52545318366793,9.9346025025377,6.76312504579991,6.432666758662587,0.6241778685353663,0.18255089822344928,39.15934411154909,0.3195368807666406,False,False,6.1677483458064755,0.004599042722131878,13.625994307800694,320.43258767551964,333.6929128329759,6.971582885354721,0.5438876144116009,2.29430634545032,1586.1658619299699,2684.8812244111955,8.581314399709363
static_preserving,32,53.64658141700056,87.57905637723982,11.29542871597537,4.069976349573086,4.030915716810694,2.7318633369620042,0.49706873850974415,34.86703001210326,0.18150762099209594,False,False,15.652925786567346,0.007907833105685902,15.555679836495528,319.1074559355914,332.4941679467615,5.924887726549188,0.33081438172877575,0.7993600852526078,1833.059501666328,2159.032978352947,28.410731222462662
static_preserving,33,55.38548354199884,10046.029654031743,16.722290285833495,3.545246028709124,3.7365083428930013,0.9860131121483994,0.2452794167670863,34.5308962721331,0.08477454570657456,False,True,9.588219318448184,0.0021680652502071326,12.776809091631225,311.02693304450816,333.10120540749574,7.257831265638971,0.2985824741148675,0.9624577853657705,2851.546769614726,2794.4796126661063,14.519332315784222
static_preserving,34,57.08040025000082,48.67191992402809,8.06240839705571,3.0914165876468247,2.858961836283224,0.7651122046153014,0.9533081280728545,32.017873635461314,0.10202342343968974,False,False,3.643373317818353,0.004209502763399441,53.94643631335342,316.6010509627176,332.74999240247257,7.258944208405618,0.33381666604429727,0.1005981302174385,2345.8336996617386,2965.870292416841,17.0500494437628
static_preserving,35,58.80620779199671,10109.307600120364,32.3653925099907,4.732796737086687,5.327332247465318,2.353401166085582,0.0,53.06781555175887,0.18748297350793985,False,True,28.911808885379546,0.0011399435583065293,4.86351662581191,314.4693370558396,333.6313913133275,9.000975617905612,0.23026926529078703,0.17791894835616417,3445.318213094835,2131.498525824321,11.92502255281055
static_preserving,36,60.52360466699611,70.47331863490106,6.446453018641031,3.8523052374254942,3.5557175734312896,0.5702321777454028,1.024016289739585,34.132397870096526,0.15070857798414405,False,False,3.090285734543507,0.0038873232373433956,16.448249199192468,317.9933829004336,333.7992086177641,6.235978375421707,0.19204515344628198,0.6511526529483898,2531.684870627072,2528.0173489160816,20.76393073820318
static_preserving,37,62.274712499995076,10144.384943375797,6.214793064576413,1.1260160473492378,1.3158967776926438,1.278242333334784,0.5929247704636946,18.662956396548495,0.2803145409393351,False,True,8.41550243179579,0.0038922193596620264,19.944479876748094,314.9565126723285,334.07198887558184,5.785208011879957,0.23481160579963503,0.1736871081623711,2552.189151368335,2635.673572103726,5.6646460179758105
static_preserving,38,63.997148041999026,113.86262422534085,12.880155256314385,3.333981411903833,3.091396068339102,0.5936216479140347,1.0140243673090659,38.43859879203079,0.21711751632657095,False,False,3.75263092786941,0.003630221631734576,14.39678453061803,314.19358469955205,332.4289215451316,13.069733668219907,0.3194857659985296,0.3315279039897091,2306.0675925936257,2540.248773376658,27.5981281866071
static_preserving,39,65.70280249999632,93.10198741753848,6.551523337268853,3.122169010150839,3.284166841029592,0.6730672283263542,0.9816729856361097,31.318806650547458,0.19650569452148045,False,False,5.638295224974034,0.0038165957222044667,18.687440803099577,310.35831648560463,333.4781917202079,3.8561276252290595,0.2565741291907389,0.2662510653612249,1549.080438264667,2612.2120166838668,24.851188582991636
static_preserving,40,67.10773337499995,87.42429077407583,11.147941896480146,2.7587759602044177,1.8837741776621364,1.39998878638304,0.8856260650817113,32.63555112892759,0.18504854032987575,False,False,0.16498520138587083,0.004912543977843621,73.39024766682493,317.5466308287889,337.49734821376376,7.68309015719347,0.4067090600019814,0.4106112197012525,1537.3859492937768,3154.7597336527015,18.51912868177391
static_preserving,41,68.83581629199762,263.8914651574917,73.26618847033264,2.7154808005654747,2.962117662243366,0.988363136787375,0.5764643938543806,91.78650282891869,0.32797195223884335,False,False,4.555004848700837,0.014463631199567156,10.170634249174412,321.09631257689074,332.22546565192386,7.886362313265293,0.4106974812845992,0.09911635176984722,3388.483543045029,2942.0541165191516,7.1776555868783385
static_preserving,42,70.47973441700015,88.36214596843439,7.574295367133889,3.393626098057688,2.8820493388479083,0.5849364414776149,1.0808417664440062,33.89979241822174,0.18449653375845007,False,False,1.07246588229475,0.005151091052431714,29.570824140342786,315.0037570775747,332.90211438452616,3.984840369927647,0.2364929852268341,0.2902008773038038,2054.4937134330125,3221.646107765251,10.207426987356921
static_preserving,43,72.13351579199662,194.43128490555304,10.040836898736153,3.996586574692888,3.4050322367446744,0.5629411741816808,0.9989224194294342,37.70416847980354,0.312976752756644,False,False,0.4704686591675453,0.007629609932629372,11.413948498985041,321.5909738858488,332.42678668423525,6.588805076512559,0.2790366447208923,0.1298211592478801,1227.477334831073,2860.070801817161,10.393590403455912
static_preserving,44,73.86626954199892,142.50990176449454,41.236750185191646,4.170715790881983,3.923937051609412,0.5620713761647563,1.0682214793260443,70.77252804944192,0.21174479585554848,False,False,5.096886585978098,0.001444375338463097,17.00438752950599,316.9042143722527,333.28195836159745,5.938369791896952,0.25815083054508786,0.2611564841455951,1886.2003070304,2267.750267339406,36.63345755106504
static_preserving,45,75.62172129199462,220.1766101688059,6.243710917301239,4.344332574114578,3.904366375656574,0.5660919382369729,0.9068410305041239,34.34621335046952,0.3407990581141037,False,False,2.435780708677769,0.0036046883211318034,6.333349982893895,311.0031057689158,336.2636284440942,10.089787345126723,0.1447513422420001,0.15645248941841614,1373.0620749958823,2774.0363111475353,34.2225891344971
static_preserving,46,77.34020612500171,66.75723754925026,6.0120260252000115,4.275131178510792,3.511363609053605,0.5606719958869879,1.0044146386737838,34.68209483181489,0.14158730239112938,False,False,0.8820926469687572,0.0037166775088538586,15.190584920431458,317.63728217266294,332.6414715172669,6.108297500097698,0.3430117387077008,0.189281082968125,2087.7396358337824,2333.3414564904606,26.22387480133887
static_preserving,47,78.73399066699494,182.2764636196634,113.37640934656855,2.618547519968128,1.798428456677038,2.2820747382926125,0.8123889492722084,133.9201851235628,0.17384669700648003,False,False,1.112745379633158,0.011387170137195259,82.42122492378331,318.9327450224567,334.1415529663581,4.7523958360628775,0.561096707612385,1.670763867594108,2641.083803774599,2831.234349396654,13.274342663671034
static_preserving,48,80.44421337499807,105.25796510672981,34.77781077591724,3.5255695969407252,3.430594986924765,0.5822777171395317,1.0522072038340307,61.70273985824231,0.1649909566621901,False,False,3.711154268289243,0.00917855796725235,8.709942885678037,317.79269030894795,333.5472026157649,5.216013181575443,0.16899357861124747,0.5147485360838722,2580.0327411112216,2994.5180576715143,19.056010660512023
static_preserving,49,82.17901304199768,10075.7273371637,41.22371908043897,5.715242282489915,6.398886111463984,2.2235386061130304,0.3142302686836256,69.65086456663272,0.061626255550432565,False,True,11.223809983940754,0.007975914444533095,15.242444185772014,314.5309907109604,332.9604347029261,6.371353450883506,0.31278621257157035,0.2892819448131856,2447.6992863634123,2575.126066603246,17.914218692531623
static_preserving,50,83.89360833400133,67.58753356152141,8.345415491021091,3.4433615188886817,2.804314233706082,2.8565551726724694,0.7732234554305513,32.18677333289607,0.14874634497321554,False,False,1.2535975440332252,0.0025693842714078477,31.804349752835115,312.8424178621633,335.7194666840454,7.252035146198819,0.2961572023669752,1.252829550038785,2409.5830434512172,3109.29587612098,11.843320761055784
static_preserving,51,85.61192912499973,191.1738242404322,15.314919199027234,3.7079968245826467,3.2474469087912383,0.5929418185845832,0.9713086057845766,41.638530760273625,0.30571156082997436,False,False,1.795239473088832,0.004373957715485514,18.83280534093977,314.79460499478324,337.90430970001603,6.514194451290185,0.2074867609087648,0.3260868876266274,2458.027526913733,2589.991957205052,20.81812871840766
static_preserving,52,87.30816191699705,42.19923150237541,8.85209087713376,3.13300000130709,3.187312656434495,0.649266039411993,0.9699261738732434,33.40215064367444,0.07414968332156321,False,False,3.437296657017178,0.00442959559075675,24.371330101599245,315.0237662908853,333.63297789815465,6.882302959338694,0.23109779586454413,0.21807983793292163,2327.4705979035407,2903.4817272497958,18.21526990911648
static_preserving,53,89.06748833399615,10079.378004179664,7.285626939021851,3.0318301177503417,3.350169115911094,0.829713852810876,0.24510557386200219,23.087410220933435,0.18756764439584628,False,True,9.484361567832183,0.0035191796202696008,11.280811471558978,311.36971292909953,333.8546153105827,7.242700894977054,0.23337085318808082,0.17868830373348443,2000.5322350309361,2415.0473334363787,32.18970436287301
static_preserving,54,90.76550087500073,55.702093955846394,13.040235075056282,3.2169935700592087,2.957952853368862,0.6057924899269823,0.9906596845237393,37.83998109785114,0.10565898227906152,False,False,4.666022373183834,0.005007095091527991,16.585121229012856,314.4897297781288,333.49042737614513,5.94820869263974,0.22654772221498132,0.22837394405957712,2499.2139862400622,2518.463228976555,21.931747539777223
static_preserving,55,92.48173945899907,10053.687715527074,10.479436079950274,4.7395312760775505,5.12997979500647,4.659553532646623,0.0,32.15778646951271,0.11600088646633444,False,True,22.397966592115544,0.0027192015613497246,18.36470917601169,311.38354135066305,333.7061267709848,6.27441016319747,0.28049629127435793,0.2010466901534955,2398.180755963877,2448.093309958849,26.900496710215208
static_preserving,56,94.22894033399643,34.06001883526443,15.26840182148804,1.576204286617424,1.5944522074250183,0.41293666856929595,0.6520101964364764,29.62205758028769,0.05266617305596128,False,False,6.272659490107418,0.0025483325367358428,15.555679836495528,314.6204625628105,333.4239919786216,6.826069661584351,0.29647356482985077,0.19509129868731728,2427.143383243348,2367.1528574640115,20.846483640073544
static_preserving,57,95.96859104200121,10024.491812149543,8.159496161183153,1.1779895632271626,1.3983953408338183,0.8289930962563766,0.5374001075886858,19.95515803089088,0.053248557014786944,False,True,9.588219318448184,0.0033281498092637635,14.926261714021873,314.54781633782795,333.0790699629616,6.225929945091093,0.3049843878340556,0.4183328334633309,2485.921632573362,2579.779976571004,19.617169174660592
static_preserving,58,97.68305341700034,91.10661219624451,9.977407234023396,3.4348960174899696,3.37474753021802,0.5754871913711684,1.0244039962025453,36.23743436682745,0.1851843301777601,False,False,3.101114067552001,0.0035245738159436608,21.00338623755151,316.07629006598944,331.9330053045499,4.922462400430229,0.4184636130487987,0.39085537048887886,3187.5737860021463,2484.7074617150156,17.0500494437628
static_preserving,59,99.33101820899901,40.58157453315951,5.501700252710309,4.185825988263003,3.2081014243499753,0.5619570047749392,1.0120995359239409,33.69345257532406,0.06561307966897423,False,False,0.4177276314355031,0.003586828319112024,16.97018012667223,314.5753024879451,333.1416682109299,6.017085829351322,0.27391868168318323,0.9405524457304636,2470.1036912069703,2580.3309104666673,21.649651375543982
static_preserving,60,101.0383864999967,58.5896251806184,7.571577442191733,3.372912031366872,3.333550473914012,0.5888795667735596,1.048592013378265,33.90140795413232,0.12421809758064162,False,False,5.142785449296565,0.005150504308405535,13.962149683066693,316.29360744038013,333.21593400825714,6.58557113760326,0.25542423170210893,0.6511526529483898,1931.6347241176863,2809.950130617331,13.280876305582195
static_preserving,61,102.7607937089997,84.79310297753491,5.359574802153968,4.1640572690992865,3.428279104994462,0.5632769940153768,1.0207972410891142,33.81123110452335,0.1785039773244065,False,False,0.9887590710899047,0.0031747429842020882,17.165383620195648,315.8518573226922,336.61380357718696,6.346283779659096,0.27892299278925,0.08648888655614805,2409.913384781606,3237.74853236641,21.307741618780817
static_preserving,62,104.49679591699532,94.31159481770152,16.82260937719115,5.094865550374838,5.626606838706192,2.1894257389934157,0.3071375691643472,42.51417656649073,0.17992605816558851,False,False,13.670659901187094,0.006146884902747524,17.790869530012912,314.19358469955205,332.5849848626367,5.776722117449136,0.3194857659985296,0.19973899076845839,1997.1322048952718,2540.248773376658,31.959333176972347
static_preserving,63,106.24016891700012,88.64873859766158,7.227305915554772,3.7270940962345427,4.087088073095282,1.5228557398519689,0.3120989677935693,27.0022917608025,0.19628812820197997,False,False,13.628021033574266,0.0038533117946199526,13.397832077177274,312.84041360129,333.4781917202079,3.8561276252290595,0.2565741291907389,0.17223363170757042,1549.080438264667,2642.6073657102115,24.851188582991636
static_preserving,64,107.94332833399676,10107.971429453111,8.187885075852831,5.717496421452767,6.012287028730038,3.2525928938195445,0.3200268921919075,36.81928052215383,0.21087933298891115,False,True,23.305531268597353,0.003924255706010685,16.18116764085118,314.5450766127242,337.49734821376376,7.68309015719347,0.2780057730506708,0.20429349308478728,1537.3859492937768,3154.7597336527015,18.51912868177391
static_preserving,65,109.69335337499797,25.12820544032641,7.384776076163661,1.7527919375393113,1.66047721149753,1.0477420963773991,0.5072290972431576,20.914249315385714,0.05131980687890336,False,False,5.683631551784531,0.004559348142423752,13.256722563578755,314.1853583010077,333.01116441340287,6.655459431439463,0.29525534011976823,0.16992766750957627,2410.7978202575296,2627.5337218035966,18.343871785524684
static_preserving,66,111.43968037499872,60.92577648397168,6.931980595376046,2.5709782933636127,2.6045999272319604,2.914427316816937,0.2704738738250903,21.952415547008393,0.15607162005182768,False,False,7.797874617065416,0.003428853176843395,9.756610841745408,312.8406818933033,332.90211438452616,3.984840369927647,0.23851586345326592,0.1266287795502309,1888.047301930824,2657.1758774502473,25.041052871350413
static_preserving,67,113.14772299999458,10066.371450884102,22.85316348853594,7.5615021220070116,7.876007733938802,4.497536263502553,0.30858679036383774,59.3654872046131,0.06617195251524764,False,True,20.843638540390966,0.007629609932629372,14.538492950798451,315.2970375540427,333.34475265472577,6.624792967022903,0.271452398073302,0.1298211592478801,2193.5591612192584,2677.493855544415,16.136192916972803
static_preserving,68,114.84368258399627,69.15633670710004,13.417506372784953,2.909268210515671,2.88733414771273,0.700068459847902,0.8976862625917591,36.15491453306976,0.1436171607391294,False,False,5.97815934419576,0.005730705930884508,17.00438752950599,316.26711572919845,333.9205681785351,5.938369791896952,0.1989435702059196,0.28156415690310926,2576.2288730890427,2802.2245403324323,20.805579541326676
static_preserving,69,116.56225058400014,10105.712898243019,13.245265668708806,8.624387243602394,8.500885765793223,2.7596525800573852,0.3630640334410492,53.355907856630495,0.18089532606314743,False,True,16.632320342284913,0.006605375064800064,6.333349982893895,316.97511972122066,336.2636284440942,10.089787345126723,0.3132989506163924,0.6576943273009537,2034.8987029946913,2774.0363111475353,24.59723420499854
static_preserving,70,118.29522820899729,28.900335400043716,7.6139013521758505,1.715498083833746,1.6206800265420107,0.5419924006422436,0.7435632582324639,23.574830929329792,0.05769263639491786,False,False,5.513539642828761,0.004516781278068259,15.055702682127315,317.63728217266294,333.52437516758084,6.20950932320739,0.3430117387077008,0.20528614312541676,2650.386432202895,2672.8666186134,20.098582372579234
static_preserving,71,120.02526587499597,66.21294373493086,5.770648550361538,1.5151891144356562,1.5840291786775338,0.6919747392739709,0.6615952889983828,20.185375909963618,0.16960905014357142,False,False,7.337149237969786,0.003684506443873369,17.524057967478655,313.2636813925935,335.26428616780413,5.707649970676561,0.22381987388441946,0.21593488317636383,2366.845366989462,2538.1792646671793,20.38094331149416
static_preserving,72,121.77255245899869,193.13591752550155,51.139441752961176,6.088352022632268,6.55546608440976,1.2378272725510613,0.44473429346863763,81.91568906316692,0.2636525038549021,False,False,9.477652625187384,0.00917855796725235,8.709942885678037,317.79269030894795,335.17828050944195,6.263233717205532,0.16899357861124747,0.14658529319505334,2580.0327411112216,2743.500622458271,27.631634380691505
static_preserving,73,123.48976133399992,40.89614229432087,10.945262793136457,2.9166545920319025,2.7479196779439534,0.5805412716748388,1.0120164307582098,34.87761405211206,0.061331722227412656,False,False,3.6136413229271107,0.0036668508392227643,18.84177152948482,312.35645764554204,333.02722002239506,6.371353450883506,0.32040349473825785,0.15281230363906587,2427.1254431062225,2234.991479773925,20.063832211131665
static_preserving,74,125.19770599999902,43.41264897473998,7.521046782801747,1.5705318880911063,1.760434034342084,0.7098686259316545,0.6654677726132845,22.33362406574239,0.11477974807483896,False,False,9.927111326950365,0.00457041957192951,14.748463350593322,319.0455172008392,333.7263617491379,4.926627061835081,0.2610312490899006,0.16534802862763437,1967.387900512921,2709.120734571249,21.854302817398874
static_preserving,75,126.91874429200107,121.18914654280633,7.217011451260065,1.7967130118787205,2.0851773683162693,0.5882352196538807,0.811730621344605,24.727212921174697,0.24553759083594465,False,False,6.124136269325343,0.003470203813352126,18.83280534093977,314.27162847892,337.90430970001603,6.40866243832081,0.31050802505258135,0.3260868876266274,2398.5421825280523,2537.020860983316,20.434851826669565
static_preserving,76,128.57103287499922,40.996365350480914,9.802529808369735,4.136759665561599,3.0257202785642887,0.5604095153448144,1.0410775446418663,38.01166437699363,0.043190717850361715,False,False,0.38999999999999996,0.00433909009971713,15.440496051556075,315.127401157747,333.49356636598696,7.2739382555309815,0.2991563242902104,0.9562696819999997,2425.053530958583,2565.535213751242,19.43117463303044
static_preserving,77,130.3386671249973,10065.45020486262,10.778356139366812,4.472505128490204,5.856110435338198,4.11507047830573,0.0004304342664710095,32.114682410526136,0.14434230680074003,False,True,8.251440296442434,0.0026472844239336826,11.280811471558978,314.4553925232465,332.18133608254857,6.854639008535298,0.39516806266135457,0.17868830373348443,2479.943159761789,2485.117835448581,20.590511427230975
static_preserving,78,132.04950358399947,48.40673669208414,13.216849900573742,3.9801942875169667,3.4772610074152173,0.5643101369527977,1.0456444611093731,41.464582372328735,0.06586992067588307,False,False,2.3520422316967706,0.0023664538470187083,16.585121229012856,312.9658944794831,333.49042737614513,6.761034723992452,0.3542108817447967,0.23554407555263218,2396.399873839665,2518.463228976555,21.34874674267699
static_preserving,79,133.77462079199904,35.869044458956125,9.971855668186237,2.790819325000817,2.6839024877778432,0.5479838572073822,0.9570435016265679,32.78673007908904,0.04389130309545307,False,False,4.059054491807058,0.0029925338831079855,16.208533312055884,313.76965065807826,333.6929128329759,7.166004344707154,0.29429117845022557,0.20261578686782913,2422.6089869141542,2547.5624657667436,16.916448172356144
static_preserving,80,135.5053810419995,23.397602707835475,7.211125778912232,0.8790581594290718,0.9704738241788657,0.8060194383572514,0.4373533460841291,16.47002395356649,0.06580073496107863,False,False,8.435442356496894,0.003578041641735167,15.555679836495528,314.3236248030676,333.1902658211377,5.950766857242201,0.2699234292602242,0.21245242354951155,2323.7401283513755,2584.6280789043494,20.846483640073544
static_preserving,81,137.2277645840004,64.60474553627981,10.956657727749068,2.560221661790676,2.458535406146798,0.5591915365925111,0.9180480591339852,32.39203059717197,0.14189061574657574,False,False,4.272975876503257,0.003102593367679236,14.908877597575591,313.8958172486597,331.16451360604884,6.542764722096016,0.29857127838017333,0.1499716729318516,2446.6355597663705,2566.0987184765063,20.495421727339245
static_preserving,82,138.94569966699783,10042.075652807316,6.614987973468294,5.986701679163784,5.772152804880819,4.03545230135709,0.0,32.36497196651901,0.07790491335915722,False,True,22.689122495733066,0.003703206391331726,10.405068098188364,314.20172246077436,332.84449087235606,7.463342326845197,0.3215351423043051,0.0861730389693787,2345.8336996617386,2484.7074617150156,18.123933918460047
static_preserving,83,140.66330749999906,10035.773548288002,8.46399825847578,3.1651021366971275,3.328773402394703,2.3140445822281746,0.18983414955582908,24.723110156745904,0.08310549820580217,False,True,13.712393839344337,0.0051482057856933865,14.979590794856756,317.48841926461006,333.426413940791,5.47900702615539,0.241401599523742,0.1479011054624424,2470.1036912069703,2580.3309104666673,20.293569181491897
static_preserving,84,142.42510049999692,45.72851244818625,6.156249954422583,1.8447905747734075,1.7596250017513224,1.5645118168162482,0.5179925280393233,20.44841292537413,0.12569829832482848,False,False,5.142785449296565,0.003618343060644592,11.015496051588167,313.6372335002999,334.6666177158778,6.58557113760326,0.25542423170210893,0.167657672812223,2308.2136049113283,2639.059592387179,23.443025590056106
static_preserving,85,144.13851616699685,48.737210208710664,12.224546299225509,3.875269554854196,3.4429012881182666,0.5652127488175173,1.0321191016314846,39.961291845892944,0.07406044137568367,False,False,2.274757019444073,0.0023946154053666176,19.28985912743818,312.8806186972287,333.28555249801235,7.181919039123228,0.3697272794427706,0.23745063820465034,2416.713267828411,2352.5498934967254,19.62823471719109
static_preserving,86,145.85702704199502,10026.193916858321,6.09144005105572,2.4445749852781273,2.654493695900604,1.8899533810489804,0.007139953560939296,17.11031483604647,0.07534753654845978,False,True,13.670659901187094,0.003753604726610193,17.790869530012912,314.074667656635,334.05345452078285,6.647892762615599,0.2706824223609295,0.19973899076845839,2368.3036652955784,2603.6945960647563,20.8558030438745
static_preserving,87,147.58589483399555,10029.584914572784,5.806365033599521,1.6257323016399288,1.7585681283824526,1.0285687466296665,0.0316344039247444,13.336027287313527,0.10077477141338327,False,True,10.878425010186175,0.0038533117946199526,14.413734442703525,315.2439801810461,333.4101427370864,6.568350661821488,0.25590379875831276,0.13368830013213454,2448.5839714985177,2597.01042703719,24.851188582991636
static_preserving,88,149.30012712499592,101.43970396412747,8.810748366127003,3.31806700822147,3.150777932436411,0.5850181162710913,1.0490565932997398,34.79691550096025,0.20408758607391952,False,False,4.3595551763634806,0.0027324776556303747,19.034186795848946,313.89630097178645,337.49734821376376,6.627449387665562,0.31242561310080025,0.4106112197012525,2450.6190596752467,3154.7597336527015,18.51912868177391
static_preserving,89,151.0389605839955,10029.859193980945,15.527614853093187,1.7125972863200607,2.1131587251918735,2.8362549014007135,0.02657355669267633,24.515575568257713,0.05779066973075838,False,True,10.80008490318964,0.0024174968738942615,13.256722563578755,312.6886225534447,333.01116441340287,6.899338801509801,0.29525534011976823,0.11052709268830598,2410.7978202575296,2374.9358748025215,20.900219000440437
static_preserving,90,152.79541854199488,48.9354531457937,6.472381344573042,4.372664868619488,3.4994755988145503,0.5586732559519364,1.0044966447437653,35.42314791414721,0.09189771906733625,False,False,1.1870377458205896,0.003467816971280128,9.756610841745408,315.1534100063325,335.05156615955053,7.2200715478694715,0.39654931595398735,0.21107268447282074,1904.1246213005766,2657.1758774502473,18.959171881767197
static_preserving,91,154.50429145900125,48.67584699454562,11.003070820943444,3.1121370344895816,2.9131399396988593,0.5983723392108884,1.0164816985146294,35.74958841589205,0.08988276593239931,False,False,5.141323814195244,0.0029026108961004746,19.897036592462054,314.10326227878835,332.42678668423525,6.029716370209747,0.2882414285179433,0.19967031449026398,2473.224772128345,2860.070801817161,22.382782894768827
static_preserving,92,156.20676100000128,61.63233471390255,7.522390094767861,3.4111056100511674,3.189006956708132,0.590427939081147,1.0435468848258573,33.762490469080355,0.13197974334349147,False,False,4.880144112690037,0.0045012244345087795,12.252019734455054,315.5951062288413,334.07105877195954,6.594651617946039,0.1989435702059196,0.1665524825791284,2188.665146576539,2642.60274503387,18.938080280129892
static_preserving,93,157.92366641699482,41.4373874014213,10.088903011834642,3.745064318352532,3.306456906759309,0.5746054493380242,0.9909181417633981,36.808873299481334,0.05378495434331498,False,False,2.435780708677769,0.0038534586060319327,12.919642774246054,314.19737909025037,333.03842884853714,6.902550735657872,0.30502440662826147,0.1782729331827578,2397.605893015713,2531.141994542608,18.53649576486098
static_preserving,94,159.63645537499542,36.56687566291805,5.605591158885016,4.294521461622164,3.7369404587578328,0.5639487594794821,0.9449348853460905,33.847289006402164,0.0412279233083893,False,False,1.4335290760190347,0.0037022888058998887,13.16254255950036,317.63728217266294,333.33604985278356,6.653933688496933,0.2928736358153871,0.3774246198610976,2637.771304218528,2552.7400852974497,18.842750306019877
static_preserving,95,161.32163600000058,49.38691033777734,6.84601651307852,3.169195631514408,2.715654007695428,0.6435185382879888,1.0529739379417025,32.026703939761596,0.10416395249202019,False,False,1.411602247839133,0.004140899106268211,41.01999676374817,316.33155852299285,335.26428616780413,6.478249641298688,0.3082861679059062,0.26165091051507855,1992.909795440586,2901.072562346377,20.88694588195154
static_preserving,96,163.05952550000075,35.154869866459066,11.137192664633945,1.7444539301015993,1.713331129084763,1.0508350527769776,0.7725271482126337,27.879628888963598,0.06743163657315955,False,False,3.711154268289243,0.0028495466443491852,12.707141243692787,314.38740883286846,333.1152891282742,7.084477882186772,0.29834523326843126,0.1664169925878445,2621.850783659866,2548.3076573876137,14.995851022555089
static_preserving,97,164.75143037499947,49.50155634589797,13.467076939231621,2.7501805299382256,2.535169780613874,0.8766012402956771,0.9436979159393208,36.015463921079856,0.09180853863073586,False,False,2.08428736890484,0.004605776360183479,53.189027499002414,315.96616739548824,334.77834064123107,6.649018389433665,0.2800453986889074,0.2618385752689592,2447.6992863634123,2873.519237144965,20.063832211131665
static_preserving,98,166.48033600000053,46.945223040266775,6.419456076715715,3.6878924936729214,3.3646579528148375,0.5706847442496363,1.036457151795608,33.570619704221436,0.09142826196001069,False,False,3.2792474303100994,0.00457041957192951,9.341803725994003,319.0455172008392,333.7263617491379,6.094800804991212,0.2608826641324828,0.37839606111802143,2783.973804668079,2382.78236968428,20.500032410436308
static_preserving,99,168.17298716699588,38.504130972685104,10.167759837059593,3.3118804711039007,3.147416474462063,0.5818309590552987,0.9703292373323992,35.1856840523498,0.04554151210938835,False,False,2.9924488661534103,0.003800576070601127,18.83280534093977,314.6461708264559,333.068792274804,6.40866243832081,0.2994107717217881,0.16469118405032832,2609.2761830098516,2537.020860983316,18.765033417835415
static_preserving,100,169.91316754199943,26.555608683195572,8.519958277193233,1.5598949146610248,1.4305477079423694,0.9940629725654966,0.6605237428814844,23.053507129979238,0.04678475682057363,False,False,3.852046117672125,0.0031713623647360834,12.417522432612136,314.4,333.11488416921253,6.882302959338694,0.29546168129414646,0.15803276778172443,2752.997971457832,2554.3308605904554,18.21526990911648
static_preserving,101,171.6846322919955,51.82729296970865,14.957837623834852,2.279033874568269,2.5547752235159362,4.5295928888359205,0.4816799540546833,32.39467036412975,0.11020612110262665,False,False,4.306304870447128,0.002559941660774599,11.280811471558978,312.9031554609673,332.8405881254382,7.242700894977054,0.4061013119633437,0.21731531205915164,2597.5980489848716,2401.1859579844077,20.499164075361332
static_preserving,102,173.4176527499949,29.26850218761225,8.689380217749699,1.8347803851459286,1.8951307918188194,0.9156681106527965,0.41843263112732937,21.567877793860653,0.06937499726915129,False,False,6.36350448243119,0.003961387132705611,16.837639129190915,312.9658944794831,333.49042737614513,6.761034723992452,0.3542108817447967,0.22655006628226051,2598.966717417397,2640.7407741998395,22.24866684528026
static_preserving,103,175.12570241699723,47.34602240854841,5.6643734727024935,4.054416602407752,3.49548938105472,0.5677626772432802,0.9721041522125865,33.27224382615315,0.09378758773951398,False,False,1.5585191321446386,0.00326181662358516,19.281364480899633,313.91943053314685,332.7543029936389,6.024996380196943,0.3392498191652199,0.13433786174422513,2398.180755963877,2537.782632083946,21.740248617107444
static_preserving,104,176.86752991699905,28.417550512057336,7.876444392451361,1.0604362957068136,1.0566256854515605,0.897434514475825,0.554317669471018,19.214908255913492,0.07583964273445586,False,False,5.864534351864228,0.003578041641735167,12.47342170752928,315.09021250598636,332.52660246831965,6.660201037297778,0.28460744223938833,0.1523762710432104,2323.7401283513755,2481.8014510150065,20.846483640073544
static_preserving,105,178.5886193749975,10022.584745510723,6.8816242758244055,1.269263871980752,1.4391942895097491,1.3814177004434873,0.40054151658169346,17.625817230478475,0.05567162809863972,False,True,9.128006165485298,0.004148590661339376,19.10915629123087,314.00531113533685,333.20953956659093,6.312919529852732,0.24624103513676837,0.14195444047960268,2570.2572556117675,2692.51890219756,17.07279924801734
static_preserving,106,180.30829970899504,54.40190307251755,14.516280531081966,3.2496285687919433,3.0439436350437314,0.5934772588815815,0.9381996515043188,38.86424431999415,0.09854459254736976,False,False,4.1867749941247085,0.005507366356130485,10.405068098188364,313.84518114613616,333.57599015476393,7.463342326845197,0.22728082260732063,0.18105040789043772,2163.6409686417605,2788.955961734859,21.39895576892435
static_preserving,107,181.8938313339968,43.4901965524825,5.933685806790801,3.641436377381875,3.0148320074075077,0.5662668667299637,1.1355476448660378,33.78253211810137,0.07789281270751627,False,False,0.48139082235862396,0.003267548246873394,37.099284129831794,316.54175945476896,333.1416682109299,6.017085829351322,0.27391868168318323,0.9405524457304636,2470.1036912069703,2943.6385725531936,14.464466889803232
static_preserving,108,183.63380337499984,52.7216822571389,11.90284649727362,3.027029386954749,3.112048900330864,0.702325917340024,0.9259536796618719,35.558590673081206,0.10357090440869994,False,False,5.11246681271416,0.005190875948575718,24.933982174394384,316.60046475663654,334.4982591102757,5.949374039749606,0.2511290155415458,0.18620942795763815,2308.2136049113283,2904.066437621749,20.825794641523814
static_preserving,109,185.30415954199998,27.658311390674413,6.690568581600775,1.127491916283735,1.3018081833030033,1.9253627054583025,0.25712621227459337,15.423048413779256,0.0874473519356617,False,False,6.1033270853059856,0.0034680560942647732,13.960657408369384,314.05462419132135,333.89555923875145,6.023276834657919,0.3697272794427706,0.2006458787888025,2392.212499422852,2620.467235144093,24.400112161587312
static_preserving,110,186.92082975000085,10032.548262534881,7.299367411883019,4.681982714237577,4.474101760461491,2.5434452163887955,0.0,27.09113992325164,0.058401212592447085,False,True,13.670659901187094,0.003312948266579365,16.565870836748903,311.8237005607321,333.06294403103135,7.237733021723213,0.3194857659985296,0.1821852795831838,2790.287411533678,2540.248773376658,19.06126721622108
static_preserving,111,188.33188883399998,43.14950288045869,6.891582890567952,2.895498284830737,2.4896124342845543,0.6853664827034386,1.0393651286156018,30.882754964083656,0.08755979355694254,False,False,0.8652036813829204,0.0038533117946199526,49.45561979027226,316.87539447168155,335.00918813592125,7.029518252460416,0.3701499466618781,0.3006126176021496,1918.306271369384,2884.3832868343243,17.41848412167307
static_preserving,112,189.97370266699727,10035.610998996044,5.890439078252634,1.817441885569127,2.110555327892463,1.187511264542363,0.04657288567469034,14.605950323219943,0.11457816293044236,False,True,10.654480862946096,0.003599187758390077,14.413491203149997,314.19508025794465,334.28804293522006,6.18126579815614,0.25177307530897747,0.16933115311066796,2392.5564436565937,2639.8425435883546,23.097942400643504
static_preserving,113,191.57015025000146,10046.308944374814,10.786078527383603,6.812039982943295,6.58172615683147,6.916817740770663,0.07556664482492445,42.169133241329384,0.050866314574850635,False,True,41.26817409000844,0.004559348142423752,15.053193687246605,314.38006358298173,333.3407870355349,6.3315830119755026,0.27758872016340036,0.10995450757340851,2359.6623486409735,2577.7030105665362,19.614092245131264
static_preserving,114,193.26667420900048,52.52494293715322,7.458867167130876,1.7060293397515602,1.5404642205713213,2.5443694144095748,0.6374602728338264,23.039127388167586,0.13575210760100936,False,False,4.020878041233065,0.003467816971280128,9.756610841745408,314.5260574698329,335.05156615955053,7.2200715478694715,0.2671080688758797,0.15945147764234857,2740.2149246683393,2657.1758774502473,14.382222722290042
static_preserving,115,194.89619099999982,41.00225506095076,10.557698448807788,2.9689805510569998,2.886571187603799,0.7040233271530182,0.8991746778603044,33.493319087482746,0.06850609449835474,False,False,5.141323814195244,0.0038813826506388493,39.03158286018105,316.47286464221975,333.5170778811612,6.029716370209747,0.3498218371935028,0.24934221299122722,2473.224772128345,2722.242806993045,16.790075356647158
static_preserving,116,196.52724095899612,78.12868536178439,8.201228501950933,3.686056105591359,3.3860490426987906,0.5981945212518087,0.9873686606377091,34.79296704970221,0.16457467589228716,False,False,3.1961156583308212,0.0045012244345087795,15.259364447116969,315.3155148721087,334.69186120572647,6.225467811440281,0.1989435702059196,0.19261233841209308,2159.859808804975,2678.552648370408,21.38235634544522
static_preserving,117,198.1609022499979,10051.450612256816,3.9441180474388884,6.681619629288331,6.4349669109723475,4.785047695055587,9.285261446586548e-05,32.81758192517761,0.10791498485972091,False,True,29.402666242741113,0.0038534586060319327,7.676792653117795,314.19737909025037,333.03842884853714,5.11028285574017,0.22712515237704156,0.12275599441101413,2485.0654183088186,2470.0238853424967,22.98786992388349
static_preserving,118,199.80446437499631,10047.189158436315,8.056878118277199,5.716499421072788,5.767992118268713,4.827286991591013,0.0,33.38801199555978,0.0928747356683804,False,True,22.102135817863456,0.003879080168127503,15.055702682127315,313.0654832993401,333.52437516758084,6.20950932320739,0.24406169784409654,0.10838042287668169,2798.374399354695,2382.668157672599,19.715018719952564
static_preserving,119,201.43821133399615,39.914901167799044,7.5202442943576004,1.7748741040419032,1.6903738821671255,0.4845234891688117,0.6831652807259592,22.975485601946353,0.1028938031596555,False,False,5.747651352814543,0.004140899106268211,16.631049098614415,316.33155852299285,335.26428616780413,6.478249641298688,0.32961271651273466,0.1825821521657031,2617.644135825505,2901.072562346377,20.86256338066055
static_preserving,120,203.09389312499843,27.76549286083897,11.889769789778846,1.270637724108184,1.339456835186616,0.9736885323630398,0.6088997411732019,24.83478095754996,0.042798305335090464,False,False,4.973969993237442,0.0028495466443491852,12.707141243692787,314.6389621492253,333.1152891282742,6.5836777464331115,0.293622807825888,0.16002363788199775,2621.850783659866,2601.8414786620533,18.647851275967287
static_preserving,121,204.72052916699613,47.128950573606005,9.548851407440209,2.4251004033578947,2.5037821051492575,0.6128458479760004,0.8864862769408559,30.272192969941422,0.1026424546778299,False,False,6.734000371690118,0.004826674974475274,15.539466695308848,315.0657421469702,333.8461858389464,6.371353450883506,0.22525621250799008,0.17965471362597374,2212.557438852902,2575.126066603246,20.063832211131665
static_preserving,122,206.83598987499863,42.593606790683666,12.349300773709068,1.1415598556484656,1.1200471496101525,0.7525363219588647,0.4607242582070372,22.798986749728495,0.11122786308114072,False,False,9.927111326950365,0.003764582293855315,14.748463350593322,319.0455172008392,333.7263617491379,4.926627061835081,0.3492422959722387,0.1776636673715707,1967.387900512921,2709.120734571249,19.709277181902365
static_preserving,123,208.59696308399725,10024.298043140949,4.5550517167570215,2.0847300965917004,2.088922879848191,0.8642693667801735,0.2797236192171497,16.6869830003762,0.06897037471159778,False,True,7.758432634715839,0.003800576070601127,16.83107284787578,314.6461708264559,333.068792274804,6.690899111017001,0.3486040024346129,0.15578133657957888,2576.1010369596606,2530.8582483511273,18.836240950419285
static_preserving,124,210.55679012499604,32.218426161993484,8.937860445515039,0.9202818873276565,1.0294692805179784,0.9942194145812695,0.4851528731500259,19.047119573106933,0.09073073689799999,False,False,11.030535859555734,0.0036233418395888633,19.27644787929422,317.4394301734553,333.85770682305827,4.952621525819493,0.2872108469680008,0.17383573082103648,2218.324595540867,2700.635728251444,21.757938409172
static_preserving,125,212.4987671669951,42.72138066253283,4.590559221569689,2.259700884039225,2.330716805121465,1.1667690645869206,0.2850547477661707,17.704420184296335,0.12504239400658407,False,False,7.079993609217232,0.0037167104652943653,14.186941250896753,313.89842164401676,332.4328074940164,6.756000308099715,0.3638852151662267,0.14797765981559685,2330.7162694925178,2386.30147189902,17.56579183190342
static_preserving,126,214.14747904199612,10028.289227087815,7.360120422134063,1.7506054588717666,1.851782733522211,0.9783897858868672,0.4108692758715981,19.883345735674183,0.07248224503343875,False,True,6.675164513844241,0.003728271691180103,18.332054810893617,311.71210861068613,333.153386179798,7.140234851225201,0.3542108817447967,0.18694857272365928,2598.966717417397,2640.7407741998395,20.635701454620925
static_preserving,127,216.06797120899864,40.687493774738684,9.044741179837342,3.873719538988907,3.400239309440788,0.5817864589199574,0.972415501926053,36.02601835881747,0.0539761256015172,False,False,1.7030233279281362,0.004251007808025018,18.64499328656413,314.43159581555466,333.32639708773206,6.054470412280452,0.29429117845022557,0.4730668503938963,2367.427924284785,2563.095654579475,16.916448172356144
static_preserving,128,217.7215235420008,10022.937868447316,7.843059336398584,0.8351866546089877,0.9119777552850109,0.7666755920938367,0.33847844747112465,15.705676221210972,0.06723183874709814,False,True,9.118380047278306,0.003349526216331456,15.555679836495528,314.4302940874655,333.5533811287479,6.173334974966514,0.2699234292602242,0.21245242354951155,2298.9728354038134,2584.6280789043494,20.846483640073544
static_preserving,129,219.34855791700102,40.82868886583879,8.649302953877267,2.8978615349043935,2.7830404232677743,0.590167121585685,0.9815634042224316,32.199772393320245,0.07343754350006604,False,False,5.261537267949308,0.0035553135171971163,14.854024780774798,314.72415219529245,332.8750285377149,6.301399244494697,0.24703907596716282,0.15372264138985237,2155.1795062546375,2538.1373720968236,17.037659189772086
static_preserving,130,221.00467495899647,19.274807690928334,6.537912757728126,0.9971175607027285,1.0765865576150313,3.859435246286189,0.24230114781737447,15.443183394402931,0.04893633808662409,False,False,4.7107038658213085,0.003802085594870205,10.405068098188364,313.0921598073286,332.74999240247257,6.988288287668067,0.28030520867871295,0.18105040789043772,2781.8623569589804,2484.7074617150156,18.34332087986942
static_preserving,131,222.63729254200007,38.44986122310808,5.473623522130687,3.708327178190617,3.5029415834916016,0.5648799625093615,1.0571012627624847,33.06920177459864,0.05799062127032612,False,False,2.9830316668212498,0.003586828319112024,9.551696952037744,314.5753024879451,332.47821276436963,7.375891890956602,0.27391868168318323,0.9405524457304636,2470.1036912069703,2405.4438362264345,17.531784773956165
static_preserving,132,224.25405004200002,57.87352399921994,8.700481586272435,2.832434535060857,2.616204499166917,0.6011546611362271,0.9656980865715874,31.702944060049084,0.12789297268412284,False,False,4.719015311158503,0.003618343060644592,15.210367311823122,313.13179499055485,334.6666177158778,6.447337033798777,0.25542423170210893,0.167657672812223,2308.2136049113283,2558.295746613353,23.443025590056106
static_preserving,133,226.2286120839999,10047.600526167587,8.57190164555866,4.691433613461834,4.70030706965209,1.2194087826921884,0.10461129523661598,29.21154948978174,0.10720592531958555,False,True,6.1033270853059856,0.0049369122064856245,5.873739175852047,314.05462419132135,331.39418608708,6.023276834657919,0.2581538407109425,0.2006458787888025,2845.2261859504233,2292.2402079032972,24.400112161587312
static_preserving,134,227.84342645899596,10089.5564780422,31.429322494802452,8.67731791072288,8.668666038686961,2.939087301361098,0.0,67.59948591633861,0.1171457215550925,False,True,13.670659901187094,0.006146884902747524,4.417050600874103,311.40557520373494,330.40901525841537,5.776722117449136,0.2275081508017699,0.11261348337387422,3608.245906029637,2160.5304444407857,19.183911012390038
static_preserving,135,229.4720621669985,50.85222473007936,7.242310024352751,4.280603364164208,3.4290475220384757,0.5618805425133397,0.9914265386956971,35.69122637448889,0.09734281674702065,False,False,0.8652036813829204,0.0044935508297635676,12.265887944063612,316.87539447168155,332.5116390709729,7.029518252460416,0.29294667780871614,0.3006126176021496,2503.8732772305907,2435.8908110569964,25.02210903045258
static_preserving,136,231.0685604169994,119.54017061918672,6.967674689903073,4.08960225456277,3.3017226156368684,0.5575269249365851,1.0351482648439128,35.2387467098235,0.2295395171715581,False,False,0.16498520138587083,0.004035022899785304,10.246406661530116,317.5466308287889,337.49734821376376,6.7027511690080335,0.2808184472015438,0.4106112197012525,1537.3859492937768,2520.5474896545165,19.193510882004098
static_preserving,137,232.68991033399652,32.04186500979605,9.348091555114102,2.0747599879805687,1.929765133753885,0.5300767195966392,0.7450002192775851,26.707177643939033,0.05774235536987242,False,False,5.683631551784531,0.004559348142423752,13.256722563578755,313.242606237407,332.35553650830576,6.655459431439463,0.23507733380370285,0.18693353431132512,2410.7978202575296,2627.5337218035966,16.79755969505466
static_preserving,138,234.63054170899704,57.169736205955516,8.979573206903224,3.8055889694036154,3.3853100641106106,0.6169162992308899,0.9445220738336472,35.4243732148439,0.11657980901273068,False,False,2.932769583093808,0.003467816971280128,10.256259947155844,313.09888278396625,332.76524083223427,7.126481299132822,0.285454965460467,0.18597066074189736,1904.1246213005766,2430.797579646843,18.959171881767197
static_preserving,139,236.24291408399586,44.48409396171485,12.361537857705175,2.9067615476991886,2.7260092804829936,1.7073173504782861,0.7640247269523398,33.82978717995296,0.08160233905104179,False,False,7.886886420169018,0.0038813826506388493,39.03158286018105,312.7688363331616,331.3107695355733,7.075435354728136,0.22791278272883644,0.4175843881867134,3217.6978698984963,2343.918982861308,17.557644728074937
static_preserving,140,237.9118395839978,21.702012135770815,6.38377369276512,1.1542092808009274,1.176082126351133,1.1592213081420706,0.47278775456622085,17.27554737038472,0.05259791325106261,False,False,4.880144112690037,0.003402160570048611,11.502436697026205,313.28546480339986,332.9180442641803,6.594651617946039,0.27213531672008096,0.18445377278282407,2805.5974228120103,2455.396953525131,19.286202328912545
static_preserving,141,239.609084083997,25.37567472157963,5.92006820696738,1.10757183150899,1.1179919182543345,9.122786853399292,0.20484411263245983,17.38029839803785,0.07069024120919105,False,False,3.981420491929762,0.003715801598097209,7.94941741494028,313.1627773709606,333.03842884853714,6.902550735657872,0.2459185108771086,0.15971491327381582,2889.70761481782,2531.141994542608,16.46629204275865
static_preserving,142,241.22977845899732,33.15217275438677,8.766175054961582,2.3124168821011053,2.2380338757805602,0.5051610058879583,0.926891403361106,29.316736920322708,0.04896067193462566,False,False,6.071511580546273,0.0038029301017146336,15.055702682127315,317.63728217266294,332.5716942848945,6.20950932320739,0.2701565548010823,0.1908983551077617,2650.386432202895,2455.449668901496,18.111612046658216
static_preserving,143,242.8684191249995,10079.564595989992,7.67726885320131,6.696815746524635,6.200105399541122,3.0490453116868617,0.0,35.49234414815977,0.16596733835651142,False,True,12.789247553869584,0.003952370281655915,12.828562753843157,312.3902709986948,335.26428616780413,6.728742925030465,0.26714786932039414,0.14843577980776992,3114.8491022256985,2901.072562346377,17.576684086287237
static_preserving,144,244.74991245899582,10029.765113705214,9.050896262934378,1.2335496923882348,1.6332824718996855,24.07581762043923,0.011982837412046055,26.566530671162933,0.04471145710309668,False,True,4.973969993237442,0.0028495466443491852,7.202874326374851,313.37584809826944,333.858916470252,6.5836777464331115,0.32800455932330175,0.20800241050841675,2332.450565946707,2551.9076556703853,18.449217596804058
static_preserving,145,246.35740204199828,39.682711865154985,8.361851995659869,3.623480578600173,3.2012831836836155,0.5895930474026765,0.9856412797950035,34.55606879638538,0.05660522871591461,False,False,1.7629404359811538,0.003802085594870205,28.42598679957539,314.2841302001195,333.96814150450535,6.988288287668067,0.28030520867871295,0.2521962246149126,2500.688215996933,2484.7074617150156,18.130021940678816
static_preserving,146,247.98790737499803,29.245735427616204,8.230274847452096,1.8432591819781072,1.8286949354798654,0.530117000131093,0.8713723379972403,26.310273884898713,0.042832971694693696,False,False,5.243441351600641,0.004557137962287434,10.773239486907107,319.0455172008392,333.0376843478702,7.278322561799461,0.28062281821817375,0.1776636673715707,2661.0172620483463,2465.5867448425342,17.474316844722022
static_preserving,147,249.67992041699472,25.576639783030664,6.749372012414197,1.077623388126338,1.1245939761187285,4.018929098717091,0.49090789700620147,19.007195466344903,0.06407731812372144,False,False,3.6209975158763466,0.0033945231103229743,9.407942739516196,313.249217098839,333.068792274804,6.40866243832081,0.2923041006665668,0.1572169465661615,2954.229366520511,2537.020860983316,17.35280968021013
static_preserving,148,251.29407116700168,36.87565304051516,10.059483305104859,2.8268198411950443,2.681965451839388,0.5888646593691713,0.9781993068331521,33.25473229221179,0.04757179277355021,False,False,4.016763515154723,0.003885073604165607,17.224890121301115,314.4,333.29002539363216,6.882302959338694,0.29546168129414646,0.23477940603757833,2752.997971457832,2652.0268003190104,17.935291934354943
static_preserving,149,252.94462499999645,10040.221153632958,5.4954923705785115,2.311699262168163,2.28979961603916,4.815846096317842,0.005750308622248537,17.197316524748064,0.11995790175153344,False,True,7.079993609217232,0.003374680777911259,9.799713321384008,310.8657193814431,332.4713413240251,6.756000308099715,0.3638852151662267,0.41522970892136013,2330.7162694925178,2386.30147189902,18.373342075926036
static_preserving,150,254.81116133400064,10029.880796802838,5.234900790489435,4.622135674639826,5.2982211196021245,1.266141747700075,0.0,25.032599807861075,0.05504655413248427,False,True,6.36350448243119,0.0033015918316204587,9.099468110988273,310.9246885024156,333.49042737614513,7.180112714412276,0.3542108817447967,0.17165385534581143,2598.966717417397,2376.39426316558,17.97021820428576
static_preserving,151,256.3955385839945,10083.258357608454,16.882799178736217,8.117241061921943,8.630020464017417,6.517779968372632,0.0,53.12343281270578,0.1372382162422074,False,True,29.04932418311534,0.004099480531738787,13.625994307800694,310.8106728445212,330.7543006719469,7.166004344707154,0.26165953519783214,0.1346377763157792,3613.2869962614946,2563.451181355781,20.09857159955416
static_preserving,152,258.051025666995,10024.060929788815,7.301965239247234,2.4507449072256904,2.7408557473738724,1.2669752238833496,0.11152888163978873,19.366889899917318,0.05416433264207581,False,True,8.435442356496894,0.003449227260314918,13.8423543852946,310.5818288143543,333.1902658211377,6.501720705049798,0.2764068211226762,0.21245242354951155,2504.5577069218602,2543.1787695123644,20.846483640073544
static_preserving,153,259.70287987499614,40.9171069495431,10.995644712499232,3.3921724290801856,2.872644621190183,4.460470251130935,0.8567375511368949,36.555892360138174,0.05220880307360129,False,False,2.084075474417236,0.0038019550236959394,8.704486915250303,314.00531113533685,333.3257545764117,7.584365277727264,0.2902552290302834,0.18567684370915466,2482.9935413740645,2502.9906115095987,16.177230547645955
static_preserving,154,261.3943957500014,10030.14766202299,8.843386265967862,1.2757738148037414,1.5254869412817555,2.556614763455853,0.27024059588688054,18.717389184031333,0.08452171628846925,False,True,6.806105267445345,0.0032756116854513982,8.10479192557619,315.5087190462784,333.31164381714086,7.7361771806077835,0.2627702006492303,0.17079140443315605,2447.6992863634123,2447.5212034962533,13.579618359819358
static_preserving,155,263.3543931249951,28.791448805739527,4.894970820823596,2.2475191809004587,2.157052397221855,0.5232539227592112,0.8653804563284397,24.44077319806771,0.052145682992889124,False,False,4.637962771900732,0.003867531040611648,9.551696952037744,313.8221687479487,332.8508425485386,7.1899879358335115,0.2555906047335522,0.9405524457304636,2672.661372482372,2446.2125157089804,16.00336340337218
static_preserving,156,264.99930387499626,10062.056438371357,5.941065668298487,6.442247875840126,6.313630147287524,2.707655549068622,0.0,32.9352672176407,0.13491008847033314,False,True,12.587340138416934,0.003618343060644592,11.015496051588167,311.90018941453775,334.6666177158778,6.757676691593564,0.2767955782524545,0.12997518201291747,3094.6513537995006,2639.059592387179,18.559129272033058
static_preserving,157,266.66474816700065,10044.657840199447,3.961990145649063,4.066165031161875,4.821515550938712,7.936334767967283,0.0,24.95016817405704,0.11098330962747963,False,True,6.1033270853059856,0.0034680560942647732,10.7625238056572,312.94924779664814,332.461935271302,7.038363795585992,0.3697272794427706,0.16899816838873413,2735.4475490337677,2364.559042072966,17.951585872095656
static_preserving,158,268.2778716249959,38.608045602031886,10.304295622592933,2.9942418041408025,2.823866671167776,0.6063327749317966,0.9887065166327191,34.27853229324164,0.05201870642368863,False,False,4.549427469651208,0.004426838811052843,17.790869530012912,314.19358469955205,332.5849848626367,7.290267857556196,0.26159264007143906,0.43742903869965105,2808.5842674176674,2407.194716397011,16.99800567612341
static_preserving,159,269.90391529200133,63.57007792064124,15.89097472524155,4.169974801969065,3.2634118692431677,0.5609592963678975,1.001884415295498,43.967403632121844,0.11068726860088572,False,False,0.8652036813829204,0.0043348059262173725,12.929489033358221,313.5444590766483,332.5841084431006,7.334747734527125,0.3701499466618781,0.278344372921079,2783.3370092101522,2460.69979849235,17.22502776568149
static_preserving,160,271.55714129199623,27.84226582110638,8.945809105641022,1.8593169905906473,1.775847272858507,1.106516192387526,0.5396880160579615,23.329121639160768,0.05311040494776901,False,False,4.882218676683433,0.004912543977843621,10.071132387651824,315.9610183155981,332.8095804840283,7.68309015719347,0.2846258532123639,0.1776996730886449,2709.5137313690434,2489.782601227882,17.4637609741455
static_preserving,161,273.4992157089946,39.43006615355629,11.85790260233177,3.6110363492984163,3.320868535177203,0.6277291596333687,0.8846060798893443,36.94101772389304,0.03944179595986383,False,False,2.025484796550655,0.004559348142423752,13.256722563578755,314.9764421378911,333.875210100949,7.00882333268654,0.3219365784720104,0.23306465366499574,2410.7978202575296,2683.770475786361,17.876715174886996
static_preserving,162,275.1456350840017,67.26408286788251,6.808467388490309,4.251432962405964,3.5407512115297872,0.5633301847184576,0.9575232927698344,34.87546209283523,0.14227750343748852,False,False,1.1870377458205896,0.003467816971280128,10.760363128276598,312.02731803669434,335.05156615955053,7.392723040660207,0.24982538458843692,0.27976183557638007,1904.1246213005766,2238.726077756161,18.959171881767197
static_preserving,163,276.793917666997,10026.740018930817,5.738234191760572,3.191808646588722,3.4235290823914664,0.8191929045733384,0.0,19.146785666204877,0.06888955501658618,False,True,10.276560621809159,0.004357272906592622,12.121472778674354,312.61001083026366,331.73374749603283,6.707076909311099,0.24200804730952857,0.16251674421604437,2473.224772128345,2469.9438546221104,18.044363384362132
static_preserving,164,278.4506182920013,10018.826830711048,6.259921539439113,1.1108814047591777,1.3009667402649996,2.377575517307335,0.25366440254081396,15.126293083125082,0.0480919537703738,False,True,5.364228800329445,0.0034446328510957724,12.615188398258057,310.8436494053999,332.8864409796917,6.536562179803915,0.28001779542289906,0.18004143255494512,2668.4629761070355,2539.264745840241,19.650266660136907
static_preserving,165,280.1361378340007,29.007372684043858,7.900653107955334,1.2932116734363641,1.296384736277842,10.760790598063426,0.21126051789851566,20.99219437835617,0.07077772559961788,False,False,3.5242388786939367,0.003918853244545643,8.516506756650505,312.47881489535655,332.5307093029536,6.902550735657872,0.2856239903271793,0.15971491327381582,3042.693193575494,2434.940880962626,17.211085060260192
static_preserving,166,282.09305199999653,27.297631600175727,8.123281292022398,1.295107942841968,1.2316098804852116,1.2223937476502886,0.7060343511415029,22.323824088556695,0.05575508671647722,False,False,4.711701144102791,0.004565500244629228,9.738701299815506,317.63728217266294,332.6959708038728,7.530397273592667,0.28664086184850573,0.17771760886081592,2733.9966688464533,2501.8336180705114,17.45850588387141
static_preserving,167,283.76278124999953,20.08073613192459,5.78436884675347,0.9519874151865481,0.9464150554910756,1.1289726571907162,0.5242725031332527,16.442502513998576,0.047685385719355974,False,False,5.034251170217887,0.004140899106268211,10.626822593108656,316.33155852299285,332.6981319238574,6.478249641298688,0.28108035039618484,0.18654728030712028,2617.644135825505,2497.5037707148977,18.193778655587344
static_preserving,168,285.44094641699485,28.163349883196613,9.88039803260034,2.2921412443858338,2.3267127539846584,3.4518911639442447,0.29363902638277045,24.333148418307868,0.048927251256896356,False,False,5.300894052751197,0.004728067722992967,9.374388568654766,313.869642435483,332.59793248801134,7.387129306353983,0.27513714037929216,0.16002363788199775,2621.850783659866,2452.5584793292605,17.96240661311339
static_preserving,169,287.1042554999949,10024.858721289102,9.327742736805705,2.1422702858336358,2.1879207428054643,2.9659598749375524,0.24856163996936967,22.40819395421329,0.039135400653440705,False,True,6.07954238581948,0.004161726528757748,10.405068098188364,313.65848416829186,333.0489276516223,6.988288287668067,0.2812162804812031,0.16791341271893492,2517.43914870791,2497.3668018091676,18.12092043858406
static_preserving,170,288.7726147919966,10022.633717117738,8.710922971471767,1.1793924086469323,1.4403390963919902,2.9074416931523284,0.24637401586263186,18.0996483307323,0.05323338230733114,False,True,5.243441351600641,0.0033024883840020894,11.268578190365425,311.0077682703069,332.85635900795825,7.278322561799461,0.2734191043354015,0.1843054894490297,2816.5224461536554,2462.4656757270386,19.239264778294302
static_preserving,171,290.43541033400106,10025.708815399279,9.251291772916836,1.4761607184831753,1.6671091828543596,1.6110369816583952,0.2900641865831257,19.633171841047428,0.061622051441786646,False,True,5.101509795530418,0.004460666066336297,9.407942739516196,312.99329299632586,332.49618634022795,7.183691382304482,0.2923041006665668,0.29483651194627425,2808.6256083039857,2414.233609592227,17.745605538966004
static_preserving,172,292.37629499999457,10031.393002576186,5.342244478337882,2.3987856158562795,2.576707964098025,1.2361597835727696,0.3162662272194183,19.52858390842415,0.08611191362030368,False,True,9.048373283569656,0.004006031641603871,12.417522432612136,312.4545347010206,331.69591101971133,6.973879129146458,0.22712579506795985,0.3703631715714452,3272.377046603318,2383.6622641520444,16.913047424720105
static_preserving,173,294.04907774999447,27.796345445989495,8.651108376087429,1.4426445155323468,1.50113619769644,0.5819521448340397,0.6739997280009314,22.859150928809107,0.05554949660651969,False,False,4.419188435610764,0.003035645922063959,14.186941250896753,313.3094226063291,332.7998650547593,6.953906988076504,0.279561794719041,0.14797765981559685,2895.9613229702177,2472.4016387387155,18.488290370435713
static_preserving,174,295.72846637499606,23.299862752166582,7.314890524319894,1.0365860052447846,1.059667238990978,3.0372440215838306,0.4750243160121806,18.703229581983308,0.05359940047579401,False,False,4.063869265153477,0.0031960221054693687,11.137608723893457,312.9658944794831,332.78696882878177,6.761034723992452,0.2873092803725979,0.17117611192068555,2827.5114873557623,2527.2132628848767,18.71183536042087
static_preserving,175,297.3438437090008,34.560590878572995,7.8842694691644954,2.4969662369535617,2.42101034349068,0.5667397358362256,0.9555340932636969,29.545957510598335,0.05598344268606715,False,False,5.0214268834654225,0.004099480531738787,15.30447352739712,314.43159581555466,332.5328061727838,7.1739932975683685,0.28872474243774826,0.293345076849122,2744.179261208371,2425.3403891378607,18.624678599583667
static_preserving,176,299.01568312499876,10033.939769170975,8.610979907233009,1.3456501301784978,1.5858417101445994,5.912844982718657,0.18156962970251353,19.36903005570259,0.0954290938186283,False,True,4.167189846269211,0.00385079622685546,8.899995582136398,312.8649093837084,331.9701381926594,5.950766857242201,0.2752593670177655,0.17689020601636393,3097.9368646015178,2433.0181309007876,15.488000757963093
static_preserving,177,300.84695741700125,41.06126894131857,10.319282641901175,3.3192670051510946,2.910701547592076,4.416914484659888,0.7186787577954438,34.0203875408218,0.06633664805603676,False,False,2.3933888987600316,0.0038370547447866147,9.616187428102265,313.98685019578863,333.77188615522294,7.287845897374905,0.3356979681387136,0.19312592798020634,2155.1795062546375,2581.353585780211,18.193677010144178
static_preserving,178,302.5063373340017,10021.049751588902,6.205135144398641,1.8166683723849952,1.9439534750515388,4.918982414526475,0.0,16.058584943868404,0.05585229765324045,False,True,6.806105267445345,0.003940418049227981,9.121705535629088,314.5309907109604,332.6534396750177,7.480492947512948,0.2800453986889074,0.175681338477949,2447.6992863634123,2418.7287577438274,17.916385568415425
static_preserving,179,304.1196290000007,39.197886424309154,6.566477547212944,3.9421816871749504,3.629491243511014,0.5680702233562366,1.019576485250456,34.541466786932396,0.053946846741588825,False,False,2.761149668494109,0.003841187336078517,10.588019353817897,314.0042117719331,333.6996823261316,7.1899879358335115,0.3243968901889195,0.9405524457304636,2254.0969740549685,2542.258153346358,19.137894801829333
static_preserving,180,305.7904105419948,35.989756289122035,7.077056242835993,2.2725102367799033,2.3280937661340024,2.565967999603494,0.3217647913318744,21.366842215093946,0.0955997975744068,False,False,5.142785449296565,0.003932192470312294,10.03047520427257,312.5583304816969,334.6666177158778,6.850511820795483,0.2694785109175414,0.19496549980536365,2308.2136049113283,2437.321052517798,18.852187410588833
static_preserving,181,307.40299866699934,45.30989138199469,7.6173414501652035,2.8851022573051064,2.7438381363758477,0.5736809483543548,1.0124399396040362,31.452606107881984,0.09306343694663571,False,False,4.532285818391378,0.0038012026973410174,13.960657408369384,315.4200318708351,332.7626946650621,6.023276834657919,0.27356340640173715,0.18495248580967166,2392.212499422852,2620.467235144093,24.400112161587312
static_preserving,182,309.06682595899474,10027.622269564079,8.28919141743716,1.316573011638936,1.3438787145702005,1.5647107102807207,0.5990248909815827,21.553443213843522,0.061587470064108925,False,True,4.549427469651208,0.00348530101749928,9.26534169871864,312.56855013000074,332.62489875007464,7.147703445137556,0.27341506400004867,0.43742903869965105,2979.308990168092,2416.297916338455,18.343057018248842
static_preserving,183,310.6907748339945,53.06086089148693,10.392637273201519,3.55375652465125,3.319246656756434,0.5686177820394482,1.0078386625531954,36.75152634556977,0.10096204282401494,False,False,4.317988848618385,0.0038533117946199526,8.985029421963809,316.87539447168155,333.2163681818912,7.029518252460416,0.2687256143070593,0.21641005489428686,1918.306271369384,2424.294868353388,17.41848412167307
static_preserving,184,312.3520296669958,10026.283595755027,8.220317710240149,1.278375164297088,1.5962660166462375,5.671393377840348,0.19972431606868224,18.88409770152201,0.06800504601454871,False,True,4.882218676683433,0.0033046220092332107,9.721161737140534,312.6611374937814,332.70539061096895,7.68309015719347,0.2846258532123639,0.18830510005229062,2991.4573251285474,2402.2590516452087,17.4637609741455
static_preserving,185,314.32740841699706,19.506258224551452,6.41893489182328,0.9914108049544316,1.0504438838747379,1.1450055197300408,0.3549159904342237,15.275105835637019,0.05142441290935192,False,False,5.683631551784531,0.0034134424568262917,12.070780071590331,313.1962222486307,332.77387992474996,6.655459431439463,0.2799488890740749,0.16437663972252214,2410.7978202575296,2478.8133372397897,18.41261457853067
static_preserving,186,315.99387049999496,10019.416806515877,6.9260514806574305,0.9095058058110301,1.019316587164905,3.583303806057325,0.29812224909350327,16.043004377406128,0.045919781538512776,False,True,4.9582515267158564,0.003467816971280128,9.756610841745408,313.76666264736053,332.9136630620514,7.2200715478694715,0.2774708720061924,0.18102408491591784,2746.0446694920893,2467.3462837543952,18.351275791593835
static_preserving,187,317.61028554199584,10047.99835614106,13.019970087199665,2.4490208737707593,2.4699960469996984,1.6048056042697942,0.7324939400724957,32.429358838516485,0.09864392183044209,False,True,8.036772205675588,0.0037633818936510287,39.03158286018105,312.1801078427241,331.8003024788136,6.599647373425843,0.24220642178986146,0.15722570376396877,3433.1966468788887,2427.1567700836727,16.790075356647158
static_preserving,188,319.27712387499923,10022.320513585206,7.389508307536066,1.1443717967303186,1.4519976753942283,6.162720035082011,0.26414642148104156,18.52573844843475,0.048700456470986024,False,True,4.880144112690037,0.003402160570048611,7.922866033054233,313.93870812471766,332.8575670483636,7.176438526393736,0.27213531672008096,0.11760241841722055,2734.422172925201,2524.2646107392047,19.286202328912545
static_preserving,189,320.9402543749966,22.85739658011023,6.0954345082952734,1.1468299954877943,1.1547827154022021,1.8429542598565918,0.3611970262166423,15.946548654688861,0.06572122909219179,False,False,3.981420491929762,0.003953793695753598,11.594141150551978,313.1627773709606,333.28097435150494,6.63492412497106,0.31629598077767596,0.15971491327381582,2889.70761481782,2531.141994542608,16.46629204275865
static_preserving,190,322.8958773339982,27.672120269474515,11.043799150981,1.122336867918104,1.20078663494639,2.105760897370944,0.5773438802304239,23.59260340113226,0.050494534780646416,False,False,4.711701144102791,0.0035348862792892372,9.738701299815506,317.63728217266294,332.82902612342053,6.843649024018343,0.28973634923255337,0.11865938176885284,2769.15355360212,2501.8336180705114,19.024896360163996
static_preserving,191,324.5495357089967,10041.522649746958,6.454190977746377,4.423477090675082,4.70769648780259,1.190981177038393,0.0,25.027809326093408,0.10153460130931047,False,True,9.1169943267812,0.004140899106268211,10.626822593108656,314.2818609558903,332.6981319238574,7.13692511259234,0.23994733732792964,0.16673227212118147,3308.134304389829,2410.3031236377974,17.632948441890633
static_preserving,192,326.19555829199817,22.24755789943881,8.741018183273573,1.1203069457532675,1.133002974408451,1.6772205459377474,0.4773508699873105,19.801762707758428,0.03909759576751798,False,False,4.973969993237442,0.0028495466443491852,12.707141243692787,312.3596117601294,333.1730824166649,6.740619509315126,0.28482468551677304,0.16002363788199775,2623.8903721738225,2519.992528144401,18.06568675363207
static_preserving,193,326.19590829200024,19.274807690928334,6.537912757728126,0.9971175607027285,1.0765865576150313,3.859435246286189,0.24230114781737447,15.443183394402931,0.04893633808662409,False,False,4.7107038658213085,0.003802085594870205,10.405068098188364,313.0921598073286,332.74999240247257,6.988288287668067,0.28030520867871295,0.18105040789043772,2781.8623569589804,2484.7074617150156,18.34332087986942
static_preserving,194,327.84746145900135,42.635341141238285,9.83153104300748,4.326288373406347,3.275527649096189,0.5582438421495829,1.0365559259429489,38.80371684471289,0.04893633808662409,False,False,0.6996293788415456,0.003802085594870205,10.405068098188364,313.0921598073286,332.74999240247257,6.988288287668067,0.28030520867871295,0.18105040789043772,2781.8623569589804,2484.7074617150156,18.34332087986942
static_preserving,195,329.5212271249984,27.137537220190463,8.42690053031565,1.4991127175167736,1.3362730308938966,3.005988522405003,0.6285339123918909,23.305912923665062,0.04893633808662409,False,False,3.573320497403249,0.003802085594870205,10.405068098188364,313.0921598073286,332.74999240247257,6.988288287668067,0.28030520867871295,0.18105040789043772,2781.8623569589804,2484.7074617150156,18.34332087986942
static_preserving,196,331.1607715419959,10025.443741745146,4.790470395052154,3.959836454506422,4.225886493492255,1.210810677233806,0.009237154828435784,21.612117448621806,0.04893633808662409,False,True,9.789625354764137,0.003802085594870205,10.405068098188364,313.0921598073286,332.74999240247257,6.988288287668067,0.28030520867871295,0.18105040789043772,2781.8623569589804,2484.7074617150156,18.34332087986942
static_preserving,197,332.9931213339951,42.77711256273285,11.03261827621167,4.092782787090767,3.36060201312641,0.5637008908611887,0.9993390975138724,38.94548826620745,0.04893633808662409,False,False,1.5831364649847293,0.003802085594870205,10.405068098188364,313.0921598073286,332.74999240247257,6.988288287668067,0.28030520867871295,0.18105040789043772,2781.8623569589804,2484.7074617150156,18.34332087986942
static_preserving,198,334.6617172920014,10019.41829067969,6.090509896520761,1.174632753781712,1.403226953140036,2.9388080234666987,0.25830227170216585,15.586666383165273,0.04893633808662409,False,True,5.251171962871744,0.003802085594870205,10.405068098188364,313.0921598073286,332.74999240247257,6.988288287668067,0.28030520867871295,0.18105040789043772,2781.8623569589804,2484.7074617150156,18.34332087986942
static_preserving,199,336.3015807089978,40.739190649039685,12.032126492532017,3.3248972553635867,2.9338528110103117,0.6679164897412927,0.9694114198342122,36.90756635251428,0.04893633808662409,False,False,2.618342802293131,0.003802085594870205,10.405068098188364,313.0921598073286,332.74999240247257,6.988288287668067,0.28030520867871295,0.18105040789043772,2781.8623569589804,2484.7074617150156,18.34332087986942
static_preserving,200,337.9562620419965,20.671071852194846,5.573167301612753,1.1692796397930048,1.1272414694587312,1.6661971061309435,0.48317510934612273,16.839447555669445,0.04893633808662409,False,False,4.139335988260122,0.003802085594870205,10.405068098188364,313.0921598073286,332.74999240247257,6.988288287668067,0.28030520867871295,0.18105040789043772,2781.8623569589804,2484.7074617150156,18.34332087986942
static_preserving,201,339.62497487499786,18.790751261292126,5.594472415251058,1.0394572233981163,1.0927746013342334,2.2588323148877834,0.33534101004526595,14.959126964766725,0.04893633808662409,False,False,4.533123298890732,0.003802085594870205,10.405068098188364,313.0921598073286,332.74999240247257,6.988288287668067,0.28030520867871295,0.18105040789043772,2781.8623569589804,2484.7074617150156,18.34332087986942
static_preserving,202,341.56159800000023,19.016119628166805,6.1463029272383825,1.1162644864198041,1.1637889330335887,4.081937680700508,0.20705343097998058,15.184495331641406,0.04893633808662409,False,False,4.814696433730689,0.003802085594870205,10.405068098188364,313.0921598073286,332.74999240247257,6.988288287668067,0.28030520867871295,0.18105040789043772,2781.8623569589804,2484.7074617150156,18.34332087986942
static_preserving,203,343.23502237499633,18.651052959508,5.656307934516594,0.994885803772566,1.0584198992517373,3.0369477919001966,0.3001307934955391,14.819428662982597,0.04893633808662409,False,False,4.618057754892761,0.003802085594870205,10.405068098188364,313.0921598073286,332.74999240247257,6.988288287668067,0.28030520867871295,0.18105040789043772,2781.8623569589804,2484.7074617150156,18.34332087986942
static_preserving,204,344.9056286249979,18.580228479496828,5.68811381310322,0.9812997758573234,1.0563793675267754,3.441371719940477,0.27829381789993524,14.748604182971427,0.04893633808662409,False,False,4.650068603358178,0.003802085594870205,10.405068098188364,313.0921598073286,332.74999240247257,6.988288287668067,0.28030520867871295,0.18105040789043772,2781.8623569589804,2484.7074617150156,18.34332087986942
static_preserving,205,346.5717022089957,19.269714936282476,6.5288122366186325,0.9990559764058169,1.0727977433507512,3.8581663266888637,0.24251913060215083,15.438090639757077,0.04893633808662409,False,False,4.712275732499152,0.003802085594870205,10.405068098188364,313.0921598073286,332.74999240247257,6.988288287668067,0.28030520867871295,0.18105040789043772,2781.8623569589804,2484.7074617150156,18.34332087986942
static_preserving,206,348.245722833999,10046.469949571063,23.916867673924173,2.4787959202748904,2.711094122500379,1.7287321583311086,0.6424674698436014,42.638325274538,0.04893633808662409,False,True,4.650068603358178,0.0020459851112732685,10.405068098188364,313.0921598073286,332.74999240247257,6.988288287668067,0.28030520867871295,0.18105040789043772,2781.8623569589804,2484.7074617150156,18.34332087986942
static_preserving,207,349.89985445899947,33.05414457606362,13.158382353602342,2.354440380648403,2.366975591457725,1.9880726750634063,0.4699837379167702,29.22252027953822,0.04893633808662409,False,False,4.650068603358178,0.004887621099929092,10.405068098188364,313.0921598073286,332.74999240247257,6.988288287668067,0.28030520867871295,0.18105040789043772,2781.8623569589804,2484.7074617150156,18.34332087986942
static_preserving,208,351.84032970899716,99.3481850085008,66.50756057464986,6.119550768052168,6.036849791492077,1.0273441952387588,0.3416521620047984,95.5165607119754,0.04893633808662409,False,False,4.650068603358178,0.008372110151103777,10.405068098188364,313.0921598073286,332.74999240247257,6.988288287668067,0.28030520867871295,0.18105040789043772,2781.8623569589804,2484.7074617150156,18.34332087986942
static_preserving,209,353.5004018749969,64.38567564546746,38.1287728016007,4.2425636733968295,4.031500612898936,2.909719992416657,0.3509355765036342,60.55405134894205,0.04893633808662409,False,False,4.650068603358178,0.0063492640670010266,10.405068098188364,313.0921598073286,332.74999240247257,6.988288287668067,0.28030520867871295,0.18105040789043772,2781.8623569589804,2484.7074617150156,18.34332087986942
static_preserving,210,355.3042990419999,19.678478016964124,6.326651154434064,1.068394760292068,1.1265601097981295,1.7619609965212577,0.35895647308914164,15.846853720438723,0.04893633808662409,False,False,4.650068603358178,0.003504611419110753,10.405068098188364,313.0921598073286,332.74999240247257,6.988288287668067,0.28030520867871295,0.18105040789043772,2781.8623569589804,2484.7074617150156,18.34332087986942
static_preserving,211,357.17771037499915,19.34638474468852,6.154235570721983,1.0505017058878643,1.1176719748563444,1.849126914159766,0.3472320273201097,15.51476044816312,0.04893633808662409,False,False,4.650068603358178,0.0035614865057605467,10.405068098188364,313.0921598073286,332.74999240247257,6.988288287668067,0.28030520867871295,0.18105040789043772,2781.8623569589804,2484.7074617150156,18.34332087986942
static_preserving,212,359.2538447920015,18.856278456570557,5.807953855409618,0.9927525150373298,1.0562412102472938,2.868715353068285,0.3123203227285091,15.024654160045154,0.04893633808662409,False,False,4.650068603358178,0.003727695246088671,10.405068098188364,313.0921598073286,332.74999240247257,6.988288287668067,0.28030520867871295,0.18105040789043772,2781.8623569589804,2484.7074617150156,18.34332087986942
static_preserving,213,361.08580495899514,18.441168157720416,5.606646190687069,1.2195779051656501,1.2841268405408692,3.5667085044056424,0.18972357185560856,14.609543861195014,0.04893633808662409,False,False,4.650068603358178,0.004134104258117031,10.405068098188364,313.0921598073286,332.74999240247257,6.988288287668067,0.28030520867871295,0.18105040789043772,2781.8623569589804,2484.7074617150156,18.34332087986942
static_preserving,214,362.7503968339952,18.682013792563197,5.562075792132614,1.2316614434632338,1.2706537663659478,3.660689177228352,0.20769425154461318,14.850389496037797,0.04893633808662409,False,False,4.650068603358178,0.004103912121258993,10.405068098188364,313.0921598073286,332.74999240247257,6.988288287668067,0.28030520867871295,0.18105040789043772,2781.8623569589804,2484.7074617150156,18.34332087986942
static_preserving,215,364.3970352089964,28.48659552789847,10.424512470390878,1.9756239373375333,1.935011494490874,2.910475073199452,0.40944482648991576,24.654971231373068,0.04893633808662409,False,False,4.650068603358178,0.004407136540670327,10.405068098188364,313.0921598073286,332.74999240247257,6.988288287668067,0.28030520867871295,0.18105040789043772,2781.8623569589804,2484.7074617150156,18.34332087986942
static_preserving,216,366.04303458399954,28.0182726754659,9.648515964411722,2.013689403672635,1.9780272321122117,3.3521703616937923,0.4035793158793139,24.1866483789405,0.04893633808662409,False,False,4.650068603358178,0.004236337594460153,10.405068098188364,313.0921598073286,332.74999240247257,6.988288287668067,0.28030520867871295,0.18105040789043772,2781.8623569589804,2484.7074617150156,18.34332087986942
static_preserving,217,367.74436433400115,18.887247355834884,5.6955541428326075,1.2645148312103247,1.286819022301469,3.4361815833105904,0.2134678840740947,15.055623059309482,0.04893633808662409,False,False,4.650068603358178,0.004172859426394144,10.405068098188364,313.0921598073286,332.74999240247257,6.988288287668067,0.28030520867871295,0.18105040789043772,2781.8623569589804,2484.7074617150156,18.34332087986942
static_preserving,218,369.60041558399826,18.913234757382032,5.637778662589535,1.2715126414390414,1.2841573482128081,3.5102305323337455,0.2158351049641908,15.08161046085663,0.04893633808662409,False,False,4.650068603358178,0.004149382638244903,10.405068098188364,313.0921598073286,332.74999240247257,6.988288287668067,0.28030520867871295,0.18105040789043772,2781.8623569589804,2484.7074617150156,18.34332087986942
static_preserving,219,371.2774479590007,10032.800060643915,8.808620677137073,4.162390783092198,4.352572854651983,4.116549945540049,0.10514962446277853,28.96843634738902,0.04893633808662409,False,True,4.650068603358178,0.004134104258117031,5.806735210785115,313.0921598073286,332.74999240247257,6.988288287668067,0.28030520867871295,0.18105040789043772,2781.8623569589804,2484.7074617150156,18.34332087986942
static_preserving,220,372.8963474170014,35.29941047541158,10.15290858048101,2.5277543813138013,2.390929146608536,0.5369261571310382,0.9226851857741428,31.46778617888618,0.04893633808662409,False,False,4.650068603358178,0.004134104258117031,17.22138109798177,313.0921598073286,332.74999240247257,6.988288287668067,0.28030520867871295,0.18105040789043772,2781.8623569589804,2484.7074617150156,18.34332087986942
static_preserving,221,374.5052564590005,44.42058546350066,16.42461967623042,3.0799187299034663,2.8980235889413866,0.6359277674660577,0.9757164856966689,40.58896116697526,0.04893633808662409,False,False,4.650068603358178,0.004134104258117031,33.71817380817166,313.0921598073286,332.74999240247257,6.988288287668067,0.28030520867871295,0.18105040789043772,2781.8623569589804,2484.7074617150156,18.34332087986942
static_preserving,222,376.1131051669945,40.342302788120804,14.04923814235801,2.757817775829311,2.618368035430176,0.6948909774631156,0.9351811247989771,36.5106784915954,0.04893633808662409,False,False,4.650068603358178,0.004134104258117031,24.065948436637754,313.0921598073286,332.74999240247257,6.988288287668067,0.28030520867871295,0.18105040789043772,2781.8623569589804,2484.7074617150156,18.34332087986942
static_preserving,223,377.7648352499964,26.56351060887156,8.991189658434797,1.7075879195675734,1.7023369140928915,1.7534362069556333,0.5032398231364947,22.73188631234616,0.04893633808662409,False,False,4.650068603358178,0.004134104258117031,11.36915244958074,313.0921598073286,332.74999240247257,6.988288287668067,0.28030520867871295,0.18105040789043772,2781.8623569589804,2484.7074617150156,18.34332087986942
static_preserving,224,379.6138393750007,10021.750825825457,6.89136476336201,1.535650287879661,1.707873723131327,3.0364231445294005,0.2662333838777831,17.91920152893042,0.04893633808662409,False,True,4.650068603358178,0.004134104258117031,8.79573041556741,313.0921598073286,332.74999240247257,6.988288287668067,0.28030520867871295,0.18105040789043772,2781.8623569589804,2484.7074617150156,18.34332087986942
static_preserving,225,381.26917379199585,27.317326675043187,9.171532816829203,1.632429768313694,1.554165028046042,0.8170283594378039,0.6211834207485464,23.485702378517786,0.04893633808662409,False,False,4.650068603358178,0.004134104258117031,13.323299708869838,313.0921598073286,332.74999240247257,6.988288287668067,0.28030520867871295,0.18105040789043772,2781.8623569589804,2484.7074617150156,18.34332087986942
static_preserving,226,382.91419241699623,25.8457300107063,9.063303493339905,1.580188833309112,1.5730293353690643,1.0259605969671297,0.5103521739217523,22.0141057141809,0.04893633808662409,False,False,4.650068603358178,0.004134104258117031,11.855132337140269,313.0921598073286,332.74999240247257,6.988288287668067,0.28030520867871295,0.18105040789043772,2781.8623569589804,2484.7074617150156,18.34332087986942
static_preserving,227,384.55968112499977,26.939356154707728,9.111071220107837,1.6280863080872834,1.5812921610637694,0.8840683448214445,0.5907562816948457,23.107731858182326,0.04893633808662409,False,False,4.650068603358178,0.004134104258117031,12.152574199241691,313.0921598073286,332.74999240247257,6.988288287668067,0.28030520867871295,0.18105040789043772,2781.8623569589804,2484.7074617150156,18.34332087986942
static_preserving,228,386.2147390839964,25.832526258507084,9.045978646064173,1.5815536250668896,1.5771316814678569,1.101131255111917,0.5068804276410855,22.000901961981683,0.04893633808662409,False,False,4.650068603358178,0.004134104258117031,11.71834826058609,313.0921598073286,332.74999240247257,6.988288287668067,0.28030520867871295,0.18105040789043772,2781.8623569589804,2484.7074617150156,18.34332087986942
dynamic_diagnostic,229,386.2151279999962,35.75711096852932,6.859593877290781,4.2759717417771945,3.2609245377393474,0.5578878467192917,1.0374365430772086,35.67661608064786,0.036627605227354594,False,False,0.38999999999999996,0.0036751264999999997,13.026282496670518,314.4,333.49356636598696,6.882302959338694,0.2991563242902104,0.9562696819999997,2513.3391379829973,2536.9654457644647,18.21526990911648
dynamic_diagnostic,230,386.2151373749948,10014.647521652769,6.169868510561228,1.3185798174457446,1.5524005297547214,1.389532267477155,0.18050755378918282,14.538865271861955,0.0425551369611288,False,True,6.835494476281912,0.0037127620434272003,11.908706376291862,314.363069805982,333.3384172420717,7.041456087548133,0.314437701821341,0.1569637099004186,2513.3391379829973,2536.9654457644647,18.21526990911648
dynamic_diagnostic,231,386.2151424170006,10064.261374676425,49.30596909081393,1.8957294728667446,2.0864313314061285,2.053472911885589,0.0,58.10632529676309,0.3202876150082815,False,True,15.671852385659134,0.0009459676396536,8.214339249999021,318.76089619827405,337.90430970001603,12.123356409556754,0.2074867609087648,1.4517676540168434,2513.3391379829973,2536.9654457644647,18.21526990911648
dynamic_diagnostic,232,386.21514683400164,19.341673766695866,6.885999618583039,1.3541449083408494,1.3965782328558083,0.5549338013701205,0.547701206501399,19.194893955163245,0.04946039013402918,False,False,6.806105267445345,0.0037376655952593,15.859707975521072,314.5309907109604,333.31164381714086,6.371353450883506,0.2800453986889074,0.175681338477949,2447.6992863634123,2575.126066603246,20.063832211131665
dynamic_diagnostic,233,386.21515204200114,19.445705626642734,8.40387645002888,1.0121702675893027,1.0337208464205618,1.5866735494903552,0.41218772349688226,18.213697555925116,0.1432950377553028,False,False,4.964372764430598,0.0035191796202696008,11.280811471558978,313.89842164401676,332.18133608254857,7.242700894977054,0.3638852151662267,0.17868830373348443,2300.2214384695144,2485.117835448581,17.56579183190342
dynamic_diagnostic,234,386.2151585839965,43.63042856973157,15.916164319673406,3.908443047905508,2.766463401948462,0.5665298210184246,1.0541299108395021,43.34078070592163,0.06947995679929765,False,False,0.24981726456111628,0.005007095091527991,16.585121229012856,314.4897297781288,333.49042737614513,7.563104797983808,0.24470695212662744,0.7154922025768258,2322.049779840115,2518.463228976555,19.081802072699922
dynamic_diagnostic,235,386.2151627919957,20.37257434380523,6.91538609728646,1.8262873736512875,1.760630853229439,1.38244675776302,0.4506422506279048,20.253809457886128,0.0444906143508761,False,False,6.1677483458064755,0.004099480531738787,13.625994307800694,314.43159581555466,333.6929128329759,7.166004344707154,0.29429117845022557,0.13433786174422513,2398.180755963877,2563.451181355781,16.916448172356144
dynamic_diagnostic,236,386.21516687500116,10067.570363126162,52.76320926742678,2.1005137389459896,2.42358324847656,0.6397956977877798,0.0,61.8082315816352,0.3098959918135789,False,True,15.652925786567346,0.0008699750646258499,8.93561780265558,319.01782725176236,338.0756200045035,12.413217167299772,0.23520513930866757,1.5515665914228116,2526.2392768333175,2604.6349365167125,17.652312227875182
dynamic_diagnostic,237,386.21517087499524,19.644709071565526,6.676025587616013,1.5237055374378659,1.599649910098429,0.7734758867979215,0.5068410564429763,19.315622730742714,0.07405924889604856,False,False,9.588219318448184,0.00374768164031393,19.10915629123087,314.00531113533685,333.44339457446614,6.301399244494697,0.2728417359612346,0.19854951666968743,2155.1795062546375,2582.9845864191448,20.724976906356268
dynamic_diagnostic,238,386.21517524999945,25.39893985194472,7.9255398750425865,2.039938940198832,1.8907592639049657,2.0018417155840784,0.6606989777316926,24.8654245501164,0.09429698668111663,False,False,4.1867749941247085,0.003979597575708072,10.405068098188364,313.84518114613616,332.74999240247257,7.463342326845197,0.33381666604429727,0.18105040789043772,2345.8336996617386,2484.7074617150156,17.0500494437628
dynamic_diagnostic,239,386.21517929199763,35.4904680187074,5.893458628226217,4.301788870351015,3.4163496360845564,0.5574273715993358,1.0464358556686093,35.051118829186805,0.08557152851275958,False,False,0.4177276314355031,0.0031599702499134448,11.892582750008193,314.4693370558396,333.1712308900869,6.83980767349821,0.3563539020104629,0.9405524457304636,2482.99839914109,2573.890277369296,16.083380931357222
dynamic_diagnostic,240,386.21518366699456,10020.08682600504,8.39483268472042,1.75326188658057,1.9942317371419895,1.907817001457958,0.27787690831192546,19.937281482076205,0.04992402944539047,False,True,6.379414583919875,0.003920098066445257,12.526172982627745,314.09572802675933,333.7992086177641,7.021350909538497,0.33792896209170165,0.16826756843638216,2531.684870627072,2528.0173489160816,20.76393073820318
dynamic_diagnostic,241,386.2151954590008,121.96132553557895,86.79448514391999,4.20292040023374,3.4420876104643297,0.5670876479069241,0.9719057525027576,114.7917468090721,0.3456775647552417,False,False,0.9887590710899047,0.013705330471409422,2.5984160292599996,315.8518573226922,336.61380357718696,13.414082319562283,0.1539791071979822,0.7734239641998505,1484.854322244454,3237.74853236641,5.6646460179758105
dynamic_diagnostic,242,386.21520045899524,67.97504061750625,33.87266706235873,4.041656655538469,3.928486829386547,0.5613715944188691,1.086964598194121,63.250384833899574,0.2806140820773459,False,False,3.75263092786941,0.00211593181218278,23.985144881249806,320.7820377445736,327.3298459663328,13.069733668219907,0.17813868720605386,0.7749996326037367,2230.51636121705,3129.455545183181,27.5981281866071
dynamic_diagnostic,243,386.21520520899503,10060.749532211477,41.9813001280108,3.1176882593458046,2.4677550850923913,5.222411795629892,0.02018787575717907,56.65558039804171,0.2612135720515156,False,True,29.912597094299652,0.001204844694448997,62.89365673107226,310.35831648560463,332.29695893133345,3.8561276252290595,0.45679861049826537,1.686343487557224,1549.080438264667,1904.643981101305,24.851188582991636
dynamic_diagnostic,244,386.21520937499736,42.196715243376104,13.09568959883368,2.853724682818414,2.057247757094415,0.9047897838436997,1.022681510959526,36.438684427819496,0.30978570054035237,False,False,0.16498520138587083,0.00377081511804591,73.39024766682493,317.5466308287889,330.85545444451964,8.159275311568948,0.1634944534139193,0.4106112197012525,1245.4578092135869,3154.7597336527015,9.766370462063122
dynamic_diagnostic,245,386.21521349999966,159.6332997791835,127.4730656834901,4.094328234607307,2.6253228096092274,0.5605697218813808,1.0555111358047435,155.32779168751887,0.2678777112684261,False,False,0.054024963990469604,0.014463631199567156,2.4084383461184347,321.09631257689074,332.22546565192386,6.089860418510353,0.1254483740955894,0.37710707513014524,3181.684711257409,1880.066810637916,12.904909435220373
dynamic_diagnostic,246,386.21522462499706,10035.829974000948,10.20147664989615,2.9109674266694983,3.085652553831114,3.7821574895070262,0.5036508435873644,29.95492035153765,0.3129178180026047,False,True,4.03980587058417,0.003139372568196679,6.7126492254164285,315.0037570775747,332.90211438452616,6.069049150272431,0.2085997646447473,0.3093007855416396,4011.1508457176405,2258.1880253670024,5.685712249666711
dynamic_diagnostic,247,386.21522891699715,65.23030871779382,32.378159211428084,3.4933740022224864,2.701513269982418,0.6191742892041288,1.1076796192273082,59.16153706340772,0.3180348946888819,False,False,0.4704686591675453,0.01834397678714529,38.90612455033847,321.5909738858488,332.42678668423525,2.1599262573916107,0.2790366447208923,0.3035358370631937,1227.477334831073,2917.672341144272,12.322045053269129
dynamic_diagnostic,248,386.2152333339982,10040.13400631885,7.5827177708615165,5.025117137149411,5.738025972359492,7.2800693195556425,0.28597252097004666,35.46780006608762,0.27887291767527495,False,True,5.096886585978098,0.004002667989513098,1.8188140816376661,316.9042143722527,331.2315900621158,13.868521036445237,0.0922432338347476,2.9018553687965083,1804.3677058036403,3001.8178498586803,15.63062930379782
dynamic_diagnostic,249,386.2152378749961,10040.440448073381,13.851937352331085,3.6813355070625655,3.444685193975261,7.469642308037791,0.2314899920815452,34.85333012649148,0.30515345721155795,False,True,46.64336579999642,0.004013817451852019,34.329783203830026,310.19304534066237,330.6150819635802,8.798263234738798,0.14384484555531266,0.15645248941841614,1373.0620749958823,1954.6411689542465,34.2225891344971
dynamic_diagnostic,250,386.2152419999984,41.24473982244676,13.217634711178286,2.6431958060562204,2.269324442043513,1.1033096424482283,0.8842991993310125,34.579791784586725,0.3332903648437309,False,False,3.1036664804103014,0.0037166775088538586,9.654282091193263,320.44865443844344,335.01842337029973,6.108297500097698,0.45333607846186863,0.1136995605672967,2512.1657551269736,3157.677010839556,5.391317401761892
dynamic_diagnostic,251,386.2152461250007,54.77460665825409,16.015535602985786,7.009264124009085,7.080755774965031,3.11720701215196,0.43604227293626796,50.915194531289266,0.2536208497923896,False,False,7.337149237969786,0.011387170137195259,15.409863028441336,321.33423613626707,332.0964070126472,5.707649970676561,0.35874905193069995,1.670763867594108,1592.4731241213942,1956.5736991767471,33.65023779059244
dynamic_diagnostic,252,386.21525024999573,51.342592351504045,21.018070290404975,3.918176029037729,3.47007118368695,0.7830089337976384,0.9909937410880156,48.52609892116011,0.2166600036287245,False,False,4.9580430727094145,0.0027306358686673064,53.8211812485654,311.6755051670255,327.4705615443115,5.216013181575443,0.16899357861124747,1.3070085198092256,4787.761827748119,2994.5180576715143,19.056010660512023
dynamic_diagnostic,253,386.215334374996,37.82749031488834,9.391695738345684,3.910978874895589,3.0528165646496603,0.5642591904980087,0.9905074135757965,36.34566748584067,0.15715294190944837,False,False,0.2853001747614505,0.0031821831704043125,7.773074462233913,314.5309907109604,335.031135903612,6.371353450883506,0.5155361511390872,0.175681338477949,3646.1252626920664,2991.6878445310945,20.063832211131665
dynamic_diagnostic,254,386.2154364169983,32.77981877288639,5.205560792366739,4.064083412989844,3.7392919637193582,0.8604531013323606,0.8506654089061515,31.775314452595627,0.12938987082269096,False,False,1.5350367646852527,0.003730678311081307,11.908706376291862,319.0455172008392,333.7263617491379,7.041456087548133,0.20769526991249312,1.252829550038785,2513.3391379829973,3279.5498180053446,11.843320761055784
dynamic_diagnostic,255,386.21548870900006,10010.840727831954,0.0,0.0,0.0,0.0,0.0,0.0,0.4250632861106852,True,False,26.20786055997981,0.0032996411086866047,52.52233563704225,318.21892410452136,337.90430970001603,1.1873247343158693,0.4946823622456117,1.4517676540168434,2565.6646955351293,2572.885432977308,66.51975057164566
dynamic_diagnostic,256,386.2155169589969,99.22110478021324,67.98518034870635,3.9528977405742385,2.699796414845301,0.56170118612202,1.0021452665671555,94.85026377714124,0.2699024824843227,False,False,0.32525913496845443,0.009672100962932625,13.026282496670518,319.3729294454431,333.49356636598696,5.5958508752346034,0.13680765966994152,0.2903518787230988,3044.6085585703054,2168.115176789792,16.305431686516535
dynamic_diagnostic,257,386.21553912499803,46.33801486520232,14.288033049093466,3.436756484799511,3.5700417785718823,0.7519592886809667,1.012219762537694,40.690961076856695,0.3067858587664916,False,False,5.744590688980638,0.0035191796202696008,42.28610887349838,312.90293453173916,329.0544354643622,5.156923452517705,0.3638852151662267,0.6975983397102083,3757.563934825577,2888.9357467514133,17.56579183190342
dynamic_diagnostic,258,386.2155626669992,35.545200961821585,5.561303439174847,4.153065468740567,3.356817178721089,0.5582591883084167,1.0287566926919198,34.00152693057488,0.1603991911475192,False,False,0.5193930492053009,0.00300821391459464,16.585121229012856,310.58155176810646,331.03466515791445,4.391454749186797,0.28634729045326285,0.7154922025768258,2322.049779840115,2518.463228976555,19.081802072699922
dynamic_diagnostic,259,386.2155877089972,45.28557320175354,9.9346025025377,6.76312504579991,6.432666758662587,0.6241778685353663,0.18255089822344928,39.15934411154909,0.3195368807666406,False,False,6.1677483458064755,0.004599042722131878,13.625994307800694,320.43258767551964,333.6929128329759,6.971582885354721,0.5438876144116009,2.29430634545032,1586.1658619299699,2684.8812244111955,8.581314399709363
dynamic_diagnostic,260,386.2156113339952,36.84373100079588,11.29542871597537,4.069976349573086,4.030915716810694,2.7318633369620042,0.49706873850974415,34.86703001210326,0.18150762099209594,False,False,15.652925786567346,0.007907833105685902,15.555679836495528,319.1074559355914,332.4941679467615,5.924887726549188,0.33081438172877575,0.7993600852526078,1833.059501666328,2159.032978352947,28.410731222462662
dynamic_diagnostic,261,386.21563558399794,10034.962099688119,16.722290285833495,3.545246028709124,3.7365083428930013,0.9860131121483994,0.2452794167670863,34.5308962721331,0.08477454570657456,False,True,9.588219318448184,0.0021680652502071326,12.776809091631225,311.02693304450816,333.10120540749574,7.257831265638971,0.2985824741148675,0.9624577853657705,2851.546769614726,2794.4796126661063,14.519332315784222
dynamic_diagnostic,262,386.2156557089984,32.64240037128257,8.06240839705571,3.0914165876468247,2.858961836283224,0.7651122046153014,0.9533081280728545,32.017873635461314,0.10202342343968974,False,False,3.643373317818353,0.004209502763399441,53.94643631335342,316.6010509627176,332.74999240247257,7.258944208405618,0.33381666604429727,0.1005981302174385,2345.8336996617386,2965.870292416841,17.0500494437628
dynamic_diagnostic,263,386.2156778339995,10055.17680747308,32.3653925099907,4.732796737086687,5.327332247465318,2.353401166085582,0.0,53.06781555175887,0.18748297350793985,False,True,28.911808885379546,0.0011399435583065293,4.86351662581191,314.4693370558396,333.6313913133275,9.000975617905612,0.23026926529078703,0.17791894835616417,3445.318213094835,2131.498525824321,11.92502255281055
dynamic_diagnostic,264,386.2156971250006,35.4951823987767,6.446453018641031,3.8523052374254942,3.5557175734312896,0.5702321777454028,1.024016289739585,34.132397870096526,0.15070857798414405,False,False,3.090285734543507,0.0038873232373433956,16.448249199192468,317.9933829004336,333.7992086177641,6.235978375421707,0.19204515344628198,0.6511526529483898,2531.684870627072,2528.0173489160816,20.76393073820318
dynamic_diagnostic,265,386.21573933399486,10023.37753090827,6.214793064576413,1.1260160473492378,1.3158967776926438,1.278242333334784,0.5929247704636946,18.662956396548495,0.2803145409393351,False,True,8.41550243179579,0.0038922193596620264,19.944479876748094,314.9565126723285,334.07198887558184,5.785208011879957,0.23481160579963503,0.1736871081623711,2552.189151368335,2635.673572103726,5.6646460179758105
dynamic_diagnostic,266,386.21576133399503,41.26699974577991,12.880155256314385,3.333981411903833,3.091396068339102,0.5936216479140347,1.0140243673090659,38.43859879203079,0.21711751632657095,False,False,3.75263092786941,0.003630221631734576,14.39678453061803,314.19358469955205,332.4289215451316,13.069733668219907,0.3194857659985296,0.3315279039897091,2306.0675925936257,2540.248773376658,27.5981281866071
dynamic_diagnostic,267,386.2157828749987,33.63567592930962,6.551523337268853,3.122169010150839,3.284166841029592,0.6730672283263542,0.9816729856361097,31.318806650547458,0.19650569452148045,False,False,5.638295224974034,0.0038165957222044667,18.687440803099577,310.35831648560463,333.4781917202079,3.8561276252290595,0.2565741291907389,0.2662510653612249,1549.080438264667,2612.2120166838668,24.851188582991636
dynamic_diagnostic,268,386.21580670899857,34.69012886562065,11.147941896480146,2.7587759602044177,1.8837741776621364,1.39998878638304,0.8856260650817113,32.63555112892759,0.18504854032987575,False,False,0.16498520138587083,0.004912543977843621,73.39024766682493,317.5466308287889,337.49734821376376,7.68309015719347,0.4067090600019814,0.4106112197012525,1537.3859492937768,3154.7597336527015,18.51912868177391
dynamic_diagnostic,269,386.215828417,98.24043891624018,73.26618847033264,2.7154808005654747,2.962117662243366,0.988363136787375,0.5764643938543806,91.78650282891869,0.32797195223884335,False,False,4.555004848700837,0.014463631199567156,10.170634249174412,321.09631257689074,332.22546565192386,7.886362313265293,0.4106974812845992,0.09911635176984722,3388.483543045029,2942.0541165191516,7.1776555868783385
dynamic_diagnostic,270,386.21585241700086,35.942130676354715,7.574295367133889,3.393626098057688,2.8820493388479083,0.5849364414776149,1.0808417664440062,33.89979241822174,0.18449653375845007,False,False,1.07246588229475,0.005151091052431714,29.570824140342786,315.0037570775747,332.90211438452616,3.984840369927647,0.2364929852268341,0.2902008773038038,2054.4937134330125,3221.646107765251,10.207426987356921
dynamic_diagnostic,271,388.0544618339991,49.633971616723386,16.596276764764788,3.8417282288667645,3.2672355645391633,0.5618894909721894,0.9928874204511592,43.58429080680425,0.3175342713765749,False,False,0.4704686591675453,0.010748625211146353,11.413948498985041,321.5909738858488,332.42678668423525,8.722337713601652,0.2790366447208923,0.1298211592478801,1227.477334831073,2860.070801817161,10.393590403455912
dynamic_diagnostic,272,388.05452287499793,73.4626795637564,41.236750185191646,4.170715790881983,3.923937051609412,0.5620713761647563,1.0682214793260443,70.77252804944192,0.21174479585554848,False,False,5.096886585978098,0.001444375338463097,17.00438752950599,316.9042143722527,333.28195836159745,5.938369791896952,0.25815083054508786,0.2611564841455951,1886.2003070304,2267.750267339406,36.63345755106504
dynamic_diagnostic,273,388.0545515420017,41.31485323115713,6.243710917301239,4.344332574114578,3.904366375656574,0.5660919382369729,0.9068410305041239,34.34621335046952,0.3407990581141037,False,False,2.435780708677769,0.0036046883211318034,6.333349982893895,311.0031057689158,336.2636284440942,10.089787345126723,0.1447513422420001,0.15645248941841614,1373.0620749958823,2774.0363111475353,34.2225891344971
dynamic_diagnostic,274,389.6836929169949,36.763355773674455,6.72624474610271,4.33651788837805,3.5550367778169782,0.5584446855058247,1.0239228043660427,35.85713118419926,0.12289728702424597,False,False,0.8820926469687572,0.0037166775088538586,15.190584920431458,320.26626872781554,334.29343461562723,6.108297500097698,0.3086030136529106,0.189281082968125,2087.7396358337824,2333.3414564904606,26.22387480133887
dynamic_diagnostic,275,389.6837590419964,135.73354556716657,113.37640934656855,2.618547519968128,1.798428456677038,2.2820747382926125,0.8123889492722084,133.9201851235628,0.17384669700648003,False,False,1.112745379633158,0.011387170137195259,82.42122492378331,318.9327450224567,334.1415529663581,4.7523958360628775,0.561096707612385,1.670763867594108,2641.083803774599,2831.234349396654,13.274342663671034
dynamic_diagnostic,276,389.6837846249982,63.33606080506059,34.77781077591724,3.5255695969407252,3.430594986924765,0.5822777171395317,1.0522072038340307,61.70273985824231,0.1649909566621901,False,False,3.711154268289243,0.00917855796725235,8.709942885678037,317.79269030894795,333.5472026157649,5.216013181575443,0.16899357861124747,0.5147485360838722,2580.0327411112216,2994.5180576715143,19.056010660512023
dynamic_diagnostic,277,389.68386133400054,10069.878732289022,41.22371908043897,5.715242282489915,6.398886111463984,2.2235386061130304,0.3142302686836256,69.65086456663272,0.061626255550432565,False,True,11.223809983940754,0.007975914444533095,15.242444185772014,314.5309907109604,332.9604347029261,6.371353450883506,0.31278621257157035,0.2892819448131856,2447.6992863634123,2575.126066603246,17.914218692531623
dynamic_diagnostic,278,389.68388312499883,33.51430184146952,8.345415491021091,3.4433615188886817,2.804314233706082,2.8565551726724694,0.7732234554305513,32.18677333289607,0.14874634497321554,False,False,1.2535975440332252,0.0025693842714078477,31.804349752835115,312.8424178621633,335.7194666840454,7.252035146198819,0.2961572023669752,1.252829550038785,2409.5830434512172,3109.29587612098,11.843320761055784
dynamic_diagnostic,279,391.2895415419989,41.022197617893525,11.700287642438688,3.6231291082854202,3.1178456953226723,0.5801786116494784,1.0323582638170083,38.365909134246465,0.2104078770565661,False,False,2.4879140854260084,0.0034851849230768442,18.83280534093977,313.0522789760293,337.90430970001603,5.100223954493502,0.4946823622456117,0.3260868876266274,2458.027526913733,2589.991957205052,20.81812871840766
dynamic_diagnostic,280,391.2896029170006,33.73204117587573,8.85209087713376,3.13300000130709,3.187312656434495,0.649266039411993,0.9699261738732434,33.40215064367444,0.07414968332156321,False,False,3.437296657017178,0.00442959559075675,24.371330101599245,315.0237662908853,333.63297789815465,6.882302959338694,0.23109779586454413,0.21807983793292163,2327.4705979035407,2903.4817272497958,18.21526990911648
dynamic_diagnostic,281,391.2896395839998,10025.198307494386,7.285626939021851,3.0318301177503417,3.350169115911094,0.829713852810876,0.24510557386200219,23.087410220933435,0.18756764439584628,False,True,9.484361567832183,0.0035191796202696008,11.280811471558978,311.36971292909953,333.8546153105827,7.242700894977054,0.23337085318808082,0.17868830373348443,2000.5322350309361,2415.0473334363787,32.18970436287301
dynamic_diagnostic,282,392.93350583400024,20.38811878908906,7.9021842416471015,1.1321116394110258,1.0637939186297594,0.8337962390977035,0.4817847245423896,18.560627892567467,0.17452272519271875,False,False,5.396654972932862,0.00300821391459464,16.585121229012856,310.58155176810646,331.03466515791445,5.317838842545533,0.3337197601176034,0.22837394405957712,2499.2139862400622,2518.463228976555,21.931747539777223
dynamic_diagnostic,283,394.5385159169964,10039.175450560904,16.235141433014235,4.935644060973329,5.086854121828719,4.283696282277425,8.560135927028703e-05,38.2718030952129,0.12272241480212563,False,True,22.397966592115544,0.0023338960822927323,18.36470917601169,311.38354135066305,333.7061267709848,5.323248415721251,0.28049629127435793,0.2010466901534955,2398.180755963877,2448.093309958849,26.900496710215208
dynamic_diagnostic,284,396.1495026669945,32.900769413421166,9.528027666548335,2.724926984550166,2.7378509926401993,0.5468682522171476,0.8827743597272456,31.30738605567455,0.1629613122669825,False,False,5.51274061835146,0.004375046486749721,15.555679836495528,317.34759802260123,336.13305226663067,6.826069661584351,0.29647356482985077,0.12877271293755344,1842.4288659921158,2367.1528574640115,20.846483640073544
dynamic_diagnostic,285,396.1495676669947,10020.12528256034,8.159496161183153,1.1779895632271626,1.3983953408338183,0.8289930962563766,0.5374001075886858,19.95515803089088,0.053248557014786944,False,True,9.588219318448184,0.0033281498092637635,14.926261714021873,314.54781633782795,333.0790699629616,6.225929945091093,0.3049843878340556,0.4183328334633309,2485.921632573362,2579.779976571004,19.617169174660592
dynamic_diagnostic,286,396.1495956250001,38.29502853543059,9.977407234023396,3.4348960174899696,3.37474753021802,0.5754871913711684,1.0244039962025453,36.23743436682745,0.1851843301777601,False,False,3.101114067552001,0.0035245738159436608,21.00338623755151,316.07629006598944,331.9330053045499,4.922462400430229,0.4184636130487987,0.39085537048887886,3187.5737860021463,2484.7074617150156,17.0500494437628
dynamic_diagnostic,287,396.1496175840002,33.951757148742885,5.501700252710309,4.185825988263003,3.2081014243499753,0.5619570047749392,1.0120995359239409,33.69345257532406,0.06561307966897423,False,False,0.4177276314355031,0.003586828319112024,16.97018012667223,314.5753024879451,333.1416682109299,6.017085829351322,0.27391868168318323,0.9405524457304636,2470.1036912069703,2580.3309104666673,21.649651375543982
dynamic_diagnostic,288,397.9347064169997,36.98553834509032,10.659745459716522,3.167822577060542,3.3046671573358957,0.6626656017902022,0.9882203788734417,35.657857695610446,0.1487548682385373,False,False,5.142785449296565,0.006000806746886764,13.962149683066693,315.12156469661306,332.47946338667504,7.536732885079481,0.2677496770116095,0.6511526529483898,1931.6347241176863,2809.950130617331,13.280876305582195
dynamic_diagnostic,289,399.55469645899575,35.966078896736505,5.96676315031941,4.263172644705261,3.4073017735662408,0.5612033524337569,1.0084470287274632,34.54554887894787,0.15386845127080864,False,False,0.9887590710899047,0.0037170750431608597,12.982715270935504,315.8518573226922,336.61380357718696,6.346283779659096,0.3129401513626355,0.13890784605801146,2205.51850238243,3237.74853236641,21.307741618780817
dynamic_diagnostic,290,399.5547581669962,44.45657975091114,16.82260937719115,5.094865550374838,5.626606838706192,2.1894257389934157,0.3071375691643472,42.51417656649073,0.17992605816558851,False,False,13.670659901187094,0.006146884902747524,17.790869530012912,314.19358469955205,332.5849848626367,5.776722117449136,0.3194857659985296,0.19973899076845839,1997.1322048952718,2540.248773376658,31.959333176972347
dynamic_diagnostic,291,401.2071886249978,33.47402583993298,6.8236628269554,4.843394070252845,5.116084502824918,1.671109358840904,0.32139998863262115,31.16228408355076,0.19628812820197997,False,False,13.628021033574266,0.0038533117946199526,13.397832077177274,311.6683708575229,333.4781917202079,3.8561276252290595,0.2565741291907389,0.17223363170757042,1549.080438264667,2642.6073657102115,24.851188582991636
dynamic_diagnostic,292,402.896503416996,35.49686846682064,9.039886597264985,4.750339119726098,4.785895069308809,1.1814962904008912,0.36638337523531206,33.064147673776276,0.20135875086705163,False,False,8.832740879157313,0.0036108157646475387,12.238322013688357,314.2669919821255,337.49734821376376,7.68309015719347,0.31191106845715894,0.14155279558390485,1537.3859492937768,3154.7597336527015,18.51912868177391
dynamic_diagnostic,293,404.4961983749963,217.56082741231398,190.69928870377095,4.56075773008778,4.519320095759451,0.943460962310206,0.6573969640130204,217.26137603910507,0.07064599224406565,False,False,4.555004848700837,0.014463631199567156,16.082126128109163,313.0071577582138,333.0185021648744,6.273767778646548,0.3280811948968024,0.20697716995717247,2420.975003273847,2598.448258987914,20.44097346596773
dynamic_diagnostic,294,406.26070349999645,35.955657244389286,10.721773869717468,3.2824731192829866,3.030694501096308,1.2800889227904844,0.8988047052528153,35.02558865309176,0.12450358704990046,False,False,7.3389712855098725,0.003159919522896798,32.997219884554134,313.56371570430116,330.95799213474635,5.3694594653828025,0.2364929852268341,0.42408095317544836,3364.2435076522765,2802.407491270586,21.08383459337131
dynamic_diagnostic,295,407.91411358399637,23.48080841893515,8.898137311282774,1.429592385339935,1.395394208862041,1.4042699020418716,0.6238783080687059,22.770983324010025,0.10876772613579866,False,False,5.453757201482597,0.003540489503415117,11.413948498985041,314.42488168545015,332.74813701099185,8.722337713601652,0.2904909326391757,0.1298211592478801,2405.330697913295,2564.7820753581955,24.956350092094695
dynamic_diagnostic,296,409.54655620899575,10071.988486868328,47.68698086078658,2.6914799674618903,2.8555111465677943,0.5830933898678549,0.8238352849232149,68.79450202375256,0.23072295235392604,False,True,9.657383843080046,0.001444375338463097,12.686436390621655,315.1429181635747,331.0129425271186,7.986147615631547,0.22088115283385237,0.11652118139524334,1886.2003070304,2563.887112553852,36.63345755106504
dynamic_diagnostic,297,411.2037450419957,10023.490601341944,10.028840821067439,1.2269896639410647,1.479569248633728,3.3692136424286443,0.44225336163626594,22.181026222373873,0.14773710431989695,False,True,5.072298374357122,0.003245647218379683,6.333349982893895,313.49232728600197,330.6488627546038,10.089787345126723,0.22619381911023487,0.4069914105992022,3493.8123070924225,2774.0363111475353,19.326736922897748
dynamic_diagnostic,298,412.81775537499925,10029.58375837627,4.415436778042712,5.4380860181151744,5.499395795631097,4.095766129957491,0.0,28.276973692998073,0.14757962163248112,False,True,21.13979970364539,0.0032839662770343734,11.14322659529744,313.0440241042996,333.5684679761732,6.108297500097698,0.2904075479610226,0.1392234636885462,2087.7396358337824,2316.981666946469,29.832574468835027
dynamic_diagnostic,299,414.4373275839971,10055.8143573421,22.220184068266647,7.370724411494673,7.568886679594988,3.279700114127899,0.15445472257036122,55.394550710253945,0.08364674050687142,False,True,9.020801370856693,0.005717482747250846,15.409863028441336,313.2386149485013,333.3836145700925,6.533197578559622,0.35874905193069995,1.670763867594108,2597.5793859236164,2715.6623867832122,15.564183777063556
dynamic_diagnostic,300,416.2511813339952,10033.82145983331,14.653168358792962,3.451538685402374,3.677179765914763,2.062825610244132,0.07862081550765915,30.659826772128824,0.22955148519019122,False,True,5.292429585699778,0.0027306358686673064,12.60431351888989,314.7180417317406,333.00168727486715,5.216013181575443,0.2879813274138346,1.3070085198092256,4787.761827748119,2994.5180576715143,21.796431767094745
dynamic_diagnostic,301,417.8669843339958,10030.768890619318,4.865651532491791,5.876567409725297,5.730179288812135,3.7691912678467636,0.0,30.110128684403197,0.10478246791289965,False,True,17.01878804109664,0.0036309597404937666,13.543838680410857,311.1531092531733,332.1912622536361,6.973107881036651,0.3056260276186946,0.1703955612182804,2447.6992863634123,2655.6372047423947,16.221782632300098
dynamic_diagnostic,302,419.52043712500017,10023.47474015133,5.418370731419,3.783689087684481,4.429434578783375,2.8188655861366083,0.0,22.608305366324124,0.12016896333956374,False,True,8.271514528820594,0.003308229136702266,10.539889036411417,313.93404157473685,332.541607428428,6.5625297602699,0.3563020269329079,0.15806315533481854,2513.3391379829973,3279.5498180053446,19.681113898229547
dynamic_diagnostic,303,421.17298183399544,30.475453862736252,6.4736259092334185,3.4918788352639223,4.067902791076033,9.2918266254351,0.1915095332516002,27.96119291783797,0.2047055179560093,False,False,4.695727364444553,0.003656999771619664,13.362743100966126,315.08910476390054,337.90430970001603,6.798626309770926,0.4946823622456117,0.2485918754136701,2458.027526913733,2589.991957205052,14.895972338904315
dynamic_diagnostic,304,422.80473629199696,10033.661323000662,19.365682333335542,1.1579383309770392,1.0859443402746054,0.6497407411448015,0.5994685944204452,31.44393517015901,0.19224064045282824,False,True,6.916846890521068,0.001802335373387845,18.330732175894635,311.34441358095995,336.3240374502291,6.882302959338694,0.30909490839260917,0.21807983793292163,2064.4396757575173,2903.4817272497958,29.553921892895556
dynamic_diagnostic,305,424.416773166995,43.15166067393698,10.827016115904891,3.394347595956096,3.289530221589527,0.5728113185590572,1.1100999994738734,37.907194778328716,0.2956480423185724,False,False,4.964372764430598,0.0032923512707564483,19.770465583457412,314.65719939169844,332.18133608254857,5.215635996140224,0.3638852151662267,0.7860978885605253,1639.845470643363,2052.36916227643,45.535988626605715
dynamic_diagnostic,306,426.0779683340006,10038.795886436994,8.912906135273014,5.622608574881864,5.929327535456637,6.472940943195699,0.0,34.94652986697309,0.25329023438277287,False,True,6.412150555527417,0.00300821391459464,12.075076092254847,316.7547267096933,332.7512178070105,5.317838842545533,0.3582570117376581,0.10508291450843785,3339.7667543220487,2932.816576297448,8.450929808674836
dynamic_diagnostic,307,427.90736395899876,20.089959764062606,6.883426889710476,1.7119444689066334,1.6675992288317545,1.0325795053918618,0.48027751368946514,19.966479442231645,0.04536524400738251,False,False,6.1677483458064755,0.004099480531738787,13.625994307800694,314.565650088545,333.6929128329759,6.326966423477677,0.29429117845022557,0.18831875853477403,2398.180755963877,2408.8326133364053,18.03305931149751
dynamic_diagnostic,308,429.54393191699637,34.3933539965091,10.017961379986808,3.1756966700191978,2.92430798710746,1.4488040208092716,0.803895466674878,32.84050698765503,0.16087505549618653,False,False,4.157809611795631,0.003491149268146237,10.563141069316211,317.34759802260123,334.67530291287096,8.367375474174494,0.29647356482985077,0.15922739713591597,1820.8965995130175,2768.851635530629,28.18451824652648
dynamic_diagnostic,309,431.13697224999487,34.45752038773278,6.857570697038962,3.6023718215085205,3.3975111346987568,0.5808505586795977,1.035533677479961,33.77902670536261,0.10634015252717463,False,False,3.47408273355075,0.00374768164031393,19.10915629123087,314.00531113533685,333.44339457446614,5.479714753744117,0.23438909561927232,0.584772759979425,2155.1795062546375,2582.9845864191448,13.511398608030396
dynamic_diagnostic,310,432.7676076249991,38.39076726260083,10.298244622146461,3.895239135164047,3.2962313020688807,0.5642504123324616,1.0447100424293505,38.098839045025926,0.06975292318544889,False,False,1.9196608096226324,0.003721231143890609,10.405068098188364,313.84518114613616,333.7625551621573,6.2689209029153705,0.33381666604429727,0.18105040789043772,2406.7664840263524,2442.700634812415,22.731509742518337
dynamic_diagnostic,311,434.3901139590016,10017.581306457618,4.730694967968107,2.1086512664342547,2.2759696424441676,1.034730212091418,0.23048380816675498,16.615789213761808,0.1268540660139453,False,True,8.858635207559244,0.003586828319112024,15.403472903185508,314.5753024879451,333.1416682109299,2.7945922393687317,0.27391868168318323,0.9405524457304636,2499.0854431871426,2505.415188748947,16.009569525150063
dynamic_diagnostic,312,436.28536133399757,27.636945452084674,6.72592972169025,2.38616829371268,2.4541586335864003,1.2265502627897895,0.843737969461793,27.076724001351096,0.09662827836038991,False,False,11.223193363832495,0.0045287939491250855,21.292647839059004,317.9933829004336,333.1845703466724,6.235978375421707,0.25904986039240097,0.6511526529483898,2219.8102156285963,2915.317450762497,13.464823777321039
dynamic_diagnostic,313,437.9301415000009,23.172136153881763,7.4817578920756205,2.201116345924624,2.1404221940045685,1.8407876042762163,0.45176777080080593,22.56713617560184,0.10041580040676899,False,False,5.589731069731976,0.0036946565569750864,14.482024248415966,314.82704730370637,335.7478645246144,6.5980041616274105,0.37870738837735046,0.21120213863624804,2453.1725777806373,2583.0118112758983,17.13174726317652
dynamic_diagnostic,314,439.5313687089947,70.59600740762059,44.949764841178755,2.9623909341619354,3.094520563322307,0.6972862917724454,0.9828796228021532,69.07465682649892,0.15923518147285934,False,False,3.75263092786941,0.007337194605710059,21.269915411174125,313.5228761358881,333.11015218109554,5.335086291061085,0.26732629939312313,0.18578880507362727,2561.221323352503,3081.1286495221348,10.186606415256636
dynamic_diagnostic,315,441.16522537499986,10016.8287455471,7.034661461749424,1.2837194031916859,1.3384801912461874,1.3838612042002782,0.2751215064131408,16.217688541628497,0.10091721074491102,False,True,6.131744096011203,0.0038533117946199526,12.221929383775214,312.90829916744906,333.02945771470235,7.180288775750523,0.2565741291907389,0.14465349145715864,2747.8784297871425,2690.212951443717,24.851188582991636
dynamic_diagnostic,316,442.7706130840015,32.89670077557441,5.266049268935986,3.946433981219874,3.589386466123639,0.5787155539907411,0.9307801961561617,32.15345780958856,0.11129861978672899,False,False,2.6039588112562297,0.004181393716402345,15.137748269256909,319.6683354699683,335.04028723171297,6.79065931789875,0.268659692158404,0.1590275466488191,2224.922247911451,3154.7597336527015,22.05921398295764
dynamic_diagnostic,317,444.3797830420008,10039.37265373612,25.5314538306938,2.7022357228705047,3.4222361216724364,2.4108702775046984,0.0007888236472331347,38.2752981434969,0.13523779012186532,False,True,25.656387324949517,0.002307028536286886,10.170634249174412,315.7663828564215,332.22546565192386,7.886362313265293,0.2713751755760172,0.08902965035624259,2121.4206797030165,2409.314867843608,26.520703167249945
dynamic_diagnostic,318,446.20062250000046,15.678315594351378,4.7441794564124935,1.320203878143958,1.4566951548928972,2.1109957900169167,0.26328545257461133,14.376409571641059,0.1473038822021968,False,False,12.169724131694787,0.004202916073342754,19.51884876745123,315.0037570775747,332.90211438452616,2.746326815220834,0.250565068629339,0.2513254232918895,2398.698611488058,3221.646107765251,13.711374653285
dynamic_diagnostic,319,447.7947351249968,35.251941486091916,15.102801324685926,1.9458703416866077,2.2010945357404053,1.9449617457317159,0.7710894419842828,33.36706106216341,0.17724185096117057,False,False,12.608455233245252,0.004547163499609525,30.988075586000516,319.6003056990265,332.25318209336564,8.722337713601652,0.2904909326391757,0.25351129489652297,2405.330697913295,2754.8034139381975,10.862014203651633
dynamic_diagnostic,320,449.4427329589962,29.1712280337361,7.432120065235251,3.1081778111145564,2.874363951633644,2.04928963704927,0.6333220148835391,28.25552644733967,0.12353822528516097,False,False,5.096886585978098,0.0042140044165291535,11.571500397442655,313.10885336804984,334.5581861219247,4.9067277721219895,0.25815083054508786,0.09705292238479915,1886.2003070304,2617.0259225635064,17.481113860738304
dynamic_diagnostic,321,451.03236441699846,36.596252907009536,7.656969888706917,3.5900195563169066,3.2672795943012893,0.5831943289953675,1.0204169328810329,34.230908511029,0.19855076579977127,False,False,2.435780708677769,0.0036046883211318034,23.55322514592582,312.63249168877013,336.2636284440942,2.2029404468711435,0.2901877423451973,0.21586862482071711,2376.7209432352056,2850.7391824532115,18.882055148479065
dynamic_diagnostic,322,452.6654640839988,18.190218400675317,7.365510053885692,0.9752192239975054,0.9396608304563012,0.47908258630120465,0.4767497593564571,17.191366961762593,0.12902528427358237,False,False,7.935384830805444,0.0038369935136769715,13.349767381887776,317.13713082977023,332.95165068377173,6.108297500097698,0.23676830773487906,0.189281082968125,2498.477538597644,2452.3893857515563,10.912022905872766
dynamic_diagnostic,323,454.5433427089956,37.904286538773796,15.016273761087824,2.652932906825681,2.3748133405383998,0.6955169869702967,0.8431800202625701,35.81580455873925,0.1865691105209426,False,False,10.820543230996266,0.004083807248732769,16.393557833167606,321.33423613626707,332.6031971575924,3.9934274512881536,0.2554800655056012,0.21406449830976743,2376.583468103563,3216.1590450631547,33.65023779059244
dynamic_diagnostic,324,456.1672736249966,10027.823481633624,5.444815666276046,4.3548868881452565,4.528092311411495,5.229499559930618,0.0,25.65231842208862,0.19022632185265467,False,True,26.8418050544686,0.004490557638829571,16.105420678361714,311.6755051670255,327.4705615443115,5.216013181575443,0.16899357861124747,0.2502090216699979,2398.6250112343705,2405.2826394866274,19.056010660512023
dynamic_diagnostic,325,457.7669021670008,23.146098337621723,5.1141907851155075,1.814025686678063,1.7918590765467266,1.0189338562892476,0.7623518823339095,22.00581643784796,0.13785752910001944,False,False,8.923828963679517,0.004247109305298173,19.51884876745123,314.45219286449975,332.90211438452616,2.746326815220834,0.22703756181468182,0.2729005565011534,2433.135699686398,3018.971933016329,14.149917052258001
dynamic_diagnostic,326,459.37778208399686,17.90332874821957,6.90433418269431,1.1232840308097805,1.3124117539899773,1.7865055459534962,0.34129411018556266,16.575380124317128,0.14876987956249987,False,False,12.357545714254053,0.003730678311081307,18.39908240829913,316.8535145578374,333.7263617491379,3.304093359806308,0.264758501503573,0.2429098990832088,2379.3441701934134,3249.7698501994055,12.31240507295357
dynamic_diagnostic,327,461.0017881249951,10052.803113866072,12.430090391678275,8.286118783676503,8.097105732744735,1.4635346636260311,0.33294011673959445,50.112601208140674,0.21175900838499748,False,True,8.7666076641763,0.004260780724779283,16.770273104408115,311.41996734656414,337.90430970001603,3.1442507056177678,0.4946823622456117,0.17805663957519918,2168.9355949402916,2960.604501261646,14.895972338904315
dynamic_diagnostic,328,462.6073452499986,22.489851841545857,5.189027129481833,1.7079107156106095,1.8811617965939686,1.444745055766333,0.7444798322703158,21.850051588034585,0.10326343766561907,False,False,11.037177726437383,0.004189479381146608,20.163119349073476,314.61358002430404,333.63297789815465,5.478641017073469,0.20710579297449042,0.284913628854201,2332.9230653409345,3199.9730602712434,18.21526990911648
dynamic_diagnostic,329,464.52944070899684,10024.835326235669,3.4666179560003973,4.750842731101203,4.494675475746593,2.6202664695487625,0.0,23.52395485982498,0.14783839013398223,False,True,16.609733364837602,0.0042480104516627835,11.280811471558978,314.53154945076494,330.9584988388,2.529685559642687,0.19334330538896696,0.22787901378668915,2265.144149989093,2485.117835448581,15.833290872255986
dynamic_diagnostic,330,466.15170470899466,33.87735069612463,19.980265328890294,1.465860103315785,1.7411662682688667,0.6866629522034987,0.4938075792132541,32.388034333767315,0.15754979965909816,False,False,11.721852544093151,0.00300821391459464,16.585121229012856,318.1398698077739,331.03466515791445,3.0267693485485583,0.2641312725525719,0.19441015577734205,2499.2139862400622,2518.463228976555,21.931747539777223
dynamic_diagnostic,331,467.74810929199884,10034.340158216606,14.210409435781099,1.9397466020256182,2.4898771564201234,1.668072715726096,0.6529650256578147,31.1891430640349,0.22916570251571355,False,True,14.38984956765809,0.004558940296146815,20.188493635175618,316.377957023903,333.6929128329759,14.423822710465334,0.2425355071793161,0.16645488543861106,2175.2200261329704,3146.228417986171,12.13367841367261
dynamic_diagnostic,332,469.3454826249945,31.137982662298214,4.5752357760642735,3.2265075589061656,3.069982606051531,0.5992010363874827,0.993023428978079,29.540622724764994,0.16316453544062096,False,False,5.51274061835146,0.004375046486749721,23.794329766915922,318.2667296497825,332.83815586660825,1.2344889288974978,0.22300452285952527,0.27035312610461976,2412.347850167932,2367.1528574640115,18.438539765603572
dynamic_diagnostic,333,470.9562858339996,10022.233649557335,7.630873948648509,2.450054681142006,2.9022495647368625,2.2751575807809457,0.19167234786607204,21.32093452159473,0.12333660147061551,False,True,15.111254896431443,0.004431530450394078,19.05645758371643,315.1658655359785,333.44339457446614,6.301399244494697,0.24175601467335509,0.19643426183028675,2439.98338581418,3164.3882392729906,11.390935713685668
dynamic_diagnostic,334,472.5839872919969,10017.80837031987,6.154563644456072,1.6355112003810603,1.7434071667204982,1.1189781432042794,0.29234308158101485,16.87211046289407,0.1249172964388183,False,True,10.101035743497778,0.004039379182814767,16.541404665848503,313.84518114613616,332.92369729264743,4.211133542875586,0.24445766585641845,0.22212076904628417,2441.672720772633,2484.7074617150156,12.412814000745344
dynamic_diagnostic,335,474.5671051249956,10028.453032403968,6.998263289410011,4.419660061863173,4.657209057823037,2.195994437591697,0.11947946094907905,27.44620328300736,0.129539512695273,False,True,11.348224298270042,0.003887122177908955,15.180207831521635,313.6192696007085,335.1094317332143,5.170615017899557,0.3545503199282751,0.2423023418280776,2418.383882209368,2580.3309104666673,12.494249082983993
dynamic_diagnostic,336,476.2281243339967,10019.280946242458,9.723819413786398,1.4894793932301087,1.6679399054320776,1.6062253965093545,0.13610326562370345,18.29654938464792,0.12808830663582974,False,True,17.290216425607213,0.004170137223088237,14.235641331762192,317.9933829004336,331.37041884494727,5.58682064210577,0.25067909759468754,0.20137934768936006,2411.2366530524246,3097.054927902298,15.483102392143225
dynamic_diagnostic,337,477.8499297919989,25.164627534863005,5.074698314642709,2.1516777667577465,2.3218855076407587,0.8722252326032701,0.8307179883260432,24.25634559877086,0.12303671105894538,False,False,7.489128843604009,0.004363302815521981,20.617592170585013,316.1066000032169,333.81213090573266,3.0436310677254377,0.2647471035217996,0.23296056178756583,2280.5186280423104,2583.0118112758983,18.632344058145936
dynamic_diagnostic,338,479.45879233400046,34.84850586758206,7.873756182222392,3.270540157219383,3.035799046423298,0.6049773034809703,1.0105369173497232,33.150107360241,0.16824577792330397,False,False,3.75263092786941,0.003862797401478083,19.43242780109119,312.54892613344316,334.3945888131312,3.168280018238489,0.2810278718124028,0.3315279039897091,2383.19902138577,2652.0778294094425,27.5981281866071
dynamic_diagnostic,339,481.06872974999715,17.232380657919606,5.545636609887855,1.430443843098991,1.4459279125687885,2.226444714897788,0.30083432924518966,16.006130360144788,0.14295980191268326,False,False,12.703296988300503,0.0038533117946199526,20.853478533117855,314.98865602696446,332.7359959165831,2.765666191574449,0.2452063639175063,0.24383288739075806,2420.154049596657,3294.099972460128,14.363928421831545
dynamic_diagnostic,340,482.6819162920001,10017.643259620789,5.6411500749967,1.4014382270752508,1.6266626538390148,2.1352713397170024,0.3274672819253214,16.469370463023825,0.1398742981969462,False,True,13.224097468151692,0.004152762332073224,20.959429713459826,315.6384817188708,332.5251158162122,3.3651231481987693,0.2652854367634483,0.335480721359853,2663.278009807834,3130.936524430579,13.89834432756941
dynamic_diagnostic,341,484.29355270900123,199.5704239713518,157.11485441793988,8.388057694575107,8.17747286288887,3.5461696827042886,0.4460637201220153,197.5823498473704,0.18202903266518597,False,False,9.473806399065593,0.014463631199567156,18.35053622928177,313.51202909269074,331.8526337717605,2.317790688980722,0.2735467697475717,0.2671266415195797,2558.584888309047,3193.5342271696045,14.053681898745701
dynamic_diagnostic,342,486.09946366700024,27.73906457521951,8.37296989809177,2.0180626891543127,2.224457124267934,0.8462620320280574,0.8628916753858992,27.42944621046746,0.07183527044008962,False,False,6.698791380467103,0.0041322786389066685,21.3805818027038,314.5309907109604,334.1308870101692,6.371353450883506,0.2800453986889074,0.2606521463460881,2503.1714372974643,2566.995478255514,20.063832211131665
dynamic_diagnostic,343,487.7265180839968,32.299408473319005,10.669047807984652,2.598639479009515,2.434417343854819,0.7284861559803606,0.8347604592418867,31.28075217776084,0.13029813861283437,False,False,5.453757201482597,0.0040329657738700075,13.612526458919534,313.0772935233482,332.8637016654682,8.722337713601652,0.2987118820986331,0.21104125508824317,2405.330697913295,3272.8645124789646,13.251555296501225
dynamic_diagnostic,344,489.3376522089966,10023.646584365611,5.1110572974543595,3.442987925041869,3.656267422872575,3.3215759638727658,0.11928656192705181,22.188515220513548,0.15588826902080158,False,True,15.499533935126399,0.0042140044165291535,21.974621981269667,313.27874618284034,333.2185123605579,1.9716260386049083,0.25815083054508786,0.33315873027393567,2100.4854918173965,3008.2997525605224,16.45676573658111
dynamic_diagnostic,345,490.94069191699964,10042.348598877872,19.053460851760498,2.7261935199823792,3.0682306635097296,3.3304375731765137,0.29473534041830146,35.50231494682524,0.3377939196967733,False,True,13.100093426292892,0.0036046883211318034,39.94073723303111,312.63249168877013,336.2636284440942,1.7671681134350967,0.186256515406256,0.5946681633875832,3273.1851479688985,2142.721931062859,14.39222752096256
dynamic_diagnostic,346,492.5577945420009,21.188997548300403,6.074682432262122,1.46034760238452,1.5054652277760603,0.6434617421709219,0.6980207229652771,20.65917001386053,0.09397052148057516,False,False,7.594153289627188,0.004322874831778306,15.226371161227327,317.13713082977023,332.95165068377173,4.5585067656039495,0.2771897351830178,0.2211165943142966,2383.920448313956,2888.309312543138,15.800880803004416
dynamic_diagnostic,347,494.16803229200013,37.67008139808104,13.558752865848966,2.822482783114232,3.040715096221296,1.1617630809724666,0.8738768854557022,36.134320477367616,0.15998754746924415,False,False,11.72845377886775,0.004029320308119978,32.59856708267073,321.33423613626707,331.34923857429123,2.7019614928496956,0.1862800784134201,0.5374471299030901,3184.0959256200726,2340.693843924163,12.8969018753384
dynamic_diagnostic,348,495.96473875000083,31.18102232347517,5.205815363024505,3.1763435295844684,3.0452581890635653,0.6076076643826792,0.9983536738209637,30.064152058884375,0.1364349823536711,False,False,4.9580430727094145,0.004426941265872892,20.027805959211783,314.1978198890659,332.5429907638575,2.503308578730925,0.24462144025844282,0.25508265893022747,2407.1804846555615,3209.3926258090614,19.056010660512023
dynamic_diagnostic,349,497.58798441699764,20.835004275373027,5.912843747961144,1.4512601961781626,1.4656524238193969,0.8127546573983069,0.6231717640229303,19.616715257289343,0.14249497172904532,False,False,8.044045743781833,0.00398086519523052,19.51884876745123,315.0037570775747,332.90211438452616,3.2616670154825878,0.2787142556947138,0.14683668610461784,2398.698611488058,3040.843471568327,13.711374653285
dynamic_diagnostic,350,499.19812024999555,10027.693156887748,7.137007659063845,4.420241956441931,4.498845403983727,3.713571928836087,0.0,26.753364896791407,0.1251527061205199,False,True,16.288055278896056,0.004127124411661662,18.207844123451757,313.46988861305215,333.7263617491379,4.528342805282513,0.24290336021628153,0.2569223921958934,2365.2164786536896,1847.808588184982,13.6414166014832
dynamic_diagnostic,351,500.8134465839976,10019.887231190007,4.2855978500078225,2.860316749318226,2.82752701265034,2.370122588208322,0.04498963468922582,17.41901202098771,0.20282254842672062,False,True,13.537816387024822,0.004194899012465727,19.210965784696654,315.08910476390054,333.0209254024754,1.487831148088366,0.24742101065721653,0.27353166514307187,2458.027526913733,3298.6305625845976,11.018580253300101
dynamic_diagnostic,352,502.4510159999991,18.778929387309933,4.67035191967406,2.4268190732970973,2.4687578534696444,1.0647926529846203,0.2095090023541115,17.466071347776644,0.14792216644423115,False,False,8.736602020863518,0.004077686447456378,15.109647802439964,312.95286221099195,333.63297789815465,2.1882068938168726,0.25019958351125715,0.11301499793902439,2240.158288176929,3096.40076737525,15.29965495942545
dynamic_diagnostic,353,504.0513159999973,31.326920923152883,9.185789032642422,2.5219122027985157,2.6027636565133334,0.7622834301490626,0.9404910407005497,31.021323501032427,0.07136729200883452,False,False,7.118260769158928,0.003990873962632347,23.518225865796833,313.89842164401676,334.00666041391776,7.242700894977054,0.26665968314694277,0.32979488191204126,2459.0438412656763,3118.498797447465,14.977662357486897
dynamic_diagnostic,354,505.8998977500014,16.564853074706456,4.463932076153607,1.2089434711116545,1.3538563129940455,1.3350755517515398,0.4073291927115219,15.00010689089665,0.16149025686863216,False,False,10.779077685642454,0.00433608752332523,16.98895374494608,314.5914954157541,331.64338096809183,3.1096612139867994,0.2376364855421735,0.23558478896835044,2354.057847413363,3180.3705080292875,13.683882275986777
dynamic_diagnostic,355,507.51237320899963,10018.131728770968,5.472900473308562,1.4733127185296009,1.8647262554087216,2.3882984085334087,0.3358148809588608,16.98149266007912,0.13845794252459562,False,True,16.7844940860627,0.0044374604347913495,13.625994307800694,317.90482656249293,332.3147510358804,6.326966423477677,0.20792118224719927,0.456347412987713,2698.4930226000265,2408.8326133364053,10.392127680327928
dynamic_diagnostic,356,509.13442858399503,10017.882846429968,4.514349130931413,2.042242206662544,2.3403844658433757,3.2662933788670316,0.14673918243945805,16.375477095469435,0.15850180516842868,False,True,16.98029498308725,0.004220072961214336,23.794329766915922,315.85462127262986,332.05333465302476,1.3632939745657804,0.22300452285952527,0.27035312610461976,2368.1193360060006,2367.1528574640115,18.438539765603572
dynamic_diagnostic,357,510.73181291700166,24.42159805420207,6.695722127840424,1.8051098359160933,1.908423736697623,0.9368544621680002,0.782728725420413,23.880647308415284,0.09495180758212615,False,False,10.51450569932833,0.004212333326746318,18.689926956325227,315.6809273878432,332.92727960245327,6.301399244494697,0.26823647670986883,0.311420351786519,2155.1795062546375,2932.953002688285,14.691122628350847
dynamic_diagnostic,358,512.3554798749974,29.58524829603476,5.161911772307397,2.9550193356632817,2.7479343839019177,0.6648529490345577,0.9339157057859002,28.31431910714724,0.14554089854101251,False,False,4.406272699229999,0.004168864122577184,10.405068098188364,314.78802402832,332.74999240247257,2.4181770213271907,0.1954953581233869,0.18105040789043772,2403.6396799802505,2484.7074617150156,16.0421015717066
dynamic_diagnostic,359,514.1732709589996,17.048486056214863,5.042893476453499,1.5210326167981205,1.4622405734267696,1.4391364282226298,0.2963397262422723,15.343876829293212,0.16855311857698602,False,False,8.20771979818625,0.003586828319112024,19.656818340144667,314.5753024879451,333.301497655375,1.4308064370720424,0.27391868168318323,0.9405524457304636,2470.1036912069703,3250.656676014431,15.46348819207998
dynamic_diagnostic,360,515.799079999997,10032.702314950466,6.8726539277379155,5.342782484521574,5.4131058598689785,2.7871004924839236,0.13901076422357342,31.375786658096455,0.14869029851611626,False,True,12.584623027225579,0.0045287939491250855,16.180425227415064,312.33940269392804,333.1845703466724,2.7730748651047774,0.25904986039240097,0.6511526529483898,2219.8102156285963,2392.481069725156,13.464823777321039
dynamic_diagnostic,361,517.3886249169955,31.503627498860705,8.265740943328503,2.757679487114019,3.0754031816304876,0.6871893156921417,0.9197515696780584,30.99479608028382,0.092089758621402,False,False,5.589731069731976,0.004533227103489427,19.728476318797362,314.82704730370637,333.90009576882835,6.5980041616274105,0.2169306404637736,0.21120213863624804,2206.9374890741924,3277.031097646297,17.13174726317652
dynamic_diagnostic,362,518.9934114589996,32.71355213785913,5.93041410338267,3.488091461854992,3.3063515293805295,0.591491381934994,0.9878852185280462,31.85140833163222,0.119871028347617,False,False,3.75263092786941,0.003862797401478083,20.450813897277335,315.1185287134753,332.75666338987804,3.168280018238489,0.23528776735534518,0.17375940031136197,2483.952614011367,2991.485159206177,15.64605576730332
dynamic_diagnostic,363,520.6130884169979,18.946922559788327,5.060994263197225,1.5969810047199016,1.684021257711028,1.5587229531692293,0.4362919326434796,17.55082320337433,0.15253957718212002,False,False,12.703296988300503,0.004441548372457288,17.76403779351126,314.98865602696446,332.40259742740994,2.765666191574449,0.2133243940520061,0.24383288739075806,2148.0825079334786,3235.92780383621,13.828091138113168
dynamic_diagnostic,364,522.211810791996,32.85903003384455,6.233127342708678,3.708236545685766,3.4979238871386285,0.6194916443912205,0.8817524947707436,31.74653662634914,0.1361673851977414,False,False,2.6039588112562297,0.0041367342639445645,20.19757092745852,319.6683354699683,335.04028723171297,2.951942703425425,0.30518757055598805,0.1590275466488191,2224.922247911451,3276.4912796886397,16.57040472336967
dynamic_diagnostic,365,524.1135680000007,181.37823125780687,159.33123515048928,3.1173779276764204,3.409864208922495,0.6928846159760818,0.6583585003807811,180.33997745499846,0.1315455436219976,False,False,4.555004848700837,0.014463631199567156,10.170634249174412,317.8234205768322,333.4930092637061,7.886362313265293,0.2723626199987474,0.2900809501241099,3388.483543045029,2942.0541165191516,14.178500705705751
dynamic_diagnostic,366,525.7212588339971,24.584780341222082,5.568160378951457,1.8080575224567117,1.829247812991652,1.0819640128342263,0.8005053356272827,22.968626793257748,0.16412157830727883,False,False,10.294828894658753,0.0037376655952593,22.56242179923206,315.1261430152655,331.6461819530657,1.3062692635494568,0.20517780304557254,0.23155382680875353,2447.6992863634123,2965.4209128781736,20.063832211131665
dynamic_diagnostic,367,527.3416169170014,10021.645613609944,6.342039395603487,2.8882839374598452,3.0015213882566183,1.9228248964553087,0.17150237758277115,21.027853575460547,0.10146920998369957,False,True,9.683814202004188,0.004072392318452824,14.423601728323952,312.1472401855467,332.74813701099185,4.287015039197803,0.29734768049429205,0.1571594766437989,2405.330697913295,2447.7536171598995,16.506959747735657
dynamic_diagnostic,368,528.9657823749949,20.791971441861666,7.6323296792146005,1.5117315857604856,1.7705386605841886,1.185513836846952,0.4716904808852601,20.19110578612684,0.10007211197721588,False,False,9.089917224108726,0.004372611135970332,17.20642627454191,314.04313856469633,332.88807000010905,4.015557517484435,0.2619414888997257,0.22584916436368588,2406.653735883786,2868.557063924648,16.09405649272314
dynamic_diagnostic,369,530.5653728339967,27.06588199405177,6.515132187236476,2.082331281994466,2.22602617438786,1.1925678697462712,0.8405693316792932,25.671268122632384,0.15245840260102583,False,False,9.623032484820708,0.0036046883211318034,26.034941383582282,314.40418430423625,334.0839893409702,2.2029404468711435,0.2901877423451973,0.30651253888134095,2010.3347468765276,3215.261334171366,19.482425069268537
dynamic_diagnostic,370,532.3560152089995,18.983319340569814,5.88166705189005,1.0680008298854022,1.168921714058083,0.8620630629272029,0.6438642580532433,18.41199388370686,0.09758120181528757,False,False,8.985206118504292,0.0043136324420293744,16.325137854287348,317.13713082977023,333.30390046823493,4.241629958654931,0.27051651382301095,0.22548981192042952,2389.530155279481,2452.3893857515563,15.08561794347409
dynamic_diagnostic,371,533.9743679999956,10023.220912231212,5.56972218489482,2.973927570781594,2.997314228358842,2.4590942377797,0.14519754659544212,20.4607368036336,0.21448292191448726,False,True,11.72845377886775,0.004029320308119978,20.957441719298224,315.50369589094583,335.3050514813,2.5598707233616405,0.28504667848949744,0.5374471299030901,3184.0959256200726,3265.680194676125,12.794354386565896
dynamic_diagnostic,372,535.5673942919966,33.29686385860167,8.569332545924542,2.9247335889496284,3.008665917723664,0.6384558351935831,0.9788493874493205,32.41761979748573,0.12105398665581246,False,False,4.9580430727094145,0.004426941265872892,20.027805959211783,313.76298560776394,332.25339577460915,4.400052096603982,0.2863593944523175,0.22092577741449967,2407.1804846555615,2900.5873688677793,15.917623724636146
dynamic_diagnostic,373,537.1833923339946,18.269958489707278,5.184427200427654,1.7360691975741398,1.7770145137365625,1.5068719404173985,0.32372264591557176,16.807757028082193,0.15610901434708402,False,False,11.024210759097468,0.004512364128670588,17.25368913896353,314.7647240320978,332.2445187637633,2.9533618925048697,0.2458805042777485,0.24617371539591068,2359.0538209993715,3153.1974764659117,13.31691369909202
dynamic_diagnostic,374,538.8106613749987,10038.265224464161,8.749272311836759,6.28016149303494,6.5937377329704026,2.777989742735782,0.15478236977566742,37.429877832587884,0.11799340600034156,False,True,12.357545714254053,0.004414911685825631,13.28723941901062,310.615574543334,333.8282675623748,3.5369209714184033,0.3076223203103075,0.14915151826370884,2379.3441701934134,3249.7698501994055,15.666337355653491
dynamic_diagnostic,375,540.3954125839955,10034.586087055199,10.973721356715465,2.1526987048365043,2.667245264393717,2.173355934033947,0.7084207545763582,29.68678975755197,0.2857533113732511,False,True,14.361345476521363,0.004449519782774145,32.11128230722959,317.6648875490215,337.90430970001603,9.1140362433395,0.19655267450038538,0.31991790449977364,2439.404569807286,3150.895297461296,14.895972338904315
dynamic_diagnostic,376,542.2064814170008,32.66205844918963,8.655912292089868,2.957741585857969,2.9933888896027288,0.8077291830120971,0.8618216221255421,31.268249996279057,0.152414372294226,False,False,8.736602020863518,0.004097560585339485,26.577488948766497,318.8137866878005,331.96750852561024,2.719625330177746,0.20961832011472795,0.39710769897329806,2240.158288176929,2691.440703196182,13.215217194611595
dynamic_diagnostic,377,543.8177590419946,10028.35133891799,5.679598330151411,4.825553856668843,4.663809588028633,3.652126618155474,0.0,26.646132797264308,0.16858262666146084,False,True,18.220039818358536,0.0035191796202696008,15.936711639842134,312.79179947905186,332.1830333009782,3.8749083750405444,0.26033429815826153,0.231342295914006,2363.6452714234742,2874.597503955698,11.45857057677063
dynamic_diagnostic,378,545.4153119999974,36.14446071513044,14.332814336671204,2.1175399250224225,2.513528077488186,1.3006132493547389,0.8362777049005163,33.88460127271023,0.19407298637455153,False,False,10.779077685642454,0.004620690660090795,24.916552922764055,317.25212972694663,332.6171433586546,13.398849416674647,0.21846817978103708,0.32576702541376096,2377.7877568553413,3096.4764203517607,13.03168368572519
dynamic_diagnostic,379,547.0223421670016,27.92181574901795,5.909565643233017,2.411647308505488,2.2968420843811557,0.5584287588504098,0.908943097817359,26.62788120636415,0.1468522240583935,False,False,6.1677483458064755,0.004280132552199187,13.625994307800694,314.565650088545,333.6929128329759,3.082234004375211,0.2507852949334022,0.4065747945392963,2499.4759020263195,3297.025625018924,12.836077240360598
dynamic_diagnostic,380,548.6328928340008,31.085118216573488,4.466037035090298,3.1254103011499526,2.951507296737676,0.6090133759114045,0.9481338253903527,28.475887827917767,0.20853578384599136,False,False,5.51274061835146,0.004510403427329564,22.116522395060258,315.28829381465556,332.65563710373044,1.2344889288974978,0.23433986303348814,0.31176786480857693,2369.681440464515,3200.9826822540363,10.903717578362178
dynamic_diagnostic,381,550.3894496249995,10089.51819072455,50.50415610325506,8.296688247914433,8.826256939376025,2.1020198309654416,0.3334175360020985,89.2724981338823,0.06399122214118955,False,True,9.588219318448184,0.009070006109645,9.682904115883733,314.86056162620525,333.4294759127944,5.866583663703733,0.2728417359612346,0.09085740649074901,2490.2178586941664,2455.904769715105,20.724976906356268
dynamic_diagnostic,382,552.0596700419992,10026.892723307838,10.578539748649083,1.3916784730740337,1.6361492561205506,0.8976364249691784,0.556016093691328,23.510735760772256,0.2374162149427551,False,True,12.160382968325354,0.003979597575708072,10.405068098188364,315.1839513675029,333.1197780134062,15.6635092075747,0.1972961827556273,0.31136804648572597,2465.2201059923095,2484.7074617150156,17.0500494437628
dynamic_diagnostic,383,553.6530844590015,26.882718322586236,4.821587990301214,2.412305067411522,2.350257234764154,0.5356868080877276,0.8770756457365069,25.20151158018188,0.16739209172898806,False,False,6.294045387499918,0.0038192158501793474,19.656818340144667,314.5753024879451,332.6445765014225,1.4308064370720424,0.23646812826071217,0.11348318608632912,2566.6268226260327,3267.488013539348,15.008056730054912
dynamic_diagnostic,384,555.2751402089998,18.842951222539288,5.186207377118063,1.3108616059029734,1.502198814301411,1.7742910941460355,0.5040383165036106,17.55659635424474,0.1464214731687573,False,False,11.223193363832495,0.0045287939491250855,19.21878630128024,315.4888142942136,333.1182546822498,2.892588522789403,0.25904986039240097,0.24909084240771004,2393.6081681601386,3229.0209254762976,13.464823777321039
dynamic_diagnostic,385,556.8760322919989,10132.636296562016,82.5186772392312,9.695105732308628,9.6384545594155,3.475097304606968,0.3106067942438126,126.70727917880181,0.31435164447937647,False,True,10.91971985811454,0.009804215607901455,14.482024248415966,314.82704730370637,335.7478645246144,2.2431909547003785,0.30862645668162986,0.21364804721229802,2948.153528907763,3275.9688810515363,6.476764052079442
dynamic_diagnostic,386,558.6681926249948,10030.228989487236,6.697538812281022,4.780440048942818,4.730182869032084,4.591389559857782,0.009121281923454667,28.174191991151908,0.18505843654025567,False,True,19.112829858520072,0.004427464027962217,20.614743343773434,312.367607704669,331.4669011070781,3.168280018238489,0.2137348458776677,0.3768721996625467,2491.4463399639612,3176.200891157602,10.658319810642874
dynamic_diagnostic,387,560.3417915839964,10032.028812389022,7.609233121586079,5.232406217929222,5.194211177470153,4.782705659311363,0.0,30.892015782499577,0.13764668578900435,False,True,21.69768666488506,0.0038533117946199526,20.853478533117855,311.91182114851057,331.86172193808125,2.765666191574449,0.2379294647876787,0.26685086512873796,2540.4958438378344,2799.526043128363,15.384506302825468
dynamic_diagnostic,388,561.9692903339965,10020.62275371272,4.457075789236553,3.056927639011099,3.0993772843781966,3.7891547448476746,0.04750453765364665,19.191867814915643,0.1544282950004062,False,True,18.085692191408686,0.0041367342639445645,20.19757092745852,315.06808903779057,333.6616904260013,2.179799838788024,0.2106960552296794,0.2677842004752295,2224.922247911451,3280.5476878190466,15.146420858104847
dynamic_diagnostic,389,563.557889208998,256.73129901119125,231.75455855368313,2.397269475395131,2.827104149876356,1.0160779120775714,0.7784859521936541,251.62334151210752,0.29177495606156717,False,False,4.555004848700837,0.014463631199567156,21.804937492769785,314.0617213607241,332.22546565192386,1.5007253228045712,0.23281982873922924,0.29205802580319135,3388.483543045029,3192.283313457341,7.1776555868783385
dynamic_diagnostic,390,565.1684057089951,10031.90130873043,6.698011485200604,5.303150497730617,5.361704900721767,5.0742585546710135,0.0,30.50629715644973,0.1524801393614114,False,True,21.449885953261248,0.004031572570799622,22.57128470115032,314.57382542060736,333.70097196373865,2.165332499193192,0.284274101244777,0.35366624245967465,2447.6992863634123,1880.2922818407733,15.645899489236259
dynamic_diagnostic,391,566.7896846250005,10037.533277509649,22.40822793394346,1.8768535824872918,1.958777735242703,1.540278883337171,0.4025904435032095,35.598791180355136,0.17955901208668007,False,True,16.997122018050355,0.0018910805189703381,22.990515171319213,312.6209042872978,333.33917237779826,1.6761898596665548,0.1798695978207926,0.3709665156835557,1996.7894389298272,2926.93900803224,17.642983651455097
dynamic_diagnostic,392,568.4039458339976,10034.681744177347,19.477344669449604,2.0022661502552848,2.097995412639486,2.6283536590359953,0.3386428040277779,32.96002901070627,0.16939673189691298,False,True,21.98606503527316,0.001997649036633441,28.896352060504178,311.33692291871824,333.3093587151739,4.015557517484435,0.18610650826852607,0.22584916436368588,1948.4065501883174,1996.6809613045477,20.242373150262186
dynamic_diagnostic,393,570.0304218339952,19.940499447269502,6.701771845783284,1.5879064615271676,1.7588071939391248,1.0183404311239102,0.48478521722247364,19.55089124653555,0.0805820700418681,False,False,10.27417630346052,0.004133190766367723,18.519174892654775,314.40418430423625,333.32786570725864,4.87432494941937,0.26719848573683613,0.2220940158589553,2237.002844148807,2793.6578541143567,17.096563532258433
dynamic_diagnostic,394,571.6239802919954,10024.012872621443,9.050352093041035,1.7172728004083426,1.875084229541342,3.9091246651103813,0.4053778659882474,22.896351448221566,0.1364136584816628,False,True,21.98606503527316,0.0038369935136769715,28.896352060504178,317.13713082977023,333.3093587151739,6.108297500097698,0.18610650826852607,0.43998779053341924,2498.477538597644,2559.4750711977094,20.242373150262186
dynamic_diagnostic,395,573.2378949170015,10019.892416488328,5.900057710440519,1.9346461723917865,2.1577051863629233,1.8381168303453892,0.36347991240315086,19.142518777989306,0.11179577439384204,False,True,10.27417630346052,0.004133190766367723,18.519174892654775,314.41192617197817,333.32786570725864,4.87432494941937,0.26719848573683613,0.5374471299030901,3184.0959256200726,2793.6578541143567,17.096563532258433
dynamic_diagnostic,396,574.842097834,33.820202712709495,6.637829403309375,3.1147844846553907,3.1544487400636996,0.6154478128375989,1.0754178393621683,32.34936957610407,0.15656910809636257,False,False,4.9580430727094145,0.004234443100138273,38.8102352750984,319.5110812469562,332.5429907638575,4.753759888418227,0.17637850194385482,0.48376523712354935,2882.937032183094,3134.9708114769746,11.590761387727353
dynamic_diagnostic,397,576.4602105419981,17.40577732981576,5.1610558705755345,1.1523734922315714,1.3151884825857167,2.117436440324201,0.40451551979451633,15.84626928755226,0.16121972802480355,False,False,12.169724131694787,0.004249409848833869,21.33602574950281,315.4452737202522,332.8196965558576,2.746326815220834,0.2408647988895348,0.28176253786920724,2385.5666974087394,2852.943319172652,11.943275418286754
dynamic_diagnostic,398,578.1203734169976,10018.726288282882,4.950757910319414,1.8457956654437255,2.1641237652346508,1.6421348800955786,0.32965625296561046,17.429211147520355,0.14703044669731688,False,True,13.404462334413216,0.004495358044401651,18.39908240829913,315.0094988893861,332.314166726625,3.341627943068821,0.23825358486621662,0.1538316359291077,2358.11777783391,3196.7235023981802,13.12964715971056
dynamic_diagnostic,399,579.7633174169969,16.870197452657333,5.006075747190953,1.5489625437919146,1.7349302730001273,1.1442234640548905,0.3165723391436683,15.758873453318287,0.13609579955182596,False,False,8.851942433748837,0.004146857061572061,13.362743100966126,314.80554147544905,332.69720766190625,3.6643603378296143,0.2711439620621963,0.23376056953933322,2439.445215221915,3112.0961219216906,13.698135446504686
dynamic_diagnostic,400,581.3937714999993,10021.222488572155,4.374327099548857,3.163838518847537,3.1530431924177833,1.6098228758701232,0.16819555656673207,19.842143965245096,0.15167644328802674,False,True,11.752068274912313,0.0043428991729073385,15.109647802439964,315.01604686395183,333.03730765928765,2.7305877245979584,0.2550124974380391,0.11301499793902439,2381.3778602739276,3162.680507139919,13.20224597773504
dynamic_diagnostic,401,583.0229296249963,10019.38662902015,8.134511436016583,1.1652032256670934,1.6332126010455115,2.209778293044036,0.3956456475731912,19.11597063146369,0.06716377851755949,False,True,14.014350154080308,0.0038749628895117403,18.719663202510155,313.89842164401676,333.13112854353113,7.242700894977054,0.26482127524877386,0.3717744243048116,2434.261345426277,3239.2598912305607,15.519709821182936
dynamic_diagnostic,402,584.6559732919995,10023.801990658318,6.578781489123752,3.3706532983466255,3.5212279509018325,4.293657378102663,0.0,22.358798024116794,0.15509097514046502,False,True,18.229211725122624,0.00433608752332523,23.027877344842146,314.5914954157541,332.4030589619841,2.580976036870305,0.2306501076435752,0.3750781281111484,2619.4820027687924,2990.8835609933285,12.803366848387085
dynamic_diagnostic,403,586.248064374995,26.247206694753984,6.753053801788532,2.0542411590977796,2.140717736082599,0.9096575652911475,0.8606355006314107,25.83894980538697,0.08248806877027876,False,False,7.897652254249089,0.004206581804298744,19.3843651486307,315.04980832502,332.9094428147939,6.326966423477677,0.24692321481381288,0.2228748125865191,2420.9322104393345,3114.3426398830306,14.133424991685228
dynamic_diagnostic,404,587.8690672090015,17.546352490993023,5.530957918248191,1.3160060290001947,1.5384058838949342,1.7948338304322304,0.39384193665733863,16.640902044247888,0.12284478327990003,False,False,11.39850908626686,0.0043584195422672065,19.56392887801903,314.1352548804278,332.76081261951606,3.3031115050776965,0.2513814520717062,0.24346694199693916,2369.681440464515,3059.914438398704,15.403985886748695
dynamic_diagnostic,405,589.4875228749952,27.343316512075006,11.765959396923872,1.4999547501833947,1.4921892828577341,0.7868664586350825,0.648367771583483,25.93185941865113,0.15337628529338543,False,False,9.588219318448184,0.002682723547044052,22.460015280304297,314.00531113533685,333.4012008088927,1.9571405520094505,0.2728417359612346,0.19854951666968743,2155.1795062546375,3276.3755200989663,17.93220120163432
dynamic_diagnostic,406,591.1250450000007,10019.664050611007,7.144371933901624,1.2473668066590677,1.5600717287743682,1.9404990761407737,0.4930416047318398,19.33329287750566,0.07424708002132484,False,True,12.829967112118574,0.004197999432456726,21.913335593933432,314.8614407915097,333.1257379229329,7.463342326845197,0.24926611234608448,0.2468041054649085,2326.132718503533,3108.7318387157075,14.832321260869225
dynamic_diagnostic,407,592.7185071669956,23.13671909628851,5.501174999275402,1.797010912910354,1.92608933737062,0.947613197582876,0.7113082827366265,21.82780306700804,0.1476999226630619,False,False,8.20771979818625,0.004156683955157499,20.50366151717509,315.1499399610646,333.301497655375,2.6174929337288138,0.25531637329578544,0.2571559025224147,2470.1036912069703,3236.2819246407144,13.721136369589669
dynamic_diagnostic,408,594.3460924999963,18.861126746375415,5.391471283383031,1.2675682216402997,1.3999760894820394,0.9242583925196681,0.5369015113074076,17.499099369734694,0.15066670593513806,False,False,8.702637501534934,0.004076985616509157,19.21878630128024,314.7391232733042,333.29450510469735,2.892588522789403,0.28265446404971983,0.22892336956937667,2393.6081681601386,3229.0209254762976,13.464823777321039
dynamic_diagnostic,409,595.9451632089986,30.747539458768617,5.112052496653499,3.0355493190202356,2.98881531253638,0.6050476137816171,0.993497723039792,29.4320122496189,0.14807246025452744,False,False,5.589731069731976,0.0039846714288927524,20.078598810281335,315.8058410725766,333.6407135923273,2.8152700480053667,0.2603536867171797,0.21120213863624804,2407.8033735014264,3246.2542556728995,13.207399901287825
dynamic_diagnostic,410,597.5636569589988,10017.177553167516,5.702005304672056,1.5646907574565336,1.6884896435233367,2.5088619706310173,0.24878093136668625,16.324369382280736,0.11924650835108411,False,True,13.837266181701754,0.003862797401478083,22.351645251082026,315.1185287134753,332.83444556858694,3.168280018238489,0.2559429842507884,0.2747922477850049,2483.952614011367,2760.659021708577,15.64605576730332
dynamic_diagnostic,411,599.1864162499987,10015.286788832529,4.931199015774443,1.401852060727711,1.4839492925211308,1.9826684598085498,0.20920108478904195,14.122451737851486,0.13930404963464274,False,True,12.703296988300503,0.004079016963119503,19.84434948981129,314.98865602696446,332.85053926179893,2.765666191574449,0.2452063639175063,0.2204957592436941,2428.5885051417345,3140.033883677845,14.36836443732652
dynamic_diagnostic,412,600.7811781249984,34.49548437713892,5.716025689851573,3.898425643382931,3.5213741276157893,0.5779967944813644,0.9758569966582075,32.93195910475533,0.16142724224778954,False,False,2.6039588112562297,0.004001104188912843,19.80046942904183,315.2841777853735,332.9705516232188,2.951942703425425,0.2507773510164142,0.24733781987063666,2224.922247911451,3251.682284623299,12.403728811345738
dynamic_diagnostic,413,602.3787660000016,10129.771257214912,91.1809170197152,7.650452540874726,7.908815564207176,3.8051068640795824,0.4165210729917657,128.94189651448755,0.11756988704774315,False,True,16.507274606484042,0.014463631199567156,10.170634249174412,317.64040487735616,332.60706290541293,7.886362313265293,0.19760919737294397,0.37137637632193254,2691.8403928483613,3170.4351476363518,12.288577192347796
dynamic_diagnostic,414,604.003536917,10016.534391554223,5.31009343906865,1.3222605405976535,1.3927327115805546,1.8998987531474774,0.3498110376631177,15.817289600973316,0.1093238273243449,False,True,11.707070954015135,0.004088755921499764,15.859707975521072,315.8305098088957,332.9923367313142,3.6129166889211914,0.23880515324528725,0.233202653003043,2419.122475812028,2987.7222630758924,20.063832211131665
dynamic_diagnostic,415,605.613754209,30.775743466975047,6.139577534236177,2.787991499642934,2.6932735884533154,0.6275612907074061,0.9529570467876118,28.94609082842334,0.17462591629689,False,False,5.453757201482597,0.003540489503415117,18.357483291439674,313.2035724209056,331.69761346060244,2.802251847278838,0.2904909326391757,0.28890537738665045,2447.168609918312,3187.5628716418823,24.956350092094695
dynamic_diagnostic,416,607.240966749996,50.47107912121857,26.93255399406887,4.1481766207470026,4.455351395511445,2.03869010240403,0.3612290251164301,49.1865286044205,0.14631874548385077,False,False,9.089917224108726,0.006922765941527244,18.73672400567774,314.04313856469633,332.71678158872663,2.449900283565752,0.28330012531421495,0.22584916436368588,2406.653735883786,2868.557063924648,16.09405649272314
dynamic_diagnostic,417,608.8548268749946,18.418021376117796,4.899383254053918,1.3854413538603927,1.4628450174583263,2.054287341728729,0.4688789485973688,17.172243387126212,0.1440936032001181,False,False,10.27417630346052,0.004305186337935024,18.519174892654775,314.40418430423625,332.0166039613929,2.5872467065097453,0.23166182259473994,0.2971671809240226,2466.609429576773,2793.6578541143567,14.408012159444409
dynamic_diagnostic,418,610.4952274169991,10018.289847078888,4.24326388556517,2.7157576526555407,2.815685609899465,1.6075940674109481,0.09121657994923019,17.104618446527493,0.14054824986227543,False,True,11.668366557226479,0.0038369935136769715,13.349767381887776,314.6744779105119,332.95165068377173,2.9749282986607812,0.24704279971656842,0.23686046972023253,2344.563295429257,3186.934115387554,13.83356046751341
dynamic_diagnostic,419,612.0896365840017,25.313405867045816,6.42520347302355,2.0681695621678315,2.0399560424676406,1.8144675929268577,0.7027497146851184,24.009898574679532,0.14739444202356508,False,False,11.72845377886775,0.004029320308119978,32.59856708267073,314.4227180214648,333.60760083440596,2.419590516405508,0.25518425713121373,0.5374471299030901,2356.885176795304,3191.8714768657796,14.264898246867915
dynamic_diagnostic,420,613.6914107499979,31.33837721052803,4.836167261432722,3.2599807576201516,3.1423650660183955,0.6096082264063993,1.0010393400487698,30.07575079410001,0.14506472213165286,False,False,4.9580430727094145,0.004075462395670836,19.982024358813526,314.99840243190573,332.84321083153117,2.7531843187485308,0.24865166837605218,0.25508265893022747,2406.28459154673,3209.3926258090614,13.9392983704249
dynamic_diagnostic,421,613.691579458995,15.678315594351378,4.7441794564124935,1.320203878143958,1.4566951548928972,2.1109957900169167,0.26328545257461133,14.376409571641059,0.1473038822021968,False,False,12.169724131694787,0.004202916073342754,19.51884876745123,315.0037570775747,332.90211438452616,2.746326815220834,0.250565068629339,0.2513254232918895,2398.698611488058,3221.646107765251,13.711374653285
dynamic_diagnostic,422,615.240891292,34.390488255418624,5.004780265555279,4.062773873328981,3.231921322453751,0.5648388983086732,1.0317616312965001,33.088582232708305,0.1473038822021968,False,False,0.6996293788415456,0.004202916073342754,19.51884876745123,315.0037570775747,332.90211438452616,2.746326815220834,0.250565068629339,0.2513254232918895,2398.698611488058,3221.646107765251,13.711374653285
dynamic_diagnostic,423,616.847988083995,32.66328634856406,5.657851327506931,3.451712384368829,3.2490733221344277,0.5921143346849642,0.9836051129802839,31.361380325853734,0.1473038822021968,False,False,3.573320497403249,0.004202916073342754,19.51884876745123,315.0037570775747,332.90211438452616,2.746326815220834,0.250565068629339,0.2513254232918895,2398.698611488058,3221.646107765251,13.711374653285
dynamic_diagnostic,424,618.4754719999983,19.30166522328631,4.4345921337065395,1.37221983614521,1.4684649012569755,1.0172969017277753,0.6226161838594132,17.99975920057599,0.1473038822021968,False,False,9.789625354764137,0.004202916073342754,19.51884876745123,315.0037570775747,332.90211438452616,2.746326815220834,0.250565068629339,0.2513254232918895,2398.698611488058,3221.646107765251,13.711374653285
dynamic_diagnostic,425,620.0970161669975,10022.39384639014,5.206663587827181,3.458072572077258,3.5793512564013508,3.863415613939441,0.0,21.091940367430027,0.1473038822021968,False,True,18.25054773758162,0.004202916073342754,19.51884876745123,315.0037570775747,332.90211438452616,2.746326815220834,0.250565068629339,0.2513254232918895,2398.698611488058,3221.646107765251,13.711374653285
dynamic_diagnostic,426,621.725994208995,27.23104112208801,4.641984676479363,2.5957214287023787,2.6450857120468734,0.734654511624905,0.873964430744322,25.92913509937769,0.1473038822021968,False,False,6.661649854434918,0.004202916073342754,19.51884876745123,315.0037570775747,332.90211438452616,2.746326815220834,0.250565068629339,0.2513254232918895,2398.698611488058,3221.646107765251,13.711374653285
dynamic_diagnostic,427,623.372943041999,15.83179725156695,4.790500216854022,1.340683025125716,1.4612812247618665,2.038785322134576,0.2697223375663589,14.52989122885663,0.1473038822021968,False,False,12.419143151402787,0.004202916073342754,19.51884876745123,315.0037570775747,332.90211438452616,2.746326815220834,0.250565068629339,0.2513254232918895,2398.698611488058,3221.646107765251,13.711374653285
dynamic_diagnostic,428,625.018135792001,10016.83264994795,4.666909090502307,1.877116373893968,2.1417561106553547,2.883957937252233,0.13739588614778608,15.530743925239117,0.1473038822021968,False,True,14.386340723512914,0.004202916073342754,19.51884876745123,315.0037570775747,332.90211438452616,2.746326815220834,0.250565068629339,0.2513254232918895,2398.698611488058,3221.646107765251,13.711374653285
dynamic_diagnostic,429,626.6572872089964,18.394829998876844,5.155303075582861,1.2448897281516411,1.4153306429959502,2.163533547757716,0.475487858271161,17.092923976166524,0.1473038822021968,False,False,11.34030618636278,0.004202916073342754,19.51884876745123,315.0037570775747,332.90211438452616,2.746326815220834,0.250565068629339,0.2513254232918895,2398.698611488058,3221.646107765251,13.711374653285
dynamic_diagnostic,430,628.2786642089995,10016.961577928632,4.861299086090103,1.9610777670311939,2.150848385019429,2.2652313936798314,0.135972953073319,15.659671905922858,0.1473038822021968,False,True,13.136615523072411,0.004202916073342754,19.51884876745123,315.0037570775747,332.90211438452616,2.746326815220834,0.250565068629339,0.2513254232918895,2398.698611488058,3221.646107765251,13.711374653285
dynamic_diagnostic,431,629.9094542089952,16.188857311029818,4.866724477400429,1.4127631512549415,1.5148376838387303,2.1796693510316,0.26477208314997636,14.886951288319498,0.1473038822021968,False,False,11.995452541936475,0.004202916073342754,19.51884876745123,315.0037570775747,332.90211438452616,2.746326815220834,0.250565068629339,0.2513254232918895,2398.698611488058,3221.646107765251,13.711374653285
dynamic_diagnostic,432,631.5621255840015,15.218863047816706,4.715715436704359,1.4159067109548247,1.5155626114971015,2.1100150748980955,0.19857927554928356,13.916957025106386,0.1473038822021968,False,False,12.333650367583624,0.004202916073342754,19.51884876745123,315.0037570775747,332.90211438452616,2.746326815220834,0.250565068629339,0.2513254232918895,2398.698611488058,3221.646107765251,13.711374653285
dynamic_diagnostic,433,633.2124497920013,15.7120800279796,4.711503967851205,1.332177257763857,1.4470607240177913,2.1292714905752135,0.2658701495684253,14.41017400526928,0.1473038822021968,False,False,12.223099400453616,0.004202916073342754,19.51884876745123,315.0037570775747,332.90211438452616,2.746326815220834,0.250565068629339,0.2513254232918895,2398.698611488058,3221.646107765251,13.711374653285
dynamic_diagnostic,434,634.8588402089954,10042.593710800407,26.259956964106358,2.200055214195059,2.401823710739473,0.7601599345399408,0.47081487441632636,41.29180477769689,0.1473038822021968,False,True,12.333650367583624,0.0020459851112732685,19.51884876745123,315.0037570775747,332.90211438452616,2.746326815220834,0.250565068629339,0.2513254232918895,2398.698611488058,3221.646107765251,13.711374653285
dynamic_diagnostic,435,636.4899843749954,20.82391243794547,6.462414894358718,2.3204903181161995,2.371383998724033,2.4371272961950434,0.20901440997552323,19.52200641523515,0.1473038822021968,False,False,12.333650367583624,0.004887621099929092,19.51884876745123,315.0037570775747,332.90211438452616,2.746326815220834,0.250565068629339,0.2513254232918895,2398.698611488058,3221.646107765251,13.711374653285
dynamic_diagnostic,436,638.1132684170007,61.159757300127424,34.47427931065076,4.92320063848216,5.130149881825817,3.8489957382055717,0.29661019169927205,59.857851277417105,0.1473038822021968,False,False,12.333650367583624,0.008372110151103777,19.51884876745123,315.0037570775747,332.90211438452616,2.746326815220834,0.250565068629339,0.2513254232918895,2398.698611488058,3221.646107765251,13.711374653285
dynamic_diagnostic,437,639.7406694169986,37.65652347018331,15.806388404584304,3.6858454440003836,4.11139346466918,3.168524923953195,0.31625306535348024,36.35461744747299,0.1473038822021968,False,False,12.333650367583624,0.006367758447174662,19.51884876745123,315.0037570775747,332.90211438452616,2.746326815220834,0.250565068629339,0.2513254232918895,2398.698611488058,3221.646107765251,13.711374653285
dynamic_diagnostic,438,641.369283,10017.96062216433,6.6335088569114085,1.3628664833429547,1.4533683713281969,1.8752962216474398,0.2954659460439093,16.658716141619102,0.1473038822021968,False,True,12.333650367583624,0.003504611419110753,19.51884876745123,315.0037570775747,332.90211438452616,2.746326815220834,0.250565068629339,0.2513254232918895,2398.698611488058,3221.646107765251,13.711374653285
dynamic_diagnostic,439,643.2452806250003,15.291654042155622,4.70411029644279,1.3858106650372877,1.527727909451696,1.9877553050738817,0.2172166804918344,13.989748019445303,0.1473038822021968,False,False,12.333650367583624,0.004304469303483805,19.51884876745123,315.0037570775747,332.90211438452616,2.746326815220834,0.250565068629339,0.2513254232918895,2398.698611488058,3221.646107765251,13.711374653285
dynamic_diagnostic,440,644.9719327089988,17.214770903498085,5.092714652939531,1.5116370303070021,1.553076571605123,1.997627568555843,0.31111239842034855,15.912864880787765,0.1473038822021968,False,False,12.333650367583624,0.003979401759291138,19.51884876745123,315.0037570775747,332.90211438452616,2.746326815220834,0.250565068629339,0.2513254232918895,2398.698611488058,3221.646107765251,13.711374653285
dynamic_diagnostic,441,646.7068542089983,15.079270238301094,4.690347258137042,1.4314501057586657,1.5674001728899778,2.013656458450855,0.18486985317186092,13.777364215590774,0.1473038822021968,False,False,12.333650367583624,0.004288619884858175,19.51884876745123,315.0037570775747,332.90211438452616,2.746326815220834,0.250565068629339,0.2513254232918895,2398.698611488058,3221.646107765251,13.711374653285
dynamic_diagnostic,442,648.4176521670015,15.849655375119777,4.742935543375662,1.4820031589684013,1.5814030553598473,2.067607873856084,0.22863311165339212,14.547749352409458,0.1473038822021968,False,False,12.333650367583624,0.004185219726131517,19.51884876745123,315.0037570775747,332.90211438452616,2.746326815220834,0.250565068629339,0.2513254232918895,2398.698611488058,3221.646107765251,13.711374653285
dynamic_diagnostic,443,650.1316737089946,15.507168141896313,4.7509143364786475,1.27447580968684,1.4144796108731874,2.0465194713555075,0.26609841725799044,14.205262119185994,0.1473038822021968,False,False,12.333650367583624,0.0042488263902268585,19.51884876745123,315.0037570775747,332.90211438452616,2.746326815220834,0.250565068629339,0.2513254232918895,2398.698611488058,3221.646107765251,13.711374653285
dynamic_diagnostic,444,651.8508804169978,15.677888969204105,4.732395675728646,1.327587211851305,1.4817409117074538,1.9404206769591963,0.2674061987520143,14.375982946493785,0.1473038822021968,False,False,12.333650367583624,0.004272828825361023,19.51884876745123,315.0037570775747,332.90211438452616,2.746326815220834,0.250565068629339,0.2513254232918895,2398.698611488058,3221.646107765251,13.711374653285
dynamic_diagnostic,445,653.5893379170011,10028.553147378912,1.9292405737874896,6.194617956363926,6.167691609009247,1.1409106086260767,0.0,27.25124135620155,0.1473038822021968,False,True,12.333650367583624,0.004288619884858175,5.806735210785115,315.0037570775747,332.90211438452616,2.746326815220834,0.250565068629339,0.2513254232918895,2398.698611488058,3221.646107765251,13.711374653285
dynamic_diagnostic,446,655.3028811249969,10016.536911022058,3.946814045847629,2.126267269575037,2.1932120934931665,1.9429803307891005,0.14539057382387552,15.235004999346963,0.1473038822021968,False,True,12.333650367583624,0.004288619884858175,17.22138109798177,315.0037570775747,332.90211438452616,2.746326815220834,0.250565068629339,0.2513254232918895,2398.698611488058,3221.646107765251,13.711374653285
dynamic_diagnostic,447,656.9867543750006,24.149927335302575,6.80606354154714,1.719226646221013,1.8961981980773632,2.3431070907288936,0.6513771740783555,22.848021312592255,0.1473038822021968,False,False,12.333650367583624,0.004288619884858175,33.71817380817166,315.0037570775747,332.90211438452616,2.746326815220834,0.250565068629339,0.2513254232918895,2398.698611488058,3221.646107765251,13.711374653285
dynamic_diagnostic,448,658.6954399999959,30.984760289040512,10.201166564266487,2.2579161711909315,2.8270120685982474,1.8968249944486328,0.7443762185556955,29.682854266330192,0.1473038822021968,False,False,12.333650367583624,0.004288619884858175,51.07447750864887,315.0037570775747,332.90211438452616,2.746326815220834,0.250565068629339,0.2513254232918895,2398.698611488058,3221.646107765251,13.711374653285
dynamic_diagnostic,449,660.4016916670007,27.40424831556289,8.046721378215349,2.12723140872644,2.195032659113636,3.097674930438832,0.6608380470104039,26.10234229285257,0.1473038822021968,False,False,12.333650367583624,0.004288619884858175,41.47372190855549,315.0037570775747,332.90211438452616,2.746326815220834,0.250565068629339,0.2513254232918895,2398.698611488058,3221.646107765251,13.711374653285
dynamic_diagnostic,450,662.0950328339968,20.58910531205856,6.012473443718473,1.1482018567927885,1.3696531154173377,2.7126496517327343,0.5920118611639749,19.28719928934824,0.1473038822021968,False,False,12.333650367583624,0.004288619884858175,26.08602252781479,315.0037570775747,332.90211438452616,2.746326815220834,0.250565068629339,0.2513254232918895,2398.698611488058,3221.646107765251,13.711374653285
dynamic_diagnostic,451,663.8117662090008,17.672095850978444,5.083598776949149,1.3480770400780147,1.658347186956296,2.0614208828327105,0.37944185855935664,16.370189828268124,0.1473038822021968,False,False,12.333650367583624,0.004288619884858175,22.259948616518898,315.0037570775747,332.90211438452616,2.746326815220834,0.250565068629339,0.2513254232918895,2398.698611488058,3221.646107765251,13.711374653285
dynamic_diagnostic,452,665.5742229169991,16.182826484638984,4.865594185164203,1.3053005980126136,1.4804975245046925,2.028857607074789,0.30037484622371113,14.880920461928662,0.1473038822021968,False,False,12.333650367583624,0.004288619884858175,20.181418341130467,315.0037570775747,332.90211438452616,2.746326815220834,0.250565068629339,0.2513254232918895,2398.698611488058,3221.646107765251,13.711374653285
dynamic_diagnostic,453,667.2950351249965,15.02348439939949,4.472694826606696,1.5003782217464494,1.6133048763591256,1.9746523057880445,0.17892648796583166,13.72157837668917,0.1473038822021968,False,False,12.333650367583624,0.004288619884858175,18.99505039074923,315.0037570775747,332.90211438452616,2.746326815220834,0.250565068629339,0.2513254232918895,2398.698611488058,3221.646107765251,13.711374653285
dynamic_diagnostic,454,669.0035852919973,16.338561623791424,4.22322596726089,2.0872405790556234,2.121248347061103,2.058014431883743,0.11678769447086407,15.036655601081105,0.1473038822021968,False,False,12.333650367583624,0.004288619884858175,18.296971537367845,315.0037570775747,332.90211438452616,2.746326815220834,0.250565068629339,0.2513254232918895,2398.698611488058,3221.646107765251,13.711374653285
dynamic_diagnostic,455,670.8244853750002,14.65207839398818,4.633584662475889,1.3638099984649819,1.5396775734823083,1.9773615569723875,0.17473328011987707,13.35017237127786,0.1473038822021968,False,False,12.333650367583624,0.004288619884858175,19.243706110853488,315.0037570775747,332.90211438452616,2.746326815220834,0.250565068629339,0.2513254232918895,2398.698611488058,3221.646107765251,13.711374653285
dynamic_diagnostic,456,672.6221802919972,15.335393897670441,4.688888567944895,1.3056839328111898,1.44854364583942,1.9286403745226548,0.25122363962340916,14.033487874960121,0.1473038822021968,False,False,12.333650367583624,0.004288619884858175,19.393256769565173,315.0037570775747,332.90211438452616,2.746326815220834,0.250565068629339,0.2513254232918895,2398.698611488058,3221.646107765251,13.711374653285
