candidate,dt_ns,source_mV,split,outside_domain,measured_legacy_detected,measured_legacy_frequency_MHz,measured_late_frequency_MHz,measured_late_peak_frequency_MHz,measured_late_peak_period_cv,measured_late_mean_mV,measured_late_vpp_mV,measured_late_robust_vpp_mV,measured_late_periodic_vpp_mV,measured_late_coherence,measured_minimum_window_periodic_vpp_mV,measured_amplitude_retention,measured_sustained,predicted_legacy_detected,predicted_legacy_frequency_MHz,predicted_late_frequency_MHz,predicted_late_peak_frequency_MHz,predicted_late_peak_period_cv,predicted_late_mean_mV,predicted_late_vpp_mV,predicted_late_robust_vpp_mV,predicted_late_periodic_vpp_mV,predicted_late_coherence,predicted_minimum_window_periodic_vpp_mV,predicted_amplitude_retention,predicted_sustained,feature_loss
frozen,0.025,50.0,validation,False,False,,16.59288819174028,,,88.47603910891087,4.506659999999982,3.4399999999999977,2.184103007371274,0.6691407284022073,0.7776928352686754,0.8665210934158273,False,False,,19.87736418119268,,,95.71765993916397,2.9312577239928572,2.5889661346690502,0.24913405616438136,0.01193039397779061,0.21021900675665742,0.8572532318226386,False,0.4383703388544531
frozen,0.025,100.0,train,False,False,,21.226003790039126,,,171.14296732673267,6.653399999999976,5.14670000000001,4.090358672546572,0.8901813973975933,0.9150656917441401,1.7451000792986253,False,False,,46.17775337358479,,,178.4656957815937,3.0550367993427585,2.4762054930198474,0.23432478326472686,0.009887240819520193,0.23457328511664083,1.1194348472186633,False,1.286761299402789
frozen,0.025,150.0,validation,False,False,,17.027854461752234,,,240.26243993069306,4.719999999999999,4.066599999999994,2.4065785784750178,0.48714844380656364,2.324111649678154,1.797314945514776,False,False,,32.64105369799169,,,243.11710932737742,1.8964216092740003,1.5535096525816812,0.28070389596523326,0.0392699126611199,0.1275794120961974,0.5185911835773939,False,1.2134056909586086
frozen,0.025,200.0,validation,False,False,,14.121006797082291,,,298.0920165049505,4.706700000000012,3.853400000000022,1.687863099515576,0.3631280196148142,0.7070865646397237,0.590863478684687,False,False,,21.197357632630222,,,290.8515766796621,2.413066925238013,1.9225237566084843,0.5314181684866398,0.08536749792019738,0.028219586471993952,0.6924247567794537,False,1.536882262352051
frozen,0.025,250.0,train,False,False,,13.909729776249218,,,319.4747234356435,3.213300000000004,2.3466999999999985,1.3934696545783074,0.43757227699848544,0.8715493461067155,0.22853602355318778,False,False,,46.413316739214224,,,319.3081729514002,2.5955027159884025,2.1563718024015657,0.17563815072536765,0.008164983820773797,0.02381942479292593,0.40523153058695754,False,3.151246755269256
frozen,0.025,300.0,train,False,True,41.666666666666664,41.17354716074733,41.666666666666664,0.019372788525658838,232.71287096039606,94.32,91.11999999999998,91.62934044189902,0.9973613379044338,85.70107620440322,1.0964264844510925,True,False,,26.834267097827954,,,314.8393087786632,2.5037066451885153,2.1389723745650144,0.39466996135832366,0.04439860395748474,0.13550004383685407,0.7297128253600136,False,77.7263602330432
frozen,0.025,350.0,train,False,True,41.666666666666664,42.59623808525568,43.47826086956522,0.020203050891044214,189.93848151485153,103.75999999999999,100.32,101.37800303546058,0.9992535093816439,99.01077989235284,0.8631305790098773,True,False,,41.652868605788434,,,292.1893788699868,2.3131071426160474,1.8908085709797433,0.16205815579800278,0.008696391051139174,0.11208463366979124,0.7832182798664321,False,95.2968990071976
frozen,0.025,400.0,validation,False,True,45.45454545454545,45.78749745855536,45.45454545454545,0.0,187.98507821782175,82.5333,79.10669999999999,79.67126040317783,0.999171608496318,79.51329549565885,0.9392545502728201,True,False,,18.844459779413455,,,267.7164722427991,1.8130201066719565,1.4877653959417785,0.19713533614264878,0.018849309750681553,0.11482921004873811,0.7795555155209216,False,78.47532432671966
frozen,0.025,450.0,validation,False,True,50.0,48.92619450465454,50.0,0.021383343303319473,186.01927557425745,61.746700000000004,58.733299999999986,59.13906117380684,0.997776131632384,58.781232719878886,0.9440362412932626,True,False,,10.000003498264658,,,245.0211990879346,1.6677793552034927,1.385242894933981,0.11607468539080985,0.006838447160177452,0.29691224019914614,0.7556995313750499,False,62.20251670623984
frozen,0.025,500.0,train,False,True,52.63157894736842,51.495607711371065,51.282051282051285,0.02564102564102564,186.25742574257427,46.52000000000001,44.373399999999975,45.29791292626471,0.9988201902291101,45.34319193015342,0.8835421679522869,True,False,,12.244591927605283,,,225.04158918623443,1.309570602392938,1.101478070398855,0.10920794979473132,0.008111132868620308,0.1005719206464365,0.5369222825857828,False,54.635734491973324
frozen,0.025,550.0,validation,False,True,52.63157894736842,53.6089491692211,54.054054054054056,0.02702702702702703,185.11551221455443,37.293300000000016,34.51999999999998,35.18410234898925,0.9954051704281021,35.056765659189,0.9306635634943242,True,False,,18.818565488932023,,,207.8258404259484,1.7505199800905302,1.525434540396617,0.06675460934046643,0.001895492216961503,0.029720142482976376,0.7978449912295232,False,48.509503885623374
frozen,0.025,600.0,validation,False,True,55.55555555555556,55.75060542649025,55.55555555555556,0.03928371006591931,186.12897561089108,28.293299999999988,25.72,26.314903057035917,0.9904797389307746,26.32945985427494,0.8935844941062119,True,False,,21.209753418955536,,,193.74408495292096,0.8979888793212183,0.7853045887326005,0.07042305007342518,0.006359649777246124,0.07226702063785484,0.41548679393384946,False,43.65247787901957
frozen,0.025,650.0,train,False,True,58.8235294117647,57.816988117809586,58.8235294117647,0.028155054514749176,184.09623894059408,21.226699999999994,19.079999999999984,18.960364167404826,0.9819604662361988,18.871919643331037,0.8980715178338963,True,False,,15.366804173360002,,,181.27800567993287,1.2000644456241787,0.9406051521106349,0.07105643910938836,0.0065378097282488,0.06599697180895221,0.6772898595942423,False,38.157430590520526
frozen,0.025,700.0,validation,False,True,58.8235294117647,59.54885392572425,58.8235294117647,0.025851504590580256,181.7120795346535,17.586600000000004,13.933400000000006,13.73426576294101,0.957064813754709,13.400827320726998,0.747723863660392,True,False,,10.000003996439151,,,170.3662313036016,1.1656002117959474,1.0427396263971218,0.07223466018423774,0.0029649722760795028,0.11726007106051063,0.6576319281401042,False,33.24281484450404
frozen,0.025,750.0,validation,False,True,62.5,61.042671449716536,62.5,0.04819277108433734,181.08356366336628,17.14670000000001,13.893399999999986,11.560285297594564,0.8747801353899631,11.629398297798542,0.9574870621121345,True,False,,30.47066363072982,,,161.82974903244155,1.5129916385315596,1.3172206907990187,0.1566115718184955,0.01426779735933481,0.04898225666270267,0.8760248394029241,False,33.19600159012474
frozen,0.025,800.0,train,False,True,62.5,62.714561113294,62.5,0.282842712474619,180.88158613861387,11.093400000000003,9.253300000000024,6.232899194540934,0.6671750617132046,6.121509014013745,1.0284815188905327,True,False,,27.00580934967321,,,153.08106102846185,1.0988735541680796,0.9593355974751319,0.1292559381147191,0.01916343611545257,0.12373589168976658,0.8427916135529328,False,29.603759136907364
frozen,0.025,850.0,validation,False,False,,63.789460782478756,62.5,0.051948051948051945,180.43775940594062,7.866600000000005,5.5467000000000155,2.9187351327310216,0.38335851225851936,2.7061719780214726,0.9674353448327867,False,False,,45.20237615848208,,,145.28919973034974,1.1301145738022171,1.0080129727800227,0.06564439100739308,0.004097592106465542,0.0624563127784295,0.8384937618288401,False,5.3146829130139075
frozen,0.025,900.0,train,False,False,,12.636292359846257,71.42857142857143,0.2999423243289873,177.8838326732673,6.960000000000008,5.546599999999984,1.8441523911635787,0.1687017236880799,2.5628899687979594,1.1727903149983379,False,False,,10.000005387772973,,,138.33465084269548,1.265321750795465,1.108923468717137,0.14474043154792252,0.009417045607092223,0.18991586995988588,1.0115898044738685,False,6.594176169748347
frozen,0.025,950.0,validation,False,False,,66.23904210948616,74.07407407407408,0.3796013991310125,176.8031636633663,7.866700000000009,5.546599999999984,2.12122556036776,0.2057113460442389,1.4862732646115808,0.9525870434091936,False,False,,23.785774891895112,,,131.86128531538475,1.457723716634888,1.1255001855262492,0.13274268364472472,0.01376219365136111,0.06360703234996354,0.9250309964275034,False,6.375680632744915
frozen,0.025,1000.0,validation,False,False,,67.18766825547392,62.5,0.11291995079911113,174.85517851485147,7.866600000000005,6.026700000000005,3.479000333324883,0.4856249503723351,3.425418834092218,0.9134739298740897,False,False,,19.194496445652124,,,126.96360487187088,1.5535806821382039,1.2794297436479667,0.12008979125775582,0.00636453200631093,0.07719476265807797,0.8264816313780462,False,7.98742700059534
frozen,0.025,1100.0,validation,False,False,,68.63636974440715,71.42857142857143,0.10393492741038725,175.24910623762372,10.640000000000015,7.866600000000005,5.727896623735151,0.6582521354496025,5.287546713467708,0.6868611275228014,False,False,,14.329573256649596,,,117.11081471510464,1.9100256505282545,1.7049828850495174,0.15802476510636035,0.00934078731194965,0.19293042572738486,0.9823703599779186,False,12.087811256651255
frozen,0.025,1200.0,train,False,False,,68.81585721818458,66.66666666666667,0.112833866731055,172.88052772277229,10.640000000000015,7.866700000000009,5.987257355671958,0.7618945955799794,5.878409586669303,1.098002703933764,False,False,,32.22115998907731,,,108.899302278906,1.1484464153659246,0.9606716623805909,0.11431442603882486,0.011182825721987366,0.06680765261197451,0.9936077798193661,False,14.637177041768307
frozen,0.0125,50.0,validation,False,False,,16.59288819174028,,,88.47603910891087,4.506659999999982,3.4399999999999977,2.184103007371274,0.6691407284022073,0.7776928352686754,0.8665210934158273,False,False,,19.845904230438858,,,95.71771431331182,2.93657743614213,2.5960069969306545,0.24763517117179093,0.011743094583208102,0.2055293514350437,0.855773507671247,False,0.4387627631242449
frozen,0.0125,100.0,train,False,False,,21.226003790039126,,,171.14296732673267,6.653399999999976,5.14670000000001,4.090358672546572,0.8901813973975933,0.9150656917441401,1.7451000792986253,False,False,,10.000005531682653,,,178.46552462490433,3.061891342361065,2.4885138516427503,0.27098663542638934,0.008585052949022232,0.8256347625231945,1.1186502754075158,False,0.6361965999750544
frozen,0.0125,150.0,validation,False,False,,17.027854461752234,,,240.26243993069306,4.719999999999999,4.066599999999994,2.4065785784750178,0.48714844380656364,2.324111649678154,1.797314945514776,False,False,,32.61009317491117,,,243.11685452235074,1.923329280689103,1.5594865773888387,0.2814436552008106,0.038658423608267656,0.12946011141674876,0.5194559631409981,False,1.2114434307726176
frozen,0.0125,200.0,validation,False,False,,14.121006797082291,,,298.0920165049505,4.706700000000012,3.853400000000022,1.687863099515576,0.3631280196148142,0.7070865646397237,0.590863478684687,False,False,,21.21734174695601,,,290.8515719513743,2.4384584863078658,1.9548890718740495,0.5273336312260782,0.0828213314732752,0.027343821148713206,0.6986857822430785,False,1.5417079252738695
frozen,0.0125,250.0,train,False,False,,13.909729776249218,,,319.4747234356435,3.213300000000004,2.3466999999999985,1.3934696545783074,0.43757227699848544,0.8715493461067155,0.22853602355318778,False,False,,46.77032157492195,,,319.3367834716385,2.568233613946518,2.2094200754697795,0.18601124796451188,0.009005133716981084,0.024622208968158112,0.40644597826864515,False,3.1431569022336245
frozen,0.0125,300.0,train,False,True,41.666666666666664,41.17354716074733,41.666666666666664,0.019372788525658838,232.71287096039606,94.32,91.11999999999998,91.62934044189902,0.9973613379044338,85.70107620440322,1.0964264844510925,True,False,,25.49706010014391,,,314.8997662154636,2.4094308892367167,2.1648747338215912,0.4239925973449148,0.05254031531539416,0.15587504466505453,0.7538697959913786,False,77.1003494088508
frozen,0.0125,350.0,train,False,True,41.666666666666664,42.59623808525568,43.47826086956522,0.020203050891044214,189.93848151485153,103.75999999999999,100.32,101.37800303546058,0.9992535093816439,99.01077989235284,0.8631305790098773,True,False,,41.818134405097915,,,292.1847500649396,2.303481209363042,1.8968286426741088,0.15593806405061478,0.008046780995485614,0.11228166227147043,0.773329382668301,False,95.18593779873822
frozen,0.0125,400.0,validation,False,True,45.45454545454545,45.78749745855536,45.45454545454545,0.0,187.98507821782175,82.5333,79.10669999999999,79.67126040317783,0.999171608496318,79.51329549565885,0.9392545502728201,True,False,,195.8260484978929,,,267.89008907491115,1.9087476211144008,1.480398902953766,0.1114658873728014,0.006780516432861705,0.03298891644801589,0.7908999979011825,False,78.88793525839615
frozen,0.0125,450.0,validation,False,True,50.0,48.92619450465454,50.0,0.021383343303319473,186.01927557425745,61.746700000000004,58.733299999999986,59.13906117380684,0.997776131632384,58.781232719878886,0.9440362412932626,True,False,,44.947288184310345,,,244.96547912226714,1.712870181790521,1.4156975438820893,0.10771866191682253,0.006529087640761766,0.05987169194885323,0.7760542493357783,False,66.27660437236392
frozen,0.0125,500.0,train,False,True,52.63157894736842,51.495607711371065,51.282051282051285,0.02564102564102564,186.25742574257427,46.52000000000001,44.373399999999975,45.29791292626471,0.9988201902291101,45.34319193015342,0.8835421679522869,True,False,,15.050898609193323,,,225.30763501880818,1.220698990247456,1.0408524434741935,0.09245819488151479,0.006322989959568148,0.08184200738636406,0.6065995886093029,False,55.183298580533986
frozen,0.0125,550.0,validation,False,True,52.63157894736842,53.6089491692211,54.054054054054056,0.02702702702702703,185.11551221455443,37.293300000000016,34.51999999999998,35.18410234898925,0.9954051704281021,35.056765659189,0.9306635634943242,True,False,,13.97626291667179,,,207.87741806229224,1.654273069874563,1.4653218951816314,0.12200480332256863,0.0074632778212733175,0.05874575694702648,0.7413207605361974,False,47.71711676759351
frozen,0.0125,600.0,validation,False,True,55.55555555555556,55.75060542649025,55.55555555555556,0.03928371006591931,186.12897561089108,28.293299999999988,25.72,26.314903057035917,0.9904797389307746,26.32945985427494,0.8935844941062119,True,False,,10.000003498264658,,,193.6820120711795,1.2194052814999168,0.9693934851655399,0.1723194134394331,0.032729442497931194,0.13835575312070908,0.5070065678338379,False,39.88601831469345
frozen,0.0125,650.0,train,False,True,58.8235294117647,57.816988117809586,58.8235294117647,0.028155054514749176,184.09623894059408,21.226699999999994,19.079999999999984,18.960364167404826,0.9819604662361988,18.871919643331037,0.8980715178338963,True,False,,38.43938844637693,,,181.28011014982891,1.199393913128091,0.9153030320124458,0.07171513299447915,0.006889629862281255,0.027678795032913466,0.6724458450684958,False,38.90024017735254
frozen,0.0125,700.0,validation,False,True,58.8235294117647,59.54885392572425,58.8235294117647,0.025851504590580256,181.7120795346535,17.586600000000004,13.933400000000006,13.73426576294101,0.957064813754709,13.400827320726998,0.747723863660392,True,False,,10.000003656832243,,,170.3656843930892,1.1505500564049953,1.0306252392128954,0.0728932103868272,0.003195422900135192,0.11728778783045442,0.6508522107858358,False,33.20332071206423
frozen,0.0125,750.0,validation,False,True,62.5,61.042671449716536,62.5,0.04819277108433734,181.08356366336628,17.14670000000001,13.893399999999986,11.560285297594564,0.8747801353899631,11.629398297798542,0.9574870621121345,True,False,,30.05632588938072,,,161.7791811436782,1.5280415319861618,1.338752807709227,0.15246238662837436,0.013286329835719202,0.043562468661263135,0.8398625631680168,False,33.12622150909206
frozen,0.0125,800.0,train,False,True,62.5,62.714561113294,62.5,0.282842712474619,180.88158613861387,11.093400000000003,9.253300000000024,6.232899194540934,0.6671750617132046,6.121509014013745,1.0284815188905327,True,False,,27.31733595805959,,,153.01258854941483,1.1657333489982022,0.9585678295983655,0.13673892538323262,0.02107572031732463,0.08196475665672881,0.799106937463357,False,29.599894113245313
frozen,0.0125,850.0,validation,False,False,,63.789460782478756,62.5,0.051948051948051945,180.43775940594062,7.866600000000005,5.5467000000000155,2.9187351327310216,0.38335851225851936,2.7061719780214726,0.9674353448327867,False,False,,43.13283924516004,,,145.19992635319747,1.158371885897651,1.024660814146415,0.0807216292280561,0.006351436747978889,0.06193225401813019,0.831855701713104,False,5.284633132551363
frozen,0.0125,900.0,train,False,False,,12.636292359846257,71.42857142857143,0.2999423243289873,177.8838326732673,6.960000000000008,5.546599999999984,1.8441523911635787,0.1687017236880799,2.5628899687979594,1.1727903149983379,False,False,,11.782762001035264,,,138.56238515363495,1.182619041097979,1.0609019363054415,0.10048180263141814,0.008114231523653537,0.08973730582367302,1.0679031429571504,False,6.620339142870043
frozen,0.0125,950.0,validation,False,False,,66.23904210948616,74.07407407407408,0.3796013991310125,176.8031636633663,7.866700000000009,5.546599999999984,2.12122556036776,0.2057113460442389,1.4862732646115808,0.9525870434091936,False,False,,30.096974593576252,,,131.88874720373823,1.2102155661428071,1.0985996287481328,0.047549602554955536,0.00191546773609097,0.043202174676499255,0.8821121921871554,False,6.437556834916142
frozen,0.0125,1000.0,validation,False,False,,67.18766825547392,62.5,0.11291995079911113,174.85517851485147,7.866600000000005,6.026700000000005,3.479000333324883,0.4856249503723351,3.425418834092218,0.9134739298740897,False,False,,19.180132768644754,,,127.16820518428358,1.5654568360298668,1.2843470177267307,0.12019908185514855,0.006291220400687858,0.0766911350746869,0.8348929342357649,False,7.925833960756298
frozen,0.0125,1100.0,validation,False,False,,68.63636974440715,71.42857142857143,0.10393492741038725,175.24910623762372,10.640000000000015,7.866600000000005,5.727896623735151,0.6582521354496025,5.287546713467708,0.6868611275228014,False,False,,14.322473947628625,,,116.89880194911295,1.9240104059370111,1.7201597993909985,0.15864233858549223,0.009246523766962,0.1903499261335267,0.9670513197679115,False,12.030799793012088
frozen,0.0125,1200.0,train,False,False,,68.81585721818458,66.66666666666667,0.112833866731055,172.88052772277229,10.640000000000015,7.866700000000009,5.987257355671958,0.7618945955799794,5.878409586669303,1.098002703933764,False,False,,32.21553366760441,,,108.80039413436448,1.1509498016779958,0.9718252736209223,0.11440002851667229,0.011116659232560777,0.06559242278682759,0.9525272755999411,False,14.628428474994294
frozen,0.00625,50.0,validation,False,False,,16.59288819174028,,,88.47603910891087,4.506659999999982,3.4399999999999977,2.184103007371274,0.6691407284022073,0.7776928352686754,0.8665210934158273,False,False,,19.676064948492208,,,95.71598747912805,2.957498679377622,2.618209751975641,0.2547984284277048,0.012359576961474716,0.21696105989965772,0.8607062082617333,False,0.43556200184227
frozen,0.00625,100.0,train,False,False,,21.226003790039126,,,171.14296732673267,6.653399999999976,5.14670000000001,4.090358672546572,0.8901813973975933,0.9150656917441401,1.7451000792986253,False,False,,46.23604560477471,,,178.465045419578,3.0730523154332445,2.4964561686116724,0.23273875831799942,0.009660225686460522,0.23362673553779242,1.1168064799047048,False,1.2864795198554408
frozen,0.00625,150.0,validation,False,False,,17.027854461752234,,,240.26243993069306,4.719999999999999,4.066599999999994,2.4065785784750178,0.48714844380656364,2.324111649678154,1.797314945514776,False,False,,32.57720846120374,,,243.12427411791865,1.9385731615956558,1.5688780878614637,0.2838049801418258,0.03887106845231292,0.13076466881224932,0.5191321924538906,False,1.2153610180715761
frozen,0.00625,200.0,validation,False,False,,14.121006797082291,,,298.0920165049505,4.706700000000012,3.853400000000022,1.687863099515576,0.3631280196148142,0.7070865646397237,0.590863478684687,False,False,,21.156829664561386,,,290.8574981868058,2.4382200535073366,1.9617137797950477,0.5217044520816572,0.08050052927204387,0.03407286817021676,0.7047312112899237,False,1.540672864623309
frozen,0.00625,250.0,train,False,False,,13.909729776249218,,,319.4747234356435,3.213300000000004,2.3466999999999985,1.3934696545783074,0.43757227699848544,0.8715493461067155,0.22853602355318778,False,False,,46.8340168758482,,,319.30204695834675,2.599198274304001,2.178544842036956,0.17811117660748585,0.008326540953485506,0.02608837985858946,0.40467258879016077,False,3.1459174803982886
frozen,0.00625,300.0,train,False,True,41.666666666666664,41.17354716074733,41.666666666666664,0.019372788525658838,232.71287096039606,94.32,91.11999999999998,91.62934044189902,0.9973613379044338,85.70107620440322,1.0964264844510925,True,False,,25.613351307910268,,,314.97563523133493,2.6704382902785255,2.1528867136418626,0.4469310021937675,0.05714837495354275,0.16817457941093064,0.7147125045787536,False,76.92472546417089
frozen,0.00625,350.0,train,False,True,41.666666666666664,42.59623808525568,43.47826086956522,0.020203050891044214,189.93848151485153,103.75999999999999,100.32,101.37800303546058,0.9992535093816439,99.01077989235284,0.8631305790098773,True,False,,29.42035205279808,,,291.95423514580125,2.3529242672716464,1.992344173291599,0.09687285075401324,0.0030302907421555503,0.08059784540594926,0.8378428893884055,False,95.59840708553334
frozen,0.00625,400.0,validation,False,True,45.45454545454545,45.78749745855536,45.45454545454545,0.0,187.98507821782175,82.5333,79.10669999999999,79.67126040317783,0.999171608496318,79.51329549565885,0.9392545502728201,True,False,,195.89022787584187,,,267.93706366005347,1.856621552173067,1.514373427856583,0.09297831361806115,0.004656038912606797,0.030809426154544482,0.8056543818591768,False,79.5500843113319
frozen,0.00625,450.0,validation,False,True,50.0,48.92619450465454,50.0,0.021383343303319473,186.01927557425745,61.746700000000004,58.733299999999986,59.13906117380684,0.997776131632384,58.781232719878886,0.9440362412932626,True,False,,32.58131276825071,,,244.9612846835201,1.64027170645997,1.4025889976195458,0.10236072016369557,0.005610513314973642,0.10228648631547754,0.8318258051063271,False,65.84409873761476
frozen,0.00625,500.0,train,False,True,52.63157894736842,51.495607711371065,51.282051282051285,0.02564102564102564,186.25742574257427,46.52000000000001,44.373399999999975,45.29791292626471,0.9988201902291101,45.34319193015342,0.8835421679522869,True,False,,26.068654221326607,,,225.19736347991073,1.284702605409592,1.0132257235471513,0.05285088808373609,0.0021519953942014114,0.03570456299730634,0.5211973223058338,False,56.45897370166006
frozen,0.00625,550.0,validation,False,True,52.63157894736842,53.6089491692211,54.054054054054056,0.02702702702702703,185.11551221455443,37.293300000000016,34.51999999999998,35.18410234898925,0.9954051704281021,35.056765659189,0.9306635634943242,True,False,,10.000003498264658,,,207.83858606812,1.7237718810833087,1.529040462681337,0.2106905112194953,0.011728524734572532,0.3427521006221302,0.8057416633579466,False,43.989984473247716
frozen,0.00625,600.0,validation,False,True,55.55555555555556,55.75060542649025,55.55555555555556,0.03928371006591931,186.12897561089108,28.293299999999988,25.72,26.314903057035917,0.9904797389307746,26.32945985427494,0.8935844941062119,True,False,,10.185706761034833,,,193.70291868444377,1.1945029054202791,1.0482781813005886,0.12356352716385545,0.017241056503167873,0.33288093481496256,0.5286069949103247,False,40.96185278242356
frozen,0.00625,650.0,train,False,True,58.8235294117647,57.816988117809586,58.8235294117647,0.028155054514749176,184.09623894059408,21.226699999999994,19.079999999999984,18.960364167404826,0.9819604662361988,18.871919643331037,0.8980715178338963,True,False,,37.807764139826794,,,181.27675482447282,1.2075899210500154,0.9024734198399926,0.08153088824858612,0.008923285780328971,0.03389240115710209,0.6737092111589271,False,38.7979570695249
frozen,0.00625,700.0,validation,False,True,58.8235294117647,59.54885392572425,58.8235294117647,0.025851504590580256,181.7120795346535,17.586600000000004,13.933400000000006,13.73426576294101,0.957064813754709,13.400827320726998,0.747723863660392,True,False,,10.000003654788655,,,170.3685812039296,1.149566387040295,1.012579662400384,0.0798016032592318,0.0036551107194594534,0.20973917778818707,0.6552944750073239,False,33.006103416573666
frozen,0.00625,750.0,validation,False,True,62.5,61.042671449716536,62.5,0.04819277108433734,181.08356366336628,17.14670000000001,13.893399999999986,11.560285297594564,0.8747801353899631,11.629398297798542,0.9574870621121345,True,False,,30.036824119787017,,,161.52998313759335,1.5287421803583925,1.3437745146107147,0.1493487533273633,0.012698239237676878,0.03887336128366206,0.8655045670637188,False,33.34266487470832
frozen,0.00625,800.0,train,False,True,62.5,62.714561113294,62.5,0.282842712474619,180.88158613861387,11.093400000000003,9.253300000000024,6.232899194540934,0.6671750617132046,6.121509014013745,1.0284815188905327,True,False,,27.247485404437363,,,153.00726648698154,1.164183659323868,0.963687704911564,0.13908180218162244,0.02168285228799205,0.07504564571033785,0.8083823868213963,False,29.563455181047903
frozen,0.00625,850.0,validation,False,False,,63.789460782478756,62.5,0.051948051948051945,180.43775940594062,7.866600000000005,5.5467000000000155,2.9187351327310216,0.38335851225851936,2.7061719780214726,0.9674353448327867,False,False,,41.991993699674545,,,145.24844420448798,1.1504279303743203,1.0424830180719198,0.053771066779740626,0.002798490004087939,0.06642318117693706,0.8723112906605207,False,5.257210451502981
frozen,0.00625,900.0,train,False,False,,12.636292359846257,71.42857142857143,0.2999423243289873,177.8838326732673,6.960000000000008,5.546599999999984,1.8441523911635787,0.1687017236880799,2.5628899687979594,1.1727903149983379,False,False,,28.783176329185327,,,138.54453742064464,1.1784166221714258,1.0601817308328236,0.0664147927686958,0.004294593970595506,0.0430532417704471,1.0206452247061983,False,7.049942364916399
frozen,0.00625,950.0,validation,False,False,,66.23904210948616,74.07407407407408,0.3796013991310125,176.8031636633663,7.866700000000009,5.546599999999984,2.12122556036776,0.2057113460442389,1.4862732646115808,0.9525870434091936,False,False,,32.23266125140121,,,131.80185768840187,1.2540968941392805,1.051143517578197,0.06385153635077544,0.003298009216894826,0.041463610314732606,0.886004296172684,False,6.447138969045382
frozen,0.00625,1000.0,validation,False,False,,67.18766825547392,62.5,0.11291995079911113,174.85517851485147,7.866600000000005,6.026700000000005,3.479000333324883,0.4856249503723351,3.425418834092218,0.9134739298740897,False,False,,19.27493195764304,,,127.1090031718368,1.5729372335870124,1.2754064314744227,0.12082045568098723,0.006308334086559952,0.08177197778259773,0.8314877045192738,False,7.934774396877982
frozen,0.00625,1100.0,validation,False,False,,68.63636974440715,71.42857142857143,0.10393492741038725,175.24910623762372,10.640000000000015,7.866600000000005,5.727896623735151,0.6582521354496025,5.287546713467708,0.6868611275228014,False,False,,14.308895976831089,,,116.92662346132678,1.9323774153341162,1.7262023032309202,0.1583356961510233,0.009126307049920013,0.20102924687789475,0.9660048085281171,False,12.029025938837796
frozen,0.00625,1200.0,train,False,False,,68.81585721818458,66.66666666666667,0.112833866731055,172.88052772277229,10.640000000000015,7.866700000000009,5.987257355671958,0.7618945955799794,5.878409586669303,1.098002703933764,False,False,,32.28194464764274,,,108.80890999317705,1.1508753699579728,0.9733899171666565,0.11412500986293482,0.011066749946769372,0.06754368503813934,0.9425382069998284,False,14.624430583144528
prior_anchored,0.025,50.0,validation,True,False,,16.59288819174028,,,88.47603910891087,4.506659999999982,3.4399999999999977,2.184103007371274,0.6691407284022073,0.7776928352686754,0.8665210934158273,False,False,,10.731709737567837,,,95.78724887402583,0.5909587207144824,0.5427023815370262,0.1637361277539301,0.45445179329628893,0.32731994539084014,0.12611393769281387,False,0.7590753965113813
prior_anchored,0.025,100.0,train,True,False,,21.226003790039126,,,171.14296732673267,6.653399999999976,5.14670000000001,4.090358672546572,0.8901813973975933,0.9150656917441401,1.7451000792986253,False,False,,10.982880795390063,,,178.7518652280576,0.4313145726237053,0.3503115783116755,0.15417803092225535,0.45875168220576235,0.2717836067810278,0.05862233515541128,False,1.893946836011702
prior_anchored,0.025,150.0,validation,True,False,,17.027854461752234,,,240.26243993069306,4.719999999999999,4.066599999999994,2.4065785784750178,0.48714844380656364,2.324111649678154,1.797314945514776,False,False,,21.233528830810666,,,243.67759231912885,0.4242512825866527,0.3196748557779472,0.11369911569019431,0.36179645496089374,0.01573939806761904,0.08164472584742496,False,1.45275679554834
prior_anchored,0.025,200.0,validation,True,False,,14.121006797082291,,,298.0920165049505,4.706700000000012,3.853400000000022,1.687863099515576,0.3631280196148142,0.7070865646397237,0.590863478684687,False,False,,20.718824798546503,,,291.77374830092333,0.852436008552445,0.7458631152039743,0.31981542180164735,0.8484214411303962,0.0486616943081953,0.043033095435625224,False,1.6567346221909331
prior_anchored,0.025,250.0,train,True,False,,13.909729776249218,,,319.4747234356435,3.213300000000004,2.3466999999999985,1.3934696545783074,0.43757227699848544,0.8715493461067155,0.22853602355318778,False,False,,16.41126663137964,,,321.1101383551561,0.4942118815653771,0.3927340904710377,0.17780555913561472,0.45470753478765913,0.19505287604704166,0.0088648643670016,False,1.2025535118721908
prior_anchored,0.025,300.0,train,True,True,41.666666666666664,41.17354716074733,41.666666666666664,0.019372788525658838,232.71287096039606,94.32,91.11999999999998,91.62934044189902,0.9973613379044338,85.70107620440322,1.0964264844510925,True,True,32.25806451612903,33.0543007068187,32.25806451612903,0.0,226.00482800649237,247.79703459468845,233.34982585812335,189.42103302002295,0.8149559603460043,148.1911622782292,0.7737011176018413,True,4.403433045230765
prior_anchored,0.025,350.0,train,True,True,41.666666666666664,42.59623808525568,43.47826086956522,0.020203050891044214,189.93848151485153,103.75999999999999,100.32,101.37800303546058,0.9992535093816439,99.01077989235284,0.8631305790098773,True,True,37.03703703703704,36.278185873187255,35.714285714285715,0.14285714285714285,227.26177244045857,349.4209402516515,314.6266927720966,240.7452556075986,0.6719258150458128,189.3032338257254,0.945834205995793,True,6.735592705087813
prior_anchored,0.025,400.0,validation,True,True,45.45454545454545,45.78749745855536,45.45454545454545,0.0,187.98507821782175,82.5333,79.10669999999999,79.67126040317783,0.999171608496318,79.51329549565885,0.9392545502728201,True,True,43.47826086956522,41.93380430902882,41.666666666666664,0.034020690871988585,219.45118864460645,374.4566307735951,361.3657439827271,273.380026084021,0.6246984935956947,263.2568469540087,1.0000077075540195,True,8.771549518718121
prior_anchored,0.025,450.0,validation,True,True,50.0,48.92619450465454,50.0,0.021383343303319473,186.01927557425745,61.746700000000004,58.733299999999986,59.13906117380684,0.997776131632384,58.781232719878886,0.9440362412932626,True,True,47.61904761904762,46.60987399950409,43.47826086956522,0.08702852691526738,214.13220122796997,381.61842200942266,371.3308331600116,275.04100323127125,0.6184964407890494,257.8781207812733,1.0110225528738683,True,11.997135751498448
prior_anchored,0.025,500.0,train,True,True,52.63157894736842,51.495607711371065,51.282051282051285,0.02564102564102564,186.25742574257427,46.52000000000001,44.373399999999975,45.29791292626471,0.9988201902291101,45.34319193015342,0.8835421679522869,True,True,64.51612903225806,65.27890039511348,62.5,0.09669038458354651,187.85967416123952,315.11921914679345,277.3496048443684,220.84107331338274,0.7350760210179523,116.32750212488928,0.9286424581608187,True,10.206939045012819
prior_anchored,0.025,550.0,validation,True,True,52.63157894736842,53.6089491692211,54.054054054054056,0.02702702702702703,185.11551221455443,37.293300000000016,34.51999999999998,35.18410234898925,0.9954051704281021,35.056765659189,0.9306635634943242,True,True,66.66666666666667,66.81747035879569,66.66666666666667,0.04216370213557839,159.60324004977954,292.84525053244795,280.2027797151136,244.29996819436502,0.8060604912967325,220.48344644539728,1.0291038215104844,True,16.8471992400293
prior_anchored,0.025,600.0,validation,True,True,55.55555555555556,55.75060542649025,55.55555555555556,0.03928371006591931,186.12897561089108,28.293299999999988,25.72,26.314903057035917,0.9904797389307746,26.32945985427494,0.8935844941062119,True,True,76.92307692307692,76.66640707407385,76.92307692307692,0.0,147.6461103591275,260.72809692318157,258.38518441754275,241.41245912884693,0.8476357612329695,238.74306114833456,0.9829940082589953,True,24.026865273198887
prior_anchored,0.025,650.0,train,True,True,58.8235294117647,57.816988117809586,58.8235294117647,0.028155054514749176,184.09623894059408,21.226699999999994,19.079999999999984,18.960364167404826,0.9819604662361988,18.871919643331037,0.8980715178338963,True,True,90.9090909090909,87.82513566115742,90.9090909090909,0.042560256551729854,136.8779803922966,219.37241698501353,215.15865804611477,208.0384591384302,0.8673616606118317,204.90088637878307,0.9848427465191015,True,30.047489429517714
prior_anchored,0.025,700.0,validation,True,True,58.8235294117647,59.54885392572425,58.8235294117647,0.025851504590580256,181.7120795346535,17.586600000000004,13.933400000000006,13.73426576294101,0.957064813754709,13.400827320726998,0.747723863660392,True,True,100.0,99.78033371837695,100.0,0.0,128.86503042791287,162.04683417765014,159.9717220277849,156.68045306391298,0.9201130355587622,156.73238548765963,0.9709243150594761,True,34.778872852251745
prior_anchored,0.025,750.0,validation,True,True,62.5,61.042671449716536,62.5,0.04819277108433734,181.08356366336628,17.14670000000001,13.893399999999986,11.560285297594564,0.8747801353899631,11.629398297798542,0.9574870621121345,True,True,111.11111111111111,111.79846097363689,111.11111111111111,0.0,121.03953677987107,65.4400024032492,59.30380362709957,60.01041659062075,0.9820418681604381,56.97292843997788,0.609767029027517,True,31.160656310238625
prior_anchored,0.025,800.0,train,True,True,62.5,62.714561113294,62.5,0.282842712474619,180.88158613861387,11.093400000000003,9.253300000000024,6.232899194540934,0.6671750617132046,6.121509014013745,1.0284815188905327,True,True,125.0,120.32559331928417,,,115.31455104243362,1.265176613487398,0.7222067554325946,0.29622337718221936,0.23538408907004726,0.07420841351941901,0.01250768860736686,False,35.01828670706497
prior_anchored,0.025,850.0,validation,True,False,,63.789460782478756,62.5,0.051948051948051945,180.43775940594062,7.866600000000005,5.5467000000000155,2.9187351327310216,0.38335851225851936,2.7061719780214726,0.9674353448327867,False,False,,147.8056614436416,,,109.56417786372967,0.5048480391803167,0.3541775180292319,0.045378664216592236,0.021999974118892207,0.027315690841730713,0.03387367702394687,False,14.740219474379536
prior_anchored,0.025,900.0,train,True,False,,12.636292359846257,71.42857142857143,0.2999423243289873,177.8838326732673,6.960000000000008,5.546599999999984,1.8441523911635787,0.1687017236880799,2.5628899687979594,1.1727903149983379,False,False,,114.56861948910463,,,104.69818763434687,0.5022018558366454,0.36352586710117407,0.038170624795545505,0.012765154216276775,0.01910791629746044,0.18419526956325155,False,16.703636153490045
prior_anchored,0.025,950.0,validation,True,False,,66.23904210948616,74.07407407407408,0.3796013991310125,176.8031636633663,7.866700000000009,5.546599999999984,2.12122556036776,0.2057113460442389,1.4862732646115808,0.9525870434091936,False,False,,31.226493992877053,,,100.03077134029708,0.5224767666162933,0.4061963287104504,0.049146700691937176,0.015806575632021924,0.03645868194991646,0.7653161518887807,False,16.551401911565904
prior_anchored,0.025,1000.0,validation,True,False,,67.18766825547392,62.5,0.11291995079911113,174.85517851485147,7.866600000000005,6.026700000000005,3.479000333324883,0.4856249503723351,3.425418834092218,0.9134739298740897,False,False,,19.915560334432502,,,96.01186004304664,1.409962401407384,1.16068989761078,0.12051509712281852,0.011915122247768917,0.11200448396971105,0.8955857112328985,False,18.01141182816003
prior_anchored,0.025,1100.0,validation,True,False,,68.63636974440715,71.42857142857143,0.10393492741038725,175.24910623762372,10.640000000000015,7.866600000000005,5.727896623735151,0.6582521354496025,5.287546713467708,0.6868611275228014,False,False,,12.752792622041273,,,88.79611511809554,1.2284161351449114,0.856481965121759,0.20759692135611896,0.0640059892962529,0.09535705554100846,0.9238620866651603,False,23.062769707894567
prior_anchored,0.025,1200.0,train,True,False,,68.81585721818458,66.66666666666667,0.112833866731055,172.88052772277229,10.640000000000015,7.866700000000009,5.987257355671958,0.7618945955799794,5.878409586669303,1.098002703933764,False,False,,30.177492114761513,,,83.06382396502352,1.1666120266082913,0.9540603979593811,0.10511164752508927,0.011507731832978596,0.05547849402688372,0.9291222047294346,False,24.63791001346958
prior_anchored,0.0125,50.0,validation,False,False,,16.59288819174028,,,88.47603910891087,4.506659999999982,3.4399999999999977,2.184103007371274,0.6691407284022073,0.7776928352686754,0.8665210934158273,False,False,,10.748714864109369,,,95.80365217543064,0.5930821377513666,0.5436709922593224,0.1633137825774609,0.45394370326058586,0.3257017187126831,0.12628111653755578,False,0.7568882447450359
prior_anchored,0.0125,100.0,train,False,False,,21.226003790039126,,,171.14296732673267,6.653399999999976,5.14670000000001,4.090358672546572,0.8901813973975933,0.9150656917441401,1.7451000792986253,False,False,,11.132720792158427,,,178.77965884225526,0.4288558865660832,0.34849364907361746,0.15047276951079977,0.4480427936401301,0.2643876993322762,0.05801054256895741,False,1.873063211086703
prior_anchored,0.0125,150.0,validation,False,False,,17.027854461752234,,,240.26243993069306,4.719999999999999,4.066599999999994,2.4065785784750178,0.48714844380656364,2.324111649678154,1.797314945514776,False,False,,21.484328262509806,,,243.70160030112285,0.4446956861342528,0.3446790163067135,0.10805078255541199,0.35512624661725867,0.011372776347383172,0.08251875753085515,False,1.460872209247598
prior_anchored,0.0125,200.0,validation,False,False,,14.121006797082291,,,298.0920165049505,4.706700000000012,3.853400000000022,1.687863099515576,0.3631280196148142,0.7070865646397237,0.590863478684687,False,False,,20.719908783869595,,,291.78096075656157,0.8206369414352821,0.7278625216428054,0.30690727180876204,0.8269300514601822,0.03518776687395056,0.04224405266328765,False,1.6743420307150503
prior_anchored,0.0125,250.0,train,False,False,,13.909729776249218,,,319.4747234356435,3.213300000000004,2.3466999999999985,1.3934696545783074,0.43757227699848544,0.8715493461067155,0.22853602355318778,False,False,,16.241563211553874,,,321.1169681028184,0.4943012900785675,0.3873399413134848,0.17834631194594028,0.4533526767293574,0.1846560688705797,0.008350211173279012,False,1.198782466712686
prior_anchored,0.0125,300.0,train,False,True,41.666666666666664,41.17354716074733,41.666666666666664,0.019372788525658838,232.71287096039606,94.32,91.11999999999998,91.62934044189902,0.9973613379044338,85.70107620440322,1.0964264844510925,True,True,33.333333333333336,33.3521165092626,33.898305084745765,0.05084745762711865,225.59616936826313,273.2147175044197,223.5040110678952,180.6357210933104,0.7803351408104021,152.9365895946382,0.721939251820167,True,4.458652118927408
prior_anchored,0.0125,350.0,train,False,True,41.666666666666664,42.59623808525568,43.47826086956522,0.020203050891044214,189.93848151485153,103.75999999999999,100.32,101.37800303546058,0.9992535093816439,99.01077989235284,0.8631305790098773,True,True,40.816326530612244,41.05228202862134,41.666666666666664,0.08333333333333333,250.52988584190203,286.0715733403933,251.98745496257055,163.07529900968433,0.6199014971568011,127.61400430339259,0.5874612328162193,True,8.615407606713523
prior_anchored,0.0125,400.0,validation,False,True,45.45454545454545,45.78749745855536,45.45454545454545,0.0,187.98507821782175,82.5333,79.10669999999999,79.67126040317783,0.999171608496318,79.51329549565885,0.9392545502728201,True,True,41.666666666666664,41.847810712932336,43.47826086956522,0.039837001756988594,220.17395958008998,371.12133685304417,354.06901007383647,267.66828099390085,0.6143964614252391,256.88389288697346,0.9949749828082646,True,8.697986264315531
prior_anchored,0.0125,450.0,validation,False,True,50.0,48.92619450465454,50.0,0.021383343303319473,186.01927557425745,61.746700000000004,58.733299999999986,59.13906117380684,0.997776131632384,58.781232719878886,0.9440362412932626,True,True,50.0,46.723011165891286,45.45454545454545,0.057563959796522166,217.56599999822572,375.55790220285866,362.57835284797693,272.89443368762556,0.6140430922087634,255.73331897334194,0.9952242975916674,True,12.064816999191772
prior_anchored,0.0125,500.0,train,False,True,52.63157894736842,51.495607711371065,51.282051282051285,0.02564102564102564,186.25742574257427,46.52000000000001,44.373399999999975,45.29791292626471,0.9988201902291101,45.34319193015342,0.8835421679522869,True,True,62.5,65.7038127144293,66.66666666666667,0.0971859061499725,194.76549627075934,364.81768819863356,309.91654727882553,241.54848471427098,0.7061690078815295,203.1276509384949,1.1860114275796707,True,11.936798577681389
prior_anchored,0.0125,550.0,validation,False,True,52.63157894736842,53.6089491692211,54.054054054054056,0.02702702702702703,185.11551221455443,37.293300000000016,34.51999999999998,35.18410234898925,0.9954051704281021,35.056765659189,0.9306635634943242,True,True,66.66666666666667,67.13072636828953,66.66666666666667,0.04632702950132203,159.99103231809656,289.0754920833133,277.2300160764651,256.28578132000496,0.8179938158942474,243.87651751454484,1.0149259763588199,True,17.435544120847855
prior_anchored,0.0125,600.0,validation,False,True,55.55555555555556,55.75060542649025,55.55555555555556,0.03928371006591931,186.12897561089108,28.293299999999988,25.72,26.314903057035917,0.9904797389307746,26.32945985427494,0.8935844941062119,True,True,76.92307692307692,77.70156103658928,76.92307692307692,0.0,146.99393735183432,259.43640095451775,255.49912350222814,242.8475543251813,0.8371354228533482,242.68479212930697,0.9852245982807591,True,24.169143084448606
prior_anchored,0.0125,650.0,train,False,True,58.8235294117647,57.816988117809586,58.8235294117647,0.028155054514749176,184.09623894059408,21.226699999999994,19.079999999999984,18.960364167404826,0.9819604662361988,18.871919643331037,0.8980715178338963,True,True,90.9090909090909,88.69419698959388,90.9090909090909,0.042560256551729854,136.62041552467235,214.87635304572802,211.62585524831982,203.50579950182203,0.8702245355997121,200.97497471996732,0.9727111200628579,True,30.03631124653341
prior_anchored,0.0125,700.0,validation,False,True,58.8235294117647,59.54885392572425,58.8235294117647,0.025851504590580256,181.7120795346535,17.586600000000004,13.933400000000006,13.73426576294101,0.957064813754709,13.400827320726998,0.747723863660392,True,True,100.0,100.57172964337089,100.0,0.0,129.84166624000906,152.52713207602446,149.47510963403803,150.31996427855685,0.9267680666789475,150.0260433915849,0.9334514272677805,True,34.08088250373942
prior_anchored,0.0125,750.0,validation,False,True,62.5,61.042671449716536,62.5,0.04819277108433734,181.08356366336628,17.14670000000001,13.893399999999986,11.560285297594564,0.8747801353899631,11.629398297798542,0.9574870621121345,True,True,111.11111111111111,112.54790101562492,111.11111111111111,0.033707865168539325,121.23923767152915,47.04063871729454,37.24396497829183,36.43050572269217,0.9631873821429862,30.823522567905552,0.37704487057552055,False,28.402515974326565
prior_anchored,0.0125,800.0,train,False,True,62.5,62.714561113294,62.5,0.282842712474619,180.88158613861387,11.093400000000003,9.253300000000024,6.232899194540934,0.6671750617132046,6.121509014013745,1.0284815188905327,True,True,125.0,13.914939597330717,,,115.32366206414103,0.5974384080245727,0.4675464628152639,0.10527874404312998,0.05420828296021296,0.249005071997963,0.015679074834618494,False,42.40308702747224
prior_anchored,0.0125,850.0,validation,False,False,,63.789460782478756,62.5,0.051948051948051945,180.43775940594062,7.866600000000005,5.5467000000000155,2.9187351327310216,0.38335851225851936,2.7061719780214726,0.9674353448327867,False,False,,133.765329626849,,,109.56836552792656,0.5340468582544702,0.36153042808491875,0.06318063164973702,0.04181874292378629,0.05966624338911797,0.050213305218077306,False,14.684943936965936
prior_anchored,0.0125,900.0,train,False,False,,12.636292359846257,71.42857142857143,0.2999423243289873,177.8838326732673,6.960000000000008,5.546599999999984,1.8441523911635787,0.1687017236880799,2.5628899687979594,1.1727903149983379,False,False,,173.06636898560615,,,104.69829762016107,0.511052788468561,0.37410743472590013,0.06880767563537504,0.04087018174752877,0.020545122178370272,0.2836280948314772,False,16.845399780336656
prior_anchored,0.0125,950.0,validation,False,False,,66.23904210948616,74.07407407407408,0.3796013991310125,176.8031636633663,7.866700000000009,5.546599999999984,2.12122556036776,0.2057113460442389,1.4862732646115808,0.9525870434091936,False,False,,31.664270024194426,,,100.0180398401957,0.5132231746846685,0.4211804938146173,0.049385872303114677,0.01627461314263101,0.03914917547222996,0.7812438275817926,False,16.553761510260195
prior_anchored,0.0125,1000.0,validation,False,False,,67.18766825547392,62.5,0.11291995079911113,174.85517851485147,7.866600000000005,6.026700000000005,3.479000333324883,0.4856249503723351,3.425418834092218,0.9134739298740897,False,False,,20.530101000800503,,,96.0129350471405,1.4043294413423695,1.2014141351836969,0.1266480502801317,0.012578040391315604,0.1015228925235666,1.018518246386872,False,18.02941918630546
prior_anchored,0.0125,1100.0,validation,False,False,,68.63636974440715,71.42857142857143,0.10393492741038725,175.24910623762372,10.640000000000015,7.866600000000005,5.727896623735151,0.6582521354496025,5.287546713467708,0.6868611275228014,False,False,,12.980045035978186,,,88.79273454472515,1.1919377161630678,0.8781264987310351,0.20655961189653696,0.0661051038558016,0.08757746488948072,0.9189192709089256,False,23.073666347302108
prior_anchored,0.0125,1200.0,train,False,False,,68.81585721818458,66.66666666666667,0.112833866731055,172.88052772277229,10.640000000000015,7.866700000000009,5.987257355671958,0.7618945955799794,5.878409586669303,1.098002703933764,False,False,,18.10606357765982,,,83.0689417171749,1.1358933538345468,0.933117184360114,0.10325076332676196,0.01029257700036712,0.08584099983764533,0.9195902422403435,False,24.4978544348177
prior_anchored,0.00625,50.0,validation,False,False,,16.59288819174028,,,88.47603910891087,4.506659999999982,3.4399999999999977,2.184103007371274,0.6691407284022073,0.7776928352686754,0.8665210934158273,False,False,,10.784602377110506,,,95.83806522694955,0.5943263815775168,0.5440360864952396,0.16234013816602458,0.4521447007997891,0.3229684255348611,0.12586272748524938,False,0.7595045885426164
prior_anchored,0.00625,100.0,train,False,False,,21.226003790039126,,,171.14296732673267,6.653399999999976,5.14670000000001,4.090358672546572,0.8901813973975933,0.9150656917441401,1.7451000792986253,False,False,,11.177523408484742,,,178.83860621221186,0.4281704386905574,0.347405866308776,0.1488805222664031,0.4432918007302865,0.26247236720801526,0.057820165855453985,False,1.867549443975852
prior_anchored,0.00625,150.0,validation,False,False,,17.027854461752234,,,240.26243993069306,4.719999999999999,4.066599999999994,2.4065785784750178,0.48714844380656364,2.324111649678154,1.797314945514776,False,False,,21.15379891652374,,,243.62402456001044,0.47187541285219936,0.3595489931095699,0.10977258225842472,0.3480468554280144,0.025073063464717445,0.08888901860994149,False,1.4516096058986139
prior_anchored,0.00625,200.0,validation,False,False,,14.121006797082291,,,298.0920165049505,4.706700000000012,3.853400000000022,1.687863099515576,0.3631280196148142,0.7070865646397237,0.590863478684687,False,False,,21.374501127898323,,,291.80021895654585,0.9181812689770368,0.8307999682876925,0.2819227032948462,0.8397321397274934,0.04139106746086062,0.03985833207192172,False,1.6702830744268515
prior_anchored,0.00625,250.0,train,False,False,,13.909729776249218,,,319.4747234356435,3.213300000000004,2.3466999999999985,1.3934696545783074,0.43757227699848544,0.8715493461067155,0.22853602355318778,False,False,,16.52604840272778,,,321.1792912509291,0.5414790034341195,0.44518624423125175,0.18564307276551031,0.49197413871852946,0.17536789881757991,0.008182973562047051,False,1.2239344173968763
prior_anchored,0.00625,300.0,train,False,True,41.666666666666664,41.17354716074733,41.666666666666664,0.019372788525658838,232.71287096039606,94.32,91.11999999999998,91.62934044189902,0.9973613379044338,85.70107620440322,1.0964264844510925,True,True,33.333333333333336,33.24441135246849,34.48275862068966,0.10344827586206896,226.46265809280166,291.21054228647483,241.58439944999108,181.43824607289608,0.7430288626410648,134.42108039005103,0.6627501664940786,True,4.684873621577376
prior_anchored,0.00625,350.0,train,False,True,41.666666666666664,42.59623808525568,43.47826086956522,0.020203050891044214,189.93848151485153,103.75999999999999,100.32,101.37800303546058,0.9992535093816439,99.01077989235284,0.8631305790098773,True,True,40.0,42.52292567153889,38.46153846153846,0.09686394262829419,228.83230593822034,292.64265753820075,268.96356567517176,213.95972713828974,0.7367957124849442,165.12355575894418,0.8134742729768483,True,5.858751177814373
prior_anchored,0.00625,400.0,validation,False,True,45.45454545454545,45.78749745855536,45.45454545454545,0.0,187.98507821782175,82.5333,79.10669999999999,79.67126040317783,0.999171608496318,79.51329549565885,0.9392545502728201,True,True,43.47826086956522,42.02524067888155,41.666666666666664,0.034020690871988585,220.25375659838792,367.01983746549,347.13891080889914,262.2174641288968,0.611271049351178,248.72798314082638,0.9676604826891557,True,8.55236143232304
prior_anchored,0.00625,450.0,validation,False,True,50.0,48.92619450465454,50.0,0.021383343303319473,186.01927557425745,61.746700000000004,58.733299999999986,59.13906117380684,0.997776131632384,58.781232719878886,0.9440362412932626,True,True,50.0,47.27428920880024,47.61904761904762,0.09523809523809523,217.6083530790268,370.79653719218305,356.1334362880492,267.44652584776463,0.6278224005674953,251.93727165522958,0.9846137927194313,True,11.898999315019026
prior_anchored,0.00625,500.0,train,False,True,52.63157894736842,51.495607711371065,51.282051282051285,0.02564102564102564,186.25742574257427,46.52000000000001,44.373399999999975,45.29791292626471,0.9988201902291101,45.34319193015342,0.8835421679522869,True,False,,66.40757231130324,66.66666666666667,0.11925695879998878,175.1014374496698,309.5362713663338,266.83701450686635,215.53514219322307,0.7424753698409878,208.2621103593922,0.7356177500167784,True,11.876416801091528
prior_anchored,0.00625,550.0,validation,False,True,52.63157894736842,53.6089491692211,54.054054054054056,0.02702702702702703,185.11551221455443,37.293300000000016,34.51999999999998,35.18410234898925,0.9954051704281021,35.056765659189,0.9306635634943242,True,True,66.66666666666667,67.38251718084578,66.66666666666667,0.025124359297750445,159.70520840806026,287.8866877067213,281.2570591644018,262.04725813388177,0.8153112232772484,254.3447846565247,1.0136231478193716,True,17.698650276327456
prior_anchored,0.00625,600.0,validation,False,True,55.55555555555556,55.75060542649025,55.55555555555556,0.03928371006591931,186.12897561089108,28.293299999999988,25.72,26.314903057035917,0.9904797389307746,26.32945985427494,0.8935844941062119,True,True,76.92307692307692,78.11717759038176,76.92307692307692,0.035531209664813254,146.78501151671264,258.5547366991526,253.1712343086458,240.6884537095662,0.8384787267529533,241.37928255076247,0.9910339658909941,True,24.114333019096534
prior_anchored,0.00625,650.0,train,False,True,58.8235294117647,57.816988117809586,58.8235294117647,0.028155054514749176,184.09623894059408,21.226699999999994,19.079999999999984,18.960364167404826,0.9819604662361988,18.871919643331037,0.8980715178338963,True,True,90.9090909090909,89.02907371382716,90.9090909090909,0.042560256551729854,136.824003464913,212.82730003224907,209.17922117353322,201.23618015842797,0.8728822829125604,197.77727740146324,0.9763030104851679,True,29.900277591662636
prior_anchored,0.00625,700.0,validation,False,True,58.8235294117647,59.54885392572425,58.8235294117647,0.025851504590580256,181.7120795346535,17.586600000000004,13.933400000000006,13.73426576294101,0.957064813754709,13.400827320726998,0.747723863660392,True,True,100.0,101.01191427083543,100.0,0.03178008005332798,128.98202449355432,149.53954240467394,146.23545612161038,146.46258527549458,0.9271643938844459,145.17682206196895,0.9358762625372405,True,33.75532946702285
prior_anchored,0.00625,750.0,validation,False,True,62.5,61.042671449716536,62.5,0.04819277108433734,181.08356366336628,17.14670000000001,13.893399999999986,11.560285297594564,0.8747801353899631,11.629398297798542,0.9574870621121345,True,True,111.11111111111111,112.8249522940479,111.11111111111111,0.033707865168539325,121.39237701506917,37.08427240377087,29.39810123987293,26.40831842607069,0.9353494861936464,20.524157763575484,0.26981880017975834,False,28.117628228057008
prior_anchored,0.00625,800.0,train,False,True,62.5,62.714561113294,62.5,0.282842712474619,180.88158613861387,11.093400000000003,9.253300000000024,6.232899194540934,0.6671750617132046,6.121509014013745,1.0284815188905327,True,True,125.0,10.00000611858057,,,115.33338824728011,0.7405736269256948,0.4856719753943537,0.18648086202148928,0.0633864181060968,0.7372283762504264,0.017845334100164593,False,40.51561469614795
prior_anchored,0.00625,850.0,validation,False,False,,63.789460782478756,62.5,0.051948051948051945,180.43775940594062,7.866600000000005,5.5467000000000155,2.9187351327310216,0.38335851225851936,2.7061719780214726,0.9674353448327867,False,False,,129.6996284976219,,,109.59375150069523,0.6452424710704605,0.366322636773063,0.09398141976616384,0.07992865983273278,0.07227813119085894,0.06647031081280115,False,14.643504781244921
prior_anchored,0.00625,900.0,train,False,False,,12.636292359846257,71.42857142857143,0.2999423243289873,177.8838326732673,6.960000000000008,5.546599999999984,1.8441523911635787,0.1687017236880799,2.5628899687979594,1.1727903149983379,False,False,,138.63886996520316,,,104.7040176226556,0.6195330663523606,0.36523233153798174,0.0882249120502049,0.06268839566278539,0.08746826244677204,0.38285009082574645,False,16.656443653836366
prior_anchored,0.00625,950.0,validation,False,False,,66.23904210948616,74.07407407407408,0.3796013991310125,176.8031636633663,7.866700000000009,5.546599999999984,2.12122556036776,0.2057113460442389,1.4862732646115808,0.9525870434091936,False,False,,23.7946917781598,,,100.00786675430659,0.5934590644664439,0.46850331443731363,0.060613351783061556,0.02271498883707057,0.05710557881699788,0.8551938583061373,False,16.535373540562272
prior_anchored,0.00625,1000.0,validation,False,False,,67.18766825547392,62.5,0.11291995079911113,174.85517851485147,7.866600000000005,6.026700000000005,3.479000333324883,0.4856249503723351,3.425418834092218,0.9134739298740897,False,False,,21.002858486745307,,,96.01239045020931,1.430757124183856,1.2135187971036459,0.12111749081708643,0.01168067982936738,0.09293042764431575,0.9194244874751452,False,18.01703832573772
prior_anchored,0.00625,1100.0,validation,False,False,,68.63636974440715,71.42857142857143,0.10393492741038725,175.24910623762372,10.640000000000015,7.866600000000005,5.727896623735151,0.6582521354496025,5.287546713467708,0.6868611275228014,False,False,,13.271000049017342,,,88.78770474611208,1.1949927386364863,0.8625514230420777,0.19871855556329887,0.06514910981322741,0.08573206720556066,0.8866404691309471,False,23.105372042199637
prior_anchored,0.00625,1200.0,train,False,False,,68.81585721818458,66.66666666666667,0.112833866731055,172.88052772277229,10.640000000000015,7.866700000000009,5.987257355671958,0.7618945955799794,5.878409586669303,1.098002703933764,False,False,,18.284488805495894,,,83.06709471092653,1.136683448467835,0.9184693625453093,0.10170229344862537,0.009934091679857149,0.07533043478148951,0.9084274306202244,False,24.513393136310807
prior_amplitude,0.025,50.0,validation,True,False,,16.59288819174028,,,88.47603910891087,4.506659999999982,3.4399999999999977,2.184103007371274,0.6691407284022073,0.7776928352686754,0.8665210934158273,False,False,,19.8093689973921,,,81.03357911031357,0.5951380786332408,0.5394370062897451,0.04610740443649603,0.3086772205125341,0.04567749714482041,0.02719843572423677,False,1.092575607970947
prior_amplitude,0.025,100.0,train,True,False,,21.226003790039126,,,171.14296732673267,6.653399999999976,5.14670000000001,4.090358672546572,0.8901813973975933,0.9150656917441401,1.7451000792986253,False,False,,10.00000537701615,,,134.98101228310244,0.20846744186368937,0.17584895313481752,0.09138187844601194,0.5885642876625289,0.13852211349961843,0.011630358493868355,False,6.291377959000261
prior_amplitude,0.025,150.0,validation,True,False,,17.027854461752234,,,240.26243993069306,4.719999999999999,4.066599999999994,2.4065785784750178,0.48714844380656364,2.324111649678154,1.797314945514776,False,False,,14.516382881016156,,,123.23910984311047,0.7972793288074342,0.729620853040089,0.07215320461039255,0.5262828007022398,0.026314271325664516,0.011270673020506541,False,33.22059847154247
prior_amplitude,0.025,200.0,validation,True,False,,14.121006797082291,,,298.0920165049505,4.706700000000012,3.853400000000022,1.687863099515576,0.3631280196148142,0.7070865646397237,0.590863478684687,False,False,,18.84236752542077,,,102.52153460469007,186.10368687679062,185.15000144693406,159.71550944268512,0.7517194241161814,99.82778104331356,1.0003761490696976,True,132.01076837432902
prior_amplitude,0.025,250.0,train,True,False,,13.909729776249218,,,319.4747234356435,3.213300000000004,2.3466999999999985,1.3934696545783074,0.43757227699848544,0.8715493461067155,0.22853602355318778,False,True,24.390243902439025,24.20834344522322,24.390243902439025,0.0,108.56855093804823,198.5348666797714,197.87589051020396,182.64293938828553,0.7637947761839762,173.38825120810048,1.0165641914096162,True,164.73844349991856
prior_amplitude,0.025,300.0,train,True,True,41.666666666666664,41.17354716074733,41.666666666666664,0.019372788525658838,232.71287096039606,94.32,91.11999999999998,91.62934044189902,0.9973613379044338,85.70107620440322,1.0964264844510925,True,True,27.77777777777778,27.543567302219078,,,86.3902393037411,205.1969540292373,199.23060009929193,182.54145472341293,0.8242058307757341,177.1755403282485,1.00083815960276,True,55.78130251633133
prior_amplitude,0.025,350.0,train,True,True,41.666666666666664,42.59623808525568,43.47826086956522,0.020203050891044214,189.93848151485153,103.75999999999999,100.32,101.37800303546058,0.9992535093816439,99.01077989235284,0.8631305790098773,True,True,31.25,31.071948783476024,30.76923076923077,0.015384615384615385,83.52772019312386,204.985562566282,200.43465459699746,187.95428703251102,0.7833259418390712,181.48764278700008,0.9918407478188447,True,32.24817021907975
prior_amplitude,0.025,400.0,validation,True,True,45.45454545454545,45.78749745855536,45.45454545454545,0.0,187.98507821782175,82.5333,79.10669999999999,79.67126040317783,0.999171608496318,79.51329549565885,0.9392545502728201,True,True,34.48275862068966,34.031289965088746,33.333333333333336,0.015890040026663988,75.83230149019619,196.61054447656844,192.8711280402846,182.35078691655795,0.7723925377048282,168.86555241522947,1.0011002024863775,True,34.645736131385874
prior_amplitude,0.025,450.0,validation,True,True,50.0,48.92619450465454,50.0,0.021383343303319473,186.01927557425745,61.746700000000004,58.733299999999986,59.13906117380684,0.997776131632384,58.781232719878886,0.9440362412932626,True,True,38.46153846153846,38.316003368198444,38.46153846153846,0.0,72.20125199390354,176.92116320576642,173.17190784245943,160.1389965472348,0.7795056411326354,159.7576373229398,0.9853982313351156,True,37.229392754026016
prior_amplitude,0.025,500.0,train,True,True,52.63157894736842,51.495607711371065,51.282051282051285,0.02564102564102564,186.25742574257427,46.52000000000001,44.373399999999975,45.29791292626471,0.9988201902291101,45.34319193015342,0.8835421679522869,True,True,43.47826086956522,43.084916267539,43.47826086956522,0.020203050891044214,62.04627756624504,149.85320670798154,147.62905136629357,138.81755956166785,0.777603511847817,134.5263640467827,0.9732308329605197,True,42.56325806645113
prior_amplitude,0.025,550.0,validation,True,True,52.63157894736842,53.6089491692211,54.054054054054056,0.02702702702702703,185.11551221455443,37.293300000000016,34.51999999999998,35.18410234898925,0.9954051704281021,35.056765659189,0.9306635634943242,True,True,47.61904761904762,47.76188269562854,47.61904761904762,0.0,57.410445406205774,122.87818155618504,120.8349361082145,112.09319383837607,0.7792147140248178,106.87617620949051,0.9742459774555078,True,47.048476750253684
prior_amplitude,0.025,600.0,validation,True,True,55.55555555555556,55.75060542649025,55.55555555555556,0.03928371006591931,186.12897561089108,28.293299999999988,25.72,26.314903057035917,0.9904797389307746,26.32945985427494,0.8935844941062119,True,True,52.63157894736842,52.066916163739506,52.63157894736842,0.0,53.49979781986797,91.38823498551123,90.70425648184563,83.21830969404434,0.8009919755036932,79.31006233262968,0.9513936724497062,True,49.72106134595416
prior_amplitude,0.025,650.0,train,True,True,58.8235294117647,57.816988117809586,58.8235294117647,0.028155054514749176,184.09623894059408,21.226699999999994,19.079999999999984,18.960364167404826,0.9819604662361988,18.871919643331037,0.8980715178338963,True,True,51.282051282051285,52.294846115828605,52.63157894736842,0.1341847240419154,48.302167644673496,119.52943169784137,87.1140013946498,78.28407680237757,0.7034902056600818,75.01223958007313,1.071269119600235,True,53.016314287789555
prior_amplitude,0.025,700.0,validation,True,True,58.8235294117647,59.54885392572425,58.8235294117647,0.025851504590580256,181.7120795346535,17.586600000000004,13.933400000000006,13.73426576294101,0.957064813754709,13.400827320726998,0.747723863660392,True,False,,51.34697568978282,50.0,0.154943173093471,45.13159159839994,96.69754326627353,69.74874104633481,52.11878385776951,0.623360030742256,51.094250452102564,0.9141844489848813,True,53.93434698615494
prior_amplitude,0.025,750.0,validation,True,True,62.5,61.042671449716536,62.5,0.04819277108433734,181.08356366336628,17.14670000000001,13.893399999999986,11.560285297594564,0.8747801353899631,11.629398297798542,0.9574870621121345,True,True,62.5,62.0822538046848,62.5,0.024691358024691357,45.36903097208923,75.48139451127597,74.90459574020198,70.87109966900451,0.8516147136643089,68.49633661977339,1.0543336568724297,True,57.22078847246656
prior_amplitude,0.025,800.0,train,True,True,62.5,62.714561113294,62.5,0.282842712474619,180.88158613861387,11.093400000000003,9.253300000000024,6.232899194540934,0.6671750617132046,6.121509014013745,1.0284815188905327,True,False,,17.700431499522054,,,39.775981835838564,25.55774891000522,23.99459017056272,18.462681751135985,0.7982019148856236,16.42850942836162,0.7621662090489856,True,61.45259577085579
prior_amplitude,0.025,850.0,validation,True,False,,63.789460782478756,62.5,0.051948051948051945,180.43775940594062,7.866600000000005,5.5467000000000155,2.9187351327310216,0.38335851225851936,2.7061719780214726,0.9674353448327867,False,False,,14.938359555493077,,,36.81118758419181,22.142775944884303,19.216607569402957,13.982687182924685,0.7345471665065094,8.170084167090373,0.8792923387960584,True,58.284877852007284
prior_amplitude,0.025,900.0,train,True,False,,12.636292359846257,71.42857142857143,0.2999423243289873,177.8838326732673,6.960000000000008,5.546599999999984,1.8441523911635787,0.1687017236880799,2.5628899687979594,1.1727903149983379,False,False,,14.499225916627982,,,35.40494073790175,19.623819192561463,16.54169107861396,11.289753577731746,0.6971859172884575,11.410175172892034,0.34548676147998936,False,54.776196354431015
prior_amplitude,0.025,950.0,validation,True,False,,66.23904210948616,74.07407407407408,0.3796013991310125,176.8031636633663,7.866700000000009,5.546599999999984,2.12122556036776,0.2057113460442389,1.4862732646115808,0.9525870434091936,False,False,,10.000003698541686,,,30.476276518802933,2.7798119003811195,1.345391559507398,1.774865060002243,0.5417568878982388,0.9065877802010527,0.021526755250514184,False,59.83619867967341
prior_amplitude,0.025,1000.0,validation,True,False,,67.18766825547392,62.5,0.11291995079911113,174.85517851485147,7.866600000000005,6.026700000000005,3.479000333324883,0.4856249503723351,3.425418834092218,0.9134739298740897,False,False,,13.368818137816564,,,33.29209962002284,15.351558344402278,13.495457488653045,12.178399348572633,0.9050961217458232,0.8181071110638007,0.9232564797659875,False,54.3245574921748
prior_amplitude,0.025,1100.0,validation,True,False,,68.63636974440715,71.42857142857143,0.10393492741038725,175.24910623762372,10.640000000000015,7.866600000000005,5.727896623735151,0.6582521354496025,5.287546713467708,0.6868611275228014,False,False,,10.201542114384283,,,29.96308329571367,11.838676312480885,10.913851595962239,5.820674533232407,0.8190198513142201,1.002130178582286,1.424213642908063,False,54.90499534419386
prior_amplitude,0.025,1200.0,train,True,False,,68.81585721818458,66.66666666666667,0.112833866731055,172.88052772277229,10.640000000000015,7.866700000000009,5.987257355671958,0.7618945955799794,5.878409586669303,1.098002703933764,False,False,,12.402163404866378,,,29.504193496239793,10.018058683558632,9.612177701197133,5.283832011619082,0.8395605715891934,0.46230709486688126,0.06637788749052291,False,52.08926899701032
prior_amplitude,0.0125,50.0,validation,True,False,,16.59288819174028,,,88.47603910891087,4.506659999999982,3.4399999999999977,2.184103007371274,0.6691407284022073,0.7776928352686754,0.8665210934158273,False,False,,19.953270079280596,,,81.03802290224446,0.5985504643170856,0.5434677690684708,0.045532555981872294,0.3045267253657491,0.045022036440550785,0.02720443896870203,False,1.0915588446080036
prior_amplitude,0.0125,100.0,train,True,False,,21.226003790039126,,,171.14296732673267,6.653399999999976,5.14670000000001,4.090358672546572,0.8901813973975933,0.9150656917441401,1.7451000792986253,False,False,,10.000005198668475,,,134.97808826145888,0.21752735063924433,0.182435131059151,0.09775862667693917,0.6205029419986742,0.1443725426980251,0.01211175161869793,False,6.2804720441199215
prior_amplitude,0.0125,150.0,validation,True,False,,17.027854461752234,,,240.26243993069306,4.719999999999999,4.066599999999994,2.4065785784750178,0.48714844380656364,2.324111649678154,1.797314945514776,False,False,,14.875112590817482,,,123.24444431051417,0.8039774060440976,0.7339049337024903,0.0732884425498592,0.5418386852042596,0.028820546981344456,0.011530629178409966,False,33.10568700647782
prior_amplitude,0.0125,200.0,validation,True,False,,14.121006797082291,,,298.0920165049505,4.706700000000012,3.853400000000022,1.687863099515576,0.3631280196148142,0.7070865646397237,0.590863478684687,False,False,,19.032124748438854,,,102.06607314648159,186.17124312336801,185.16088376690558,160.21511920914466,0.7348700435532496,85.34542875793353,1.0007355345782567,True,129.27707736897423
prior_amplitude,0.0125,250.0,train,True,False,,13.909729776249218,,,319.4747234356435,3.213300000000004,2.3466999999999985,1.3934696545783074,0.43757227699848544,0.8715493461067155,0.22853602355318778,False,True,24.390243902439025,24.4953012211467,24.691358024691358,0.012345679012345678,107.0483654968323,198.56040809372826,197.1185460490399,183.67744151337342,0.7543356168267994,173.11112510486402,1.0132640955189436,True,165.5648502626063
prior_amplitude,0.0125,300.0,train,True,True,41.666666666666664,41.17354716074733,41.666666666666664,0.019372788525658838,232.71287096039606,94.32,91.11999999999998,91.62934044189902,0.9973613379044338,85.70107620440322,1.0964264844510925,True,True,27.77777777777778,27.67254254536698,,,88.99932961409749,205.13892134484323,198.7393343195238,182.97195244760127,0.8202603069779948,176.5215162755854,0.9984056401744855,True,54.63958046147422
prior_amplitude,0.0125,350.0,train,True,True,41.666666666666664,42.59623808525568,43.47826086956522,0.020203050891044214,189.93848151485153,103.75999999999999,100.32,101.37800303546058,0.9992535093816439,99.01077989235284,0.8631305790098773,True,True,31.25,31.34293976827588,31.25,0.0,83.90862676762016,204.87541235389057,200.96284141585966,185.72865795866005,0.7862996052081599,179.10592175242013,0.9760527454031982,True,31.96336273988194
prior_amplitude,0.0125,400.0,validation,True,True,45.45454545454545,45.78749745855536,45.45454545454545,0.0,187.98507821782175,82.5333,79.10669999999999,79.67126040317783,0.999171608496318,79.51329549565885,0.9392545502728201,True,True,34.48275862068966,34.36300164442639,34.48275862068966,0.0,73.33762014408825,196.1115122111278,191.4725754902456,178.7610920434708,0.7769573778383918,169.01715666524163,1.0032863203589004,True,34.85942201231388
prior_amplitude,0.0125,450.0,validation,True,True,50.0,48.92619450465454,50.0,0.021383343303319473,186.01927557425745,61.746700000000004,58.733299999999986,59.13906117380684,0.997776131632384,58.781232719878886,0.9440362412932626,True,True,38.46153846153846,38.59687980011939,38.46153846153846,0.0,71.6906367139286,175.81899751035783,168.65516008232916,159.04571264085382,0.8054466265914377,159.9717654083047,0.9810756174300689,True,37.544600694611496
prior_amplitude,0.0125,500.0,train,True,True,52.63157894736842,51.495607711371065,51.282051282051285,0.02564102564102564,186.25742574257427,46.52000000000001,44.373399999999975,45.29791292626471,0.9988201902291101,45.34319193015342,0.8835421679522869,True,True,43.47826086956522,43.473648262485874,43.47826086956522,0.0,61.30416175744961,147.7241830645149,142.33064933030647,137.4064808636641,0.7637810972760649,132.15194465824044,0.9703879320465986,True,42.44228155923788
prior_amplitude,0.0125,550.0,validation,True,True,52.63157894736842,53.6089491692211,54.054054054054056,0.02702702702702703,185.11551221455443,37.293300000000016,34.51999999999998,35.18410234898925,0.9954051704281021,35.056765659189,0.9306635634943242,True,True,47.61904761904762,48.06471035311885,47.61904761904762,0.020868082018902136,57.31064251619722,121.27941575527207,119.36812488513232,110.16887449420379,0.7865186215874669,105.1670199532097,0.9767553516190343,True,46.84367805658352
prior_amplitude,0.0125,600.0,validation,True,True,55.55555555555556,55.75060542649025,55.55555555555556,0.03928371006591931,186.12897561089108,28.293299999999988,25.72,26.314903057035917,0.9904797389307746,26.32945985427494,0.8935844941062119,True,True,52.63157894736842,52.70161644666561,52.63157894736842,0.020833333333333332,52.71710603824861,92.11947141855526,91.4497215551113,85.19278758957512,0.7758146314701884,78.8795256845742,0.9833903032951277,True,49.695952117592554
prior_amplitude,0.0125,650.0,train,True,True,58.8235294117647,57.816988117809586,58.8235294117647,0.028155054514749176,184.09623894059408,21.226699999999994,19.079999999999984,18.960364167404826,0.9819604662361988,18.871919643331037,0.8980715178338963,True,True,55.55555555555556,56.27239127900734,55.55555555555556,0.02439508179674475,47.17374580166972,85.02305313613834,82.70108749514971,78.47761927767756,0.8068153452870637,72.11375684178661,0.9353396432361163,True,53.41583775713839
prior_amplitude,0.0125,700.0,validation,True,True,58.8235294117647,59.54885392572425,58.8235294117647,0.025851504590580256,181.7120795346535,17.586600000000004,13.933400000000006,13.73426576294101,0.957064813754709,13.400827320726998,0.747723863660392,True,False,,46.02310015424079,44.44444444444444,0.11436637208122068,45.19961905795485,100.55097699351867,73.78763378773445,48.502808468426636,0.49561044265296383,49.6213808701898,0.9023311867896616,True,53.66461440457256
prior_amplitude,0.0125,750.0,validation,True,True,62.5,61.042671449716536,62.5,0.04819277108433734,181.08356366336628,17.14670000000001,13.893399999999986,11.560285297594564,0.8747801353899631,11.629398297798542,0.9574870621121345,True,True,62.5,62.580261653525426,62.5,0.0,44.41436801657738,76.3748383945306,74.10223055002349,70.46453879733832,0.8275348289642364,44.97990780714557,1.1408713886285426,True,56.80394249309644
prior_amplitude,0.0125,800.0,train,True,True,62.5,62.714561113294,62.5,0.282842712474619,180.88158613861387,11.093400000000003,9.253300000000024,6.232899194540934,0.6671750617132046,6.121509014013745,1.0284815188905327,True,False,,18.025043122271736,,,40.154750142424234,25.68068456841335,24.10354740136634,18.40714275507984,0.7919208824434365,16.70788546949672,0.7732338983530711,True,61.244170119494406
prior_amplitude,0.0125,850.0,validation,True,False,,63.789460782478756,62.5,0.051948051948051945,180.43775940594062,7.866600000000005,5.5467000000000155,2.9187351327310216,0.38335851225851936,2.7061719780214726,0.9674353448327867,False,False,,13.587844917876666,,,38.93771218147716,22.087427750612168,21.09225726348571,16.692674533906562,0.790738285140237,9.240903323399014,0.8394615660080244,True,59.61222573878548
prior_amplitude,0.0125,900.0,train,True,False,,12.636292359846257,71.42857142857143,0.2999423243289873,177.8838326732673,6.960000000000008,5.546599999999984,1.8441523911635787,0.1687017236880799,2.5628899687979594,1.1727903149983379,False,False,,14.552894039579598,,,35.448027893351,19.51336344206816,16.177032072619628,12.700636340369035,0.7925821347649503,8.172574322301024,0.6713432023463353,True,53.844955665567085
prior_amplitude,0.0125,950.0,validation,True,False,,66.23904210948616,74.07407407407408,0.3796013991310125,176.8031636633663,7.866700000000009,5.546599999999984,2.12122556036776,0.2057113460442389,1.4862732646115808,0.9525870434091936,False,False,,15.291531985229902,,,30.52891845847904,1.3687508427493995,1.2767773337985417,0.7380833200470792,0.7660685265242297,0.1375613091976535,0.021004391063484357,False,56.31501533869994
prior_amplitude,0.0125,1000.0,validation,True,False,,67.18766825547392,62.5,0.11291995079911113,174.85517851485147,7.866600000000005,6.026700000000005,3.479000333324883,0.4856249503723351,3.425418834092218,0.9134739298740897,False,False,,12.075743094529077,,,33.31525919516587,15.247243728239464,13.255992582999387,11.606989925297118,0.804690704676903,0.8801118748989426,0.6398865546125866,False,55.98379015822731
prior_amplitude,0.0125,1100.0,validation,True,False,,68.63636974440715,71.42857142857143,0.10393492741038725,175.24910623762372,10.640000000000015,7.866600000000005,5.727896623735151,0.6582521354496025,5.287546713467708,0.6868611275228014,False,False,,10.000003498264658,,,28.669882717801425,8.967600382064667,5.520624155147264,4.363749682599773,0.7906157786921681,2.793882443152048,1.3647264373332362,False,54.80405037832049
prior_amplitude,0.0125,1200.0,train,True,False,,68.81585721818458,66.66666666666667,0.112833866731055,172.88052772277229,10.640000000000015,7.866700000000009,5.987257355671958,0.7618945955799794,5.878409586669303,1.098002703933764,False,False,,10.000003498264658,,,28.807820475983423,9.497272018629786,8.646236288458365,6.265523767650505,0.7987596369700561,1.7078089965282421,0.16692106181157573,False,51.7407941545703
prior_amplitude,0.00625,50.0,validation,True,False,,16.59288819174028,,,88.47603910891087,4.506659999999982,3.4399999999999977,2.184103007371274,0.6691407284022073,0.7776928352686754,0.8665210934158273,False,False,,20.10067647539482,,,81.05254511631956,0.6090036358141901,0.5515516490161332,0.04630540812979286,0.31437030627483564,0.045269941148254486,0.027333722054017663,False,1.0892247553295311
prior_amplitude,0.00625,100.0,train,True,False,,21.226003790039126,,,171.14296732673267,6.653399999999976,5.14670000000001,4.090358672546572,0.8901813973975933,0.9150656917441401,1.7451000792986253,False,False,,10.000006407572748,,,134.97356553725302,0.2028348112414733,0.17744321492224913,0.10916358452527229,0.6673565051650552,0.13614045578764486,0.012456784481299731,False,6.292848911258137
prior_amplitude,0.00625,150.0,validation,True,False,,17.027854461752234,,,240.26243993069306,4.719999999999999,4.066599999999994,2.4065785784750178,0.48714844380656364,2.324111649678154,1.797314945514776,False,False,,14.514200875110417,,,123.33646370212469,0.6069765170658314,0.5526015839334377,0.09882926962261253,0.639126385618525,0.04053015181156831,0.008342180041314814,False,33.14371155407013
prior_amplitude,0.00625,200.0,validation,True,False,,14.121006797082291,,,298.0920165049505,4.706700000000012,3.853400000000022,1.687863099515576,0.3631280196148142,0.7070865646397237,0.590863478684687,False,False,,19.087849027001678,,,101.74407690930225,186.0206613881223,185.19549499080816,160.5129362725129,0.7336144509360183,68.26836287456864,0.9993092184476629,True,127.74435882670146
prior_amplitude,0.00625,250.0,train,True,False,,13.909729776249218,,,319.4747234356435,3.213300000000004,2.3466999999999985,1.3934696545783074,0.43757227699848544,0.8715493461067155,0.22853602355318778,False,True,24.390243902439025,24.69289067459617,24.691358024691358,0.012345679012345678,106.20746178857317,198.5982523476858,197.1486158613669,184.42977203393258,0.754938355832509,173.25352389117512,1.0125051223886732,True,165.65716509759815
prior_amplitude,0.00625,300.0,train,True,True,41.666666666666664,41.17354716074733,41.666666666666664,0.019372788525658838,232.71287096039606,94.32,91.11999999999998,91.62934044189902,0.9973613379044338,85.70107620440322,1.0964264844510925,True,True,27.77777777777778,27.718457193985085,,,90.72480889449854,205.03090436115792,200.14901397227487,183.3492097609183,0.8151071495618893,176.35983795951944,0.9905734900440922,True,54.11997577857789
prior_amplitude,0.00625,350.0,train,True,True,41.666666666666664,42.59623808525568,43.47826086956522,0.020203050891044214,189.93848151485153,103.75999999999999,100.32,101.37800303546058,0.9992535093816439,99.01077989235284,0.8631305790098773,True,True,31.25,31.465690087471806,31.746031746031747,0.015873015873015872,85.84149146338726,204.10516906155945,199.18133157181018,186.1268995944451,0.7873527147822234,179.48711417765605,0.9599006307883572,True,31.45982389026359
prior_amplitude,0.00625,400.0,validation,True,True,45.45454545454545,45.78749745855536,45.45454545454545,0.0,187.98507821782175,82.5333,79.10669999999999,79.67126040317783,0.999171608496318,79.51329549565885,0.9392545502728201,True,True,34.48275862068966,34.50059078477537,34.48275862068966,0.0,73.19261760040237,195.1038024579388,188.76724506275116,178.21608011589737,0.7900105019538655,168.32348761384898,0.9887757337959796,True,34.883304877695586
prior_amplitude,0.00625,450.0,validation,True,True,50.0,48.92619450465454,50.0,0.021383343303319473,186.01927557425745,61.746700000000004,58.733299999999986,59.13906117380684,0.997776131632384,58.781232719878886,0.9440362412932626,True,True,38.46153846153846,38.796999412304686,38.46153846153846,0.018366409900949284,72.20460223723624,175.09883734305498,172.190357289505,159.5412672321533,0.780351638473123,160.00092284442408,0.9690306785418072,True,37.41509848379782
prior_amplitude,0.00625,500.0,train,True,True,52.63157894736842,51.495607711371065,51.282051282051285,0.02564102564102564,186.25742574257427,46.52000000000001,44.373399999999975,45.29791292626471,0.9988201902291101,45.34319193015342,0.8835421679522869,True,True,43.47826086956522,43.550341287748296,43.47826086956522,0.0,59.43496295075779,148.79785041229303,145.763904187357,134.4553386458595,0.7676341227109129,130.986201847018,0.9773619575474499,True,43.1180909395357
prior_amplitude,0.00625,550.0,validation,True,True,52.63157894736842,53.6089491692211,54.054054054054056,0.02702702702702703,185.11551221455443,37.293300000000016,34.51999999999998,35.18410234898925,0.9954051704281021,35.056765659189,0.9306635634943242,True,True,47.61904761904762,48.27982584489953,47.61904761904762,0.020868082018902136,56.970016029428,119.42020289559011,116.5588701197657,107.62105770040782,0.7862239415626597,103.75382443908993,0.9647139817848337,True,47.05135335781741
prior_amplitude,0.00625,600.0,validation,True,True,55.55555555555556,55.75060542649025,55.55555555555556,0.03928371006591931,186.12897561089108,28.293299999999988,25.72,26.314903057035917,0.9904797389307746,26.32945985427494,0.8935844941062119,True,True,52.63157894736842,52.92273357798475,52.63157894736842,0.0,51.96505727148469,92.3279972674121,91.12953301537878,85.86093375147884,0.7855564693955251,78.8240871244598,0.974296477486782,True,49.881539844701386
prior_amplitude,0.00625,650.0,train,True,True,58.8235294117647,57.816988117809586,58.8235294117647,0.028155054514749176,184.09623894059408,21.226699999999994,19.079999999999984,18.960364167404826,0.9819604662361988,18.871919643331037,0.8980715178338963,True,True,55.55555555555556,56.93152000120616,57.142857142857146,0.02857142857142857,47.59633776911388,88.89523480866586,85.7548843602185,80.56163481305778,0.8118904026478878,71.18833377085105,0.9403071502009537,True,53.37198465244871
prior_amplitude,0.00625,700.0,validation,True,True,58.8235294117647,59.54885392572425,58.8235294117647,0.025851504590580256,181.7120795346535,17.586600000000004,13.933400000000006,13.73426576294101,0.957064813754709,13.400827320726998,0.747723863660392,True,False,,58.11256657617356,58.8235294117647,0.10538202835790571,47.122287040785054,96.92439081671611,88.50212485749866,67.79097055956845,0.6697967536497529,33.37210234225144,1.0575943788343227,True,53.25053850949322
prior_amplitude,0.00625,750.0,validation,True,True,62.5,61.042671449716536,62.5,0.04819277108433734,181.08356366336628,17.14670000000001,13.893399999999986,11.560285297594564,0.8747801353899631,11.629398297798542,0.9574870621121345,True,True,50.0,43.7516444649052,45.45454545454545,0.07422696190252055,43.7454220305092,58.123459532479046,51.469398636557216,40.66648954872238,0.6855971806027765,35.1995248586987,0.8021378048140416,True,54.581255847955866
prior_amplitude,0.00625,800.0,train,True,True,62.5,62.714561113294,62.5,0.282842712474619,180.88158613861387,11.093400000000003,9.253300000000024,6.232899194540934,0.6671750617132046,6.121509014013745,1.0284815188905327,True,False,,18.401240315741497,,,40.35326329409503,25.61412724262044,23.92630335307304,18.61277899709885,0.7928020564158433,15.65946320602863,0.7933344757037054,True,61.1549529367351
prior_amplitude,0.00625,850.0,validation,True,False,,63.789460782478756,62.5,0.051948051948051945,180.43775940594062,7.866600000000005,5.5467000000000155,2.9187351327310216,0.38335851225851936,2.7061719780214726,0.9674353448327867,False,False,,10.511073600262772,,,38.45007911563926,22.130883207893447,20.977814036761895,22.86511488321255,0.8192329150310147,22.17496294648774,0.878536464038179,True,63.17830397561584
prior_amplitude,0.00625,900.0,train,True,False,,12.636292359846257,71.42857142857143,0.2999423243289873,177.8838326732673,6.960000000000008,5.546599999999984,1.8441523911635787,0.1687017236880799,2.5628899687979594,1.1727903149983379,False,False,,13.420503466012526,,,31.594137819618403,1.4256712111379954,1.376298978900266,0.6246113375025283,0.8206276032354862,0.21437855380130919,0.013924418164670598,False,54.58911826330136
prior_amplitude,0.00625,950.0,validation,True,False,,66.23904210948616,74.07407407407408,0.3796013991310125,176.8031636633663,7.866700000000009,5.546599999999984,2.12122556036776,0.2057113460442389,1.4862732646115808,0.9525870434091936,False,False,,10.000003498264658,,,30.787442773791508,2.7892258240971195,1.34816104949563,1.5356158309502437,0.6170512664041639,3.1097484135692994,0.12879089017996276,False,59.746664106905214
prior_amplitude,0.00625,1000.0,validation,True,False,,67.18766825547392,62.5,0.11291995079911113,174.85517851485147,7.866600000000005,6.026700000000005,3.479000333324883,0.4856249503723351,3.425418834092218,0.9134739298740897,False,False,,16.487941330293314,,,29.326300657678054,3.5257516508560585,1.5967825521799988,0.7885726046407029,0.2684368527150446,0.38203062917033687,0.03179677068104398,False,53.3011488059035
prior_amplitude,0.00625,1100.0,validation,True,False,,68.63636974440715,71.42857142857143,0.10393492741038725,175.24910623762372,10.640000000000015,7.866600000000005,5.727896623735151,0.6582521354496025,5.287546713467708,0.6868611275228014,False,False,,10.000003498264658,,,28.360916288048216,5.595182588788067,3.3787584232138173,2.8762887678417663,0.8344802092206909,2.1471771492262315,1.0129147211334786,False,54.88054214222513
prior_amplitude,0.00625,1200.0,train,True,False,,68.81585721818458,66.66666666666667,0.112833866731055,172.88052772277229,10.640000000000015,7.866700000000009,5.987257355671958,0.7618945955799794,5.878409586669303,1.098002703933764,False,False,,15.236548758935648,,,26.42860277003475,1.5287732833432166,1.3351430232512662,0.45435059179975923,0.7669999422349295,0.14595890324648358,0.04561702346673903,False,54.0548435390851
prior_joint_static,0.025,50.0,validation,False,False,,16.59288819174028,,,88.47603910891087,4.506659999999982,3.4399999999999977,2.184103007371274,0.6691407284022073,0.7776928352686754,0.8665210934158273,False,False,,10.794403263769295,,,93.04919982223355,0.5847821906736925,0.5343130380304757,0.1601046623772703,0.44173850974977935,0.3201280009978653,0.14352572509013234,False,0.6540282322742892
prior_joint_static,0.025,100.0,train,False,False,,21.226003790039126,,,171.14296732673267,6.653399999999976,5.14670000000001,4.090358672546572,0.8901813973975933,0.9150656917441401,1.7451000792986253,False,False,,10.717177022756546,,,173.87375087228793,0.4298542595971071,0.3501476665402663,0.1601872647213965,0.4732756191142361,0.2816100725371105,0.06895058186832748,False,1.7678368124096029
prior_joint_static,0.025,150.0,validation,False,False,,17.027854461752234,,,240.26243993069306,4.719999999999999,4.066599999999994,2.4065785784750178,0.48714844380656364,2.324111649678154,1.797314945514776,False,False,,21.499286782254856,,,237.36192281281495,0.46344134247271995,0.36658371597869177,0.11033216567802771,0.36311526669028404,0.010854689389654344,0.05436696341538775,False,1.3867810952120916
prior_joint_static,0.025,200.0,validation,False,False,,14.121006797082291,,,298.0920165049505,4.706700000000012,3.853400000000022,1.687863099515576,0.3631280196148142,0.7070865646397237,0.590863478684687,False,False,,20.346568430215417,,,284.3308832591967,0.8518101605610582,0.7354322999715919,0.3122938234289704,0.8320509417454792,0.24854839408739393,0.0314247359895889,False,1.9374040617263404
prior_joint_static,0.025,250.0,train,False,False,,13.909729776249218,,,319.4747234356435,3.213300000000004,2.3466999999999985,1.3934696545783074,0.43757227699848544,0.8715493461067155,0.22853602355318778,False,False,,18.32889845951244,,,311.41296102769496,0.4542469759939536,0.3436199131154467,0.1803392161556329,0.42530150771934405,0.18256445380432054,0.00670233779410441,False,1.471872012956283
prior_joint_static,0.025,300.0,train,False,True,41.666666666666664,41.17354716074733,41.666666666666664,0.019372788525658838,232.71287096039606,94.32,91.11999999999998,91.62934044189902,0.9973613379044338,85.70107620440322,1.0964264844510925,True,False,,21.60060140157996,,,308.05648508829574,9.107800336682658,6.026294735700674,3.8697139284186903,0.6041177034281635,1.7158811898487885,0.008498455834664265,False,42.26708618058625
prior_joint_static,0.025,350.0,train,False,True,41.666666666666664,42.59623808525568,43.47826086956522,0.020203050891044214,189.93848151485153,103.75999999999999,100.32,101.37800303546058,0.9992535093816439,99.01077989235284,0.8631305790098773,True,True,34.48275862068966,35.0397568805872,35.08771929824562,0.017543859649122806,223.25912216138536,224.7592245276657,220.37124598949154,212.02851070643692,0.9209071286633183,199.10849186219983,0.7583178911827397,True,5.144696397295897
prior_joint_static,0.025,400.0,validation,False,True,45.45454545454545,45.78749745855536,45.45454545454545,0.0,187.98507821782175,82.5333,79.10669999999999,79.67126040317783,0.999171608496318,79.51329549565885,0.9392545502728201,True,True,41.666666666666664,41.69740908768131,41.666666666666664,0.0,194.81306495580492,243.0940728822173,234.13534360719444,232.37079822127825,0.9083688079993206,230.49295560071425,0.8208767580325859,True,4.7658299203229975
prior_joint_static,0.025,450.0,validation,False,True,50.0,48.92619450465454,50.0,0.021383343303319473,186.01927557425745,61.746700000000004,58.733299999999986,59.13906117380684,0.997776131632384,58.781232719878886,0.9440362412932626,True,True,50.0,48.80781503589437,50.0,0.023183828891362217,183.95109317708992,222.1445648954124,218.52458544609937,214.10531332666847,0.9165924322642965,211.38241638010115,0.9199345411715489,True,7.006375444723653
prior_joint_static,0.025,500.0,train,False,True,52.63157894736842,51.495607711371065,51.282051282051285,0.02564102564102564,186.25742574257427,46.52000000000001,44.373399999999975,45.29791292626471,0.9988201902291101,45.34319193015342,0.8835421679522869,True,True,55.55555555555556,57.05170363841002,57.142857142857146,0.02857142857142857,168.47154562072268,165.0811521987683,160.61805325617087,162.87226424923236,0.9481269671713751,162.72573414459282,0.8215612683344176,True,7.293966817598196
prior_joint_static,0.025,550.0,validation,False,True,52.63157894736842,53.6089491692211,54.054054054054056,0.02702702702702703,185.11551221455443,37.293300000000016,34.51999999999998,35.18410234898925,0.9954051704281021,35.056765659189,0.9306635634943242,True,True,66.66666666666667,64.91371430193308,66.66666666666667,0.02631578947368421,159.75368988942625,72.93607879407963,59.78553953000744,57.39460686590444,0.9588783158165195,48.286323783124416,0.3016921747242095,False,7.2377106821537875
prior_joint_static,0.025,600.0,validation,False,True,55.55555555555556,55.75060542649025,55.55555555555556,0.03928371006591931,186.12897561089108,28.293299999999988,25.72,26.314903057035917,0.9904797389307746,26.32945985427494,0.8935844941062119,True,True,71.42857142857143,73.70077307065219,71.42857142857143,0.034493013716416956,148.29442268671042,8.292288878943083,4.998654798676625,2.9733062088200235,0.5386641992220929,0.9556573929554946,0.010770251243463034,False,26.10336531370322
prior_joint_static,0.025,650.0,train,False,True,58.8235294117647,57.816988117809586,58.8235294117647,0.028155054514749176,184.09623894059408,21.226699999999994,19.079999999999984,18.960364167404826,0.9819604662361988,18.871919643331037,0.8980715178338963,True,True,76.92307692307692,87.75477275496455,,,139.430392065511,0.47869997414707655,0.2817506146295159,0.10268145465434163,0.17420217012647943,0.04766642788105505,0.0031001210955984575,False,38.45023199887946
prior_joint_static,0.025,700.0,validation,False,True,58.8235294117647,59.54885392572425,58.8235294117647,0.025851504590580256,181.7120795346535,17.586600000000004,13.933400000000006,13.73426576294101,0.957064813754709,13.400827320726998,0.747723863660392,True,False,,32.30268165953332,,,131.5036018158737,0.29084199490176843,0.18185273674185964,0.05171613072361067,0.10656989960680452,0.028276426306749963,0.002572745541746377,False,43.68710564707016
prior_joint_static,0.025,750.0,validation,False,True,62.5,61.042671449716536,62.5,0.04819277108433734,181.08356366336628,17.14670000000001,13.893399999999986,11.560285297594564,0.8747801353899631,11.629398297798542,0.9574870621121345,True,False,,26.854063752940434,,,124.76365078909355,0.49699943668194635,0.36255346812870926,0.13670858370624347,0.17524945341720777,0.022268132568577716,0.05600686069393147,False,41.77135184061402
prior_joint_static,0.025,800.0,train,False,True,62.5,62.714561113294,62.5,0.282842712474619,180.88158613861387,11.093400000000003,9.253300000000024,6.232899194540934,0.6671750617132046,6.121509014013745,1.0284815188905327,True,False,,30.571970711878304,,,118.70289940487197,0.5290947745948387,0.40787273605018015,0.09521454746343148,0.06356345023975052,0.083413498354037,0.3145647982400279,False,37.0036295550229
prior_joint_static,0.025,850.0,validation,False,False,,63.789460782478756,62.5,0.051948051948051945,180.43775940594062,7.866600000000005,5.5467000000000155,2.9187351327310216,0.38335851225851936,2.7061719780214726,0.9674353448327867,False,False,,43.13147921410052,,,112.95633680961134,0.3740229496091416,0.29442074175919686,0.06136097766716294,0.058493436326726544,0.03937518159776896,0.5884532780088967,False,14.179615825092986
prior_joint_static,0.025,900.0,train,False,False,,12.636292359846257,71.42857142857143,0.2999423243289873,177.8838326732673,6.960000000000008,5.546599999999984,1.8441523911635787,0.1687017236880799,2.5628899687979594,1.1727903149983379,False,False,,31.08674346800715,,,107.99516231289157,0.44606876202477963,0.2929817229951084,0.08278626853995963,0.09499340174406368,0.02665983590412401,0.9545133860193943,False,15.904010269234798
prior_joint_static,0.025,950.0,validation,False,False,,66.23904210948616,74.07407407407408,0.3796013991310125,176.8031636633663,7.866700000000009,5.546599999999984,2.12122556036776,0.2057113460442389,1.4862732646115808,0.9525870434091936,False,False,,30.679975596730987,,,103.55235556085621,0.4174605794270292,0.3316431333732197,0.051828484686176096,0.028637092193059543,0.038151119424664696,0.8054950860958533,False,15.276914845708987
prior_joint_static,0.025,1000.0,validation,False,False,,67.18766825547392,62.5,0.11291995079911113,174.85517851485147,7.866600000000005,6.026700000000005,3.479000333324883,0.4856249503723351,3.425418834092218,0.9134739298740897,False,False,,19.898107818943842,,,99.47387172818412,1.1279430734887228,0.8656479833445303,0.11562801580733956,0.018967288316795394,0.10435283350742024,0.9166279550451436,False,16.777086123869676
prior_joint_static,0.025,1100.0,validation,False,False,,68.63636974440715,71.42857142857143,0.10393492741038725,175.24910623762372,10.640000000000015,7.866600000000005,5.727896623735151,0.6582521354496025,5.287546713467708,0.6868611275228014,False,False,,14.007721178972762,,,92.02320725894523,0.9838944038753397,0.7183808600904626,0.19527062202292464,0.10675624956348684,0.0968892740547605,0.9517437649050069,False,21.814688548102595
prior_joint_static,0.025,1200.0,train,False,False,,68.81585721818458,66.66666666666667,0.112833866731055,172.88052772277229,10.640000000000015,7.866700000000009,5.987257355671958,0.7618945955799794,5.878409586669303,1.098002703933764,False,False,,30.44561736603968,,,85.9450879176187,0.9832842215165272,0.8022715009322354,0.11047331322755151,0.02203376384169775,0.054989112247458796,0.9024089065020101,False,23.450715552485814
prior_joint_static,0.0125,50.0,validation,False,False,,16.59288819174028,,,88.47603910891087,4.506659999999982,3.4399999999999977,2.184103007371274,0.6691407284022073,0.7776928352686754,0.8665210934158273,False,False,,10.841761568764586,,,93.07115373243418,0.5871142226932307,0.5352444037417712,0.15889195332435482,0.4396139523671083,0.31597838620319985,0.14365747874684004,False,0.6500056317162121
prior_joint_static,0.0125,100.0,train,False,False,,21.226003790039126,,,171.14296732673267,6.653399999999976,5.14670000000001,4.090358672546572,0.8901813973975933,0.9150656917441401,1.7451000792986253,False,False,,10.843841615548847,,,173.9039674745094,0.43247687427557935,0.35074372441388846,0.1571313727798213,0.46453446848676627,0.27808502615250413,0.0691143102260147,False,1.7501102057689213
prior_joint_static,0.0125,150.0,validation,False,False,,17.027854461752234,,,240.26243993069306,4.719999999999999,4.066599999999994,2.4065785784750178,0.48714844380656364,2.324111649678154,1.797314945514776,False,False,,21.096782313218363,,,237.32509879603214,0.4898164069676909,0.38389748732708995,0.11254269583392841,0.3617344426675895,0.02391618506946131,0.05840198679382959,False,1.3801907996877676
prior_joint_static,0.0125,200.0,validation,False,False,,14.121006797082291,,,298.0920165049505,4.706700000000012,3.853400000000022,1.687863099515576,0.3631280196148142,0.7070865646397237,0.590863478684687,False,False,,20.761903938427647,,,284.337502619634,0.8596495281680063,0.7627612567752635,0.2983763735844992,0.8288134445863321,0.2529835852076046,0.030705350927661253,False,1.9503643370161041
prior_joint_static,0.0125,250.0,train,False,False,,13.909729776249218,,,319.4747234356435,3.213300000000004,2.3466999999999985,1.3934696545783074,0.43757227699848544,0.8715493461067155,0.22853602355318778,False,False,,18.214976244598414,,,311.4333570298638,0.48673330819951843,0.40018448073601576,0.17791356083618245,0.43952963910293474,0.15793412315329405,0.006152965390619914,False,1.4853231497568178
prior_joint_static,0.0125,300.0,train,False,True,41.666666666666664,41.17354716074733,41.666666666666664,0.019372788525658838,232.71287096039606,94.32,91.11999999999998,91.62934044189902,0.9973613379044338,85.70107620440322,1.0964264844510925,True,False,,21.725279114941014,,,308.05268248705585,8.973272630514998,5.913045951867389,3.8080533937577807,0.6033620387896229,1.6997992539319864,0.008246669547240171,False,42.42429225905935
prior_joint_static,0.0125,350.0,train,False,True,41.666666666666664,42.59623808525568,43.47826086956522,0.020203050891044214,189.93848151485153,103.75999999999999,100.32,101.37800303546058,0.9992535093816439,99.01077989235284,0.8631305790098773,True,True,34.48275862068966,35.08423249400915,35.08771929824562,0.017543859649122806,223.95547047837704,221.71315165558528,216.38734725021087,209.972827153904,0.9225943082734939,194.60709691436205,0.7600748817998704,True,5.048121307993416
prior_joint_static,0.0125,400.0,validation,False,True,45.45454545454545,45.78749745855536,45.45454545454545,0.0,187.98507821782175,82.5333,79.10669999999999,79.67126040317783,0.999171608496318,79.51329549565885,0.9392545502728201,True,True,41.666666666666664,41.82955579326102,41.666666666666664,0.019918500878494297,195.18357793865454,239.43368653467803,236.87405207513993,229.42869423602488,0.9096687036674713,227.21314757830336,0.8379646700350649,True,4.710416673555989
prior_joint_static,0.0125,450.0,validation,False,True,50.0,48.92619450465454,50.0,0.021383343303319473,186.01927557425745,61.746700000000004,58.733299999999986,59.13906117380684,0.997776131632384,58.781232719878886,0.9440362412932626,True,True,50.0,48.881193634805115,50.0,0.023183828891362217,184.62635287347706,217.83191714431172,213.95966815070716,210.43081943987514,0.9192408786319134,209.1557923639172,0.9114537311117543,True,6.853221897699463
prior_joint_static,0.0125,500.0,train,False,True,52.63157894736842,51.495607711371065,51.282051282051285,0.02564102564102564,186.25742574257427,46.52000000000001,44.373399999999975,45.29791292626471,0.9988201902291101,45.34319193015342,0.8835421679522869,True,True,55.55555555555556,57.21429676347655,57.142857142857146,0.02857142857142857,168.63107229668157,158.20805794969962,153.57244467983654,155.68367305850623,0.9518476422243554,156.00628479457777,0.7804774376499868,True,6.958737900830826
prior_joint_static,0.0125,550.0,validation,False,True,52.63157894736842,53.6089491692211,54.054054054054056,0.02702702702702703,185.11551221455443,37.293300000000016,34.51999999999998,35.18410234898925,0.9954051704281021,35.056765659189,0.9306635634943242,True,True,66.66666666666667,65.0381072249223,66.66666666666667,0.03181155510108023,159.34086262541655,64.81960499395404,53.90975943798463,47.817873982144796,0.9415860448060958,38.434820458616414,0.2592109756409374,False,7.692548187165173
prior_joint_static,0.0125,600.0,validation,False,True,55.55555555555556,55.75060542649025,55.55555555555556,0.03928371006591931,186.12897561089108,28.293299999999988,25.72,26.314903057035917,0.9904797389307746,26.32945985427494,0.8935844941062119,True,True,71.42857142857143,74.73326860502526,71.42857142857143,0.0,148.27362022672685,6.461143298865579,3.8150084091547285,2.286016677865445,0.5387850183593486,0.8838248317027257,0.009444573698652432,False,27.163351671677304
prior_joint_static,0.0125,650.0,train,False,True,58.8235294117647,57.816988117809586,58.8235294117647,0.028155054514749176,184.09623894059408,21.226699999999994,19.079999999999984,18.960364167404826,0.9819604662361988,18.871919643331037,0.8980715178338963,True,True,76.92307692307692,86.91221792248251,,,139.43352530539957,0.6595999645205382,0.43423516305747967,0.2509240343429676,0.40180770257332865,0.1265508382831453,0.003712738141898963,False,34.62255939271199
prior_joint_static,0.0125,700.0,validation,False,True,58.8235294117647,59.54885392572425,58.8235294117647,0.025851504590580256,181.7120795346535,17.586600000000004,13.933400000000006,13.73426576294101,0.957064813754709,13.400827320726998,0.747723863660392,True,False,,83.74161556926535,,,131.53123623996393,0.3800536021586822,0.21342930112353997,0.1099370471869244,0.29878887947181376,0.07785118193344837,0.0030201070073873266,False,36.79846513473642
prior_joint_static,0.0125,750.0,validation,False,True,62.5,61.042671449716536,62.5,0.04819277108433734,181.08356366336628,17.14670000000001,13.893399999999986,11.560285297594564,0.8747801353899631,11.629398297798542,0.9574870621121345,True,False,,27.197120825786595,,,124.77763515335214,0.4882078393914355,0.3746079863463052,0.1351520032156654,0.16933784519389705,0.020231317765846548,0.07136127114118825,False,41.65262329309435
prior_joint_static,0.0125,800.0,train,False,True,62.5,62.714561113294,62.5,0.282842712474619,180.88158613861387,11.093400000000003,9.253300000000024,6.232899194540934,0.6671750617132046,6.121509014013745,1.0284815188905327,True,False,,30.802124734081804,,,118.69587859526592,0.5257274573744439,0.3866164483557526,0.10629780365534117,0.08020373438750028,0.08325208816163472,0.4901063104523519,False,34.654312973754806
prior_joint_static,0.0125,850.0,validation,False,False,,63.789460782478756,62.5,0.051948051948051945,180.43775940594062,7.866600000000005,5.5467000000000155,2.9187351327310216,0.38335851225851936,2.7061719780214726,0.9674353448327867,False,False,,41.36430043104821,,,112.94769937833317,0.40496921637148375,0.3039481530739323,0.06998890168999963,0.06722104105930315,0.04093584261595468,0.8386343712110125,False,14.157777994350699
prior_joint_static,0.0125,900.0,train,False,False,,12.636292359846257,71.42857142857143,0.2999423243289873,177.8838326732673,6.960000000000008,5.546599999999984,1.8441523911635787,0.1687017236880799,2.5628899687979594,1.1727903149983379,False,False,,18.349802697788913,,,107.99006640722973,0.4433115506164853,0.2814862326674614,0.07515283388748133,0.06599085265599813,0.020193677229735196,1.0069680636802743,False,15.794954638163981
prior_joint_static,0.0125,950.0,validation,False,False,,66.23904210948616,74.07407407407408,0.3796013991310125,176.8031636633663,7.866700000000009,5.546599999999984,2.12122556036776,0.2057113460442389,1.4862732646115808,0.9525870434091936,False,False,,31.058607947871725,,,103.56104322858621,0.4246355251785019,0.3406213456882057,0.06098630647626929,0.0379034216069033,0.048822068399425926,0.8769105822955388,False,15.261188571195897
prior_joint_static,0.0125,1000.0,validation,False,False,,67.18766825547392,62.5,0.11291995079911113,174.85517851485147,7.866600000000005,6.026700000000005,3.479000333324883,0.4856249503723351,3.425418834092218,0.9134739298740897,False,False,,19.751275929731165,,,99.46434264534624,1.1281666292388337,0.8686038087742389,0.1138344553551619,0.018399492993150357,0.10717073613072342,0.9120257870302471,False,16.781425287226813
prior_joint_static,0.0125,1100.0,validation,False,False,,68.63636974440715,71.42857142857143,0.10393492741038725,175.24910623762372,10.640000000000015,7.866600000000005,5.727896623735151,0.6582521354496025,5.287546713467708,0.6868611275228014,False,False,,13.85651270105214,,,92.02382926874569,1.0089061503930026,0.6972279598789868,0.1928992938968857,0.10219947078043268,0.11129353596329418,0.9566926942984062,False,21.80356781104755
prior_joint_static,0.0125,1200.0,train,False,False,,68.81585721818458,66.66666666666667,0.112833866731055,172.88052772277229,10.640000000000015,7.866700000000009,5.987257355671958,0.7618945955799794,5.878409586669303,1.098002703933764,False,False,,30.33905332622493,,,85.95519371083951,0.965142140186984,0.7986057624159315,0.10958357408911087,0.02185750571411238,0.052927656951541203,0.910549554601793,False,23.447625140125332
prior_joint_static,0.00625,50.0,validation,False,False,,16.59288819174028,,,88.47603910891087,4.506659999999982,3.4399999999999977,2.184103007371274,0.6691407284022073,0.7776928352686754,0.8665210934158273,False,False,,10.902051191209393,,,93.11631804542893,0.5884553240671409,0.535698902593964,0.15798316490019898,0.4387831753499606,0.31318497935813966,0.14352329902679606,False,0.6519741051024134
prior_joint_static,0.00625,100.0,train,False,False,,21.226003790039126,,,171.14296732673267,6.653399999999976,5.14670000000001,4.090358672546572,0.8901813973975933,0.9150656917441401,1.7451000792986253,False,False,,11.013780937383304,,,173.98585702572612,0.4297052582935237,0.3486277655313472,0.1521984218868233,0.4508939085740905,0.26979439441319614,0.06820500040704021,False,1.7214858008971288
prior_joint_static,0.00625,150.0,validation,False,False,,17.027854461752234,,,240.26243993069306,4.719999999999999,4.066599999999994,2.4065785784750178,0.48714844380656364,2.324111649678154,1.797314945514776,False,False,,21.25882413662636,,,237.33518555346922,0.4625621871060446,0.34649557590375935,0.11033643410083434,0.34169256784308666,0.02457084894951094,0.057912337374559475,False,1.3890738244128942
prior_joint_static,0.00625,200.0,validation,False,False,,14.121006797082291,,,298.0920165049505,4.706700000000012,3.853400000000022,1.687863099515576,0.3631280196148142,0.7070865646397237,0.590863478684687,False,False,,21.616466754295786,,,284.30101395295037,1.0344984163662616,0.9396974433838068,0.2926064722991995,0.8469963964901364,0.2756984829910092,0.033376230040218675,False,1.9728016178848313
prior_joint_static,0.00625,250.0,train,False,False,,13.909729776249218,,,319.4747234356435,3.213300000000004,2.3466999999999985,1.3934696545783074,0.43757227699848544,0.8715493461067155,0.22853602355318778,False,False,,17.04508605509849,,,311.545517331757,0.4935866713570931,0.399618505987803,0.18725348814443676,0.4924854364734711,0.1764697558642937,0.006258387132100838,False,1.4803225118020136
prior_joint_static,0.00625,300.0,train,False,True,41.666666666666664,41.17354716074733,41.666666666666664,0.019372788525658838,232.71287096039606,94.32,91.11999999999998,91.62934044189902,0.9973613379044338,85.70107620440322,1.0964264844510925,True,False,,21.602809942571955,,,308.0533103979849,8.909912938938021,5.8565109697398725,3.731566353798173,0.5893033964283279,1.6327027746617733,0.008384314503397779,False,42.52800435360169
prior_joint_static,0.00625,350.0,train,False,True,41.666666666666664,42.59623808525568,43.47826086956522,0.020203050891044214,189.93848151485153,103.75999999999999,100.32,101.37800303546058,0.9992535093816439,99.01077989235284,0.8631305790098773,True,True,34.48275862068966,35.10602751004195,35.08771929824562,0.017543859649122806,224.29450825593472,220.3519672267126,216.12780472519785,208.88254945276861,0.9234098583034358,192.1050732465842,0.7608735469888378,True,5.000390033693172
prior_joint_static,0.00625,400.0,validation,False,True,45.45454545454545,45.78749745855536,45.45454545454545,0.0,187.98507821782175,82.5333,79.10669999999999,79.67126040317783,0.999171608496318,79.51329549565885,0.9392545502728201,True,True,41.666666666666664,41.897717221454016,41.666666666666664,0.0,195.40805991016651,238.62502872690072,232.96112751862745,227.77176868470494,0.910341099910229,225.5119182811976,0.8300759701565062,True,4.651111331383575
prior_joint_static,0.00625,450.0,validation,False,True,50.0,48.92619450465454,50.0,0.021383343303319473,186.01927557425745,61.746700000000004,58.733299999999986,59.13906117380684,0.997776131632384,58.781232719878886,0.9440362412932626,True,True,50.0,48.936446369967335,50.0,0.021383343303319473,184.91709274244064,215.7059837392007,211.22847464093672,208.45714890717073,0.9205862300449158,207.67738715585548,0.9006747915938905,True,6.75828198700171
prior_joint_static,0.00625,500.0,train,False,True,52.63157894736842,51.495607711371065,51.282051282051285,0.02564102564102564,186.25742574257427,46.52000000000001,44.373399999999975,45.29791292626471,0.9988201902291101,45.34319193015342,0.8835421679522869,True,True,57.142857142857146,57.28476201544171,58.8235294117647,0.025102185616940248,168.78011151242333,154.96204033066522,149.8958632571654,151.8635349360878,0.9540012685413446,152.30504130544702,0.7605797194499443,True,6.774106603688075
prior_joint_static,0.00625,550.0,validation,False,True,52.63157894736842,53.6089491692211,54.054054054054056,0.02702702702702703,185.11551221455443,37.293300000000016,34.51999999999998,35.18410234898925,0.9954051704281021,35.056765659189,0.9306635634943242,True,True,66.66666666666667,65.0953471051485,66.66666666666667,0.02631578947368421,159.17130762781713,61.48592874716098,46.86425776353548,43.70704996620248,0.9321805095173098,34.39209688241223,0.23248499164622446,False,8.18720371294085
prior_joint_static,0.00625,600.0,validation,False,True,55.55555555555556,55.75060542649025,55.55555555555556,0.03928371006591931,186.12897561089108,28.293299999999988,25.72,26.314903057035917,0.9904797389307746,26.32945985427494,0.8935844941062119,True,True,71.42857142857143,74.90691219505786,74.07407407407408,0.037037037037037035,148.2837615869663,5.875900611333407,3.80856324041153,2.2303225129130246,0.5776654612098204,0.9187009186559785,0.010240779319631872,False,27.264779055272882
prior_joint_static,0.00625,650.0,train,False,True,58.8235294117647,57.816988117809586,58.8235294117647,0.028155054514749176,184.09623894059408,21.226699999999994,19.079999999999984,18.960364167404826,0.9819604662361988,18.871919643331037,0.8980715178338963,True,True,76.92307692307692,15.360141728006207,,,139.42752289768916,0.5838871128711958,0.374659711425096,0.144573999812564,0.18148260400451977,0.13327576775502684,0.0036066922761170414,False,39.18432259574456
prior_joint_static,0.00625,700.0,validation,False,True,58.8235294117647,59.54885392572425,58.8235294117647,0.025851504590580256,181.7120795346535,17.586600000000004,13.933400000000006,13.73426576294101,0.957064813754709,13.400827320726998,0.747723863660392,True,False,,36.065134692901516,,,131.53400948901478,0.5880899197998133,0.41726145810116577,0.12826191177635843,0.1371510388194933,0.021960208145732824,0.0017915971412467734,False,41.572797879667434
prior_joint_static,0.00625,750.0,validation,False,True,62.5,61.042671449716536,62.5,0.04819277108433734,181.08356366336628,17.14670000000001,13.893399999999986,11.560285297594564,0.8747801353899631,11.629398297798542,0.9574870621121345,True,False,,90.71267955925813,,,124.79381767746614,0.6237039885299112,0.4349965834213805,0.1356395920723703,0.13813064149513132,0.017641439029540917,0.09676570713449453,False,41.34977427772331
prior_joint_static,0.00625,800.0,train,False,True,62.5,62.714561113294,62.5,0.282842712474619,180.88158613861387,11.093400000000003,9.253300000000024,6.232899194540934,0.6671750617132046,6.121509014013745,1.0284815188905327,True,False,,14.55393059328138,,,118.68911045404526,0.5927819674395352,0.4169035385006765,0.1067916330656903,0.07587850788234651,0.12627740495219156,0.47650135229510415,False,33.62594734389302
prior_joint_static,0.00625,850.0,validation,False,False,,63.789460782478756,62.5,0.051948051948051945,180.43775940594062,7.866600000000005,5.5467000000000155,2.9187351327310216,0.38335851225851936,2.7061719780214726,0.9674353448327867,False,False,,127.41390561884522,,,112.957203514405,0.4931771212752665,0.3683063132923081,0.1062696134287404,0.1348910871805845,0.057143881490459514,0.7547863653895751,False,14.108116507770072
prior_joint_static,0.00625,900.0,train,False,False,,12.636292359846257,71.42857142857143,0.2999423243289873,177.8838326732673,6.960000000000008,5.546599999999984,1.8441523911635787,0.1687017236880799,2.5628899687979594,1.1727903149983379,False,False,,122.10320160970652,,,108.01144145913719,0.5611653021895506,0.3365676786333722,0.0810520016494767,0.07205759698256808,0.06046033173962328,1.0544961743334995,False,15.863831246275563
prior_joint_static,0.00625,950.0,validation,False,False,,66.23904210948616,74.07407407407408,0.3796013991310125,176.8031636633663,7.866700000000009,5.546599999999984,2.12122556036776,0.2057113460442389,1.4862732646115808,0.9525870434091936,False,False,,14.336619390187483,,,103.58205564977666,0.5276926367231312,0.3818532010358382,0.08014800348902025,0.05241348051315897,0.08439631987355693,0.9182425763904069,False,15.158727949387492
prior_joint_static,0.00625,1000.0,validation,False,False,,67.18766825547392,62.5,0.11291995079911113,174.85517851485147,7.866600000000005,6.026700000000005,3.479000333324883,0.4856249503723351,3.425418834092218,0.9134739298740897,False,False,,19.72230049154123,,,99.4556045936958,1.0990497724027648,0.8759582363136644,0.11821528947085627,0.01995672974689655,0.09410628000572147,0.9084362918806764,False,16.784462012456064
prior_joint_static,0.00625,1100.0,validation,False,False,,68.63636974440715,71.42857142857143,0.10393492741038725,175.24910623762372,10.640000000000015,7.866600000000005,5.727896623735151,0.6582521354496025,5.287546713467708,0.6868611275228014,False,False,,14.803019946212567,,,92.01438187558435,1.0223621348976764,0.7098890396300419,0.1981817678988579,0.11095359444968478,0.05449370389238371,0.9750712827138016,False,21.837384648594913
prior_joint_static,0.00625,1200.0,train,False,False,,68.81585721818458,66.66666666666667,0.112833866731055,172.88052772277229,10.640000000000015,7.866700000000009,5.987257355671958,0.7618945955799794,5.878409586669303,1.098002703933764,False,False,,30.75683619410205,,,85.95694187212041,0.9752452522716908,0.7909551152596208,0.1074068530170718,0.021073623078904702,0.042158486444434984,0.9117413441920075,False,23.470750487739885
prior_joint_diagnostic,0.025,50.0,validation,False,False,,16.59288819174028,,,88.47603910891087,4.506659999999982,3.4399999999999977,2.184103007371274,0.6691407284022073,0.7776928352686754,0.8665210934158273,False,False,,13.289436016399614,,,88.78749450220762,0.6875781768646476,0.6146278014451667,0.13178423356172414,0.2436388488572463,0.2456448215467111,0.5307948852036752,False,0.5028506208648063
prior_joint_diagnostic,0.025,100.0,train,False,False,,21.226003790039126,,,171.14296732673267,6.653399999999976,5.14670000000001,4.090358672546572,0.8901813973975933,0.9150656917441401,1.7451000792986253,False,False,,11.493198184091307,,,166.0831861127291,0.5242533032579217,0.41252105992964516,0.15702509552504854,0.32234438174396096,0.3335743658754544,0.5155427958332953,False,1.2087795745283412
prior_joint_diagnostic,0.025,150.0,validation,False,False,,17.027854461752234,,,240.26243993069306,4.719999999999999,4.066599999999994,2.4065785784750178,0.48714844380656364,2.324111649678154,1.797314945514776,False,False,,21.32029601999988,,,227.08218176397986,0.4829634134788705,0.37391483260964264,0.1319437933034915,0.3012893959808345,0.014545006057177306,0.06376691476998458,False,1.7970496625171026
prior_joint_diagnostic,0.025,200.0,validation,False,False,,14.121006797082291,,,298.0920165049505,4.706700000000012,3.853400000000022,1.687863099515576,0.3631280196148142,0.7070865646397237,0.590863478684687,False,False,,20.657420448816083,,,272.81696728224676,0.9255131447277449,0.7576950549220669,0.374784048735332,0.7994008855526553,0.1063631485328561,0.061709932112788565,False,2.861137707237857
prior_joint_diagnostic,0.025,250.0,train,False,False,,13.909729776249218,,,319.4747234356435,3.213300000000004,2.3466999999999985,1.3934696545783074,0.43757227699848544,0.8715493461067155,0.22853602355318778,False,False,,17.012214869911073,,,302.06554753432425,0.6248354468252728,0.4906940195610332,0.14887825936968613,0.23939000715031822,0.12730537027685296,0.020456245961941007,False,1.6888180260711467
prior_joint_diagnostic,0.025,300.0,train,False,True,41.666666666666664,41.17354716074733,41.666666666666664,0.019372788525658838,232.71287096039606,94.32,91.11999999999998,91.62934044189902,0.9973613379044338,85.70107620440322,1.0964264844510925,True,True,37.735849056603776,37.54116422196457,37.735849056603776,0.018867924528301886,269.95483589998975,82.67135579778139,76.14911584392951,77.51225336070347,0.9718810048984937,75.88169313492864,0.35755299246787653,False,4.034453854020207
prior_joint_diagnostic,0.025,350.0,train,False,True,41.666666666666664,42.59623808525568,43.47826086956522,0.020203050891044214,189.93848151485153,103.75999999999999,100.32,101.37800303546058,0.9992535093816439,99.01077989235284,0.8631305790098773,True,True,52.63157894736842,53.052410788634724,52.63157894736842,0.02309401076758503,198.15226174219677,296.52191487181034,288.5932645583267,269.2605435068037,0.8407965983539795,259.7174144426109,0.9685446212284137,True,4.38421962442687
prior_joint_diagnostic,0.025,400.0,validation,False,True,45.45454545454545,45.78749745855536,45.45454545454545,0.0,187.98507821782175,82.5333,79.10669999999999,79.67126040317783,0.999171608496318,79.51329549565885,0.9392545502728201,True,True,62.5,62.6500106532113,62.5,0.0,177.27317256695363,295.7971501759963,294.2836485242587,278.61093964393615,0.8354705003690648,269.1173641671547,0.9940207992900506,True,7.5322589373615765
prior_joint_diagnostic,0.025,450.0,validation,False,True,50.0,48.92619450465454,50.0,0.021383343303319473,186.01927557425745,61.746700000000004,58.733299999999986,59.13906117380684,0.997776131632384,58.781232719878886,0.9440362412932626,True,True,71.42857142857143,73.66800632478436,71.42857142857143,0.034493013716416956,157.29187318830876,276.5784780398378,270.22541393856824,256.8630962406487,0.8461180504277679,251.1493313881892,0.9894125899300945,True,12.81310776857902
prior_joint_diagnostic,0.025,500.0,train,False,True,52.63157894736842,51.495607711371065,51.282051282051285,0.02564102564102564,186.25742574257427,46.52000000000001,44.373399999999975,45.29791292626471,0.9988201902291101,45.34319193015342,0.8835421679522869,True,True,83.33333333333333,86.30010818198505,83.33333333333333,0.041644982217284056,151.18826328730935,238.67431214140709,235.11782473942887,227.09706381542742,0.8657786962147995,222.72708251238217,0.9876286357313987,True,18.644775192628465
prior_joint_diagnostic,0.025,550.0,validation,False,True,52.63157894736842,53.6089491692211,54.054054054054056,0.02702702702702703,185.11551221455443,37.293300000000016,34.51999999999998,35.18410234898925,0.9954051704281021,35.056765659189,0.9306635634943242,True,True,100.0,99.99488577254584,100.0,0.0,138.37318408328844,182.77758880057257,181.89820221650345,178.2905529313126,0.9045719341699829,177.41347036383948,0.9962147847529617,True,24.710655038255794
prior_joint_diagnostic,0.025,600.0,validation,False,True,55.55555555555556,55.75060542649025,55.55555555555556,0.03928371006591931,186.12897561089108,28.293299999999988,25.72,26.314903057035917,0.9904797389307746,26.32945985427494,0.8935844941062119,True,True,111.11111111111111,115.46144334965226,111.11111111111111,0.05267328385006712,129.57691135259756,80.84147151885026,73.9544075412543,75.69764228921353,0.9782458471054548,72.6970817892644,0.6122146583152267,True,29.612501230289602
prior_joint_diagnostic,0.025,650.0,train,False,True,58.8235294117647,57.816988117809586,58.8235294117647,0.028155054514749176,184.09623894059408,21.226699999999994,19.079999999999984,18.960364167404826,0.9819604662361988,18.871919643331037,0.8980715178338963,True,False,,126.4492989589465,,,121.51744280778745,1.2084631770260188,0.470690616895709,0.19908140221468143,0.17185517476521095,0.04641295917933823,0.005458532875242283,False,41.806552710937716
prior_joint_diagnostic,0.025,700.0,validation,False,True,58.8235294117647,59.54885392572425,58.8235294117647,0.025851504590580256,181.7120795346535,17.586600000000004,13.933400000000006,13.73426576294101,0.957064813754709,13.400827320726998,0.747723863660392,True,False,,31.628923787427503,,,114.31511635729308,0.3726719225521009,0.2745186814536851,0.03456853851943307,0.018331763601624695,0.02180485255120823,0.008374034315542877,False,55.23503024438718
prior_joint_diagnostic,0.025,750.0,validation,False,True,62.5,61.042671449716536,62.5,0.04819277108433734,181.08356366336628,17.14670000000001,13.893399999999986,11.560285297594564,0.8747801353899631,11.629398297798542,0.9574870621121345,True,False,,26.143891681290572,,,108.19314836700167,0.8246023592677432,0.5432821650206421,0.11355842988993753,0.04535103814443142,0.02458742771032772,0.5463056807356603,False,44.84203250417204
prior_joint_diagnostic,0.025,800.0,train,False,True,62.5,62.714561113294,62.5,0.282842712474619,180.88158613861387,11.093400000000003,9.253300000000024,6.232899194540934,0.6671750617132046,6.121509014013745,1.0284815188905327,True,False,,10.00000499237095,,,102.7506788623132,0.9315676778716266,0.7418840968763192,0.14555340635884964,0.020332398417650888,0.30725016435343444,0.8608429301882483,False,41.45314371175604
prior_joint_diagnostic,0.025,850.0,validation,False,False,,63.789460782478756,62.5,0.051948051948051945,180.43775940594062,7.866600000000005,5.5467000000000155,2.9187351327310216,0.38335851225851936,2.7061719780214726,0.9674353448327867,False,False,,169.12177866604063,,,97.61438062195074,0.6203213634332343,0.5275380685073117,0.04602096908223932,0.009566959205380865,0.010085820170431739,1.0091392738440328,False,19.933642457688958
prior_joint_diagnostic,0.025,900.0,train,False,False,,12.636292359846257,71.42857142857143,0.2999423243289873,177.8838326732673,6.960000000000008,5.546599999999984,1.8441523911635787,0.1687017236880799,2.5628899687979594,1.1727903149983379,False,False,,31.555924309708804,,,93.21327994612585,0.6681643958439025,0.5424820424351395,0.06199847858983778,0.016442097000193834,0.02698873939216012,1.2026553147575234,False,21.58025028940803
prior_joint_diagnostic,0.025,950.0,validation,False,False,,66.23904210948616,74.07407407407408,0.3796013991310125,176.8031636633663,7.866700000000009,5.546599999999984,2.12122556036776,0.2057113460442389,1.4862732646115808,0.9525870434091936,False,False,,30.178945555287545,,,89.03036152812098,0.7098301777439673,0.5980335850357505,0.03819396046563706,0.004623339574818086,0.028630313059308018,1.0796847614301643,False,21.07473086425401
prior_joint_diagnostic,0.025,1000.0,validation,False,False,,67.18766825547392,62.5,0.11291995079911113,174.85517851485147,7.866600000000005,6.026700000000005,3.479000333324883,0.4856249503723351,3.425418834092218,0.9134739298740897,False,False,,19.623490837077984,,,85.67254655599963,1.4331531773597277,1.3065217906882367,0.11135898637811488,0.005892556468048538,0.053576471045534126,0.8427596217329071,False,22.387137066349307
prior_joint_diagnostic,0.025,1100.0,validation,False,False,,68.63636974440715,71.42857142857143,0.10393492741038725,175.24910623762372,10.640000000000015,7.866600000000005,5.727896623735151,0.6582521354496025,5.287546713467708,0.6868611275228014,False,False,,11.788835375617557,,,79.03856023696851,1.3911814388320352,0.9738521873671289,0.21142081322969464,0.0382151843817542,0.06594752032227563,1.000657794783415,False,27.487038493582762
prior_joint_diagnostic,0.025,1200.0,train,False,False,,68.81585721818458,66.66666666666667,0.112833866731055,172.88052772277229,10.640000000000015,7.866700000000009,5.987257355671958,0.7618945955799794,5.878409586669303,1.098002703933764,False,False,,30.60125648621075,,,73.67787760099968,1.2320668933778762,0.9575193880430959,0.08694768237738008,0.0082359618945953,0.04875916361415615,1.0540800736695344,False,29.12228501954922
prior_joint_diagnostic,0.0125,50.0,validation,False,False,,16.59288819174028,,,88.47603910891087,4.506659999999982,3.4399999999999977,2.184103007371274,0.6691407284022073,0.7776928352686754,0.8665210934158273,False,False,,13.271354778665625,,,88.80089817036917,0.6903423422661064,0.6137273522865883,0.13203291755316868,0.24464513870651194,0.24531303497217133,0.5268978505274645,False,0.5023835525361906
prior_joint_diagnostic,0.0125,100.0,train,False,False,,21.226003790039126,,,171.14296732673267,6.653399999999976,5.14670000000001,4.090358672546572,0.8901813973975933,0.9150656917441401,1.7451000792986253,False,False,,11.664350682538124,,,166.10322876234744,0.5207515422265203,0.41162716368049246,0.15847724838612534,0.32687621962578006,0.31985209626979066,0.5135856779463169,False,1.2138214696465701
prior_joint_diagnostic,0.0125,150.0,validation,False,False,,17.027854461752234,,,240.26243993069306,4.719999999999999,4.066599999999994,2.4065785784750178,0.48714844380656364,2.324111649678154,1.797314945514776,False,False,,21.181606818797565,,,227.09866908553266,0.4853774240988571,0.37019012506186755,0.13277601712514303,0.3053416865031675,0.010941438907591682,0.0657450126799911,False,1.803562012595028
prior_joint_diagnostic,0.0125,200.0,validation,False,False,,14.121006797082291,,,298.0920165049505,4.706700000000012,3.853400000000022,1.687863099515576,0.3631280196148142,0.7070865646397237,0.590863478684687,False,False,,20.902913409773156,,,272.815273859866,0.903042195015189,0.75209223016941,0.36470705103257994,0.7925602760641123,0.10334404417797262,0.060695926955464274,False,2.864906543673359
prior_joint_diagnostic,0.0125,250.0,train,False,False,,13.909729776249218,,,319.4747234356435,3.213300000000004,2.3466999999999985,1.3934696545783074,0.43757227699848544,0.8715493461067155,0.22853602355318778,False,False,,17.01431676051215,,,302.0630485646533,0.621437982098314,0.48833963609240527,0.150517495040702,0.24313464058657575,0.16789713085340083,0.020493102035734716,False,1.680392823507808
prior_joint_diagnostic,0.0125,300.0,train,False,True,41.666666666666664,41.17354716074733,41.666666666666664,0.019372788525658838,232.71287096039606,94.32,91.11999999999998,91.62934044189902,0.9973613379044338,85.70107620440322,1.0964264844510925,True,True,37.03703703703704,37.23474159393844,37.03703703703704,0.0,277.3005971260119,42.385912319254516,34.842367801368084,33.72005361101106,0.970818700020796,29.342085691401294,0.13737832986607382,False,12.605160198738623
prior_joint_diagnostic,0.0125,350.0,train,False,True,41.666666666666664,42.59623808525568,43.47826086956522,0.020203050891044214,189.93848151485153,103.75999999999999,100.32,101.37800303546058,0.9992535093816439,99.01077989235284,0.8631305790098773,True,True,52.63157894736842,53.17816839544304,52.63157894736842,0.02309401076758503,199.63340772932108,294.7115101734438,286.96517239289113,268.58378369591907,0.8329007916157837,256.758898330239,0.9934601860194695,True,4.365204327090787
prior_joint_diagnostic,0.0125,400.0,validation,False,True,45.45454545454545,45.78749745855536,45.45454545454545,0.0,187.98507821782175,82.5333,79.10669999999999,79.67126040317783,0.999171608496318,79.51329549565885,0.9392545502728201,True,True,62.5,63.05366055752264,62.5,0.025316455696202528,175.1374070383118,293.6295273698395,288.2544483567993,277.53709407491965,0.8285615851195645,269.98403009421634,1.0069640331884533,True,7.536922656414165
prior_joint_diagnostic,0.0125,450.0,validation,False,True,50.0,48.92619450465454,50.0,0.021383343303319473,186.01927557425745,61.746700000000004,58.733299999999986,59.13906117380684,0.997776131632384,58.781232719878886,0.9440362412932626,True,True,76.92307692307692,74.26498857074387,74.07407407407408,0.037037037037037035,160.38029015759912,272.4689711006391,267.9395668465046,251.4774375278248,0.8445190412431534,248.11331232337778,0.9953532518346466,True,12.72873068662464
prior_joint_diagnostic,0.0125,500.0,train,False,True,52.63157894736842,51.495607711371065,51.282051282051285,0.02564102564102564,186.25742574257427,46.52000000000001,44.373399999999975,45.29791292626471,0.9988201902291101,45.34319193015342,0.8835421679522869,True,True,86.95652173913044,87.04639438695982,83.33333333333333,0.041644982217284056,149.85801837579083,234.17460202808118,228.64474334776048,222.0703238427663,0.8689585661458403,218.14803308594097,0.9800031289174596,True,18.736490891614928
prior_joint_diagnostic,0.0125,550.0,validation,False,True,52.63157894736842,53.6089491692211,54.054054054054056,0.02702702702702703,185.11551221455443,37.293300000000016,34.51999999999998,35.18410234898925,0.9954051704281021,35.056765659189,0.9306635634943242,True,True,100.0,100.86149185615007,100.0,0.0,138.6641025982848,174.74183535164678,172.1414158984236,169.17930698428597,0.9187910871287404,169.4895354339727,0.9717751520762076,True,24.766422822832755
prior_joint_diagnostic,0.0125,600.0,validation,False,True,55.55555555555556,55.75060542649025,55.55555555555556,0.03928371006591931,186.12897561089108,28.293299999999988,25.72,26.314903057035917,0.9904797389307746,26.32945985427494,0.8935844941062119,True,True,111.11111111111111,116.20787879209291,111.11111111111111,0.056964877739143674,129.34152924633065,59.84788764974073,51.33505417515289,50.140947992010275,0.9716823938209611,44.61459070083456,0.40762381144847415,False,28.203806327588772
prior_joint_diagnostic,0.0125,650.0,train,False,True,58.8235294117647,57.816988117809586,58.8235294117647,0.028155054514749176,184.09623894059408,21.226699999999994,19.079999999999984,18.960364167404826,0.9819604662361988,18.871919643331037,0.8980715178338963,True,True,125.0,129.64557871548197,,,121.51216825862731,0.9218687906344343,0.5106761300071838,0.24242339823048767,0.26793079157154676,0.13451699998167,0.00783575181197534,False,40.42976615851448
prior_joint_diagnostic,0.0125,700.0,validation,False,True,58.8235294117647,59.54885392572425,58.8235294117647,0.025851504590580256,181.7120795346535,17.586600000000004,13.933400000000006,13.73426576294101,0.957064813754709,13.400827320726998,0.747723863660392,True,False,,140.83621394185658,,,114.31436961873612,0.4753111692453018,0.3297081594530056,0.09900167557583969,0.11205903783873938,0.09840285059685557,0.012410713157351459,False,47.02392232146229
prior_joint_diagnostic,0.0125,750.0,validation,False,True,62.5,61.042671449716536,62.5,0.04819277108433734,181.08356366336628,17.14670000000001,13.893399999999986,11.560285297594564,0.8747801353899631,11.629398297798542,0.9574870621121345,True,False,,25.913162843909724,,,108.23593500774021,0.7757268162597768,0.5466221030619209,0.11157631741707763,0.04613050696506704,0.02110099252000217,0.8175455449108857,False,44.87036412014341
prior_joint_diagnostic,0.0125,800.0,train,False,True,62.5,62.714561113294,62.5,0.282842712474619,180.88158613861387,11.093400000000003,9.253300000000024,6.232899194540934,0.6671750617132046,6.121509014013745,1.0284815188905327,True,False,,13.167239502555589,,,102.79434161283497,0.9290568905611707,0.7653993888766308,0.10075105295514337,0.019500149992430993,0.13216269788272567,0.9061128488252949,False,42.78835717252392
prior_joint_diagnostic,0.0125,850.0,validation,False,False,,63.789460782478756,62.5,0.051948051948051945,180.43775940594062,7.866600000000005,5.5467000000000155,2.9187351327310216,0.38335851225851936,2.7061719780214726,0.9674353448327867,False,False,,169.3329131688023,,,97.6662530487657,0.6284797322056903,0.5361649593337035,0.053788553256727226,0.01306885049442219,0.00987429322557949,1.0398463399963966,False,19.92107996164216
prior_joint_diagnostic,0.0125,900.0,train,False,False,,12.636292359846257,71.42857142857143,0.2999423243289873,177.8838326732673,6.960000000000008,5.546599999999984,1.8441523911635787,0.1687017236880799,2.5628899687979594,1.1727903149983379,False,False,,31.65589541574229,,,93.20693128519864,0.6772613139978887,0.5399165603076028,0.06315510187996831,0.017109007569342305,0.0227677572079577,1.208359601716052,False,21.590147734351845
prior_joint_diagnostic,0.0125,950.0,validation,False,False,,66.23904210948616,74.07407407407408,0.3796013991310125,176.8031636633663,7.866700000000009,5.546599999999984,2.12122556036776,0.2057113460442389,1.4862732646115808,0.9525870434091936,False,False,,30.34421045372223,,,89.294687539944,0.70714057932598,0.5940439019503856,0.04147458338468581,0.005479932005394095,0.032399951442249976,1.0607987379371575,False,20.958063766463596
prior_joint_diagnostic,0.0125,1000.0,validation,False,False,,67.18766825547392,62.5,0.11291995079911113,174.85517851485147,7.866600000000005,6.026700000000005,3.479000333324883,0.4856249503723351,3.425418834092218,0.9134739298740897,False,False,,19.514345813628573,,,85.68663344426946,1.3895226259255367,1.2550246503064528,0.11187226221139937,0.006167054116638093,0.04926774188709362,0.8358654814458277,False,22.391403730739277
prior_joint_diagnostic,0.0125,1100.0,validation,False,False,,68.63636974440715,71.42857142857143,0.10393492741038725,175.24910623762372,10.640000000000015,7.866600000000005,5.727896623735151,0.6582521354496025,5.287546713467708,0.6868611275228014,False,False,,12.08550870252136,,,79.05535305011573,1.3995560975156423,0.9631378844691625,0.2034159957972558,0.03813710447921914,0.06429087626517842,1.005856403936349,False,27.506979144092877
prior_joint_diagnostic,0.0125,1200.0,train,False,False,,68.81585721818458,66.66666666666667,0.112833866731055,172.88052772277229,10.640000000000015,7.866700000000009,5.987257355671958,0.7618945955799794,5.878409586669303,1.098002703933764,False,False,,17.275966246285126,,,73.67562858175546,1.2136713571570823,0.9473493636956931,0.08703157342662478,0.007831558547453432,0.09281286020753632,1.0484847420640941,False,28.96286703777977
prior_joint_diagnostic,0.00625,50.0,validation,False,False,,16.59288819174028,,,88.47603910891087,4.506659999999982,3.4399999999999977,2.184103007371274,0.6691407284022073,0.7776928352686754,0.8665210934158273,False,False,,13.29267496176613,,,88.83061654457184,0.6912960109008992,0.6131005511616792,0.1320240263472637,0.24453886110719603,0.24475378851084578,0.5134813708002127,False,0.5015904886613832
prior_joint_diagnostic,0.00625,100.0,train,False,False,,21.226003790039126,,,171.14296732673267,6.653399999999976,5.14670000000001,4.090358672546572,0.8901813973975933,0.9150656917441401,1.7451000792986253,False,False,,11.705460920200572,,,166.15220666450224,0.5199319839002499,0.41194007227886686,0.15765973279377077,0.3248495402653715,0.31748982036669726,0.514484449883401,False,1.213862891027491
prior_joint_diagnostic,0.00625,150.0,validation,False,False,,17.027854461752234,,,240.26243993069306,4.719999999999999,4.066599999999994,2.4065785784750178,0.48714844380656364,2.324111649678154,1.797314945514776,False,False,,21.39678508750133,,,227.1478235898578,0.51544797927383,0.4012590588438627,0.1293032070132756,0.30883040609180024,0.008766081447743402,0.06609880885565937,False,1.8076652325041063
prior_joint_diagnostic,0.00625,200.0,validation,False,False,,14.121006797082291,,,298.0920165049505,4.706700000000012,3.853400000000022,1.687863099515576,0.3631280196148142,0.7070865646397237,0.590863478684687,False,False,,21.006954252153417,,,272.85334706202394,0.8908828554048682,0.7550426695871124,0.3424166955854574,0.7746423652665771,0.07859474377101273,0.05810488298186497,False,2.875009233841288
prior_joint_diagnostic,0.00625,250.0,train,False,False,,13.909729776249218,,,319.4747234356435,3.213300000000004,2.3466999999999985,1.3934696545783074,0.43757227699848544,0.8715493461067155,0.22853602355318778,False,False,,17.373867381741853,,,302.1069361718173,0.5622803736873152,0.4378840072484991,0.14442309890612248,0.23114567438621836,0.12422185889836654,0.0199233064567747,False,1.7130451231197237
prior_joint_diagnostic,0.00625,300.0,train,False,True,41.666666666666664,41.17354716074733,41.666666666666664,0.019372788525658838,232.71287096039606,94.32,91.11999999999998,91.62934044189902,0.9973613379044338,85.70107620440322,1.0964264844510925,True,True,36.36363636363637,36.70601070829258,36.36363636363637,0.01818181818181818,281.34227944009797,24.52248450560063,18.707566936107412,16.933188042716072,0.9287674737306139,12.944180938193556,0.06298657291782976,False,19.94729144072332
prior_joint_diagnostic,0.00625,350.0,train,False,True,41.666666666666664,42.59623808525568,43.47826086956522,0.020203050891044214,189.93848151485153,103.75999999999999,100.32,101.37800303546058,0.9992535093816439,99.01077989235284,0.8631305790098773,True,True,52.63157894736842,53.23109673538904,52.63157894736842,0.02309401076758503,200.163769550219,293.92229497615125,287.1964258324407,267.73990073233927,0.8336934319879883,254.72673800717334,1.0096348433754467,True,4.355402652792922
prior_joint_diagnostic,0.00625,400.0,validation,False,True,45.45454545454545,45.78749745855536,45.45454545454545,0.0,187.98507821782175,82.5333,79.10669999999999,79.67126040317783,0.999171608496318,79.51329549565885,0.9392545502728201,True,True,62.5,63.28987119827822,62.5,0.025316455696202528,173.86194835974456,292.1320257776545,286.37352251901626,275.6786564418976,0.8247923891501889,267.7297493672591,1.004266931148871,True,7.568511120195725
prior_joint_diagnostic,0.00625,450.0,validation,False,True,50.0,48.92619450465454,50.0,0.021383343303319473,186.01927557425745,61.746700000000004,58.733299999999986,59.13906117380684,0.997776131632384,58.781232719878886,0.9440362412932626,True,True,76.92307692307692,74.59068670968865,74.07407407407408,0.037037037037037035,162.4748483897033,271.10636432249163,264.9012229732265,248.64085436534674,0.8464744517771455,246.98508857075984,0.986526324774189,True,12.656584753038077
prior_joint_diagnostic,0.00625,500.0,train,False,True,52.63157894736842,51.495607711371065,51.282051282051285,0.02564102564102564,186.25742574257427,46.52000000000001,44.373399999999975,45.29791292626471,0.9988201902291101,45.34319193015342,0.8835421679522869,True,True,86.95652173913044,87.38308696581183,90.9090909090909,0.04330127018922193,149.57428637502602,231.5311942182488,227.71095334596836,220.33833781069376,0.8721831525821309,215.82136750576342,0.9807650236928893,True,18.714120139726038
prior_joint_diagnostic,0.00625,550.0,validation,False,True,52.63157894736842,53.6089491692211,54.054054054054056,0.02702702702702703,185.11551221455443,37.293300000000016,34.51999999999998,35.18410234898925,0.9954051704281021,35.056765659189,0.9306635634943242,True,True,100.0,101.26091203621958,100.0,0.03178008005332798,139.10552281123486,171.43183061954494,168.85232397567592,165.94059441994162,0.91916595336876,165.8716971928237,0.9869035716835827,True,24.630852424501054
prior_joint_diagnostic,0.00625,600.0,validation,False,True,55.55555555555556,55.75060542649025,55.55555555555556,0.03928371006591931,186.12897561089108,28.293299999999988,25.72,26.314903057035917,0.9904797389307746,26.32945985427494,0.8935844941062119,True,True,111.11111111111111,116.48219858456606,117.6470588235294,0.058823529411764705,129.39482639695922,48.655091907122355,40.457611766215464,38.00127569994707,0.9525795034243902,31.61948288252208,0.30462207671479774,False,28.419494313755152
prior_joint_diagnostic,0.00625,650.0,train,False,True,58.8235294117647,57.816988117809586,58.8235294117647,0.028155054514749176,184.09623894059408,21.226699999999994,19.079999999999984,18.960364167404826,0.9819604662361988,18.871919643331037,0.8980715178338963,True,True,125.0,124.94472423678333,,,121.5226514203088,0.9632859896050405,0.5955260220570011,0.42832897981675655,0.5979540861760406,0.3617989284483568,0.010664607229649375,False,40.3398592691306
prior_joint_diagnostic,0.00625,700.0,validation,False,True,58.8235294117647,59.54885392572425,58.8235294117647,0.025851504590580256,181.7120795346535,17.586600000000004,13.933400000000006,13.73426576294101,0.957064813754709,13.400827320726998,0.747723863660392,True,False,,142.2941789600516,,,114.33551212137799,0.5232225806908559,0.3623666892693507,0.1531782608868228,0.21146915182746429,0.14202207129258482,0.019400386413731124,False,43.32442113637584
prior_joint_diagnostic,0.00625,750.0,validation,False,True,62.5,61.042671449716536,62.5,0.04819277108433734,181.08356366336628,17.14670000000001,13.893399999999986,11.560285297594564,0.8747801353899631,11.629398297798542,0.9574870621121345,True,False,,26.143297823652897,,,108.20374720780346,0.7380492859835073,0.5523503226288824,0.09568091366450408,0.036064014390657095,0.012412443960995426,0.6183999224030026,False,45.48859493055281
prior_joint_diagnostic,0.00625,800.0,train,False,True,62.5,62.714561113294,62.5,0.282842712474619,180.88158613861387,11.093400000000003,9.253300000000024,6.232899194540934,0.6671750617132046,6.121509014013745,1.0284815188905327,True,False,,31.060251954635923,,,102.79920802668993,0.9314859155192323,0.7771175434972974,0.08338502038380832,0.015196403116911839,0.05261442407795028,0.9359416479938096,False,43.78160608006442
prior_joint_diagnostic,0.00625,850.0,validation,False,False,,63.789460782478756,62.5,0.051948051948051945,180.43775940594062,7.866600000000005,5.5467000000000155,2.9187351327310216,0.38335851225851936,2.7061719780214726,0.9674353448327867,False,False,,168.3893568019042,,,97.64752944281436,0.6610387908311566,0.5313076029482033,0.05962649788172617,0.015529157411244277,0.023820486085095266,1.0216233637121148,False,19.897538958076414
prior_joint_diagnostic,0.00625,900.0,train,False,False,,12.636292359846257,71.42857142857143,0.2999423243289873,177.8838326732673,6.960000000000008,5.546599999999984,1.8441523911635787,0.1687017236880799,2.5628899687979594,1.1727903149983379,False,False,,18.51243717567113,,,93.19017562267166,0.6869077574251321,0.5411144863865758,0.05608060451088973,0.011200887450694141,0.025428789463168296,1.0621430191597905,False,21.52410531250664
prior_joint_diagnostic,0.00625,950.0,validation,False,False,,66.23904210948616,74.07407407407408,0.3796013991310125,176.8031636633663,7.866700000000009,5.546599999999984,2.12122556036776,0.2057113460442389,1.4862732646115808,0.9525870434091936,False,False,,29.9782900691352,,,89.3115698901655,0.7151053347777605,0.6188443840228075,0.04921838851547919,0.007395125508069755,0.02571070658961761,1.081960087494398,False,20.93353862742181
prior_joint_diagnostic,0.00625,1000.0,validation,False,False,,67.18766825547392,62.5,0.11291995079911113,174.85517851485147,7.866600000000005,6.026700000000005,3.479000333324883,0.4856249503723351,3.425418834092218,0.9134739298740897,False,False,,19.629764389253538,,,85.70302425828702,1.3774748449573053,1.2327849595989164,0.11715985176463087,0.006818906136482283,0.054489149516636,0.8406728891282765,False,22.38491899849449
prior_joint_diagnostic,0.00625,1100.0,validation,False,False,,68.63636974440715,71.42857142857143,0.10393492741038725,175.24910623762372,10.640000000000015,7.866600000000005,5.727896623735151,0.6582521354496025,5.287546713467708,0.6868611275228014,False,False,,11.3433581764059,,,79.05966312644239,1.3869199307339528,0.9849257246613377,0.22680172408265864,0.04073002218520083,0.10163061570709558,0.9943473925369264,False,27.431970661478445
prior_joint_diagnostic,0.00625,1200.0,train,False,False,,68.81585721818458,66.66666666666667,0.112833866731055,172.88052772277229,10.640000000000015,7.866700000000009,5.987257355671958,0.7618945955799794,5.878409586669303,1.098002703933764,False,False,,17.254507257015668,,,73.67514209768996,1.2172252385620226,0.9453511885046453,0.08589657603307087,0.007693631948961999,0.09613187170164396,1.0449494603069462,False,28.972470252169884
static_preserving,0.025,50.0,validation,False,False,,16.59288819174028,,,88.47603910891087,4.506659999999982,3.4399999999999977,2.184103007371274,0.6691407284022073,0.7776928352686754,0.8665210934158273,False,False,,12.12628453040354,,,109.31722814173607,0.7830425792896278,0.6968311057712668,0.1712481661311205,0.3167365650477416,0.3328853556318108,0.3092918373567652,False,1.535009846483208
static_preserving,0.025,100.0,train,False,False,,21.226003790039126,,,171.14296732673267,6.653399999999976,5.14670000000001,4.090358672546572,0.8901813973975933,0.9150656917441401,1.7451000792986253,False,False,,11.328542472754755,,,203.83500549840846,0.5870915394309293,0.46901133097551906,0.1860042867874081,0.36808885612932707,0.3729508174040223,0.20980056221665624,False,3.9418364847418434
static_preserving,0.025,150.0,validation,False,False,,17.027854461752234,,,240.26243993069306,4.719999999999999,4.066599999999994,2.4065785784750178,0.48714844380656364,2.324111649678154,1.797314945514776,False,False,,21.361200962426423,,,277.61065451125813,0.5482440209349306,0.42551815277795413,0.14975922105926223,0.31951407025796186,0.013129342578245128,0.0720377427846416,False,5.021181290312073
static_preserving,0.025,200.0,validation,False,False,,14.121006797082291,,,298.0920165049505,4.706700000000012,3.853400000000022,1.687863099515576,0.3631280196148142,0.7070865646397237,0.590863478684687,False,False,,20.647266308276517,,,331.9508188725361,1.0604582234556688,0.8807807048955283,0.4261978859439492,0.8150816644141278,0.1570171596664775,0.05473956579294083,False,4.516258606723024
static_preserving,0.025,250.0,train,False,False,,13.909729776249218,,,319.4747234356435,3.213300000000004,2.3466999999999985,1.3934696545783074,0.43757227699848544,0.8715493461067155,0.22853602355318778,False,False,,17.03928779342121,,,363.94500710442026,0.5866297766342541,0.46184453490729993,0.17839142087064125,0.28445693906542135,0.2125473285626446,0.014826796489836376,False,6.259694704945864
static_preserving,0.025,300.0,train,False,True,41.666666666666664,41.17354716074733,41.666666666666664,0.019372788525658838,232.71287096039606,94.32,91.11999999999998,91.62934044189902,0.9973613379044338,85.70107620440322,1.0964264844510925,True,True,38.46153846153846,37.965775191086685,37.735849056603776,0.018867924528301886,265.8700967818039,265.70854145054966,257.8549256514747,246.7705351332484,0.8897946874179338,153.4873057193181,1.236335435041508,True,6.074048850451162
static_preserving,0.025,350.0,train,False,True,41.666666666666664,42.59623808525568,43.47826086956522,0.020203050891044214,189.93848151485153,103.75999999999999,100.32,101.37800303546058,0.9992535093816439,99.01077989235284,0.8631305790098773,True,True,47.61904761904762,49.12097988134799,47.61904761904762,0.04224514164802139,253.3465791425446,329.8890116737903,304.4886252099391,243.69696702403385,0.8058612069797866,199.32603234043813,1.1871646105711537,True,13.72308127678978
static_preserving,0.025,400.0,validation,False,True,45.45454545454545,45.78749745855536,45.45454545454545,0.0,187.98507821782175,82.5333,79.10669999999999,79.67126040317783,0.999171608496318,79.51329549565885,0.9392545502728201,True,True,58.8235294117647,59.77245849670252,58.8235294117647,0.0817148190737984,233.2018194588485,324.4267010235361,293.51762721277544,206.03940207597674,0.7313236938638047,200.00003182091038,1.1166407508735687,True,10.679478646087235
static_preserving,0.025,450.0,validation,False,True,50.0,48.92619450465454,50.0,0.021383343303319473,186.01927557425745,61.746700000000004,58.733299999999986,59.13906117380684,0.997776131632384,58.781232719878886,0.9440362412932626,True,True,66.66666666666667,65.56604638658865,66.66666666666667,0.024572175576920763,218.07626590722268,335.60497207026276,300.86854551659326,253.92736378247767,0.7943168554129407,175.66448367431826,1.1465666945403399,True,11.019585235018141
static_preserving,0.025,500.0,train,False,True,52.63157894736842,51.495607711371065,51.282051282051285,0.02564102564102564,186.25742574257427,46.52000000000001,44.373399999999975,45.29791292626471,0.9988201902291101,45.34319193015342,0.8835421679522869,True,True,71.42857142857143,73.90649445172559,74.07407407407408,0.037037037037037035,193.46253905810676,317.6727158825687,312.16884911516667,291.48837549670014,0.8517571565133725,289.052576326251,1.0128747106342482,True,15.764270359929759
static_preserving,0.025,550.0,validation,False,True,52.63157894736842,53.6089491692211,54.054054054054056,0.02702702702702703,185.11551221455443,37.293300000000016,34.51999999999998,35.18410234898925,0.9954051704281021,35.056765659189,0.9306635634943242,True,True,83.33333333333333,84.9701173617605,83.33333333333333,0.036852144841891005,185.98764538262145,285.178805391953,279.6210558746809,269.853977767128,0.8663550649818996,265.68517523692765,0.978461137908083,True,19.846286476651834
static_preserving,0.025,600.0,validation,False,True,55.55555555555556,55.75060542649025,55.55555555555556,0.03928371006591931,186.12897561089108,28.293299999999988,25.72,26.314903057035917,0.9904797389307746,26.32945985427494,0.8935844941062119,True,True,100.0,97.27428703692689,100.0,0.04224514164802139,167.89935123581785,220.55753388341975,216.14703103923404,212.8540861841021,0.9094056401871973,212.5439900611154,0.9634939682730703,True,24.31820728414791
static_preserving,0.025,650.0,train,False,True,58.8235294117647,57.816988117809586,58.8235294117647,0.028155054514749176,184.09623894059408,21.226699999999994,19.079999999999984,18.960364167404826,0.9819604662361988,18.871919643331037,0.8980715178338963,True,True,111.11111111111111,110.03814568784313,111.11111111111111,0.03296703296703297,159.56311511339248,113.56132252831517,108.3068925506823,111.47907231402104,0.9736349851175194,110.64430233226864,0.7158557049914783,True,26.173592205664242
static_preserving,0.025,700.0,validation,False,True,58.8235294117647,59.54885392572425,58.8235294117647,0.025851504590580256,181.7120795346535,17.586600000000004,13.933400000000006,13.73426576294101,0.957064813754709,13.400827320726998,0.747723863660392,True,True,125.0,125.33653927560614,,,150.07978740825413,4.183083348849891,2.026945399524749,1.1349440449376318,0.4267466259802466,0.2372627958820132,0.0046987394654927584,False,27.737608158355968
static_preserving,0.025,750.0,validation,False,True,62.5,61.042671449716536,62.5,0.04819277108433734,181.08356366336628,17.14670000000001,13.893399999999986,11.560285297594564,0.8747801353899631,11.629398297798542,0.9574870621121345,True,False,,26.44440710783487,,,142.23460477932053,0.8370150369268288,0.5908637084794179,0.14849914741445688,0.06550908547429612,0.01153688713087455,0.05121168408656311,False,41.67988187123666
static_preserving,0.025,800.0,train,False,True,62.5,62.714561113294,62.5,0.282842712474619,180.88158613861387,11.093400000000003,9.253300000000024,6.232899194540934,0.6671750617132046,6.121509014013745,1.0284815188905327,True,False,,10.000006224742423,,,135.26087768840975,1.0149163335990181,0.7324682680692547,0.1857941687291994,0.030294080552504266,0.38929866096658083,0.3739398796278805,False,30.129564620244892
static_preserving,0.025,850.0,validation,False,False,,63.789460782478756,62.5,0.051948051948051945,180.43775940594062,7.866600000000005,5.5467000000000155,2.9187351327310216,0.38335851225851936,2.7061719780214726,0.9674353448327867,False,False,,169.4456320207545,,,128.61597172290277,0.641377220433526,0.5452656237193025,0.0630261834808818,0.017590329002111327,0.02540884200899038,0.9714220118101204,False,9.310954154234889
static_preserving,0.025,900.0,train,False,False,,12.636292359846257,71.42857142857143,0.2999423243289873,177.8838326732673,6.960000000000008,5.546599999999984,1.8441523911635787,0.1687017236880799,2.5628899687979594,1.1727903149983379,False,False,,31.366604278723006,,,122.96951784602298,0.7264636422872996,0.5354786009771857,0.08114933267481497,0.02561991527582219,0.029998584118744304,1.1471761022232443,False,11.041499423227666
static_preserving,0.025,950.0,validation,False,False,,66.23904210948616,74.07407407407408,0.3796013991310125,176.8031636633663,7.866700000000009,5.546599999999984,2.12122556036776,0.2057113460442389,1.4862732646115808,0.9525870434091936,False,False,,30.310631151035185,,,117.54196927856539,0.7985124068357834,0.646885546229683,0.052127835714413644,0.007319419750918654,0.037543358661453655,1.1342427530678012,False,10.421132935258168
static_preserving,0.025,1000.0,validation,False,False,,67.18766825547392,62.5,0.11291995079911113,174.85517851485147,7.866600000000005,6.026700000000005,3.479000333324883,0.4856249503723351,3.425418834092218,0.9134739298740897,False,False,,20.0681970885274,,,112.89136510985048,1.9262192875608974,1.7072644982189331,0.13974315980253718,0.007009933335860086,0.1077719240121621,0.9322214105909465,False,11.827693112962786
static_preserving,0.025,1100.0,validation,False,False,,68.63636974440715,71.42857142857143,0.10393492741038725,175.24910623762372,10.640000000000015,7.866600000000005,5.727896623735151,0.6582521354496025,5.287546713467708,0.6868611275228014,False,False,,11.805226104487371,,,104.86070887146126,1.640184820720691,1.2161782335010258,0.26806566585917774,0.041755255528769575,0.09250774912368953,0.9357151206034732,False,16.407381186717068
static_preserving,0.025,1200.0,train,False,False,,68.81585721818458,66.66666666666667,0.112833866731055,172.88052772277229,10.640000000000015,7.866700000000009,5.987257355671958,0.7618945955799794,5.878409586669303,1.098002703933764,False,False,,30.42778481908463,,,97.8155581496222,1.498143580873304,1.1955110087944831,0.11750219337331853,0.008081000763737967,0.06685520754024842,1.0478023902213398,False,18.3783068247599
static_preserving,0.0125,50.0,validation,False,False,,16.59288819174028,,,88.47603910891087,4.506659999999982,3.4399999999999977,2.184103007371274,0.6691407284022073,0.7776928352686754,0.8665210934158273,False,False,,12.121361941745704,,,109.33243780111876,0.7858961532250106,0.6987906071759227,0.17148754688887485,0.3177435222537164,0.33212419329895765,0.3093041540701304,False,1.5368554233289602
static_preserving,0.0125,100.0,train,False,False,,21.226003790039126,,,171.14296732673267,6.653399999999976,5.14670000000001,4.090358672546572,0.8901813973975933,0.9150656917441401,1.7451000792986253,False,False,,11.487135732976554,,,203.857659391833,0.5825615939666307,0.4697712977076094,0.186890987233783,0.3708805703195276,0.3585780066273945,0.20907694811926394,False,3.937435161889555
static_preserving,0.0125,150.0,validation,False,False,,17.027854461752234,,,240.26243993069306,4.719999999999999,4.066599999999994,2.4065785784750178,0.48714844380656364,2.324111649678154,1.797314945514776,False,False,,21.269409449274985,,,277.62996169327334,0.5511646607543526,0.41988552937539225,0.150577471649673,0.3251803141126972,0.013138926919574015,0.07405824226721182,False,5.032576201085837
static_preserving,0.0125,200.0,validation,False,False,,14.121006797082291,,,298.0920165049505,4.706700000000012,3.853400000000022,1.687863099515576,0.3631280196148142,0.7070865646397237,0.590863478684687,False,False,,20.90355303098244,,,331.9494842580561,1.0364077608164166,0.8671909023711919,0.41454326895546495,0.809132717097253,0.1550433354584354,0.05366775612017555,False,4.518463477737604
static_preserving,0.0125,250.0,train,False,False,,13.909729776249218,,,319.4747234356435,3.213300000000004,2.3466999999999985,1.3934696545783074,0.43757227699848544,0.8715493461067155,0.22853602355318778,False,False,,17.0997581761834,,,363.94291031924007,0.5880602873710359,0.45868548324364156,0.18303339867402754,0.2949898845535507,0.21864510054735006,0.01514983659687606,False,6.255717275914046
static_preserving,0.0125,300.0,train,False,True,41.666666666666664,41.17354716074733,41.666666666666664,0.019372788525658838,232.71287096039606,94.32,91.11999999999998,91.62934044189902,0.9973613379044338,85.70107620440322,1.0964264844510925,True,True,38.46153846153846,38.01451216850084,37.735849056603776,0.018867924528301886,266.2977263398334,263.92271526217917,255.88328913949323,245.32743325656512,0.8919736340983732,151.82694960933537,1.2709868605857781,True,6.09362474339867
static_preserving,0.0125,350.0,train,False,True,41.666666666666664,42.59623808525568,43.47826086956522,0.020203050891044214,189.93848151485153,103.75999999999999,100.32,101.37800303546058,0.9992535093816439,99.01077989235284,0.8631305790098773,True,True,47.61904761904762,49.04200564693079,48.78048780487805,0.04094598506611605,253.14325357728646,319.22610139074715,277.9863349324571,244.56918329166152,0.8296776462503107,182.0919025465068,1.1251340064271707,True,13.33258149664901
static_preserving,0.0125,400.0,validation,False,True,45.45454545454545,45.78749745855536,45.45454545454545,0.0,187.98507821782175,82.5333,79.10669999999999,79.67126040317783,0.999171608496318,79.51329549565885,0.9392545502728201,True,True,58.8235294117647,59.54623200615001,58.8235294117647,0.08748177652797064,234.01260339907455,329.45962601116673,293.63769419630967,231.1702326987094,0.7539282337018816,176.41733116932562,0.9097326900590678,True,10.467054576039988
static_preserving,0.0125,450.0,validation,False,True,50.0,48.92619450465454,50.0,0.021383343303319473,186.01927557425745,61.746700000000004,58.733299999999986,59.13906117380684,0.997776131632384,58.781232719878886,0.9440362412932626,True,True,66.66666666666667,65.44231282092815,66.66666666666667,0.024572175576920763,217.19120018055696,337.3012243651375,302.983744971385,269.3122610087441,0.8198600403101922,128.69309349279828,1.1189045077631457,True,11.147638950238619
static_preserving,0.0125,500.0,train,False,True,52.63157894736842,51.495607711371065,51.282051282051285,0.02564102564102564,186.25742574257427,46.52000000000001,44.373399999999975,45.29791292626471,0.9988201902291101,45.34319193015342,0.8835421679522869,True,True,76.92307692307692,74.49185997848927,74.07407407407408,0.037037037037037035,197.88941125483032,317.0493897934064,310.0603686155825,291.2816104908719,0.8536635558529687,289.00739154216035,1.009295945527897,True,15.843072351355282
static_preserving,0.0125,550.0,validation,False,True,52.63157894736842,53.6089491692211,54.054054054054056,0.02702702702702703,185.11551221455443,37.293300000000016,34.51999999999998,35.18410234898925,0.9954051704281021,35.056765659189,0.9306635634943242,True,True,83.33333333333333,85.6720428297606,83.33333333333333,0.036852144841891005,183.33661774348477,279.7827225686964,274.8738463814261,266.4718972904669,0.8730698320675301,262.66113739991096,0.9919354368388964,True,19.83151343775325
static_preserving,0.0125,600.0,validation,False,True,55.55555555555556,55.75060542649025,55.55555555555556,0.03928371006591931,186.12897561089108,28.293299999999988,25.72,26.314903057035917,0.9904797389307746,26.32945985427494,0.8935844941062119,True,True,100.0,97.91874313857629,100.0,0.03266359643289618,169.76685460045925,211.58768479701467,207.0992471742518,204.6096379600985,0.9186901125118095,202.8038242807775,0.9536012949747064,True,23.856729373195126
static_preserving,0.0125,650.0,train,False,True,58.8235294117647,57.816988117809586,58.8235294117647,0.028155054514749176,184.09623894059408,21.226699999999994,19.079999999999984,18.960364167404826,0.9819604662361988,18.871919643331037,0.8980715178338963,True,True,111.11111111111111,110.88502333762294,111.11111111111111,0.0,159.93034575416917,92.61662402356484,82.46122542512701,84.71470858989682,0.9797446553942897,79.7446192834882,0.5664823172781439,True,24.15924850616409
static_preserving,0.0125,700.0,validation,False,True,58.8235294117647,59.54885392572425,58.8235294117647,0.025851504590580256,181.7120795346535,17.586600000000004,13.933400000000006,13.73426576294101,0.957064813754709,13.400827320726998,0.747723863660392,True,True,125.0,124.14063179874192,,,150.06832061301392,2.0885590063878965,0.9870351535357997,0.4816449829222872,0.32051898361136755,0.08499241630484752,0.0032070099327294764,False,28.46018654742209
static_preserving,0.0125,750.0,validation,False,True,62.5,61.042671449716536,62.5,0.04819277108433734,181.08356366336628,17.14670000000001,13.893399999999986,11.560285297594564,0.8747801353899631,11.629398297798542,0.9574870621121345,True,False,,26.463705512543463,,,142.25530161790863,0.8284026586224797,0.5553840755670478,0.13594705962305215,0.06521993913268131,0.019644120148235026,0.06385408211786361,False,41.77371215835079
static_preserving,0.0125,800.0,train,False,True,62.5,62.714561113294,62.5,0.282842712474619,180.88158613861387,11.093400000000003,9.253300000000024,6.232899194540934,0.6671750617132046,6.121509014013745,1.0284815188905327,True,False,,30.933712991452108,,,135.30665997423165,0.9361788981731536,0.7335552232388238,0.09438055768651499,0.020457633609315073,0.07063396390690259,0.5765100266031186,False,33.12223325449655
static_preserving,0.0125,850.0,validation,False,False,,63.789460782478756,62.5,0.051948051948051945,180.43775940594062,7.866600000000005,5.5467000000000155,2.9187351327310216,0.38335851225851936,2.7061719780214726,0.9674353448327867,False,False,,170.3424817729347,,,128.59217220646252,0.6386645316532338,0.5484686283247981,0.058706900148365805,0.015177189508195466,0.02042976772914313,0.9573961349228717,False,9.330405133095981
static_preserving,0.0125,900.0,train,False,False,,12.636292359846257,71.42857142857143,0.2999423243289873,177.8838326732673,6.960000000000008,5.546599999999984,1.8441523911635787,0.1687017236880799,2.5628899687979594,1.1727903149983379,False,False,,18.155696270522565,,,122.95717296738587,0.7303082264328538,0.5612116261895181,0.07183550205261183,0.017788399373376285,0.03091258800266942,1.1830819545011622,False,10.977247795373007
static_preserving,0.0125,950.0,validation,False,False,,66.23904210948616,74.07407407407408,0.3796013991310125,176.8031636633663,7.866700000000009,5.546599999999984,2.12122556036776,0.2057113460442389,1.4862732646115808,0.9525870434091936,False,False,,29.84738949218881,,,117.59328141112907,0.8178998870521497,0.6785366303778204,0.056607290086272244,0.008627202711323001,0.044847499220036516,1.217602267392049,False,10.401181438963812
static_preserving,0.0125,1000.0,validation,False,False,,67.18766825547392,62.5,0.11291995079911113,174.85517851485147,7.866600000000005,6.026700000000005,3.479000333324883,0.4856249503723351,3.425418834092218,0.9134739298740897,False,False,,20.201595342774098,,,112.88962621314116,1.892073237163416,1.6665467140965404,0.135695176370898,0.006726348487957057,0.10844633078747094,0.9154609521459844,False,11.834478497670853
static_preserving,0.0125,1100.0,validation,False,False,,68.63636974440715,71.42857142857143,0.10393492741038725,175.24910623762372,10.640000000000015,7.866600000000005,5.727896623735151,0.6582521354496025,5.287546713467708,0.6868611275228014,False,False,,12.279470129954628,,,104.88256275902077,1.6399243010052373,1.2022380804391446,0.2539284799804903,0.04178929686660038,0.08874439746463321,0.9529371702777394,False,16.446144752511678
static_preserving,0.0125,1200.0,train,False,False,,68.81585721818458,66.66666666666667,0.112833866731055,172.88052772277229,10.640000000000015,7.866700000000009,5.987257355671958,0.7618945955799794,5.878409586669303,1.098002703933764,False,False,,17.40147659460462,,,97.81475410527985,1.4929801900680388,1.1656193344609989,0.11438839491551621,0.007231385790315459,0.12311067905496795,1.0505938559150352,False,18.180085400294523
static_preserving,0.00625,50.0,validation,False,False,,16.59288819174028,,,88.47603910891087,4.506659999999982,3.4399999999999977,2.184103007371274,0.6691407284022073,0.7776928352686754,0.8665210934158273,False,False,,12.132792068114894,,,109.36624285577024,0.7870956910194735,0.6990737300151295,0.17151086620344905,0.3178668640915516,0.3315178239774942,0.30454008973371427,False,1.5386293822581967
static_preserving,0.00625,100.0,train,False,False,,21.226003790039126,,,171.14296732673267,6.653399999999976,5.14670000000001,4.090358672546572,0.8901813973975933,0.9150656917441401,1.7451000792986253,False,False,,11.526636910382928,,,203.91415072494206,0.5815483260842029,0.4693093534351078,0.18550518381523626,0.36768672960082394,0.3565301418636184,0.20726072551994063,False,3.9463308814551876
static_preserving,0.00625,150.0,validation,False,False,,17.027854461752234,,,240.26243993069306,4.719999999999999,4.066599999999994,2.4065785784750178,0.48714844380656364,2.324111649678154,1.797314945514776,False,False,,21.416718561804508,,,277.68989298251626,0.5759005898891019,0.4499560853573712,0.1468139377674893,0.3304428498263877,0.00842998434375655,0.07406994745867936,False,5.0426529384679375
static_preserving,0.00625,200.0,validation,False,False,,14.121006797082291,,,298.0920165049505,4.706700000000012,3.853400000000022,1.687863099515576,0.3631280196148142,0.7070865646397237,0.590863478684687,False,False,,20.924406064742904,,,332.0008073955831,0.9872637108388176,0.8309492417163824,0.38614491555835767,0.7807627334475864,0.11965953320788833,0.05137775458704287,False,4.545611950268434
static_preserving,0.00625,250.0,train,False,False,,13.909729776249218,,,319.4747234356435,3.213300000000004,2.3466999999999985,1.3934696545783074,0.43757227699848544,0.8715493461067155,0.22853602355318778,False,False,,17.19435650615853,,,364.00857486746594,0.5423137380484491,0.41091233675786043,0.16236430004404384,0.24839227983307866,0.2107718457742224,0.014594390518892086,False,6.288855589766019
static_preserving,0.00625,300.0,train,False,True,41.666666666666664,41.17354716074733,41.666666666666664,0.019372788525658838,232.71287096039606,94.32,91.11999999999998,91.62934044189902,0.9973613379044338,85.70107620440322,1.0964264844510925,True,True,38.46153846153846,38.04640729163666,38.46153846153846,0.0,266.5422853216651,262.9826498550958,256.8401969425325,244.51458960724335,0.8932492461302802,150.99474849778161,1.2808635514275437,True,6.103203904234641
static_preserving,0.00625,350.0,train,False,True,41.666666666666664,42.59623808525568,43.47826086956522,0.020203050891044214,189.93848151485153,103.75999999999999,100.32,101.37800303546058,0.9992535093816439,99.01077989235284,0.8631305790098773,True,True,47.61904761904762,48.586188528963575,47.61904761904762,0.020868082018902136,255.10484340403477,324.7760803476035,288.1440999542292,256.68841894990504,0.8415220184933276,174.6668452199,1.266573926316935,True,13.610060505570262
static_preserving,0.00625,400.0,validation,False,True,45.45454545454545,45.78749745855536,45.45454545454545,0.0,187.98507821782175,82.5333,79.10669999999999,79.67126040317783,0.999171608496318,79.51329549565885,0.9392545502728201,True,True,58.8235294117647,59.344952651019184,58.8235294117647,0.08748177652797064,233.91414283253457,333.48282190615674,295.5656612058325,234.73734755363643,0.7559425458227762,176.48335262807828,0.9431776904924888,True,10.390489424038726
static_preserving,0.00625,450.0,validation,False,True,50.0,48.92619450465454,50.0,0.021383343303319473,186.01927557425745,61.746700000000004,58.733299999999986,59.13906117380684,0.997776131632384,58.781232719878886,0.9440362412932626,True,True,66.66666666666667,65.62013862449245,66.66666666666667,0.024572175576920763,217.0717314030544,328.9632587374721,306.81035152456144,272.0386889568038,0.8221690045644061,143.69665199959002,1.1061668728380734,True,11.375303386700423
static_preserving,0.00625,500.0,train,False,True,52.63157894736842,51.495607711371065,51.282051282051285,0.02564102564102564,186.25742574257427,46.52000000000001,44.373399999999975,45.29791292626471,0.9988201902291101,45.34319193015342,0.8835421679522869,True,True,76.92307692307692,74.75576835453381,74.07407407407408,0.037037037037037035,200.32540447893874,315.499559069123,308.85565317595206,292.7104565499356,0.8550666392439819,287.52914723618807,1.0156384623530648,True,15.865811578682212
static_preserving,0.00625,550.0,validation,False,True,52.63157894736842,53.6089491692211,54.054054054054056,0.02702702702702703,185.11551221455443,37.293300000000016,34.51999999999998,35.18410234898925,0.9954051704281021,35.056765659189,0.9306635634943242,True,True,83.33333333333333,86.01757089391958,83.33333333333333,0.036852144841891005,182.1220307948847,276.79210832733054,271.93873531618897,263.4268376810908,0.8741715923370409,259.6944025894667,0.9974777707669954,True,19.792148161445443
static_preserving,0.00625,600.0,validation,False,True,55.55555555555556,55.75060542649025,55.55555555555556,0.03928371006591931,186.12897561089108,28.293299999999988,25.72,26.314903057035917,0.9904797389307746,26.32945985427494,0.8935844941062119,True,True,100.0,98.29719065982322,100.0,0.031081616755452644,170.8309356422154,205.6508072883367,201.86013759217602,199.88292091611683,0.9239457854444659,198.57249447762342,0.9590568547704934,True,23.65258599624684
static_preserving,0.00625,650.0,train,False,True,58.8235294117647,57.816988117809586,58.8235294117647,0.028155054514749176,184.09623894059408,21.226699999999994,19.079999999999984,18.960364167404826,0.9819604662361988,18.871919643331037,0.8980715178338963,True,True,111.11111111111111,111.20855521182847,111.11111111111111,0.0,160.17194310942514,79.39024014981331,71.03929307056785,69.72850207236743,0.9756869828774294,63.2161118511252,0.44443228989552247,False,23.011280076831877
static_preserving,0.00625,700.0,validation,False,True,58.8235294117647,59.54885392572425,58.8235294117647,0.025851504590580256,181.7120795346535,17.586600000000004,13.933400000000006,13.73426576294101,0.957064813754709,13.400827320726998,0.747723863660392,True,True,125.0,116.97648097252186,,,150.0599097545106,1.566037516095804,0.6034496810566736,0.41038708538381363,0.38443574340085673,0.3202113199379403,0.006077052246094151,False,28.43672243740944
static_preserving,0.00625,750.0,validation,False,True,62.5,61.042671449716536,62.5,0.04819277108433734,181.08356366336628,17.14670000000001,13.893399999999986,11.560285297594564,0.8747801353899631,11.629398297798542,0.9574870621121345,True,False,,26.6994844559804,,,142.25332655662697,0.7611373717165861,0.6573814492658698,0.15086684051419721,0.07548884846697157,0.02173668126906981,0.07263423231157344,False,41.14889993640247
static_preserving,0.00625,800.0,train,False,True,62.5,62.714561113294,62.5,0.282842712474619,180.88158613861387,11.093400000000003,9.253300000000024,6.232899194540934,0.6671750617132046,6.121509014013745,1.0284815188905327,True,False,,10.000006004103042,,,135.2949895532329,0.9100124307077806,0.7181504741575111,0.1860312243024309,0.03304426219242407,0.4983503564165822,0.5221215190349723,False,29.558991766842986
static_preserving,0.00625,850.0,validation,False,False,,63.789460782478756,62.5,0.051948051948051945,180.43775940594062,7.866600000000005,5.5467000000000155,2.9187351327310216,0.38335851225851936,2.7061719780214726,0.9674353448327867,False,False,,167.94920712429308,,,128.60243233344224,0.705641931531261,0.5652173559188896,0.08472896200533453,0.029786302850025592,0.051496939549564545,0.9752219941344199,False,9.273098236453245
static_preserving,0.00625,900.0,train,False,False,,12.636292359846257,71.42857142857143,0.2999423243289873,177.8838326732673,6.960000000000008,5.546599999999984,1.8441523911635787,0.1687017236880799,2.5628899687979594,1.1727903149983379,False,False,,18.021849566533767,,,122.94895690132303,0.7053423656843449,0.5692145220460816,0.067615930102409,0.015625111551455184,0.014858843021057165,1.1567303039548809,False,10.998197550629923
static_preserving,0.00625,950.0,validation,False,False,,66.23904210948616,74.07407407407408,0.3796013991310125,176.8031636633663,7.866700000000009,5.546599999999984,2.12122556036776,0.2057113460442389,1.4862732646115808,0.9525870434091936,False,False,,158.4701567621467,,,117.6057842394103,0.8068570295099846,0.6876015516622118,0.08058008040188126,0.01832001898456781,0.04665272516364424,1.2497714744892106,False,10.388841788047445
static_preserving,0.00625,1000.0,validation,False,False,,67.18766825547392,62.5,0.11291995079911113,174.85517851485147,7.866600000000005,6.026700000000005,3.479000333324883,0.4856249503723351,3.425418834092218,0.9134739298740897,False,False,,19.632967713021078,,,112.89680287887275,1.8663533685412403,1.6879297297737423,0.13901778533767065,0.007093750095196749,0.10005539841154458,0.910524777039874,False,11.835360393469747
static_preserving,0.00625,1100.0,validation,False,False,,68.63636974440715,71.42857142857143,0.10393492741038725,175.24910623762372,10.640000000000015,7.866600000000005,5.727896623735151,0.6582521354496025,5.287546713467708,0.6868611275228014,False,False,,12.711838189151075,,,104.89019969378425,1.6749347011220124,1.2258745829066697,0.25004020784960124,0.04319725748458825,0.05953163283892354,0.9582638344187624,False,16.502865754926546
static_preserving,0.00625,1200.0,train,False,False,,68.81585721818458,66.66666666666667,0.112833866731055,172.88052772277229,10.640000000000015,7.866700000000009,5.987257355671958,0.7618945955799794,5.878409586669303,1.098002703933764,False,False,,17.645542369656102,,,97.82365020686147,1.4868781237608317,1.1666684699180792,0.11719314413403456,0.007648383019621341,0.11529880281471877,1.0359221464757695,False,18.202401430526752
dynamic_diagnostic,0.025,50.0,validation,False,False,,16.59288819174028,,,88.47603910891087,4.506659999999982,3.4399999999999977,2.184103007371274,0.6691407284022073,0.7776928352686754,0.8665210934158273,False,False,,14.581336761503167,,,89.6587457080274,0.5927093670580774,0.5579523017046313,0.06127027268935739,0.2876441814346473,0.09083264542141921,0.033418365037634505,False,0.9128802958690116
dynamic_diagnostic,0.025,100.0,train,False,False,,21.226003790039126,,,171.14296732673267,6.653399999999976,5.14670000000001,4.090358672546572,0.8901813973975933,0.9150656917441401,1.7451000792986253,False,False,,10.000003689707144,,,167.18852918028318,0.2811696677305804,0.21412958335176313,0.17269049423513863,0.7603065862885143,0.2673040574619908,0.009008301188787914,False,3.2023664852969564
dynamic_diagnostic,0.025,150.0,validation,False,False,,17.027854461752234,,,240.26243993069306,4.719999999999999,4.066599999999994,2.4065785784750178,0.48714844380656364,2.324111649678154,1.797314945514776,False,False,,10.000003498264658,,,227.0947122116672,0.7075229138954171,0.5465297724246057,0.32574032047537954,0.7260306774807953,0.06768203899082713,0.006203340511218264,False,4.538142073913843
dynamic_diagnostic,0.025,200.0,validation,False,False,,14.121006797082291,,,298.0920165049505,4.706700000000012,3.853400000000022,1.687863099515576,0.3631280196148142,0.7070865646397237,0.590863478684687,False,False,,17.255994275838095,,,269.78622215944824,1.1729002746760102,1.1105835933497588,0.2562315328312626,0.7831824046752782,0.17794714629045275,0.018190228330573474,False,3.401919570129885
dynamic_diagnostic,0.025,250.0,train,False,False,,13.909729776249218,,,319.4747234356435,3.213300000000004,2.3466999999999985,1.3934696545783074,0.43757227699848544,0.8715493461067155,0.22853602355318778,False,False,,10.000003498264658,,,293.04713414426675,2.1431448429717648,1.4498819225240709,1.4949212837204142,0.8803806373189279,0.5846342481381933,0.016540433195567632,False,5.588983458394042
dynamic_diagnostic,0.025,300.0,train,False,True,41.666666666666664,41.17354716074733,41.666666666666664,0.019372788525658838,232.71287096039606,94.32,91.11999999999998,91.62934044189902,0.9973613379044338,85.70107620440322,1.0964264844510925,True,False,,14.476274524674336,,,267.3776596189755,18.269836930571586,17.184022044309017,11.297171442884617,0.773463314352764,5.71882124649732,0.03109420500522672,False,26.069905095417766
dynamic_diagnostic,0.025,350.0,train,False,True,41.666666666666664,42.59623808525568,43.47826086956522,0.020203050891044214,189.93848151485153,103.75999999999999,100.32,101.37800303546058,0.9992535093816439,99.01077989235284,0.8631305790098773,True,False,,16.355578787053997,,,268.49036308740244,242.39132749848585,223.1836232555412,209.05283417474223,0.8829159240435481,164.5514397061296,0.4028669215995068,False,17.752105997696134
dynamic_diagnostic,0.025,400.0,validation,False,True,45.45454545454545,45.78749745855536,45.45454545454545,0.0,187.98507821782175,82.5333,79.10669999999999,79.67126040317783,0.999171608496318,79.51329549565885,0.9392545502728201,True,True,20.833333333333332,20.426242008347963,,,230.421558333188,332.8692935940531,324.3453413855811,305.6034573646279,0.7936573502230312,312.8738068192905,0.7624329593997772,True,14.38804832161303
dynamic_diagnostic,0.025,450.0,validation,False,True,50.0,48.92619450465454,50.0,0.021383343303319473,186.01927557425745,61.746700000000004,58.733299999999986,59.13906117380684,0.997776131632384,58.781232719878886,0.9440362412932626,True,False,,24.480928901412973,,,213.7350551341066,339.78330620366904,330.50910189318574,298.1936034763178,0.8215359126050585,282.5148928197103,0.9442399940518393,True,13.914162286135028
dynamic_diagnostic,0.025,500.0,train,False,True,52.63157894736842,51.495607711371065,51.282051282051285,0.02564102564102564,186.25742574257427,46.52000000000001,44.373399999999975,45.29791292626471,0.9988201902291101,45.34319193015342,0.8835421679522869,True,True,27.77777777777778,28.047840750843598,,,194.7188100627869,331.4523573064256,326.0033323670548,317.9194311893341,0.8321930766675051,288.39143255937387,0.9541977767001731,True,18.676640379943354
dynamic_diagnostic,0.025,550.0,validation,False,True,52.63157894736842,53.6089491692211,54.054054054054056,0.02702702702702703,185.11551221455443,37.293300000000016,34.51999999999998,35.18410234898925,0.9954051704281021,35.056765659189,0.9306635634943242,True,True,31.25,31.00668404356314,31.25,0.0,179.1989407955474,312.43170205779234,309.04864542942596,302.28559596518147,0.8497357958949527,291.3134067133916,0.9567595041340462,True,21.648446081682767
dynamic_diagnostic,0.025,600.0,validation,False,True,55.55555555555556,55.75060542649025,55.55555555555556,0.03928371006591931,186.12897561089108,28.293299999999988,25.72,26.314903057035917,0.9904797389307746,26.32945985427494,0.8935844941062119,True,True,34.48275862068966,34.83533830818482,35.08771929824562,0.017543859649122806,187.31657178788384,264.44627119666427,245.10308115337406,235.9868643942013,0.9030661106210571,219.78185744293327,0.7639669685329326,True,21.608251939336583
dynamic_diagnostic,0.025,650.0,train,False,True,58.8235294117647,57.816988117809586,58.8235294117647,0.028155054514749176,184.09623894059408,21.226699999999994,19.079999999999984,18.960364167404826,0.9819604662361988,18.871919643331037,0.8980715178338963,True,True,43.47826086956522,44.26553858768061,43.47826086956522,0.020797258270192572,163.0152228455855,111.33913167053161,86.89473421699465,74.3216012459607,0.8805621909881153,51.99863732339,0.3709586576061125,False,12.248685426713624
dynamic_diagnostic,0.025,700.0,validation,False,True,58.8235294117647,59.54885392572425,58.8235294117647,0.025851504590580256,181.7120795346535,17.586600000000004,13.933400000000006,13.73426576294101,0.957064813754709,13.400827320726998,0.747723863660392,True,True,47.61904761904762,48.039660797875946,47.61904761904762,0.0,156.17008822310967,64.52670974885652,58.23576553393164,59.7076089264751,0.9824510833031469,50.61811373282027,0.24519682147154473,False,15.007006303791028
dynamic_diagnostic,0.025,750.0,validation,False,True,62.5,61.042671449716536,62.5,0.04819277108433734,181.08356366336628,17.14670000000001,13.893399999999986,11.560285297594564,0.8747801353899631,11.629398297798542,0.9574870621121345,True,True,50.0,50.19630506581944,50.0,0.02396972139615415,161.21083918354074,109.92689749097978,105.75726787079259,106.48680115549786,0.9726857160374093,103.6607211989175,0.9864498494929955,True,17.339841283547457
dynamic_diagnostic,0.025,800.0,train,False,True,62.5,62.714561113294,62.5,0.282842712474619,180.88158613861387,11.093400000000003,9.253300000000024,6.232899194540934,0.6671750617132046,6.121509014013745,1.0284815188905327,True,True,58.8235294117647,57.23306451380556,58.8235294117647,0.025102185616940248,154.37526806702738,10.017380337649826,8.496371217045606,7.808295793198862,0.9653336923083363,6.487788221042081,0.13935204816088625,False,10.371628549881606
dynamic_diagnostic,0.025,850.0,validation,False,False,,63.789460782478756,62.5,0.051948051948051945,180.43775940594062,7.866600000000005,5.5467000000000155,2.9187351327310216,0.38335851225851936,2.7061719780214726,0.9674353448327867,False,False,,60.70148983569551,,,132.97356418054673,0.6087709486807853,0.4149104240258623,0.17696242138670454,0.30700231816786927,0.08310995475465875,0.006047801245906994,False,8.810909449685102
dynamic_diagnostic,0.025,900.0,train,False,False,,12.636292359846257,71.42857142857143,0.2999423243289873,177.8838326732673,6.960000000000008,5.546599999999984,1.8441523911635787,0.1687017236880799,2.5628899687979594,1.1727903149983379,False,False,,30.779124239946736,,,127.28046775548141,0.33326436881753807,0.21829976944789564,0.10789880426456294,0.3410776415293507,0.08631343589476603,0.00468115403921855,False,9.682762123519469
dynamic_diagnostic,0.025,950.0,validation,False,False,,66.23904210948616,74.07407407407408,0.3796013991310125,176.8031636633663,7.866700000000009,5.546599999999984,2.12122556036776,0.2057113460442389,1.4862732646115808,0.9525870434091936,False,False,,32.39521969559586,,,121.84426703351834,0.28534172373657896,0.2384181677236228,0.09138173907889821,0.22937600416026116,0.039916688604037846,0.007427672461399425,False,10.043033040499632
dynamic_diagnostic,0.025,1000.0,validation,False,False,,67.18766825547392,62.5,0.11291995079911113,174.85517851485147,7.866600000000005,6.026700000000005,3.479000333324883,0.4856249503723351,3.425418834092218,0.9134739298740897,False,False,,19.138064053671613,,,117.06991087165461,0.597505051468616,0.4621144510656592,0.15196646890737264,0.10684171375207685,0.10862453070785094,0.022999608942505936,False,11.090803639937102
dynamic_diagnostic,0.025,1100.0,validation,False,False,,68.63636974440715,71.42857142857143,0.10393492741038725,175.24910623762372,10.640000000000015,7.866600000000005,5.727896623735151,0.6582521354496025,5.287546713467708,0.6868611275228014,False,False,,13.494792872741089,,,108.4329564350063,0.6690386396423378,0.5576368800082747,0.24111716414407022,0.36428547758085206,0.21854525186744192,0.059051055939478306,False,14.762170756146462
dynamic_diagnostic,0.025,1200.0,train,False,False,,68.81585721818458,66.66666666666667,0.112833866731055,172.88052772277229,10.640000000000015,7.866700000000009,5.987257355671958,0.7618945955799794,5.878409586669303,1.098002703933764,False,False,,30.62967240476404,,,101.96974689842969,0.7305153856056563,0.51635570149611,0.13490902047305778,0.08563553146199676,0.06739111911657786,0.10134400565880175,False,16.558473824637794
dynamic_diagnostic,0.0125,50.0,validation,False,False,,16.59288819174028,,,88.47603910891087,4.506659999999982,3.4399999999999977,2.184103007371274,0.6691407284022073,0.7776928352686754,0.8665210934158273,False,False,,15.454715748427985,,,89.68359523852091,0.6189652348557644,0.5800497293861042,0.05793422915008432,0.2593193990564526,0.07932637716101204,0.033708007479534036,False,0.8938505207482017
dynamic_diagnostic,0.0125,100.0,train,False,False,,21.226003790039126,,,171.14296732673267,6.653399999999976,5.14670000000001,4.090358672546572,0.8901813973975933,0.9150656917441401,1.7451000792986253,False,False,,10.000004212768292,,,167.22420875612363,0.24537708229854616,0.21177547156349874,0.15921415739269554,0.7295042034604798,0.2039499023272937,0.009488379544012649,False,3.2243765638372035
dynamic_diagnostic,0.0125,150.0,validation,False,False,,17.027854461752234,,,240.26243993069306,4.719999999999999,4.066599999999994,2.4065785784750178,0.48714844380656364,2.324111649678154,1.797314945514776,False,False,,10.000003498264658,,,227.05175865399883,0.7645945127832476,0.6040631503539942,0.34231110565875517,0.7690630206300226,0.07357065376194882,0.005772532373356359,False,4.553470285614546
dynamic_diagnostic,0.0125,200.0,validation,False,False,,14.121006797082291,,,298.0920165049505,4.706700000000012,3.853400000000022,1.687863099515576,0.3631280196148142,0.7070865646397237,0.590863478684687,False,False,,17.81770168453503,,,269.78221005838896,1.2303889615712933,1.1732867691064257,0.22894248208982976,0.7032718613710698,0.15647764459440966,0.0202402028816827,False,3.3693760652512683
dynamic_diagnostic,0.0125,250.0,train,False,False,,13.909729776249218,,,319.4747234356435,3.213300000000004,2.3466999999999985,1.3934696545783074,0.43757227699848544,0.8715493461067155,0.22853602355318778,False,False,,10.000003498264658,,,293.0408691647638,2.1440985224332394,1.4430279398031303,1.4623241085709413,0.8633234342160647,0.48055863982208885,0.014711458543592595,False,5.599952335492665
dynamic_diagnostic,0.0125,300.0,train,False,True,41.666666666666664,41.17354716074733,41.666666666666664,0.019372788525658838,232.71287096039606,94.32,91.11999999999998,91.62934044189902,0.9973613379044338,85.70107620440322,1.0964264844510925,True,False,,14.42359819502808,,,267.1259400496636,18.108069916684656,17.06636254465994,11.172343949196845,0.7761214406371715,5.5980451325497596,0.031009519431361154,False,26.187387222271802
dynamic_diagnostic,0.0125,350.0,train,False,True,41.666666666666664,42.59623808525568,43.47826086956522,0.020203050891044214,189.93848151485153,103.75999999999999,100.32,101.37800303546058,0.9992535093816439,99.01077989235284,0.8631305790098773,True,False,,16.334023444992688,,,268.8156554854588,238.99916006389395,220.99938843050828,205.3736763553503,0.8845834268063705,159.44139385597936,0.39537122988168777,False,17.86320808273789
dynamic_diagnostic,0.0125,400.0,validation,False,True,45.45454545454545,45.78749745855536,45.45454545454545,0.0,187.98507821782175,82.5333,79.10669999999999,79.67126040317783,0.999171608496318,79.51329549565885,0.9392545502728201,True,True,20.833333333333332,20.40933932821877,,,230.78181479043212,331.3932405788357,321.3428580171641,303.2938109526209,0.7916516811253578,303.40581261985255,0.7563560671893829,True,14.374913649406196
dynamic_diagnostic,0.0125,450.0,validation,False,True,50.0,48.92619450465454,50.0,0.021383343303319473,186.01927557425745,61.746700000000004,58.733299999999986,59.13906117380684,0.997776131632384,58.781232719878886,0.9440362412932626,True,False,,24.52479075667947,,,215.54170125402916,338.73839185680936,328.31557984358335,296.8788564900124,0.8249072484095177,288.53827358452634,0.9371607610680827,True,14.029647808990786
dynamic_diagnostic,0.0125,500.0,train,False,True,52.63157894736842,51.495607711371065,51.282051282051285,0.02564102564102564,186.25742574257427,46.52000000000001,44.373399999999975,45.29791292626471,0.9988201902291101,45.34319193015342,0.8835421679522869,True,True,27.77777777777778,28.09958654662772,,,194.69945460300406,330.4338671937276,325.3248861524421,316.74172471774216,0.8292886412361128,286.62033598659616,0.9475273123089828,True,18.415322967229642
dynamic_diagnostic,0.0125,550.0,validation,False,True,52.63157894736842,53.6089491692211,54.054054054054056,0.02702702702702703,185.11551221455443,37.293300000000016,34.51999999999998,35.18410234898925,0.9954051704281021,35.056765659189,0.9306635634943242,True,True,31.25,31.157469916799787,31.25,0.0,179.33200569934317,310.5931621634487,305.83780129015196,299.1413918412703,0.857234459985652,286.6458145256601,0.9537333318037688,True,21.205986525327738
dynamic_diagnostic,0.0125,600.0,validation,False,True,55.55555555555556,55.75060542649025,55.55555555555556,0.03928371006591931,186.12897561089108,28.293299999999988,25.72,26.314903057035917,0.9904797389307746,26.32945985427494,0.8935844941062119,True,True,34.48275862068966,34.97193619245036,34.48275862068966,0.01644434374852436,184.8499591972848,253.9163573056149,226.55935996101707,202.73791200308992,0.8742488166670797,171.70474001214893,0.6442366977549251,True,20.259188785386726
dynamic_diagnostic,0.0125,650.0,train,False,True,58.8235294117647,57.816988117809586,58.8235294117647,0.028155054514749176,184.09623894059408,21.226699999999994,19.079999999999984,18.960364167404826,0.9819604662361988,18.871919643331037,0.8980715178338963,True,True,45.45454545454545,46.49876279815412,47.61904761904762,0.02209708691207961,165.40072376868582,25.455472993750476,21.01988694425029,19.788750591476077,0.9639720950866549,16.59810192748569,0.061227971293462545,False,16.24009702389137
dynamic_diagnostic,0.0125,700.0,validation,False,True,58.8235294117647,59.54885392572425,58.8235294117647,0.025851504590580256,181.7120795346535,17.586600000000004,13.933400000000006,13.73426576294101,0.957064813754709,13.400827320726998,0.747723863660392,True,True,47.61904761904762,48.19852095804279,47.61904761904762,0.020868082018902136,155.47581919337352,35.71784277124581,34.622277333178914,35.507157034056874,0.9919279755144136,34.5200818276733,0.13951268406343686,False,15.356683953740761
dynamic_diagnostic,0.0125,750.0,validation,False,True,62.5,61.042671449716536,62.5,0.04819277108433734,181.08356366336628,17.14670000000001,13.893399999999986,11.560285297594564,0.8747801353899631,11.629398297798542,0.9574870621121345,True,True,50.0,50.23975057476534,50.0,0.02396972139615415,161.30681854211744,108.67706626626796,105.54526232170888,105.70752580434149,0.9724725170056774,103.14518891968818,1.0163466845755427,True,17.094139582636647
dynamic_diagnostic,0.0125,800.0,train,False,True,62.5,62.714561113294,62.5,0.282842712474619,180.88158613861387,11.093400000000003,9.253300000000024,6.232899194540934,0.6671750617132046,6.121509014013745,1.0284815188905327,True,True,58.8235294117647,57.50122777984495,57.142857142857146,0.02857142857142857,153.14190536942166,12.65721156296894,9.974095896672623,8.79194322766853,0.9300134999345157,6.678784086251385,0.14542556548175103,False,10.921877032752132
dynamic_diagnostic,0.0125,850.0,validation,False,False,,63.789460782478756,62.5,0.051948051948051945,180.43775940594062,7.866600000000005,5.5467000000000155,2.9187351327310216,0.38335851225851936,2.7061719780214726,0.9674353448327867,False,False,,61.74481382597462,,,133.0079796696342,0.5025866990006307,0.34046133876000795,0.18274573777231834,0.40890383254758,0.18874484609194558,0.0075467210756932105,False,8.968798517939105
dynamic_diagnostic,0.0125,900.0,train,False,False,,12.636292359846257,71.42857142857143,0.2999423243289873,177.8838326732673,6.960000000000008,5.546599999999984,1.8441523911635787,0.1687017236880799,2.5628899687979594,1.1727903149983379,False,False,,65.18522974874747,,,127.31720958765077,0.3431429742190488,0.25354267710669376,0.0850279205960024,0.19662993308112842,0.09110569778482214,0.004679787202435679,False,9.939389691805905
dynamic_diagnostic,0.0125,950.0,validation,False,False,,66.23904210948616,74.07407407407408,0.3796013991310125,176.8031636633663,7.866700000000009,5.546599999999984,2.12122556036776,0.2057113460442389,1.4862732646115808,0.9525870434091936,False,False,,32.69265146225021,,,121.84652293084058,0.31640159345158736,0.22201832759135698,0.06784163181695313,0.1369857251044969,0.047709154831655144,0.007321255078901968,False,9.998125222086701
dynamic_diagnostic,0.0125,1000.0,validation,False,False,,67.18766825547392,62.5,0.11291995079911113,174.85517851485147,7.866600000000005,6.026700000000005,3.479000333324883,0.4856249503723351,3.425418834092218,0.9134739298740897,False,False,,18.1632673721667,,,117.14560301840484,0.591896497503754,0.46849121312183684,0.14707486845587758,0.09902930075528638,0.10576922654630104,0.022928103621902226,False,11.28438668733444
dynamic_diagnostic,0.0125,1100.0,validation,False,False,,68.63636974440715,71.42857142857143,0.10393492741038725,175.24910623762372,10.640000000000015,7.866600000000005,5.727896623735151,0.6582521354496025,5.287546713467708,0.6868611275228014,False,False,,13.45321661087174,,,108.4518638669382,0.6827993433101653,0.5242888254642537,0.23710106417861268,0.36237724037887575,0.24265745598633304,0.05855626629782486,False,14.752439949136923
dynamic_diagnostic,0.0125,1200.0,train,False,False,,68.81585721818458,66.66666666666667,0.112833866731055,172.88052772277229,10.640000000000015,7.866700000000009,5.987257355671958,0.7618945955799794,5.878409586669303,1.098002703933764,False,False,,30.341827633954715,,,101.96738026502773,0.7339500874906122,0.5258626372252451,0.13529935812203878,0.08357263255458747,0.0637613889634986,0.10725410657257693,False,16.571372056377957
dynamic_diagnostic,0.00625,50.0,validation,False,False,,16.59288819174028,,,88.47603910891087,4.506659999999982,3.4399999999999977,2.184103007371274,0.6691407284022073,0.7776928352686754,0.8665210934158273,False,False,,16.277182391862702,,,89.74299746324424,0.6409221027945335,0.5974912831479742,0.05579650593458225,0.24530231814453585,0.07112723035436495,0.033888142875013454,False,0.8822806986253711
dynamic_diagnostic,0.00625,100.0,train,False,False,,21.226003790039126,,,171.14296732673267,6.653399999999976,5.14670000000001,4.090358672546572,0.8901813973975933,0.9150656917441401,1.7451000792986253,False,False,,10.000006229562741,,,167.31157972181163,0.2630355603540693,0.2292994292901085,0.12480753881825334,0.6184247471345236,0.18026753067235968,0.009865940205421243,False,3.24502401085989
dynamic_diagnostic,0.00625,150.0,validation,False,False,,17.027854461752234,,,240.26243993069306,4.719999999999999,4.066599999999994,2.4065785784750178,0.48714844380656364,2.324111649678154,1.797314945514776,False,False,,10.000003498264658,,,227.0841992193892,0.7599900413303544,0.6025292179640473,0.3081192276306109,0.7434245631308181,0.09202103515622607,0.004482809004443797,False,4.551101092611727
dynamic_diagnostic,0.00625,200.0,validation,False,False,,14.121006797082291,,,298.0920165049505,4.706700000000012,3.853400000000022,1.687863099515576,0.3631280196148142,0.7070865646397237,0.590863478684687,False,False,,19.077069199947502,,,269.75512269568776,1.2162330431909822,1.1459598477118789,0.22342324328866434,0.8658554589276611,0.1979428578148699,0.02273525784259741,False,3.338251375846885
dynamic_diagnostic,0.00625,250.0,train,False,False,,13.909729776249218,,,319.4747234356435,3.213300000000004,2.3466999999999985,1.3934696545783074,0.43757227699848544,0.8715493461067155,0.22853602355318778,False,False,,10.000003498264658,,,293.11184265577975,2.0263197167150224,1.339435083832143,1.2058653643065798,0.7807384173939037,0.34750585295736375,0.006717660815528217,False,5.632599244743497
dynamic_diagnostic,0.00625,300.0,train,False,True,41.666666666666664,41.17354716074733,41.666666666666664,0.019372788525658838,232.71287096039606,94.32,91.11999999999998,91.62934044189902,0.9973613379044338,85.70107620440322,1.0964264844510925,True,False,,14.446672841023906,,,267.02801729113384,18.013358184297488,17.007175062628818,11.131953659872718,0.778915978761926,5.67168223105845,0.03157834456482375,False,26.114445171354333
dynamic_diagnostic,0.00625,350.0,train,False,True,41.666666666666664,42.59623808525568,43.47826086956522,0.020203050891044214,189.93848151485153,103.75999999999999,100.32,101.37800303546058,0.9992535093816439,99.01077989235284,0.8631305790098773,True,False,,16.32516984018508,,,268.96033854566105,237.34913960357204,219.87461462445322,203.69837125019183,0.8852919829779436,157.367315646951,0.39196754144135154,False,17.916512418179387
dynamic_diagnostic,0.00625,400.0,validation,False,True,45.45454545454545,45.78749745855536,45.45454545454545,0.0,187.98507821782175,82.5333,79.10669999999999,79.67126040317783,0.999171608496318,79.51329549565885,0.9392545502728201,True,True,20.833333333333332,20.401153978705533,,,230.9326090600685,330.687261971039,321.96298047364996,302.21739540366883,0.7903597756672491,298.3585258615812,0.7533699685483664,True,14.36345693890907
dynamic_diagnostic,0.00625,450.0,validation,False,True,50.0,48.92619450465454,50.0,0.021383343303319473,186.01927557425745,61.746700000000004,58.733299999999986,59.13906117380684,0.997776131632384,58.781232719878886,0.9440362412932626,True,False,,24.56352535462922,,,216.34756577610784,337.55430303923214,330.3539884870625,296.4129747030385,0.8230760365516318,291.7626941841312,0.9407898125565899,True,14.065311122585808
dynamic_diagnostic,0.00625,500.0,train,False,True,52.63157894736842,51.495607711371065,51.282051282051285,0.02564102564102564,186.25742574257427,46.52000000000001,44.373399999999975,45.29791292626471,0.9988201902291101,45.34319193015342,0.8835421679522869,True,True,27.77777777777778,28.132236825185437,,,194.48240672502573,329.5363817819563,324.2006259459812,316.04941577748576,0.8326856332115036,285.7063797574418,0.9474747192282409,True,18.31573395114112
dynamic_diagnostic,0.00625,550.0,validation,False,True,52.63157894736842,53.6089491692211,54.054054054054056,0.02702702702702703,185.11551221455443,37.293300000000016,34.51999999999998,35.18410234898925,0.9954051704281021,35.056765659189,0.9306635634943242,True,True,31.25,31.231942815585924,31.746031746031747,0.015873015873015872,179.62969839342907,309.6324778354226,305.3107698729908,297.20160601510463,0.8608852039660266,284.2937294812975,0.9492762812391269,True,20.992119256518833
dynamic_diagnostic,0.00625,600.0,validation,False,True,55.55555555555556,55.75060542649025,55.55555555555556,0.03928371006591931,186.12897561089108,28.293299999999988,25.72,26.314903057035917,0.9904797389307746,26.32945985427494,0.8935844941062119,True,True,35.08771929824562,35.63739642270401,35.714285714285715,0.0800091444247884,188.0441480980149,249.48584023766128,223.42875860840292,179.37354211643898,0.82120977007149,128.10650130496143,0.5330523235574159,True,18.830914763263436
dynamic_diagnostic,0.00625,650.0,train,False,True,58.8235294117647,57.816988117809586,58.8235294117647,0.028155054514749176,184.09623894059408,21.226699999999994,19.079999999999984,18.960364167404826,0.9819604662361988,18.871919643331037,0.8980715178338963,True,True,45.45454545454545,46.687360342000694,47.61904761904762,0.02209708691207961,165.75628717579534,34.58529371138704,26.788403821229764,23.938600272109223,0.9341981779259618,18.784545857156427,0.07068801033285022,False,15.946502452743806
dynamic_diagnostic,0.00625,700.0,validation,False,True,58.8235294117647,59.54885392572425,58.8235294117647,0.025851504590580256,181.7120795346535,17.586600000000004,13.933400000000006,13.73426576294101,0.957064813754709,13.400827320726998,0.747723863660392,True,True,47.61904761904762,48.3425321251689,47.61904761904762,0.020868082018902136,155.03187730427527,21.207273732148906,19.84371377140559,20.32818694187037,0.9925440620584103,19.81931292038912,0.07776456984958831,False,16.02781127579266
dynamic_diagnostic,0.00625,750.0,validation,False,True,62.5,61.042671449716536,62.5,0.04819277108433734,181.08356366336628,17.14670000000001,13.893399999999986,11.560285297594564,0.8747801353899631,11.629398297798542,0.9574870621121345,True,True,50.0,50.257945369657655,50.0,0.0,161.33729610261267,107.44832194553511,104.5387760340807,105.21237590725173,0.9720940544298663,101.57549531691812,1.0397299849920807,True,16.959951872806364
dynamic_diagnostic,0.00625,800.0,train,False,True,62.5,62.714561113294,62.5,0.282842712474619,180.88158613861387,11.093400000000003,9.253300000000024,6.232899194540934,0.6671750617132046,6.121509014013745,1.0284815188905327,True,True,58.8235294117647,57.541195967874096,58.8235294117647,0.025102185616940248,152.51255423761341,13.085526717470685,9.794121748618267,8.608119964995051,0.9077251277017551,6.2088884774426365,0.14030966419857072,False,11.396511828111677
dynamic_diagnostic,0.00625,850.0,validation,False,False,,63.789460782478756,62.5,0.051948051948051945,180.43775940594062,7.866600000000005,5.5467000000000155,2.9187351327310216,0.38335851225851936,2.7061719780214726,0.9674353448327867,False,False,,20.02438240715302,,,133.03912633814343,0.3733187567683558,0.23743393764368648,0.12475573632002017,0.40171638769598705,0.06924492909392682,0.003482341398816291,False,9.934519666678872
dynamic_diagnostic,0.00625,900.0,train,False,False,,12.636292359846257,71.42857142857143,0.2999423243289873,177.8838326732673,6.960000000000008,5.546599999999984,1.8441523911635787,0.1687017236880799,2.5628899687979594,1.1727903149983379,False,False,,16.86275296172975,,,127.28757014257248,0.9030842620218777,0.5895495297123006,0.1597336234895446,0.10568664463038457,0.19144216224150337,0.005946244134758622,False,10.465357366106312
dynamic_diagnostic,0.00625,950.0,validation,False,False,,66.23904210948616,74.07407407407408,0.3796013991310125,176.8031636633663,7.866700000000009,5.546599999999984,2.12122556036776,0.2057113460442389,1.4862732646115808,0.9525870434091936,False,False,,36.27517186298204,,,121.84601880087995,0.46914622027699693,0.29925425048074317,0.13659566978750542,0.2884812303269244,0.08484788963104103,0.01048735338194886,False,10.085325666304442
dynamic_diagnostic,0.00625,1000.0,validation,False,False,,67.18766825547392,62.5,0.11291995079911113,174.85517851485147,7.866600000000005,6.026700000000005,3.479000333324883,0.4856249503723351,3.425418834092218,0.9134739298740897,False,False,,18.673023405936146,,,117.1404272951549,0.6493838171602988,0.47642279355203243,0.15009402336450536,0.09326508613095674,0.1702450819805791,0.02486996040835172,False,11.237298231170465
dynamic_diagnostic,0.00625,1100.0,validation,False,False,,68.63636974440715,71.42857142857143,0.10393492741038725,175.24910623762372,10.640000000000015,7.866600000000005,5.727896623735151,0.6582521354496025,5.287546713467708,0.6868611275228014,False,False,,15.043069705717196,,,108.48268649090424,0.8031934193545993,0.6169080747122422,0.24823700267406099,0.33603129934969134,0.12205382341326147,0.077790976852136,False,14.587561182327171
dynamic_diagnostic,0.00625,1200.0,train,False,False,,68.81585721818458,66.66666666666667,0.112833866731055,172.88052772277229,10.640000000000015,7.866700000000009,5.987257355671958,0.7618945955799794,5.878409586669303,1.098002703933764,False,False,,29.589176876610857,,,101.98380893856313,0.6851191376917996,0.5547345028958546,0.17299193752274794,0.12953423767077998,0.0642206140868346,0.11311229022935002,False,16.53496102187244
