source_file,nominal_drive_mV,time_ns,current_corrected_uA,voltage_corrected_mV,current_smoothed_uA,voltage_smoothed_mV,voltage_slew_mV_per_ns,capacitive_current_uA,resistive_current_uA,effective_resistance_ohm,power_mW,temperature_inferred_K,temperature_model_K,fit_window,included_in_primary_fit
100mv0_converted.csv,100.0,-50.0,0.9320126298230598,0.42666700000000013,0.535265607200946,0.18917193939393998,-0.018101287878788203,-0.007059502272727399,0.5423251094736734,348.81648680720565,1.0259269274116561e-07,338.93269717508866,314.4,False,True
100mv0_converted.csv,100.0,-49.0,-0.37068610123716983,0.0,0.16788460814029998,0.17107065151515177,0.015087788961038656,0.005884237694805076,0.1620003704454949,1055.9892612881931,2.7713508917806747e-08,335.6880275740282,314.4000013003925,False,True
100mv0_converted.csv,100.0,-48.0,-0.7519637786206501,-0.2133339999999997,-0.08388891230037665,0.2193475173160173,0.08146594264069237,0.03177171762987003,-0.11566062993024667,,-2.536987202640625e-08,,314.40000122103385,False,True
100mv0_converted.csv,100.0,-47.0,0.19063883869173992,0.21333300000000044,-0.2200549541210841,0.3340025367965365,0.14784409632034579,0.05765919756493486,-0.277714151686019,,-9.275723116742848e-08,,314.3999999345565,False,True
100mv0_converted.csv,100.0,-46.0,1.1226514685147997,1.2799999999999994,-0.24061351732182162,0.5150357099567089,0.27978074675324593,0.10911449123376592,-0.34972800855558756,,-1.8012241317817298e-07,,314.39999718478145,False,True
100mv0_converted.csv,100.0,-45.0,-0.5613249399289102,0.8533329999999992,0.162579837965581,0.8935640303030284,0.3552382835497828,0.1385429305844153,0.024036907381165706,37174.66711225867,2.147851583553504e-08,,314.39999582382785,False,True
100mv0_converted.csv,100.0,-44.0,-0.7519637786206501,0.8533329999999992,0.2615213677373821,1.2255122770562745,0.26034644155844117,0.10153511220779206,0.15998625552959006,7660.1097575510885,1.960651203117749e-07,,314.39999834193986,False,True
100mv0_converted.csv,100.0,-43.0,0.3706868955656599,1.066666999999999,-0.0971986974044308,1.4142569134199108,0.10715729437229427,0.041791344805194766,-0.13899004220962557,,-1.9656762809148815e-07,,314.39999840891124,False,True
100mv0_converted.csv,100.0,-42.0,1.1226514685147997,2.146667,-0.2908178119052488,1.439826865800863,0.1671861948051947,0.06520261597402593,-0.35602042787927474,,-5.126077768344983e-07,,314.39999135619695,False,True
100mv0_converted.csv,100.0,-41.0,-0.7519637786206501,1.7199999999999998,0.15171368205901367,1.7486293030303002,0.26126993290043266,0.10189527383116874,0.04981840822784493,35100.063716065124,8.711392845753546e-08,,314.39998779439776,False,True
100mv0_converted.csv,100.0,-40.0,-0.9320118354945701,1.7199999999999998,0.2264470709437614,1.9623667316017284,0.16730163636363615,0.0652476381818181,0.16119943276194332,12173.533727626198,3.1633240400510725e-07,,314.399992781831,False,True
100mv0_converted.csv,100.0,-39.0,0.5613257342573998,1.7199999999999998,-0.17284914025546122,2.0832325757575725,0.021962474025974066,0.008565364870129885,-0.1814145051255911,,-3.7792860679257044e-07,,314.3999926066724,False,True
100mv0_converted.csv,100.0,-38.0,1.1226514685147997,2.573334,-0.2484078054981818,2.0062916796536765,0.037258322510822506,0.014530745779220778,-0.26293855127740257,,-5.275314276880442e-07,,314.39998403079016,False,True
100mv0_converted.csv,100.0,-37.0,-0.7519637786206501,2.146667,0.24134789292761047,2.1577492207792175,0.13021649350649334,0.050784432467532406,0.19056346046007805,11322.995581470634,4.111881583167246e-07,,314.3999841619257,False,True
100mv0_converted.csv,100.0,-36.0,-0.9320118354945701,2.146667,0.3088372466476767,2.266724666666663,0.07711399350649328,0.030074457467532383,0.2787627891801443,8131.374611845495,6.318784903834318e-07,,314.3999958470574,False,True
100mv0_converted.csv,100.0,-35.0,0.9320126298230598,1.9333329999999993,-0.1400672617425026,2.311977207792204,-0.04109674891774895,-0.016027732077922092,-0.12403952966458053,,-2.8677656544977514e-07,,314.3999995052404,False,True
100mv0_converted.csv,100.0,-34.0,0.9320126298230598,2.573334,-0.21044503113570143,2.1845311688311653,-0.03509390259740264,-0.013686622012987029,-0.1967584091227144,,-4.298248774582038e-07,,314.3999923191053,False,True
100mv0_converted.csv,100.0,-33.0,-0.7519637786206501,2.3599999999999994,0.27573447661617795,2.241789402597399,0.02862910606060587,0.01116535136363629,0.26456912525254167,8473.359846722562,5.931082612456118e-07,,314.3999946598103,False,True
100mv0_converted.csv,100.0,-32.0,-0.9320118354945701,2.146667,0.2882053376983542,2.241789380952377,0.00046180519480532034,0.00018010402597407494,0.28802523367238014,7783.308956542133,6.456919102930688e-07,,314.4000075153691,False,True
100mv0_converted.csv,100.0,-31.0,0.9320126298230598,1.9333329999999993,-0.215717663329715,2.2427130129870094,-0.07434344805194781,-0.02899394474025965,-0.18672371858945536,,-4.1876771351389584e-07,,314.4000091044762,False,True
100mv0_converted.csv,100.0,-30.0,0.9320126298230598,2.3599999999999994,-0.2188353786002591,2.0931024848484814,-0.07203468181818184,-0.02809352590909092,-0.19074185269116817,,-3.9924224583248707e-07,,314.4000002104109,False,True
100mv0_converted.csv,100.0,-29.0,-0.9320118354945701,2.146667,0.21883617292874877,2.0986436493506457,0.037864344155844165,0.014767094220779224,0.20406907870796953,10283.986494366856,4.282682760593173e-07,,314.4000005931057,False,True
100mv0_converted.csv,100.0,-28.0,-0.9320118354945701,2.146667,0.19935045248784838,2.1688311731601697,0.04617606060606061,0.018008663636363637,0.18134178885148475,11959.908341570395,3.932997246577294e-07,,314.40000880435053,False,True
100mv0_converted.csv,100.0,-27.0,0.9320126298230598,1.9333329999999993,-0.26092453475260396,2.190995770562767,-0.02585856060606062,-0.010084838636363643,-0.2508396961162403,,-5.495887132799321e-07,,314.40000646124025,False,True
100mv0_converted.csv,100.0,-26.0,0.7519645729491398,2.3599999999999994,-0.2562479618467879,2.1171140519480485,-0.0023088614718616007,-0.0009004559740260243,-0.25534750587276184,,-5.405997928131108e-07,,314.39999502481635,False,True
100mv0_converted.csv,100.0,-25.0,-0.9320118354945701,2.3599999999999994,0.17110764552351326,2.1863780476190438,0.1288311536796536,0.0502441499350649,0.12086349558844836,18089.64763905115,2.6425329351308463e-07,,314.39999271774855,False,True
100mv0_converted.csv,100.0,-24.0,-0.7519637786206501,2.146667,0.16065413811188686,2.3747763593073556,0.20086593290043275,0.07833771383116878,0.08231642428071809,28849.36244568663,1.9548309836456331e-07,,314.399997868951,False,True
100mv0_converted.csv,100.0,-23.0,0.7519645729491398,2.3599999999999994,-0.20641044758605573,2.5881099134199093,0.17670998917748904,0.06891689577922072,-0.2753273433652764,,-7.125774267992391e-07,,314.3999927110653,False,True
100mv0_converted.csv,100.0,-22.0,0.7519645729491398,3.0,-0.1406632900828372,2.7281963376623337,0.2717748095238093,0.10599217571428562,-0.24665546579712283,,-6.729245384521075e-07,,314.3999793257463,False,True
100mv0_converted.csv,100.0,-21.0,-0.5613249399289102,3.426667,0.33148645081047345,3.131659532467528,0.5199422900432893,0.20277749311688284,0.12870895769359061,24331.325407225144,4.030726342750928e-07,,314.3999782789311,False,True
100mv0_converted.csv,100.0,-20.0,-0.37068610123716983,3.426667,0.4324451382496901,3.7680809177489123,0.6457143484848475,0.25182859590909057,0.18061654234059954,20862.324507592522,6.805777466234015e-07,,314.39999081410065,False,True
100mv0_converted.csv,100.0,-19.0,0.9320126298230598,4.066666,0.2087034917012852,4.423088229437223,0.6520346515151509,0.2542935140909089,-0.0455900223896237,,-2.0164869141132404e-07,,314.3999961943009,False,True
100mv0_converted.csv,100.0,-18.0,1.3132895128780504,5.573334,0.36486401379861805,5.072150220779214,0.8529292207792198,0.33264239610389573,0.032221617694722315,157414.5118607747,1.6343288530414921e-07,,314.39999613828,False,True
100mv0_converted.csv,100.0,-17.0,0.19063883869173992,6.426667,0.958466918496306,6.128946670995663,1.242481893939392,0.4845679386363629,0.47389897985994317,12933.023558748788,2.904501575000839e-06,,314.40002761943225,False,True
100mv0_converted.csv,100.0,-16.0,0.3706868955656599,7.08,1.292016113177022,7.557114008657998,1.4560173160173133,0.5678467532467523,0.7241693599302698,10435.561661136384,5.4726304145699375e-06,,314.4001101276402,False,True
100mv0_converted.csv,100.0,-15.0,2.0546633040093703,8.573333,1.3407536234575153,9.04098130303029,1.5354399372294352,0.5988215755194798,0.7419320479380355,12185.726884499498,6.707793773526751e-06,,314.4002246035478,False,True
100mv0_converted.csv,100.0,-14.0,2.80662787695852,11.36,1.7850274030435638,10.627993883116869,1.8859451082251057,0.7355185922077913,1.0495088108357726,10126.636168640933,1.1154173221839848e-05,,314.40038815220277,False,True
100mv0_converted.csv,100.0,-13.0,2.0546633040093703,13.08,2.832714814492913,12.8128715194805,2.402136268398264,0.9368331446753231,1.8958816698175898,6758.265414693987,2.429168825151093e-05,,314.4007175115449,False,True
100mv0_converted.csv,100.0,-12.0,2.61598903826677,14.786667,3.692652686657085,15.432266419913397,2.667013781385278,1.0401353747402584,2.652517311916826,5817.970103562249,4.0934353840932986e-05,285.370953021138,314.4013223763679,False,True
100mv0_converted.csv,100.0,-11.0,5.05192684234565,17.786667,4.322522206166579,18.146899082251057,2.8101304502164464,1.095950875584414,3.226571330582165,5624.205146264918,5.855226431775906e-05,286.4658943308316,314.40222710605735,False,True
100mv0_converted.csv,100.0,-10.0,6.54526441209762,21.86667,5.355263584242271,21.05252732034629,3.2776623225108175,1.278288305779219,4.076975278463053,5163.761338352466,8.583063343421983e-05,289.26523898771586,314.4035175843276,False,True
100mv0_converted.csv,100.0,-9.0,6.1745830768314205,24.86667,7.022917855687875,24.702223727272692,3.888397467532462,1.5164750123376602,5.506442843350214,4486.058319320252,0.00013602138305787655,293.9993907516992,314.40549447914475,False,True
100mv0_converted.csv,100.0,-8.0,7.487870206724019,28.08,8.463025048770817,28.829322255411213,4.1738811515151415,1.6278136490909052,6.8352113996799115,4217.766001613538,0.0001970545121252325,296.12456454699475,314.40844486606665,False,True
100mv0_converted.csv,100.0,-7.0,10.29449490636852,32.8,9.680308319808661,33.049986030302975,4.3517164913419855,1.6971694316233743,7.983138888185287,4139.973823982391,0.0002638426287324922,296.7722606425468,314.4124630147135,False,True
100mv0_converted.csv,100.0,-6.0,12.53979943205512,38.373329999999996,11.312292695951744,37.532755238095184,4.848195837662331,1.8907963766883091,9.421496319263435,3983.7361249459645,0.0003536147153275291,298.11987962698834,314.4177611634432,False,True
100mv0_converted.csv,100.0,-5.0,12.73043827074682,42.88,13.69069394136253,42.74637770562764,5.411025064935057,2.1102997753246724,11.580394166037859,3691.2713930749537,0.0004950199030015011,300.8281888713419,314.4249985680962,False,True
100mv0_converted.csv,100.0,-4.0,14.975742796433423,47.58667,15.852689156994764,48.3548053679653,5.633823701298695,2.197191243506491,13.655497913488272,3541.0503281760707,0.0006603089438093816,302.32517398704687,314.4347875617679,False,True
100mv0_converted.csv,100.0,-3.0,18.34369561332092,53.81333,17.85082169414273,54.01402510822503,5.749956471861463,2.2424830240259706,15.60833867011676,3460.587718514758,0.0008430691968253663,303.1598931359019,314.4473545294406,False,True
100mv0_converted.csv,100.0,-2.0,21.52100959151652,60.666669999999996,20.188875006479652,59.854718311688224,6.18072199134199,2.410481576623376,17.778393429856276,3366.7113143739275,0.001064120730778416,304.1648690641864,314.46305747388806,False,True
100mv0_converted.csv,100.0,-1.0,22.27296860416622,66.45333,23.228320895300996,66.37546909090901,6.639336796534877,2.5893413506486023,20.638979544652393,3216.024752934408,0.001369921948833978,305.8533356059667,314.4829076196217,False,True
100mv0_converted.csv,100.0,5.546246e-13,25.07960124709572,72.45333,25.883096189312145,73.1333919047618,6.7297264935064405,2.6245933324675117,23.258502856844633,3144.3722906369153,0.0017009732045476403,306.69123145949055,314.5076967293482,False,True
100mv0_converted.csv,100.0,1.0,28.818235399249318,79.53334000000001,28.362684053176274,79.83492207792196,6.703176082252931,2.6142386720786432,25.748445381097632,3100.5725159830477,0.002055625130627559,307.21525423555426,314.5375507420037,False,True
100mv0_converted.csv,100.0,2.0,32.376827054828524,87.46667,31.050838509148527,86.53974406926395,6.921786688311677,2.699496808441554,28.35134170070697,3052.403832694309,0.002453517854799432,307.802335990107,314.57276989715183,False,True
100mv0_converted.csv,100.0,3.0,33.31943284945492,93.68,34.451116163063226,93.67849545454531,7.1680180735930605,2.7955270487012935,31.65558911436193,2959.3034934877896,0.002965447960960708,308.970577088561,314.6145480261542,False,True
100mv0_converted.csv,100.0,4.0,36.68738566634232,100.33332999999999,37.32234418374019,100.87578021645007,7.0627125757575655,2.7544579045454505,34.56788627919474,2918.1934759246137,0.003487062498847288,309.5011643931277,314.66363085837776,False,True
100mv0_converted.csv,100.0,5.0,40.42602776178092,107.4,39.97955153279176,107.80392060606044,6.799170714285708,2.651676578571426,37.327874954220334,2888.027264832873,0.004024091267957721,309.89649308794645,314.7197316757387,False,True
100mv0_converted.csv,100.0,6.0,44.17525825605182,115.33330000000001,42.72419144451469,114.47412164502148,6.796718095238084,2.650720057142853,40.07347138737183,2856.6060708455416,0.004587375438336291,310.31380405093853,314.7827521996081,False,True
100mv0_converted.csv,100.0,7.0,44.73657843000972,121.54669999999999,46.1073196493916,121.39735679653661,6.835873528138521,2.6659906759740233,43.441328973417576,2794.5129595556696,0.005273662513101697,311.1556411590033,314.8536940970855,False,True
100mv0_converted.csv,100.0,8.0,48.28458168675652,127.54669999999999,48.81376745620676,128.14586870129853,6.504735670995679,2.5368469116883148,46.27692054451845,2769.1096813155937,0.005930196183998285,311.5068349807036,314.93288984619375,False,True
100mv0_converted.csv,100.0,9.0,51.65253450364402,133.9867,51.24388423195174,134.40682813852797,6.004444653679641,2.34173341493506,48.902150817016675,2748.4850030718467,0.0065727829804671355,311.79494987691135,315.01929222257183,False,True
100mv0_converted.csv,100.0,10.0,55.21112615922312,141.0533,53.653278799759235,140.1547580086578,5.7745677489177325,2.2520814220779157,51.40119737768132,2726.6827459064943,0.007204122379824181,312.1024776373377,315.11211574961715,False,True
100mv0_converted.csv,100.0,11.0,55.21112615922312,146.20000000000002,56.596077743439885,145.95596363636344,5.665247619047619,2.209446571428572,54.38663117201131,2683.673551589199,0.007938053161646393,312.71827891339154,315.21181889642776,False,True
100mv0_converted.csv,100.0,12.0,58.20838969755942,150.7067,58.74734343798258,151.48525324675305,5.151280952380944,2.008999571428568,56.73834386655401,2669.892050480702,0.008595022389426292,312.91822546083057,315.3181278660035,False,True
100mv0_converted.csv,100.0,13.0,61.015022340488926,155.85330000000002,60.59981335687424,156.25852554112532,4.459100432900428,1.739049168831167,58.86076418804308,2654.7145232760595,0.009197496224247485,313.1399300929634,315.4292358170982,False,True
100mv0_converted.csv,100.0,14.0,63.82164704013343,161.4267,62.39699075699067,160.4034541125539,4.124524458874447,1.6085645389610344,60.788426218029635,2638.7170073664256,0.009750673535438084,313.3753411420167,315.5437453327178,False,True
100mv0_converted.csv,100.0,15.0,63.450957761582316,164.85330000000002,64.72711264772977,164.50757445887422,3.9352610389610163,1.5347518051947964,63.192360842534974,2603.2826162136935,0.01039562200653537,313.9032152063081,315.66185021278295,True,True
100mv0_converted.csv,100.0,16.0,65.69626228726892,167.2133,66.2812910004386,168.27397619047593,3.3165426406926457,1.293451629870132,64.98783937056847,2589.3148290552867,0.010935762134913513,314.1137815947859,315.7831284252875,True,True
100mv0_converted.csv,100.0,17.0,67.94156681295551,170.85330000000002,67.48147252685084,171.1406597402595,2.5628051948051933,0.9994940259740255,66.4819785008768,2574.241374871273,0.011377769661477804,314.3426216406983,315.90530608380226,True,True
100mv0_converted.csv,100.0,18.0,69.99622455666542,174.5067,68.58541730485882,173.39958658008632,2.2792841991341817,0.8889208376623309,67.6964964671965,2561.4263016419186,0.011738544500332147,314.5385030035868,316.0265156622082,True,True
100mv0_converted.csv,100.0,19.0,69.06421510415632,176.0,70.18929720410974,175.69922813852787,2.130864069264078,0.8310369870129904,69.35826021709674,2533.2127361409534,0.012186192785175062,314.97412878982414,316.1469070272663,True,True
100mv0_converted.csv,100.0,20.0,70.37751017733382,176.4267,71.15037729142053,177.66131471861448,1.5103606060606154,0.58904063636364,70.56133665505689,2517.8280789538035,0.01253601983844017,315.2142482305078,316.26640682336375,True,True
100mv0_converted.csv,100.0,21.0,72.06147864249262,178.57330000000002,71.69185049740511,178.7199493506491,0.8003093073592993,0.31212062987012673,71.37972986753499,2503.791337993487,0.012756981706588868,315.43494305092077,316.3827979661003,True,True
100mv0_converted.csv,100.0,22.0,73.74546299422123,180.5067,72.26601716385687,179.26193333333308,0.6169398268398254,0.24060653246753191,72.02541063138933,2488.8706883013465,0.012911414358910054,315.67124620798376,316.4943538050936,True,True
100mv0_converted.csv,100.0,23.0,72.43216792104371,180.08,73.3540475532833,179.95382900432875,0.5648764069264018,0.22030179870129674,73.133745754582,2460.6127738651244,0.013160697577966101,316.1236902547496,316.60173712881186,True,True
100mv0_converted.csv,100.0,24.0,72.80285719959492,179.2133,73.84306695045846,180.39168614718588,0.07275519480519677,0.02837452597402674,73.81469242448443,2443.8452592853955,0.013315556828888655,316.395257391929,316.70523621088677,True,True
100mv0_converted.csv,100.0,25.0,74.48683360803862,179.8667,73.89730751696942,180.09933939393915,-0.4499017316017273,-0.17546167532467366,74.07276919229409,2431.3839128438467,0.013340456798611892,316.5986025663171,316.80287768810683,True,True
100mv0_converted.csv,100.0,26.0,75.42940762952522,180.72,74.02209972140896,179.49188268398242,-0.4804969696969721,-0.18739381818181913,74.20949353959078,2418.7186048941767,0.013320001708445979,316.8066201529397,316.8933427818101,True,True
100mv0_converted.csv,100.0,27.0,73.74546299422123,179.2133,74.73252673573016,179.1383454545452,-0.4458653679653537,-0.17388749350648794,74.90641422923665,2391.495405270993,0.013418611108958253,317.2584086999628,316.97792397151983,True,True
100mv0_converted.csv,100.0,28.0,73.92550549079571,177.72,75.00340324025838,178.60015194805172,-0.7715246753246703,-0.30089462337662143,75.304297863635,2371.7125982831726,0.013449359040786557,317.5907879256494,317.05754677317066,True,True
100mv0_converted.csv,100.0,29.0,75.42940762952522,177.29330000000002,74.77434699621315,177.59529610389586,-1.1233474025974033,-0.4381054870129873,75.21245248322614,2361.24857308041,0.013357377769458743,317.76800816500565,317.1306544423806,True,True
100mv0_converted.csv,100.0,30.0,76.17083384633712,177.29330000000002,74.80222558808882,176.3534571428569,-1.041318831168823,-0.406114344155841,75.20833993224466,2344.865706406152,0.01326325075302652,318.0474569784826,317.19648850468906,True,True
100mv0_converted.csv,100.0,31.0,74.48683360803862,175.57330000000002,75.38111286969469,175.51265844155822,-0.8872067099567147,-0.34601061688311874,75.72712348657781,2317.6987367368683,0.013291068759261431,318.5162917230776,317.2568067976725,True,True
100mv0_converted.csv,100.0,32.0,74.30678316817922,174.0667,75.51293243986842,174.57904372294348,-1.0630545454545626,-0.4145912727272794,75.9275237125957,2299.2853603887834,0.013255354481996074,318.8379872663172,317.3125803025346,True,True
100mv0_converted.csv,100.0,33.0,75.99075957662292,173.0,75.16255775150695,173.3865493506491,-1.204240476190492,-0.46965378571429184,75.63221153722124,2292.4960916331206,0.013113608178197142,318.95741668190465,317.36243468947663,True,True
100mv0_converted.csv,100.0,34.0,76.36147268502891,173.0,75.09258858675454,172.1705627705625,-0.9870658008657927,-0.38495566233765915,75.4775442490922,2281.0832610340694,0.012995011269906237,319.15917467362965,317.4059907137721,True,True
100mv0_converted.csv,100.0,35.0,74.67747244673032,171.28,75.59156814113453,171.4124177489175,-0.7498428571428519,-0.2924387142857123,75.88400685542024,2258.8741007773215,0.013007461083563014,319.5554239229649,317.44527787032945,True,True
100mv0_converted.csv,100.0,36.0,74.48683360803862,170.2133,75.70353390041842,170.6708770562768,-0.759047619047621,-0.2960285714285722,75.999562471847,2245.682363230703,0.012970911982963428,319.79308889512345,317.48141331224394,False,True
100mv0_converted.csv,100.0,37.0,76.17083384633712,169.7867,75.33165268210077,169.89432251082226,-0.8030528138528013,-0.3131905974025925,75.64484327950336,2245.9471808682647,0.01285162940040855,319.78829978864877,317.5133012358352,False,True
100mv0_converted.csv,100.0,38.0,76.55211152372063,169.7867,75.28474706869993,169.0647714285712,-0.5701049783549763,-0.22234094155844078,75.50708801025837,2239.058290866708,0.01276558857569134,319.9130844377898,317.5407728675368,False,True
100mv0_converted.csv,100.0,39.0,74.86811128542212,168.4933,75.73700528701252,168.7541125541123,-0.33835974025974735,-0.13196029870130146,75.86896558571382,2224.2838194948163,0.012803199957815625,320.1823161702701,317.5657434997471,False,True
100mv0_converted.csv,100.0,40.0,74.67747244673032,168.0667,75.81710214007042,168.3880519480517,-0.35870606060605326,-0.13989536363636076,75.95699750370677,2216.8866264077146,0.012790250841472207,320.3179463607492,317.5891103593542,False,True
100mv0_converted.csv,100.0,41.0,76.17083384633712,167.85330000000002,75.4455375183956,168.0367004329002,-0.3595406926406923,-0.14022087012987,75.58575838852546,2223.1264727034813,0.012701181439326225,320.20349996440945,317.6097150946005,False,True
100mv0_converted.csv,100.0,42.0,76.55211152372063,168.4933,75.36906637947038,167.6689705627703,-0.11390822510821863,-0.04442420779220527,75.41349058726259,2223.3286015153603,0.012644502333311484,320.19980007610184,317.6273361335032,False,True
100mv0_converted.csv,100.0,43.0,75.04815378199652,167.4267,75.8153582967395,167.80888398268377,0.10300216450217192,0.04017084415584705,75.77518745258365,2214.5624395543755,0.012715749639996724,320.36067610140196,317.64381797607075,False,True
100mv0_converted.csv,100.0,44.0,74.86811128542212,167.64000000000001,75.89879552462936,167.87497489177466,0.06797056277055447,0.026508519480516243,75.87228700514885,2212.5993761118907,0.012737058275970882,320.3968116098983,317.6600059706114,False,True
100mv0_converted.csv,100.0,45.0,76.17083384633712,167.64000000000001,75.61722178794908,167.94482510822488,0.0562482683982779,0.02193682467532838,75.59528496327376,2221.6309547588457,0.012695836912163432,320.2308936100496,317.6747895165812,False,True
100mv0_converted.csv,100.0,46.0,76.73210636058542,168.9333,75.58163759071903,167.9874714285712,0.25548874458874593,0.09964061038961092,75.48199698032941,2225.5303005874193,0.012680029811104585,320.1595165854727,317.6879105669652,False,True
100mv0_converted.csv,100.0,47.0,75.23876879083342,168.0667,75.95971422742902,168.45580259740237,0.4056774891774779,0.1582142207792164,75.8015000066498,2222.3280882650647,0.012769202521707193,320.2181222998175,317.700813112408,False,True
100mv0_converted.csv,100.0,48.0,75.23876879083342,168.4933,76.01491723810592,168.79882640692617,0.3290313852813824,0.12832224025973915,75.88659499784619,2224.356309723964,0.01280956817565415,320.18099015361685,317.7140582481445,False,True
100mv0_converted.csv,100.0,49.0,76.17083384633712,168.9333,75.74862246159809,169.11386536796513,0.23195389610388872,0.0904620194805166,75.65816044211758,2235.2362835644944,0.012794843958996178,319.98252019126085,317.72657533063375,False,True
100mv0_converted.csv,100.0,50.0,76.55211152372063,170.0,75.65382021543655,169.26273419913394,0.31258441558441064,0.12190792207792016,75.53191229335863,2240.943318656277,0.012784737994063058,319.8788918236535,317.7379184265166,False,True
100mv0_converted.csv,100.0,51.0,75.42940762952522,169.57330000000002,76.0269379728306,169.73903419913395,0.3900162337662465,0.15210633116883615,75.87483164166176,2237.0927292566503,0.012878920642877555,319.9487756576559,317.7492819938122,False,True
100mv0_converted.csv,100.0,52.0,75.42940762952522,169.7867,76.05810694154549,170.04276666666644,0.24268787878787634,0.09464827272727178,75.96345866881822,2238.4811019204717,0.012917036677614816,319.9235608195495,317.76112869144436,False,True
100mv0_converted.csv,100.0,53.0,76.17083384633712,170.0,75.86745469211293,170.2244099567097,0.15962532467531787,0.06225387662337397,75.80520081548956,2245.5505443622164,0.012903895580466597,319.79547277937814,317.772344466044,False,True
100mv0_converted.csv,100.0,54.0,76.73210636058542,170.85330000000002,75.806661053068,170.36201731601707,0.23734761904762536,0.0925655714285739,75.71409548163942,2250.0700329614274,0.012898806045509623,319.71384761132043,317.78254920408295,False,True
100mv0_converted.csv,100.0,55.0,75.42940762952522,170.64000000000001,76.09442425927351,170.69910519480496,0.29321991341991804,0.11435576623376804,75.98006849303974,2246.630051543611,0.012969729704401875,319.7759577129973,317.79267149584507,False,True
100mv0_converted.csv,100.0,56.0,75.60948189923943,170.64000000000001,76.06943832980559,170.9484571428569,0.14222835497835717,0.0554690584415593,76.01396927136403,2248.908441191698,0.012994470768244216,319.73480740467176,317.8030016168235,False,True
100mv0_converted.csv,100.0,57.0,76.17083384633712,171.0667,75.87260510431696,170.98356190476167,0.01755411255410877,0.006846103896102421,75.86575900042085,2253.7645989123125,0.012971797700500188,319.6472724774817,317.8125830836223,False,True
100mv0_converted.csv,100.0,58.0,76.55211152372063,171.28,75.7847730047288,170.98356536796513,0.041097186147183606,0.016027902597401607,75.7687451021314,2256.6503528267526,0.012955210181018972,319.5953661473978,317.82106260547636,False,True
100mv0_converted.csv,100.0,59.0,75.42940762952522,171.0667,76.16247448456106,171.06575627705604,0.088198701298694,0.03439749350649066,76.12807699105457,2247.078384722067,0.013022907064392698,319.76785527627646,317.82944019583573,False,True
100mv0_converted.csv,100.0,60.0,75.80012073793112,170.64000000000001,76.19584075157906,171.15996277056252,-0.03185952380952983,-0.012425214285716635,76.20826596586477,2245.9501026729636,0.01304380396552654,319.78824694914033,317.8380833739329,False,True
100mv0_converted.csv,100.0,61.0,76.36147268502891,171.28,76.03004032420627,171.00203722943698,-0.1362227272727239,-0.05312686363636232,76.08316718784263,2247.567281304786,0.013010376587988943,319.75902364168076,317.84595490145546,False,True
100mv0_converted.csv,100.0,62.0,76.92274519927712,171.0667,75.95769591093607,170.88751731601707,-0.07712207792208403,-0.030077610389612774,75.98777352132568,2248.8817529053954,0.012985361963431124,319.73528907459144,317.85265830079027,False,True
100mv0_converted.csv,100.0,63.0,75.42940762952522,171.0667,76.23673697763327,170.8477930735928,0.024924458874465927,0.009720538961041712,76.22701643867222,2241.3023761863606,0.013023217531131628,319.87238269928474,317.85900353272314,False,True
100mv0_converted.csv,100.0,64.0,75.60948189923943,170.2133,76.17176125064432,170.937366233766,-0.06696774891773316,-0.026117422077915932,76.19787867272224,2243.3349748220635,0.01302506469291519,319.8355614410146,317.8652743994842,False,True
100mv0_converted.csv,100.0,65.0,76.36147268502891,170.85330000000002,75.92871151751376,170.71385757575734,-0.204111038961031,-0.07960330519480209,76.00831482270857,2245.9892443866433,0.012975672631217195,319.7875390890592,317.8705973000931,False,True
100mv0_converted.csv,100.0,66.0,76.73210636058542,170.85330000000002,75.83734792284379,170.52914415584394,-0.17131796536796173,-0.06681400649350508,75.90416192933729,2246.637599590355,0.01294387177167648,319.7758213020109,317.8747128597155,False,True
100mv0_converted.csv,100.0,67.0,75.42940762952522,170.85330000000002,76.22435783226368,170.37122164502142,-0.04787792207794439,-0.018672389610398313,76.24303022187408,2234.5809334863247,0.012989618200818974,319.9944420376834,317.8786744738701,False,True
100mv0_converted.csv,100.0,68.0,75.60948189923943,169.57330000000002,76.25002736564812,170.43338831168805,-0.14354480519480717,-0.055982474025974796,76.3060098396741,2233.5513109620615,0.013005091805520666,320.0131793382169,317.8829549210038,False,True
100mv0_converted.csv,100.0,69.0,76.55211152372063,170.0,76.01683108836662,170.0841320346318,-0.34204090909089757,-0.13339595454545006,76.15022704291206,2233.5341421738144,0.012951945270833844,320.0134919244,317.8865314960336,False,True
100mv0_converted.csv,100.0,70.0,76.92274519927712,170.2133,75.90597893636824,169.74930649350625,-0.23710735930737314,-0.09247187012987552,75.99845080649811,2233.589036251672,0.012900684318983904,320.012492486931,317.8887943693087,False,True
100mv0_converted.csv,100.0,71.0,75.42940762952522,170.2133,76.21045708360907,169.60991731601706,0.019430519480522435,0.00757790259740375,76.20287918101167,2225.7678336946706,0.012924764037133827,320.15517445713687,317.89062645281047,False,True
100mv0_converted.csv,100.0,72.0,75.42940762952522,168.7067,76.2314534896165,169.7881675324673,-0.035026406926405684,-0.013660298701298217,76.2451137883178,2226.8727672681644,0.012945518153422934,320.13497931381886,317.89277345987904,False,True
100mv0_converted.csv,100.0,73.0,76.36147268502891,169.36,75.93911584533176,169.53986450216425,-0.2740502164502203,-0.10687958441558593,76.04599542974734,2229.4384279417873,0.012892827761091564,320.0881349887738,317.8944312983275,False,True
100mv0_converted.csv,100.0,74.0,76.92274519927712,170.0,75.84092136947379,169.24006709956686,-0.17823744588743295,-0.06951260389609885,75.91043397336989,2229.470419823155,0.01284708693921036,320.08755134937445,317.8949779537474,False,True
100mv0_converted.csv,100.0,75.0,75.60948189923943,169.7867,76.17360230465287,169.18338961038938,0.0973404761904817,0.037962785714287864,76.13563951893859,2222.1313261354476,0.012880885563968745,320.2217263653006,317.8953743841582,False,True
100mv0_converted.csv,100.0,76.0,75.23876879083342,168.28,76.18657461740477,169.43474805194782,0.08773811688318744,0.034217865584443105,76.15235675182034,2224.9442470196127,0.012902855379806726,320.17023539874486,317.896300662559,False,True
100mv0_converted.csv,100.0,77.0,76.36147268502891,168.9333,76.09418166241086,169.35886584415576,-0.11264941558435737,-0.04393327207789938,76.13811493448875,2224.363789277901,0.012894664792816993,320.1808533349974,317.8972931426892,False,True
100mv0_converted.csv,100.0,78.0,76.73210636058542,169.7867,75.92327071119131,169.2094492207791,-0.1861838311688615,-0.07261169415585599,75.99588240534716,2226.5607538872837,0.01285922140485589,320.14067979878683,317.8977701073442,False,True
100mv0_converted.csv,100.0,79.0,75.42940762952522,169.57330000000002,75.6738417637462,168.98649818181804,-0.25971824675328037,-0.10129011623377934,75.77513187997998,2230.1049696551536,0.01280497418566326,320.0759750285411,317.89730771055343,False,True
100mv0_converted.csv,100.0,80.0,75.23876879083342,168.28,75.34589482007551,168.69001272727255,-0.2964854545454898,-0.11562932727274103,75.46152414734826,2235.444017773664,0.01272960546883556,319.9787431260388,317.895573682334,False,True
150mv0_converted.csv,150.0,-50.0,-0.3706861012371707,-3.2133339999999997,-0.31041361527181077,-3.1318791818181797,0.013575469696969655,0.005294433181818166,-0.31570804845362893,,9.887594644843655e-07,,314.4,False,True
150mv0_converted.csv,150.0,-49.0,0.38127767738347984,-3.0,-0.24917818653601415,-3.11830371212121,0.015191652597402516,0.005924744512986982,-0.2551029310490011,,7.954884168631012e-07,,314.4000179129394,False,True
150mv0_converted.csv,150.0,-48.0,-1.4933375697519704,-2.7866669999999996,-0.20286647948367484,-3.1014958766233747,0.018424018398268238,0.007185367175324613,-0.21005184665899945,,6.514749362900122e-07,,314.40003111767015,False,True
150mv0_converted.csv,150.0,-47.0,0.7519645729491398,-3.853337,-0.17147849411479285,-3.0814556753246736,0.021656384199135514,0.008445989837662852,-0.1799244839524557,,5.544293222051577e-07,,314.4000409292068,False,True
150mv0_converted.csv,150.0,-46.0,-0.5613249399289106,-2.7866669999999996,-0.15501423042936785,-3.0581831082251036,0.008403811688313167,0.0032774865584421354,-0.15829171698780997,,4.840850550640691e-07,,314.400048336311,False,True
150mv0_converted.csv,150.0,-45.0,0.5613257342573998,-2.7866669999999996,-0.24868298702244526,-3.0646480519480472,0.014314506493506407,0.005582657532467499,-0.25426564455491274,,7.792347122625279e-07,,314.4000575031382,False,True
150mv0_converted.csv,150.0,-44.0,-1.3026987310602305,-2.573334000000001,0.13584999295505956,-3.029554095238091,0.15607545238095177,0.0608694264285712,0.07498056652648837,-40404.52393978433,-2.2715768238359492e-07,,314.4000586747564,False,True
150mv0_converted.csv,150.0,-43.0,0.7519645729491398,-3.853337,-0.31539285002914835,-2.7524971471861437,0.008311629870129789,0.003241535649350618,-0.31863438567849894,,8.770402375754778e-07,,314.4000610145364,False,True
150mv0_converted.csv,150.0,-42.0,-0.5613249399289106,-2.573334000000001,-0.14410222698246367,-3.0129308354978313,-0.10851412337662314,-0.042320508116883024,-0.10178171886558064,,3.0666127926007924e-07,,314.4000683327457,False,True
150mv0_converted.csv,150.0,-41.0,0.5613257342573998,-2.7866669999999996,-0.28650817750009694,-2.96952539393939,0.014776411255411182,0.005762800389610361,-0.2922709778897073,,8.679060907549838e-07,,314.40007516389153,False,True
150mv0_converted.csv,150.0,-40.0,-1.4933375697519704,-2.573334000000001,0.10201366227817069,-2.983378012987009,0.09743192207792184,0.03799844961038952,0.06401521266778117,-46604.20372997592,-1.9098157796974577e-07,,314.4000762788575,False,True
150mv0_converted.csv,150.0,-39.0,0.7519645729491398,-3.853337,-0.31539285002914835,-2.7746615497835463,-0.06510821212121187,-0.02539220272727263,-0.29000064730187575,,8.046536454808541e-07,,314.4000769397766,False,True
150mv0_converted.csv,150.0,-38.0,-0.3706861012371707,-2.360000000000001,-0.11026589630557482,-3.1135944372294326,-0.14222262770562732,-0.05546682480519466,-0.05479907150038016,,1.706220841889216e-07,,314.40008097760784,False,True
150mv0_converted.csv,150.0,-37.0,0.5613257342573998,-3.2133339999999997,-0.2650509921928016,-3.059106805194801,-0.0004617034632035111,-0.00018006435064936934,-0.2648709278421522,,8.102684578601888e-07,,314.40008493732796,False,True
150mv0_converted.csv,150.0,-36.0,-1.4933375697519704,-2.7866669999999996,0.11934446579560157,-3.1145178441558397,0.060029203463203284,0.02341138935064928,0.09593307644495229,-32465.5265897054,-2.9878527843257016e-07,,314.4000836603801,False,True
150mv0_converted.csv,150.0,-35.0,0.7519645729491398,-3.853337,-0.34840390434806434,-2.9390483982683944,-0.05864352813852802,-0.02287097597402593,-0.3255329283740384,,9.567570317213375e-07,,314.40008425463213,False,True
150mv0_converted.csv,150.0,-34.0,-0.5613249399289106,-2.360000000000001,-0.17628800494340668,-3.2318049004328957,-0.0660317813852811,-0.02575239474025963,-0.15053561020314704,,4.865017227441869e-07,,314.4000924778261,False,True
150mv0_converted.csv,150.0,-33.0,0.5613257342573998,-3.426667,-0.3096159155233381,-3.0711119610389566,0.07480546969696933,0.029174133181818038,-0.33879004870515617,,1.0404621708593757e-06,,314.4001010666206,False,True
150mv0_converted.csv,150.0,-32.0,-1.4933375697519704,-2.7866669999999996,0.08715868783465852,-3.082193961038957,0.08357898917748896,0.03259580577922069,0.05456288205543783,-56488.84085535179,-1.6817338556815132e-07,,314.40010221231864,False,True
150mv0_converted.csv,150.0,-31.0,0.7519645729491398,-3.640001,-0.35995777335968493,-2.9039539826839786,-0.04493503679653643,-0.01752466435064921,-0.34243310900903573,,9.944099907096463e-07,,314.400103115353,False,True
150mv0_converted.csv,150.0,-30.0,-0.5613249399289106,-2.360000000000001,-0.1589572014259758,-3.17206403463203,-0.026378188311688033,-0.010287493441558333,-0.14866970798441748,,4.71589833736617e-07,,314.4001101666951,False,True
150mv0_converted.csv,150.0,-29.0,0.5613257342573998,-3.2133339999999997,-0.3096159155233381,-2.9567103593073547,0.1384127748917745,0.05398098220779206,-0.3635968977311302,,1.0750507141336493e-06,,314.4001176525514,False,True
150mv0_converted.csv,150.0,-28.0,-1.4933375697519704,-2.7866669999999996,0.06982788431722764,-2.895238484848481,0.15122661904761858,0.05897838142857125,0.010849502888656389,-266854.483063512,-3.141189830471274e-08,,314.4001193084242,False,True
150mv0_converted.csv,150.0,-27.0,0.7519645729491398,-3.426667,-0.36573470786549517,-2.6542571212121175,0.04060609523809533,0.01583637714285718,-0.38157108500835235,,1.0127877696320535e-06,,314.4001204925928,False,True
150mv0_converted.csv,150.0,-26.0,-0.5613249399289106,-1.92,-0.1152175544534122,-2.8140262943722902,0.061212123376623184,0.023872728116883044,-0.13909028257029524,,3.914037124444826e-07,,314.40012562577795,False,True
150mv0_converted.csv,150.0,-25.0,0.5613257342573998,-2.573334000000001,-0.21649720906150222,-2.531832874458871,0.2595382748917743,0.10121992720779197,-0.3177171362692942,,8.04406690385528e-07,,314.4001284177425,False,True
150mv0_converted.csv,150.0,-24.0,-1.3026987310602305,-2.360000000000001,0.13580410415090466,-2.2949497445887417,0.3076767662337656,0.11999393883116859,0.015810165319736072,-145156.5937595808,-3.628353486243408e-08,,314.400126542427,False,True
150mv0_converted.csv,150.0,-23.0,0.9426034116408797,-2.7866669999999996,-0.291964199855458,-1.91647934199134,0.17777780303030277,0.06933334318181808,-0.3612975430372761,,6.924192775431667e-07,,314.4001238816828,False,True
150mv0_converted.csv,150.0,-22.0,-0.5613249399289106,-1.0666670000000007,-0.06748908894390368,-1.9393941385281361,0.21506498701298693,0.0838753449350649,-0.15136443387896859,,2.935552958465013e-07,,314.40012458853926,False,True
150mv0_converted.csv,150.0,-21.0,0.38127767738347984,-1.2800000000000002,-0.1814688423358544,-1.486349367965366,0.49151511904761835,0.19169089642857118,-0.37315973876442554,,5.54645741862625e-07,,314.4001239429484,False,True
150mv0_converted.csv,150.0,-20.0,-1.1226506741863105,-1.0666670000000007,0.12599248293590365,-0.9563639004328994,0.5934198593073583,0.23143374512986975,-0.1054412621939661,,1.0084021677838943e-07,,314.40012131566954,False,True
150mv0_converted.csv,150.0,-19.0,0.9426034116408797,-1.2800000000000002,-0.25601872758375555,-0.29950964935064944,0.5076190179653672,0.19797141700649323,-0.4539901445902488,,1.3597442901487603e-07,,314.4001147363406,False,True
150mv0_converted.csv,150.0,-18.0,-0.3706861012371707,0.8666659999999995,0.11411772584439424,0.05887413549783515,0.6372293805194796,0.24851945840259707,-0.1344017325582028,,-7.912785813775435e-09,,314.40010752682736,False,True
150mv0_converted.csv,150.0,-17.0,0.5613257342573998,1.2933329999999996,0.13626267239786374,0.9749491116883099,1.0069552619047604,0.39271255214285655,-0.2564498797449928,,-2.500255824499546e-07,,314.40009695680783,False,True
150mv0_converted.csv,150.0,-16.0,-0.5613249399289106,1.9333329999999993,0.5424818896971689,2.072784659307356,1.21818181168831,0.47509090655844094,0.06739098313872799,30757.59638408029,1.3968699602559605e-07,,314.4000887330087,False,True
150mv0_converted.csv,150.0,-15.0,1.6839764084437094,2.5733329999999994,0.3524390380819443,3.41131273506493,1.2898701515151498,0.5030493590909084,-0.1506103210089641,,-5.137789060900963e-07,,314.40007833111446,False,True
150mv0_converted.csv,150.0,-14.0,0.38127767738347984,5.3599996999999995,0.9906987984577954,4.6525249623376554,1.5865802142857122,0.6187662835714277,0.3719325148863677,12509.056821125436,1.7304253098138472e-06,,314.40008506292486,False,True
150mv0_converted.csv,150.0,-13.0,1.6839764084437094,6.653333,1.3866937735563691,6.584473163636354,2.082337595238092,0.8121116621428559,0.5745821114135132,11459.58607628434,3.7833204929077915e-06,,314.40013447323605,False,True
150mv0_converted.csv,150.0,-12.0,1.1226514685147997,8.786666,2.282255738185202,8.81720015281384,2.445511670995668,0.9537495516883105,1.3285061864968915,6636.928184778513,1.1713704950594521e-05,,314.4002813544356,False,True
150mv0_converted.csv,150.0,-11.0,4.11991738983657,10.933333,2.6402415274421105,11.47549650562769,2.6979213376623346,1.0521893216883105,1.5880522057538,7226.1456292493995,1.8223687537882077e-05,,314.4005623742394,False,True
150mv0_converted.csv,150.0,-10.0,3.3679504339019397,14.799999,3.951742718032201,14.213042828138509,3.1576042125541077,1.2314656428961022,2.720277075136099,5224.85115874728,3.8663414573312724e-05,288.8764951225238,314.40109535644723,False,True
150mv0_converted.csv,150.0,-9.0,5.433204519729149,17.586663,5.019191653842632,17.790704930735906,3.7455700664502114,1.4607723259155825,3.5584193279270493,4999.608896880584,6.33067882829777e-05,290.3385469132261,314.40204273394096,False,True
150mv0_converted.csv,150.0,-8.0,5.242565681037349,21.866663,6.663646361515558,21.70418296103893,4.250014541125536,1.657505671038959,5.006140690476599,4335.511984776567,0.00010865419347480586,295.1718575859055,314.4036264145411,False,True
150mv0_converted.csv,150.0,-7.0,9.362485453859449,25.733333000000002,7.795834527619973,26.290734012986977,4.707013058441554,1.835735092792206,5.960099434827766,4411.123388203459,0.0001566953889320108,294.5768002102938,314.40603229025686,False,True
150mv0_converted.csv,150.0,-6.0,9.362485453859449,31.733333000000002,9.956134488066882,31.11820907792204,5.258586463203455,2.0508487206493475,7.905285767417534,3936.380036529357,0.0002459983353312202,298.541345545983,314.40964646894344,False,True
150mv0_converted.csv,150.0,-5.0,12.539799432055148,36.453333,11.985306322381986,36.80790693939389,5.88516605194804,2.2952147602597357,9.69009156212225,3798.509715147882,0.0003566719884528017,299.8051267294835,314.415006775026,False,True
150mv0_converted.csv,150.0,-4.0,13.101127549298049,43.306663,14.699640813939117,42.88854118181812,6.505944632034623,2.5373184064935033,12.162322407445615,3526.344701696307,0.0005216242654382806,302.4759550856785,314.42274894526946,False,True
150mv0_converted.csv,150.0,-3.0,18.34369561332085,49.093333,16.879884093374155,49.819796203463135,7.054718852813842,2.7513403525973983,14.128543740776756,3526.18055459438,0.0007038811698172127,302.4776430974998,314.43341187250604,False,True
150mv0_converted.csv,150.0,-2.0,19.656982743213447,57.453333,20.068889074002936,56.997978887445804,7.610650216450207,2.968153584415581,17.100735489587354,3333.0717805764493,0.0009747073603952951,304.53352423993766,314.44785328785247,False,True
150mv0_converted.csv,150.0,-1.0,23.77690251603555,64.746663,23.15257991963352,65.04109663636355,8.16718852813619,3.1852035259731144,19.967376393660405,3257.3681866894613,0.0012987000575947105,305.38040109499775,314.46721435554804,False,True
150mv0_converted.csv,150.0,5.546246e-13,25.27024008578745,73.960003,26.891723370459545,73.33235594372285,8.689752554112978,3.3890034961040616,23.502719874355485,3120.164659058799,0.0017235098194718454,306.97971786194694,314.492685727463,False,True
150mv0_converted.csv,150.0,1.0,31.264767162460046,81.680003,30.040656816821357,82.42060174458862,9.11685093073843,3.5555718629879878,26.48508495383337,3111.96289867514,0.002182916639151496,307.07809430935794,314.5251687397714,False,True
150mv0_converted.csv,150.0,2.0,33.88076096669775,91.973333,34.092304055536914,91.56605780519467,9.48669696969695,3.6998118181818107,30.392492237355103,3012.7854303653244,0.0027829207010495877,308.29395251469543,314.56592020165914,False,True
150mv0_converted.csv,150.0,3.0,38.562000913477746,100.973333,38.003058154388,101.39399568398252,9.868657316017298,3.8487763532467465,34.15428180114125,2968.705249735173,0.0034630391015344386,308.8505269074333,314.61654024198066,False,True
150mv0_converted.csv,150.0,4.0,40.987347935738846,111.906633,42.46326330261667,111.30337243722927,10.192065259740254,3.974905451298699,38.48835785131797,2891.871169645599,0.004283884028422601,309.8458313149571,314.67852762242893,False,True
150mv0_converted.csv,150.0,5.0,47.35256429096255,121.12003299999999,46.24949454659957,121.77812620346303,10.344422922077904,4.034324939610382,42.21516960698919,2884.700626272062,0.005140884252100527,309.9404051053545,314.75280716914153,False,True
150mv0_converted.csv,150.0,6.0,50.54047461127555,132.493333,50.75880494481519,131.99221828138508,10.379370064935053,4.047954325324671,46.710850619490515,2825.7292798326853,0.006165468791076963,310.7295234704882,314.84053573446363,False,True
150mv0_converted.csv,150.0,7.0,55.59240383660665,142.133333,55.10549157629242,142.53686633333314,10.393188095238088,4.053343357142855,51.052148219149565,2791.9856716209215,0.007276813226742432,311.19040006149845,314.94326613484634,False,True
150mv0_converted.csv,150.0,8.0,58.39903647953615,153.280033,59.748225228577866,152.77859447186125,10.301923593073582,4.017750201298697,55.73047502727917,2741.3833167056014,0.008514423643916875,311.8947835066862,315.0620365269931,False,True
150mv0_converted.csv,150.0,9.0,64.76425283475984,162.493333,63.623582124067006,163.1407135194803,10.03747705627704,3.914616051948046,59.70896607211896,2732.2649218616884,0.009740963328515928,312.0234445996411,315.19680207513187,False,True
150mv0_converted.csv,150.0,10.0,67.94156681295554,173.426633,68.09606955085272,172.85354858441534,9.69392987012985,3.7806326493506415,64.31543690150208,2687.5903657334616,0.011117151497181689,312.66168617140636,315.3477946659733,False,True
150mv0_converted.csv,150.0,11.0,72.43216792104374,182.226633,72.20095220386173,182.52857325974,9.328645454545452,3.6381717272727263,68.56278047658901,2662.210779536063,0.012514666499112549,313.03023074029994,315.5155175816557,False,True
150mv0_converted.csv,150.0,12.0,75.23876879083345,191.866633,76.52893009539582,191.51083949350624,8.864033549783542,3.4569730844155817,73.07195701098024,2620.8527501833382,0.013994071830606223,313.64034920657286,315.69978000674894,False,True
150mv0_converted.csv,150.0,13.0,81.23332764064575,199.586633,79.90517914041784,200.25664035930708,8.192068831168811,3.1949068441558364,76.710272296262,2610.5583302572286,0.015361741411097057,313.79409421421946,315.8990347986281,False,True
150mv0_converted.csv,150.0,14.0,83.47865599618724,208.586633,83.76320451027266,207.89497715584386,7.498916883116863,2.9245775844155766,80.83862692585708,2571.7282079335573,0.016805944498060842,314.38093943232917,316.11184440503877,False,True
150mv0_converted.csv,150.0,15.0,87.59852016601465,215.026633,87.16979872627178,215.2544741255408,6.879930303030292,2.683172818181814,84.48662590808996,2547.7934739601105,0.018186124230487193,314.7482424570865,316.3373148820635,True,True
150mv0_converted.csv,150.0,16.0,89.09185773576665,222.093333,90.65109362270259,221.65483776190445,6.176115367965366,2.4086849935064927,88.24240862919609,2511.885625122966,0.019559356768424133,315.30748928178537,316.5738044962422,True,True
150mv0_converted.csv,150.0,17.0,94.52506463848096,226.600033,93.13154458809112,227.60670486147154,5.351461255411252,2.087069889610388,91.04447469848073,2499.9507725785106,0.020722332881964813,315.4955980500098,316.81828919745334,True,True
150mv0_converted.csv,150.0,18.0,95.82776336954196,233.240033,96.07736957947094,232.35776027272695,4.583749783549777,1.7876624155844132,94.28970716388653,2464.296127984171,0.021908945173371972,316.0643465571233,317.06833209765415,True,True
150mv0_converted.csv,150.0,19.0,99.01572134956395,236.453333,98.49320243762568,236.7742044285711,3.906691774891769,1.52360979220779,96.96959264541789,2441.7366100976337,0.02295989815238144,316.4295748187982,317.32237576858773,True,True
150mv0_converted.csv,150.0,20.0,99.38635502512095,240.746633,101.06513356796977,240.1711438225105,3.2359268398268313,1.2620114675324643,99.8031221004373,2406.4492048737034,0.0239698299919197,317.009444354149,317.5783605014247,True,True
150mv0_converted.csv,150.0,21.0,103.87701173620395,242.253333,102.50474564681771,243.24605810822476,2.475951731601711,0.9656211753246673,101.53912447149304,2395.589477202118,0.024698991771451063,317.1900530639735,317.83287692232415,True,True
150mv0_converted.csv,150.0,22.0,104.25828941358695,245.89333299999998,104.46477218289112,245.1230472857139,1.7776883116883084,0.6932984415584403,103.77147374133268,2362.1428746085176,0.025436779864804908,317.7528231491997,318.08333477787653,True,True
150mv0_converted.csv,150.0,23.0,106.50353833627895,246.320033,105.88648814391651,246.80143473160138,1.2318121212121156,0.4804067272727251,105.40608141664379,2341.4344923425933,0.02601437212306367,318.106295144029,318.32848847071307,True,True
150mv0_converted.csv,150.0,24.0,105.75162698333895,248.466633,107.52182482701207,247.58667152813814,0.7866709956709883,0.30680168831168547,107.21502313870039,2309.2535381710804,0.026545010716723143,318.6634367972263,318.56666195649893,True,True
150mv0_converted.csv,150.0,25.0,109.49021347578295,247.386633,108.0974984137069,248.37477672294335,0.3112220779220962,0.12137661038961753,107.97612180331728,2300.2750290973377,0.026818545144308266,318.82061608629937,318.79528718824673,True,True
150mv0_converted.csv,150.0,26.0,108.92894096153495,248.680033,109.24203086757075,248.20911568398233,-0.13021536796537703,-0.050783993506497045,109.29281486107725,2271.0469668063947,0.027127472927281186,319.3376411961652,319.01287840392996,True,True
150mv0_converted.csv,150.0,27.0,110.61291736997795,247.600033,109.9462701316923,248.1143459870126,-0.4171088744588758,-0.16267246103896157,110.10894259273127,2253.353271266376,0.027319608278717034,319.6546762056141,319.2194130513355,True,True
150mv0_converted.csv,150.0,28.0,109.31021863891795,248.466633,110.98088677835891,247.37489793506458,-0.5801422077922069,-0.22625546103896071,111.20714223939787,2224.4515321015588,0.027509855461121255,320.1792483125448,319.4145297902545,True,True
150mv0_converted.csv,150.0,29.0,112.29689377842195,245.89333299999998,111.01358388379664,246.95406157142818,-0.7771735930735986,-0.30309770129870345,111.31668158509534,2218.4820644572096,0.0274901066380927,320.28864703036515,319.5969154219392,True,True
150mv0_converted.csv,150.0,30.0,111.36482872291795,246.320033,111.69016297918549,245.82055074891738,-1.031924242424239,-0.4024504545454532,112.09261343373095,2193.01293117094,0.027554667969165236,320.75951197590535,319.7662849940201,True,True
150mv0_converted.csv,150.0,31.0,112.67817145580595,244.386633,111.97515910253595,244.8902130865797,-1.1240662337662286,-0.4383858311688292,112.41354493370478,2178.4760300104604,0.027528976972632766,321.0312845460016,319.92351813986056,True,True
150mv0_converted.csv,150.0,32.0,110.99419504736196,244.600033,112.64207661882898,243.57241828138493,-1.012379437229427,-0.39482798051947654,113.03690459934846,2154.804390165412,0.027532672208305506,321.4785904121787,320.0689151581176,True,True
150mv0_converted.csv,150.0,33.0,113.61015707845995,241.813333,112.37078661645891,242.86545421212085,-0.982460389610381,-0.38315955194804857,112.75394616840697,2153.941945848902,0.02738403835039918,321.4949998627412,320.2020913135406,True,True
150mv0_converted.csv,150.0,34.0,112.48753261711394,242.026633,112.72941699125383,241.60749750216416,-1.0429751082251073,-0.40676029220779186,113.13617728346162,2135.5458819933333,0.027334548670418356,321.84689984323,320.32344732261964,True,True
150mv0_converted.csv,150.0,35.0,113.41951823976795,240.320033,112.72903461320777,240.77950399567064,-0.9465216450216474,-0.3691434415584425,113.09817805476621,2128.942376764695,0.027231723214840648,321.97410220458835,320.4342975570591,True,True
150mv0_converted.csv,150.0,36.0,111.55546756160994,240.746633,113.24477972557293,239.71445421212087,-0.7823627705627558,-0.3051214805194748,113.5499012060924,2111.093463454808,0.027219552593458683,322.3202714562605,320.5358120471045,False,True
150mv0_converted.csv,150.0,37.0,113.99143475584295,238.17333299999999,112.83360469279602,239.21477845454513,-0.7437225108225078,-0.29005177922077807,113.12365647201679,2114.6308907873686,0.027060850420921566,322.2513930289679,320.62808840092447,False,True
150mv0_converted.csv,150.0,38.0,112.85816629266995,238.813333,113.13740164317629,238.22700919047585,-0.7241610389610429,-0.2824228051948067,113.4198244483711,2100.4000874548806,0.027019665561244258,322.5293082259536,320.71155154130065,False,True
150mv0_converted.csv,150.0,39.0,113.99143475584295,237.320033,113.08105589983562,237.76645637662304,-0.5602867965367864,-0.2185118506493467,113.29956775048497,2098.56454969225,0.02693883673303593,322.56531204786023,320.7876154023372,False,True
150mv0_converted.csv,150.0,40.0,111.73554183132394,237.746633,113.55669877077617,237.10643559740228,-0.4073294372294356,-0.1588584805194799,113.71555725129565,2085.0835305975756,0.026962690451827045,322.83086289951734,320.8574991784357,False,True
150mv0_converted.csv,150.0,41.0,114.36214786424895,236.026633,113.06781399680698,236.95179750216417,-0.3679354978355036,-0.1434948441558464,113.21130884096283,2093.004664710923,0.026825623127438792,322.67459467547013,320.9210599976189,False,True
150mv0_converted.csv,150.0,42.0,112.85816629266995,237.320033,113.29174998562179,236.37056460173127,-0.28902987012988035,-0.11272164935065335,113.40447163497244,2084.314323711709,0.02680547898871945,322.84607489210464,320.978358502587,False,True
150mv0_converted.csv,150.0,43.0,114.17150902555795,235.813333,113.19229765104824,236.3737377619044,-0.09595627705628829,-0.03742294805195243,113.22972059910019,2087.559136516873,0.026764532283745413,322.7819524292474,321.03080607554807,False,True
150mv0_converted.csv,150.0,44.0,111.73554183132394,236.453333,113.68164182885693,236.1786520476187,-0.045511255411256,-0.01774938961038984,113.69939121846731,2077.220023050203,0.026853368956612462,322.9866611081914,321.0798761751692,False,True
150mv0_converted.csv,150.0,45.0,114.55278670294095,235.600033,113.14140801602943,236.2827152510819,-0.0875103896103866,-0.03412905194805077,113.17553706797749,2087.7543095656933,0.026741423198421186,322.7780996672638,321.12506208055225,False,True
150mv0_converted.csv,150.0,46.0,113.04880513136195,237.106633,113.38949778065115,236.00363126839792,0.05495238095238619,0.021431428571430617,113.36806635207972,2081.746993332823,0.02675527532896749,322.89688792472293,321.1659389676246,False,True
150mv0_converted.csv,150.0,47.0,114.17150902555795,235.813333,113.27728976836968,236.39262001298667,0.24866277056277397,0.09697848051948185,113.1803112878502,2088.6373020460424,0.02675499031922032,322.7606712218943,321.20392982673434,False,True
150mv0_converted.csv,150.0,48.0,111.73554183132394,236.453333,113.81119783791341,236.50095680952347,0.1886560606060641,0.07357586363636501,113.73762197427705,2079.355561548585,0.026899056422156405,322.9442850139902,321.24057740188067,False,True
150mv0_converted.csv,150.0,49.0,114.73278153980596,236.240033,113.24102368654881,236.7699321341988,0.10197121212121374,0.03976877272727336,113.20125491382154,2091.583987425301,0.026802653443451663,322.70257296855084,321.2749651462157,False,True
150mv0_converted.csv,150.0,50.0,113.23944397005396,237.960033,113.50268340155166,236.7048992337659,0.24979090909090473,0.09741845454545285,113.40526494700622,2087.2478834591766,0.026843581811859626,322.78809787293153,321.3062717548737,False,True
150mv0_converted.csv,150.0,51.0,114.36214786424895,236.666633,113.44403410557683,237.2695139523806,0.4100941558441633,0.1599367207792237,113.2840973847976,2094.464443199258,0.026878862725025078,322.64587097535576,321.3360303932064,False,True
150mv0_converted.csv,150.0,52.0,111.73554183132394,237.320033,113.95649358644197,237.52508754545423,0.2708383116883226,0.10562694155844582,113.85086664488352,2086.2826480392773,0.02704243706695179,322.80716343175095,321.3656056876726,False,True
150mv0_converted.csv,150.0,53.0,114.92342037849795,237.320033,113.35340982097752,237.81119057575725,0.09084415584413819,0.03542922077921389,113.31798060019831,2098.618324436864,0.026948283880173722,322.5642570071036,321.39366028184816,False,True
150mv0_converted.csv,150.0,54.0,113.41951823976795,239.026633,113.6138732291264,237.7067758571425,0.21163246753246767,0.0825366623376624,113.53133656678874,2093.7547556951668,0.026987167974043453,322.6598328382743,321.41910324359515,False,True
150mv0_converted.csv,150.0,55.0,114.36214786424895,237.746633,113.58928893415276,238.2344555108222,0.362772727272727,0.14148136363636354,113.4478075705164,2099.947637707687,0.027027176665458508,322.53817964302516,321.44345937976755,False,True
150mv0_converted.csv,150.0,56.0,111.92618067001595,238.17333299999999,114.10656080778018,238.43232131168796,0.2240441558441404,0.08737722077921475,114.01918358700097,2091.1596962080953,0.027185858616712154,322.7109332722451,321.46802849880305,False,True
150mv0_converted.csv,150.0,57.0,115.11405921718895,237.960033,113.49636763035699,238.68254382251047,0.05400389610390732,0.021061519480523858,113.47530611087646,2103.3875298762737,0.02708457472358206,322.47078500047655,321.4913256887163,False,True
150mv0_converted.csv,150.0,58.0,113.61015707845995,239.89333299999998,113.75513062534338,238.54032910389577,0.14955129870129724,0.05832500649350593,113.69680561884988,2098.0389713283907,0.027121273430382117,322.5756299282471,321.51226977296477,False,True
150mv0_converted.csv,150.0,59.0,114.36214786424895,238.600033,113.72215842778641,238.98164641991306,0.28281774891773637,0.11029892207791718,113.6118595057085,2103.4920778486626,0.027151149237502066,322.46873887902353,321.53233461411367,False,True
150mv0_converted.csv,150.0,60.0,112.11681950870795,239.026633,114.16529056819995,239.10596460173124,0.11681428571428398,0.04555757142857075,114.11973299677138,2095.2201545064595,0.02728670883828504,322.63100806912473,321.5525935446333,False,True
150mv0_converted.csv,150.0,61.0,115.11405921718895,238.386633,113.5634000148031,239.21527499134163,-0.12228766233765498,-0.047692188311685445,113.61109220311478,2105.562673085395,0.027177508663434772,322.4282348880027,321.5715889595531,False,True
150mv0_converted.csv,150.0,62.0,113.61015707845995,240.106633,113.78883388020758,238.86138927705593,-0.02216969696969784,-0.008646181818182157,113.79748006202576,2099.004205953099,0.027181824183843545,322.55668615335475,321.58814085488507,False,True
150mv0_converted.csv,150.0,63.0,114.36214786424895,238.813333,113.74362180266648,239.17093559740223,0.12643528138528382,0.04930975974026069,113.69431204292623,2103.6314948376776,0.02719237498340966,322.4660103316819,321.603619903987,False,True
150mv0_converted.csv,150.0,64.0,112.29689377842195,239.026633,114.1320570331296,239.1142598398265,-0.008771861471856823,-0.003421025974024161,114.13547805910362,2095.0037964181847,0.02729142035756732,322.63526297849256,321.6190683242391,False,True
150mv0_converted.csv,150.0,65.0,114.92342037849795,238.386633,113.56835786252377,239.15339187445852,-0.16015021645021932,-0.062458584415585536,113.63081644693935,2104.6525876731052,0.02717519517474955,322.446032131607,321.63317477701486,False,True
150mv0_converted.csv,150.0,66.0,113.61015707845995,240.106633,113.80685688427043,238.79395940692606,-0.04895194805195047,-0.019091259740260682,113.8259481440107,2097.886846545815,0.02718094884055576,322.5786164021078,321.6451439024495,False,True
150mv0_converted.csv,150.0,67.0,114.36214786424895,238.386633,113.76691454014014,239.05548797835462,0.07103268398267915,0.027702746753244866,113.73921179338689,2101.786043784189,0.02718998277754153,322.50214498929716,321.65637765490203,False,True
150mv0_converted.csv,150.0,68.0,112.48753261711394,239.026633,114.13549327756522,238.93602477489142,-0.0600149350649275,-0.023405824675321724,114.15889910224054,2093.01269243058,0.027276673544167275,322.67443668944827,321.6677536358737,False,True
150mv0_converted.csv,150.0,69.0,114.92342037849795,238.386633,113.64180745838337,238.93545810822476,-0.1992376623376515,-0.07770268831168409,113.71951014669506,2101.0946828737174,0.0271716232527435,322.5156924803647,321.6780797491943,False,True
150mv0_converted.csv,150.0,70.0,113.61015707845995,239.680033,113.88855924370986,238.53754945021612,-0.09920735930735702,-0.03869087012986924,113.92725011383973,2093.7707985741936,0.027175927057757183,322.65951711341785,321.68664403018477,False,True
150mv0_converted.csv,150.0,71.0,114.36214786424895,237.960033,113.81147946347073,238.73704338961005,-0.0008811688311709531,-0.0003436558441566717,113.8118231193149,2097.6471235271356,0.027171098154286505,322.5833225815808,321.69456899827196,False,True
150mv0_converted.csv,150.0,72.0,112.67817145580595,238.813333,114.13466800120725,238.53578711255378,-0.07087056277056547,-0.027639519480520534,114.16230752068776,2089.4443384418087,0.02723179588303267,322.74474982800723,321.7024784500256,False,True
150mv0_converted.csv,150.0,73.0,114.92342037849795,237.960033,113.624476654866,238.59530226406892,-0.10378506493506734,-0.04047617532467626,113.66495283019067,2099.1105553927205,0.027119923777350476,322.5545996163744,321.70926675817805,False,True
150mv0_converted.csv,150.0,74.0,113.41951823976795,239.240033,113.88360758556196,238.32821698268364,-0.02488701298700846,-0.0097059350649333,113.89331352062689,2092.5567060573812,0.02714399033762078,322.68341519239095,321.7146881807962,False,True
150mv0_converted.csv,150.0,75.0,114.36214786424895,237.960033,113.81065418711259,238.5455282380949,-0.004019264069256678,-0.0015675129870101046,113.8122217000996,2095.9570481514124,0.027149396545401425,322.6165237469384,321.7200028884532,False,True
150mv0_converted.csv,150.0,76.0,112.67817145580595,238.813333,114.12971634305916,238.32017845454513,-0.11835746753233423,-0.04615941233761035,114.17587575539677,2087.307646013658,0.02721041508523013,322.7869174287889,321.72559981348275,False,True
150mv0_converted.csv,150.0,77.0,115.11405921718895,237.746633,114.0553158912892,238.30881330303023,0.005719696969833876,0.0022306818182352118,114.05308520947096,2089.4552117143526,0.027179855389818413,322.744535317663,321.73107758970343,False,True
150mv0_converted.csv,150.0,78.0,113.41951823976795,238.813333,113.86317807563931,238.3316178484848,0.03988939393940427,0.015556863636367666,113.84762121200295,2093.4264177964,0.02713348775165814,322.66629454853165,321.73537516841844,False,True
150mv0_converted.csv,150.0,79.0,114.36214786424895,237.746633,113.55330289610956,238.38859209090904,0.07405909090910257,0.02888304545455,113.52441985065501,2099.888221446248,0.02706292661613489,322.5393446485077,321.7381765306591,False,True
150mv0_converted.csv,150.0,80.0,112.67817145580595,238.813333,113.12569035269996,238.479736030303,0.09114393939395882,0.03554613636364394,113.09014421633631,2108.7579088598745,0.02696970774034078,322.3658217134826,321.73912142188664,False,True
200mv0_converted.csv,200.0,-50.0,-0.38127767738347984,2.346667,-0.28063055721542013,2.1113538303030284,-0.12218180606060569,-0.04765090436363622,-0.2329796528517839,,-4.919024824312838e-07,,314.4,False,True
200mv0_converted.csv,200.0,-49.0,0.3706868955656599,1.706667,-0.08498499862496939,1.9891720242424227,-0.10625106471861445,-0.04143791524025964,-0.04354708338470975,,-8.662264000621666e-08,,314.3999942359686,False,True
200mv0_converted.csv,200.0,-48.0,-1.1226506741863105,1.92,0.06545374012236505,1.8988517008657995,-0.07438958203463186,-0.02901193699350643,0.09446567711587148,20100.96956735588,1.79376311664912e-07,,314.3999956286068,False,True
200mv0_converted.csv,200.0,-47.0,1.6839764084437094,1.493334,0.17068565902658311,1.840392860173159,-0.04252809935065005,-0.01658595874675352,0.18727161777333665,9827.398738022704,3.4465334826312557e-07,,314.4000012411807,False,True
200mv0_converted.csv,200.0,-46.0,-0.38127767738347984,2.133334,0.23071075808768515,1.8137955021644994,0.024103957359306594,0.009400543370129572,0.22131021471755558,8195.715251911592,4.014114720377619e-07,,314.4000086572682,False,True
200mv0_converted.csv,200.0,-45.0,0.5613257342573998,1.92,0.15235528284756708,1.8886007748917721,0.03093806277056277,0.012065844480519481,0.1402894383670476,13462.173609609254,2.6495074200913757e-07,,314.40001469920713,False,True
200mv0_converted.csv,200.0,-44.0,-1.1226506741863105,2.133334,0.4050273944469377,1.875671627705625,0.08404043290043262,0.03277576883116872,0.37225162561576897,5038.719776180796,6.982218125347943e-07,290.078916463218,314.4000233519129,False,True
200mv0_converted.csv,200.0,-43.0,1.4933375697519695,1.493334,-0.14327697813370133,2.0566816406926374,0.05125537229437238,0.01998959519480523,-0.16326657332850655,,-3.3578736390353765e-07,,314.40002513703377,False,True
200mv0_converted.csv,200.0,-42.0,-0.38127767738347984,2.133334,0.1861458347571486,1.9781823722943697,0.0013852770562772232,0.0005402580519481171,0.18560557670520048,10657.989955960968,3.6716168003775805e-07,,314.40002368535835,False,True
200mv0_converted.csv,200.0,-41.0,0.5613257342573998,2.133334,0.05428491823789381,2.059452194805192,0.08204893290043269,0.03199908383116875,0.02228583440672506,92410.81833506416,4.589661058199498e-08,,314.40002604645326,False,True
200mv0_converted.csv,200.0,-40.0,-1.1226506741863105,2.56,0.3598206055516848,2.142280238095235,0.1864933225108223,0.0727323957792207,0.28708820977246413,7462.097589424274,6.150233983856891e-07,,314.40003083945294,False,True
200mv0_converted.csv,200.0,-39.0,1.3026987310602296,1.706667,-0.14423975584886686,2.4324388398268364,0.09855690259740246,0.03843719201298696,-0.18267694786185382,,-4.443505031201952e-07,,314.40003014015826,False,True
200mv0_converted.csv,200.0,-38.0,-0.38127767738347984,2.56,0.18367006757895696,2.33939404329004,-0.027532476190476052,-0.01073766571428566,0.19440773329324262,12033.44128168668,4.5479629323573056e-07,,314.4000281336071,False,True
200mv0_converted.csv,200.0,-37.0,0.7413737911313198,2.56,0.06808544051747575,2.3773738874458843,0.003088060606060594,0.0012043436363636318,0.06688109688111213,35546.27537990151,1.5900137328889434e-07,,314.40003218739145,False,True
200mv0_converted.csv,200.0,-36.0,-1.1226506741863105,2.786667,0.3903558926924091,2.345570164502161,0.12300149350649314,0.04797058246753233,0.3423853102248768,6850.674063561909,8.030887684272877e-07,,314.40003956403706,False,True
200mv0_converted.csv,200.0,-35.0,1.3026987310602296,1.706667,-0.09651122844363139,2.6233768744588706,0.07131320779220762,0.027812151038960974,-0.12432337948259237,,-3.2614707868920724e-07,,314.40004129010157,False,True
200mv0_converted.csv,200.0,-34.0,-0.38127767738347984,2.786667,0.19458207102586114,2.4881965800865764,-0.03468972510822499,-0.013528992792207746,0.20811106381806888,11956.099471298476,5.178212372702983e-07,,314.4000402744916,False,True
200mv0_converted.csv,200.0,-33.0,0.7413737911313198,2.56,0.0517174353471194,2.5539974242424206,0.03494940692640691,0.013630268701298695,0.03808716664582071,67056.64004866767,9.727452551011792e-08,,314.40004342812784,False,True
200mv0_converted.csv,200.0,-32.0,-1.1226506741863105,3.213334,0.40768669620983994,2.5580953939393902,0.14360744155844118,0.056006902207792066,0.35167979400204785,7273.9333836293545,8.996304611781922e-07,,314.40005034450144,False,True
200mv0_converted.csv,200.0,-31.0,1.3026987310602296,1.92,-0.09169716449657742,2.841212307359303,0.04294374242424248,0.01674805954545457,-0.10844522404203198,,-3.0811590522255823e-07,,314.40005241569304,False,True
200mv0_converted.csv,200.0,-30.0,-0.38127767738347984,3.0,0.15148433775913508,2.643982878787875,-0.07803752813852793,-0.030434635974025896,0.181918973733161,14533.848913781105,4.809906518771388e-07,,314.4000503819006,False,True
200mv0_converted.csv,200.0,-29.0,0.7413737911313198,2.56,-0.023245077763812717,2.685137251082247,-0.04432906709956708,-0.01728833616883116,-0.005956741594981559,,-1.5994668751756063e-08,,314.40005126980014,False,True
200mv0_converted.csv,200.0,-28.0,-1.3132895128780504,3.213334,0.3169064206242759,2.555324744588741,0.06649353463203456,0.025932478506493477,0.2909739421177824,8781.971079576533,7.435329143241014e-07,,314.4000548931457,False,True
200mv0_converted.csv,200.0,-27.0,1.1226514685148095,1.92,-0.18224818518719954,2.818124320346316,0.0032324502164502444,0.0012606555844155954,-0.18350884077161514,,-5.171507271770482e-07,,314.40005295057574,False,True
200mv0_converted.csv,200.0,-26.0,-0.38127767738347984,3.0,0.07720958933302892,2.5617896450216415,-0.10204903463203463,-0.039799123506493506,0.11700871283952242,21894.007573052608,2.9975170892959936e-07,,314.40004695724616,False,True
200mv0_converted.csv,200.0,-25.0,0.7413737911313198,2.346667,-0.06519653655582884,2.614026251082247,-0.05956713852813866,-0.02323118402597408,-0.04196535252985476,,-1.0969853314896113e-07,,314.4000453453536,False,True
200mv0_converted.csv,200.0,-24.0,-1.3132895128780504,3.213334,0.3233252688359237,2.442655367965364,0.019393995670995645,0.007563658311688302,0.3157616105242354,7735.757883645217,7.712967929444122e-07,,314.40004875918765,False,True
200mv0_converted.csv,200.0,-23.0,1.1226514685148095,1.706667,-0.165880252228525,2.6528142424242382,-0.01292915584415577,-0.0050423707792207504,-0.16083788144930425,,-4.2667302263005545e-07,,314.40004846668637,False,True
200mv0_converted.csv,200.0,-22.0,-0.38127767738347984,3.0,0.05987878581559809,2.4167970562770527,-0.04862912121212104,-0.018965357272727208,0.0788441430883253,30652.84194375264,1.905502929205513e-07,,314.4000425907751,False,True
200mv0_converted.csv,200.0,-21.0,0.7413737911313198,2.133334,-0.07097347106164002,2.555555999999996,0.040577168181818335,0.015825095590909152,-0.08679856665254918,,-2.218185978003216e-07,,314.40003907613004,False,True
200mv0_converted.csv,200.0,-20.0,-1.3132895128780504,3.213334,0.3497341122910571,2.4979513926406893,0.20522369588744582,0.08003724139610387,0.26969687089495326,9262.07035458576,6.736896742428847e-07,,314.40004084662036,False,True
200mv0_converted.csv,200.0,-19.0,1.1226514685148095,2.133334,-0.1112744184015286,2.966003391774888,0.2706205168831166,0.10554200158441548,-0.2168164199859441,,-6.430782370707987e-07,,314.4000379666417,False,True
200mv0_converted.csv,200.0,-18.0,-0.19063883869173992,3.64,0.1740878078570974,3.0391924264069226,0.3612120454545449,0.1408726977272725,0.03321511012982489,91500.29653756697,1.0094711114883567e-07,,314.40002980651064,False,True
200mv0_converted.csv,200.0,-17.0,0.9320126298230695,3.213334,0.08353657740873287,3.6884274826839776,0.6013852099567092,0.2345402318831166,-0.15100365447438374,,-5.569660291490323e-07,,314.40002293478284,False,True
200mv0_converted.csv,200.0,-16.0,-1.1226506741863105,4.9200003,0.5679279244892768,4.241962846320341,0.8364791125541113,0.32622685389610345,0.2417010705931733,17550.451207807568,1.0252869613720912e-06,,314.40002615174575,False,True
200mv0_converted.csv,200.0,-15.0,1.4933375697519695,4.4933337,0.23396574776442464,5.3613857077922,1.032265536796535,0.40258355935064866,-0.16861781158622402,,-9.040251251175794e-07,,314.4000251902108,False,True
200mv0_converted.csv,200.0,-14.0,0.18004805687392,7.066667,0.6226252195686418,6.306493919913411,1.2920636082251065,0.5039048072077915,0.11872041236085029,53120.55268764434,7.487095587233153e-07,,314.40002197989253,False,True
200mv0_converted.csv,200.0,-13.0,1.6839764084437094,7.493334,0.801481322921438,7.945512924242413,1.6516883528138502,0.6441584575974016,0.1573228653240364,50504.50173200899,1.2500108597109798e-06,,314.40004051414047,False,True
200mv0_converted.csv,200.0,-12.0,0.0,10.066666999999999,1.6202480797925292,9.609870625541111,2.050389088311685,0.7996517444415572,0.820596335350972,11710.83785236615,7.885824618515988e-06,,314.40013022023277,False,True
200mv0_converted.csv,200.0,-11.0,2.806630259944,11.36,1.7208865256183368,12.046291100865783,2.4454250984848453,0.9537157884090898,0.767170737209247,15702.229655795823,9.241562024488394e-06,,314.40029296080485,False,True
200mv0_converted.csv,200.0,-10.0,2.42535258256052,15.213334,2.693291271748284,14.500720822510802,2.93419872445887,1.1443375025389593,1.548953769209325,9361.62273578559,2.2460946174280247e-05,,314.40059173135273,False,True
200mv0_converted.csv,200.0,-9.0,4.29996782969597,17.359997,3.554100659817048,17.914688549783524,3.545309722943718,1.38267079194805,2.171429867868998,8250.180590619157,3.890048979057069e-05,,314.4011670120856,False,True
200mv0_converted.csv,200.0,-8.0,3.5480008737613504,22.079997,5.149359405876677,21.591340268398238,4.099970491341985,1.598988491623374,3.5503709142533024,6081.43227563006,7.665726648866719e-05,,314.4022473825952,False,True
200mv0_converted.csv,200.0,-7.0,7.2972313680322705,25.506667,6.1492270109169525,26.114629532467493,4.718903155844149,1.8403722307792183,4.308854780137734,6060.689177283605,0.00011252414629249859,,314.4039878455476,False,True
200mv0_converted.csv,200.0,-6.0,7.85855948527517,31.719997,8.059650139561972,31.029146580086536,5.45720063852813,2.128308249025971,5.931341890536001,5231.387290217814,0.00018404447693804916,288.83523433824575,314.40668389127234,False,True
200mv0_converted.csv,200.0,-5.0,10.665184184919667,36.439997,10.076809835781171,37.02903080952375,6.211976292207785,2.4226707539610364,7.654139081820135,4837.778672910964,0.00028342535188109763,291.4400864607819,314.4109024375025,False,True
200mv0_converted.csv,200.0,-4.0,11.226512302162568,43.719997,12.830298738865947,43.453099164502106,6.9315727272727194,2.7033133636363607,10.126985375229587,4290.8227428458185,0.00044004889974731383,295.5296319258696,314.41739033639357,False,True
200mv0_converted.csv,200.0,-3.0,16.27844152749367,50.586667000000006,15.106089592173324,50.89217626406919,7.668111060606051,2.9905633136363603,12.115526278536965,4200.574955974161,0.0006165854988992655,296.26641731195906,314.42675077152154,False,True
200mv0_converted.csv,200.0,-2.0,18.343695613320868,59.373327,18.432869784199656,58.78932128571421,8.476395844155832,3.3057943792207745,15.127075404978882,3886.3640004309395,0.0008893104960965288,298.9933719626868,314.4399485034827,False,True
200mv0_converted.csv,200.0,-1.0,22.27296860416627,67.306667,21.86386381151992,67.84496795238086,9.291084004326276,3.623522761687248,18.240341049832672,3719.5010645375646,0.0012375153539663944,300.5553254106721,314.4584231644882,False,True
200mv0_converted.csv,200.0,5.546246e-13,24.51827312985287,77.600007,26.061997706935212,77.37148929437218,10.02654807359361,3.9103537487015076,22.151643958233706,3492.8102600535617,0.0017139056833672234,302.8227444276207,314.48383912726604,False,True
200mv0_converted.csv,200.0,1.0,31.063539924935966,87.453337,29.80421266443306,87.89806409956697,10.771448116885956,4.200864765585523,25.603347898847538,3433.0691613780496,0.002250484714776414,303.45093592855267,314.5175685224967,False,True
200mv0_converted.csv,200.0,2.0,34.25144230196397,99.466667,34.53804369099,98.91438552813838,11.470844718614707,4.473629440259736,30.064414250730266,3290.081912230695,0.0029738030618743907,305.0114582632343,314.5614957756814,False,True
200mv0_converted.csv,200.0,3.0,39.86469964453797,110.399967,39.30704197828366,110.83975353679638,12.08146939393938,4.711773063636358,34.5952689146473,3203.8991750651753,0.0038345310800386996,305.99348386888204,314.61811977608545,False,True
200mv0_converted.csv,200.0,4.0,43.23265246142547,123.479967,44.695685436287874,123.07732431601714,12.597745324675294,4.913120676623365,39.78256475966451,3093.750366763811,0.004896331625048183,307.2977086013373,314.689913387676,False,True
200mv0_converted.csv,200.0,5.0,50.72052505113487,135.479967,49.49856826415232,136.03524418614697,12.991663549783532,5.066748784415577,44.43181947973674,3061.6626953165005,0.0060442934125607885,307.6885937150682,314.7786285518215,False,True
200mv0_converted.csv,200.0,6.0,54.84044482395697,149.413367,55.25587632270946,149.0606514155842,13.236691277056266,5.1623095980519444,50.09356672465752,2975.6446019287378,0.007466979687707483,308.76222457546845,314.88666723618763,False,True
200mv0_converted.csv,200.0,7.0,61.385711619040066,162.279967,60.76683931963865,162.5086267402595,13.423185281385258,5.235042259740251,55.531797059898395,2926.40676772935,0.009024396080622868,309.39441397586916,315.01669993976884,False,True
200mv0_converted.csv,200.0,8.0,65.31498460988537,176.42666699999998,66.79584503270017,175.90702197835472,13.503761471861438,5.266466974025961,61.52937805867421,2858.9111011427804,0.0108234496584817,310.2829938949408,315.1708989396873,False,True
200mv0_converted.csv,200.0,9.0,73.55479238238976,188.853367,72.08728991709141,189.51614968398238,13.364442857142834,5.212132714285706,66.87515720280571,2833.8796888245865,0.01267392230258678,310.61923688984837,315.3504002155819,False,True
200mv0_converted.csv,200.0,10.0,77.48409714637486,202.786667,78.1504576698992,202.6359076926404,13.018871428571416,5.077359857142852,73.07309781275634,2773.0575787532343,0.014807233503200975,311.45199032548703,315.55672424834745,False,True
200mv0_converted.csv,200.0,11.0,84.41064161884147,215.65336699999997,83.78623119928037,215.5538925411252,12.610678787878769,4.91816472727272,78.86806647200764,2733.0946754936735,0.017000318725233454,312.01171612603895,315.79130470400617,False,True
200mv0_converted.csv,200.0,12.0,88.33994638282667,228.30666699999998,89.82584202302043,227.85726526839792,12.134660389610374,4.732517551948046,85.09332447107238,2677.733731579125,0.019389132206574993,312.80429731172904,316.0546397269824,False,True
200mv0_converted.csv,200.0,13.0,96.38911531663948,239.23996699999998,94.88584417045826,239.82321332034596,11.415937012987001,4.452215435064931,90.43362873539333,2651.9251375178483,0.0216880834355412,313.1808489778761,316.34563207660335,False,True
200mv0_converted.csv,200.0,14.0,99.93714240324047,250.813367,100.53764477303032,250.68913929437193,10.533683116883097,4.108136415584408,96.42950835744591,2599.7139627126876,0.02417383045270756,313.9568784753425,316.66324810602435,False,True
200mv0_converted.csv,200.0,15.0,106.30233492860947,260.893367,105.52872637248795,260.89057955411215,9.654976406926394,3.765440798701294,101.76328557378666,2563.700435604993,0.026549082550675823,314.50365427147676,317.00624930126344,True,True
200mv0_converted.csv,200.0,16.0,109.10893579839947,270.533367,110.7538683823471,269.9990921082247,8.732545887445895,3.405692896103899,107.34817548624319,2515.171691416641,0.028983909920760043,315.25589511205254,317.37226977772,True,True
200mv0_converted.csv,200.0,17.0,116.22611910955747,277.826667,114.86916533526346,278.35567132900394,7.692250216450191,2.9999775844155745,111.86918775084789,2488.224657078501,0.031139422857417647,315.68151697633516,317.75735580336806,True,True
200mv0_converted.csv,200.0,18.0,119.03279941219647,285.75996699999996,119.45078056787065,285.3835925411251,6.615574675324638,2.5800741233766087,116.87070644449405,2441.8744544567603,0.033352982067948934,316.42733066275787,318.1579174138601,True,True
200mv0_converted.csv,200.0,19.0,124.08472863752846,291.119967,123.3423296262088,291.5868206796532,5.56349264069263,2.1697621298701257,121.17256749633867,2406.376514952229,0.03533232370984808,317.010650198668,318.57100232316486,True,True
200mv0_converted.csv,200.0,20.0,125.76870504597147,297.119967,127.4264813371055,296.51057782251036,4.56413225108227,1.7800115779220855,125.64646975918342,2359.879894682346,0.03725550734965405,317.7912611478422,318.99278875294647,True,True
200mv0_converted.csv,200.0,21.0,131.57254562424248,300.333367,130.30356699743874,300.71508518181776,3.576457575757587,1.394818454545459,128.90874854289328,2332.7748394187333,0.03876480529875768,318.25527146387674,319.4178621449004,True,True
200mv0_converted.csv,200.0,22.0,133.25652203268646,304.186667,133.53043710160495,303.66349297402553,2.668458874458878,1.0406989610389625,132.48973814056598,2291.9774560340024,0.04023229666697824,318.9665573814412,319.8414461972913,True,True
200mv0_converted.csv,200.0,23.0,136.81511368826546,305.266667,136.06627580202837,306.0520029307355,1.7778610389610492,0.6933658051948092,135.37290999683356,2260.80685521124,0.041431150247093096,319.5207465137931,320.2605007623952,True,True
200mv0_converted.csv,200.0,24.0,137.18582679667148,307.839967,138.78781440600653,307.21921505194763,0.9589811688311443,0.37400265584414627,138.41381175016238,2219.5705122728637,0.04252338259823293,320.26867224960773,320.67160874834593,True,True
200mv0_converted.csv,200.0,25.0,141.49640923804046,307.626667,140.40069222461554,307.9699652683978,0.27191385281383873,0.1060464025973971,140.29464582201814,2195.1654923388696,0.043206537201149094,320.71945745961494,321.07013392843936,True,True
200mv0_converted.csv,200.0,26.0,142.05768175228846,308.479967,142.4199216795541,307.7630427575753,-0.24600389610387197,-0.09594151948051007,142.5158631990346,2159.500253861284,0.043861115699357245,321.38938432616743,321.45265513171967,True,True
200mv0_converted.csv,200.0,27.0,144.67372321623648,306.546667,143.8756627532234,307.47795747619006,-0.7552932900432836,-0.2945643831168806,144.1702271363403,2132.742408634838,0.0443291669687603,321.9008449823606,321.818172135325,True,True
200mv0_converted.csv,200.0,28.0,144.11237126913846,306.75996699999996,145.55041257198505,306.25245617748874,-1.1931558441558536,-0.4653307792207829,146.01574335120583,2097.393398469862,0.044717680041888606,322.5883040874387,322.16528036053234,True,True
200mv0_converted.csv,200.0,29.0,147.28968524733446,304.626667,146.18898803495426,305.09164578787835,-1.4248774891775042,-0.5557022207792267,146.7446902557335,2079.064293612205,0.04477057906075417,322.95006257679324,322.49113349098576,True,True
200mv0_converted.csv,200.0,30.0,146.91897213892847,304.399967,147.30874775574253,303.40270119913373,-1.4968781385281318,-0.5837824740259714,147.8925302297685,2051.507947884601,0.04487099315888631,323.50068896632837,322.79445507252115,True,True
200mv0_converted.csv,200.0,31.0,148.60294854737148,300.973367,147.98698049863347,302.0978895108221,-1.5995047619047398,-0.6238068571428486,148.61078735577632,2032.812657048882,0.04489500521872159,323.87879047041366,323.07660372772546,True,True
200mv0_converted.csv,200.0,32.0,147.48032408602546,300.75996699999996,148.9658971807096,300.20369167532425,-1.6822794372294538,-0.656088980519487,149.62198616122907,2006.41429363083,0.04491707260139524,324.4186862096492,323.3383659580808,True,True
200mv0_converted.csv,200.0,33.0,150.28692495581546,298.186667,148.9871198499851,298.7333306363632,-1.6329255411255588,-0.6368409610389679,149.62396081102406,1996.5607715308722,0.044697664156081895,324.6219286993025,323.57877020550114,True,True
200mv0_converted.csv,200.0,34.0,149.35493933316147,297.973367,149.589305783545,296.93784059307313,-1.4491999999999905,-0.5651879999999964,150.154493783545,1977.5488106344883,0.04458655113943187,325.01653139293904,323.79810079022536,True,True
200mv0_converted.csv,200.0,35.0,150.28692495581546,294.75996699999996,149.8505514849084,295.8349306363632,-1.3081006493506493,-0.5101592532467533,150.36071073815515,1967.501544679071,0.0444819504316564,325.22628437278763,323.9990560743303,True,True
200mv0_converted.csv,200.0,36.0,148.79358738606348,294.973367,150.46703223658383,294.32163929437183,-1.2292571428571648,-0.4794102857142943,150.94644252229813,1949.84150918889,0.04442680440881646,325.59677447851885,324.1835620872563,False,True
200mv0_converted.csv,200.0,37.0,151.60026768870247,292.613367,150.2051521040204,293.37641635064887,-1.0707976190476245,-0.41761107142857357,150.622763175449,1947.7561702205462,0.044189166481245705,325.64066023086286,324.3514670394538,False,True
200mv0_converted.csv,200.0,38.0,150.47756379450746,293.25336699999997,150.6330090667781,292.1800440562766,-0.807998051948033,-0.31511924025973287,150.94812830703782,1935.6321097401374,0.0441040307789628,325.8963069641002,324.50373925674046,False,True
200mv0_converted.csv,200.0,39.0,151.22955458029648,290.90666699999997,150.7612941502433,291.7604202467528,-0.58292640692639,-0.2273412987012921,150.9886354489446,1932.3336447093654,0.04405250773106783,325.9659913371873,324.6433897233814,False,True
200mv0_converted.csv,200.0,40.0,149.54557817185346,291.546667,151.2454590311752,291.0141912424238,-0.4152510822510749,-0.16194792207791922,151.40740695325312,1922.0604665151825,0.044061704082613486,326.1833255019191,324.77230297251367,False,True
200mv0_converted.csv,200.0,41.0,152.16154020295048,290.039967,150.76400311988837,290.92991808225065,-0.28539870129870337,-0.11130549350649432,150.87530861339488,1928.2805169117087,0.043894141175529255,326.0516861675933,324.8900752913731,False,True
200mv0_converted.csv,200.0,42.0,150.84827690291348,291.546667,151.03914578738951,290.4433938398264,-0.09870476190477007,-0.03849485714286033,151.07764064453238,1922.4776916076216,0.04387950268211168,326.1744913797106,324.9973327224878,False,True
200mv0_converted.csv,200.0,43.0,151.60026768870247,290.039967,151.0121355237886,290.7325085584411,0.14360562770562524,0.056006194805193844,150.9561293289834,1925.9404030215874,0.043887854162087805,326.1011947374614,325.09660409537014,False,True
200mv0_converted.csv,200.0,44.0,149.54557817185346,291.333367,151.4001092872215,290.73060509523765,0.23539069264072054,0.09180237012988102,151.30830691709164,1921.4451011902574,0.04398995562594198,326.1963568659068,325.18966227843,False,True
200mv0_converted.csv,200.0,45.0,152.35217904164247,290.039967,150.88982440955988,291.20328994372255,0.22214134199134605,0.08663512337662496,150.80318928618325,1931.0154600981168,0.043914384854142494,325.9938539493532,325.2760877811198,False,True
200mv0_converted.csv,200.0,46.0,150.84827690291348,292.399967,151.14744405292518,291.17488777922034,0.32857229437226465,0.1281431948051832,151.01930085812,1928.064069458076,0.04397302797985941,326.05626477167965,325.3559739356114,False,True
200mv0_converted.csv,200.0,47.0,151.79090652739447,291.333367,151.08504353203827,291.8604345324671,0.49908290043291004,0.19464233116883492,150.89040120086943,1934.2544801371062,0.04403893806126404,325.92540526138157,325.4312100075213,False,True
200mv0_converted.csv,200.0,48.0,149.72565244156746,292.613367,151.49579904933313,292.17305358008616,0.5409588744588802,0.2109739610389633,151.28482508829416,1931.2779944027143,0.044201349306376134,325.9883039477689,325.5031943174153,False,True
200mv0_converted.csv,200.0,49.0,152.35217904164247,291.75996699999996,151.00604807905316,292.94235228138484,0.4239588744588616,0.16534396103895602,150.8407041180142,1942.0643386296692,0.044187630684111454,325.76057609851307,325.57133154882905,False,True
200mv0_converted.csv,200.0,50.0,150.84827690291348,294.333367,151.2521086954295,293.0209713290039,0.4563865800865585,0.17799076623375784,151.07411792919575,1939.5841944702577,0.044267884778285416,325.8128857656759,325.63511476173386,False,True
200mv0_converted.csv,200.0,51.0,151.97090136425948,293.25336699999997,151.13697817324532,293.85512544155796,0.6225612554112558,0.24279888961038978,150.89417928363494,1947.4251878808402,0.04434102798179348,325.64762796894126,325.69572595470123,False,True
200mv0_converted.csv,200.0,52.0,149.91629128025846,294.75996699999996,151.52563175807822,294.2660938398264,0.557781168831184,0.21753465584416176,151.30809710223406,1944.813922555646,0.04452484270061157,325.70262415811555,325.7544558123258,False,True
200mv0_converted.csv,200.0,53.0,152.16154020295048,293.69336699999997,151.03231043595457,294.9706877792203,0.3443575757575843,0.13429945454545789,150.8980109814091,1954.768560969046,0.044510490083702586,325.49319445725195,325.8105240017918,False,True
200mv0_converted.csv,200.0,54.0,150.84827690291348,296.479967,151.2333075245342,294.95480899134157,0.33592575757575105,0.13101104545454292,151.10229647907966,1952.0206897198184,0.044568348996140005,325.5509428935084,325.8628956960957,False,True
200mv0_converted.csv,200.0,55.0,151.97090136425948,294.973367,151.11153696631976,295.64253929437183,0.4646151515151473,0.18119990909090747,150.93033705722885,1958.8012924285188,0.044621428104154565,325.40853518621486,325.9125120656659,False,True
200mv0_converted.csv,200.0,56.0,149.91629128025846,296.266667,151.51160205999258,295.88403929437186,0.38556926406926095,0.15037201298701178,151.36123004700556,1954.8205257217082,0.04478537213887265,325.4921029478294,325.9606581082212,False,True
200mv0_converted.csv,200.0,57.0,152.16154020295048,295.186667,151.10576003181404,296.41367782251035,0.20643809523809864,0.08051085714285847,151.0252491746712,1962.6763037463184,0.04476594955192533,325.3272944876973,326.0066757404315,False,True
200mv0_converted.csv,200.0,58.0,151.03891574160446,297.75996699999996,151.29685380409796,296.29691548484806,0.24689329004328897,0.0962883831168827,151.2005654209811,1959.6283562821448,0.04480026115380167,325.3911866733158,326.04944948728786,False,True
200mv0_converted.csv,200.0,59.0,151.97090136425948,296.266667,151.21222068199236,296.90746440259693,0.3709614718614773,0.14467497402597615,151.0675457079664,1965.3954329579065,0.044853081949675716,325.2703518961366,326.08994081903165,False,True
200mv0_converted.csv,200.0,60.0,150.10693011895046,297.333367,151.62466492103488,297.038838428571,0.245395887445909,0.09570439610390452,151.52896052493097,1960.2776749709135,0.04500998642261428,325.37757035484714,326.1295618794454,False,True
200mv0_converted.csv,200.0,61.0,152.16154020295048,296.479967,151.2064437474868,297.39825617748875,0.056737445887421245,0.022127603896094285,151.1843161435907,1967.123731902376,0.044961951982490034,325.2341862192907,326.1673232914594,False,True
200mv0_converted.csv,200.0,62.0,151.22955458029648,298.399967,151.34402969550624,297.15231332034585,0.07973593073592156,0.03109701298700941,151.31293268251923,1963.8262774525883,0.04496298798189635,325.30320538679786,326.20182813258293,False,True
200mv0_converted.csv,200.0,63.0,151.97090136425948,296.90666699999997,151.27925306643846,297.5577280389606,0.16715151515154503,0.06518909090910256,151.21406397552934,1967.7913562796232,0.044994913324096546,325.2202231076287,326.23411857882115,False,True
200mv0_converted.csv,200.0,64.0,150.10693011895046,297.75996699999996,151.6535588779229,297.48661635064894,0.04894740259740615,0.0190894870129884,151.6344693909099,1961.8667018495364,0.04510922522122784,325.3442585316918,326.2655036971931,False,True
200mv0_converted.csv,200.0,65.0,152.16154020295048,296.90666699999997,151.23730048664623,297.6556228441554,-0.07803549783551489,-0.030433844155850806,151.26773433080209,1967.7403390813192,0.04502569167845912,325.22129010689997,326.29485358745836,False,True
200mv0_converted.csv,200.0,66.0,151.40962885001048,298.399967,151.4255480870907,297.3305453549779,-0.040628571428555915,-0.01584514285713681,151.44139322994783,1963.3373611632899,0.04502815203837805,325.31344617902687,326.32123065912634,False,True
200mv0_converted.csv,200.0,67.0,151.97090136425948,296.90666699999997,151.42601299277223,297.5743657012983,0.00739718614718754,0.002884902597403141,151.42312809017483,1965.18437740956,0.04505964129394022,325.274769363943,326.3460036352935,False,True
200mv0_converted.csv,200.0,68.0,150.28692495581546,297.75996699999996,151.81659394176623,297.3453397272723,-0.07895714285714917,-0.030793285714288174,151.8473872274805,1958.1854199560462,0.04515111294185386,325.4214576024151,326.3701899001383,False,True
200mv0_converted.csv,200.0,69.0,152.53225331135647,296.69336699999997,151.36764429075933,297.416451415584,-0.14822229437228884,-0.05780669480519265,151.4254509855645,1964.1113794268106,0.045036420286131036,325.29723473991237,326.39232894924385,False,True
200mv0_converted.csv,200.0,70.0,151.40962885001048,297.973367,151.52044971028042,297.0488951385277,-0.10758917748918861,-0.04195977922078356,151.5624094895012,1959.9114063906754,0.04502144628338944,325.38525050085997,326.41154126079954,False,True
200mv0_converted.csv,200.0,71.0,151.97090136425948,296.479967,151.5085877380951,297.2012730606056,-0.044329004329000554,-0.017288311688310215,151.5258760497834,1961.3895712634653,0.04503368326361915,325.35425972666144,326.42930985814434,False,True
200mv0_converted.csv,200.0,72.0,150.28692495581546,297.546667,151.9225566752088,296.9602371298697,-0.07189610389610834,-0.028039480519482254,151.95059615572828,1954.3209743351495,0.04512328506643013,325.5025972490814,326.44679922021436,False,True
200mv0_converted.csv,200.0,73.0,152.72289215004847,296.266667,151.47424007994147,297.0574808528134,-0.12647142857142057,-0.049323857142854026,151.52356393708433,1960.4705244139961,0.045011208192990475,325.3735265685076,326.4627443116546,False,True
200mv0_converted.csv,200.0,74.0,151.60026768870247,297.546667,151.6970588508866,296.70729427272687,-0.10825303030304667,-0.042218681818188206,151.7392775327048,1955.3756884652144,0.045022150471627206,325.48044186344873,326.47651021100796,False,True
200mv0_converted.csv,200.0,75.0,152.35217904164247,296.266667,151.72646069659996,296.8409747922073,-0.0832932900433434,-0.03248438311690393,151.75894507971685,1956.0031511571253,0.0450482731909002,325.4672652597776,326.48963345904303,False,True
200mv0_converted.csv,200.0,76.0,150.28692495581546,297.119967,152.13217687013397,296.5407076926402,-0.18024326839812943,-0.07029487467527049,152.20247174480926,1948.3304330946482,0.045134228683774806,325.6285717457382,326.50292142719087,False,True
200mv0_converted.csv,200.0,77.0,152.91353098874046,295.826667,152.05273734969526,296.48048825541105,-0.03421554112537706,-0.013344061038897053,152.06608141073417,1949.6819113435959,0.04508462606374155,325.60013222001163,326.51557551395535,False,True
200mv0_converted.csv,200.0,78.0,151.79090652739447,297.119967,151.8200691117368,296.47227661038943,0.01779225108225546,0.00693897792207963,151.81313013381472,1952.8763839403468,0.045008384310121365,325.5329546877255,326.52602593158343,False,True
200mv0_converted.csv,200.0,79.0,152.35217904164247,295.826667,151.43417215625865,296.51607275757556,0.06980004329003009,0.027222016883111735,151.40695013937554,1958.404633899711,0.044894594243529685,325.4168577595927,326.5337888140272,False,True
200mv0_converted.csv,200.0,80.0,150.28692495581546,296.90666699999997,150.89504648326084,296.6118766969695,0.09580393939393161,0.03736353636363333,150.8576829468972,1966.1701737880903,0.044746180453035585,325.25413700751557,326.53833755742073,False,True
250mv0_converted.csv,250.0,-50.0,-0.7413729968028306,-0.8533330000000001,-0.6235234558585067,-0.7642823757575751,0.15854554848484825,0.06183276390909082,-0.6853562197675975,,5.238056798842102e-07,,314.4,False,False
250mv0_converted.csv,250.0,-49.0,-0.5613249399289106,-0.426666,-0.24025593264094713,-0.6057368272727268,0.14662634393939367,0.05718427413636353,-0.29744020677731065,,1.8017048715663198e-07,,314.40000703317224,False,False
250mv0_converted.csv,250.0,-48.0,0.7519645729491398,-1.0666660000000001,0.050351393904659814,-0.47102968787878774,0.1227879348484846,0.047887294590909,0.0024640993137508144,-191156.94130111727,-1.1606639306583811e-09,,314.40000828979356,False,False
250mv0_converted.csv,250.0,-47.0,0.9426034116408797,0.6533340000000001,0.24829852377831407,-0.3601609575757576,0.0989495257575759,0.038590315045454605,0.20970820873285947,-1717.4385292401932,-7.552870926872352e-08,,314.400006896662,False,False
250mv0_converted.csv,250.0,-46.0,-0.5613249399289106,-0.426666,0.35358545698001553,-0.27313063636363594,0.07289463679653693,0.028428908350649405,0.3251565486293661,-839.9973413267078,-8.88102150449423e-08,,314.4000047331549,False,False
250mv0_converted.csv,250.0,-45.0,-0.3706861012371707,-0.426666,0.33721745180965923,-0.21437168398268375,0.09327555411255392,0.03637746610389603,0.3008399857057632,-712.5770980203082,-6.449157434507096e-08,,314.40000284531766,False,False
250mv0_converted.csv,250.0,-44.0,0.5613257342573998,-1.0666660000000001,-0.008756667007956262,-0.08657952813852811,-0.13982684415584387,-0.05453246922077911,0.04577580221282285,-1891.3819955792103,-3.963247355748793e-09,,314.4000019546421,False,False
250mv0_converted.csv,250.0,-43.0,0.9426034116408797,0.8666670000000001,-0.08798319737335454,-0.4940253722943715,-0.1025107489177487,-0.03997919207792199,-0.04800400529543255,,2.3715196587697042e-08,,314.40000201233806,False,False
250mv0_converted.csv,250.0,-42.0,-0.5613249399289106,-0.426666,0.2720206195298002,-0.2916010259740255,0.11812415151515132,0.046068419090909016,0.2259522004388912,-1290.542979478038,-6.588789346906932e-08,,314.4000014281315,False,False
250mv0_converted.csv,250.0,-41.0,-0.5613249399289106,-0.426666,0.24231067064277587,-0.25777706926406885,0.0420201536796536,0.016387859935064905,0.22592281070771097,-1140.9962033341092,-5.8237720024134727e-08,,314.4000000756962,False,False
250mv0_converted.csv,250.0,-40.0,0.5613257342573998,-1.2799989999999997,-0.02443691780944134,-0.20756071861471828,-0.19971148051948018,-0.07788747740259727,0.053450559593155936,-3883.228168134938,-1.109423655951427e-08,,314.3999993791426,False,False
250mv0_converted.csv,250.0,-39.0,0.9426034116408797,0.6533340000000001,-0.07065239385592367,-0.6572000303030292,-0.14585875541125526,-0.05688491461038955,-0.01376747924553412,,9.04798777736135e-09,,314.39999940703984,False,False
250mv0_converted.csv,250.0,-38.0,-0.5613249399289106,-0.6400000000000001,0.29347780483709557,-0.4992782294372288,0.062366359307359065,0.024322880129870036,0.2691549247072255,-1854.9845594700562,-1.343831942521342e-07,,314.3999981723612,False,False
250mv0_converted.csv,250.0,-37.0,-0.3706861012371707,-0.6400000000000001,0.2761470013196647,-0.5324673116883111,-0.048254006493506446,-0.018819062532467516,0.2949660638521322,-1805.181602027409,-1.5705978705862754e-07,,314.399995374499,False,False
250mv0_converted.csv,250.0,-36.0,0.5613257342573998,-1.4933330000000002,-0.02443691780944134,-0.5957862424242417,-0.2935642056277052,-0.11449004019480502,0.09005312238536368,-6615.942086657449,-5.3652411404546196e-08,,314.3999936112226,False,False
250mv0_converted.csv,250.0,-35.0,0.7519645729491398,0.0,-0.06982711749795077,-1.1195957229437214,-0.27838369696969645,-0.10856964181818161,0.03874252432023084,-28898.36794550538,-4.3375964524973556e-08,,314.39999310917705,False,False
250mv0_converted.csv,250.0,-34.0,-0.5613249399289106,-1.2799989999999997,0.24891288150655905,-1.1525536363636346,-0.10236633766233749,-0.03992287168831162,0.28883575319487065,-3990.3426899717433,-3.328986976565775e-07,,314.39998979829005,False,False
250mv0_converted.csv,250.0,-33.0,-0.3706861012371707,-1.4933330000000002,0.19444464188034774,-1.3243283982683964,-0.17209230952380927,-0.06711600071428561,0.26156064259463335,-5063.179173790456,-3.463921868574033e-07,,314.3999837212138,False,False
250mv0_converted.csv,250.0,-32.0,0.5613257342573998,-2.133333,-0.09788651366902933,-1.4967382554112532,-0.3516594653679648,-0.13714719149350627,0.03926067782447694,-38123.08748470249,-5.8762958433270887e-08,,314.3999808879363,False,False
250mv0_converted.csv,250.0,-31.0,0.5613257342573998,-1.2799989999999997,-0.07326574491894403,-2.027647329004326,-0.34969709523809467,-0.13638186714285694,0.06311612222391291,-32125.66389631757,-1.2797723664442758e-07,,314.3999804139458,False,False
250mv0_converted.csv,250.0,-30.0,-0.5613249399289106,-2.133333,0.22562173269006133,-2.1961324458874425,-0.20031762554112542,-0.07812387396103891,0.30374560665110023,-7230.170240486958,-6.670655820622457e-07,,314.3999737990239,False,False
250mv0_converted.csv,250.0,-29.0,-0.3706861012371707,-2.56,0.19375686687956745,-2.428282580086577,-0.25261194805194775,-0.09851865974025963,0.2922755266198271,-8308.19674903923,-7.097275698765567e-07,,314.39996188818014,False,False
250mv0_converted.csv,250.0,-28.0,0.7519645729491398,-3.213333,-0.11439210272421434,-2.701356341991338,-0.3855988961038954,-0.15038356948051923,0.03599146675630489,-75055.46690503025,-9.722577697971462e-08,,314.3999566705962,False,False
250mv0_converted.csv,250.0,-27.0,0.38127767738347984,-2.786667,-0.10591010144280096,-3.1994803722943677,-0.3776334329004323,-0.1472770388311686,0.04136693738836765,-77343.90250495216,-1.3235270423601234e-07,,314.39995755986376,False,False
250mv0_converted.csv,250.0,-26.0,-0.5613249399289106,-3.213333,0.18206543461502722,-3.4566232077922026,-0.25318893939393905,-0.09874368636363623,0.28080912097866345,-12309.51186964773,-9.706513245345764e-07,,314.399949499201,False,False
250mv0_converted.csv,250.0,-25.0,-0.5613249399289106,-3.8533329999999997,0.17298743594114335,-3.7058582510822458,-0.21774879220779186,-0.08492202896103883,0.2579094649021822,-14368.83385605012,-9.557759185399588e-07,,314.3999338656942,False,False
250mv0_converted.csv,250.0,-24.0,0.7519645729491398,-4.279999,-0.13869187679621445,-3.8921207922077863,-0.30323225324675285,-0.11826057876623361,-0.020431298029980838,,7.95210798742824e-08,,314.39993007649906,False,False
250mv0_converted.csv,250.0,-23.0,0.5613257342573998,-4.066667000000001,-0.11769316689228794,-4.3123227575757515,-0.2918325714285712,-0.11381470285714278,-0.0038784640351451627,,1.6725188723195565e-08,,314.3999362030378,False,False
250mv0_converted.csv,250.0,-22.0,-0.5613249399289106,-4.279999,0.13832578764246356,-4.475785935064929,-0.12836935064935062,-0.050064046753246744,0.1883898343957103,-23758.107487177895,-8.431925710975313e-07,,314.39993249790103,False,False
250mv0_converted.csv,250.0,-21.0,-0.7413729968028306,-4.493333,0.14749554329274822,-4.569061458874453,-0.04109673160173166,-0.01602772532467535,0.16352326861742356,-27941.353530329416,-7.471478642690442e-07,,314.399921509971,False,False
250mv0_converted.csv,250.0,-20.0,0.5613257342573998,-5.133333,-0.23011420363367674,-4.557979398268392,-0.07772010173160115,-0.030310839675324452,-0.1998033639583523,,9.106996166268911e-07,,314.3999291674901,False,False
250mv0_converted.csv,250.0,-19.0,0.5613257342573998,-4.279999,-0.25854040075935936,-4.724501662337655,0.03858587662337687,0.01504849188311698,-0.2735888926424763,,1.2925711780864977e-06,,314.39995660119945,False,False
250mv0_converted.csv,250.0,-18.0,-0.5613249399289106,-4.493333,0.044886148398269474,-4.480807645021638,0.2679653506493498,0.10450648675324642,-0.059620338354976946,,2.671472678997575e-07,,314.39997535678333,False,False
250mv0_converted.csv,250.0,-17.0,-0.9320118354945706,-4.066667000000001,0.13002721778621573,-4.188570961038955,0.42658008874458786,0.16636623461038927,-0.03633901682417354,,1.5220855062243932e-07,,314.3999813789767,False,False
250mv0_converted.csv,250.0,-16.0,0.5613257342573998,-4.279999,-0.2200733653489003,-3.6276474675324626,0.4915150692640686,0.19169087701298676,-0.411764242361887,,1.4937355110245224e-06,,314.39999947489525,False,False
250mv0_converted.csv,250.0,-15.0,0.7519645729491398,-2.3466660000000004,-0.21599277951960072,-3.205540822510818,0.7255122164502157,0.2829497644155841,-0.49894254393518483,,1.5993806926716325e-06,,314.4000306236892,False,False
250mv0_converted.csv,250.0,-14.0,-0.3706861012371707,-2.56,0.20301832104917716,-2.176623034632031,1.1096681406926392,0.4327705748701293,-0.22975225382095216,,5.000840479253095e-07,,314.4000493261626,False,False
250mv0_converted.csv,250.0,-13.0,-0.7413729968028306,-0.8533330000000001,0.4878762174867936,-0.9862045411255397,1.390447209956708,0.5422744118831161,-0.054398194396322486,,5.364774634268312e-08,,314.40005119067615,False,False
250mv0_converted.csv,250.0,-12.0,1.1226514685147997,0.0,0.314476696989551,0.6042713852813847,1.6313706017315996,0.6362345346753239,-0.3217578376857729,,-1.9442905430352487e-07,,314.4000459606901,False,False
250mv0_converted.csv,250.0,-11.0,1.6839764084437094,3.226667,0.6240009793279403,2.2765366623376595,2.143694428571426,0.8360408271428561,-0.2120398478149158,,-4.827164874271537e-07,,314.4000357197069,False,False
250mv0_converted.csv,250.0,-10.0,0.9426034116408797,4.506667,1.495629860802526,4.891660242424236,2.7606931926406886,1.0766703451298685,0.41895951567265755,11675.734908587683,2.0494076060012524e-06,,314.40004915647455,False,False
250mv0_converted.csv,250.0,-9.0,0.9426034116408797,7.720000000000001,2.3319546644748566,7.797923047619037,3.248715525974022,1.2669990551298687,1.064955609344988,7322.298675355333,8.304441890802457e-06,,314.4001504201743,False,False
250mv0_converted.csv,250.0,-8.0,3.7492281112854196,10.933334,2.8646248194815294,11.38909129437228,3.792236099567094,1.4789720788311667,1.3856527406503627,8219.296913472532,1.5781325565564135e-05,,314.40038241089405,False,False
250mv0_converted.csv,250.0,-7.0,5.05192684234565,16.293337,3.9952071181461215,15.382395246753225,4.573621499999992,1.783712384999997,2.2114947331461243,6955.655383754801,3.401808607136673e-05,,314.4008571526439,False,False
250mv0_converted.csv,250.0,-6.0,5.242565681037349,20.159997,5.861249095312277,20.536334294372264,5.470360324675316,2.1334405266233736,3.7278085686889035,5508.956244927308,7.65555229520207e-05,287.13939733408233,314.4019109274171,False,False
250mv0_converted.csv,250.0,-5.0,6.55586075421495,26.159997,7.781392775926205,26.323115896103857,6.189639173160165,2.4139592775324643,5.367433498393741,4904.227673054788,0.0001412875740428486,290.98235967487244,314.40396811336814,False,False
250mv0_converted.csv,250.0,-4.0,10.294494906368548,32.586667,9.525248485983253,32.91561264069259,6.938499534632026,2.7060148185064903,6.819233667476762,4826.878538812698,0.00022445925390503463,291.5159099185179,314.4073625934771,False,False
250mv0_converted.csv,250.0,-3.0,13.101127549298049,40.946667,12.011073203990193,40.20011496536791,7.943147071428559,3.0978273578571383,8.913245846133055,4510.154399343583,0.0003583135077291368,293.8162489859695,314.4126946098225,False,False
250mv0_converted.csv,250.0,-2.0,14.60505351788235,48.666667000000004,15.367471979933415,48.80190678354971,9.056364696969684,3.531982231818177,11.835489748115238,4123.353390705378,0.0005775944674251781,296.9125977413148,314.42119382054574,False,False
250mv0_converted.csv,250.0,-1.0,17.78236749607805,57.893337,18.860774131575003,58.31284435930728,9.969348506490473,3.8880459175312847,14.972728214043718,3894.603810721186,0.0008731023699797402,298.91840893735474,314.43425017433657,False,False
250mv0_converted.csv,250.0,5.546246e-13,23.02493556010085,68.386667,22.350271071476033,68.7406037965367,10.822511103896531,4.2207793305196475,18.129491740956386,3791.645390766505,0.0012462322087976674,299.8695328575144,314.45307380737535,False,False
250mv0_converted.csv,250.0,1.0,27.706175506880847,80.613337,26.570733368940523,79.95786656709946,11.850364502167409,4.62164215584529,21.949091213095233,3642.8782308488067,0.0017550025064857638,301.30203653925065,314.4793900245235,False,False
250mv0_converted.csv,250.0,2.0,30.883489485076552,92.613327,31.697075769052194,92.44133280086565,12.92825476190474,5.042019357142848,26.655056411909346,3468.059919751786,0.00246402894059916,303.0813646791927,314.51603038080776,False,False
250mv0_converted.csv,250.0,3.0,35.935418710407646,105.266667,36.8706880389172,105.81437609090894,13.695269307359297,5.341155029870126,31.529533009047075,3356.040067594613,0.003336277863790035,304.2813147704608,314.56588141286556,False,False
250mv0_converted.csv,250.0,4.0,42.68192068629985,119.413367,42.10436196208415,119.83187141558425,14.29024841991339,5.573196883766222,36.531165078317926,3280.264156883055,0.004377597876326475,305.12169938486204,314.63130835509077,False,False
250mv0_converted.csv,250.0,5.0,49.03654864269115,135.066667,47.94062833619034,134.39487293073572,15.002714545454516,5.8510586727272615,42.08956966346308,3193.06835411531,0.005656622366630469,306.11922702661803,314.71525853651036,False,False
250mv0_converted.csv,250.0,6.0,53.71778858947115,150.066667,54.60995816966419,149.83730050649328,15.760929285714269,6.146762421428565,48.46319574823563,3091.775071641831,0.007261594424833389,307.32162428949766,314.8220411603227,False,False
250mv0_converted.csv,250.0,7.0,60.453694223246046,165.293367,61.15425674364682,165.91673150216425,16.095873073593054,6.277390498701291,54.876866244945525,3023.4367021175544,0.009104990282442807,308.16099190461415,314.955631625279,False,False
250mv0_converted.csv,250.0,8.0,68.13220565164725,181.58666699999998,67.64019675963826,182.0290466536794,16.079538311688296,6.271019941558436,61.36917681807982,2966.131470090899,0.01117097275011615,308.88334483555565,315.11868165603147,False,False
250mv0_converted.csv,250.0,9.0,75.62004646821696,198.733367,74.4961387365207,198.07580812554085,16.15867445887443,6.301883038961027,68.19425569755968,2904.582007669437,0.013507632306813903,309.6789062573615,315.3139795056608,False,False
250mv0_converted.csv,250.0,10.0,81.04268880195404,214.813367,82.00230306090697,214.34639557142825,16.17372770562767,6.307753805194792,75.69454925571218,2831.7282773865372,0.01622485379736584,310.64831011308144,315.54570352920234,False,False
250mv0_converted.csv,250.0,11.0,88.53058522151835,229.599967,89.17390389158196,230.42326353679618,15.64053571428569,6.099808928571419,83.07409496301054,2773.707780258023,0.019142204076742608,311.4429686576237,315.8169767295349,False,False
250mv0_converted.csv,250.0,12.0,96.57975415533095,245.253367,96.1673364970645,245.62746699999963,14.697568181818156,5.732051590909081,90.43528490615542,2716.0578667373798,0.02221338995892225,312.2534646818835,316.1284292117953,False,False
250mv0_converted.csv,250.0,13.0,104.43828425045194,260.679967,103.27810765162685,259.8183999004325,13.831746536796516,5.394381149350641,97.88372650227622,2654.3574625184565,0.025431993196112966,313.1451641692558,316.48011971768136,False,False
250mv0_converted.csv,250.0,14.0,109.87149115316595,273.75996699999996,110.7978336048576,273.29096007359266,12.951924458874458,5.051250538961039,105.74658306589656,2584.395184696322,0.028899585210580784,314.1882852991595,316.873073152551,False,False
250mv0_converted.csv,250.0,15.0,117.16874873403894,284.90666699999997,117.75459591503649,285.7222488181814,11.582308441558439,4.517100292207791,113.2374956228287,2523.212362183147,0.032354471899893586,315.1300021141079,317.3065821830091,True,False
250mv0_converted.csv,250.0,16.0,124.65664515360294,296.053367,124.27199381524105,296.45557695670954,9.841619480519455,3.838231597402588,120.43376221783846,2461.56535756548,0.035703260463356465,316.10833255148657,317.7764435520813,True,False
250mv0_converted.csv,250.0,17.0,131.76318446293496,306.34666699999997,130.6646333129504,305.4054877792203,8.367217965367956,3.2632150064935033,127.40141830645689,2397.1906422939874,0.038909092301647956,317.16335847201765,318.2774624022515,True,False
250mv0_converted.csv,250.0,18.0,136.44448001270894,313.639967,137.2602368078927,313.19001288744545,6.987321212121202,2.725055272727269,134.53518153516544,2327.941355663778,0.042135075238813276,318.3387253077934,318.80612270694996,True,False
250mv0_converted.csv,250.0,19.0,142.43895942967194,318.78666699999997,143.12885539069217,319.3801302034627,5.263976406926389,2.052950798701292,141.07590459199088,2263.8885862695683,0.045056840777161336,319.46553406019234,319.3574843375271,True,False
250mv0_converted.csv,250.0,20.0,148.79358738606396,323.066667,148.35238879938356,323.7179657012982,3.4203510822510736,1.3339369220779187,147.01845187730564,2201.8866446196653,0.04759251416227559,320.59469849098804,319.9229192710546,True,False
250mv0_converted.csv,250.0,21.0,154.41743312746996,327.359967,153.28240751338456,326.2208323679649,1.9874257575757497,0.7750960454545424,152.50731146793,2139.0504443884593,0.049751062089268605,321.77958155121206,320.49371576234665,True,False
250mv0_converted.csv,250.0,22.0,157.59474710566596,327.78666699999997,158.31695985726833,327.6928172164497,0.8127311688311636,0.3169651558441538,157.99999470142419,2074.005241808378,0.05177546338389382,323.0505449734573,321.0643688350893,True,False
250mv0_converted.csv,250.0,23.0,161.71469070834195,327.57336699999996,162.61904986104824,327.8462947056272,-0.46625974025974415,-0.18184129870130022,162.80089115974954,2013.7868556501062,0.05337366894149798,324.2672167743229,321.6292181661783,True,False
250mv0_converted.csv,250.0,24.0,166.57598109498196,326.066667,166.1691260400737,326.76029773593024,-1.7096647186147038,-0.6667692402597345,166.83589528033343,1958.5731067458637,0.05451534681484223,325.4133226349596,322.17981433172014,True,False
250mv0_converted.csv,250.0,25.0,170.69592469765894,325.426667,169.44828359109027,324.4269652683978,-2.4188543290043185,-0.9433531883116842,170.39163677940195,1904.007563988708,0.05527964162745649,326.56602122296,322.70883709470877,True,False
250mv0_converted.csv,250.0,26.0,172.18926226741095,321.78666699999997,172.8000121625102,321.9225890779216,-2.7649744588744625,-1.0783400389610405,173.87835220147124,1851.4241997469176,0.055975369325300346,327.6784620185629,323.21343701965566,True,False
250mv0_converted.csv,250.0,27.0,174.44515519192996,318.78666699999997,175.42989282325055,318.89701635064887,-3.127245887445895,-1.219625896103899,176.64951871935446,1805.2526758212402,0.05633300445938023,328.63326367131145,323.69129584989685,True,False
250mv0_converted.csv,250.0,28.0,177.81310800881695,314.919967,177.36928366785804,315.6680973030298,-3.3835238095238083,-1.3195742857142854,178.68885795357232,1766.5796341092962,0.05640637179945554,329.3963606978936,324.138139695234,True,False
250mv0_converted.csv,250.0,29.0,180.23843120122294,312.99996699999997,179.127935551418,312.12996873160125,-3.2151216450216396,-1.2538974415584394,180.38183299297646,1730.3847264028784,0.05630257589184666,330.0644446912247,324.5516352285088,True,False
250mv0_converted.csv,250.0,30.0,180.42907003991496,309.13336699999996,181.1422872792156,309.23785401298653,-2.7206277056276917,-1.0610448051947998,182.2033320844104,1697.2129459724924,0.0563441674077986,330.6283804218444,324.9339687596859,True,False
250mv0_converted.csv,250.0,31.0,181.74233333995295,306.559967,182.53838116024693,306.68871332034587,-2.2471790043289843,-0.8763998116883039,183.41478097193524,1672.104678233501,0.05625124318021587,331.0218895496636,325.28751630827793,True,False
250mv0_converted.csv,250.0,32.0,183.79702285680196,303.986667,183.36108540690418,304.74349600432856,-1.7570772727272583,-0.6852601363636308,184.04634554326782,1655.797593289815,0.056086926767676105,331.2619401380184,325.61234305960255,True,False
250mv0_converted.csv,250.0,33.0,185.29036042655395,303.773367,184.12222644431264,303.17455877489135,-1.0415859307359483,-0.40621851298701983,184.52844495729966,1642.9692389433333,0.05594432988134615,331.44235926335114,325.9100839382352,True,False
250mv0_converted.csv,250.0,34.0,184.35837480389995,302.706667,185.21003455930656,302.66032414285667,-0.1658870129870138,-0.06469593506493539,185.2747304943715,1633.5758434799138,0.056075309986906886,331.5698883822893,326.18574159394467,True,False
250mv0_converted.csv,250.0,35.0,185.11028615683995,302.706667,185.85362357615045,302.8427847489173,0.4930707792208011,0.19229760389611245,185.66132597225433,1631.1570714203283,0.05622619297761399,331.60211319077087,326.4438657211157,True,False
250mv0_converted.csv,250.0,36.0,186.42362888972696,303.13336699999996,186.09294718652478,303.64646570129827,1.013985497835506,0.3954543441558474,185.69749284236894,1635.1672876868156,0.05638638739117746,331.5485500011626,326.6860443048459,False,False
250mv0_converted.csv,250.0,37.0,187.54625335107295,305.279967,186.35534036589084,304.87075574458834,1.6006599567099613,0.624257383116885,185.73108298277396,1641.463296549368,0.05662397563421914,331.4630622508046,326.9143360853244,False,False
250mv0_converted.csv,250.0,38.0,186.42362888972696,306.986667,187.13582141088338,306.8477856147182,2.2077913419913386,0.8610386233766221,186.27478278750675,1647.2856981653567,0.05715800461420907,331.38247206120235,327.13355372062546,False,False
250mv0_converted.csv,250.0,39.0,186.60362372659196,308.919967,187.43540085520954,309.286338428571,2.4744824675324537,0.965048162337657,186.47035269287187,1658.6354557819957,0.05767273260986257,331.22103247820934,327.34711333961116,False,False
250mv0_converted.csv,250.0,40.0,187.72632762078794,311.706667,187.43984359293668,311.7967505497831,2.5406891774891562,0.990868779220771,186.44897481371592,1672.2899702790219,0.058134184490254974,331.01909347553317,327.5546990244972,False,False
250mv0_converted.csv,250.0,41.0,188.84895208213396,314.706667,187.49178442371672,314.3677167835493,2.608827922077893,1.0174428896103782,186.47434153410634,1685.8497217219087,0.05862151298679279,330.8100821086451,327.75648694200737,False,False
250mv0_converted.csv,250.0,42.0,187.16497567368995,317.279967,188.0826781696435,317.0144063939389,2.650126839826811,1.0335494675324564,187.04912870211103,1694.818941919835,0.0592972685020032,330.6671555618046,327.9550809110516,False,False
250mv0_converted.csv,250.0,43.0,187.54625335107295,318.99996699999997,188.2834558722581,319.66797046320295,2.352439177489174,0.9174512792207778,187.3660045930373,1706.1151042716003,0.0598949104220554,330.4818979540777,328.1517916947703,False,False
250mv0_converted.csv,250.0,44.0,188.47823897372794,321.99996699999997,188.15269702290976,321.71928474891723,1.9362259740260015,0.7551281298701407,187.39756889303962,1716.774057685583,0.06028941182795464,330.30176354232634,328.3439148045546,False,False
250mv0_converted.csv,250.0,45.0,189.41030402923096,323.706667,188.07819863834524,323.54042241125495,1.6250370129870362,0.6337644350649442,187.4444342032803,1726.0604391186182,0.060645851420768,330.14071020197713,328.52938557061054,False,False
250mv0_converted.csv,250.0,46.0,187.72632762078794,325.426667,188.61165314975727,324.9693587748913,1.2962357142857002,0.505531928571423,188.10612122118584,1727.5852410606772,0.06112872559488073,330.1139086697811,328.7096051750441,False,False
250mv0_converted.csv,250.0,47.0,187.91696645947894,325.213367,188.72082448890663,326.13289383982635,0.7080380952380949,0.276134857142857,188.44468963176377,1730.655793363647,0.06145801195835504,330.05963323260266,328.8846526548673,False,False
250mv0_converted.csv,250.0,48.0,188.84895208213396,326.933367,188.5248746529861,326.3854349653675,0.18577922077921016,0.07245389610389197,188.45242075688222,1731.9248734216537,0.061508125319011446,330.0370823702166,329.0505433256119,False,False
250mv0_converted.csv,250.0,49.0,189.79158170661495,326.493367,188.4358789137332,326.5044522813848,-0.15250324675326965,-0.059476266233775166,188.495355179967,1732.1617923669942,0.061544572700620206,330.0328624917952,329.2050439463608,False,False
250mv0_converted.csv,250.0,50.0,188.10760529817094,326.493367,188.93567109023363,326.08042847186096,-0.48108073593073186,-0.18762148701298542,189.12329257724662,1724.1685253479538,0.0616694042775977,330.1738353561162,329.3497604863207,False,False
250mv0_converted.csv,250.0,51.0,188.10760529817094,324.57336699999996,189.04221082939654,325.5422908095233,-0.953146320346292,-0.37172706493505386,189.41393789433158,1718.6818162828847,0.06166224725337347,330.2689854927684,329.48494922481245,False,False
250mv0_converted.csv,250.0,52.0,189.23022975951696,324.99996699999997,188.77669535447615,324.17413583116837,-1.3215419913419737,-0.5154013766233697,189.29209673109952,1712.5603309877047,0.06136360187747411,330.37358716474205,329.60703631354335,False,False
250mv0_converted.csv,250.0,53.0,189.97157654347996,322.639967,188.64460368380986,322.89920682683936,-1.4144391774891858,-0.5516312792207825,189.19623496303063,1706.6893899338672,0.06109131420418692,330.4723149619376,329.71436531165836,False,False
250mv0_converted.csv,250.0,54.0,188.28760013503594,321.78666699999997,189.0607248728922,321.34525747619,-1.475735497835501,-0.5755368441558454,189.63626171704803,1694.5348667316696,0.06093871334828695,330.6717386174398,329.8095070221656,False,False
250mv0_converted.csv,250.0,55.0,188.10760529817094,318.99996699999997,189.18565623955755,319.94773583116836,-1.5961861471861312,-0.6225125974025911,189.80816883696014,1685.6373347450312,0.06072869386164552,330.8134272296183,329.89396525664273,False,False
250mv0_converted.csv,250.0,56.0,189.41030402923096,318.78666699999997,188.87636501182394,318.15288518181774,-1.593869480519487,-0.6216090974026,189.49797410922653,1678.924994725456,0.06028932719895982,330.91788019302413,329.9656243819228,False,False
250mv0_converted.csv,250.0,57.0,189.97157654347996,316.639967,188.79829146130353,316.7599968701294,-1.3491982683982826,-0.5261873246753302,189.32447878597887,1673.1063986089696,0.05997042130768554,331.0067506084986,330.0243805010793,False,False
250mv0_converted.csv,250.0,58.0,188.66887781241894,315.78666699999997,189.19342346554654,315.4544886450212,-1.0634824675324523,-0.41475816233765644,189.6081816278842,1663.71770425032,0.059812751978336506,331.1468708151598,330.0740243510322,False,False
250mv0_converted.csv,250.0,59.0,188.10760529817094,313.853367,189.2998758629615,314.6330319350645,-0.8976253246753174,-0.3500738766233738,189.64994973958488,1659.0198540368629,0.05967013869289818,331.21546740375203,330.1169828273844,False,False
250mv0_converted.csv,250.0,60.0,189.60094286792295,313.853367,188.9483115731165,313.65923799567054,-0.7531822510822508,-0.2937410779220778,189.2420526510386,1657.4499885290115,0.059357518031261325,331.23816757896634,330.1521683536005,False,False
250mv0_converted.csv,250.0,61.0,189.79158170661495,313.426667,188.82576834991193,313.1266674329,-0.36871580086580025,-0.1437991623376621,188.9695675122496,1657.021665208617,0.05917141092134711,331.24433903520185,330.1797561893215,False,False
250mv0_converted.csv,250.0,62.0,188.66887781241894,313.213367,189.10513127438878,312.92180639393894,0.0019244588744697921,0.000750538961043219,189.10438073542772,1654.7570456960582,0.059174884416737225,331.27685940742805,330.2034937069541,False,False
250mv0_converted.csv,250.0,63.0,188.10760529817094,312.34666699999997,189.20429029199005,313.1305163506489,0.17315779220780314,0.06753153896104323,189.136758753029,1655.5772575098872,0.059224490929224084,331.2650995974532,330.2260167052547,False,False
250mv0_converted.csv,250.0,64.0,189.41030402923096,313.213367,188.8268157631562,313.26812197835454,0.24095194805192932,0.09397125974025244,188.73284450341595,1659.8495232910273,0.05912398375321793,331.2034229705378,330.24634432904077,False,False
250mv0_converted.csv,250.0,65.0,189.60094286792295,314.279967,188.76620609196604,313.6124202467528,0.5729515151515159,0.2234510909090912,188.54275500105695,1663.3490915362656,0.05912934971587202,331.15228325599344,330.26422696136314,False,False
250mv0_converted.csv,250.0,66.0,188.66887781241894,314.493367,189.03415750760294,314.4140250086576,0.9019244588744755,0.35175053896104547,188.68240696864189,1666.3664093542739,0.059324395023332276,331.10774413399815,330.2828273682077,False,False
250mv0_converted.csv,250.0,67.0,188.10760529817094,314.706667,189.10044783105712,315.4162691645017,0.901112987012965,0.35143406493505636,188.74901376612206,1671.0883033027787,0.0595345097305894,331.03721224163735,330.3041284772092,False,False
250mv0_converted.csv,250.0,68.0,189.41030402923096,315.99996699999997,188.7667507743624,316.2162509826835,0.757772077922084,0.29553111038961277,188.4712196639728,1677.7959602875633,0.05959766250027529,330.9352438338828,330.3265839080271,False,False
250mv0_converted.csv,250.0,69.0,189.41030402923096,317.919967,188.72066940572415,316.9318133203459,0.8827099567099594,0.3442568831168842,188.37641252260727,1682.438948041388,0.05970247800757143,330.86345336777623,330.34907400490243,False,False
250mv0_converted.csv,250.0,70.0,188.47823897372794,317.919967,188.98297799426345,317.9816708961034,1.0132770562770474,0.3951780519480485,188.5877999423154,1686.120051208862,0.059967463736277524,330.80582438602113,330.37364056026684,False,False
250mv0_converted.csv,250.0,71.0,188.28760013503594,318.359967,189.05233903349958,318.9583674329,0.7857551948052048,0.3064445259740299,188.74589450752555,1689.8824118274144,0.06020208237178271,330.7462856391792,330.4014105930677,False,False
250mv0_converted.csv,250.0,72.0,189.41030402923096,319.213367,188.75931090799546,319.55318128571383,0.4512348484848303,0.17598159090908383,188.58332931708637,1694.4932642928004,0.06026240282072637,330.67240979992897,330.43007128318425,False,False
250mv0_converted.csv,250.0,73.0,189.41030402923096,320.919967,188.7832439223767,319.86083712986965,0.48355411255411695,0.1885861038961056,188.59465781848058,1696.0227868051848,0.060324045128040515,330.6476894999708,330.4578403990277,False,False
250mv0_converted.csv,250.0,74.0,188.47823897372794,320.493367,189.1168529495933,320.52028951082207,0.5773389610389756,0.2251621948052005,188.8916907547881,1696.8469509170156,0.06054361940691335,330.6343309689558,330.486405012436,False,False
250mv0_converted.csv,250.0,75.0,188.47823897372794,320.279967,189.14986400391226,321.0155150519476,0.2720538961038699,0.10610101948050925,189.04376298443174,1698.1015929014495,0.06068598094180566,330.6139283705734,330.51648760075204,False,False
250mv0_converted.csv,250.0,76.0,189.60094286792295,320.706667,188.84761547829865,321.0643973030298,0.004943852813966032,0.0019281025974467526,188.8456873757012,1700.1415375945787,0.060631626800555886,330.5805884875414,330.5452067046846,False,False
250mv0_converted.csv,250.0,77.0,189.60094286792295,321.99996699999997,188.8705853951704,321.02540275757553,-0.12443242424228629,-0.048528645454491655,188.9191140406249,1699.2743396443343,0.060647834673495944,330.59478830154586,330.5714291796919,False,False
250mv0_converted.csv,250.0,78.0,188.28760013503594,320.919967,188.95715042045694,320.81553245454523,-0.29530818181817153,-0.11517019090908691,189.07232061136602,1696.7874060951233,0.060657337209351875,330.6352990811273,330.59597155488314,False,False
250mv0_converted.csv,250.0,79.0,188.47823897372794,319.853367,189.10731055415854,320.4347863939392,-0.46618393939391467,-0.18181173636362674,189.28912229052216,1692.832543764104,0.060654819467859694,330.69913189210337,330.61876904146425,False,False
250mv0_converted.csv,250.0,80.0,189.79158170661495,320.066667,189.32106579627518,319.8831645757574,-0.5516218181817862,-0.21513250909089665,189.53619830536607,1687.715420251209,0.06062943891557881,330.78065328615537,330.6395984893714,False,False
