bootstrap_sample,selected_trace_indices,fit_start_ns,fit_stop_ns,ambient_temperature_K,S_e_mW_per_K,C_th_pJ_per_K,tau_th_ns,fit_rmse_K
0.0,"1,2,2",17.0,33.0,314.3236909598247,0.003441976926357412,0.04239340837525049,12.31658703189354,0.9204731731396886
1.0,"0,1,2",14.0,36.0,314.3678180957839,0.003607041697529854,0.029743484839709088,8.245949820895552,1.4858365092925063
2.0,"2,2,2",15.0,34.0,314.4425524310911,0.0036747283006003696,0.05080537956510897,13.825615231691685,1.2119246027681503
3.0,"2,1,1",16.0,35.0,314.3141483982378,0.003819663225359993,0.03653142022892538,9.564042187379593,1.1331423390462247
4.0,"2,2,0",16.0,35.0,314.3409758959977,0.003688904685338499,0.04831026512035942,13.096100127598284,1.10407307427668
5.0,"0,0,1",14.0,33.0,314.53904490592504,0.0036758936759390785,0.04253447001546772,11.571191597265518,1.1518003607114133
6.0,"0,0,0",15.0,35.0,314.39848400333887,0.0034948010454847237,0.03989017706255859,11.414148199965952,1.2490343127795016
7.0,"1,2,1",16.0,33.0,314.33059783632706,0.0035369164415580256,0.05848753597417256,16.536306961328318,0.88494500871673
8.0,"0,2,1",14.0,35.0,314.4531917534624,0.0034826542212860446,0.07751193685446388,22.256569825597253,1.4200406693449152
9.0,"2,1,1",14.0,36.0,314.40326809111997,0.003741666667110321,0.03765898319373072,10.064761654146666,1.2445145091806624
10.0,"1,1,2",13.0,33.0,314.46115271017965,0.003758057295706329,0.05163299643655,13.7392786681411,1.3324916479674964
11.0,"2,1,2",16.0,37.0,314.36767883471583,0.0034575849341142383,0.034713669515378784,10.039860242586263,1.1806329446052664
12.0,"1,0,0",14.0,35.0,314.31658126978834,0.0034854861449770337,0.06292339910973364,18.052976397686486,1.2467669772577783
13.0,"0,0,1",14.0,36.0,314.3439606516724,0.0034952196187928142,0.05244552680418939,15.004930311733352,1.431361635355464
14.0,"1,1,1",17.0,34.0,314.44335430074534,0.004002658232761011,0.028539611117268337,7.130164370187028,1.1687737607963937
15.0,"1,2,0",15.0,34.0,314.46740213980826,0.003542591887856829,0.03657517566118386,10.324411283883686,1.2222647997904066
16.0,"2,0,1",14.0,36.0,314.44144913298754,0.0036148543546513233,0.08309378878312701,22.986759805746573,1.403232731141949
17.0,"1,2,2",17.0,33.0,314.3318120814939,0.003444817453620638,0.030926417660991065,8.97766516727503,1.0252485398449573
18.0,"0,0,1",17.0,35.0,314.40393980714816,0.0035009416094568123,0.026355747938218543,7.528188378528188,1.1437606385146402
19.0,"0,1,0",14.0,35.0,314.41295310399977,0.0035517129491253797,0.036715192360723854,10.337319734626945,1.3711069044180886
20.0,"0,2,1",16.0,37.0,314.3027185106012,0.003544346714921313,0.04214043706240267,11.88947934607978,1.0778955909462886
21.0,"2,0,2",17.0,33.0,314.31658126978834,0.0034854861449770337,0.05234351543494138,15.01756519972805,0.8936231367712689
22.0,"1,0,1",13.0,37.0,314.25411642974166,0.0036833443552979467,0.021377325306519833,5.803781358582916,1.555881046555347
23.0,"2,1,2",17.0,33.0,314.3770672899562,0.0035410912047088993,0.05779392533343353,16.32093668092476,1.0299253336058252
24.0,"1,1,0",16.0,34.0,314.5349631195812,0.003657819278573737,0.07209026698068319,19.708537106511383,1.007185685634322
25.0,"1,2,0",17.0,37.0,314.27924580174505,0.0037343137615189386,0.05547071840106743,14.854327178577684,1.0746047725948114
26.0,"2,2,1",14.0,33.0,314.4404011316397,0.003665774334784877,0.03767052695492227,10.27628094764675,1.1000408563471502
27.0,"2,2,0",16.0,35.0,314.5305194534736,0.003537126612696315,0.03673424938478185,10.385336293285727,1.194053211466467
28.0,"1,0,2",14.0,36.0,314.2945441805584,0.0034876131348461187,0.04656794327888037,13.352382124497032,1.221701392478414
29.0,"2,1,0",14.0,33.0,314.4031629444256,0.003875826551744041,0.06411833533677318,16.543138471436826,1.1919243261136219
30.0,"2,2,0",15.0,33.0,314.4572328689048,0.004122522937081061,0.048440777962693006,11.750274941342434,1.2619702774587471
31.0,"1,0,2",16.0,35.0,314.39669725670683,0.003634538236637061,0.06177042327624611,16.995397834471703,1.3330182874447558
32.0,"0,0,2",13.0,36.0,314.3721198724573,0.003636699291394721,0.05347804673801223,14.705105496226691,1.3044568200010471
33.0,"0,1,1",14.0,37.0,314.54281222240775,0.00357624201957293,0.05130765397372241,14.346806981438437,1.1195082172023276
34.0,"2,0,2",13.0,33.0,314.3357128861996,0.003556360973323901,0.06875246467533172,19.33225147588807,1.3021867126847884
35.0,"0,0,2",15.0,33.0,314.54227970586345,0.0038541281193052415,0.055837352744266,14.487674258823404,1.0227462100324063
36.0,"0,2,2",17.0,34.0,314.48488053553945,0.004103654958454976,0.052445411358283324,12.78017082070394,1.0767382397888803
37.0,"0,2,2",13.0,33.0,314.31274330402397,0.003681005528567494,0.049825304420221476,13.535786358791906,1.4947381278833485
38.0,"0,2,0",15.0,34.0,314.30292889944116,0.003625259728522507,0.05322633557311088,14.682075095017685,1.065453050530351
39.0,"1,0,1",16.0,35.0,314.52652133803815,0.003749856828869441,0.04789803495166203,12.773296991742214,1.025021275765686
40.0,"0,0,2",13.0,36.0,314.51472970072035,0.003639375091237631,0.06925125172094478,19.028335905160773,1.3772254055348843
41.0,"0,1,2",15.0,34.0,314.4059348663835,0.0035931620844591753,0.045183051310320424,12.574732296586935,1.0984847899783703
42.0,"0,0,1",17.0,36.0,314.5364494630618,0.003848606059386777,0.045361063815303346,11.786361897099704,1.0854936703664695
43.0,"0,0,1",14.0,37.0,314.4126233855638,0.004013285690833269,0.025730021703201666,6.411211083719136,1.602023531392536
44.0,"0,0,2",16.0,34.0,314.3270900840052,0.003748985294236796,0.051789600379233754,13.814298087231329,1.0934311790726665
45.0,"2,2,0",14.0,33.0,314.2575622016429,0.003884837447966977,0.04785260421116514,12.317788028996551,1.359031996649742
46.0,"2,0,1",17.0,36.0,314.47892381377306,0.0035344319345865373,0.033842357201895185,9.575048502342742,1.1419322303262354
47.0,"1,0,1",16.0,33.0,314.39257629360105,0.003716598629400937,0.0505432500633147,13.599329683727928,0.9216345599956565
48.0,"2,2,1",13.0,35.0,314.4089541508329,0.003508804082255149,0.04799912580119921,13.679625500877101,1.2103961163692316
49.0,"1,1,1",13.0,33.0,314.288846998901,0.00346195309211227,0.053099729915908174,15.338084746697131,0.9771349244355318
50.0,"2,1,1",16.0,33.0,314.29968334401786,0.0036110014151549334,0.06736397123889017,18.65520488476459,0.9147366446520959
51.0,"0,0,2",14.0,33.0,314.4590292244246,0.0036897041276309508,0.04769973055058234,12.927792825819049,1.1468115551673428
52.0,"0,0,2",14.0,36.0,314.4856215045905,0.003569003131287402,0.06175850843681606,17.30413400184905,1.60932217866634
53.0,"1,2,2",15.0,36.0,314.51016447347087,0.0038383467134034547,0.06442781916222007,16.785304708727587,1.1292357498840508
54.0,"0,2,2",13.0,33.0,314.3921824499767,0.003958519777378507,0.07190857185071585,18.165520420447827,1.6238015792544696
55.0,"0,1,0",15.0,34.0,314.3371840848829,0.0037282137236645994,0.03112699824235494,8.349038051326913,1.1059888054806704
56.0,"1,0,2",14.0,37.0,314.46004456405234,0.0036497632927085734,0.021655103710155794,5.933289907709342,1.818144229628612
57.0,"1,0,1",16.0,33.0,314.49790120280767,0.0038479884788253206,0.058258774834567616,15.140059580519413,1.082004208750837
58.0,"1,2,0",13.0,36.0,314.49510515111314,0.003439224968866422,0.043910729617061266,12.767623524068089,1.4620711124091283
59.0,"1,1,0",14.0,37.0,314.4590055783103,0.003527321854133314,0.02806510267728486,7.956490458730946,1.2233913724403143
60.0,"1,0,1",15.0,36.0,314.3409758959977,0.003688904685338499,0.050196100935937994,13.607318490890185,1.2812907978562162
61.0,"2,2,1",15.0,34.0,314.2959725690872,0.0035650518236300653,0.040999781953339066,11.500472919238408,1.1269205877114097
62.0,"2,1,0",15.0,37.0,314.27801545234934,0.0036673426666848146,0.06617723620502389,18.0450103030177,1.294317857376957
63.0,"2,1,1",13.0,34.0,314.3741787716274,0.0035754707030535905,0.05405125748358919,15.117242447946035,1.195609518248517
64.0,"1,0,2",17.0,33.0,314.4427733196942,0.0036487402567067138,0.05908552709241647,16.19340455484929,1.1822018360271627
65.0,"1,1,1",14.0,34.0,314.54338141100544,0.003726419828093035,0.05765016392451933,15.470657248520851,1.1485333360362782
66.0,"1,1,1",17.0,33.0,314.48342171618503,0.003796820668247582,0.07266500608014469,19.13838245978658,0.957718279372133
67.0,"0,1,1",13.0,36.0,314.4863229046844,0.003485751407188421,0.07929581076483787,22.74855590714578,1.2847772389840049
68.0,"0,2,1",13.0,37.0,314.39240715043195,0.003684324939752032,0.07071860809385984,19.19445468309303,1.759810985244157
69.0,"1,1,2",13.0,33.0,314.51016447347087,0.0038383467134034547,0.055296985766200825,14.40645931570082,1.2147750810277638
70.0,"2,0,1",14.0,35.0,314.28664785191523,0.004091467861068216,0.03237572988278002,7.9129864836155015,1.4137395245092528
71.0,"2,0,0",17.0,34.0,314.275328527912,0.003906978036967526,0.032585710405932,8.340387403668133,1.2860973091727892
72.0,"2,0,0",15.0,37.0,314.4075882143218,0.0037538369019747622,0.05114272568920448,13.624120339991352,1.3412672677947872
73.0,"0,0,1",13.0,37.0,314.4995590351522,0.0038996075582614074,0.02943220330633031,7.547478269698579,1.4941136659835068
74.0,"1,1,0",17.0,35.0,314.47934995185136,0.003642613411810262,0.024477905103864467,6.719874534174005,1.1613387024517026
75.0,"2,1,0",13.0,35.0,314.4600551228433,0.0035638699583307133,0.04267929476689469,11.97554772365637,1.2665091047008186
76.0,"0,0,2",13.0,33.0,314.54840389924584,0.00360772456804362,0.04022832739949618,11.150609377397956,1.328443008390148
77.0,"1,0,2",13.0,33.0,314.45385613111284,0.003578973471464568,0.08328779643487802,23.27142045028779,1.6202167923507187
78.0,"1,2,1",16.0,36.0,314.5085480634494,0.0034139953322511714,0.03914585317047978,11.466287841895554,1.1177647284849384
79.0,"0,0,0",16.0,34.0,314.4590055783103,0.003527321854133314,0.03771105605918923,10.691129876622808,1.2221352428066738
80.0,"1,2,2",15.0,37.0,314.2728389567169,0.0035916465879322094,0.06619423936414845,18.43005366579175,1.4545566692681617
81.0,"1,2,2",14.0,35.0,314.49043849487043,0.003666381974630254,0.03552641492079154,9.689774597032896,1.1168285088438268
82.0,"2,2,0",17.0,34.0,314.306959256422,0.003598965095953995,0.04678587971327268,12.999814798390235,1.0763398309023322
83.0,"1,1,1",17.0,33.0,314.28791902016354,0.003640792386985679,0.049338010839201446,13.551448584534604,0.7239694360500591
84.0,"2,2,0",13.0,37.0,314.31134317850695,0.0037224545672099665,0.029485860354974015,7.921079981662232,1.4639951863971576
85.0,"0,0,0",16.0,33.0,314.4526332471906,0.003773067689481632,0.0475610038259162,12.605393737966686,1.1185122999337076
86.0,"1,2,0",15.0,36.0,314.38546579486894,0.00353786221689755,0.03971655221917746,11.226144429673695,1.2226108925466352
87.0,"1,1,1",14.0,35.0,314.32430954101267,0.003717124779850618,0.0344741878966541,9.274423092689272,1.14564248283076
88.0,"0,1,1",16.0,37.0,314.4272257053512,0.0034574618458782648,0.02935558451386779,8.49050136268702,1.1427194668807013
89.0,"2,2,1",13.0,36.0,314.43357154316715,0.0036029531400318194,0.02148299174268133,5.9626064807747134,1.469863632461593
90.0,"1,1,2",14.0,37.0,314.45484222662066,0.003773815080879552,0.0310179750022412,8.219262029927531,1.3347178689083086
91.0,"2,2,0",17.0,33.0,314.29734585615927,0.003614685577832238,0.04614961117718732,12.76725462934004,1.1054784237880753
92.0,"0,2,1",15.0,33.0,314.2547570708028,0.0035296469685081834,0.03577496932135866,10.135565862689964,1.1910175141597334
93.0,"2,2,0",17.0,37.0,314.35473372018333,0.0038137168760241963,0.043965028469560935,11.528131190324364,1.0927993393997546
94.0,"2,0,2",13.0,33.0,314.2752591324262,0.0034885277265841196,0.05248531625337753,15.045119421988902,1.3711620158241382
95.0,"1,1,1",13.0,33.0,314.2799716348291,0.0034975300564983472,0.04482175029520365,12.815258073887213,0.9810942531838439
96.0,"2,0,2",16.0,37.0,314.30698815876895,0.0035941565343579622,0.06256313353403335,17.4069028257305,1.1276654050218144
97.0,"1,0,2",17.0,37.0,314.3678180957839,0.003607041697529854,0.03373712559479435,9.353128803001626,1.2104854139350814
98.0,"1,2,1",16.0,33.0,314.3332253723512,0.003710138740617836,0.05736458876757039,15.461575099484735,0.9055117970957016
99.0,"1,0,1",15.0,33.0,314.4191516774869,0.003532991600639466,0.03785610816729888,10.715029200875254,0.8018305407521318
100.0,"1,2,1",14.0,34.0,314.2798930834095,0.0037330863854195618,0.026493611282623546,7.096972463884177,1.2490508894929873
101.0,"0,2,2",15.0,34.0,314.3522314907038,0.0037271024130961007,0.05838655791619499,15.66540208582391,1.5636694561901732
102.0,"0,2,2",13.0,36.0,314.3015027333923,0.0038379016721270705,0.043661200450164174,11.376320755493962,1.5969304626497105
103.0,"0,0,2",16.0,33.0,314.37077777076104,0.003944097124375322,0.05242457738548306,13.291908320788682,1.0834458492845485
104.0,"2,2,2",13.0,36.0,314.2974676302533,0.0036218973649753627,0.05137338021268561,14.184107122824301,1.3325191788278115
105.0,"0,1,2",15.0,34.0,314.33128152820524,0.00380509483374691,0.04830633519303814,12.695172473656976,0.9236544466856764
106.0,"1,2,1",17.0,36.0,314.3691001496923,0.003388210155991795,0.037355451271399054,11.025128180239571,1.1506678012539686
107.0,"0,0,1",13.0,36.0,314.5024688698901,0.0043187293132905,0.029354848561843273,6.797103136681055,1.5945724753739476
108.0,"0,2,1",13.0,36.0,314.5366309443567,0.003686905625170638,0.10424074560353476,28.273234034492077,1.5397238257138506
109.0,"0,0,0",13.0,37.0,314.43917168689364,0.003509788337460181,0.03598120371891594,10.251673394343014,1.4530146619451245
110.0,"1,1,1",14.0,36.0,314.4909880329723,0.0036850716604071654,0.05497344528745145,14.917876870100649,1.1708307777119698
111.0,"0,2,0",16.0,36.0,314.28338271733696,0.003606057803106157,0.04441190349807661,12.315915585108327,1.1380280060874997
112.0,"2,2,2",15.0,35.0,314.35750063441617,0.003778691001160682,0.032893341734671844,8.704956749458518,1.1997359430556358
113.0,"1,1,0",14.0,33.0,314.54903997260624,0.003802643256035276,0.08183343737136592,21.52014582001241,1.276777788214094
114.0,"0,0,0",16.0,37.0,314.51023925182704,0.0037570876392035617,0.04780272733512655,12.723346359112323,1.3067257567888018
115.0,"2,2,0",17.0,36.0,314.508633398128,0.0037050718036725555,0.05176655164496535,13.971807940038602,1.1385994354925775
116.0,"1,1,1",16.0,34.0,314.26772536979087,0.00347521826954672,0.0305284844726903,8.784623613489519,0.8875336750535254
117.0,"1,0,2",17.0,33.0,314.35473372018333,0.0038137168760241963,0.0938616531871755,24.61159447290339,1.1419158035514336
118.0,"0,2,1",14.0,36.0,314.3074205011162,0.0035690080695093963,0.031629117603367056,8.86215917346325,1.2708192105276084
119.0,"2,0,2",16.0,33.0,314.44553221069265,0.0037180021546049063,0.07334522371241524,19.72705250360708,1.103355244846788
120.0,"1,1,2",14.0,35.0,314.2937632318693,0.003749158217271516,0.04817735364851515,12.850178855235578,1.397109489809091
121.0,"0,1,1",14.0,34.0,314.50608753941185,0.003788459460363286,0.043576759531984366,11.5025012113514,0.9089388285178749
122.0,"0,1,0",16.0,34.0,314.487782578186,0.004032476026210078,0.0331056946670453,8.209768502494901,1.1759184752332625
123.0,"1,1,2",14.0,35.0,314.4233743556801,0.0035575950487204537,0.03698992914800871,10.397453516052293,1.2312487981875913
124.0,"2,2,0",16.0,33.0,314.487782578186,0.004032476026210078,0.041584419228132725,10.312378538110204,1.1649406707243626
125.0,"2,2,1",16.0,35.0,314.5341280825078,0.0036617622480941995,0.06228491987597425,17.009547768534414,1.2398108289202996
126.0,"2,2,2",15.0,36.0,314.5250539081359,0.0034571530314593305,0.05951768008760004,17.21580721073157,1.1918696033439826
127.0,"1,0,2",16.0,34.0,314.3960593768583,0.003664606999973475,0.07332576598469827,20.009175877584966,1.087817180221573
128.0,"1,1,2",17.0,33.0,314.54903997260624,0.003802643256035276,0.07204939424152008,18.94718736162499,0.9560253564527109
129.0,"1,0,1",17.0,35.0,314.34859012792265,0.0036577973905523482,0.040440381887492015,11.05593819710864,0.8766713441875734
130.0,"2,2,2",17.0,34.0,314.34561129525304,0.003611182603892065,0.036253957445598194,10.039358687241226,1.111801320859823
131.0,"0,0,0",15.0,33.0,314.3096898590263,0.0037555542114126057,0.04022787114808395,10.711567157208664,1.0527079082538522
132.0,"0,1,1",14.0,34.0,314.43890337706716,0.003598360725726416,0.050545754215143596,14.046883586119542,1.1663457757820914
133.0,"0,2,1",13.0,35.0,314.52062524123926,0.0037296541751328733,0.06258271157840258,16.779762583798536,1.5440093710373803
134.0,"2,0,0",14.0,36.0,314.3318120814939,0.003444817453620638,0.047439729961197795,13.771333488611067,1.3028964246798787
135.0,"1,1,2",16.0,36.0,314.3275412729541,0.003660741407268125,0.02690343296488608,7.349176019773303,1.2822940089890837
136.0,"2,0,0",14.0,37.0,314.3559569193847,0.0036522235851334205,0.03197623099778367,8.755277504899945,1.563945821754673
137.0,"2,0,2",16.0,37.0,314.34308563445853,0.003731259349419325,0.06195623193574983,16.604643669540618,1.2171487950420459
138.0,"2,1,1",14.0,33.0,314.45893349141306,0.003648082559271045,0.06177489493671362,16.933524374255775,1.1880348440435218
139.0,"0,0,0",15.0,34.0,314.4096059657145,0.0035183544723388386,0.07192147856117086,20.441794346366926,1.1603862571050263
140.0,"2,1,0",15.0,37.0,314.26530828827816,0.0037129046337278713,0.034385320147796994,9.2610297165842,1.2587799801912083
141.0,"0,1,0",17.0,34.0,314.3878622491952,0.003500242471430329,0.020958888591127323,5.987839060350223,1.1806857858666056
142.0,"0,2,2",16.0,35.0,314.48342171618503,0.003796820668247582,0.03398336203891504,8.950478573590367,1.3351984728948303
143.0,"2,2,2",17.0,35.0,314.5138283199617,0.004093761051265076,0.031147151737080186,7.608444007120281,1.3623567377454038
144.0,"0,2,0",15.0,35.0,314.2989549928432,0.0036860061124657723,0.04572395257246742,12.404741386031004,1.1857720506184293
145.0,"0,2,2",13.0,34.0,314.41120978996565,0.003676096559318078,0.05306382579378042,14.434829155745529,1.3343507277688371
146.0,"1,0,1",15.0,33.0,314.48828542781075,0.0034448119025285292,0.08136779169952651,23.62038741209692,1.0514194499916847
147.0,"2,1,1",15.0,35.0,314.2725222939196,0.0036825333136249142,0.05307744314794582,14.413296127306138,0.9374535433298259
148.0,"1,1,1",14.0,33.0,314.26234821272556,0.003737054883913149,0.021490838653421537,5.750742047148643,1.0551561608075712
149.0,"1,2,0",17.0,36.0,314.40440245191365,0.0034762000966971716,0.045452874834420454,13.075448354542772,1.0597086327246994
150.0,"1,2,2",15.0,35.0,314.2942886987242,0.0036246125180656942,0.04157318479178217,11.469690783380083,1.1333569993778045
151.0,"2,2,2",15.0,35.0,314.4625894179504,0.003686465480512763,0.07646402437497894,20.741825680771953,1.374894283910779
152.0,"0,0,2",14.0,33.0,314.3559569193847,0.0036522235851334205,0.037188545369330896,10.182439410530325,1.2507678120802803
153.0,"0,2,2",17.0,36.0,314.4616976710434,0.0035562718231439746,0.0671294833554625,18.876364545192637,1.1593515047480263
154.0,"1,2,0",17.0,35.0,314.341805738336,0.0034104923153065467,0.0577518834964523,16.933591445803145,0.9300772986715377
155.0,"2,1,2",14.0,34.0,314.54301084083306,0.0035827713050097824,0.05475304934365771,15.282317703922834,1.0891438501328765
156.0,"0,1,2",13.0,37.0,314.3844204322724,0.00352977479481597,0.04399575855822754,12.464182877287877,1.1824921375733304
157.0,"2,2,0",16.0,37.0,314.52062524123926,0.0037296541751328733,0.04518768138539989,12.115783196920672,1.158473009476998
158.0,"1,0,2",15.0,36.0,314.42347119693216,0.0037959996047244138,0.053193517783636346,14.013046186156847,1.1136109077575798
159.0,"1,1,2",14.0,37.0,314.41250919890234,0.003573962800093211,0.05584295340835066,15.624939746685177,1.183947786392196
160.0,"0,0,2",15.0,36.0,314.3327038178655,0.0037407715970342393,0.06169571251853461,16.49277720335779,1.2895597216225563
161.0,"1,0,2",16.0,37.0,314.3015027333923,0.0038379016721270705,0.04133872128114907,10.771177797850672,1.2257326878344836
162.0,"0,2,0",16.0,33.0,314.4539862570239,0.003613165482477311,0.05811526458541435,16.084307476990652,1.0059743067226932
163.0,"0,0,2",16.0,37.0,314.3702039541844,0.00404433506592702,0.03821082734704549,9.447987549045227,1.3896482512423005
164.0,"2,2,1",17.0,37.0,314.5311935571913,0.0038034827556319337,0.038567986887465225,10.140176613225451,1.026594925035105
165.0,"0,2,2",15.0,34.0,314.31589575598883,0.003490666611917306,0.06361046915872115,18.223014750693153,1.2774382905705362
166.0,"0,0,1",13.0,36.0,314.43904487287267,0.0035695590628948017,0.04589536377864746,12.85743224022402,1.3877673478143033
167.0,"1,1,2",16.0,37.0,314.3741787716274,0.0035754707030535905,0.04458989576406188,12.471056111851338,0.9687814403252132
168.0,"1,2,0",14.0,33.0,314.42478889753954,0.0035697359522931034,0.030974518873633037,8.676977593744946,1.1642377403874147
169.0,"1,2,2",14.0,35.0,314.35847526899573,0.00385562832892893,0.03889887341947962,10.088854552608158,1.4667740585348885
170.0,"2,0,0",15.0,36.0,314.44335430074534,0.004002658232761011,0.04537048516537607,11.335088465467052,1.6308749863030145
171.0,"0,0,0",13.0,37.0,314.5092589875284,0.0036040407672721553,0.08453673808619018,23.456099291067336,1.492026566978008
172.0,"2,1,1",17.0,33.0,314.2798930834095,0.0037330863854195618,0.03589866356345065,9.616349544886301,0.9581058744417225
173.0,"1,2,1",14.0,35.0,314.3001185711363,0.003439593119658871,0.04893444373799022,14.226811729069686,1.1097566674278752
174.0,"2,2,1",13.0,34.0,314.3318120814939,0.003444817453620638,0.05160970023692716,14.98183893102473,1.1088120803005315
175.0,"2,1,0",14.0,34.0,314.35926278450404,0.0036568934064303412,0.04266319650638645,11.666513558029004,1.200751663673422
176.0,"1,1,2",17.0,33.0,314.4924751529342,0.0038457436460178434,0.05737396187468918,14.918821210066424,0.8932271301059166
177.0,"0,1,0",17.0,33.0,314.4107647891617,0.0036801648289616767,0.042399718601445084,11.521146625763434,1.0160310556356256
178.0,"0,2,1",13.0,33.0,314.26875253379575,0.0035810578494722784,0.04061312314042067,11.341096638917914,1.400902850286625
179.0,"1,1,2",13.0,36.0,314.3532247368093,0.0038885216156422085,0.04117432341041982,10.588683175834598,1.3095390049960616
180.0,"1,1,0",14.0,35.0,314.2912478997701,0.00351191529221903,0.04642756215446786,13.220011956818087,1.2594999077113072
181.0,"2,1,1",13.0,34.0,314.5349631195812,0.003657819278573737,0.058196114516614536,15.910057355077,1.166315412350364
182.0,"1,1,2",15.0,36.0,314.4575069151882,0.003824560567071185,0.03416931015491851,8.934179379746382,1.2858791476798317
183.0,"0,1,1",13.0,33.0,314.5052057476679,0.0035881489072931228,0.061172494650812335,17.048482722240333,1.1949936851843286
184.0,"2,2,2",15.0,35.0,314.48696115764074,0.0034154002567337986,0.0721791869048674,21.133448931075943,1.2125735725837603
185.0,"2,0,2",15.0,34.0,314.3183433217064,0.0037917998819244157,0.033811931256485246,8.917119127954876,1.2234332739535445
186.0,"1,0,2",16.0,37.0,314.4104717549834,0.0035353588609903044,0.04484441110206989,12.684542889518244,1.1478310420125428
187.0,"0,2,2",17.0,35.0,314.30124720117084,0.003516252802689032,0.04029925914391931,11.460853756903004,1.11350877461293
188.0,"2,1,2",14.0,36.0,314.34231789132735,0.0034637227187634045,0.05859187600590624,16.915867915323293,1.183198791626861
189.0,"2,2,2",13.0,35.0,314.35034104902473,0.003770001578575022,0.05756679780009019,15.269701245549394,1.610625068958882
190.0,"1,1,1",15.0,35.0,314.36967675363167,0.0037197546117586793,0.04211852815769289,11.322931901085669,0.8526033622266359
191.0,"2,1,0",13.0,33.0,314.3878622491952,0.003500242471430329,0.04059175588376378,11.596841137458823,1.2084382365877937
192.0,"1,2,0",15.0,36.0,314.35046737482435,0.0035869147037431793,0.03645509086952519,10.163355942498974,1.1258261704948953
193.0,"2,1,1",17.0,35.0,314.44144913298754,0.0036148543546513233,0.03331526831009397,9.216213169757832,1.0038568140154327
194.0,"1,2,1",13.0,36.0,314.474830190656,0.003540271404084308,0.07343435401465284,20.742577512541487,1.2908128915325665
195.0,"2,0,2",13.0,34.0,314.4776290218545,0.003919923816426911,0.05961296810785423,15.207685378485913,1.6511179347590268
196.0,"2,1,1",15.0,33.0,314.33215701879,0.0038023207580750425,0.062312068776918715,16.38790431990402,1.1188887295025638
197.0,"1,2,0",16.0,35.0,314.52474750744665,0.003790056027261281,0.02794005219384884,7.371936454997079,1.382393999326321
198.0,"0,0,1",16.0,34.0,314.27215431894484,0.003881822061895572,0.036423020586581124,9.3829701634482,1.0835740333859627
199.0,"0,2,2",14.0,35.0,314.5143416895893,0.003606415301414779,0.06625517599382012,18.371477064171877,1.1046174202997692
200.0,"2,1,0",13.0,35.0,314.5044136811628,0.00362452930966691,0.07872631978710741,21.720425760425776,1.4455859287218875
201.0,"0,0,0",15.0,33.0,314.4843115703243,0.0038228842220261617,0.04377029926327877,11.449548749368123,1.0910521568499962
202.0,"1,1,1",16.0,37.0,314.51078956188917,0.004096731896859896,0.045433392210425805,11.090155117363194,1.081605236590104
203.0,"1,2,0",16.0,37.0,314.51728444231935,0.00363919450252897,0.04954582383692711,13.614502825418217,1.1409479458432108
204.0,"0,2,1",17.0,35.0,314.45739410940536,0.0036666913530688733,0.043307317557644734,11.811007087192722,1.0022590658802821
205.0,"0,0,1",15.0,35.0,314.2876065716583,0.003498638238890238,0.09314428212615401,26.62301037323002,1.22460553550552
206.0,"0,1,1",15.0,35.0,314.4527422723232,0.0038275308787540704,0.04148804566636092,10.839375822322829,1.4326287754353202
207.0,"1,2,1",16.0,36.0,314.3303270927195,0.003715364067417601,0.03185393572714131,8.57357048976406,1.114492320343958
208.0,"2,2,1",17.0,35.0,314.3986869604306,0.0034951692138767846,0.055012880458007785,15.739690152794747,0.9353737406423855
209.0,"2,0,2",16.0,36.0,314.329506267887,0.003768299503694527,0.03470013061782652,9.208432234169742,1.3341349595514185
210.0,"2,0,2",13.0,33.0,314.4526332471906,0.003773067689481632,0.11518908931531456,30.529293083300068,2.024559664793979
211.0,"1,2,1",14.0,37.0,314.41876032902667,0.003549112982096008,0.08415274498511617,23.71092309814772,1.151596355962677
212.0,"0,1,0",16.0,35.0,314.42607050643323,0.003716904890285655,0.03800709314349542,10.22546830370321,1.0614586018266514
213.0,"2,1,1",17.0,37.0,314.4262847204408,0.0035346974511810056,0.04339563859928876,12.277044697217155,1.2409819291617845
214.0,"0,1,0",13.0,33.0,314.3548172326909,0.0036804689621829987,0.05874482144337191,15.961232670884572,1.2222075098981868
215.0,"2,1,2",17.0,34.0,314.4319014440987,0.003609468008797759,0.04558365867172978,12.628913335877654,1.0562422738536377
216.0,"1,2,2",14.0,34.0,314.5247286375863,0.0034747572053690575,0.04461241648586647,12.839002511292911,1.1031952302358727
217.0,"0,2,1",16.0,33.0,314.46926107312225,0.003598476881755103,0.03936949580085822,10.940599896714172,1.0799690145654188
218.0,"1,1,1",14.0,34.0,314.31707639469914,0.0037255003099571403,0.04387402357862043,11.776679621085623,0.9688804816947051
219.0,"2,2,1",14.0,34.0,314.4270160682915,0.003756817226505022,0.039976557067178786,10.641070527769351,1.5481481157353931
220.0,"0,0,0",15.0,33.0,314.53422926725085,0.0037367876676438986,0.03601472639564648,9.637884086240927,1.2063278275895983
221.0,"0,0,1",14.0,34.0,314.5130771937212,0.004192366107893382,0.05825576744238605,13.895677510774204,1.3775735871395267
222.0,"0,0,1",17.0,34.0,314.313869883193,0.0034111243574513985,0.015452019541411996,4.529890417996042,1.4204122134810877
223.0,"1,0,0",13.0,37.0,314.48342171618503,0.003796820668247582,0.037538025204040586,9.886699553120115,1.3670511238573502
224.0,"2,1,1",16.0,35.0,314.5309782839064,0.0037889645370494103,0.058423796566701054,15.419462493095162,0.9093231056491071
225.0,"0,2,0",15.0,35.0,314.4186995442018,0.0040257166899668375,0.11243751482856566,27.929813120925775,1.7486031176071788
226.0,"0,1,0",17.0,33.0,314.29692741380984,0.003690096988887466,0.0330031783503742,8.943715693587878,0.9646041834390422
227.0,"1,0,1",14.0,35.0,314.38503165908156,0.0034562578176489875,0.04231013951647342,12.241603997370078,1.1282150038939767
228.0,"2,0,2",13.0,35.0,314.5078806570776,0.003531632641666969,0.03956440048502354,11.202864085645306,1.4171799433439052
229.0,"2,0,2",15.0,34.0,314.52127120619207,0.003445565160315538,0.04057307995186035,11.77544990852669,1.2503563391423393
230.0,"2,0,0",13.0,34.0,314.47120997913055,0.003706523559045126,0.09442842326805057,25.476277639626606,1.7452657030321574
231.0,"1,1,2",16.0,37.0,314.4705243480898,0.0035856180048291935,0.035762341349896004,9.973829142348809,1.189220906532253
232.0,"0,1,1",13.0,35.0,314.3425261651619,0.0036579217904214698,0.040535780338594916,11.081642162153592,1.233239848959116
233.0,"0,0,2",13.0,37.0,314.3488811704523,0.0036790857480632497,0.0438890520185179,11.92933653194195,1.3855215210885716
234.0,"0,1,1",14.0,37.0,314.4104174954152,0.0035775451849918614,0.05365792238877891,14.99853100776447,1.1846269858809955
235.0,"2,2,1",15.0,33.0,314.3727300933768,0.003685001031222856,0.04290849882724387,11.644094116577442,1.0013257861191742
236.0,"0,1,2",14.0,35.0,314.46999654341533,0.003937580680400946,0.05107653599281375,12.971552874343352,1.1907696114433082
237.0,"2,1,0",15.0,36.0,314.25423293300855,0.0033581826289005644,0.06321706238271202,18.824783928862338,1.293602139194679
238.0,"0,1,0",13.0,36.0,314.39717234098305,0.003816391732553978,0.033261204599043845,8.71535390754686,1.3614073164671332
239.0,"2,0,0",17.0,33.0,314.25176797051734,0.0037107549911843097,0.04178707562509501,11.261071055450744,1.0096578239714025
240.0,"2,0,1",15.0,35.0,314.4444634219674,0.003618483590738355,0.04732638072425029,13.079064624027575,0.9554669256095297
241.0,"1,1,0",15.0,34.0,314.30975407228317,0.003951561168584466,0.052294672851987405,13.233927205211524,1.1257723687608332
242.0,"0,2,1",14.0,35.0,314.34120580424997,0.003628504846670294,0.03573812371174968,9.849269939530286,1.1176910714020836
243.0,"2,2,1",16.0,35.0,314.30200395277996,0.003646945673744632,0.06593943317637661,18.080728114787338,1.0384760661062598
244.0,"2,0,1",17.0,37.0,314.4126233855638,0.004013285690833269,0.04758604776245257,11.857129401762672,1.1283029288375106
245.0,"2,1,1",13.0,37.0,314.44725249936386,0.0037250230428627178,0.09157141066225383,24.58277696770441,1.5028660543359404
246.0,"1,0,2",14.0,34.0,314.4836673144341,0.0035882621181063607,0.0793500603868768,22.113785942915545,1.2511310402457507
247.0,"1,2,1",14.0,37.0,314.54059353760573,0.003490861572127276,0.04950919034412833,14.182513205173647,1.0821530264060297
248.0,"2,2,2",14.0,33.0,314.275328527912,0.003906978036967526,0.04684560018968272,11.990238938236473,1.2581461389845037
249.0,"2,1,0",16.0,36.0,314.2942886987242,0.0036246125180656942,0.024159227982361337,6.665327083087523,1.555841011425402
250.0,"2,2,1",17.0,33.0,314.5407541266519,0.0035376562855761818,0.06376673648509691,18.025136230754864,1.0115086479858557
251.0,"1,1,0",17.0,33.0,314.4783620189718,0.0037111708290918834,0.026582941293758804,7.1629527494059335,0.990028401672725
252.0,"2,0,1",13.0,37.0,314.41022991483595,0.0037917064541492097,0.06593887322531344,17.390289576124093,1.5060500501500513
253.0,"0,1,0",17.0,36.0,314.47974948892494,0.0034720491718877844,0.04987226971315223,14.363929554038034,1.041957771974424
254.0,"2,1,1",14.0,35.0,314.34561129525304,0.003611182603892065,0.04372512875347533,12.108257473977973,1.2248028543951073
255.0,"2,0,0",15.0,35.0,314.47934995185136,0.003642613411810262,0.053092479270238316,14.575381262831582,1.2961969777002662
256.0,"1,1,1",13.0,33.0,314.3614761397425,0.0036483200444206144,0.064747233687648,17.747136462620958,1.1837809513947712
257.0,"0,0,0",15.0,34.0,314.3328439619795,0.0034865484214783803,0.02389320793361158,6.852968909429425,1.16096004541024
258.0,"2,1,2",17.0,34.0,314.30124720117084,0.003516252802689032,0.05052949180868358,14.370267055327044,0.9704653380568729
259.0,"1,0,0",16.0,35.0,314.3463573576481,0.0037839882309891634,0.09138304877162463,24.1499294377394,1.3784533172153737
260.0,"2,2,2",13.0,37.0,314.4444634219674,0.003618483590738355,0.04741686532174501,13.104070844237144,1.4493538472315546
261.0,"0,2,2",16.0,36.0,314.39257629360105,0.003716598629400937,0.036490003697843484,9.81811794504298,1.2017105335268305
262.0,"0,2,1",14.0,34.0,314.2641735071526,0.003575986778034931,0.03913098740723688,10.94271031637876,1.3661559696559389
263.0,"1,1,1",14.0,34.0,314.470444765002,0.003708330657367549,0.029501223877684904,7.955391954887616,1.085955894905012
264.0,"1,2,2",17.0,33.0,314.5034099385083,0.0036876039503395634,0.0559212287976254,15.16465150561411,1.0860549991599782
265.0,"2,1,1",15.0,35.0,314.4603161788194,0.003805358727982675,0.06995443574970564,18.38313829266509,1.4248061293233816
266.0,"0,1,0",17.0,36.0,314.26586019684316,0.0035096428506430207,0.027570729781903208,7.855708103419077,1.1245046279668816
267.0,"0,2,2",15.0,34.0,314.4320783774048,0.004049445028600873,0.03259563589288668,8.049408168938355,1.409489063041443
268.0,"2,1,1",17.0,33.0,314.4117355167248,0.0035205653678068564,0.03450545102717189,9.80111073712775,0.9721521454788592
269.0,"0,2,0",17.0,36.0,314.28398707285805,0.003851950155722485,0.038453162492255465,9.98277779766417,1.3065959877424462
270.0,"2,2,0",13.0,37.0,314.31688598280766,0.0036815910941483177,0.05034022048445223,13.673495832947115,1.479552013086029
271.0,"2,1,0",16.0,35.0,314.35926278450404,0.0036568934064303412,0.04983585482989076,13.627921104361034,1.0361008642499159
272.0,"0,0,2",17.0,34.0,314.4983398041485,0.0035155736520370347,0.03575942210565129,10.171717518969102,1.2671929726234263
273.0,"2,1,0",15.0,33.0,314.2784413820403,0.003744369806104004,0.048640108558684975,12.990198905939458,0.9988056894168552
274.0,"0,0,1",13.0,37.0,314.3027185106012,0.003544346714921313,0.025660489022546216,7.239836022395427,1.4955644390634377
275.0,"2,2,1",14.0,35.0,314.38802318771775,0.003603981880086291,0.05678590266537834,15.756434009601264,1.2165005009914633
276.0,"0,2,0",13.0,35.0,314.25411642974166,0.0036833443552979467,0.05937199562148438,16.119045599439144,1.3268015036047134
277.0,"1,1,0",17.0,34.0,314.4272257053512,0.0034574618458782648,0.029375289328846126,8.496200576693338,1.0095147278290462
278.0,"1,0,0",15.0,36.0,314.26834673424355,0.003743622775693551,0.03234962595255368,8.641262191958036,1.3203903001446393
279.0,"2,2,2",15.0,33.0,314.3744737072109,0.0035226741302621855,0.050919364450240916,14.45474732187365,1.0058121254900314
280.0,"1,2,2",15.0,37.0,314.5442110982336,0.004018441297753949,0.028689238064470546,7.139394590759852,1.505708811836338
281.0,"2,1,2",15.0,34.0,314.30411622852023,0.0034848115971875954,0.04762771584201638,13.667228346133305,0.9406121330797077
282.0,"2,1,2",17.0,37.0,314.4195453521712,0.0037832368094441442,0.039401599755678536,10.414785470822181,1.225633728973871
283.0,"2,2,1",17.0,35.0,314.34308563445853,0.003731259349419325,0.056194534737438864,15.06047408529351,0.9701977551372533
284.0,"0,1,0",15.0,35.0,314.52103927731736,0.004090165971670363,0.040585351636136385,9.922666199181627,1.0957996072615737
285.0,"2,1,2",14.0,36.0,314.33059783632706,0.0035369164415580256,0.06405691983447565,18.11095085024353,1.6333820180016336
286.0,"1,0,0",16.0,36.0,314.3478822030358,0.003711462006278077,0.02288011212531615,6.1647167845484026,1.4301473478697093
287.0,"0,0,0",13.0,34.0,314.47743242135897,0.004049313047134403,0.05069824949593876,12.520209948158156,1.1715920965068711
288.0,"0,1,1",16.0,36.0,314.35380096173714,0.0035387995633284395,0.041036553226472594,11.596179012714531,1.0896982969877387
289.0,"2,0,1",15.0,35.0,314.4104174954152,0.0035775451849918614,0.06018402395280341,16.8227152532639,1.2156185015453567
290.0,"0,2,0",15.0,37.0,314.417357849371,0.003662994515000241,0.07827220888050983,21.36836638984284,1.3777397226288495
291.0,"2,2,1",16.0,34.0,314.52670754653656,0.0038429663111542,0.04051803710325718,10.543427608421569,1.107385948685377
292.0,"0,0,1",17.0,34.0,314.2771491703233,0.0037302286743880753,0.0680777516291249,18.250289076524968,0.9522609797180813
293.0,"1,1,1",17.0,37.0,314.289147239787,0.003974521471702465,0.019290177933082256,4.853459232871979,1.2413589133333234
294.0,"0,1,0",14.0,35.0,314.37398379735214,0.0035917425204056498,0.026750006981043947,7.44764047786555,1.3490686180310387
295.0,"1,2,2",17.0,35.0,314.30124720117084,0.003516252802689032,0.05346536926113137,15.205211985965306,0.9176927651599533
296.0,"2,2,1",16.0,37.0,314.52963121670086,0.0035819637688583295,0.08044229686599497,22.45759646296873,1.2629141685755052
297.0,"2,0,0",15.0,37.0,314.4568256958001,0.003521995103038103,0.08362348248382542,23.74321372897171,1.3600937186184647
298.0,"1,1,2",14.0,36.0,314.54301084083306,0.0035827713050097824,0.060482095763115556,16.881372159742252,1.4538043569939048
299.0,"1,1,0",17.0,35.0,314.44438180651684,0.0036365330104738323,0.05984823447704333,16.457497925818426,0.8736533574686421
300.0,"1,0,0",17.0,34.0,314.5100782502808,0.0036613247588440376,0.03233339181858251,8.831063603544115,1.2089315782565784
301.0,"0,2,2",15.0,34.0,314.3497132352441,0.003658049949750498,0.06016693345427821,16.447816262974204,1.3660800972660017
302.0,"0,0,2",13.0,37.0,314.4568256958001,0.003521995103038103,0.03513115502405243,9.974788151678005,1.5982944477895862
303.0,"1,1,1",13.0,37.0,314.3321062475717,0.0035514041580961405,0.038564506484853885,10.858946143017356,1.021955765029633
304.0,"2,0,2",15.0,35.0,314.25979815700634,0.0038816178176445102,0.059421193849385975,15.308357659344384,1.1598087293000645
305.0,"2,0,0",13.0,36.0,314.49584887862,0.0036382521349949903,0.04904229091556794,13.479629529753707,1.4661759607091194
306.0,"0,0,2",13.0,36.0,314.4269318022331,0.0037252847777365585,0.025887363924904618,6.949096638092053,1.6879492725635157
307.0,"0,2,1",16.0,35.0,314.31366951706616,0.003592697023012914,0.05392791443031819,15.01042645257436,1.1637524962403731
308.0,"2,2,2",16.0,34.0,314.392266167273,0.0037235469861748925,0.04696872844763374,12.613974960440487,1.074266273814109
309.0,"0,1,2",13.0,34.0,314.47120997913055,0.003706523559045126,0.05199585109224343,14.028199271890935,1.1616619183080164
310.0,"2,1,1",15.0,33.0,314.40023281549827,0.004005987353843455,0.052866679693534646,13.196916271543616,1.2958794342072677
311.0,"2,2,1",16.0,33.0,314.38197430559114,0.003621302618420541,0.035608568081814146,9.833082687064993,1.0467294507224034
312.0,"0,0,1",16.0,33.0,314.4280716767939,0.003933103240644728,0.05341580895120222,13.581084879543134,0.9759624062690532
313.0,"0,0,0",17.0,37.0,314.4456959376937,0.0038465155274514298,0.04240881600099474,11.025255376804205,1.269484341854549
314.0,"2,0,2",17.0,33.0,314.4104717549834,0.0035353588609903044,0.0344009258784637,9.730532947602246,1.100640642837829
315.0,"1,0,2",17.0,37.0,314.3614761397425,0.0036483200444206144,0.030102377325558885,8.251024295852151,1.4061147884417242
316.0,"0,1,2",14.0,36.0,314.3497992473323,0.004004057836919562,0.05183462608594779,12.94552381536668,1.174221526692707
317.0,"2,2,0",14.0,37.0,314.48488053553945,0.004103654958454976,0.03237092438108043,7.888315345417849,1.5425918193316022
318.0,"0,2,1",15.0,37.0,314.30292889944116,0.003625259728522507,0.02829357088511665,7.804563811665941,1.4531224474583906
319.0,"1,0,0",13.0,36.0,314.440082029793,0.003703187688027566,0.058503103477505126,15.798038988584377,1.3658544885865227
320.0,"2,1,1",14.0,33.0,314.4319014440987,0.003609468008797759,0.05013187100618318,13.888991641979144,0.9581385947092078
321.0,"0,1,0",15.0,35.0,314.2794581950081,0.004084917263167266,0.01582085407162624,3.872992536294221,1.5974780437724976
322.0,"1,1,1",15.0,34.0,314.3885618569048,0.003678688689214768,0.039432075963034885,10.71905760295575,0.8202342075181098
323.0,"2,1,0",14.0,37.0,314.48390967836775,0.0039185909565794055,0.030790293832437667,7.857491168028152,1.4191849430930654
324.0,"2,2,0",15.0,37.0,314.3741787716274,0.0035754707030535905,0.033391456485653496,9.33903792223382,1.3312188563756453
325.0,"1,2,0",15.0,35.0,314.4404011316397,0.003665774334784877,0.0528053611606916,14.404967774370771,1.1848596608091897
326.0,"2,1,2",14.0,34.0,314.39848400333887,0.0034948010454847237,0.07071794634911582,20.235185187575492,1.3791736503210814
327.0,"1,2,0",13.0,33.0,314.33128152820524,0.00380509483374691,0.04737887191759582,12.45142998734185,1.4474727984223785
328.0,"1,2,1",15.0,35.0,314.48513419670127,0.0038513853401072815,0.06108195254450772,15.859735432966637,1.1531142144567932
329.0,"1,1,2",16.0,34.0,314.28272188849513,0.0035074812365899983,0.051995164280420156,14.824074819847155,0.9437271640917744
330.0,"2,1,2",16.0,33.0,314.25927504450436,0.003647354858728745,0.07377853359090329,20.22795599784831,1.0393820317706153
331.0,"1,1,2",17.0,37.0,314.42770846212807,0.0035741723646505927,0.029037324221958313,8.124209260063754,1.1340726908825693
332.0,"1,0,1",14.0,37.0,314.485344906487,0.0034807487427228,0.026371996807404055,7.576529866609872,1.4501319754863526
333.0,"0,0,1",14.0,35.0,314.3319348343518,0.003929519318225502,0.047270431301093534,12.02957091516221,1.209538494099881
334.0,"0,1,1",16.0,34.0,314.4107267833164,0.0036763207655914464,0.05845246746534404,15.8997190920962,0.8896990009916291
335.0,"0,0,0",16.0,35.0,314.3096898590263,0.0037555542114126057,0.09713289503211332,25.863797874875562,1.2525406730463426
336.0,"2,2,2",16.0,33.0,314.3579649801692,0.003693499364187067,0.06184481484042318,16.744233243975422,1.348304668412734
337.0,"1,1,0",16.0,36.0,314.53904490592504,0.0036758936759390785,0.030110938080115376,8.191460562967167,1.2225542995092205
338.0,"0,1,2",14.0,36.0,314.28914098356455,0.0035009541436917856,0.06402725329015922,18.288515262482687,1.1593469132761083
339.0,"1,1,2",15.0,33.0,314.2520781859619,0.0037664740215454244,0.03554515002366002,9.437248158444875,1.0607075346576915
340.0,"0,2,2",13.0,34.0,314.33915248051846,0.003678212309236753,0.04336061144713644,11.788501533271736,1.3248215978697981
341.0,"0,0,1",16.0,36.0,314.5426167375124,0.0035256957937293137,0.015581013054714293,4.419273234640994,1.7422266136216207
342.0,"0,1,2",17.0,36.0,314.52160435417227,0.0035940242502771904,0.06929340008098912,19.280170431695012,1.2350481779471747
343.0,"2,2,2",13.0,37.0,314.4287848056071,0.0037823962482699982,0.035253248787004664,9.320347862318465,1.464340434757394
344.0,"1,1,0",13.0,36.0,314.43826078692103,0.003532414631477198,0.021703887881616916,6.144207332914569,1.4819781487599126
345.0,"0,0,1",15.0,35.0,314.3258017696426,0.00360784248544592,0.089379856618304,24.773769081899616,1.4210445512315588
346.0,"2,2,2",17.0,33.0,314.4590292244246,0.0036897041276309508,0.04996973321057845,13.543019028645674,0.900808644096908
347.0,"2,2,1",16.0,35.0,314.4675404592396,0.00401837004334485,0.041707118119913435,10.379113339496444,1.1286351226485847
348.0,"1,0,2",14.0,34.0,314.4126233855638,0.004013285690833269,0.06429766394923166,16.021202800511738,1.0953090012103672
349.0,"0,1,2",16.0,37.0,314.3085329853435,0.0036753962065333504,0.04092952897421836,11.13608619975784,1.1522478187794327
350.0,"2,0,0",15.0,34.0,314.3894011420785,0.003933281639500482,0.04745532549623872,12.065071826960613,1.1466099666901106
351.0,"0,2,2",16.0,35.0,314.4675404592396,0.00401837004334485,0.05311551228264828,13.218173465785515,1.2535651676433386
352.0,"1,0,2",17.0,35.0,314.49471468651996,0.0036176653135377656,0.0743890263422877,20.562716529888615,1.0779309629940856
353.0,"1,0,2",16.0,37.0,314.4687221520937,0.0038213386066287113,0.051587463531741325,13.499840983014375,1.1982244069059347
354.0,"2,1,1",15.0,37.0,314.36906297333144,0.003596167142903104,0.06592404748933332,18.331752910715473,1.2633755610337418
355.0,"0,2,2",14.0,34.0,314.47974948892494,0.0034720491718877844,0.0689373355288813,19.854942172780188,1.2661676322385074
356.0,"0,2,0",15.0,35.0,314.5100144049124,0.004144678479809477,0.047918551260215186,11.561464054123183,1.3871376365190546
357.0,"0,2,0",13.0,35.0,314.43357154316715,0.0036029531400318194,0.0664030923637687,18.430184846418033,1.274132151012312
358.0,"0,1,0",16.0,36.0,314.3619583938995,0.0034975544701518146,0.034779343705322804,9.94390337652502,1.1453188377299486
359.0,"0,1,2",17.0,36.0,314.3123401228291,0.003572426044747202,0.03785938487408598,10.597667915268222,1.152951484366219
360.0,"2,0,2",15.0,37.0,314.25492195959373,0.003684498670491266,0.03504708776344196,9.512037022602323,1.5287176095324544
361.0,"2,0,1",15.0,35.0,314.42770846212807,0.0035741723646505927,0.04881540261655424,13.657819947171568,1.2693403681902935
362.0,"0,1,2",15.0,33.0,314.27215431894484,0.003881822061895572,0.036843536699627095,9.491299733001068,1.1342988675205186
363.0,"2,0,2",17.0,36.0,314.42120959862785,0.003700965488090282,0.061847150014768947,16.711085313762926,1.0879004104198167
364.0,"0,2,0",17.0,34.0,314.5260949530503,0.003964966028771742,0.055657975502852536,14.037440699105845,1.0254934446275936
365.0,"2,1,2",17.0,37.0,314.29734585615927,0.003614685577832238,0.04890955633196597,13.530791345148616,1.0239511982883585
366.0,"0,0,0",17.0,34.0,314.28598739313543,0.0037602855306891475,0.03247599862039326,8.636577822440357,1.1195927675182555
367.0,"2,2,0",17.0,33.0,314.38068823936896,0.0035441045793931664,0.02719512686790541,7.673342097755437,1.2575717855997974
368.0,"0,1,2",14.0,37.0,314.53431669735085,0.003820173899464829,0.038084769511196735,9.96938111025052,1.3823945032255334
369.0,"0,1,0",14.0,37.0,314.4880188670206,0.0036909567710437007,0.051225587947718094,13.87867458909114,1.2370361308079039
370.0,"2,2,0",13.0,34.0,314.38068823936896,0.0035441045793931664,0.0673578790770484,19.0056127205427,1.3595403716370698
371.0,"1,2,0",16.0,33.0,314.35735316514274,0.003844293949201676,0.024142964945007873,6.2802078259446095,1.3743203116192573
372.0,"0,2,1",17.0,33.0,314.33306786094346,0.003611488534482549,0.03514378889278305,9.731109086247846,1.0297621069552514
373.0,"2,1,0",14.0,37.0,314.3136004814429,0.0038134596873578832,0.027125505778664356,7.11309624396685,1.52398200209748
374.0,"2,1,0",15.0,33.0,314.29452734977457,0.00379825212457547,0.058918461954648345,15.511993417560097,0.9736035191270559
375.0,"2,0,2",13.0,37.0,314.5436185196083,0.004023661890341273,0.041502993347336196,10.314731823507183,1.435811633164856
376.0,"1,1,2",16.0,33.0,314.28398707285805,0.003851950155722485,0.044378115453090304,11.520947483487515,0.8854097389646515
377.0,"2,2,1",13.0,33.0,314.3678180957839,0.003607041697529854,0.05771009418543673,15.99928667998413,1.236122396678187
378.0,"1,1,0",17.0,34.0,314.4110831667348,0.0034911904211026405,0.10132854079137411,29.02406588276872,1.0582241202149298
379.0,"1,0,1",13.0,33.0,314.3153181867358,0.003651973679938345,0.05208761774925196,14.262867784450007,1.154451621522007
380.0,"1,2,2",17.0,35.0,314.3074205011162,0.0035690080695093963,0.037186070572660705,10.419161248288347,1.024231090250616
381.0,"2,0,0",15.0,37.0,314.49454585626466,0.003685764954248172,0.051344421397016296,13.930465462220342,1.2985216984994952
382.0,"1,0,1",14.0,35.0,314.5100144049124,0.004144678479809477,0.02153791320888142,5.196522073739114,1.504032266963261
383.0,"2,0,1",16.0,36.0,314.3045964134967,0.003499275289448555,0.033154538721338715,9.47468717917403,1.211142645148753
384.0,"2,2,2",15.0,34.0,314.45851905763544,0.003635349415439064,0.061416778224423464,16.89432602092962,1.3388348485886223
385.0,"0,1,1",14.0,33.0,314.53578912668956,0.0034642465876002265,0.029887348715908778,8.627373358145535,0.9544754134534796
386.0,"2,0,2",14.0,36.0,314.4082898537512,0.003813806129856709,0.04006673612699279,10.505708670749387,1.4440180053231972
387.0,"0,1,2",15.0,34.0,314.47974948892494,0.0034720491718877844,0.07151783315311384,20.598162529544176,1.057190867034386
388.0,"0,2,2",16.0,35.0,314.43340227761144,0.0037759933381025707,0.06422348667711426,17.00836864012754,1.5494532980374425
389.0,"1,0,1",17.0,33.0,314.474986000899,0.003740928096551946,0.03845844357981511,10.280455167064739,0.9162735551585559
390.0,"1,2,0",15.0,35.0,314.3659780881142,0.0036198995292320312,0.03999230941702726,11.047905913983117,1.2562540715772497
391.0,"0,0,0",15.0,33.0,314.4294565328269,0.003545837721785954,0.04805464291946188,13.552408962262916,0.9951352161861394
392.0,"0,0,2",14.0,36.0,314.48545468825006,0.004101958799794962,0.054145142247882555,13.199825958902615,1.5324793739569906
393.0,"2,0,0",15.0,33.0,314.28664785191523,0.004091467861068216,0.030745316007150976,7.514495298790853,1.3460114344331955
394.0,"0,0,2",14.0,37.0,314.5222806652514,0.003675299287767423,0.07046245128885516,19.171894795990312,1.3508320345646374
395.0,"0,2,0",15.0,36.0,314.37468915673185,0.00360432423807355,0.051959614599822554,14.415910214446768,1.416066664765636
396.0,"0,0,2",14.0,35.0,314.2641735071526,0.003575986778034931,0.0379228993954228,10.604876849198563,1.2298569195891977
397.0,"2,1,0",13.0,37.0,314.3709502858357,0.003521191134086303,0.03719023508754604,10.56183367256954,1.232702767480461
398.0,"1,0,1",13.0,36.0,314.25683503043615,0.0035133975092273557,0.04144917980462162,11.797463764280081,1.0555596224772827
399.0,"2,1,0",16.0,35.0,314.4696383345782,0.00394688500242879,0.03796816198568743,9.619779132739618,1.0508143484724684
400.0,"1,1,1",15.0,35.0,314.2702948982325,0.0037184486622872256,0.042793644527385405,11.508467216826638,1.0964765013437143
401.0,"0,2,0",15.0,36.0,314.4620248037716,0.0036382808440875076,0.046006879136696495,12.645224793864193,1.377786710073726
402.0,"0,0,1",16.0,35.0,314.4117355167248,0.0035205653678068564,0.05644406005919374,16.032669234133746,1.0621530766260598
403.0,"0,1,1",15.0,34.0,314.3015027333923,0.0038379016721270705,0.03356099758500343,8.744621528149523,1.0220506932276143
404.0,"2,1,2",17.0,34.0,314.3820126184464,0.003924471076935938,0.07449432529644043,18.982003902192716,1.0873256702766179
405.0,"1,0,2",14.0,37.0,314.48755182099535,0.003555244851871197,0.05309540914387306,14.934388869427062,1.1544880981705379
406.0,"2,1,0",14.0,34.0,314.28860403964023,0.0035947809466321643,0.04162534672816983,11.579383374435455,1.2567749112638813
407.0,"2,0,0",15.0,37.0,314.4956020196703,0.003643900830321646,0.05743782791371901,15.762730817416069,1.5462566023151458
408.0,"0,2,1",16.0,35.0,314.4101575951942,0.003661373022441369,0.0519568208015002,14.190529203947618,1.2285583323113853
409.0,"1,1,0",16.0,33.0,314.3232165430105,0.0037985563809501558,0.04974172080126065,13.09490127636817,0.8473508694459781
410.0,"0,2,1",15.0,36.0,314.3439606516724,0.0034952196187928142,0.05063603543642518,14.487225685095561,1.2782656636199543
411.0,"1,1,2",13.0,33.0,314.41520989344343,0.003633266632918981,0.03041829692113487,8.372162022333244,1.1883485273904024
412.0,"1,0,1",15.0,36.0,314.474986000899,0.003740928096551946,0.03058635449144765,8.176140706804663,1.2828406727399377
413.0,"1,2,2",13.0,35.0,314.48234948199405,0.0037240523298388093,0.061538224763376795,16.52453277047275,1.3397330621462926
414.0,"1,2,0",14.0,35.0,314.4096059657145,0.0035183544723388386,0.03944686402673717,11.211736718646979,1.1037740004913041
415.0,"2,0,1",17.0,34.0,314.45108722812074,0.0035797483688173796,0.050572969665201084,14.127520835188921,0.9880811718910518
416.0,"0,1,0",17.0,33.0,314.4862578422255,0.003767175778192597,0.030186466035011635,8.013022967963124,1.009022735683548
417.0,"2,0,2",13.0,36.0,314.3828722676199,0.0034392374350942618,0.06932766845021007,20.15786050209411,1.3262620556462479
418.0,"1,0,0",15.0,37.0,314.27217995639137,0.0035108774150872505,0.044371187605301385,12.638204744667423,1.1732647436809227
419.0,"2,2,1",17.0,37.0,314.3628936107278,0.0035590598595155645,0.07812643838421672,21.951425788846038,1.1071764755743356
420.0,"0,0,0",14.0,33.0,314.4276458599812,0.0037548064467563865,0.0435531410051495,11.599303884964073,1.1407578622083694
421.0,"2,1,0",16.0,33.0,314.5100782502808,0.0036613247588440376,0.09484731791315083,25.905191197269335,1.4369717123034778
422.0,"0,0,0",14.0,37.0,314.54281222240775,0.00357624201957293,0.06487463147908006,18.140447744872507,1.500734842866234
423.0,"1,2,1",15.0,34.0,314.2645399128103,0.003709839986363536,0.048718631476482255,13.132272997099612,0.9928438725147352
424.0,"2,1,0",15.0,34.0,314.34961083392636,0.0034560094754084504,0.03883711165279267,11.237559366992963,1.1722732114404093
425.0,"2,0,1",14.0,37.0,314.2870530777102,0.0037702378234451958,0.04207627899063088,11.160112693416805,1.3416860076204873
426.0,"1,1,2",16.0,33.0,314.38204045466557,0.003680841621485873,0.050691628252916086,13.77174936216164,1.0243523246838102
427.0,"0,1,2",14.0,37.0,314.3303607024855,0.003963373121955987,0.05442510064814619,13.732015375147556,1.368188164038302
428.0,"2,0,2",15.0,34.0,314.4283486487158,0.0035471069642992164,0.04269169117453524,12.035636817332238,1.042880297352799
429.0,"2,2,1",14.0,36.0,314.3166261927692,0.003727673268121636,0.053290039565983126,14.295791431537085,1.3063581269574873
430.0,"1,2,1",14.0,34.0,314.3137696904098,0.0035607673980528384,0.06748647168870035,18.95278858304659,1.0932521419860601
431.0,"2,2,1",15.0,33.0,314.39662043448465,0.0034762558749824157,0.05598651367875374,16.105406417770368,0.9810062371886156
432.0,"0,0,0",14.0,37.0,314.2828449535232,0.0036823818809421822,0.05944506029222952,16.143100366608305,1.38300287702565
433.0,"2,0,0",13.0,35.0,314.4911570738853,0.003646741234582011,0.04675625816804803,12.821380833018502,1.3086147834671769
434.0,"2,2,1",13.0,34.0,314.338374462978,0.0037435465927898163,0.04855706803998068,12.970873164368532,1.4452735776438912
435.0,"1,0,0",13.0,36.0,314.48513419670127,0.0038513853401072815,0.02565182973185551,6.660416309093852,1.492552211869388
436.0,"1,0,1",17.0,37.0,314.3275412729541,0.003660741407268125,0.043512541834502434,11.8862648282426,1.0550058950232781
437.0,"0,1,1",16.0,37.0,314.41613808145854,0.0037013934465054124,0.054537905292251866,14.734425313186472,1.2672363861116425
438.0,"1,0,2",14.0,34.0,314.53528266145526,0.003471260580213261,0.039660090794379585,11.42527041053859,1.1736215678443846
439.0,"0,1,0",17.0,33.0,314.51728444231935,0.00363919450252897,0.04461210316809703,12.258785051773113,0.8610981406357643
440.0,"2,2,0",15.0,34.0,314.52103927731736,0.004090165971670363,0.05536974597303633,13.5372858599242,1.2449869748118065
441.0,"2,2,0",13.0,36.0,314.25310338279945,0.003794328588716781,0.0554136871792765,14.604345903003901,1.551443685073973
442.0,"1,2,1",16.0,33.0,314.30890934451236,0.0036564058613731978,0.0337674358480959,9.235144327061716,1.105213877633891
443.0,"2,0,2",14.0,36.0,314.4879547074976,0.004048307299056858,0.05041566668991801,12.453517721261782,1.615283114347971
444.0,"2,1,0",14.0,34.0,314.2947922463374,0.0034523121625187644,0.05934790027810623,17.190768819354602,1.0206297759882264
445.0,"2,2,1",17.0,37.0,314.4126233855638,0.004013285690833269,0.04009171007656592,9.989747345457925,1.1447828128211945
446.0,"1,1,0",13.0,33.0,314.5040264632365,0.0037164997051153574,0.05001995412654083,13.458888226923255,1.0226562399644332
447.0,"0,1,1",17.0,33.0,314.5462883452112,0.0038754427941492214,0.03827755156173083,9.876949188753004,0.8109172265045846
448.0,"0,1,0",14.0,35.0,314.49686179850255,0.0037979454950300543,0.07890826539239129,20.776566039625816,1.3229243006699622
449.0,"1,0,1",16.0,36.0,314.30226413171874,0.0036521360825060227,0.06923656504306827,18.957827276676813,1.1658852968554974
450.0,"0,2,1",14.0,33.0,314.39257629360105,0.003716598629400937,0.0806590159167558,21.702374660176012,1.2772716601090492
451.0,"1,2,0",17.0,34.0,314.37398379735214,0.0035917425204056498,0.04868816449123238,13.555583178532954,0.9136294106222379
452.0,"2,2,2",15.0,37.0,314.377945178491,0.003404171882261437,0.03914536294193727,11.499232205611332,1.1309286654644977
453.0,"1,1,0",14.0,34.0,314.43890337706716,0.003598360725726416,0.03499581543525763,9.725488382822675,1.0324021753611117
454.0,"2,0,2",14.0,36.0,314.47974948892494,0.0034720491718877844,0.05629256405154812,16.21306648170001,1.0789884845405637
455.0,"1,2,1",15.0,34.0,314.3141483982378,0.003819663225359993,0.0826687053404158,21.642930400657114,1.05718958002363
456.0,"2,0,2",16.0,34.0,314.3463573576481,0.0037839882309891634,0.037266699392784174,9.848524127952262,1.10642506430737
457.0,"0,1,1",13.0,34.0,314.45739410940536,0.0036666913530688733,0.04901857211168051,13.368611478752891,1.1230183084691092
458.0,"0,0,2",15.0,34.0,314.52185138309886,0.0036099233890060723,0.054778709269213806,15.174479723320704,1.2982495842724668
459.0,"2,0,0",17.0,33.0,314.4676518136547,0.003925616616565363,0.05373590503193065,13.688525977084785,1.06907429784473
460.0,"2,0,2",16.0,35.0,314.45484222662066,0.003773815080879552,0.041587126016670514,11.019916218835483,1.2179768454491642
461.0,"0,1,1",15.0,35.0,314.3817916390087,0.003911784959696977,0.07527551694026055,19.2432655976293,1.2561982999538943
462.0,"1,1,0",14.0,34.0,314.26328758923506,0.0035983984374158657,0.03681212846076279,10.230142409465598,1.085481320586812
463.0,"2,0,1",17.0,36.0,314.33306786094346,0.003611488534482549,0.03082070620956745,8.534072838745262,1.2760480014382614
464.0,"2,2,2",17.0,33.0,314.5462757388158,0.0036457795337707945,0.08768587277945816,24.051337160468808,1.2455131524074055
465.0,"1,2,2",15.0,36.0,314.4110831667348,0.0034911904211026405,0.05991466696980033,17.16167259386475,1.0605251325948242
466.0,"0,2,2",17.0,36.0,314.2518107906825,0.003418066894671502,0.04501537934952239,13.16983568100959,1.0248203354713636
467.0,"1,1,2",14.0,34.0,314.3488811704523,0.0036790857480632497,0.06717655868525636,18.259035881569098,1.1424221185149956
468.0,"2,2,2",13.0,34.0,314.4579166356476,0.003544339503577167,0.041665069486765856,11.755383321692204,1.0775586070837806
469.0,"0,2,2",14.0,34.0,314.2959725690872,0.0035650518236300653,0.05605558718715308,15.723638802556101,1.2044677336569178
470.0,"1,0,0",15.0,37.0,314.45340753253845,0.003565120492654578,0.07733479049338599,21.692055192166237,1.245049093568117
471.0,"0,1,0",15.0,35.0,314.4283486487158,0.0035471069642992164,0.03929157788341886,11.077077257291421,1.2351463135748135
472.0,"0,0,1",13.0,34.0,314.2605912054089,0.003630361717839461,0.04999354425782308,13.770954010493414,1.448542450370347
473.0,"0,2,0",16.0,36.0,314.38503165908156,0.0034562578176489875,0.050719417006596185,14.674662505673984,1.0658354058350148
474.0,"0,2,0",17.0,36.0,314.36379018927335,0.0037968283872407273,0.047850470818894875,12.602747856525928,1.2872481487482856
475.0,"0,2,2",17.0,35.0,314.5115743765448,0.0038210716509170834,0.03127919296404112,8.185973941769426,1.3089891982173614
476.0,"1,0,1",13.0,37.0,314.5035103874779,0.0034942431503924,0.03745045641963079,10.71775912773132,1.1626289136789516
477.0,"1,1,0",13.0,34.0,314.4096059657145,0.0035183544723388386,0.02894329478193657,8.22637258681227,1.1591106231388235
478.0,"1,0,1",15.0,36.0,314.50301245004755,0.0036207451315548333,0.06033818290852388,16.664576134529867,1.065513257286755
479.0,"2,2,0",16.0,36.0,314.34039118643807,0.003653404981066663,0.026383996178289976,7.22175513391532,1.5651677654828278
480.0,"0,0,0",17.0,33.0,314.43340227761144,0.0037759933381025707,0.04792338139566905,12.691595854284651,1.0407825026960222
481.0,"0,2,2",13.0,33.0,314.31589575598883,0.003490666611917306,0.057552838792971406,16.487635512507328,1.3369740815853646
482.0,"1,0,1",15.0,36.0,314.4911570738853,0.003646741234582011,0.036537958449647634,10.019344971109694,1.0599442908251753
483.0,"2,2,0",13.0,36.0,314.4526740609908,0.003669567390283938,0.04249353737895351,11.579985556734936,1.3565880173449483
484.0,"0,0,0",17.0,33.0,314.52475835141223,0.003982752712031932,0.022734390606373004,5.708210438898756,1.3277850220742589
485.0,"0,2,0",16.0,35.0,314.5100144049124,0.004144678479809477,0.04090819756661928,9.870053314364629,1.3373859803800248
486.0,"2,0,1",14.0,36.0,314.25979815700634,0.0038816178176445102,0.03862978993294932,9.951981814734948,1.3995450265878722
487.0,"0,1,1",13.0,36.0,314.2840021981756,0.003957882768766898,0.04022229845333772,10.162579541452466,1.2589744679658013
488.0,"2,2,2",14.0,33.0,314.54840389924584,0.00360772456804362,0.055705880755065336,15.440724396894096,1.2381499133498732
489.0,"1,0,2",13.0,33.0,314.3930537838786,0.0038761446454790923,0.0408485043687334,10.538436540642698,1.1342071489672043
490.0,"0,0,0",16.0,33.0,314.29404408953786,0.003499820967195389,0.0621128612104287,17.747439595518326,0.9596238961225755
491.0,"2,2,1",16.0,36.0,314.4909880329723,0.0036850716604071654,0.04652670897528453,12.625727058491929,1.0723712427936472
492.0,"0,2,0",16.0,34.0,314.474830190656,0.003540271404084308,0.04332742792543473,12.238448124471232,1.1150446174586965
493.0,"2,2,0",14.0,35.0,314.28398707285805,0.003851950155722485,0.04144466353987048,10.759397672449108,1.2508150955042698
494.0,"1,1,2",14.0,36.0,314.38682932254386,0.0035779682220889097,0.05162861197664404,14.429589300964203,1.2589989423753314
495.0,"1,1,0",14.0,37.0,314.33059783632706,0.0035369164415580256,0.06136223350139116,17.349076382013948,1.3365959116309356
496.0,"0,1,1",17.0,33.0,314.51197115380955,0.0035634929162319646,0.0473301291359741,13.28194842772999,0.8014707628830218
497.0,"2,0,2",13.0,36.0,314.50301245004755,0.0036207451315548333,0.061708006869377593,17.042902669837666,1.4371041015231945
498.0,"0,1,0",13.0,33.0,314.3497992473323,0.004004057836919562,0.03448730841348398,8.613089475254949,1.0888160019957724
499.0,"2,0,2",16.0,36.0,314.48545468825006,0.004101958799794962,0.035345200259912384,8.61666388791597,1.406937297060164
500.0,"1,0,0",13.0,34.0,314.4195453521712,0.0037832368094441442,0.018498254263713043,4.889531159544548,1.456601866253673
501.0,"0,0,2",17.0,37.0,314.4289491237631,0.003994561964395908,0.036920352976547485,9.242653714130304,1.34701368734909
502.0,"1,0,0",14.0,34.0,314.30124720117084,0.003516252802689032,0.0357838853278705,10.176710076279216,1.106354189339071
503.0,"1,0,0",13.0,37.0,314.2919335647864,0.003935996541213198,0.0729935165437782,18.54511704455901,1.5117964266071524
504.0,"1,1,2",15.0,33.0,314.29016421580593,0.0036559966140375967,0.05268109035961593,14.409501955592942,1.1252446056461607
505.0,"0,1,1",13.0,36.0,314.4283486487158,0.0035471069642992164,0.041444002969283925,11.683888697580283,1.1402677405619874
506.0,"0,1,0",14.0,34.0,314.27741180560906,0.0037284381066438055,0.02440997827424081,6.546971567194317,1.197966662427537
507.0,"0,0,0",15.0,33.0,314.5366309443567,0.003686905625170638,0.0971563917694136,26.351743615600952,1.163865791857052
508.0,"2,1,2",15.0,37.0,314.36983588449226,0.0034952357421062464,0.06801806052809511,19.460221154384023,1.0831200270925152
509.0,"0,0,1",16.0,33.0,314.48716264684793,0.003645197913255167,0.04669862388909826,12.810998195540039,0.9375160606952551
510.0,"1,1,2",16.0,34.0,314.3832007809808,0.003406541207727653,0.03742989888413483,10.987654809290445,0.9759141796747484
511.0,"1,0,0",13.0,33.0,314.494887334274,0.003582716727509498,0.07118799608035192,19.869836633675973,1.2776338385792843
512.0,"0,0,1",13.0,33.0,314.25828224390693,0.003503028089260944,0.02778808619169687,7.9325901715962255,1.1010015935807094
513.0,"0,1,2",17.0,35.0,314.53799858686347,0.0034708753664265206,0.07246229754556113,20.87723985899428,0.8989511642656334
514.0,"2,2,0",13.0,35.0,314.32312366102843,0.004009518214548075,0.038463001363534866,9.592923464963022,1.3808724148009688
515.0,"2,0,2",13.0,37.0,314.49203367708895,0.0038320005039018433,0.048055870459808324,12.54067435817834,1.628703311755118
516.0,"2,2,1",13.0,37.0,314.4879547074976,0.004048307299056858,0.032217745097297946,7.958324978146736,1.6812451033383427
517.0,"2,2,2",16.0,37.0,314.508633398128,0.0037050718036725555,0.04869084849480948,13.141674729905626,1.126863443472357
518.0,"1,2,2",17.0,36.0,314.5290612170066,0.0036692889064177986,0.03943560359552048,10.74747849005439,1.0849319382869078
519.0,"0,1,0",15.0,34.0,314.5250539081359,0.0034571530314593305,0.013520670723534928,3.9109263027988073,1.5519238006657665
520.0,"0,2,2",15.0,35.0,314.32446663580663,0.0037487397511827233,0.04668713747172612,12.454088725950202,1.1479724996778997
521.0,"2,0,0",15.0,36.0,314.43001752870504,0.0037896411238246353,0.029366991539910885,7.74928036200766,1.5507299474478102
522.0,"0,1,2",17.0,35.0,314.34764332636826,0.003624423553591782,0.04805930466095366,13.259847793817357,0.8618471585185864
523.0,"2,2,1",15.0,37.0,314.3744737072109,0.0035226741302621855,0.0644966578133413,18.309004871972345,1.126500782574731
524.0,"0,2,1",16.0,36.0,314.434773671873,0.0034727794245605413,0.035199351734795103,10.135786766603918,1.2106332499965156
525.0,"0,2,1",15.0,35.0,314.369647729501,0.0036771334769345222,0.04394642808813432,11.95127355691496,1.319033768368274
526.0,"2,2,0",14.0,36.0,314.44144913298754,0.0036148543546513233,0.03437291288165033,9.508796070143696,1.3962389110093225
527.0,"1,1,2",16.0,33.0,314.4082898537512,0.003813806129856709,0.04775723576579256,12.522198071873905,0.8678294645814288
528.0,"0,2,1",14.0,37.0,314.4910820479969,0.0037331316608929586,0.05920697459492516,15.859867792812578,1.3410768131487896
529.0,"2,1,1",14.0,35.0,314.485344906487,0.0034807487427228,0.053322520871366824,15.319267437170867,1.2227808670466014
530.0,"0,2,0",15.0,36.0,314.3181768219551,0.00361504602229832,0.04568134239811193,12.636448365066547,1.279996313706767
531.0,"1,1,2",17.0,36.0,314.4508935173822,0.0037928398859946155,0.029810798156448253,7.859756555115117,1.2056841289043416
532.0,"0,0,0",13.0,34.0,314.3092870743451,0.0035601556576929346,0.045013790358242364,12.64377029722694,1.437588170423258
533.0,"0,2,2",16.0,35.0,314.27528529050886,0.0035109409572611112,0.04278986813717743,12.18757838940073,1.115483920853067
534.0,"2,2,1",14.0,35.0,314.2684219559761,0.003609663787047718,0.03915144867657318,10.846286797417903,1.267994316726162
535.0,"2,0,0",14.0,37.0,314.470444765002,0.003708330657367549,0.046110691174638646,12.434352660280696,1.3980381627465353
536.0,"0,1,0",17.0,35.0,314.53295255449274,0.003655809464190922,0.0758750262212828,20.754644618240498,1.1804019152176286
537.0,"0,0,0",13.0,33.0,314.40493257298425,0.0037237778221812464,0.0664474722385094,17.844102256236923,1.3094482426588456
538.0,"0,1,2",17.0,37.0,314.31660357184956,0.0038647620506201104,0.06171496681197224,15.96863299826439,1.3282508717891544
539.0,"0,1,2",17.0,36.0,314.37466815399114,0.003977660530277314,0.0462158564996179,11.61885388354039,1.068581383569143
540.0,"0,1,1",13.0,37.0,314.51728444231935,0.00363919450252897,0.06662267948230449,18.306985085849817,1.2646209098147574
541.0,"0,1,2",15.0,34.0,314.31001453795886,0.003976899246159378,0.040677568811993,10.228463507411373,1.0996967863921958
542.0,"2,1,0",13.0,37.0,314.5436185196083,0.004023661890341273,0.04594712232278418,11.419230436105828,1.4967281253565836
543.0,"0,1,2",17.0,33.0,314.53578912668956,0.0034642465876002265,0.08166053436434019,23.572379245932535,1.0662686856554071
544.0,"0,0,0",16.0,35.0,314.2794581950081,0.004084917263167266,0.014164549224669176,3.4675241411588846,1.7209231351858216
545.0,"2,1,2",15.0,35.0,314.27780437233497,0.0035881912019848057,0.04410044585592622,12.290439213922626,0.978928042151041
546.0,"0,2,1",14.0,34.0,314.54840389924584,0.00360772456804362,0.061020030624365125,16.913716519511016,1.4787799335157106
547.0,"1,0,1",16.0,35.0,314.4572328689048,0.004122522937081061,0.02063878678645773,5.006348564083662,1.3481224658547788
548.0,"1,0,2",13.0,33.0,314.4132892954723,0.003944682310405113,0.0578947688483689,14.67666196987691,1.1983562976062887
549.0,"2,1,1",13.0,36.0,314.37398379735214,0.0035917425204056498,0.02772273113262265,7.71846282831311,1.4502743211837195
550.0,"2,2,1",15.0,36.0,314.42669881415674,0.003816829404420445,0.04341393585593417,11.374345367821393,1.1910079457580467
551.0,"1,0,2",17.0,37.0,314.51023925182704,0.0037570876392035617,0.049882925868304374,13.277019505160839,1.1260723418813154
552.0,"0,0,2",14.0,36.0,314.4981658250081,0.0035887477437319504,0.03612784102807121,10.066977009228783,1.3737511897304302
553.0,"0,0,0",16.0,37.0,314.3320614060754,0.0034665151897068512,0.03763409558962839,10.856463488570764,1.1543674126887167
554.0,"0,1,1",17.0,33.0,314.3772868270521,0.0037150825920291603,0.08010469633352993,21.562023010039496,0.9605904218068037
555.0,"0,0,0",14.0,36.0,314.5407541266519,0.0035376562855761818,0.09143103543090347,25.845087269695565,1.302942796003025
556.0,"1,0,0",13.0,37.0,314.48019350564726,0.0037876115215921655,0.03144302474392288,8.301544275244323,1.3940805917155896
557.0,"2,1,0",13.0,34.0,314.5017823134797,0.004043791264150167,0.05561843848074223,13.75403299715839,1.4909501644399146
558.0,"2,2,2",13.0,34.0,314.26420899121115,0.0036868086179714303,0.06128120626401286,16.62174867588631,1.3890663501501215
559.0,"2,0,2",16.0,33.0,314.38481448456224,0.00391178661494891,0.021923452231578638,5.604460158383401,1.516936435520505
560.0,"2,1,0",14.0,36.0,314.36187253441074,0.003881693944401138,0.02871169992282552,7.3966933854325605,1.5601412008147906
561.0,"0,0,2",15.0,36.0,314.48629486291856,0.003722958501541795,0.04870772608825142,13.083069840311143,1.458797064333771
562.0,"0,0,2",14.0,36.0,314.3640769356749,0.003556817293269354,0.04901267638610095,13.779925237894211,1.3548090237475303
563.0,"1,2,1",13.0,36.0,314.51078956188917,0.004096731896859896,0.10310123616824192,25.166703304960713,1.7512647645987227
564.0,"2,0,1",14.0,35.0,314.4488514118549,0.0035528794486358196,0.03761821977038108,10.588093492681027,1.2184962960872718
565.0,"1,0,1",16.0,36.0,314.50850362201055,0.0035844235791192575,0.04628785910186475,12.913613048276599,1.077229189023339
566.0,"1,2,1",16.0,34.0,314.38999701584913,0.0039553890046479705,0.07189529701567887,18.176542669050967,1.0238811334327202
567.0,"2,1,2",13.0,33.0,314.45893349141306,0.003648082559271045,0.05966638050868509,16.35554556106525,1.4159293922520677
568.0,"0,1,1",15.0,36.0,314.2866897563502,0.0037423899310745448,0.05764876790310958,15.404265446641206,1.13493767573181
569.0,"0,1,0",17.0,37.0,314.27574336649593,0.0034775853536554275,0.039029220084489724,11.223080417987317,1.0668436331549092
570.0,"1,0,1",17.0,34.0,314.51659246052253,0.0037264922757641095,0.052079444445185724,13.975460189168631,0.9531652200614829
571.0,"0,1,2",16.0,37.0,314.28976295004236,0.0034413386082414103,0.04438908465810516,12.898784371814209,1.2093850876555234
572.0,"0,1,1",16.0,36.0,314.27455993393346,0.004006829865713128,0.036975564885481274,9.22813449153036,1.103205897183969
573.0,"2,2,2",17.0,37.0,314.48488053553945,0.004103654958454976,0.046683912584580205,11.376178810646564,1.0974995683249484
574.0,"2,2,2",13.0,35.0,314.48285161229916,0.003754169887731334,0.03529129418824723,9.400558643757584,1.3837955510843478
575.0,"0,2,2",15.0,37.0,314.4620248037716,0.0036382808440875076,0.05184508398901692,14.249885099790813,1.2476731551720899
576.0,"2,2,2",17.0,37.0,314.4735032160945,0.0037988808905190857,0.036967043463794425,9.7310351467069,0.9485580356439685
577.0,"1,1,1",17.0,35.0,314.4749054354351,0.0036018006959904446,0.030198377268419466,8.384244386991362,0.9805345346618971
578.0,"0,2,2",14.0,35.0,314.2629105243467,0.0037289955053480994,0.056422639754392226,15.130787814968205,1.3589543540135607
579.0,"1,0,0",16.0,36.0,314.30124720117084,0.003516252802689032,0.022942758786805906,6.524775115503805,1.3510551023298591
580.0,"0,0,1",13.0,36.0,314.30698815876895,0.0035941565343579622,0.03259377090496496,9.06854517698053,1.2365337208541736
581.0,"0,0,0",13.0,33.0,314.31707639469914,0.0037255003099571403,0.043606633713636454,11.704906746911027,1.280519917473237
582.0,"0,0,0",16.0,34.0,314.3772868270521,0.0037150825920291603,0.020349860940655023,5.47763352134253,1.3247443919164228
583.0,"0,0,0",14.0,33.0,314.37398379735214,0.0035917425204056498,0.0898928587889722,25.027645572661967,1.3314394110944567
584.0,"0,2,1",17.0,36.0,314.49088724871626,0.004385485775996603,0.03363713239536202,7.670104091882039,1.6479065167721951
585.0,"2,2,1",16.0,35.0,314.3628936107278,0.0035590598595155645,0.04419878935428648,12.418669845104128,1.171674766700387
586.0,"1,1,0",16.0,34.0,314.40600138537644,0.0036242262150624873,0.0928636891299108,25.623038855567046,0.9973132305355921
587.0,"2,0,1",17.0,34.0,314.33915248051846,0.003678212309236753,0.047750502722196775,12.981986548814861,1.0208425273952917
588.0,"0,0,2",17.0,35.0,314.4568256958001,0.003521995103038103,0.05516186675271742,15.662107736928515,1.2136562857045496
589.0,"1,0,2",14.0,36.0,314.4359736302686,0.003642588807001323,0.040360120626218854,11.08006496606033,1.3544134482280328
590.0,"1,0,2",13.0,36.0,314.54877325640297,0.003764095190178837,0.05088457914244472,13.51840922493438,1.224873086687882
591.0,"2,0,0",13.0,35.0,314.2942886987242,0.0036246125180656942,0.060562280678958885,16.70862206018051,1.4167269924470804
592.0,"0,1,0",14.0,34.0,314.53431669735085,0.003820173899464829,0.04802746310625659,12.572061997749577,1.074603026083924
593.0,"1,1,0",17.0,37.0,314.43364299572573,0.003877709528690738,0.08433849828360067,21.74956573193262,1.1341561781801246
594.0,"1,0,0",16.0,37.0,314.4319014440987,0.003609468008797759,0.05457180437555953,15.119071354156784,1.2932289161021353
595.0,"1,0,1",16.0,35.0,314.3774615643012,0.0036019775069671047,0.04310942313460295,11.968265501719205,1.0035432563220874
596.0,"0,2,2",17.0,37.0,314.434773671873,0.0034727794245605413,0.06515010124442973,18.760218625942265,1.1800838625969001
597.0,"0,2,2",15.0,35.0,314.2840021981756,0.003957882768766898,0.03935540261294698,9.943549344996995,1.2250843089396684
598.0,"0,0,2",17.0,34.0,314.3414914814568,0.003558135419010908,0.04139980263006332,11.635252106726071,1.0840616396867007
599.0,"1,2,2",16.0,36.0,314.43917168689364,0.003509788337460181,0.037831518758714364,10.778860467150198,1.1992133857449052
600.0,"2,2,2",15.0,33.0,314.4830535052574,0.003972631182349409,0.060075669322139195,15.12238779906332,1.4254318277408755
601.0,"1,1,2",13.0,33.0,314.3284645562356,0.003653570170233583,0.03168014044766737,8.671009169543874,1.1295811858564646
602.0,"1,1,2",14.0,37.0,314.28914098356455,0.0035009541436917856,0.042243292605460975,12.066222770034647,1.1055456514155124
603.0,"1,2,1",16.0,36.0,314.3727300933768,0.003685001031222856,0.04064676172777795,11.030325740313145,1.0184476067126476
604.0,"1,0,0",17.0,36.0,314.31688598280766,0.0036815910941483177,0.03467767146906307,9.419207777903766,1.1666840053130147
605.0,"1,0,2",13.0,33.0,314.54288675358873,0.0037102526798255342,0.06372899650275028,17.17645723949642,1.2967955413221555
606.0,"2,0,1",16.0,34.0,314.45815560815817,0.0035037611224960842,0.040511610154291514,11.562320814105897,1.2202625977543684
607.0,"1,0,2",15.0,33.0,314.5341280825078,0.0036617622480941995,0.07586715648228808,20.718755435794307,1.2290546680078402
608.0,"2,0,1",15.0,37.0,314.5382460565505,0.0037760497931428744,0.03179279027873634,8.419589788373694,1.407008117070693
609.0,"1,1,0",15.0,35.0,314.43364299572573,0.003877709528690738,0.03909876204588362,10.082952773176089,1.0738343644047639
610.0,"2,1,0",17.0,33.0,314.3137696904098,0.0035607673980528384,0.03738906609802611,10.500283202568035,0.9174320197692599
611.0,"0,2,0",16.0,37.0,314.3442598844669,0.0036163843316665777,0.03389442824362781,9.3724629727084,1.4125718194480998
612.0,"1,1,1",14.0,34.0,314.4568256958001,0.003521995103038103,0.05712031605109802,16.218170207512653,0.9835370150609232
613.0,"1,0,2",15.0,36.0,314.51930310187595,0.0038595595339763512,0.04332780327623603,11.226100516085864,1.1519877389042235
614.0,"0,2,2",13.0,34.0,314.435071947108,0.003865967958693029,0.03482157583195013,9.007207561989802,1.5185729887385244
615.0,"1,0,0",16.0,37.0,314.36313846700006,0.0033400052346219916,0.02303684589161732,6.897248439260166,1.368168401683303
616.0,"2,1,1",15.0,36.0,314.36983588449226,0.0034952357421062464,0.05162562989423752,14.770285526757533,1.0139430146285466
617.0,"2,1,0",17.0,33.0,314.2548602595722,0.0034558356000262847,0.047204449899012714,13.659344761265173,0.901504142838932
618.0,"2,2,0",15.0,35.0,314.27215431894484,0.003881822061895572,0.04176987567211493,10.76037876185336,1.2033028959209326
619.0,"2,1,2",13.0,34.0,314.5044136811628,0.00362452930966691,0.057013566884149554,15.729922981196427,1.2302222928361992
620.0,"0,0,1",17.0,34.0,314.329506267887,0.003768299503694527,0.04116570289864955,10.924212063900375,0.9020045268199691
621.0,"2,2,2",17.0,37.0,314.45474049810906,0.003619145588443148,0.032621295469106984,9.01353501038341,1.1249587787691384
622.0,"0,2,2",16.0,33.0,314.3774615643012,0.0036019775069671047,0.05347577057280604,14.846225571750749,1.0060779949085812
623.0,"0,2,1",16.0,37.0,314.52083287331635,0.0038061228712491656,0.0652565494533282,17.145150501121652,1.145867773168465
624.0,"2,2,0",13.0,33.0,314.5138283199617,0.004093761051265076,0.06032601411204622,14.73608580388539,1.5447628444090375
625.0,"2,2,1",15.0,37.0,314.3709502858357,0.003521191134086303,0.041146042156540344,11.685262341550548,1.3317230379742888
626.0,"1,2,1",17.0,36.0,314.3066032550196,0.00355611651990461,0.061116294815625506,17.18624642177498,0.8788917830604216
627.0,"2,1,2",15.0,37.0,314.3045964134967,0.003499275289448555,0.03410731497667808,9.746965344373633,1.314504524229209
628.0,"1,1,0",15.0,34.0,314.5162458473854,0.003813580067991669,0.04513786058773058,11.836085720759852,1.1357014058346313
629.0,"1,1,0",13.0,33.0,314.4590292244246,0.0036897041276309508,0.041269258890457225,11.184977836408523,1.1268531552193548
630.0,"1,2,2",17.0,35.0,314.32092091337995,0.003690566624366278,0.024899920688956367,6.746909952677533,1.265111605026942
631.0,"1,1,0",16.0,37.0,314.28338271733696,0.003606057803106157,0.03851584957255618,10.680874149987199,1.0230118957523602
632.0,"1,0,0",14.0,36.0,314.3425261651619,0.0036579217904214698,0.04520824949077775,12.35899838240358,1.3080245122725864
633.0,"1,1,1",16.0,33.0,314.25176797051734,0.0037107549911843097,0.08526844152647983,22.97873120943129,0.9981813187988199
634.0,"2,0,0",17.0,36.0,314.25683503043615,0.0035133975092273557,0.06416903653615563,18.264098032638294,1.1022897167848893
635.0,"1,0,2",15.0,37.0,314.46004456405234,0.0036497632927085734,0.044752050514479905,12.261630940254314,1.3232192266232836
636.0,"1,2,2",15.0,37.0,314.5222806652514,0.003675299287767423,0.03488638738058484,9.492121497886702,1.1750233847507006
637.0,"1,2,0",16.0,33.0,314.30226413171874,0.0036521360825060227,0.07053986362657078,19.31468653768447,0.9832981675675864
638.0,"2,1,2",13.0,37.0,314.31801265483404,0.003491060936145631,0.06254114923274438,17.9146541342799,1.6309513157778588
639.0,"0,1,0",17.0,37.0,314.4270160682915,0.003756817226505022,0.033352675616321104,8.877907442771496,1.237121084550231
640.0,"2,2,1",17.0,36.0,314.46000806451013,0.0035583906079921547,0.029670802194676694,8.33826453117204,1.2779317569714277
641.0,"0,1,1",13.0,37.0,314.26245505712126,0.003959500205949395,0.04409380416249645,11.136204538199737,1.3996609974911927
642.0,"2,2,0",16.0,37.0,314.37047786313474,0.003410094800521579,0.044657067415482664,13.095550132111372,1.0893547561373724
643.0,"1,0,2",17.0,37.0,314.26328758923506,0.0035983984374158657,0.040217176366426036,11.176410024040411,1.197896256052864
644.0,"1,0,0",15.0,37.0,314.341805738336,0.0034104923153065467,0.039120349975616295,11.47058734014477,1.126877481364335
645.0,"0,2,0",14.0,33.0,314.43372670599143,0.003525579475608391,0.03918836387820143,11.115439078689015,1.3665951280999422
646.0,"2,0,2",14.0,37.0,314.38802318771775,0.003603981880086291,0.046431222396393246,12.883311831546036,1.2486316248397669
647.0,"0,1,0",15.0,36.0,314.4488514118549,0.0035528794486358196,0.030455753947700125,8.572132656905671,1.31620448173946
648.0,"2,1,0",16.0,35.0,314.3109133616719,0.0035625074604803404,0.05028960687302366,14.116351314599916,1.0382635093541148
649.0,"0,0,1",16.0,35.0,314.3784058909801,0.003578994165711245,0.04530288441287749,12.657993367774758,1.0257285311024997
650.0,"1,1,1",16.0,33.0,314.4675404592396,0.00401837004334485,0.10776658908168352,26.818483096190842,1.0758109845074593
651.0,"1,2,0",13.0,35.0,314.33864929817395,0.0036730344507257895,0.0641113587464544,17.45460316436347,1.4003285687953542
652.0,"2,1,0",17.0,33.0,314.32280843634,0.0037540630756947003,0.04711274033087843,12.549799878405102,0.9226258293235988
653.0,"0,1,2",13.0,37.0,314.2666363131797,0.0035406230287185502,0.06023032951015369,17.011223454633836,1.4389269935790459
654.0,"0,2,1",13.0,36.0,314.494887334274,0.003582716727509498,0.073492322356296,20.51301510722108,1.315232288623104
655.0,"0,2,0",17.0,37.0,314.4057368151249,0.003765977365985439,0.06934543013607522,18.41366088984172,1.3819331350904598
656.0,"2,2,1",15.0,35.0,314.288846998901,0.00346195309211227,0.06642068096620624,19.185898595084787,1.0795331809870505
657.0,"2,1,2",15.0,37.0,314.4856215045905,0.003569003131287402,0.0524307999466268,14.690600713402594,1.2805168602935557
658.0,"1,0,1",14.0,33.0,314.3530304334555,0.0035101628435298955,0.07735727322557062,22.038086742374173,1.2144249090736283
659.0,"1,2,0",16.0,34.0,314.443960331698,0.0037591872899225176,0.03253611354060959,8.655092452517897,1.1537860400842754
660.0,"2,2,2",13.0,34.0,314.47337659034326,0.0035612918152834357,0.061964753716506706,17.399515942665055,1.3670501887273687
661.0,"0,0,2",14.0,34.0,314.41295310399977,0.0035517129491253797,0.055525140850568866,15.633341333015695,1.36970659254608
662.0,"2,2,2",15.0,33.0,314.5238580580491,0.003911529045834788,0.03653265559347646,9.339737776555296,1.237490607804591
663.0,"1,1,2",16.0,34.0,314.4254132440436,0.003663997194943338,0.04402221213670903,12.014805087040962,1.0400021522463927
664.0,"0,1,0",16.0,33.0,314.4132892954723,0.003944682310405113,0.06212174499572546,15.748225105951727,1.11181408427983
665.0,"1,0,1",16.0,35.0,314.3898863133077,0.0037349337650208225,0.038826110986732575,10.395394785941034,1.0648460316503476
666.0,"1,2,1",14.0,34.0,314.53422926725085,0.0037367876676438986,0.06459464587485561,17.28614297091799,1.1756187665606177
667.0,"0,0,0",15.0,37.0,314.3771225470781,0.003995154123543516,0.0170739454643526,4.273663777759044,2.0606584389850995
668.0,"0,1,0",16.0,35.0,314.33019911030743,0.003462968152568088,0.04283241316336768,12.368699703924154,1.068586451978688
669.0,"2,0,2",14.0,37.0,314.3321062475717,0.0035514041580961405,0.041232238265088386,11.61012276541131,1.3846590625201733
670.0,"0,0,0",14.0,35.0,314.3103979692465,0.003445345465106052,0.03291046869181721,9.55215348507996,1.335160813258224
671.0,"0,1,1",16.0,33.0,314.25651136641835,0.0035555450381873524,0.048270117623893716,13.576010739693018,0.8144511151365573
672.0,"1,2,2",14.0,35.0,314.27924580174505,0.0037343137615189386,0.05157553214577781,13.811247645350338,1.1831978257529363
673.0,"1,0,0",14.0,35.0,314.31274330402397,0.003681005528567494,0.031467049530508835,8.54849287410731,1.268522754028586
674.0,"0,1,2",13.0,37.0,314.25712370379625,0.003714820635366566,0.04210251502388979,11.333660264255332,1.288102830325724
675.0,"1,2,0",17.0,36.0,314.5365231132977,0.003731601922370794,0.04699539547967412,12.593893040396065,1.0101920193137262
676.0,"2,0,2",15.0,37.0,314.31801265483404,0.003491060936145631,0.0747784834151861,21.41998801594871,1.3141263922155912
677.0,"0,0,1",14.0,34.0,314.25623483802894,0.0035099653637018775,0.11885772626025792,33.86293422989835,1.3947248536999761
678.0,"0,1,0",14.0,37.0,314.34961083392636,0.0034560094754084504,0.029063400904789392,8.40952581628976,1.3541163873462687
679.0,"1,2,0",14.0,35.0,314.474830190656,0.003540271404084308,0.035930673483701776,10.149129652107916,1.259940921099995
680.0,"2,2,2",15.0,37.0,314.26530828827816,0.0037129046337278713,0.06590894974802475,17.751317701324883,1.4944229857512563
681.0,"2,2,0",15.0,34.0,314.53107157391423,0.0042052137396224945,0.07354934422226626,17.49003707689513,1.6427866689091448
682.0,"2,2,2",16.0,36.0,314.3279709342605,0.003902561987623064,0.033714021351921634,8.638945764050721,1.4859571402977527
683.0,"0,0,2",16.0,36.0,314.4354413970409,0.0036123959804525343,0.07049247936393564,19.514050991471002,1.1558063502254683
684.0,"2,1,1",16.0,34.0,314.42576035536126,0.0037377012149373188,0.017276819111023002,4.622311446933763,1.559239900191212
685.0,"1,2,2",14.0,34.0,314.4559085683127,0.003878715771146189,0.03993008499965968,10.2946664194113,1.3141334801350106
686.0,"2,2,2",13.0,36.0,314.31589575598883,0.003490666611917306,0.04361335539361918,12.494276951204982,1.4061688819809484
687.0,"2,2,0",17.0,36.0,314.5130771937212,0.004192366107893382,0.03749190764148311,8.942899230793175,1.2765676400347685
688.0,"1,0,1",17.0,33.0,314.48781293727154,0.0036790979100055007,0.04107164415935705,11.163509415626192,0.9138510995510785
689.0,"2,1,2",13.0,36.0,314.4104717549834,0.0035353588609903044,0.03964264222284639,11.21318762297922,1.1630263474141378
690.0,"0,1,2",16.0,37.0,314.3327038178655,0.0037407715970342393,0.05659828400498368,15.130109534047993,1.0383633254804456
691.0,"1,1,2",13.0,37.0,314.42875989419446,0.0036036196835421558,0.033319766761232904,9.246194018032847,1.3549493310939968
692.0,"1,1,2",15.0,34.0,314.5293803600184,0.0036347513917849225,0.05098230722438162,14.02635331252894,0.8662587206413522
693.0,"1,2,1",16.0,36.0,314.3817916390087,0.003911784959696977,0.034666399234056094,8.862041137542871,1.2756813857471423
694.0,"0,1,2",16.0,36.0,314.51728444231935,0.00363919450252897,0.04519601864979797,12.419236899371576,1.07413439507556
695.0,"2,2,0",17.0,37.0,314.4289491237631,0.003994561964395908,0.051850935672870954,12.980380861537666,1.3588296692531245
696.0,"0,1,0",15.0,35.0,314.2974676302533,0.0036218973649753627,0.029603425698706103,8.173457918763381,1.0806029683235203
697.0,"0,2,2",17.0,36.0,314.31801265483404,0.003491060936145631,0.07236872231616044,20.729721892526012,1.2389908892094919
698.0,"2,0,2",16.0,35.0,314.4539862570239,0.003613165482477311,0.04188976451896099,11.593646823571424,1.1642494969646437
699.0,"2,0,2",17.0,35.0,314.2752591324262,0.0034885277265841196,0.042613319894461,12.215273385883883,1.1095654435197342
700.0,"2,0,1",14.0,33.0,314.45893349141306,0.003648082559271045,0.04883389915722775,13.386182566818245,1.3213781381353702
701.0,"2,2,0",17.0,34.0,314.38068823936896,0.0035441045793931664,0.04727726489993413,13.339692393622622,1.0999896899555912
702.0,"1,1,1",16.0,33.0,314.3409758959977,0.003688904685338499,0.046067997242635675,12.488259028684666,0.7939262298723373
703.0,"0,0,0",13.0,34.0,314.37468915673185,0.00360432423807355,0.04470550596808858,12.40329754350372,1.1562751304396206
704.0,"2,2,0",16.0,34.0,314.37468915673185,0.00360432423807355,0.040871878301015414,11.339678564229487,1.1293215193244974
705.0,"2,0,2",15.0,36.0,314.4957454970755,0.003827869986137765,0.08902973716506779,23.258297039209737,1.6270922545774054
706.0,"1,1,0",17.0,34.0,314.41562711979526,0.003639168228580606,0.04321453772753918,11.874839252593237,1.0123972971622053
707.0,"0,0,1",13.0,36.0,314.31555162424416,0.00420372150007217,0.06914016424996233,16.447370323836946,1.4683659318637485
708.0,"2,0,1",17.0,34.0,314.42127158093103,0.003478869365361249,0.09850033175327551,28.313892074831372,1.2646672608153298
709.0,"2,0,0",16.0,36.0,314.25499040023936,0.003878078975269652,0.033484271734811256,8.63424183683186,1.4249653601512835
710.0,"1,2,1",17.0,35.0,314.35473372018333,0.0038137168760241963,0.03287904078012425,8.621258957849195,1.3013605873901222
711.0,"1,1,1",17.0,34.0,314.2784413820403,0.003744369806104004,0.02127837904448287,5.682766432363396,1.0572276555618716
712.0,"0,2,0",17.0,33.0,314.27534613233604,0.003464993969781028,0.04122152941533118,11.89656598967651,0.9717242683966797
713.0,"2,0,2",15.0,34.0,314.4091279304459,0.003468870417253051,0.04715318292899277,13.593238506249163,1.1069407515300655
714.0,"1,2,0",14.0,35.0,314.43135197566204,0.0038019242800443258,0.03927809303953787,10.331108708740496,1.2707258691217749
715.0,"2,0,0",15.0,34.0,314.45474049810906,0.003619145588443148,0.06694375644072938,18.497116185239356,1.3534550401754606
716.0,"0,0,2",15.0,35.0,314.44335430074534,0.004002658232761011,0.043192048816389036,10.790841062289598,1.2863699016779782
717.0,"1,1,0",17.0,35.0,314.50321803977266,0.0037123975916783796,0.054441285937204216,14.664723966861331,1.1041207301973464
718.0,"1,0,1",16.0,37.0,314.51109513882454,0.003736165324535533,0.04080063764028051,10.920458303154104,1.103133593563839
719.0,"2,2,1",16.0,35.0,314.4598375443344,0.003896157060498276,0.052676002905765226,13.519989591751349,1.0765637978032923
720.0,"1,1,2",16.0,36.0,314.38133428293236,0.004368183302570493,0.046552995424823364,10.657289815981136,1.1213701097159812
721.0,"1,1,1",16.0,35.0,314.49088724871626,0.004385485775996603,0.028267690947746622,6.445737688277596,1.1551643084441705
722.0,"2,1,1",17.0,34.0,314.3409758959977,0.003688904685338499,0.048503972923262334,13.14861105412691,0.8764157028381093
723.0,"2,0,2",13.0,34.0,314.54757504022854,0.003884304561177766,0.049576560326715355,12.763304098812265,1.3956381919851997
724.0,"1,0,0",13.0,36.0,314.46205006090025,0.003512542657496246,0.06118591975790119,17.419267386638587,1.4697670455436376
725.0,"0,1,2",13.0,37.0,314.31510122583364,0.003782590825842545,0.03953345608655638,10.451422822808382,1.614326552120949
726.0,"2,0,2",17.0,35.0,314.40393980714816,0.0035009416094568123,0.05690709130006345,16.254795894437343,0.9446551059827856
727.0,"0,1,2",16.0,36.0,314.51291721558493,0.004047370024857368,0.0377437565527395,9.325501824871973,1.23432108370648
728.0,"1,2,2",13.0,33.0,314.52652133803815,0.003749856828869441,0.05275871588073991,14.069528061594378,1.192694836577704
729.0,"0,0,0",17.0,37.0,314.34120580424997,0.003628504846670294,0.016304980136514952,4.493580917075874,1.792717779674293
730.0,"1,1,1",13.0,36.0,314.4735032160945,0.0037988808905190857,0.03379326428803018,8.8955840580231,1.2784512299838693
731.0,"1,2,0",16.0,35.0,314.39257629360105,0.003716598629400937,0.02695819358033514,7.25345840873875,1.4033292140779283
732.0,"2,1,2",13.0,37.0,314.4654968524832,0.0036002310085173996,0.0476061501382845,13.223082081582605,1.205042724518868
733.0,"1,2,1",17.0,33.0,314.4655976089112,0.0036933434041806212,0.05270975202616007,14.271554593731011,0.9591828268167292
734.0,"1,1,2",14.0,36.0,314.3772868270521,0.0037150825920291603,0.038204725398823705,10.28368130517294,1.2040360702904767
735.0,"2,2,0",14.0,36.0,314.46272030388127,0.003680389891551654,0.045921465328194945,12.477337097791677,1.263520449906741
736.0,"2,0,1",15.0,35.0,314.47181420213093,0.0038033299393489747,0.0416929572441223,10.962224658126553,1.1073442242855145
737.0,"0,0,1",17.0,36.0,314.30966965309864,0.00374030164498159,0.04937031964429676,13.199555632240928,1.0568879159455058
738.0,"0,0,0",16.0,37.0,314.30698815876895,0.0035941565343579622,0.029238919027228357,8.135126766940164,1.431683438509406
739.0,"0,0,1",16.0,35.0,314.4076486490975,0.003582228707644201,0.03228534909017571,9.012643168561867,1.0500540730789498
740.0,"2,2,2",14.0,36.0,314.45724060203304,0.0035421158334877543,0.03808864528103162,10.75307727684544,1.3613024631310275
741.0,"0,1,2",15.0,34.0,314.507522532783,0.0038167804043275216,0.041622284862187824,10.90507717315774,1.0751308169030875
742.0,"2,2,1",14.0,33.0,314.3478938698846,0.0037242878309129064,0.02918935500396246,7.837566893106512,1.3088749333536012
743.0,"0,0,1",16.0,35.0,314.4372577138065,0.003699928804041463,0.1000692069906872,27.046252047169332,1.104507873599114
744.0,"1,0,0",15.0,35.0,314.4843115703243,0.0038228842220261617,0.06794394645193018,17.772954268523282,1.3997049032478195
745.0,"2,1,2",17.0,37.0,314.48488053553945,0.004103654958454976,0.04496387068916917,10.957030048671061,0.9457802524876261
746.0,"2,0,1",13.0,36.0,314.2770683303624,0.004191512237759449,0.04006295640722532,9.558115098965038,1.3526481222810516
747.0,"2,0,0",14.0,35.0,314.4064602438187,0.0035359519402829915,0.08218449522934962,23.242537403597225,1.4302454203967425
748.0,"0,0,2",13.0,33.0,314.27741180560906,0.0037284381066438055,0.05728504803754274,15.364355367858984,1.2537378780559212
749.0,"0,2,2",17.0,35.0,314.43357154316715,0.0036029531400318194,0.0486936744506336,13.514934154875954,1.1052275112847596
750.0,"2,0,1",13.0,35.0,314.35651606739606,0.003859526054262359,0.07251350274315524,18.788188426160055,1.4331801550060201
751.0,"0,2,2",16.0,33.0,314.4404011316397,0.003665774334784877,0.05391991732193803,14.709011629626753,1.1039071233321611
752.0,"0,1,1",13.0,37.0,314.49471468651996,0.0036176653135377656,0.055702666147085356,15.397407255623914,1.2976347589571058
753.0,"2,1,0",15.0,35.0,314.3153928584227,0.003630641835765183,0.04888854228279846,13.465537085261635,1.0977225979861944
754.0,"0,2,1",17.0,35.0,314.2770683303624,0.004191512237759449,0.06073132554627185,14.489120417965298,1.3433907273148227
755.0,"2,1,0",14.0,36.0,314.4082898537512,0.003813806129856709,0.04305782185355131,11.289987059507155,1.3869236987991704
756.0,"2,1,0",15.0,37.0,314.507522532783,0.0038167804043275216,0.057872050496367386,15.162530815435755,1.1703692979248184
757.0,"0,2,2",16.0,37.0,314.25336560601716,0.0034789522351610447,0.04062170035963187,11.676417959716956,1.2003457729438318
758.0,"2,1,2",17.0,37.0,314.35380096173714,0.0035387995633284395,0.02923999297172259,8.262686950322989,1.1677076753308893
759.0,"0,2,0",16.0,34.0,314.534966633416,0.003557412661831974,0.03399953198954707,9.557376447869897,1.2175820451815809
760.0,"0,2,1",13.0,35.0,314.41209324812934,0.0038233862527579042,0.044849019966989034,11.73018288032979,1.3297110294610426
761.0,"1,0,2",14.0,33.0,314.50213116357224,0.003626168136580763,0.04305925218585847,11.874587874587773,1.202450785844925
762.0,"0,0,2",13.0,36.0,314.3956097058624,0.003455496314892153,0.05628475251459478,16.288471289066166,1.171721080419193
763.0,"1,1,0",16.0,34.0,314.25614743569423,0.00374661140952426,0.029632122697158772,7.909046190867556,0.9715272634876656
764.0,"1,2,2",15.0,33.0,314.29692741380984,0.003690096988887466,0.03861370335575831,10.46414321142275,1.1517940464632281
765.0,"0,0,2",15.0,33.0,314.33215701879,0.0038023207580750425,0.07454453667457644,19.6050100497874,1.162335789387976
766.0,"1,2,0",15.0,33.0,314.45108722812074,0.0035797483688173796,0.05597001947463897,15.635182618472554,1.3264090945447495
767.0,"1,1,1",15.0,34.0,314.51078956188917,0.004096731896859896,0.04812557727748435,11.747309438133387,1.0928086042993772
768.0,"2,1,0",17.0,35.0,314.48455111354986,0.0034360934344678917,0.05042106285665402,14.673949884736517,0.9048569012432912
769.0,"2,2,2",13.0,33.0,314.508333764257,0.0037101140680308392,0.040982710340129735,11.046213024356284,1.4922445835106322
770.0,"2,0,2",13.0,35.0,314.25837231037184,0.00374862540214599,0.04733088814316578,12.626198423579503,1.2954621908308854
771.0,"2,2,0",13.0,34.0,314.52474750744665,0.003790056027261281,0.046702953504189335,12.322496862384694,1.429417323469323
772.0,"2,1,0",15.0,33.0,314.5085480634494,0.0034139953322511714,0.08399909325514052,24.604337463974193,1.5285503721187381
773.0,"2,0,1",13.0,36.0,314.49203367708895,0.0038320005039018433,0.06777740637700998,17.687212281939225,1.410350136679624
774.0,"1,1,2",15.0,34.0,314.4359182213764,0.0034345549575913385,0.05187809623914366,15.104750653204249,0.9585597886771462
775.0,"1,0,1",14.0,36.0,314.36685141208415,0.0035951098195532148,0.03893044335080564,10.828721598174642,1.1215210303871885
776.0,"2,0,1",17.0,36.0,314.51566533558116,0.003990462633228816,0.027569395808409867,6.908821944312395,1.428588587915709
777.0,"0,0,1",14.0,34.0,314.5490785517885,0.004076996098228475,0.030504016450818416,7.481983233703102,1.2748274954684329
778.0,"2,1,1",13.0,37.0,314.5078806570776,0.003531632641666969,0.03975070472288431,11.255617091624101,1.139083296164639
779.0,"0,1,2",15.0,37.0,314.4526332471906,0.003773067689481632,0.03797825711149464,10.065617751138818,1.3885489351340514
780.0,"1,1,0",17.0,33.0,314.54301084083306,0.0035827713050097824,0.06716297187765422,18.746095176027662,1.0652312175376477
781.0,"0,2,1",15.0,34.0,314.38932072478553,0.003626089265183524,0.025714526228996316,7.091531495349122,1.3107621166097667
782.0,"0,2,2",17.0,35.0,314.4310289933095,0.0035776083659873024,0.03248268931913066,9.079442464398001,1.2168896788693775
783.0,"1,2,1",13.0,34.0,314.2629105243467,0.0037289955053480994,0.05098512502292516,13.672616378808355,1.2842938926575451
784.0,"2,2,1",14.0,36.0,314.4590292244246,0.0036897041276309508,0.0475712536636385,12.892972449306548,1.2227168619157134
785.0,"2,1,2",14.0,35.0,314.53578912668956,0.0034642465876002265,0.060653090092975946,17.50830622452656,1.4056273730519275
786.0,"0,1,1",14.0,36.0,314.3305103087038,0.003780894710706897,0.02816148815295059,7.448366142860763,1.1877407401417304
787.0,"0,1,2",17.0,33.0,314.5261912943248,0.003718253888110312,0.0461530811668588,12.412568521595679,0.9351301163393443
788.0,"0,2,1",13.0,34.0,314.33306786094346,0.003611488534482549,0.05223868555582467,14.46458573993767,1.4053925706635568
789.0,"2,0,1",13.0,34.0,314.5176166192922,0.004137614816591986,0.03687126826080358,8.911237487102097,1.2403460170192082
790.0,"0,1,0",17.0,36.0,314.4527422723232,0.0038275308787540704,0.048833071982885924,12.758374401092215,1.2341268111601602
791.0,"0,2,2",16.0,34.0,314.4749054354351,0.0036018006959904446,0.05964296553470382,16.55920762109322,1.1227276315923602
792.0,"2,1,0",16.0,36.0,314.3270900840052,0.003748985294236796,0.05041561882313055,13.447803836582924,1.071746500232799
793.0,"2,2,1",13.0,36.0,314.4830535052574,0.003972631182349409,0.04366419464947384,10.99125306257373,1.2764565258622207
794.0,"0,1,0",13.0,33.0,314.28976295004236,0.0034413386082414103,0.01770609745121605,5.145119230293995,1.2092982468623727
795.0,"1,0,0",17.0,37.0,314.313869883193,0.0034111243574513985,0.0529012457816137,15.508448311494146,1.0871046801040414
796.0,"0,1,1",13.0,37.0,314.4513549327119,0.0035064748002017958,0.03857164745686941,11.000121105860973,1.24668642425204
797.0,"0,2,0",15.0,35.0,314.47934995185136,0.003642613411810262,0.03665174488067537,10.061936510155393,1.2492818553539493
798.0,"2,1,2",16.0,37.0,314.3503223277536,0.003577609712761909,0.028449873729871202,7.952201613380556,1.3106408304405066
799.0,"1,0,2",14.0,34.0,314.2650841052153,0.0040978298814668855,0.05036345351741555,12.290274358433622,1.1906612562215735
800.0,"0,1,0",14.0,35.0,314.43888761296364,0.00371668874563791,0.027647816598770705,7.43883023059694,1.354643989725257
801.0,"2,0,0",16.0,33.0,314.3136004814429,0.0038134596873578832,0.0606511414278107,15.904492613066596,1.1350160764559791
802.0,"2,2,1",13.0,34.0,314.43746427215063,0.0034810042110899396,0.05296086756048962,15.214249782222184,1.1326642471915862
803.0,"2,1,0",15.0,37.0,314.34561129525304,0.003611182603892065,0.047063075984599814,13.032593791816597,1.2005635686552771
804.0,"2,1,1",13.0,36.0,314.47743242135897,0.004049313047134403,0.054448329185497274,13.446312634195815,1.227878231253778
805.0,"1,0,2",13.0,33.0,314.428800754058,0.0036236165485443107,0.06742956347164296,18.60836061661407,1.4574892918739422
806.0,"1,2,2",17.0,35.0,314.49357819619047,0.0037407861100049993,0.07635518575950621,20.411534772140225,1.170693235504274
807.0,"1,0,2",16.0,36.0,314.34800629074317,0.0034801490675787114,0.06131096205321012,17.617337896352463,1.1293043456255079
808.0,"0,0,0",17.0,34.0,314.36423911885674,0.0034838385670299165,0.16529862877417573,47.44726989893165,1.1504589734413573
809.0,"1,0,1",15.0,34.0,314.43888761296364,0.00371668874563791,0.11487207466572363,30.90710105885062,1.365870240128744
810.0,"0,1,1",17.0,37.0,314.4354413970409,0.0036123959804525343,0.018891332469614844,5.229585176110255,1.6258632868832745
811.0,"2,1,2",15.0,34.0,314.2794581950081,0.004084917263167266,0.0566937000975014,13.878787854210684,1.2511255800891223
812.0,"1,0,1",13.0,36.0,314.40493257298425,0.0037237778221812464,0.05260336411210852,14.126343359898813,1.2151842905816888
813.0,"0,1,1",14.0,36.0,314.3559569193847,0.0036522235851334205,0.017986714202585394,4.9248666691166765,1.6008837261863103
814.0,"2,2,1",14.0,35.0,314.28728168260216,0.003621851102558375,0.03540702989534566,9.775948511614715,1.1315969482969759
815.0,"2,2,1",15.0,35.0,314.33215701879,0.0038023207580750425,0.03519865865740902,9.257151328608225,1.158756022476753
816.0,"2,0,1",15.0,34.0,314.2645399128103,0.003709839986363536,0.03505096953978018,9.4481081848864,1.2287014991739194
817.0,"2,0,0",13.0,37.0,314.54410520010646,0.003446399753014989,0.03356335521308285,9.738671546654118,1.5976555198850897
818.0,"0,2,2",15.0,37.0,314.31510122583364,0.003782590825842545,0.04880262124067471,12.90190334816462,1.2670051688929687
819.0,"0,2,0",16.0,34.0,314.3784058909801,0.003578994165711245,0.05578474656185158,15.586710673155181,1.0551930790107258
820.0,"2,0,0",17.0,34.0,314.48907008548485,0.0039618344584666015,0.05464104946155973,13.791855776505145,1.0462177308067213
821.0,"1,1,2",16.0,36.0,314.52217693567786,0.003886780259793195,0.04344428563970912,11.177448359795022,1.017966887517391
822.0,"0,0,0",14.0,34.0,314.3215898281769,0.0036011123452863183,0.05864614770817434,16.28556459365654,1.248260237461717
823.0,"1,0,2",15.0,37.0,314.44603269821454,0.0037846639419294626,0.06561522362832135,17.3371333981294,1.1819771053288668
824.0,"2,1,2",14.0,34.0,314.3061758295971,0.0035236046899025015,0.040825578199770944,11.586310552021825,1.1916199106542051
825.0,"0,0,1",16.0,35.0,314.3744737072109,0.0035226741302621855,0.043765960195468405,12.424072899473956,1.0986880537156216
826.0,"0,1,0",17.0,33.0,314.2821550618788,0.003940707312292988,0.025605673723154067,6.49773548095731,1.148421486338542
827.0,"0,0,1",14.0,35.0,314.5130771937212,0.004192366107893382,0.11633588286757536,27.749456959051905,1.3956227506919687
828.0,"0,2,2",15.0,33.0,314.3744737072109,0.0035226741302621855,0.0784597569088097,22.272783120864517,1.5751186743436525
829.0,"1,0,1",13.0,33.0,314.2894518415418,0.0035889652773326715,0.030706285453085406,8.55574882460451,1.0836648361996948
830.0,"1,2,2",13.0,33.0,314.28791902016354,0.003640792386985679,0.051234275016723986,14.072286901023316,1.4063312351687098
831.0,"0,2,1",13.0,35.0,314.50143854707073,0.0036725679913602303,0.05060750946608268,13.779869994275828,1.3539186205269569
832.0,"2,0,1",14.0,36.0,314.50344114872127,0.0035200543276712065,0.04639270465112122,13.179542226501274,1.4023485707834213
833.0,"1,1,0",14.0,37.0,314.51023925182704,0.0037570876392035617,0.08380421041741272,22.305630974096143,1.4220639463473526
834.0,"1,0,0",14.0,35.0,314.3109133616719,0.0035625074604803404,0.03818171372509131,10.717651583512247,1.2904125173038332
835.0,"2,1,2",17.0,36.0,314.5100144049124,0.004144678479809477,0.04527329835959336,10.92323531973329,1.2224763687203688
836.0,"0,2,1",14.0,33.0,314.40393980714816,0.0035009416094568123,0.04561346548684819,13.028913525331642,1.1407166367732218
837.0,"2,0,0",17.0,36.0,314.5044136811628,0.00362452930966691,0.03413923216657754,9.418942226656982,1.331959695411653
838.0,"2,0,0",15.0,36.0,314.47490255317433,0.003764455788640413,0.033451785318074495,8.886220796912609,1.5517165003928002
839.0,"1,0,0",16.0,36.0,314.3559569193847,0.0036522235851334205,0.02727873049894279,7.469074623465656,1.3418588082035428
840.0,"2,0,0",13.0,33.0,314.48285161229916,0.003754169887731334,0.057031426913740316,15.191488030448385,1.3638844317058973
841.0,"0,0,2",16.0,34.0,314.28398707285805,0.003851950155722485,0.06424548518608962,16.678690686234884,1.1192399789240408
842.0,"2,1,0",13.0,36.0,314.49083300123147,0.0034543976018641593,0.06620844929966391,19.16642405724652,1.456018800846642
843.0,"0,1,1",16.0,36.0,314.5253953396397,0.003912896615220384,0.022955555312514656,5.866639875743751,1.3141539759553693
844.0,"2,1,2",13.0,35.0,314.4895948429854,0.003578968715581057,0.056407617255149915,15.760857872151576,1.2472162043160255
845.0,"1,1,0",14.0,35.0,314.3253505625731,0.0038508484482135973,0.04582749912069017,11.900623911062892,1.1199820537877863
846.0,"0,1,0",17.0,36.0,314.37398379735214,0.0035917425204056498,0.02537975585496699,7.066140100738795,1.4062042563800066
847.0,"0,1,0",13.0,33.0,314.50079824739294,0.003734100606987918,0.1670188402975962,44.72799687963432,1.6607957190158669
848.0,"1,0,0",15.0,33.0,314.4309838027876,0.0039015361065531046,0.05204198345694518,13.3388445052538,1.1379858450646057
849.0,"1,0,0",16.0,37.0,314.52608694464965,0.0036507585409950843,0.07687089258227696,21.056142639694908,1.1877845914961482
850.0,"2,1,2",17.0,35.0,314.30253032598654,0.0033969247002374925,0.03473779344006239,10.226247710946826,1.0520421024055544
851.0,"0,1,0",16.0,33.0,314.54903997260624,0.003802643256035276,0.08270200138441297,21.748556416159847,1.2550952369384527
852.0,"2,0,0",14.0,34.0,314.4444634219674,0.003618483590738355,0.03634998271806188,10.045639784328724,1.3097104568510354
853.0,"1,1,0",14.0,37.0,314.46719448123974,0.003502590443885941,0.0381345354752097,10.887523416212325,1.2873005776716853
854.0,"0,2,2",15.0,37.0,314.3478822030358,0.003711462006278077,0.052635832324858994,14.181967169763158,1.4524127326899519
855.0,"0,0,2",15.0,35.0,314.31729630374343,0.0036459430979530498,0.0365176778118321,10.015975793021648,1.292792371254346
856.0,"0,0,0",15.0,37.0,314.46115271017965,0.003758057295706329,0.0341053476929712,9.075260170178188,1.4732022855170168
857.0,"0,2,2",13.0,36.0,314.27534613233604,0.003464993969781028,0.0702848857824649,20.28427362224431,1.4106185559532043
858.0,"0,2,2",16.0,33.0,314.50344114872127,0.0035200543276712065,0.04715845615859532,13.39708191089038,1.0371149201653884
859.0,"0,0,2",14.0,37.0,314.3956097058624,0.003455496314892153,0.043983660226274,12.728608633358286,1.346018673240147
860.0,"1,0,1",16.0,35.0,314.29536106382216,0.0034942810052608813,0.04374397099488551,12.51873301804461,1.0596460081036814
861.0,"2,1,2",14.0,36.0,314.48907008548485,0.0039618344584666015,0.026552380909085543,6.7020419927798915,1.6356758085258924
862.0,"2,1,2",15.0,36.0,314.39848400333887,0.0034948010454847237,0.04989958689125576,14.278233937158149,0.9001356539508987
863.0,"0,1,2",14.0,34.0,314.45108722812074,0.0035797483688173796,0.052318027465589965,14.615001412200927,1.3106264978206954
864.0,"1,0,1",17.0,33.0,314.5253953396397,0.003912896615220384,0.04595191243770042,11.743707272754584,1.020133627469412
865.0,"1,2,0",13.0,36.0,314.426849222174,0.003767506728291079,0.06015160404707053,15.965891605548634,1.3061112421487155
866.0,"1,0,0",14.0,33.0,314.38481448456224,0.00391178661494891,0.01933511454807903,4.942783554243426,1.2776568470528646
867.0,"1,0,2",14.0,34.0,314.4783620189718,0.0037111708290918834,0.04530334715538848,12.20729231870852,1.221928932301394
868.0,"1,2,0",16.0,35.0,314.50079824739294,0.003734100606987918,0.031775252515401746,8.509479486422567,1.2938487567960517
869.0,"2,2,2",16.0,36.0,314.28598739313543,0.0037602855306891475,0.04726034754776827,12.568286945780649,1.119905555907777
870.0,"0,0,2",16.0,37.0,314.2982959553837,0.0034288268703613818,0.05229362686675646,15.251171565056291,1.1256234568019408
871.0,"2,1,1",14.0,34.0,314.4830535052574,0.003972631182349409,0.03162467737279505,7.960637653277508,1.277774854733171
872.0,"2,2,2",17.0,35.0,314.45108722812074,0.0035797483688173796,0.06001772684045902,16.76590661043774,0.8047854214332866
873.0,"1,2,2",16.0,34.0,314.3328439619795,0.0034865484214783803,0.041183979956774516,11.812249531102603,1.0323147696109425
874.0,"0,0,1",13.0,36.0,314.4488514118549,0.0035528794486358196,0.050325043046327636,14.164579399295599,1.559734830762502
875.0,"0,1,2",15.0,33.0,314.34764332636826,0.003624423553591782,0.03934688629886514,10.856039785933023,1.0518851517667884
876.0,"2,0,2",15.0,35.0,314.33830708106296,0.0035338855748905744,0.04639912678155771,13.12977621891293,1.0568061479406416
877.0,"0,2,0",17.0,36.0,314.2959154795081,0.003617333917728154,0.04717308960132811,13.040844631494485,1.02840944584171
878.0,"0,1,2",16.0,33.0,314.3478822030358,0.003711462006278077,0.055740666917126695,15.018520147273303,0.988681698093212
879.0,"2,0,0",14.0,33.0,314.3971645845373,0.0034659318580351466,0.0685845862642576,19.788209657168082,1.240918609954406
880.0,"0,1,1",15.0,35.0,314.3964833041505,0.003712885128744526,0.04134112762783289,11.134502198243867,1.1769834755221527
881.0,"1,0,1",17.0,35.0,314.2654144114574,0.0037382824810271815,0.05687496168236738,15.214195816133092,0.8946082845487501
882.0,"2,2,0",17.0,36.0,314.44990814686173,0.003866229077830084,0.07275134738942152,18.817133161248975,1.1211998089257014
883.0,"0,0,2",17.0,36.0,314.2688847412279,0.003706112985884801,0.029118554672558174,7.856898800295583,1.5014093434247022
884.0,"1,1,2",13.0,33.0,314.25492195959373,0.003684498670491266,0.06755260668351,18.334273594541152,1.211431874307467
885.0,"2,2,0",13.0,37.0,314.5076610484045,0.0036331637654800387,0.039187706779547256,10.786110758860744,1.5555793121972448
886.0,"2,2,2",16.0,36.0,314.288846998901,0.00346195309211227,0.03346349695648153,9.66607463074093,1.0380275047548204
887.0,"0,1,1",17.0,35.0,314.3910118459039,0.0036948800756700768,0.03729419160369107,10.093478229311046,0.9010847025529365
888.0,"1,0,2",14.0,37.0,314.33391848561956,0.0035297564509040465,0.042160298949380975,11.944251547038839,1.217545364570323
889.0,"1,0,1",14.0,35.0,314.42347119693216,0.0037959996047244138,0.04626590080788644,12.188067867632274,1.2279587519303932
890.0,"1,0,0",15.0,36.0,314.50062204110293,0.003612720309187498,0.059940865482805326,16.591615279591363,1.260836800379669
891.0,"2,1,2",15.0,36.0,314.3496654742191,0.003450639798510658,0.050339238871453536,14.588378332963243,0.9808095940128669
892.0,"1,0,1",16.0,34.0,314.5339719591794,0.0034543864219643626,0.038901241040495055,11.26140399150063,0.9193776299105566
893.0,"0,1,1",13.0,33.0,314.4289491237631,0.003994561964395908,0.016591455234354055,4.153510543142408,1.232473805490715
894.0,"1,1,0",14.0,35.0,314.4995590351522,0.0038996075582614074,0.0514104703835928,13.183498497093266,1.2334168425006236
895.0,"1,2,0",13.0,35.0,314.3739297152253,0.003914182922350011,0.047322355824481924,12.08997043911028,1.478511941681138
896.0,"0,2,2",17.0,33.0,314.3593654677894,0.0037317204443837646,0.05554433082345805,14.88437616141697,0.9762691072731989
897.0,"0,0,2",16.0,34.0,314.29670068182827,0.0034382338620621905,0.04058063748391092,11.802756622137212,1.254667053912242
898.0,"0,0,1",15.0,37.0,314.474631700154,0.0036048581391800593,0.037497587565977764,10.401959277794703,1.200524150997222
899.0,"0,0,2",16.0,35.0,314.28664785191523,0.004091467861068216,0.03479246975156604,8.503664438532894,1.2591937041435863
900.0,"0,1,0",13.0,36.0,314.2752591324262,0.0034885277265841196,0.02394790922005353,6.864761038749929,1.433718723105179
901.0,"1,2,0",16.0,34.0,314.33110282973337,0.003714997365469785,0.04584856342213973,12.341479390616442,1.0937628144418292
902.0,"2,1,2",16.0,37.0,314.25593154718894,0.0034481934562171743,0.0561820075897629,16.293171570308914,0.9596758207787298
903.0,"0,1,1",14.0,33.0,314.25927504450436,0.003647354858728745,0.05225357417055192,14.326430027914657,1.2071633161485922
904.0,"2,2,2",15.0,35.0,314.251945177344,0.0034944949331651414,0.04757493079870059,13.614250902807738,1.0897395987779885
905.0,"1,2,0",14.0,33.0,314.4806925733285,0.0037165368459460024,0.029557016248040715,7.952838212886683,1.332909237559838
906.0,"2,1,2",16.0,33.0,314.54903997260624,0.003802643256035276,0.05173399911594577,13.60474691751254,1.0243404438884995
907.0,"1,2,0",15.0,34.0,314.44205383579487,0.003728590324008075,0.05632165900755982,15.105349237460993,1.0969281624482667
908.0,"2,1,1",15.0,36.0,314.47974948892494,0.0034720491718877844,0.05384174815772044,15.507196324770423,1.0082818650819885
909.0,"0,1,2",14.0,34.0,314.33215701879,0.0038023207580750425,0.058319790790778626,15.337946086458924,1.2778348701606526
910.0,"2,0,2",14.0,37.0,314.4945242306709,0.003671565586580473,0.057635036637612776,15.697673180146401,1.391038464155625
911.0,"1,1,2",16.0,33.0,314.49131797428146,0.0037000210133228085,0.034110263679916555,9.218937826864877,1.1193874282374086
912.0,"1,1,2",14.0,33.0,314.35456242165424,0.0037645003227829033,0.045477459994259936,12.0806099335491,0.988767622079532
913.0,"1,2,2",17.0,35.0,314.46979457861363,0.0036633942734031377,0.052150832183100154,14.235659143140563,1.0506978902469075
914.0,"1,0,0",14.0,36.0,314.3605239537533,0.0034803458218011056,0.05959574340657069,17.123511989314164,1.3818634831288876
915.0,"2,0,2",17.0,36.0,314.4924751529342,0.0038457436460178434,0.042166362820990254,10.964423711562862,1.2519118223612284
916.0,"1,1,2",17.0,35.0,314.35750063441617,0.003778691001160682,0.02987248212303369,7.9055106950681875,1.0609713800410843
917.0,"2,0,2",16.0,37.0,314.46719448123974,0.003502590443885941,0.052074606987054156,14.867455336650808,1.2974166052428815
918.0,"1,1,0",13.0,35.0,314.39376820666286,0.0037405000104069283,0.032875060189555765,8.78894802782778,1.2099313514828165
919.0,"2,0,1",13.0,37.0,314.39580160116566,0.00431740901575214,0.0480401790305604,11.127085447611051,1.4388538277521241
920.0,"2,0,0",16.0,33.0,314.4514407776949,0.0035363126679958732,0.05756166480141594,16.277312049456796,1.1263962261875584
921.0,"0,1,0",13.0,37.0,314.4793042620031,0.003639987511521809,0.11178360120322382,30.709885912902276,1.578395129669723
922.0,"2,2,2",17.0,33.0,314.25399948078814,0.003708791082208827,0.046398330863586246,12.51036519316505,1.1966704696883836
923.0,"1,1,0",17.0,34.0,314.44162363819817,0.0037556384414281097,0.06384085746734744,16.998669723667934,1.1000930359058025
924.0,"1,1,1",16.0,37.0,314.3986869604306,0.0034951692138767846,0.03949664897293769,11.300353875893938,0.9139852621204564
925.0,"2,0,0",17.0,33.0,314.49686179850255,0.0037979454950300543,0.054354815190066914,14.311636452180519,1.093356955494051
926.0,"1,2,0",16.0,35.0,314.3196876270892,0.00391415442536866,0.051342016369131264,13.117013482240305,1.1191300259647263
927.0,"2,1,1",16.0,36.0,314.3971645845373,0.0034659318580351466,0.041927351362079486,12.096992404763636,0.9734820478295052
928.0,"1,2,0",15.0,36.0,314.34039118643807,0.003653404981066663,0.035477752205909076,9.710873114195746,1.296566737880073
929.0,"1,1,2",13.0,33.0,314.38068823936896,0.0035441045793931664,0.051769464073145637,14.60720554753206,1.291700933116228
930.0,"2,2,1",17.0,37.0,314.3296294089515,0.0035265235998079235,0.03562919072251004,10.103204959255237,1.1035656855949356
931.0,"0,0,1",16.0,33.0,314.3463573576481,0.0037839882309891634,0.05071914062536249,13.403620077355292,0.9711310754740536
932.0,"1,0,0",13.0,34.0,314.508633398128,0.0037050718036725555,0.061846474841053274,16.69238225821955,1.2818644183050592
933.0,"2,2,0",16.0,36.0,314.33391848561956,0.0035297564509040465,0.04034242104762203,11.42923643847707,1.187878210917598
934.0,"2,0,1",17.0,35.0,314.5316974195527,0.0036007923124403095,0.04423639928678613,12.28518488388087,0.9489344988376234
935.0,"0,0,0",17.0,37.0,314.53284673176785,0.004098905975973537,0.02346862399378726,5.725582419151049,1.4871473548766532
936.0,"1,2,1",16.0,35.0,314.4879547074976,0.004048307299056858,0.03345395394616316,8.263689358255238,1.1451674655595918
937.0,"2,0,1",13.0,34.0,314.2974676302533,0.0036218973649753627,0.0350397561129188,9.6744199467831,1.305810434430975
938.0,"2,2,2",15.0,34.0,314.32312366102843,0.004009518214548075,0.04536747870104807,11.314945156362528,1.4712525315393745
939.0,"0,1,0",14.0,37.0,314.35981669893846,0.003666966030169067,0.02254458919827547,6.148022374026748,1.5626939489912084
940.0,"1,1,0",16.0,33.0,314.39257629360105,0.003716598629400937,0.0454931197115165,12.240525342616655,0.8882521920218692
941.0,"0,2,0",15.0,36.0,314.5178414092444,0.0035899157236628752,0.09261734952153557,25.799310248719685,1.5402022733358205
942.0,"0,2,1",15.0,34.0,314.46272030388127,0.003680389891551654,0.05435225479733637,14.768069796654462,1.2644764207067414
943.0,"0,0,2",17.0,34.0,314.4117355167248,0.0035205653678068564,0.09657503329102757,27.431683039928664,1.3694481239362657
944.0,"0,2,1",13.0,33.0,314.3815486357138,0.003660549599818971,0.025493399013663966,6.964363770654745,1.590668648161628
945.0,"2,0,1",17.0,37.0,314.4359182213764,0.0034345549575913385,0.035970196968298646,10.473029959469518,1.2937623990609857
946.0,"2,1,0",15.0,33.0,314.54338141100544,0.003726419828093035,0.024777926176071798,6.649257818261368,1.3563464219236288
947.0,"1,0,0",13.0,33.0,314.4838863486036,0.00350573527210622,0.06428760611660238,18.337838178516787,1.2308555100532328
948.0,"0,0,1",14.0,34.0,314.5449598763582,0.003676236465549268,0.08481848530736306,23.072097266379274,1.3435320910338662
949.0,"0,0,1",17.0,35.0,314.33097356957893,0.0036480452364611804,0.051022868302512084,13.98635844549101,1.0801724884012727
950.0,"2,1,2",15.0,35.0,314.3870717351756,0.0036091432533049443,0.042154176693874654,11.679829182527866,1.3172424787473358
951.0,"0,0,2",14.0,34.0,314.2894518415418,0.0035889652773326715,0.06333386102117267,17.646830249704326,1.0228478339207223
952.0,"2,1,2",15.0,35.0,314.47087028724866,0.003980087839919511,0.044045559628105815,11.06647928378298,1.1527329022090875
953.0,"1,0,0",14.0,33.0,314.3440319349647,0.0035975067049702444,0.03598461818273457,10.002654931266406,1.115206900696096
954.0,"0,0,2",17.0,36.0,314.5052057476679,0.0035881489072931228,0.045182879884990534,12.5922532905905,1.103874000598345
955.0,"2,2,0",17.0,34.0,314.49686179850255,0.0037979454950300543,0.05007255520785476,13.18411632641361,1.0296806777133498
956.0,"2,1,2",17.0,35.0,314.3166261927692,0.003727673268121636,0.03293992403213308,8.836590994663924,1.0839716211282573
957.0,"0,0,2",16.0,35.0,314.32224763325956,0.0037096840147283153,0.04317305406164709,11.637933012687858,1.193422580009746
958.0,"2,1,0",15.0,33.0,314.4508935173822,0.0037928398859946155,0.06525375668844889,17.204458571901217,0.9902544972378612
959.0,"2,0,1",17.0,36.0,314.27837102759594,0.003735976563852834,0.059922371004972025,16.039279149860445,1.0170794175559248
960.0,"1,0,0",15.0,36.0,314.2942886987242,0.0036246125180656942,0.055273690658972606,15.249544712291037,1.1457036026604395
961.0,"2,2,0",14.0,34.0,314.4995590351522,0.0038996075582614074,0.06683626570464073,17.139228680344146,1.4322734665098682
962.0,"0,2,0",14.0,36.0,314.407063604193,0.0036424113227476475,0.053554984972174674,14.703167826684536,1.3567954035394119
963.0,"2,2,1",13.0,36.0,314.40393980714816,0.0035009416094568123,0.06031379288225071,17.227877414273323,1.5040443435079736
964.0,"0,2,1",14.0,36.0,314.45042241577,0.004256813970794428,0.026484715585668644,6.221722576409872,1.6052596663520886
965.0,"0,0,0",14.0,34.0,314.3008724528148,0.0038393777503229792,0.0405662704345908,10.5658450594444,1.41387511730129
966.0,"1,1,1",16.0,34.0,314.4276458599812,0.0037548064467563865,0.04659204438555245,12.408640777156778,0.8514368773174326
967.0,"2,1,1",15.0,36.0,314.5034099385083,0.0036876039503395634,0.03953340555705466,10.720621327410806,1.2409176105436068
968.0,"2,1,1",17.0,35.0,314.25927504450436,0.003647354858728745,0.03971567689864055,10.888898513286726,0.933958238504383
969.0,"0,1,0",14.0,35.0,314.4456959376937,0.0038465155274514298,0.12238165942854005,31.816239543331825,1.4770991385448613
970.0,"2,1,1",14.0,36.0,314.47934995185136,0.003642613411810262,0.032775059027791154,8.997677030871909,1.1880860781556306
971.0,"1,0,1",13.0,33.0,314.3414914814568,0.003558135419010908,0.0481254017246058,13.525455345930515,0.9951763545004583
972.0,"2,0,1",14.0,34.0,314.3817916390087,0.003911784959696977,0.06596775413359664,16.86384983153746,1.463954017530814
973.0,"2,0,0",17.0,34.0,314.4909880329723,0.0036850716604071654,0.022013109976563566,5.973590748064673,1.6334399272346012
974.0,"1,1,2",15.0,33.0,314.2549262096851,0.0035859464533464953,0.05424923721525656,15.12828981721961,1.206507031043009
975.0,"0,1,0",15.0,35.0,314.37398379735214,0.0035917425204056498,0.07510727074894881,20.911095470302875,1.1119759614052216
976.0,"1,2,2",15.0,35.0,314.53284673176785,0.004098905975973537,0.06896926159034951,16.826260957100516,1.286266351260249
977.0,"2,2,1",15.0,36.0,314.29452734977457,0.00379825212457547,0.06409918886892889,16.875969990036733,1.1999849622705197
978.0,"1,1,2",13.0,34.0,314.4280716767939,0.003933103240644728,0.04660528245396626,11.84949379725068,1.3720643163999393
979.0,"0,0,2",14.0,34.0,314.29376481910896,0.004081317249768295,0.03257077202946207,7.980455827419734,1.3202135840610996
980.0,"0,2,1",13.0,37.0,314.3463573576481,0.0037839882309891634,0.04566225292836122,12.067229108803216,1.4041983929281134
981.0,"2,1,2",17.0,35.0,314.53284673176785,0.004098905975973537,0.02272504365629975,5.5441729548095555,1.5712050387318617
982.0,"0,2,2",13.0,33.0,314.49083300123147,0.0034543976018641593,0.08559761575686665,24.77931773420467,1.5791738783578915
983.0,"0,0,1",15.0,34.0,314.4085646329201,0.003572722938440679,0.04295671562026149,12.0235227753233,1.0092918993181008
984.0,"2,1,1",15.0,35.0,314.3569199938712,0.0036536256754495984,0.03754236356776766,10.275372165252772,1.027325128147119
985.0,"0,1,0",17.0,35.0,314.434773671873,0.0034727794245605413,0.048253068047738545,13.89465386326535,0.9351643529205796
986.0,"2,1,1",13.0,36.0,314.49043849487043,0.003666381974630254,0.0372293280416581,10.1542415109142,1.3389383541400388
987.0,"2,0,1",17.0,34.0,314.2547570708028,0.0035296469685081834,0.02615669478784886,7.4105696748771654,1.3133929369071273
988.0,"0,1,1",17.0,37.0,314.27837102759594,0.003735976563852834,0.06634648140525465,17.758805568317836,1.1690607045785921
989.0,"2,2,0",17.0,36.0,314.5093387109071,0.0034364670503816475,0.0339996303776564,9.893774588608515,1.2813345223439139
990.0,"2,0,1",16.0,34.0,314.4846093978762,0.003726879165132996,0.04565263081692881,12.249560233676014,0.9643346123800945
991.0,"1,1,2",14.0,37.0,314.2548279907934,0.0035636746077992707,0.07030675262874085,19.728723962303178,1.4533919292779578
992.0,"1,1,2",17.0,35.0,314.3063568750857,0.0036397712503340655,0.03723029426473349,10.228745628263429,0.984382019713862
993.0,"2,0,2",14.0,34.0,314.25386187483747,0.004214250032734395,0.037373000445732295,8.868244683024422,1.3920449550480294
994.0,"0,0,0",16.0,34.0,314.4862578422255,0.003767175778192597,0.101546454814149,26.955592410096834,1.1578967634642767
995.0,"1,0,0",13.0,36.0,314.51659246052253,0.0037264922757641095,0.035085457117925406,9.415142853269757,1.158675205555773
996.0,"0,1,1",17.0,35.0,314.42137394269196,0.003577530697698787,0.057436983503531255,16.054924012385708,0.8339151643934305
997.0,"1,1,2",15.0,35.0,314.5364494630618,0.003848606059386777,0.054516503951235466,14.165259605687451,1.2236386661599197
998.0,"0,1,1",16.0,33.0,314.44162363819817,0.0037556384414281097,0.10871760935016739,28.947836977839298,1.1443016461626292
999.0,"1,0,2",16.0,33.0,314.49686179850255,0.0037979454950300543,0.055262919043239246,14.550740424146591,1.1969406867241252
