window,start_ns,stop_ns,mean_mV,vpp_mV,robust_vpp_mV,periodic_vpp_mV,coherence,candidate,dt_ns,source_mV,split
0,50.0,100.0,95.4075653268169,3.141109600575305,2.6987204637402726,0.5444315077779236,0.03893142460516219,frozen,0.025,50.0,validation
1,100.0,150.0,95.68432198960227,2.6613106685310584,2.187921191131025,0.8690695881387093,0.10796726841762361,frozen,0.025,50.0,validation
2,150.0,200.0,95.51130408332115,2.7524847361210334,2.469668328406314,0.23103395640600094,0.009570596956782529,frozen,0.025,50.0,validation
3,200.0,250.0,95.92008946517215,2.531428708208054,2.313486839184492,0.21021900675665742,0.009322547401618086,frozen,0.025,50.0,validation
0,50.0,100.0,178.30385500462464,2.56186937788425,2.2255771032042446,0.253249165192252,0.018057709664862975,frozen,0.025,100.0,train
1,100.0,150.0,178.34758549509695,2.8105639038778634,2.4909483117494915,0.23974110787325625,0.010490700048681245,frozen,0.025,100.0,train
2,150.0,200.0,178.4093567537098,2.6512063174888283,2.3609134575181088,0.23457328511664083,0.009656161146545106,frozen,0.025,100.0,train
3,200.0,250.0,178.49640991046945,3.0181454968776222,2.4913885646182337,0.2698548283450956,0.013721401104406006,frozen,0.025,100.0,train
0,50.0,100.0,243.27976276678154,3.3148645752133064,2.5839891850648087,0.35329898809863397,0.04226897930647999,frozen,0.025,150.0,validation
1,100.0,150.0,242.96507018834552,2.341943460166277,1.7742439847260698,0.33121669633387235,0.03594397489872725,frozen,0.025,150.0,validation
2,150.0,200.0,243.05157292149863,1.894376322382584,1.6006678115536772,0.48179493645074006,0.08651409750252492,frozen,0.025,150.0,validation
3,200.0,250.0,243.17382723378762,1.4975986897558755,1.3400340093525358,0.1275794120961974,0.01052257781357746,frozen,0.025,150.0,validation
0,50.0,100.0,291.082830186423,4.331081822248166,2.7538442667666345,1.4634482963507809,0.3821223308336137,frozen,0.025,200.0,validation
1,100.0,150.0,290.5633011965564,1.6595533934799391,1.4590108893088427,0.028219586471993952,0.00022352851642748472,frozen,0.025,200.0,validation
2,150.0,200.0,290.71916122015153,2.107202043089387,1.9405442515924847,0.4847906082252856,0.04569582715827081,frozen,0.025,200.0,validation
3,200.0,250.0,290.9687580573028,2.0908277356165854,1.9068299463168046,0.6037546126643984,0.0672877026337525,frozen,0.025,200.0,validation
0,50.0,100.0,320.1439138552878,7.820191757646455,5.85161021985374,1.133655746960364,0.1009017173600143,frozen,0.025,250.0,train
1,100.0,150.0,319.2152210047883,2.893777959297722,2.5558318594797242,0.02381942479292593,9.988224753965103e-05,frozen,0.025,250.0,train
2,150.0,200.0,319.2386854302647,2.4760601429136386,1.9710043460035536,0.26970630728285555,0.023018406994041896,frozen,0.025,250.0,train
3,200.0,250.0,319.3713932684548,2.46291252055579,2.3712569651948456,0.07390063961364662,0.0011538341554911957,frozen,0.025,250.0,train
0,50.0,100.0,315.71248340196956,3.989606941310342,2.7982053043247106,1.034775437639095,0.23686585069306754,frozen,0.025,300.0,train
1,100.0,150.0,315.08456668203877,2.162217994395121,1.9932592158734792,0.13550004383685407,0.005295156458935524,frozen,0.025,300.0,train
2,150.0,200.0,314.8693748678598,2.4195338982130465,2.0633365595241457,0.3432756633018366,0.03516421497835187,frozen,0.025,300.0,train
3,200.0,250.0,314.8306539756661,2.3676840079943418,2.041886298285874,0.4631892357420239,0.05658178242307399,frozen,0.025,300.0,train
0,50.0,100.0,292.6429222744826,2.7697661210361275,2.3668745592008236,0.25720426777465255,0.014259147715989351,frozen,0.025,350.0,train
1,100.0,150.0,292.37224025721906,1.7738056479117859,1.5496867602817588,0.12126505901140376,0.006853123318852461,frozen,0.025,350.0,train
2,150.0,200.0,292.2113151112114,2.3131071426160474,1.8914821410684226,0.16812466669843038,0.008674458955430397,frozen,0.025,350.0,train
3,200.0,250.0,292.16450509992256,2.0780256421864465,1.853779420700107,0.11208463366979124,0.0036063297571142794,frozen,0.025,350.0,train
0,50.0,100.0,267.94992944797747,2.749740752438413,2.01811156904796,0.11482921004873811,0.0022147846140950778,frozen,0.025,400.0,validation
1,100.0,150.0,267.6376661808801,1.674504652135738,1.4508701503760335,0.139052898892443,0.004971512219192675,frozen,0.025,400.0,validation
2,150.0,200.0,267.7137157071877,1.659004216886899,1.419590013001823,0.15109733267135608,0.007781045242164164,frozen,0.025,400.0,validation
3,200.0,250.0,267.71954060794815,1.8130201066719565,1.573230004367474,0.14536607843032442,0.006515634148134275,frozen,0.025,400.0,validation
0,50.0,100.0,245.34359660401046,2.4147912822500643,2.005374135620798,1.3628539973266138,0.01038615550472044,frozen,0.025,450.0,validation
1,100.0,150.0,245.03602120265612,1.6577492040057962,1.1831606910380401,0.3961089739481091,0.023015406221660095,frozen,0.025,450.0,validation
2,150.0,200.0,245.0291166334204,1.4233399620959517,1.2387407915296649,0.29691224019914614,0.008495662436619367,frozen,0.025,450.0,validation
3,200.0,250.0,245.01912021279466,1.6243427111469089,1.5154602942759823,0.7751472412115589,0.0067517998025267145,frozen,0.025,450.0,validation
0,50.0,100.0,225.38392986818246,2.377983772930179,1.7559183633337625,1.0098930636246037,0.06637750874312565,frozen,0.025,500.0,train
1,100.0,150.0,225.17325843060792,1.2917214517904654,1.1706077204811152,0.11268260927171263,0.0024238904081811397,frozen,0.025,500.0,train
2,150.0,200.0,225.0771776220576,1.309570602392938,1.1545015242797376,0.21966085297108862,0.001837717592527488,frozen,0.025,500.0,train
3,200.0,250.0,225.01361595994393,1.0215330592102703,0.942791695212378,0.1005719206464365,0.0031741126809006204,frozen,0.025,500.0,train
0,50.0,100.0,208.6557054337455,2.6263590457918724,2.0187702831468073,0.3092923606301029,0.038086900723731,frozen,0.025,550.0,validation
1,100.0,150.0,208.13075244089904,1.7766356597817605,1.6904481918158467,0.2129953271359724,0.009107987143469831,frozen,0.025,550.0,validation
2,150.0,200.0,207.9104559376506,1.6184822592150852,1.3822402734478487,0.029720142482976376,0.0002221166607471181,frozen,0.025,550.0,validation
3,200.0,250.0,207.7567090269948,1.6752950971206246,1.6106657586495317,0.12774333288644563,0.0048780928410377955,frozen,0.025,550.0,validation
0,50.0,100.0,194.0351556625915,2.189397610850932,1.6593448644717341,0.2982599023590999,0.06883428487563759,frozen,0.025,600.0,validation
1,100.0,150.0,193.66336626499444,1.385971658186378,1.0400761854937457,0.10950236690292742,0.008942934046199502,frozen,0.025,600.0,validation
2,150.0,200.0,193.78474026076267,0.8773063389315894,0.7867777278157462,0.07226702063785484,0.0033428773522891087,frozen,0.025,600.0,validation
3,200.0,250.0,193.70171703909926,0.7289497389714086,0.6894358771854456,0.07383513777389866,0.0062796802402687035,frozen,0.025,600.0,validation
0,50.0,100.0,181.923117283348,1.9154249788509219,1.3247816160968569,0.5142591569004079,0.10585817804601483,frozen,0.025,650.0,train
1,100.0,150.0,181.51662631491433,1.001134460066197,0.9042288685731705,0.06599697180895221,0.0013277691964526106,frozen,0.025,650.0,train
2,150.0,200.0,181.32076412955462,1.134663424569709,0.8720365097886429,0.12561341537642293,0.014265361993156533,frozen,0.025,650.0,train
3,200.0,250.0,181.22944413084758,0.9442855929108873,0.8972611544365634,0.1594868752443184,0.012711286219541873,frozen,0.025,650.0,train
0,50.0,100.0,170.98133076797214,1.9761171837195945,1.3248806098395391,0.7171821638912698,0.08542496727643245,frozen,0.025,700.0,validation
1,100.0,150.0,170.5881099191594,1.1440218289084783,0.961272524457172,0.610460415361347,0.006412259749840055,frozen,0.025,700.0,validation
2,150.0,200.0,170.38845047409265,1.1656002117959474,1.0816344379605596,0.11726007106051063,0.001419456749122583,frozen,0.025,700.0,validation
3,200.0,250.0,170.35290343150777,0.9633009403345056,0.8712837896618453,0.8039657333493834,0.012491603005538865,frozen,0.025,700.0,validation
0,50.0,100.0,161.82956307273295,1.7178488324680359,1.421547658239632,0.23332641528249343,0.028246336795113236,frozen,0.025,750.0,validation
1,100.0,150.0,161.86352705830294,1.261779652365533,1.2030987587064317,0.04898225666270267,0.0013693407153159143,frozen,0.025,750.0,validation
2,150.0,200.0,161.83861089467462,1.5129916385315596,1.3770159416328056,0.25413395147437917,0.035754194658812244,frozen,0.025,750.0,validation
3,200.0,250.0,161.81226792699567,1.3024408068559126,1.2453110588890013,0.0795274493868721,0.0037515455001032594,frozen,0.025,750.0,validation
0,50.0,100.0,153.16021684658358,1.2623521172812673,1.13045183008893,0.13065661571528214,0.013399568128072525,frozen,0.025,800.0,train
1,100.0,150.0,153.01764576135085,1.2654190338427043,1.0111436262039604,0.1459742226593558,0.022885099846777557,frozen,0.025,800.0,train
2,150.0,200.0,153.10721957653453,1.0961007657249695,0.9637084631726793,0.15759712488401492,0.0281474488936303,frozen,0.025,800.0,train
3,200.0,250.0,153.0531581819116,1.058311097701079,0.9527353217673067,0.12373589168976658,0.017202104319704814,frozen,0.025,800.0,train
0,50.0,100.0,145.21526671148706,1.4765853216807727,1.220045881719983,0.20592539321280676,0.027347248198558605,frozen,0.025,850.0,validation
1,100.0,150.0,145.23619428702963,1.3572310171802542,1.2072060525078427,0.0638849994187916,0.002896340836290645,frozen,0.025,850.0,validation
2,150.0,200.0,145.2945373027401,1.1037276590050737,0.9785636210109772,0.08073935916857491,0.005751194598076492,frozen,0.025,850.0,validation
3,200.0,250.0,145.28020515830366,1.0794351261060626,1.0230008608056664,0.0624563127784295,0.004076285112843636,frozen,0.025,850.0,validation
0,50.0,100.0,138.37623661587511,1.3069214936030278,1.1645951413716205,0.6418298514121986,0.00556583561949453,frozen,0.025,900.0,train
1,100.0,150.0,138.2791224595771,1.1214907419453937,1.0435472272833124,0.3059124161525032,0.0019030183620327712,frozen,0.025,900.0,train
2,150.0,200.0,138.36152784713812,1.188049211055045,0.9523474518511534,0.18991586995988588,0.0017975846085397373,frozen,0.025,900.0,train
3,200.0,250.0,138.3009938903431,1.265321750795465,1.1780925713629244,0.5599762552249098,0.006372309803744369,frozen,0.025,900.0,train
0,50.0,100.0,132.04902950207554,1.4507323182316725,1.2419372424142807,0.08237287292368141,0.006547391760854726,frozen,0.025,950.0,validation
1,100.0,150.0,131.79810026199144,1.1340227759935715,1.062740510279184,0.15279012117236485,0.015870615779222663,frozen,0.025,950.0,validation
2,150.0,200.0,131.78096363228318,1.1961171977013123,1.0758672260808737,0.06360703234996354,0.0035771213288160464,frozen,0.025,950.0,validation
3,200.0,250.0,131.93042071558202,1.3127644208187235,1.148830444775939,0.24291336786213552,0.030784005607877196,frozen,0.025,950.0,validation
0,50.0,100.0,127.0391853418887,1.5634280420799058,1.5262666595325385,0.2012524655301786,0.012226350079083126,frozen,0.025,1000.0,validation
1,100.0,150.0,126.95769746585025,1.6509050275623451,1.5158403031218484,0.2140892405926224,0.009814735121423501,frozen,0.025,1000.0,validation
2,150.0,200.0,126.96717955377756,1.5535806821382039,1.2910696738648682,0.24676788654029583,0.014440766841197217,frozen,0.025,1000.0,validation
3,200.0,250.0,126.9491074278969,1.4549325171865206,1.261431358514855,0.07719476265807797,0.0015931801652687705,frozen,0.025,1000.0,validation
0,50.0,100.0,117.17472915006064,1.9624108745063324,1.733196854192684,0.3492119797422598,0.005599574566973464,frozen,0.025,1100.0,validation
1,100.0,150.0,117.09036627517129,2.078749165328091,1.7705322118129345,0.19293042572738486,0.005206519398158194,frozen,0.025,1100.0,validation
2,150.0,200.0,117.1156887062719,1.9100256505282545,1.6097899975255103,0.32253750867343867,0.008126310756736865,frozen,0.025,1100.0,validation
3,200.0,250.0,117.1103072820258,1.7893503839796239,1.7026412175482335,0.5466401034769328,0.010285651460187784,frozen,0.025,1100.0,validation
0,50.0,100.0,108.96623642125385,1.166862094025106,1.0509502746003108,0.16060938179352902,0.022476731565872043,frozen,0.025,1200.0,train
1,100.0,150.0,108.91651465323052,1.1535042143593301,0.9862492222149513,0.08030981457071666,0.006036670151478463,frozen,0.025,1200.0,train
2,150.0,200.0,108.90136658029307,1.0569353307475922,0.930800582701039,0.16223901899816887,0.02356135531490222,frozen,0.025,1200.0,train
3,200.0,250.0,108.88949517511655,1.1484464153659246,1.0442323690397757,0.06680765261197451,0.003407566224287062,frozen,0.025,1200.0,train
0,50.0,100.0,95.40724211735022,3.15240473304884,2.7091490701163536,0.544690680812611,0.038676012915248026,frozen,0.0125,50.0,validation
1,100.0,150.0,95.68546670638261,2.678208583619707,2.2018470692198946,0.8647313991760227,0.10658136717129607,frozen,0.0125,50.0,validation
2,150.0,200.0,95.51370959785457,2.768190568649686,2.4823130944630947,0.23264390436634622,0.009645736941801264,frozen,0.0125,50.0,validation
3,200.0,250.0,95.91853854645387,2.5396466968110047,2.3184180023935426,0.2055293514350437,0.008867048920818021,frozen,0.0125,50.0,validation
0,50.0,100.0,178.30542439642247,2.574833389368223,2.236162148191312,2.487281640022834,0.05434555691365772,frozen,0.0125,100.0,train
1,100.0,150.0,178.34692776334694,2.818893689025998,2.5015326401488664,2.1489882853479054,0.06599150250323893,frozen,0.0125,100.0,train
2,150.0,200.0,178.41121163634298,2.66522831491892,2.3744764963722673,0.8256347625231945,0.010024831054569083,frozen,0.0125,100.0,train
3,200.0,250.0,178.49372172532938,3.026207025083494,2.5014834030487236,1.8055574222620536,0.03477838402526379,frozen,0.0125,100.0,train
0,50.0,100.0,243.27987659592003,3.3349811111638985,2.5939377418010565,0.3565755818270509,0.042345746830720676,frozen,0.0125,150.0,validation
1,100.0,150.0,242.96741893130257,2.3472483692566755,1.775445095055943,0.3320741362318097,0.035437836411771895,frozen,0.0125,150.0,validation
2,150.0,200.0,243.0518399375186,1.923329280689103,1.6134932348913935,0.4806166571662425,0.08464655838876656,frozen,0.0125,150.0,validation
3,200.0,250.0,243.17343323982806,1.510902541812328,1.3474364275145092,0.12946011141674876,0.010528829323535382,frozen,0.0125,150.0,validation
0,50.0,100.0,291.08125124769276,4.338621816866862,2.7732396783420654,1.4486781186950868,0.3742295252871999,frozen,0.0125,200.0,validation
1,100.0,150.0,290.5621991220603,1.6659311817668936,1.4747733839738544,0.027343821148713206,0.00020386186221288405,frozen,0.0125,200.0,validation
2,150.0,200.0,290.7183285333107,2.114265190966705,1.9535008073232802,0.47899095660354657,0.04403805950744011,frozen,0.0125,200.0,validation
3,200.0,250.0,290.9700306120238,2.118156361032561,1.9376231337086551,0.5975237426678597,0.06497581691294685,frozen,0.0125,200.0,validation
0,50.0,100.0,320.1462092307471,7.798078445023009,5.84419689630181,1.1443176656158087,0.10243627831836366,frozen,0.0125,250.0,train
1,100.0,150.0,319.2117448674519,2.8993211823145657,2.5601710760333845,0.024622208968158112,0.00011025315702861693,frozen,0.0125,250.0,train
2,150.0,200.0,319.2735386489938,2.4519800369218956,2.014015029523989,0.256957886525143,0.020392093952428247,frozen,0.0125,250.0,train
3,200.0,250.0,319.39459079267266,2.5277623971304024,2.375350324118415,0.09577378730346012,0.00196982422426617,frozen,0.0125,250.0,train
0,50.0,100.0,315.7118909315177,4.0179191574047195,2.8142776977334165,1.1006386403981179,0.26975957081558943,frozen,0.0125,300.0,train
1,100.0,150.0,315.0839235330997,2.1225809270210902,1.99716342908863,0.15587504466505453,0.007206558783166228,frozen,0.0125,300.0,train
2,150.0,200.0,314.87504625415403,2.4094308892367167,2.0847948500876328,0.34595168036653184,0.036758493917628754,frozen,0.0125,300.0,train
3,200.0,250.0,314.9388573288718,2.2118069664500695,2.121598953607247,0.47514046015609407,0.05800915571667942,frozen,0.0125,300.0,train
0,50.0,100.0,292.5518350392697,2.953468369349139,2.405497717557978,0.33571731738773514,0.02340787976755354,frozen,0.0125,350.0,train
1,100.0,150.0,292.3695246767752,1.7680836024550217,1.5430038602057152,0.11579652651567506,0.006273548668615958,frozen,0.0125,350.0,train
2,150.0,200.0,292.21123821412334,2.303481209363042,1.8853980406885853,0.15702956050815325,0.00764851948604961,frozen,0.0125,350.0,train
3,200.0,250.0,292.154794908769,2.0783236361759236,1.8602420647024474,0.11228166227147043,0.0035856945127556994,frozen,0.0125,350.0,train
0,50.0,100.0,268.1078447241313,2.482623646914419,1.963070785446746,0.3336623704339281,0.030531361609552943,frozen,0.0125,400.0,validation
1,100.0,150.0,267.8494622839242,1.7328869299402072,1.4436816762376452,0.1647358684915558,0.014565061769082677,frozen,0.0125,400.0,validation
2,150.0,200.0,267.8998413358384,1.6406161982393428,1.384297275647441,0.03298891644801589,0.000654037076705638,frozen,0.0125,400.0,validation
3,200.0,250.0,267.88120869722,1.8937247627920897,1.552592679880604,0.22962916275019576,0.025253574870432338,frozen,0.0125,400.0,validation
0,50.0,100.0,245.28439039550972,2.4730556126640124,1.8961126122835594,0.1605739776700321,0.011009221921256307,frozen,0.0125,450.0,validation
1,100.0,150.0,244.98200058173515,2.125799399411335,1.1976739555971108,0.05987169194885323,0.0021632001969504877,frozen,0.0125,450.0,validation
2,150.0,200.0,245.00949331576194,1.4189441893290962,1.2587299724911247,0.14613368391011036,0.01504963514217239,frozen,0.0125,450.0,validation
3,200.0,250.0,244.92880316150152,1.5907900044015264,1.4714862497578736,0.09471842001227508,0.004119926286598297,frozen,0.0125,450.0,validation
0,50.0,100.0,225.52691632404495,2.1983656160313387,1.5936033257778774,0.8454888642514972,0.05137547616334992,frozen,0.0125,500.0,train
1,100.0,150.0,225.40295019657253,1.125322343022475,0.9603378966120033,0.21186263285510318,0.0213171455378538,frozen,0.0125,500.0,train
2,150.0,200.0,225.3282387858066,1.220698990247456,1.0960648836087046,0.08184200738636406,0.002592401832391955,frozen,0.0125,500.0,train
3,200.0,250.0,225.29456093868947,1.032857663808585,0.9666791214298769,0.11211509235452977,0.0069611209848114974,frozen,0.0125,500.0,train
0,50.0,100.0,208.65593582948196,2.609267445686669,2.0041448878174037,0.4476095053260475,0.04461468272505098,frozen,0.0125,550.0,validation
1,100.0,150.0,208.13054767780875,1.7512438854506627,1.693697519306852,0.43067391788526505,0.010051569069234656,frozen,0.0125,550.0,validation
2,150.0,200.0,207.90869935878334,1.5941187258144964,1.3687405867340203,0.0595635345641368,0.0002712169002722087,frozen,0.0125,550.0,validation
3,200.0,250.0,207.85891372993328,1.632124508162832,1.4857142122028506,0.05874575694702648,0.00022587121648676156,frozen,0.0125,550.0,validation
0,50.0,100.0,194.07608050305143,2.1165310534032926,1.5714007271276955,1.3165433428601807,0.1814100423473648,frozen,0.0125,600.0,validation
1,100.0,150.0,193.6384632224666,1.1361384388939655,1.0265092195774344,0.13835575312070908,0.0008441799233155356,frozen,0.0125,600.0,validation
2,150.0,200.0,193.77438901474414,1.206903676445279,1.0445737204583736,0.19366727124034464,0.007538455916246023,frozen,0.0125,600.0,validation
3,200.0,250.0,193.58547019564136,0.9022805465265265,0.7967104888596168,0.264399659684223,0.016034066870613817,frozen,0.0125,600.0,validation
0,50.0,100.0,181.92209715501585,1.9188968668250368,1.320115344155738,0.1435151766341433,0.02195886954384041,frozen,0.0125,650.0,train
1,100.0,150.0,181.51835067475906,0.986352766721609,0.8871435407271235,0.05670961592516755,0.004040020450906123,frozen,0.0125,650.0,train
2,150.0,200.0,181.3248285954212,1.110955631183998,0.860547896839222,0.09685068757561938,0.013197918553903398,frozen,0.0125,650.0,train
3,200.0,250.0,181.22966735102736,0.9467446329495317,0.8877060778611394,0.027678795032913466,0.0009063577797010502,frozen,0.0125,650.0,train
0,50.0,100.0,170.9815435665888,1.950666009940477,1.314481818414805,0.7174359942184075,0.08828123653274289,frozen,0.0125,700.0,validation
1,100.0,150.0,170.58814569149285,1.1233688937881823,0.9453795866721748,0.6116109781847096,0.00665345950914753,frozen,0.0125,700.0,validation
2,150.0,200.0,170.3883881895541,1.1505500564049953,1.0710811911289966,0.11728778783045442,0.001337049847399907,frozen,0.0125,700.0,validation
3,200.0,250.0,170.35178227868016,0.9520207241668857,0.8555333972039136,0.8366119362512022,0.013936137454147346,frozen,0.0125,700.0,validation
0,50.0,100.0,161.6792236458518,2.1409260465164834,1.500007059519362,0.34186748171377174,0.04895622111253917,frozen,0.0125,750.0,validation
1,100.0,150.0,161.83212375746297,1.276516994052514,1.2178754880489464,0.043562468661263135,0.0010730774102137852,frozen,0.0125,750.0,validation
2,150.0,200.0,161.784436256973,1.5280415319861618,1.391040181687032,0.25077134635836174,0.034569570662416615,frozen,0.0125,750.0,validation
3,200.0,250.0,161.76515194814058,1.314078620172637,1.2597997736179138,0.0776264001181717,0.003518484649994491,frozen,0.0125,750.0,validation
0,50.0,100.0,153.09615484451538,1.4178603736768025,1.186950504367843,0.12499986574482794,0.013023231628380372,frozen,0.0125,800.0,train
1,100.0,150.0,152.98160091490954,1.1610088087909958,0.8386163675629064,0.08196475665672881,0.008231168122918575,frozen,0.0125,800.0,train
2,150.0,200.0,153.0345048617596,1.1657333489982022,0.9990237453690156,0.17586202153248753,0.03432310309724085,frozen,0.0125,800.0,train
3,200.0,250.0,152.98863405482655,1.0575213099665746,0.948500382265081,0.11625053688824437,0.014949841003533693,frozen,0.0125,800.0,train
0,50.0,100.0,145.1772944120448,1.3034045684444777,1.2176783475409252,0.15555329457138356,0.0167543685563859,frozen,0.0125,850.0,validation
1,100.0,150.0,145.1483176874467,1.4239884071530753,1.2197450852598877,0.1962080891981712,0.027425965969529287,frozen,0.0125,850.0,validation
2,150.0,200.0,145.19316722704957,1.158371885897651,1.0064149116589078,0.10985567642218023,0.010821246803717988,frozen,0.0125,850.0,validation
3,200.0,250.0,145.20237997074565,1.0541594830449128,1.0129326760863648,0.06193225401813019,0.00400096136166439,frozen,0.0125,850.0,validation
0,50.0,100.0,138.4635840484513,1.2812329790222634,1.024772606047236,0.6811666174240275,0.023095662681033025,frozen,0.0125,900.0,train
1,100.0,150.0,138.52742425028998,1.0834768831021222,0.9820984073312218,0.3594144622125915,0.011762017169310801,frozen,0.0125,900.0,train
2,150.0,200.0,138.55297911489524,1.1063005499598546,1.0028720459778526,0.3099004420792271,0.009683405325029648,frozen,0.0125,900.0,train
3,200.0,250.0,138.56621495755448,1.1505581939221088,1.0943578868821362,0.08973730582367302,0.001838169966989489,frozen,0.0125,900.0,train
0,50.0,100.0,132.04920920437638,1.4263540871786802,1.2223407836206093,0.10317619401691863,0.011446311048361468,frozen,0.0125,950.0,validation
1,100.0,150.0,131.8776052852869,1.2136675727813326,1.0020463837060447,0.06809727536888585,0.004132664897132932,frozen,0.0125,950.0,validation
2,150.0,200.0,131.87043910393965,1.1904877947039836,1.0725737720542554,0.043202174676499255,0.0015949926711149587,frozen,0.0125,950.0,validation
3,200.0,250.0,131.89669631406744,1.185528734634687,1.0782417081214533,0.06252726946261059,0.0034169351577794105,frozen,0.0125,950.0,validation
0,50.0,100.0,127.25151019956182,1.6049582612274094,1.5164799764240229,0.23703547490109744,0.016211183227135884,frozen,0.0125,1000.0,validation
1,100.0,150.0,127.16289213123555,1.6624533446042165,1.5241782215012165,0.21001654944760415,0.009355821263199338,frozen,0.0125,1000.0,validation
2,150.0,200.0,127.17027105107772,1.5654568360298668,1.304925520066078,0.2463329919911789,0.014316322216801791,frozen,0.0125,1000.0,validation
3,200.0,250.0,127.15475089250768,1.46056515953957,1.266098417061329,0.0766911350746869,0.001659612999986515,frozen,0.0125,1000.0,validation
0,50.0,100.0,116.94974311323236,1.9836823307093283,1.7752542354454164,0.669779564294594,0.0142159773524827,frozen,0.0125,1100.0,validation
1,100.0,150.0,116.87473929753546,2.1059064496759987,1.785478760792813,0.1903499261335267,0.005250435938253029,frozen,0.0125,1100.0,validation
2,150.0,200.0,116.90364963700542,1.9240104059370111,1.623783512785863,0.313532337596559,0.007942532130824964,frozen,0.0125,1100.0,validation
3,200.0,250.0,116.89868770500698,1.8043186948954286,1.7167619512781158,0.5453189545013897,0.010034758029040858,frozen,0.0125,1100.0,validation
0,50.0,100.0,108.8285262436051,1.3928397997177342,1.1043621960108396,0.2352440951435882,0.04438078559245473,frozen,0.0125,1200.0,train
1,100.0,150.0,108.81265788604463,1.1621022216365873,0.9871987771464887,0.08340320069692174,0.00646401804838026,frozen,0.0125,1200.0,train
2,150.0,200.0,108.80216404186066,1.060265712030457,0.9339524304265865,0.16275582409886563,0.023523178620201257,frozen,0.0125,1200.0,train
3,200.0,250.0,108.79088049665383,1.1509498016779958,1.0519351137943005,0.06559242278682759,0.0032571846646565206,frozen,0.0125,1200.0,train
0,50.0,100.0,95.40881523168315,3.1448722217354685,2.7019164329546896,0.5363257284102915,0.036525272087807426,frozen,0.00625,50.0,validation
1,100.0,150.0,95.68690929058103,2.69325131580041,2.2068076685228277,0.8916775207611135,0.10891753108863489,frozen,0.00625,50.0,validation
2,150.0,200.0,95.50436106539777,2.774888644125056,2.4847319309042746,0.23229131751250714,0.009548376441860795,frozen,0.00625,50.0,validation
3,200.0,250.0,95.9246739492951,2.5571704717755637,2.325556247909205,0.21696105989965772,0.00979582114290023,frozen,0.00625,50.0,validation
0,50.0,100.0,178.30184931128372,2.5845638446849364,2.2453464833759824,0.2584112936940054,0.018706812086646263,frozen,0.00625,100.0,train
1,100.0,150.0,178.34194481689897,2.8282472945072357,2.5011660934492568,0.24090394140685295,0.01054443623499468,frozen,0.00625,100.0,train
2,150.0,200.0,178.409678893584,2.671307985319828,2.3878115421193797,0.23362673553779242,0.009512869251408596,frozen,0.00625,100.0,train
3,200.0,250.0,178.49399888091813,3.0317949589903606,2.5076175023823453,0.2649756956903359,0.01312953929567906,frozen,0.00625,100.0,train
0,50.0,100.0,243.27539163865532,3.3398537794418814,2.61124171601179,0.3499208936414807,0.040385927395501287,frozen,0.00625,150.0,validation
1,100.0,150.0,242.96516022517338,2.340870703560199,1.7895353788275372,0.3170528720123763,0.03229633097056217,frozen,0.00625,150.0,validation
2,150.0,200.0,243.05818872554337,1.9385731615956558,1.628296783474326,0.483398452919914,0.08488658371410873,frozen,0.00625,150.0,validation
3,200.0,250.0,243.18200587369483,1.5310964475655453,1.3555796365793924,0.13076466881224932,0.010584167008578782,frozen,0.00625,150.0,validation
0,50.0,100.0,291.08465526209596,4.321992125525469,2.7765760351576887,1.4819130617126104,0.38526153273779207,frozen,0.00625,200.0,validation
1,100.0,150.0,290.5493298902815,1.675497773170207,1.4760532390151866,0.03407286817021676,0.00046246637182456585,frozen,0.00625,200.0,validation
2,150.0,200.0,290.73068577133483,2.1198978754486006,1.9408765428199786,0.4527680459008371,0.03935819018539499,frozen,0.00625,200.0,validation
3,200.0,250.0,290.96967476794003,2.127992018123905,1.9567397921999827,0.5870204685528803,0.06186734051433018,frozen,0.00625,200.0,validation
0,50.0,100.0,320.1457812688274,7.803979291860401,5.858904364987495,1.1398376749766728,0.10197915095362464,frozen,0.00625,250.0,train
1,100.0,150.0,319.21779235915795,2.9104076429882184,2.5665919860294935,0.02608837985858946,0.00012573713087182803,frozen,0.00625,250.0,train
2,150.0,200.0,319.2317385257588,2.469920873660328,1.9740621263890716,0.2749519652943939,0.023716119522261825,frozen,0.00625,250.0,train
3,200.0,250.0,319.3673586275413,2.4799893414529492,2.370937996258135,0.07098890392716958,0.001063393098791443,frozen,0.00625,250.0,train
0,50.0,100.0,315.6656413157982,4.030525531786907,2.8943296965439913,0.9682355583872987,0.21858169623861556,frozen,0.00625,300.0,train
1,100.0,150.0,314.99287989954485,1.9646281218414856,1.8505472693741467,0.16817457941093064,0.010306794781525963,frozen,0.00625,300.0,train
2,150.0,200.0,314.98800063025226,2.6704382902785255,2.202818361442098,0.4151501417613732,0.050786445239419775,frozen,0.00625,300.0,train
3,200.0,250.0,314.9812814822805,2.2019424808975145,2.0686136262083323,0.47460515329410274,0.05789495082147189,frozen,0.00625,300.0,train
0,50.0,100.0,292.52113447432316,2.86212460064786,2.3612936068361137,0.18753845759654833,0.008319867046608476,frozen,0.00625,350.0,train
1,100.0,150.0,292.05804518637063,2.211689905554749,1.5972318542923176,0.2550509938392869,0.023216451870773813,frozen,0.00625,350.0,train
2,150.0,200.0,292.09762055426177,2.21082518576776,1.7966331880438702,0.0895587375298069,0.0030243506549011423,frozen,0.00625,350.0,train
3,200.0,250.0,291.80995836794546,2.1502673383918136,1.9783930580837819,0.08059784540594926,0.001773667787204003,frozen,0.00625,350.0,train
0,50.0,100.0,268.1810356824857,2.120672760294383,1.9289503080893837,0.16455156963530612,0.007684514990974445,frozen,0.00625,400.0,validation
1,100.0,150.0,267.9205783771473,1.6916715190007494,1.4542233072080535,0.11981040694696252,0.008008458387534945,frozen,0.00625,400.0,validation
2,150.0,200.0,267.97235571187366,1.6180857475412154,1.378217977479892,0.030809426154544482,0.0005791817344532602,frozen,0.00625,400.0,validation
3,200.0,250.0,267.9030620385771,1.856621552173067,1.5540672679064755,0.18846989409692907,0.016325330381529057,frozen,0.00625,400.0,validation
0,50.0,100.0,245.27676577229744,2.4588696429411243,1.7675855881802818,0.32552801738917514,0.04127900755863323,frozen,0.00625,450.0,validation
1,100.0,150.0,244.96762448907492,2.038359439500084,1.1747752694135443,0.1462979360188618,0.014188584067687415,frozen,0.00625,450.0,validation
2,150.0,200.0,244.96868915602244,1.431312074060827,1.2556702716829875,0.10228648631547754,0.006115636965879689,frozen,0.00625,450.0,validation
3,200.0,250.0,244.9603674431937,1.5877204428177265,1.4703233048142295,0.16515364640415137,0.011673189365049907,frozen,0.00625,450.0,validation
0,50.0,100.0,225.50847536888332,2.5326028617978125,1.7881204019662391,0.34869010387279414,0.049186674552430865,frozen,0.00625,500.0,train
1,100.0,150.0,225.20468106706366,1.3625916338181696,1.1758901735628342,0.08861384360654606,0.006440385255681913,frozen,0.00625,500.0,train
2,150.0,200.0,225.22147258287313,1.284702605409592,1.0620406616739615,0.08098266411861517,0.004333693721486287,frozen,0.00625,500.0,train
3,200.0,250.0,225.18087013361853,1.0273742170316496,0.9319635649864324,0.03570456299730634,0.0011869415267673489,frozen,0.00625,500.0,train
0,50.0,100.0,208.64673316757228,2.6192512393671734,1.9985554271522403,0.7542590397008962,0.04132884217776622,frozen,0.00625,550.0,validation
1,100.0,150.0,208.1252616396101,1.7675608727793701,1.6683013647655116,0.9174810666941087,0.008112688457006634,frozen,0.00625,550.0,validation
2,150.0,200.0,207.90416198735156,1.6168128497745329,1.3750455758448936,0.3427521006221302,0.0009741569970783681,frozen,0.00625,550.0,validation
3,200.0,250.0,207.7799229186823,1.639352916575092,1.6103193739924393,1.3379532030168675,0.028588224789901306,frozen,0.00625,550.0,validation
0,50.0,100.0,194.1472956000479,2.0130280674310654,1.6171978348458254,0.41113123760984754,0.023510877418667864,frozen,0.00625,600.0,validation
1,100.0,150.0,193.8878897363039,1.5527016376143195,0.9876328377525567,0.33288093481496256,0.0038121949342844186,frozen,0.00625,600.0,validation
2,150.0,200.0,193.79032348695,1.1945029054202791,1.0636323891680206,0.48025896953106345,0.005390603932680205,frozen,0.00625,600.0,validation
3,200.0,250.0,193.61106493951385,0.9909874011643751,0.8548620871819423,0.40994742226556397,0.01231926250338733,frozen,0.00625,600.0,validation
0,50.0,100.0,181.93429763728093,1.9035336736024533,1.291503211274403,0.13242025723926235,0.018486325484567412,frozen,0.00625,650.0,train
1,100.0,150.0,181.52718318794575,0.9958001817232969,0.9202764954654015,0.048310372511333036,0.002883693682525945,frozen,0.00625,650.0,train
2,150.0,200.0,181.3224985933326,1.1162609454910921,0.8579279429803819,0.10025693825214721,0.014212634923103096,frozen,0.00625,650.0,train
3,200.0,250.0,181.22547589586938,0.9324841697936961,0.8700976093506085,0.03389240115710209,0.0014125426256319518,frozen,0.00625,650.0,train
0,50.0,100.0,170.98269039146865,1.9538250777036126,1.3182652376774797,0.7597099613227672,0.09724614685523858,frozen,0.00625,700.0,validation
1,100.0,150.0,170.58248823731347,1.1236970004134434,0.9587515157718656,0.7388479855909307,0.009489866826669524,frozen,0.00625,700.0,validation
2,150.0,200.0,170.3899390427307,1.141937274691628,1.0620938572089074,0.20973917778818707,0.002260251831308846,frozen,0.00625,700.0,validation
3,200.0,250.0,170.35630441465648,0.9547922041303991,0.8638519264995637,0.7044737678754283,0.00981216063513235,frozen,0.00625,700.0,validation
0,50.0,100.0,161.48825677372884,1.6339128741176978,1.4569022317956808,0.22032322430697002,0.02368253919930663,frozen,0.00625,750.0,validation
1,100.0,150.0,161.58285116738017,1.289734358814627,1.2270082791206391,0.03887336128366206,0.0008465781431225006,frozen,0.00625,750.0,validation
2,150.0,200.0,161.53569060156906,1.5287421803583925,1.4149064659411863,0.24726242002518595,0.033486438370058824,frozen,0.00625,750.0,validation
3,200.0,250.0,161.51537898608112,1.3181764582838014,1.260955535249991,0.07493189449194375,0.0032342831231937375,frozen,0.00625,750.0,validation
0,50.0,100.0,153.09989534106882,1.40509003631189,1.1748306024883561,0.12730717782784065,0.013853651495302932,frozen,0.00625,800.0,train
1,100.0,150.0,152.9739384567951,1.1534241847969895,0.8444677632852233,0.07504564571033785,0.006968135000775533,frozen,0.00625,800.0,train
2,150.0,200.0,153.02139512632192,1.164183659323868,1.0112644426421298,0.18303937794692177,0.0369594999497006,frozen,0.00625,800.0,train
3,200.0,250.0,152.9908609018376,1.0605909574418888,0.9497123663587388,0.11487123921134719,0.014577539077208046,frozen,0.00625,800.0,train
0,50.0,100.0,145.2203583253355,1.3893542775719823,1.1821333302446533,0.23301893897953965,0.037224629869419434,frozen,0.00625,850.0,validation
1,100.0,150.0,145.2451012978141,1.3094728817306134,1.1961563697022086,0.21600920240448748,0.03178304189533032,frozen,0.00625,850.0,validation
2,150.0,200.0,145.2273984020818,1.1504279303743203,1.0038912699371565,0.075509068906924,0.004974342142028743,frozen,0.00625,850.0,validation
3,200.0,250.0,145.26375040395007,1.07441132344141,1.0311882509108443,0.06642318117693706,0.004526390734604813,frozen,0.00625,850.0,validation
0,50.0,100.0,138.46757047532964,1.2267993540731936,1.0742260345510601,0.23319934557232574,0.04913162846719077,frozen,0.00625,900.0,train
1,100.0,150.0,138.51867366129997,1.0442718567090878,0.9749886920715767,0.06310719599273472,0.004257999947501534,frozen,0.00625,900.0,train
2,150.0,200.0,138.53764195444785,1.1188461227898472,0.9457140069283696,0.0430532417704471,0.0021779595600316393,frozen,0.00625,900.0,train
3,200.0,250.0,138.54559566083952,1.1642669818596971,1.0964036724402604,0.10074933802021263,0.008218838559720165,frozen,0.00625,900.0,train
0,50.0,100.0,132.04807792089593,1.422569174378907,1.2138559437541687,0.1062839524525369,0.011764139002902296,frozen,0.00625,950.0,validation
1,100.0,150.0,131.7930881026158,1.087873916154706,1.0336134716693266,0.10133909805419297,0.01006789146019249,frozen,0.00625,950.0,validation
2,150.0,200.0,131.7790482169836,1.1573891604945459,1.05192919574813,0.056520708557609906,0.0025441571793478612,frozen,0.00625,950.0,validation
3,200.0,250.0,131.8116360772371,1.1417123189901304,1.0754815809869456,0.041463610314732606,0.0013505655345713574,frozen,0.00625,950.0,validation
0,50.0,100.0,127.18703496083116,1.587643103474619,1.5197443137049476,0.22714822182201483,0.015421557698945598,frozen,0.00625,1000.0,validation
1,100.0,150.0,127.10412134757708,1.6772352999942797,1.5318903065772815,0.22291642813790344,0.010509585617888506,frozen,0.00625,1000.0,validation
2,150.0,200.0,127.11291618510509,1.5729372335870124,1.311590806979666,0.251160905940635,0.014637203235020824,frozen,0.00625,1000.0,validation
3,200.0,250.0,127.09362723380029,1.4585385647950915,1.2636487106902337,0.08177197778259773,0.0018991995346757662,frozen,0.00625,1000.0,validation
0,50.0,100.0,116.95885038462207,1.9884134325064622,1.7825169961755023,0.6155212613144958,0.011680336423933957,frozen,0.00625,1100.0,validation
1,100.0,150.0,116.90019839673977,2.097949372840958,1.7998218496338865,0.20102924687789475,0.005094829281472091,frozen,0.00625,1100.0,validation
2,150.0,200.0,116.92904615420056,1.9323774153341162,1.6313160752146274,0.317602098551801,0.007863664612208665,frozen,0.00625,1100.0,validation
3,200.0,250.0,116.92906938665686,1.8076787472807752,1.7219199895546353,0.5550724558572715,0.01024610734971454,frozen,0.00625,1100.0,validation
0,50.0,100.0,108.83471261117704,1.3986139349403288,1.1200489948512313,0.23331415975744405,0.04330415578149782,frozen,0.00625,1200.0,train
1,100.0,150.0,108.82243215432352,1.1629141372621916,0.9922141977987167,0.08243040722747935,0.006278635368010987,frozen,0.00625,1200.0,train
2,150.0,200.0,108.8078713296011,1.0688413438572155,0.9325988007241506,0.16111240157800283,0.023050614444555806,frozen,0.00625,1200.0,train
3,200.0,250.0,108.80219255547863,1.1508753699579728,1.0556889713015778,0.06754368503813934,0.0034488883684385963,frozen,0.00625,1200.0,train
0,50.0,100.0,94.25061815042747,4.078932265043136,3.428573715380068,3.366133675358306,0.9351571123506196,prior_anchored,0.025,50.0,validation
1,100.0,150.0,95.71986408107551,0.5303925257670699,0.42395924875567914,1.1034961213940815,0.5763922214459939,prior_anchored,0.025,50.0,validation
2,150.0,200.0,95.64819236197759,0.23075272429430527,0.18944315305147086,0.4196225629818335,0.1527122216529745,prior_anchored,0.025,50.0,validation
3,200.0,250.0,95.92098461581664,0.4774339694664036,0.43239093104277515,0.32731994539084014,0.332728162524185,prior_anchored,0.025,50.0,validation
0,50.0,100.0,177.24668642085322,7.523716280315142,6.006634474733261,9.084370467948464,0.9875825454219666,prior_anchored,0.025,100.0,train
1,100.0,150.0,178.66059166084037,0.38896543870612277,0.34862825790270335,0.49681407082448265,0.31559880057654677,prior_anchored,0.025,100.0,train
2,150.0,200.0,178.70901930825713,0.23700263666773935,0.20293927267360345,0.2717836067810278,0.059256872870760424,prior_anchored,0.025,100.0,train
3,200.0,250.0,178.7913877756539,0.3986211705292533,0.3521229383924833,0.44266922527007807,0.14087071470890866,prior_anchored,0.025,100.0,train
0,50.0,100.0,245.41045206297696,4.527285960982823,3.0625052076445627,3.1127303550491225,0.7993942743069236,prior_anchored,0.025,150.0,validation
1,100.0,150.0,243.53678884662384,0.41905054452249146,0.34201053668513737,0.29392479384539555,0.6052452131118378,prior_anchored,0.025,150.0,validation
2,150.0,200.0,243.6282788462104,0.310316725607521,0.25844302935433916,0.22746291246393957,0.6639565558491856,prior_anchored,0.025,150.0,validation
3,200.0,250.0,243.72351172559186,0.2951630763909634,0.2500373971660963,0.01573939806761904,0.03912646302635858,prior_anchored,0.025,150.0,validation
0,50.0,100.0,296.68575946295323,12.90974005186473,12.764842716377643,3.4276186020208477,0.9471519660148907,prior_anchored,0.025,200.0,validation
1,100.0,150.0,291.36351763125225,0.5100071790741936,0.45628080274411786,0.0486616943081953,0.09243099052570558,prior_anchored,0.025,200.0,validation
2,150.0,200.0,291.6248082285776,0.5154614950193945,0.4656806965307396,0.27057758810960875,0.8069248103259599,prior_anchored,0.025,200.0,validation
3,200.0,250.0,291.91374850907977,0.6281124284452062,0.5493106938776577,0.34418609819667323,0.884224087314252,prior_anchored,0.025,200.0,validation
0,50.0,100.0,327.3978285030092,35.83186890691502,33.94867887197586,18.528521621558525,0.9955097146752777,prior_anchored,0.025,250.0,train
1,100.0,150.0,321.08350342106866,1.8976635627595329,1.4110402266982192,1.430973464104961,0.9579609832032103,prior_anchored,0.025,250.0,train
2,150.0,200.0,321.0645649948442,0.3896647702641758,0.3569374262573888,0.3403096709986975,0.3804787860823208,prior_anchored,0.025,250.0,train
3,200.0,250.0,321.1509989561811,0.33566554050696595,0.3009504326478236,0.19505287604704166,0.49224587550878696,prior_anchored,0.025,250.0,train
0,50.0,100.0,210.4983701059326,360.346486870445,310.84223927817493,250.7634619544348,0.683387950121576,prior_anchored,0.025,300.0,train
1,100.0,150.0,251.8027297866496,289.0497816845177,271.06761526319724,227.85041000508403,0.7736297736203366,prior_anchored,0.025,300.0,train
2,150.0,200.0,225.42431380559768,193.6667516575689,166.13438573213023,148.1911622782292,0.8768954941558397,prior_anchored,0.025,300.0,train
3,200.0,250.0,227.24605500563416,247.79703459468845,240.49898792715663,230.9583844056791,0.8347633797909917,prior_anchored,0.025,300.0,train
0,50.0,100.0,242.8013888594018,351.32798591334364,337.5136288148374,189.3032338257254,0.7361771060720566,prior_anchored,0.025,350.0,train
1,100.0,150.0,204.91784376936653,341.8738336836478,300.02538836340227,246.37798988181737,0.6966648350675948,prior_anchored,0.025,350.0,train
2,150.0,200.0,238.65568476718622,325.06589676369424,300.64631847994974,228.6698081321772,0.7354982662740406,prior_anchored,0.025,350.0,train
3,200.0,250.0,215.8579989362584,349.4209402516515,319.23193512278635,266.92825908425954,0.7246133266082756,prior_anchored,0.025,350.0,train
0,50.0,100.0,219.87094664727698,373.8925770885979,354.85579316598387,282.59578500196466,0.6805911540302005,prior_anchored,0.025,400.0,validation
1,100.0,150.0,217.9887061083157,374.1106289157908,353.4519311651304,278.6951073064367,0.6347334549786907,prior_anchored,0.025,400.0,validation
2,150.0,200.0,220.15381618231422,373.37611858795015,358.6348832668843,273.61351469042705,0.6178789591090958,prior_anchored,0.025,400.0,validation
3,200.0,250.0,219.65156878510615,374.4566307735951,354.8585282361788,263.2568469540087,0.5983507504574967,prior_anchored,0.025,400.0,validation
0,50.0,100.0,202.33862263720636,382.0149602113989,364.58834349134565,259.28370475231713,0.5668378581895561,prior_anchored,0.025,450.0,validation
1,100.0,150.0,219.59048719316385,381.5935915190982,368.4237378025383,298.32932608553256,0.6882154107262102,prior_anchored,0.025,450.0,validation
2,150.0,200.0,199.83771261592955,380.71975217627914,365.4822463328073,257.8781207812733,0.5718530372628724,prior_anchored,0.025,450.0,validation
3,200.0,250.0,224.96925827634342,381.61842200942266,368.6070377846861,299.0868256870913,0.6949981786640687,prior_anchored,0.025,450.0,validation
0,50.0,100.0,189.8658447888351,344.41447932387257,317.31469063876807,116.32750212488928,0.15137846263642296,prior_anchored,0.025,500.0,train
1,100.0,150.0,182.94347431076105,319.8064540080834,289.00384172347526,237.00598273274224,0.8002493178642538,prior_anchored,0.025,500.0,train
2,150.0,200.0,172.35681843273377,277.6957242614278,253.99326388539492,184.9593308842225,0.6700667312759763,prior_anchored,0.025,500.0,train
3,200.0,250.0,200.74249785474333,315.11921914679345,294.67189432525396,251.05379792893936,0.8070854920950662,prior_anchored,0.025,500.0,train
0,50.0,100.0,167.68216517928934,294.32750876714795,265.63530904227923,220.48344644539728,0.7617644017460725,prior_anchored,0.025,550.0,validation
1,100.0,150.0,153.60612192298788,287.8285576873146,277.6541739065612,265.05119841160626,0.7874149562059534,prior_anchored,0.025,550.0,validation
2,150.0,200.0,150.8940277140953,292.84525053244795,272.5684893516608,244.97200510894456,0.8024154874311953,prior_anchored,0.025,550.0,validation
3,200.0,250.0,165.31486688929445,289.288987505379,273.3663116635572,242.0075406931659,0.8163477927549623,prior_anchored,0.025,550.0,validation
0,50.0,100.0,144.92953439877147,266.0482200920828,260.63868643366004,249.11624559539962,0.8267656687085152,prior_anchored,0.025,600.0,validation
1,100.0,150.0,146.423950943235,261.95845706824844,260.1118229707149,248.51085018524023,0.8192806563249867,prior_anchored,0.025,600.0,validation
2,150.0,200.0,148.45129658823114,260.6340338785993,259.2335489294138,243.86852781235288,0.8343332081237369,prior_anchored,0.025,600.0,validation
3,200.0,250.0,147.12986025036102,258.688810524641,256.2062670847659,238.74306114833456,0.8583978159024246,prior_anchored,0.025,600.0,validation
0,50.0,100.0,141.12773850381376,227.68555746311424,219.40646480152282,213.88101689897653,0.847358318008232,prior_anchored,0.025,650.0,train
1,100.0,150.0,129.8061977447944,220.4772512847529,215.3142704467596,206.9200568716644,0.8733324173548428,prior_anchored,0.025,650.0,train
2,150.0,200.0,140.8569587325835,219.31634466521223,214.87738575824045,204.90088637878307,0.8727864102163172,prior_anchored,0.025,650.0,train
3,200.0,250.0,134.5956025251576,219.2024327800488,216.08086539916314,213.16941809630973,0.8621696558815138,prior_anchored,0.025,650.0,train
0,50.0,100.0,127.81859568369437,184.82408373325944,164.15693052582668,163.2438302442375,0.8944196790333628,prior_anchored,0.025,700.0,validation
1,100.0,150.0,128.33315783063617,162.77471063371686,162.30761636032292,158.64065850132175,0.9122878177603784,prior_anchored,0.025,700.0,validation
2,150.0,200.0,128.21179357369178,162.04683417765014,160.8958727350259,157.40696975797306,0.917180891345735,prior_anchored,0.025,700.0,validation
3,200.0,250.0,128.2548698869233,159.9717220277849,159.3839553330252,156.73238548765963,0.9211431265050737,prior_anchored,0.025,700.0,validation
0,50.0,100.0,119.18070187344308,101.19341838088768,90.28304759228624,90.28226553001618,0.9451673042057405,prior_anchored,0.025,750.0,validation
1,100.0,150.0,123.95030198826247,75.54319136464733,71.11849159105162,73.5678940524772,0.9778147773098671,prior_anchored,0.025,750.0,validation
2,150.0,200.0,119.99233635889188,65.4400024032492,62.14442013419618,63.52154695696899,0.9838747455322201,prior_anchored,0.025,750.0,validation
3,200.0,250.0,122.56177275275093,57.71309042237563,55.05162570150807,56.97292843997788,0.9872652397426893,prior_anchored,0.025,750.0,validation
0,50.0,100.0,115.17761300991711,50.15195376326656,34.84145907121898,26.68718796389224,0.7784278480257217,prior_anchored,0.025,800.0,train
1,100.0,150.0,115.26550326239482,7.150790772818127,4.938615356350198,3.589717061243667,0.7530109759486059,prior_anchored,0.025,800.0,train
2,150.0,200.0,115.2804216946117,1.265176613487398,0.8398309384136695,0.5432886277741751,0.5067845759006024,prior_anchored,0.025,800.0,train
3,200.0,250.0,115.34825496899603,0.49426553890509695,0.43578611970163195,0.07420841351941901,0.03248167614968189,prior_anchored,0.025,800.0,train
0,50.0,100.0,109.7896102090056,16.905868275795044,9.296209729488993,2.7908673402647883,0.13041564049811527,prior_anchored,0.025,850.0,validation
1,100.0,150.0,109.64443127342405,0.6456982508845925,0.4188447742620127,0.09421761296102013,0.05308025404258909,prior_anchored,0.025,850.0,validation
2,150.0,200.0,109.59168357099473,0.4566161083238569,0.3259949051678035,0.027315690841730713,0.008077753054509085,prior_anchored,0.025,850.0,validation
3,200.0,250.0,109.53755147742253,0.4424426752543553,0.3148968049574563,0.07008894496882935,0.051070325321850185,prior_anchored,0.025,850.0,validation
0,50.0,100.0,104.84011313115825,4.2435910637418175,2.002123466723191,0.6292738789849358,0.11458697947675811,prior_anchored,0.025,900.0,train
1,100.0,150.0,104.74218482092027,0.40432761915910476,0.3525595077513941,0.01910791629746044,0.004623505311128984,prior_anchored,0.025,900.0,train
2,150.0,200.0,104.72471680201078,0.3910050864926262,0.32059850464209205,0.04914916571533008,0.02413610701255897,prior_anchored,0.025,900.0,train
3,200.0,250.0,104.67461662583165,0.5022018558366454,0.36878167083618507,0.02631845656259341,0.005487170953108245,prior_anchored,0.025,900.0,train
0,50.0,100.0,100.22134997537964,1.124703693720022,0.5360557915492734,0.11318787234161737,0.04999200749039712,prior_anchored,0.025,950.0,validation
1,100.0,150.0,100.03488136130946,0.4887210549422889,0.43951047618510586,0.06929882608278826,0.03071084196013174,prior_anchored,0.025,950.0,validation
2,150.0,200.0,100.017171464393,0.4706361248902482,0.37991804655629835,0.053770374169807046,0.023033694881268274,prior_anchored,0.025,950.0,validation
3,200.0,250.0,100.04528478544027,0.5224767666162933,0.4102521553515004,0.03645868194991646,0.00701815037408815,prior_anchored,0.025,950.0,validation
0,50.0,100.0,96.27029501138324,1.4751771215681089,1.2948742335611456,0.11200448396971105,0.005457993889227075,prior_anchored,0.025,1000.0,validation
1,100.0,150.0,96.0193769571098,1.705110444722763,1.3713795153882131,0.2013919245574319,0.026006350393407596,prior_anchored,0.025,1000.0,validation
2,150.0,200.0,96.02232998750915,1.409962401407384,1.1266658789687511,0.13217205479271635,0.010833631230665608,prior_anchored,0.025,1000.0,validation
3,200.0,250.0,95.9990621968679,1.3598284273273578,1.1596708613165987,0.1161723688039743,0.005688137887498557,prior_anchored,0.025,1000.0,validation
0,50.0,100.0,88.9757090419028,1.007013490389454,0.8619755233109316,0.09535705554100846,0.005726731877050195,prior_anchored,0.025,1100.0,validation
1,100.0,150.0,88.83495948696769,1.010656048591855,0.8668413406156361,0.37930818330221405,0.02147914803370443,prior_anchored,0.025,1100.0,validation
2,150.0,200.0,88.88714495723474,0.9530381109442061,0.7662408003211993,0.09922075322030406,0.006820217739171741,prior_anchored,0.025,1100.0,validation
3,200.0,250.0,88.69966376360739,0.9458165953508342,0.796346505544193,0.29144418327309585,0.03915903406056609,prior_anchored,0.025,1100.0,validation
0,50.0,100.0,83.24791877920259,1.1785469808904878,1.056929529504572,0.18128740600889667,0.032448167716478626,prior_anchored,0.025,1200.0,train
1,100.0,150.0,83.13224874817233,1.0327772047172772,0.9233824136436226,0.07584574263863886,0.006935497260429746,prior_anchored,0.025,1200.0,train
2,150.0,200.0,83.07595428714978,1.1182787042422007,0.9840671052788537,0.13181496343744767,0.018478582179031644,prior_anchored,0.025,1200.0,train
3,200.0,250.0,83.04279403338772,1.1295683308358093,0.9820166946260542,0.05547849402688372,0.0030204221004829224,prior_anchored,0.025,1200.0,train
0,50.0,100.0,94.2522195777571,4.078507583037521,3.4267900490241914,3.3427073847687496,0.9346097295154404,prior_anchored,0.0125,50.0,validation
1,100.0,150.0,95.73028073899182,0.5428871649094589,0.43549961200504583,1.097086563664592,0.5830305463368517,prior_anchored,0.0125,50.0,validation
2,150.0,200.0,95.6643325558748,0.2304770622952077,0.18933325930994727,0.4173685122544522,0.15217008502453266,prior_anchored,0.0125,50.0,validation
3,200.0,250.0,95.93768136555654,0.4780970761063372,0.4327388726568415,0.3257017187126831,0.3317270143394774,prior_anchored,0.0125,50.0,validation
0,50.0,100.0,177.2446017483979,7.525637879240236,6.0113797712102155,8.811141838068073,0.9871468971354185,prior_anchored,0.0125,100.0,train
1,100.0,150.0,178.67007267434371,0.40021583302851127,0.3596253081363443,0.5005292109773233,0.314200619502214,prior_anchored,0.0125,100.0,train
2,150.0,200.0,178.73646396609874,0.23081866031165532,0.20186340905007683,0.2643876993322762,0.05971557361820623,prior_anchored,0.0125,100.0,train
3,200.0,250.0,178.8195360676201,0.3961624864434157,0.34872340117397016,0.42923002554101214,0.14288832845510868,prior_anchored,0.0125,100.0,train
0,50.0,100.0,245.40635036749208,4.525840542825165,3.061704267869686,3.061298585401558,0.7920266695487442,prior_anchored,0.0125,150.0,validation
1,100.0,150.0,243.53491189860145,0.4096926171579298,0.33638777686024923,0.2782850264598119,0.5799311246271415,prior_anchored,0.0125,150.0,validation
2,150.0,200.0,243.64137517635746,0.31188136463890714,0.2618434410519228,0.2169412573040921,0.6614567384171919,prior_anchored,0.0125,150.0,validation
3,200.0,250.0,243.75826987507173,0.2955356322801208,0.2526480311940418,0.011372776347383172,0.02036268966915933,prior_anchored,0.0125,150.0,validation
0,50.0,100.0,296.67886439616973,12.882649737873749,12.739665714887565,3.4253661820747703,0.9473472460831975,prior_anchored,0.0125,200.0,validation
1,100.0,150.0,291.3661259315342,0.48583746893598345,0.4276333221042705,0.03518776687395056,0.06769916421615996,prior_anchored,0.0125,200.0,validation
2,150.0,200.0,291.6382019855671,0.4899507131329983,0.45070055499627415,0.2506376192311542,0.7747595471558986,prior_anchored,0.0125,200.0,validation
3,200.0,250.0,291.9151903452416,0.6112145230757164,0.5381751084146345,0.33348874536862816,0.8717806477472048,prior_anchored,0.0125,200.0,validation
0,50.0,100.0,327.3942927543543,35.77554252141539,33.89285614108098,18.69209321924641,0.995120398855719,prior_anchored,0.0125,250.0,train
1,100.0,150.0,321.0844922638936,1.8974847619734874,1.4141590387769725,1.45029948285509,0.9593348269598188,prior_anchored,0.0125,250.0,train
2,150.0,200.0,321.06696408366656,0.4113310601860576,0.3669002558874581,0.3576326343794988,0.4067363780613946,prior_anchored,0.0125,250.0,train
3,200.0,250.0,321.16248476855725,0.30887290226451114,0.28301250505194275,0.1846560688705797,0.45018018274546234,prior_anchored,0.0125,250.0,train
0,50.0,100.0,209.46596172295557,358.97104867131856,308.2384888372636,250.6546342054562,0.6797931950394286,prior_anchored,0.0125,300.0,train
1,100.0,150.0,253.90898783351113,275.12141445102804,254.8236417726532,220.4387670717554,0.775353139950953,prior_anchored,0.0125,300.0,train
2,150.0,200.0,215.09768358754397,238.60816044068986,222.63066415087502,193.81542828288926,0.8479110123823375,prior_anchored,0.0125,300.0,train
3,200.0,250.0,236.49008447678494,232.352191429303,222.52946401307494,152.9365895946382,0.7913365030739201,prior_anchored,0.0125,300.0,train
0,50.0,100.0,244.0031486859628,348.6832083827184,333.9373516189598,178.31801096703748,0.6067798378497588,prior_anchored,0.0125,350.0,train
1,100.0,150.0,201.67826585255253,337.10461583272996,298.92636697755535,231.91288842189633,0.6746041459695383,prior_anchored,0.0125,350.0,train
2,150.0,200.0,225.3656113519122,283.6599153033469,256.35109675027303,210.53175460261036,0.7325571174708638,prior_anchored,0.0125,350.0,train
3,200.0,250.0,273.8626514679956,212.67200295833163,196.1752482650449,127.61400430339259,0.6058768156631305,prior_anchored,0.0125,350.0,train
0,50.0,100.0,219.48445900028938,371.72555779463937,354.32096272134993,277.91023402885713,0.6463686891856031,prior_anchored,0.0125,400.0,validation
1,100.0,150.0,219.91891080706213,370.1815825928929,352.999916106716,275.49136957155036,0.6443300729704876,prior_anchored,0.0125,400.0,validation
2,150.0,200.0,218.9797082617724,370.8162463858481,347.0352604478748,265.4241172132175,0.5932926357616215,prior_anchored,0.0125,400.0,validation
3,200.0,250.0,221.8116331890312,370.6419810830972,352.54049379227786,256.88389288697346,0.5872437223067668,prior_anchored,0.0125,400.0,validation
0,50.0,100.0,207.48739623497292,378.28559321075284,361.5263726511932,256.10688239617593,0.5860291749321183,prior_anchored,0.0125,450.0,validation
1,100.0,150.0,215.63867169586433,374.6849201313202,362.31610020870437,300.1236856600613,0.6914593244832108,prior_anchored,0.0125,450.0,validation
2,150.0,200.0,203.55906642283804,374.67790447879673,359.7498981525105,255.73331897334194,0.5713234942745291,prior_anchored,0.0125,450.0,validation
3,200.0,250.0,228.48237048641968,375.55790220285866,359.79983028264235,295.6689787760298,0.6982814773494301,prior_anchored,0.0125,450.0,validation
0,50.0,100.0,205.7501116330247,302.20641799699337,283.96563842436933,246.83367423323818,0.8007669925631034,prior_anchored,0.0125,500.0,train
1,100.0,150.0,180.5384152272553,309.29525446086336,270.92121079177736,203.1276509384949,0.7667647175613437,prior_anchored,0.0125,500.0,train
2,150.0,200.0,184.67049049686153,312.513888268641,282.6755346093755,228.1460890261118,0.7017695413266598,prior_anchored,0.0125,500.0,train
3,200.0,250.0,208.31046744747684,364.81768819863356,336.78649221144485,249.92472567232016,0.7218135993414252,prior_anchored,0.0125,500.0,train
0,50.0,100.0,166.86460164346946,287.1841279502912,274.052781596316,243.87651751454484,0.7944521782535177,prior_anchored,0.0125,550.0,validation
1,100.0,150.0,150.95788601364123,292.3022315515084,274.30020877000294,264.53277585795587,0.7970726398380183,prior_anchored,0.0125,550.0,validation
2,150.0,200.0,153.4458166437482,286.7192997856882,275.99437170587,252.5236408926821,0.8178557191552396,prior_anchored,0.0125,550.0,validation
3,200.0,250.0,168.08954158688113,289.0754920833133,278.14328693550635,259.1971328066788,0.8249622488616768,prior_anchored,0.0125,550.0,validation
0,50.0,100.0,143.12753032737132,263.7038002006861,258.9483508659155,247.60290575050436,0.8161100010455935,prior_anchored,0.0125,600.0,validation
1,100.0,150.0,146.75039178408625,258.07918214411876,256.3328727628219,244.47212000033937,0.8233292429185253,prior_anchored,0.0125,600.0,validation
2,150.0,200.0,147.9514790228823,259.0081771464402,255.35135540988728,243.0922674831215,0.8517345641728945,prior_anchored,0.0125,600.0,validation
3,200.0,250.0,148.3449614763774,258.55489317023034,255.12228495732185,242.68479212930697,0.817079012753575,prior_anchored,0.0125,600.0,validation
0,50.0,100.0,138.61883484917266,222.26458698117744,216.26655014231434,211.71991848200366,0.857942317120818,prior_anchored,0.0125,650.0,train
1,100.0,150.0,132.35755218604547,215.34718117933113,210.56312789038543,200.97497471996732,0.877892703205044,prior_anchored,0.0125,650.0,train
2,150.0,200.0,144.6062850501821,214.87635304572802,211.0282918812238,203.65649791500098,0.8731833860080258,prior_anchored,0.0125,650.0,train
3,200.0,250.0,128.81854699344814,214.08806979145726,210.3648782210335,202.62528644927016,0.8685940097470168,prior_anchored,0.0125,650.0,train
0,50.0,100.0,128.45558236745788,177.04083886876666,161.0171634662298,157.44780027838652,0.8969251223589813,prior_anchored,0.0125,700.0,validation
1,100.0,150.0,129.19263909034743,155.59148190308588,153.64341454750397,151.6992341679853,0.9213510395541853,prior_anchored,0.0125,700.0,validation
2,150.0,200.0,129.35872446731253,150.95149258196597,148.4650863091966,150.09896839569151,0.9277224152700335,prior_anchored,0.0125,700.0,validation
3,200.0,250.0,129.16243567172668,152.52713207602446,150.30170105209518,150.0260433915849,0.9283539687215674,prior_anchored,0.0125,700.0,validation
0,50.0,100.0,119.35666942279518,94.44645630118376,82.62728008482988,79.91279505508787,0.9359731765480587,prior_anchored,0.0125,750.0,validation
1,100.0,150.0,123.01001560691462,61.764281983104055,57.40478591782875,57.31047957807706,0.9787160899092066,prior_anchored,0.0125,750.0,validation
2,150.0,200.0,121.3557643372093,47.04063871729454,41.10357368622245,41.99812144928181,0.9856403236805101,prior_anchored,0.0125,750.0,validation
3,200.0,250.0,121.1723496086906,33.07197482860971,31.154192124969015,30.823522567905552,0.9861081375970285,prior_anchored,0.0125,750.0,validation
0,50.0,100.0,115.42604425264304,42.96792910705983,28.250204141629283,8.81681474226413,0.011839606628884392,prior_anchored,0.0125,800.0,train
1,100.0,150.0,115.3106687127714,4.366531003212543,2.544722206946858,1.205493328672305,0.029515033097913146,prior_anchored,0.0125,800.0,train
2,150.0,200.0,115.29122130027909,0.5183590939582814,0.45991686845694346,0.249005071997963,0.051040105303050476,prior_anchored,0.0125,800.0,train
3,200.0,250.0,115.35606794541116,0.5530952670059861,0.4429370638455339,0.32184353947022365,0.05999292702529402,prior_anchored,0.0125,800.0,train
0,50.0,100.0,109.87770934471904,11.398637017830069,6.707042108243044,3.6196918919687504,0.3858236318333401,prior_anchored,0.0125,850.0,validation
1,100.0,150.0,109.64701709419336,0.5886042766643556,0.3973751783663886,0.1400343788838897,0.12686591509852208,prior_anchored,0.0125,850.0,validation
2,150.0,200.0,109.59338245521312,0.4838850419317282,0.3184108922775408,0.06939554359158134,0.05409027602300587,prior_anchored,0.0125,850.0,validation
3,200.0,250.0,109.54449585323418,0.46182924866226926,0.33678275154191795,0.05966624338911797,0.03558895089262759,prior_anchored,0.0125,850.0,validation
0,50.0,100.0,104.85219217408583,3.0936373278178735,1.310901619324838,0.3623364123438052,0.07271839814986403,prior_anchored,0.0125,900.0,train
1,100.0,150.0,104.74534192014454,0.4116068085272815,0.3691409698833894,0.020545122178370272,0.005060960485278598,prior_anchored,0.0125,900.0,train
2,150.0,200.0,104.72621421607852,0.41885532618181287,0.3176014834864702,0.05959715034291325,0.03544563269448042,prior_anchored,0.0125,900.0,train
3,200.0,250.0,104.67297615564762,0.511052788468561,0.37180852808423026,0.07713266939352686,0.044825254280552174,prior_anchored,0.0125,900.0,train
0,50.0,100.0,100.20973409124929,1.0486557611248344,0.532883534226869,0.11350703805714307,0.0460182835194104,prior_anchored,0.0125,950.0,validation
1,100.0,150.0,100.02331419103761,0.5410692042431862,0.4185578290782672,0.08340990156158479,0.04380864352281799,prior_anchored,0.0125,950.0,validation
2,150.0,200.0,100.00402461004582,0.46325284774943043,0.40088566871916953,0.049176398004868976,0.01930710182410722,prior_anchored,0.0125,950.0,validation
3,200.0,250.0,100.03296181589332,0.5132231746846685,0.416311971715956,0.03914917547222996,0.00818306272138225,prior_anchored,0.0125,950.0,validation
0,50.0,100.0,96.27801724759053,1.3792807958644886,1.206474891174878,0.1015228925235666,0.006078986805002962,prior_anchored,0.0125,1000.0,validation
1,100.0,150.0,96.02427523405682,1.5202916328199763,1.3452452844783949,0.17981864255340446,0.022272209560245337,prior_anchored,0.0125,1000.0,validation
2,150.0,200.0,96.02473170422235,1.4043294413423695,1.0876915909098983,0.12291468574152294,0.010719142447135677,prior_anchored,0.0125,1000.0,validation
3,200.0,250.0,95.99912732943912,1.3395697896923906,1.228816690487747,0.12253084634453253,0.005864393639007481,prior_anchored,0.0125,1000.0,validation
0,50.0,100.0,88.97370394618206,0.9965007239093211,0.8581980945423027,0.08757746488948072,0.005441890481928113,prior_anchored,0.0125,1100.0,validation
1,100.0,150.0,88.8353871600731,1.0100377575241026,0.8575977019690981,0.38050148545934714,0.024349934372087434,prior_anchored,0.0125,1100.0,validation
2,150.0,200.0,88.88452043404357,0.9073208827134067,0.784017532616943,0.10183406292905983,0.007451855990772915,prior_anchored,0.0125,1100.0,validation
3,200.0,250.0,88.69590552034488,0.9359893038436695,0.7886147672511612,0.27405557714994916,0.039968941544542114,prior_anchored,0.0125,1100.0,validation
0,50.0,100.0,83.2526281434561,1.1587432911984052,1.0379711459460168,0.262588911821142,0.02809150002783467,prior_anchored,0.0125,1200.0,train
1,100.0,150.0,83.13792611038802,1.0206624023798838,0.9036787419748293,0.14333799216761173,0.010380889853847886,prior_anchored,0.0125,1200.0,train
2,150.0,200.0,83.08041706884461,1.0906966052467482,0.9639803023858207,0.2535263555521204,0.023152471977208378,prior_anchored,0.0125,1200.0,train
3,200.0,250.0,83.04877729346896,1.1024930148650185,0.9545081374585749,0.08584099983764533,0.0020870041925799,prior_anchored,0.0125,1200.0,train
0,50.0,100.0,94.25517269013056,4.095621566540117,3.439859114353453,3.3445584161594137,0.9352528861162998,prior_anchored,0.00625,50.0,validation
1,100.0,150.0,95.75931818542416,0.5569985743755268,0.44552436836225695,1.083345497123605,0.5867858320593663,prior_anchored,0.00625,50.0,validation
2,150.0,200.0,95.69854219568448,0.22995552797542018,0.18966965302389838,0.4131673291067601,0.15100901694713276,prior_anchored,0.00625,50.0,validation
3,200.0,250.0,95.97231613360776,0.4783056906219798,0.43295004942338267,0.3229684255348611,0.3313781606518772,prior_anchored,0.00625,50.0,validation
0,50.0,100.0,177.2529174905038,7.516324656264857,6.002270026328574,8.735789751659679,0.9869801514508353,prior_anchored,0.00625,100.0,train
1,100.0,150.0,178.70644283237914,0.4414163003306726,0.39979868232700255,0.5081627114436426,0.35617397222812686,prior_anchored,0.00625,100.0,train
2,150.0,200.0,178.79509645811254,0.22834530652448848,0.20148767076295826,0.26247236720801526,0.05993858214343384,prior_anchored,0.00625,100.0,train
3,200.0,250.0,178.87877235502467,0.395447230706111,0.3470522474893585,0.42315199109469165,0.14238185930927427,prior_anchored,0.00625,100.0,train
0,50.0,100.0,245.40918605778023,4.52284540896116,3.0561669918457426,3.1234951978149623,0.8015026249554627,prior_anchored,0.00625,150.0,validation
1,100.0,150.0,243.49369290368085,0.436186889337705,0.33252666941248776,0.285151400123978,0.6010089313531979,prior_anchored,0.00625,150.0,validation
2,150.0,200.0,243.56008934100763,0.31031675459931307,0.26182034903297335,0.22211611703064038,0.662729076124576,prior_anchored,0.00625,150.0,validation
3,200.0,250.0,243.68381532838742,0.32036097866603086,0.2716596837021541,0.025073063464717445,0.08528469095098556,prior_anchored,0.00625,150.0,validation
0,50.0,100.0,296.67909327613233,12.893050754691217,12.751315437769051,3.3081394249334566,0.9494099529471447,prior_anchored,0.00625,200.0,validation
1,100.0,150.0,291.32129072335243,0.47996651281687264,0.4323465678085654,0.04139106746086062,0.0768223244811933,prior_anchored,0.00625,200.0,validation
2,150.0,200.0,291.60325935832077,0.5735760517882795,0.49935132877311617,0.2767033812107333,0.8338969283675016,prior_anchored,0.00625,200.0,validation
3,200.0,250.0,291.98795688447854,0.5773901812070221,0.5082461641122791,0.29144338649237816,0.8384511853999171,prior_anchored,0.00625,200.0,validation
0,50.0,100.0,327.39794234562646,35.73131587573505,33.85041763926915,18.350929901669403,0.9957637413431134,prior_anchored,0.00625,250.0,train
1,100.0,150.0,321.1165023421148,1.91477010364639,1.430113715578102,1.3996256747695355,0.960487172279393,prior_anchored,0.00625,250.0,train
2,150.0,200.0,321.1001895018397,0.4612201493916359,0.37615842600047245,0.2951787282122289,0.45621141924058417,prior_anchored,0.00625,250.0,train
3,200.0,250.0,321.25370371669965,0.3052060839906403,0.27699707161457354,0.17536789881757991,0.4346262892106556,prior_anchored,0.00625,250.0,train
0,50.0,100.0,208.83970187178275,358.30825077482024,306.9940862416343,252.1728822780833,0.6863353191040313,prior_anchored,0.00625,300.0,train
1,100.0,150.0,255.11867946035704,265.34064385227464,244.56660869159504,216.6302482892562,0.7908234239664367,prior_anchored,0.00625,300.0,train
2,150.0,200.0,211.3008287232341,263.7978024763372,247.48039539782286,214.34567300691583,0.8343517166204089,prior_anchored,0.00625,300.0,train
3,200.0,250.0,241.92089859608416,210.9408365270382,203.46038176900342,134.42108039005103,0.7610825119368178,prior_anchored,0.00625,300.0,train
0,50.0,100.0,244.76805682766337,347.34372993259177,331.76086166522856,165.12355575894418,0.5301492351141471,prior_anchored,0.00625,350.0,train
1,100.0,150.0,201.0502265599231,334.40281284447195,295.29278456664474,226.57780056469073,0.6461517794329446,prior_anchored,0.00625,350.0,train
2,150.0,200.0,233.1445272983693,287.5439793499954,254.41642430956185,221.12162549946726,0.8043427065985659,prior_anchored,0.00625,350.0,train
3,200.0,250.0,224.97608845201995,290.7085285385772,269.878925745108,209.8792411112891,0.6873999556438768,prior_anchored,0.00625,350.0,train
0,50.0,100.0,220.61063378191153,369.874811075143,353.6128990539567,277.295260518861,0.656101419059324,prior_anchored,0.00625,400.0,validation
1,100.0,150.0,218.7491550845354,368.16716635520623,345.357592208191,271.7306399420188,0.6454865417037374,prior_anchored,0.00625,400.0,validation
2,150.0,200.0,220.63289771173902,365.9371578502246,350.58653260834194,263.18563750109905,0.6020151189950949,prior_anchored,0.00625,400.0,validation
3,200.0,250.0,220.0678794917261,366.5590048875062,342.1772285836311,248.72798314082638,0.5686421733444598,prior_anchored,0.00625,400.0,validation
0,50.0,100.0,206.5401968011136,376.5478890958767,354.3959654768631,251.93727165522958,0.5903902265456578,prior_anchored,0.00625,450.0,validation
1,100.0,150.0,214.71955929730314,372.38536195702096,351.6493870470782,291.95641269217396,0.6938832645004738,prior_anchored,0.00625,450.0,validation
2,150.0,200.0,206.54076549222728,370.79653719218305,349.0802845447991,252.46100966345114,0.5899774641975012,prior_anchored,0.00625,450.0,validation
3,200.0,250.0,230.44787153088882,369.71045919651004,348.94315569262346,288.68985763202943,0.7224189413412685,prior_anchored,0.00625,450.0,validation
0,50.0,100.0,201.18825177621548,390.10017826795513,366.7498563729729,227.88067907858036,0.4617594303101975,prior_anchored,0.00625,500.0,train
1,100.0,150.0,194.84035197423384,365.8338545454491,340.6803631156732,256.3272978269143,0.6591245786067907,prior_anchored,0.00625,500.0,train
2,150.0,200.0,168.55776099936222,297.8530335061636,255.36856268174301,208.2621103593922,0.7407079164008405,prior_anchored,0.00625,500.0,train
3,200.0,250.0,178.9257200959083,305.90836606912075,269.7877041637986,214.46545280904985,0.7490196306441479,prior_anchored,0.00625,500.0,train
0,50.0,100.0,168.72101621782036,293.83709011550474,274.7401341298932,254.3447846565247,0.8114608863833879,prior_anchored,0.00625,550.0,validation
1,100.0,150.0,149.35192804673693,287.599895014828,280.7620035368334,265.2577800265307,0.8140413380502445,prior_anchored,0.00625,550.0,validation
2,150.0,200.0,154.31754206326377,287.8866877067213,274.06759191657954,255.35560617607985,0.8116426635143523,prior_anchored,0.00625,550.0,validation
3,200.0,250.0,167.84624884100944,286.60453500876184,278.4829595890723,264.8706344291905,0.8240214432984067,prior_anchored,0.00625,550.0,validation
0,50.0,100.0,145.41624348354836,262.78760216628484,255.17107856168354,245.2061546310853,0.8317913824864539,prior_anchored,0.00625,600.0,validation
1,100.0,150.0,145.12830326100473,258.1164376785046,254.20736282226127,241.77199856283866,0.8361801641569313,prior_anchored,0.00625,600.0,validation
2,150.0,200.0,147.4091766316135,258.5547366991526,252.2174052597197,241.37928255076247,0.8419410852340896,prior_anchored,0.00625,600.0,validation
3,200.0,250.0,147.92257496426032,256.87373534187446,252.8832059676587,242.21253102285286,0.8314818938062742,prior_anchored,0.00625,600.0,validation
0,50.0,100.0,137.24982236483083,222.37041477348987,212.59564454343518,209.6663959047221,0.8614184543369655,prior_anchored,0.00625,650.0,train
1,100.0,150.0,134.24064658595225,213.74428570497204,208.4082604813816,197.77727740146324,0.874051478457317,prior_anchored,0.00625,650.0,train
2,150.0,200.0,142.31374799792758,212.82730003224907,208.96172958246154,203.90029508405593,0.8662534811802189,prior_anchored,0.00625,650.0,train
3,200.0,250.0,130.68979159013642,211.49243217851011,207.55776778376674,199.47206377767154,0.8804737844561236,prior_anchored,0.00625,650.0,train
0,50.0,100.0,128.72893984972927,170.41098404371905,155.6290791300552,153.9233442255878,0.9029904263848908,prior_anchored,0.00625,700.0,validation
1,100.0,150.0,129.46749348037267,149.87185843364423,148.73995933777965,148.41294223046376,0.9284982818908527,prior_anchored,0.00625,700.0,validation
2,150.0,200.0,129.49689736815802,149.53954240467394,146.6440931168102,146.69145875303533,0.9251828662924236,prior_anchored,0.00625,700.0,validation
3,200.0,250.0,129.2199490855216,148.03872960298776,145.6495609182844,145.17682206196895,0.9299513485307234,prior_anchored,0.00625,700.0,validation
0,50.0,100.0,119.84117792809607,90.1813368664288,76.69475476662224,74.11209987357228,0.9330472235205284,prior_anchored,0.00625,750.0,validation
1,100.0,150.0,122.53353391233527,55.93917749738577,47.57914533327681,48.94925327268143,0.9746902142801154,prior_anchored,0.00625,750.0,validation
2,150.0,200.0,121.69016692542468,37.08427240377087,33.18554897628583,32.16886661277667,0.9809038399700905,prior_anchored,0.00625,750.0,validation
3,200.0,250.0,121.0358641675294,22.84491889332952,20.693686710480634,20.524157763575484,0.981491832448101,prior_anchored,0.00625,750.0,validation
0,50.0,100.0,115.53782452369974,39.713074278721095,25.799527934784052,12.72707814552171,0.005281020905446465,prior_anchored,0.00625,800.0,train
1,100.0,150.0,115.3348675756053,3.4371096672704198,1.9981582271086182,1.2229244496596439,0.012899413928001091,prior_anchored,0.00625,800.0,train
2,150.0,200.0,115.30602546018338,0.7405736269256948,0.47947434156334623,0.9755789057175169,0.12188010735317623,prior_anchored,0.00625,800.0,train
3,200.0,250.0,115.36046751491385,0.5926659895171014,0.46040119464059615,0.7372283762504264,0.04786485031821608,prior_anchored,0.00625,800.0,train
0,50.0,100.0,109.9178417118287,10.688356601159839,5.904485933737078,3.1776550401066275,0.3913478145211917,prior_anchored,0.00625,850.0,validation
1,100.0,150.0,109.65552372079493,0.6253580983842824,0.4391411221460402,0.1350456215623696,0.10643037251086507,prior_anchored,0.00625,850.0,validation
2,150.0,200.0,109.61975869674221,0.6452424710704605,0.30742417510178655,0.07227813119085894,0.05166055838548178,prior_anchored,0.00625,850.0,validation
3,200.0,250.0,109.56736795040392,0.4969324821612986,0.39247301427178627,0.11451161918438688,0.10908285392193029,prior_anchored,0.00625,850.0,validation
0,50.0,100.0,104.83974598013523,2.643048168580023,1.0723168821188551,0.6778426978377753,0.318749463755964,prior_anchored,0.00625,900.0,train
1,100.0,150.0,104.74624522678303,0.5742453667925957,0.4060987266635294,0.09833758146687648,0.09446747976458125,prior_anchored,0.00625,900.0,train
2,150.0,200.0,104.73292034837486,0.5063918653258241,0.30727311667114066,0.09324938469197215,0.0829994740090454,prior_anchored,0.00625,900.0,train
3,200.0,250.0,104.67821096451172,0.5562625120921467,0.410536615096035,0.08746826244677204,0.05464510231233344,prior_anchored,0.00625,900.0,train
0,50.0,100.0,100.21032789056645,0.8398458696110822,0.5133612440805706,0.09173735645484198,0.03048570613704804,prior_anchored,0.00625,950.0,validation
1,100.0,150.0,100.02214102635666,0.5999359705379703,0.4973140921895407,0.07173335377016316,0.022383774877810625,prior_anchored,0.00625,950.0,validation
2,150.0,200.0,99.99870009881872,0.5934590644664439,0.4561237506974578,0.05710557881699788,0.024645960530881417,prior_anchored,0.00625,950.0,validation
3,200.0,250.0,100.01835434675593,0.5845253797394037,0.43902338288529563,0.0705574704258895,0.021274753646218336,prior_anchored,0.00625,950.0,validation
0,50.0,100.0,96.2674241551746,1.4521325010374113,1.300210630251371,0.09293042764431575,0.005227198694204183,prior_anchored,0.00625,1000.0,validation
1,100.0,150.0,96.02406769625313,1.5797099396911563,1.3664055875018448,0.19629850405176655,0.024784418048810375,prior_anchored,0.00625,1000.0,validation
2,150.0,200.0,96.02338815391069,1.430757124183856,1.1411913208153237,0.13414181233621286,0.01361851553607385,prior_anchored,0.00625,1000.0,validation
3,200.0,250.0,95.99942354406045,1.3566540886940572,1.1954454922480267,0.10993688700052916,0.0051882974012648075,prior_anchored,0.00625,1000.0,validation
0,50.0,100.0,88.96531087479941,0.9992428994076334,0.8564025429776905,0.08573206720556066,0.005482381241050827,prior_anchored,0.00625,1100.0,validation
1,100.0,150.0,88.82517004426607,1.002840612562295,0.8738851722489187,0.3282285573636045,0.020961449693827405,prior_anchored,0.00625,1100.0,validation
2,150.0,200.0,88.87889019611409,0.9243233661932351,0.7546013509656575,0.11990308668911533,0.0110614207936649,prior_anchored,0.00625,1100.0,validation
3,200.0,250.0,88.69157911493787,0.9388205489819512,0.759321152357316,0.25355129140646254,0.036137945156312856,prior_anchored,0.00625,1100.0,validation
0,50.0,100.0,83.2502953661846,1.1463382313496169,1.0303376548387178,0.26438503303940836,0.02925778955019742,prior_anchored,0.00625,1200.0,train
1,100.0,150.0,83.13815201717273,1.0200142194700987,0.9029798989292743,0.13300564465450831,0.010353513443693618,prior_anchored,0.00625,1200.0,train
2,150.0,200.0,83.08041350524155,1.0970075877661145,0.9541827839580606,0.2522381590824385,0.02341467557332355,prior_anchored,0.00625,1200.0,train
3,200.0,250.0,83.04542064534081,1.0995052735036381,0.9359869883648315,0.07533043478148951,0.0017323631362189396,prior_anchored,0.00625,1200.0,train
0,50.0,100.0,73.99166155486627,12.107134222500918,10.70444046916198,2.0400473449353953,0.9126650350340171,prior_amplitude,0.025,50.0,validation
1,100.0,150.0,79.97808665504675,2.1665916634171936,1.8857147643810634,0.3663242000402484,0.8423376926117923,prior_amplitude,0.025,50.0,validation
2,150.0,200.0,80.88542763069238,0.3071350070352423,0.2677867288713287,0.04567749714482041,0.23542430443628415,prior_amplitude,0.025,50.0,validation
3,200.0,250.0,81.17644706731309,0.3248385966123095,0.29114403509161946,0.05350838374023983,0.3287983562674194,prior_amplitude,0.025,50.0,validation
0,50.0,100.0,130.46607042770728,17.235369064298,14.666074955882465,15.625323235913132,0.9957816274431953,prior_amplitude,0.025,100.0,train
1,100.0,150.0,135.04055551744062,0.1492056574400351,0.12375699994083789,0.1752894615359005,0.5176114608129616,prior_amplitude,0.025,100.0,train
2,150.0,200.0,134.96213997555236,0.13199432940371025,0.10292209278736664,0.13852211349961843,0.06208742072669027,prior_amplitude,0.025,100.0,train
3,200.0,250.0,134.99812249731391,0.19414731615481173,0.17057170844648795,0.25155503014113906,0.14623420210574378,prior_amplitude,0.025,100.0,train
0,50.0,100.0,156.3909557608467,31.840117192648563,30.118598751902738,23.90342666959144,0.9869589736763149,prior_amplitude,0.025,150.0,validation
1,100.0,150.0,126.85008305393215,13.20958977939533,11.648287133958092,4.861912583403657,0.9867334276594347,prior_amplitude,0.025,150.0,validation
2,150.0,200.0,123.04569268719985,0.42279084192460914,0.3951126108889298,0.26206698378956156,0.734847531153479,prior_amplitude,0.025,150.0,validation
3,200.0,250.0,123.42469410289051,0.38839105158886866,0.3394568773798028,0.026314271325664516,0.16881434693293584,prior_amplitude,0.025,150.0,validation
0,50.0,100.0,100.71631416069063,185.88548992511392,184.79343618421623,107.67278628649639,0.43499453578734304,prior_amplitude,0.025,200.0,validation
1,100.0,150.0,102.42905260432677,185.91392910283267,184.88052693426033,119.32038692726975,0.430675238411497,prior_amplitude,0.025,200.0,validation
2,150.0,200.0,101.86764532622549,186.0375617792945,184.94542220872071,109.09868526555051,0.43521545711552034,prior_amplitude,0.025,200.0,validation
3,200.0,250.0,101.6892871852834,186.10368687679062,184.86294606332353,99.82778104331356,0.41478678577254524,prior_amplitude,0.025,200.0,validation
0,50.0,100.0,81.17543585144236,197.9661291453225,194.73144659561862,180.7824157028096,0.8248276759611075,prior_amplitude,0.025,250.0,train
1,100.0,150.0,93.4539627582448,198.35644826708256,194.55026407587312,180.07029598998716,0.750821725242931,prior_amplitude,0.025,250.0,train
2,150.0,200.0,105.82637693828903,198.3876477288182,194.30276955479965,173.38825120810048,0.7774921468540854,prior_amplitude,0.025,250.0,train
3,200.0,250.0,113.28067142865505,198.52972601542479,197.95701555051647,185.1832500661804,0.7552916420219545,prior_amplitude,0.025,250.0,train
0,50.0,100.0,85.62683192527419,205.26759548148814,197.01896057590108,177.1755403282485,0.8085338788220947,prior_amplitude,0.025,300.0,train
1,100.0,150.0,106.59265521795966,205.30634154252397,203.25452572362613,195.2635428792179,0.7660835508548866,prior_amplitude,0.025,300.0,train
2,150.0,200.0,69.03660776229457,205.1969540292373,196.91942484547778,184.68412993692704,0.8271952164752396,prior_amplitude,0.025,300.0,train
3,200.0,250.0,101.60587066099802,205.13472092966828,197.1840939096344,180.7453804413458,0.8165543822530668,prior_amplitude,0.025,300.0,train
0,50.0,100.0,97.46458375498493,203.92140832861196,197.08340640555403,182.53327044394803,0.8058365105347709,prior_amplitude,0.025,350.0,train
1,100.0,150.0,68.5510929656528,205.14217711608518,200.35519430940656,191.89732955107596,0.7523989513146572,prior_amplitude,0.025,350.0,train
2,150.0,200.0,104.10449555791882,204.985562566282,201.51673809914286,187.92408377414802,0.7913649794962676,prior_amplitude,0.025,350.0,train
3,200.0,250.0,62.70027940644678,203.75271193729716,195.47535319196183,181.48764278700008,0.7747850196229038,prior_amplitude,0.025,350.0,train
0,50.0,100.0,89.43352769664905,196.99367756172597,192.89373066055123,187.648346741014,0.7526339798238235,prior_amplitude,0.025,400.0,validation
1,100.0,150.0,75.11946061801858,195.18536738856278,181.11964753684296,168.86555241522947,0.8281561590078493,prior_amplitude,0.025,400.0,validation
2,150.0,200.0,67.60321339302419,196.61054447656844,191.63585768528026,183.98539898672357,0.7670728043296136,prior_amplitude,0.025,400.0,validation
3,200.0,250.0,85.45655241042311,196.36606947758844,193.1059528226317,184.61105682420992,0.7536715129793949,prior_amplitude,0.025,400.0,validation
0,50.0,100.0,72.28601958375378,178.19397684472648,173.12985669589656,164.14122240461205,0.7718292030559035,prior_amplitude,0.025,450.0,validation
1,100.0,150.0,72.42846852180276,177.31191965374313,170.63678062670107,161.17069371984505,0.7908206491010754,prior_amplitude,0.025,450.0,validation
2,150.0,200.0,73.48399652584436,176.79993609573063,173.2102908446926,162.87527444823968,0.7675257941893285,prior_amplitude,0.025,450.0,validation
3,200.0,250.0,72.23789150620422,176.9104395026289,170.6018545794239,159.7576373229398,0.7850829559448378,prior_amplitude,0.025,450.0,validation
0,50.0,100.0,64.88650887849838,151.5839993282743,146.02725604288077,134.5263640467827,0.7706624036483156,prior_amplitude,0.025,500.0,train
1,100.0,150.0,66.90904636374172,150.78330623308605,143.68008011918442,134.5827346233139,0.8132643657730219,prior_amplitude,0.025,500.0,train
2,150.0,200.0,66.64658507737809,149.85144600486518,147.80771933530312,139.9173532715726,0.7552631146294462,prior_amplitude,0.025,500.0,train
3,200.0,250.0,58.545735062428875,149.1503810749356,142.11822803352516,134.98520429442584,0.7719982094055423,prior_amplitude,0.025,500.0,train
0,50.0,100.0,64.3125224597913,125.43932500315276,124.0579572907897,114.97032747215496,0.7843730490075902,prior_amplitude,0.025,550.0,validation
1,100.0,150.0,48.66956950724104,123.84795309433056,120.78326352378403,109.45758043126274,0.7912702156652196,prior_amplitude,0.025,550.0,validation
2,150.0,200.0,56.29158749288543,122.87818155618504,120.51902945320893,106.87617620949051,0.7935882982179123,prior_amplitude,0.025,550.0,validation
3,200.0,250.0,59.52351684784467,122.11206894216532,120.86296586187329,116.78549000701172,0.7652676017894031,prior_amplitude,0.025,550.0,validation
0,50.0,100.0,55.1908873227902,104.71926348067598,95.0471760021321,82.91507753737604,0.7008925598847195,prior_amplitude,0.025,600.0,validation
1,100.0,150.0,49.23872423789614,91.47064973628656,87.96566211886282,79.31006233262968,0.7992572101059799,prior_amplitude,0.025,600.0,validation
2,150.0,200.0,50.36676847017007,91.23631106221336,90.48695285368197,85.59447194249788,0.8002877327255109,prior_amplitude,0.025,600.0,validation
3,200.0,250.0,56.10743656123161,91.34157004274567,90.42728183259344,79.96333276449325,0.8032932401238129,prior_amplitude,0.025,600.0,validation
0,50.0,100.0,49.28077962770853,99.22678748765205,87.35254805048348,76.97730076555676,0.7211741344131701,prior_amplitude,0.025,650.0,train
1,100.0,150.0,51.39573370688791,120.10544063564035,97.69900146787917,75.01223958007313,0.6952918662131,prior_amplitude,0.025,650.0,train
2,150.0,200.0,45.49775981471299,101.66775506386294,85.97028489364158,76.26321657535735,0.6887334508689574,prior_amplitude,0.025,650.0,train
3,200.0,250.0,51.877667419916136,119.52943169784137,93.57808724494993,81.77429262649315,0.7229456291088399,prior_amplitude,0.025,650.0,train
0,50.0,100.0,47.65175723757827,95.32274579422295,82.7871192150905,60.27307461693279,0.5997201688137899,prior_amplitude,0.025,700.0,validation
1,100.0,150.0,45.1832879505791,98.0220655470041,81.23961816295518,57.729102450794166,0.5992528125469243,prior_amplitude,0.025,700.0,validation
2,150.0,200.0,47.06500180918403,72.1112366712532,60.15898591177297,51.094250452102564,0.6796500061886894,prior_amplitude,0.025,700.0,validation
3,200.0,250.0,42.89658034805144,96.69754326627353,75.68269696260737,57.51619658181259,0.6552228825016282,prior_amplitude,0.025,700.0,validation
0,50.0,100.0,43.60333733398297,74.82569942521515,69.91986200767231,68.49633661977339,0.8222070637025225,prior_amplitude,0.025,750.0,validation
1,100.0,150.0,44.17473240080173,75.91960636026033,73.86006015054829,70.81154609702351,0.829678469847298,prior_amplitude,0.025,750.0,validation
2,150.0,200.0,44.56849627794763,75.09693424155724,73.83269745700463,69.43800402797794,0.8542903654569844,prior_amplitude,0.025,750.0,validation
3,200.0,250.0,45.34306147427124,75.48139451127597,73.71886379861914,71.53072123963345,0.8528099282842792,prior_amplitude,0.025,750.0,validation
0,50.0,100.0,40.597252297694546,34.429397044133786,31.00680534366627,36.40274755928857,0.6067851406182104,prior_amplitude,0.025,800.0,train
1,100.0,150.0,39.79894616397836,27.713716933779256,25.5808613682688,21.839072272612565,0.8807825271725063,prior_amplitude,0.025,800.0,train
2,150.0,200.0,39.41951399206894,25.55774891000522,23.95102044383938,16.42850942836162,0.860328226615129,prior_amplitude,0.025,800.0,train
3,200.0,250.0,40.184848407587786,25.288247883216865,23.632339283264116,22.615739545732698,0.6829302129482633,prior_amplitude,0.025,800.0,train
0,50.0,100.0,37.953189133023194,28.647011736218918,23.760009958884904,27.38511829321546,0.8721543126981591,prior_amplitude,0.025,850.0,validation
1,100.0,150.0,38.67076475739582,20.173484720653175,17.565653813776493,8.170084167090373,0.5154867122506079,prior_amplitude,0.025,850.0,validation
2,150.0,200.0,34.878861389668074,14.502373225231334,12.443911117101468,15.998523779427064,0.7911152863594457,prior_amplitude,0.025,850.0,validation
3,200.0,250.0,38.80266139929398,22.121768593054416,20.89199472644484,34.56681100044772,0.8275641197370949,prior_amplitude,0.025,850.0,validation
0,50.0,100.0,34.92563691596495,22.708691518479355,21.324849852315257,11.675499965023498,0.7230471610616482,prior_amplitude,0.025,900.0,train
1,100.0,150.0,34.59711784989066,18.595136629641786,14.40334108803859,14.432732432665091,0.8843420009822662,prior_amplitude,0.025,900.0,train
2,150.0,200.0,38.43851989981052,16.00276706588378,15.192006053298918,20.846944558913098,0.689479162669547,prior_amplitude,0.025,900.0,train
3,200.0,250.0,32.43141775662148,10.121131308117604,7.367453313868914,11.410175172892034,0.5802486856860227,prior_amplitude,0.025,900.0,train
0,50.0,100.0,31.344115345805168,11.758234340079653,8.969731811996532,33.880415225682775,0.6748003849305588,prior_amplitude,0.025,950.0,validation
1,100.0,150.0,37.50843339109399,17.501104217938256,15.464585308570395,31.915782542291787,0.9123383351944536,prior_amplitude,0.025,950.0,validation
2,150.0,200.0,30.846676973663822,2.7798119003811195,2.2277662921970496,6.931078256290078,0.8613244142193868,prior_amplitude,0.025,950.0,validation
3,200.0,250.0,30.11312020269747,0.4290614674210751,0.1930892204011272,0.9065877802010527,0.3135056677469249,prior_amplitude,0.025,950.0,validation
0,50.0,100.0,31.655880947543032,15.29612674218141,11.68026250257157,16.35626988246237,0.8975709797227529,prior_amplitude,0.025,1000.0,validation
1,100.0,150.0,29.256959301771857,1.0991544420461565,0.919805691195478,0.8181071110638007,0.7722089797482197,prior_amplitude,0.025,1000.0,validation
2,150.0,200.0,34.51193504917867,14.257253395430883,13.722893757555081,15.356177705895133,0.6052794658173782,prior_amplitude,0.025,1000.0,validation
3,200.0,250.0,32.14247745231473,11.206863612087965,10.783878040790146,8.796058538249882,0.8073336548196183,prior_amplitude,0.025,1000.0,validation
0,50.0,100.0,36.10463976103788,9.705112267729756,7.802550970815737,10.690599325628177,0.557689529568293,prior_amplitude,0.025,1100.0,validation
1,100.0,150.0,28.21786287200572,2.552662614456743,1.257581474568667,5.904006737588258,0.3791438784529949,prior_amplitude,0.025,1100.0,validation
2,150.0,200.0,27.478933736925786,0.5640784107516943,0.33504741252392023,1.002130178582286,0.705431450470985,prior_amplitude,0.025,1100.0,validation
3,200.0,250.0,32.31147142421203,11.55556659149304,11.112499542545539,25.08707883225464,0.6643387944354926,prior_amplitude,0.025,1100.0,validation
0,50.0,100.0,31.739989526271092,8.908713272246768,8.584729063506767,11.368197306626989,0.8295804954356868,prior_amplitude,0.025,1200.0,train
1,100.0,150.0,35.36621138594088,2.5083081789005064,2.1430920106115465,2.1816628391929824,0.6011492640259584,prior_amplitude,0.025,1200.0,train
2,150.0,200.0,31.935917111502683,10.018058683558632,9.84310746235693,13.222026253342234,0.7933020923159818,prior_amplitude,0.025,1200.0,train
3,200.0,250.0,27.12839253339099,0.7174427781350836,0.5698361789804522,0.46230709486688126,0.6787942060723012,prior_amplitude,0.025,1200.0,train
0,50.0,100.0,73.99279657623669,12.104675529060017,10.70225633113543,2.0283489562824357,0.9098543029897135,prior_amplitude,0.0125,50.0,validation
1,100.0,150.0,79.97983903206845,2.169258972759522,1.8883720145800424,0.3652381465523873,0.8398297977324005,prior_amplitude,0.0125,50.0,validation
2,150.0,200.0,80.88839519756417,0.3095266434439594,0.270518484213099,0.045022036440550785,0.2325290465440576,prior_amplitude,0.0125,50.0,validation
3,200.0,250.0,81.1823494168392,0.32513664162064515,0.29114887821498314,0.052768870065570496,0.3275840896716169,prior_amplitude,0.0125,50.0,validation
0,50.0,100.0,130.46579788575508,17.229356446808126,14.661278644252121,15.620118111580581,0.9957790439532686,prior_amplitude,0.0125,100.0,train
1,100.0,150.0,135.03962747304573,0.14859471494000331,0.12409451080873168,0.17450797357018843,0.5170263089094023,prior_amplitude,0.0125,100.0,train
2,150.0,200.0,134.95723451237075,0.13685211072260017,0.10593066471054158,0.1443725426980251,0.07363668336044427,prior_amplitude,0.0125,100.0,train
3,200.0,250.0,134.99706123608422,0.20177671444164957,0.17757376436381378,0.27091118904644024,0.16349258500094566,prior_amplitude,0.0125,100.0,train
0,50.0,100.0,156.38690353795297,31.82113311162925,30.09995069185169,22.684440467734785,0.9860798007836044,prior_amplitude,0.0125,150.0,validation
1,100.0,150.0,126.85494008797326,13.208345537493997,11.647952977067305,4.709751350327228,0.9849964072346532,prior_amplitude,0.0125,150.0,validation
2,150.0,200.0,123.05099183688942,0.42330493646642253,0.39722634093728004,0.24546175026778505,0.7332202149456579,prior_amplitude,0.0125,150.0,validation
3,200.0,250.0,123.42993156273089,0.3946718845574111,0.34707136872769695,0.028820546981344456,0.22616678233434995,prior_amplitude,0.0125,150.0,validation
0,50.0,100.0,101.19324169738867,185.85943846252243,184.8351945951646,102.68903615659862,0.4234505307117389,prior_amplitude,0.0125,200.0,validation
1,100.0,150.0,102.18571018027569,185.82568665396587,184.64775068228138,101.55314278725957,0.42088038569952335,prior_amplitude,0.0125,200.0,validation
2,150.0,200.0,102.29550941497499,185.9113302180696,184.7650121171803,91.41531600549268,0.38709472977074666,prior_amplitude,0.0125,200.0,validation
3,200.0,250.0,103.05400869098784,186.17124312336801,184.9711472720689,85.34542875793353,0.39191118931262614,prior_amplitude,0.0125,200.0,validation
0,50.0,100.0,81.04189683062224,198.1215940732476,195.2646312259417,179.85180791590145,0.8149109359640423,prior_amplitude,0.0125,250.0,train
1,100.0,150.0,93.76627169384241,198.3968014251778,195.2243654707669,178.34995813386558,0.7436879407404673,prior_amplitude,0.0125,250.0,train
2,150.0,200.0,106.52424501450268,198.47485066329332,194.17471881799386,173.11112510486402,0.7832446573023817,prior_amplitude,0.0125,250.0,train
3,200.0,250.0,109.64149473418989,198.56040809372826,197.85463994600718,191.8348147689276,0.722746404214688,prior_amplitude,0.0125,250.0,train
0,50.0,100.0,86.9233891861896,204.39439008375578,198.12748244079543,176.5215162755854,0.7918932195977676,prior_amplitude,0.0125,300.0,train
1,100.0,150.0,106.60940948054088,204.88992327203817,202.04323842449134,197.71432413350857,0.7354173009203201,prior_amplitude,0.0125,300.0,train
2,150.0,200.0,70.4917494788861,205.13892134484323,196.4237365990785,183.60884494042713,0.8302628636878187,prior_amplitude,0.0125,300.0,train
3,200.0,250.0,105.26729261234281,204.51966486246178,197.81159594245992,183.2091849047512,0.8102756080699884,prior_amplitude,0.0125,300.0,train
0,50.0,100.0,99.3148743452868,204.6544110241153,196.15871104242612,182.66859011537295,0.8146388996190267,prior_amplitude,0.0125,350.0,train
1,100.0,150.0,67.60636996712948,204.18510770500245,202.38125188353487,190.01438697224773,0.7374893909004107,prior_amplitude,0.0125,350.0,train
2,150.0,200.0,102.48755041244397,204.87541235389057,201.80920559593199,190.6438347501558,0.7544505408293862,prior_amplitude,0.0125,350.0,train
3,200.0,250.0,64.69340658890627,204.7872173390489,191.46124844768872,179.10592175242013,0.8113387136209131,prior_amplitude,0.0125,350.0,train
0,50.0,100.0,89.2479507115824,196.46412465066518,189.59200167728704,187.5209424382037,0.764548836069306,prior_amplitude,0.0125,400.0,validation
1,100.0,150.0,77.9852595979932,194.87823562808643,182.75044285151102,169.01715666524163,0.8228000577523574,prior_amplitude,0.0125,400.0,validation
2,150.0,200.0,66.0285923275423,196.10706000051752,192.0365679806372,180.50785718772931,0.7482070394596145,prior_amplitude,0.0125,400.0,validation
3,200.0,250.0,81.89788874347124,195.92351571752903,190.21506173228707,180.73123599265256,0.780663333076913,prior_amplitude,0.0125,400.0,validation
0,50.0,100.0,70.95940971680803,178.41931578192208,171.82081599811946,162.15944321793955,0.7801459725988883,prior_amplitude,0.0125,450.0,validation
1,100.0,150.0,71.92605253638975,176.17865259221216,169.20048300200733,160.16836424878733,0.7984219514286709,prior_amplitude,0.0125,450.0,validation
2,150.0,200.0,72.51996039059966,175.81899751035783,168.78911349688659,159.9717654083047,0.8032981243069515,prior_amplitude,0.0125,450.0,validation
3,200.0,250.0,72.16859756246077,175.45603002028574,168.56921314267439,160.01481698721406,0.8053179556924748,prior_amplitude,0.0125,450.0,validation
0,50.0,100.0,65.03361319322248,151.95129463685817,144.49863055602643,132.15194465824044,0.8034175270446937,prior_amplitude,0.0125,500.0,train
1,100.0,150.0,69.00617075607556,148.87805933764892,141.42896320374592,137.2552142510918,0.8030358567163116,prior_amplitude,0.0125,500.0,train
2,150.0,200.0,64.81185211548545,147.7241830645149,145.22933023695205,140.7417965377417,0.7201398468205819,prior_amplitude,0.0125,500.0,train
3,200.0,250.0,58.85231240694886,147.60198146867387,140.2197272887983,136.13829752247014,0.787589203987874,prior_amplitude,0.0125,500.0,train
0,50.0,100.0,65.29266671721285,126.11345713183564,121.13566913998064,114.1403046995161,0.7916969792079673,prior_amplitude,0.0125,550.0,validation
1,100.0,150.0,48.44031706195955,122.25892741517487,117.5165754484281,107.76300385452744,0.8115924512700734,prior_amplitude,0.0125,550.0,validation
2,150.0,200.0,58.19137650897672,121.2582564432053,119.02971667028585,105.1670199532097,0.7942365668781184,prior_amplitude,0.0125,550.0,validation
3,200.0,250.0,57.399211696057364,120.81163523771868,118.31991310440554,116.16006543221916,0.7834910740677958,prior_amplitude,0.0125,550.0,validation
0,50.0,100.0,54.60906100043605,104.85072234863155,91.73810090684114,81.7411885276674,0.6996374336226163,prior_amplitude,0.0125,600.0,validation
1,100.0,150.0,50.19298702004539,91.66697885183218,87.99986764713493,78.8795256845742,0.8084997608163873,prior_amplitude,0.0125,600.0,validation
2,150.0,200.0,49.612609384867476,92.11597562057835,89.93746463694315,86.51691786180174,0.7859759646821913,prior_amplitude,0.0125,600.0,validation
3,200.0,250.0,56.68924652466926,92.05717629048735,90.21435887448092,82.5561714654853,0.7600117856302928,prior_amplitude,0.0125,600.0,validation
0,50.0,100.0,48.83810478318443,101.29554699320032,90.05465152727216,81.56342049342304,0.7637369824647532,prior_amplitude,0.0125,650.0,train
1,100.0,150.0,51.10193293739119,114.90034480466767,93.68589177836304,72.11375684178661,0.692420757639403,prior_amplitude,0.0125,650.0,train
2,150.0,200.0,46.205692548478574,84.78834086494636,81.36311533097533,77.5793318357312,0.7955529328867557,prior_amplitude,0.0125,650.0,train
3,200.0,250.0,47.99461924009744,85.02305313613834,84.23168563120686,79.34854936554045,0.8106061864122225,prior_amplitude,0.0125,650.0,train
0,50.0,100.0,48.14786709630939,99.7466953125477,78.6030713573983,54.63625540829316,0.4652352569375481,prior_amplitude,0.0125,700.0,validation
1,100.0,150.0,43.54922073866215,71.32140174611918,62.496586275668726,49.6213808701898,0.638640831512657,prior_amplitude,0.0125,700.0,validation
2,150.0,200.0,46.98801269568081,100.55097699351867,77.87137777882239,51.228985405678564,0.5728227290900267,prior_amplitude,0.0125,700.0,validation
3,200.0,250.0,43.245436170156694,86.46721889863278,70.926002663136,51.14447811840509,0.4850387131301237,prior_amplitude,0.0125,700.0,validation
0,50.0,100.0,44.102341218887894,69.80096146550127,63.92548870082812,44.97990780714557,0.46044233596903483,prior_amplitude,0.0125,750.0,validation
1,100.0,150.0,43.208553940647505,83.36212353922244,75.4926529408402,73.037905129221,0.8294403508029689,prior_amplitude,0.0125,750.0,validation
2,150.0,200.0,43.84084203762934,76.3748383945306,72.66902118252595,71.39954809527413,0.8236416583303765,prior_amplitude,0.0125,750.0,validation
3,200.0,250.0,44.5289527691832,75.6254068011027,72.93076106301285,70.91745745613458,0.8235378621069487,prior_amplitude,0.0125,750.0,validation
0,50.0,100.0,40.06605375479078,33.500985632700434,30.57005831531041,34.26774942364835,0.6001796390347365,prior_amplitude,0.0125,800.0,train
1,100.0,150.0,39.76278755271845,26.987980331004103,25.293999456365224,16.70788546949672,0.7894121715923141,prior_amplitude,0.0125,800.0,train
2,150.0,200.0,39.94543465744278,25.68068456841335,23.9307193577974,17.541124189371168,0.6647083873789195,prior_amplitude,0.0125,800.0,train
3,200.0,250.0,40.44612719121399,25.2419569621341,23.63780536380142,28.18160203066075,0.8409224327526785,prior_amplitude,0.0125,800.0,train
0,50.0,100.0,38.21577516933385,28.032050822784843,23.613973642338735,34.564074847228724,0.8834629663063477,prior_amplitude,0.0125,850.0,validation
1,100.0,150.0,34.608988824061335,11.520120623796881,7.297452903842906,9.240903323399014,0.8957228412548343,prior_amplitude,0.0125,850.0,validation
2,150.0,200.0,38.34478059556991,22.087427750612168,20.709118822123152,26.593134740929436,0.660230997794584,prior_amplitude,0.0125,850.0,validation
3,200.0,250.0,39.71827058558175,22.00902844885955,19.823023293309348,32.53481431030137,0.9188876217007914,prior_amplitude,0.0125,850.0,validation
0,50.0,100.0,34.42626077290328,22.3465627179345,19.249170422818278,11.677019535837998,0.6921623933031267,prior_amplitude,0.0125,900.0,train
1,100.0,150.0,35.1541794249549,20.003952044291154,16.754800971821883,13.89089503763488,0.8930112884654686,prior_amplitude,0.0125,900.0,train
2,150.0,200.0,37.03004309421575,16.030940492541127,15.30243192888286,8.172574322301024,0.7217808774685415,prior_amplitude,0.0125,900.0,train
3,200.0,250.0,33.92570000382656,13.981044837270282,12.922799713836525,14.226328183316037,0.8575963876875317,prior_amplitude,0.0125,900.0,train
0,50.0,100.0,31.52285977236937,11.840907904445661,9.152776068376618,11.887510153423348,0.6501199246715172,prior_amplitude,0.0125,950.0,validation
1,100.0,150.0,37.112143003522036,17.722935662806034,16.774399295817535,18.22261645579424,0.9353856234764976,prior_amplitude,0.0125,950.0,validation
2,150.0,200.0,30.975595218479274,1.2035331670374312,1.1285003354236238,0.9865166481016143,0.7746454493588432,prior_amplitude,0.0125,950.0,validation
3,200.0,250.0,30.091607350055675,0.23366988328930915,0.1922484868776877,0.1375613091976535,0.4842282905048696,prior_amplitude,0.0125,950.0,validation
0,50.0,100.0,31.611693923648453,14.420044532108445,11.553447422564322,19.420285306446655,0.8824049990663287,prior_amplitude,0.0125,1000.0,validation
1,100.0,150.0,29.32707206357295,0.772217367019433,0.6086105428819479,0.8801118748989426,0.8476209628017441,prior_amplitude,0.0125,1000.0,validation
2,150.0,200.0,36.09301225688057,13.725847652175485,13.247452448434679,24.359800897620392,0.7935005521712356,prior_amplitude,0.0125,1000.0,validation
3,200.0,250.0,30.609080679386906,8.990508401439644,7.392895664762239,17.533061437172314,0.8434435322225501,prior_amplitude,0.0125,1000.0,validation
0,50.0,100.0,37.259998679531044,7.139139046442821,4.701333612855137,19.007138884096765,0.40927340196008777,prior_amplitude,0.0125,1100.0,validation
1,100.0,150.0,33.455917981414714,12.335425296019714,12.088710130036194,33.10600037231202,0.7588608893490842,prior_amplitude,0.0125,1100.0,validation
2,150.0,200.0,28.03304367435931,1.329464802489131,1.2661285834209934,2.793882443152048,0.8207614770125453,prior_amplitude,0.0125,1100.0,validation
3,200.0,250.0,29.153939264494642,8.177578437890421,6.41603427255151,10.781716141917386,0.9676793699375963,prior_amplitude,0.0125,1100.0,validation
0,50.0,100.0,32.36640691861655,8.706493317321854,8.260810724871025,11.073966354488052,0.762552219801598,prior_amplitude,0.0125,1200.0,train
1,100.0,150.0,35.835083973531255,1.8726588432668692,1.466820136893702,4.0346458981974544,0.5292984439561289,prior_amplitude,0.0125,1200.0,train
2,150.0,200.0,29.837612355602673,9.497272018629786,8.991146265539978,16.807064596313204,0.8276478203363073,prior_amplitude,0.0125,1200.0,train
3,200.0,250.0,27.769449061016694,1.710989531491414,1.378903296786845,1.7078089965282421,0.8971992598285445,prior_amplitude,0.0125,1200.0,train
0,50.0,100.0,73.99763215202836,12.105122565439373,10.70263631089513,2.0149843636071525,0.9065538085269091,prior_amplitude,0.00625,50.0,validation
1,100.0,150.0,79.98660415932585,2.170175395471219,1.8903333813802448,0.3649160743242433,0.8359058796133247,prior_amplitude,0.00625,50.0,validation
2,150.0,200.0,80.90044636268091,0.31787874331939747,0.2774717384293979,0.045269941148254486,0.24296426713069674,prior_amplitude,0.00625,50.0,validation
3,200.0,250.0,81.19928682116803,0.3268353832825426,0.29254288519457816,0.05245211913742541,0.3285979292856298,prior_amplitude,0.00625,50.0,validation
0,50.0,100.0,130.46630184325352,17.226674237980106,14.659211853387262,15.618743391323903,0.9957783179524243,prior_amplitude,0.00625,100.0,train
1,100.0,150.0,135.04121116860048,0.13929640892058615,0.1192440962691137,0.1648554723521631,0.4862696475447289,prior_amplitude,0.00625,100.0,train
2,150.0,200.0,134.96258194278025,0.14275296981543306,0.1139221514627593,0.13614045578764486,0.050961593914379155,prior_amplitude,0.00625,100.0,train
3,200.0,250.0,134.9825877375454,0.20217903828270778,0.1826066417358163,0.24437280846698678,0.17321862486437778,prior_amplitude,0.00625,100.0,train
0,50.0,100.0,156.41322137357366,31.681375108530773,29.974992527590814,23.841153375648815,0.9866720846156726,prior_amplitude,0.00625,150.0,validation
1,100.0,150.0,127.0637159356554,13.152175600937639,11.59862964195844,4.784161035888712,0.9864964992351569,prior_amplitude,0.00625,150.0,validation
2,150.0,200.0,123.2040941154031,0.35420083181409723,0.33295280209668476,0.3079526004606574,0.7807170586504175,prior_amplitude,0.00625,150.0,validation
3,200.0,250.0,123.46307442778938,0.28352411665061084,0.2500567834105709,0.04053015181156831,0.40508311250917794,prior_amplitude,0.00625,150.0,validation
0,50.0,100.0,101.4481462059624,185.83464187448442,184.7693186060108,100.82258274532875,0.41803349679151935,prior_amplitude,0.00625,200.0,validation
1,100.0,150.0,102.36731803238943,185.78157911080564,184.44882386387292,96.02044392490501,0.40467229185094955,prior_amplitude,0.00625,200.0,validation
2,150.0,200.0,102.94245531785819,185.93948159843717,184.94810595778222,87.24758428425277,0.37796882728381087,prior_amplitude,0.00625,200.0,validation
3,200.0,250.0,102.3310649003658,186.0206613881223,184.64168336927918,68.26836287456864,0.650140430691825,prior_amplitude,0.00625,200.0,validation
0,50.0,100.0,81.32290636338156,198.17717035445455,194.92071755433946,179.75815182991053,0.808610314249113,prior_amplitude,0.00625,250.0,train
1,100.0,150.0,94.80096149689878,198.42049474055707,193.44785241426695,177.06862446846813,0.7377031801759737,prior_amplitude,0.00625,250.0,train
2,150.0,200.0,107.80939415238538,198.2758594764627,194.16971265571658,173.25352389117512,0.7915840457071583,prior_amplitude,0.00625,250.0,train
3,200.0,250.0,106.66007890356141,198.5982523476858,197.35822498345698,194.8337679531975,0.7111335361433426,prior_amplitude,0.00625,250.0,train
0,50.0,100.0,87.84197162828605,204.37021502132677,198.6551792746891,176.35983795951944,0.786140697046231,prior_amplitude,0.00625,300.0,train
1,100.0,150.0,105.06141957273825,205.00573395583618,202.70325186351596,198.81555213984186,0.751026541326664,prior_amplitude,0.00625,300.0,train
2,150.0,200.0,71.83834683184989,204.37094776034013,198.66538546398303,183.7861268376836,0.8088429855999354,prior_amplitude,0.00625,300.0,train
3,200.0,250.0,107.3394982928169,205.02368469293415,196.78255424945417,184.25133830713958,0.8251205292985364,prior_amplitude,0.00625,300.0,train
0,50.0,100.0,99.42792396268347,204.89257358794333,197.28490902572332,182.2562048666191,0.8173813885041519,prior_amplitude,0.00625,350.0,train
1,100.0,150.0,67.19331779574287,204.37797766198835,196.4288974419993,188.39642845097202,0.7676694537768793,prior_amplitude,0.00625,350.0,train
2,150.0,200.0,103.62396810094704,204.0932110019351,199.1902346840409,192.59517231160174,0.7521913853987703,prior_amplitude,0.00625,350.0,train
3,200.0,250.0,67.27250053650006,204.10408170936856,189.37390861877537,179.48711417765605,0.8162734778721209,prior_amplitude,0.00625,350.0,train
0,50.0,100.0,87.62252590689022,196.70955042663792,190.82932942332278,185.81302530638652,0.779629979036318,prior_amplitude,0.00625,400.0,validation
1,100.0,150.0,79.28841612098701,195.28797135424642,181.1670741386665,168.32348761384898,0.8456594999482183,prior_amplitude,0.00625,400.0,validation
2,150.0,200.0,66.16417961154065,195.1038024579388,188.92384864345996,178.56227837384873,0.7715776938143648,prior_amplitude,0.00625,400.0,validation
3,200.0,250.0,81.3466673774027,194.94479851848206,188.68741023032948,180.43892730419975,0.7828491997862654,prior_amplitude,0.00625,400.0,validation
0,50.0,100.0,71.12767871109214,178.14324466796697,173.0824246941227,162.49753161670662,0.7606290681417582,prior_amplitude,0.00625,450.0,validation
1,100.0,150.0,71.77986643221647,176.4731609566518,172.3355424920371,160.6889089872681,0.7622984358888729,prior_amplitude,0.00625,450.0,validation
2,150.0,200.0,73.1029629152961,175.09883734305498,172.86498077561566,160.82068023291794,0.7628334344673655,prior_amplitude,0.00625,450.0,validation
3,200.0,250.0,72.6161637627359,174.99663754671343,167.722179444976,160.00092284442408,0.7958829289386228,prior_amplitude,0.00625,450.0,validation
0,50.0,100.0,64.99431997250863,151.6164920840002,145.74793858652666,130.986201847018,0.79191119265665,prior_amplitude,0.00625,500.0,train
1,100.0,150.0,68.10014948319116,149.57874975220005,144.46342631072383,136.81323092511704,0.8072250893289485,prior_amplitude,0.00625,500.0,train
2,150.0,200.0,61.261111818829164,148.79785041229303,146.61842693278254,137.28628752748287,0.7247576246179269,prior_amplitude,0.00625,500.0,train
3,200.0,250.0,58.55907799879366,147.21719993618348,142.44849056541057,133.93711657986702,0.7925431611255461,prior_amplitude,0.00625,500.0,train
0,50.0,100.0,63.64796073540816,126.14771784883911,121.10420011646868,112.24663556384179,0.8078946096664132,prior_amplitude,0.00625,550.0,validation
1,100.0,150.0,48.584715280284335,120.4566313912155,117.96339499314124,106.88562588814497,0.7888982559196992,prior_amplitude,0.00625,550.0,validation
2,150.0,200.0,59.50293828651199,119.42020289559011,113.89080835447591,103.75382443908993,0.8051902035594163,prior_amplitude,0.00625,550.0,validation
3,200.0,250.0,55.34732689975823,118.88459832960595,116.83091510519053,112.57367716136312,0.7713102702102818,prior_amplitude,0.00625,550.0,validation
0,50.0,100.0,54.128725123492885,104.5213919650507,93.16576869699266,81.93161317607988,0.71337673735741,prior_amplitude,0.00625,600.0,validation
1,100.0,150.0,51.44589805068965,91.690605269645,90.05501439873092,78.8240871244598,0.8277498207209346,prior_amplitude,0.00625,600.0,validation
2,150.0,200.0,48.82489659128136,91.77400848353494,91.11909216362591,86.75558151509411,0.7944029905114101,prior_amplitude,0.00625,600.0,validation
3,200.0,250.0,55.96495159244353,92.3279972674121,90.77108026380255,84.59887737056492,0.7655211857629929,prior_amplitude,0.00625,600.0,validation
0,50.0,100.0,49.04787094121824,103.56921354671013,90.76577654272802,82.59452354923386,0.7611972567273855,prior_amplitude,0.00625,650.0,train
1,100.0,150.0,51.48430586249852,112.29297276756121,95.74490982587146,71.18833377085105,0.6620901791846934,prior_amplitude,0.00625,650.0,train
2,150.0,200.0,47.11325025458222,88.89523480866586,84.48320298251704,80.37807288947663,0.8039479785003323,prior_amplitude,0.00625,650.0,train
3,200.0,250.0,47.753089155603064,86.46379798658691,85.34770867660946,81.76009456121413,0.8198157891635328,prior_amplitude,0.00625,650.0,train
0,50.0,100.0,48.047525326733684,100.61151029195287,79.21629550383784,52.335642349422,0.44973490775141334,prior_amplitude,0.00625,700.0,validation
1,100.0,150.0,42.5742410837566,67.34763957096374,59.73505577308009,33.37210234225144,0.3087250402436359,prior_amplitude,0.00625,700.0,validation
2,150.0,200.0,46.74232233067339,91.66462703008281,87.94473511224771,76.3871359505152,0.7574029370962939,prior_amplitude,0.00625,700.0,validation
3,200.0,250.0,48.10134471196637,96.92439081671611,83.77870883699512,60.29880327136888,0.5782852601446795,prior_amplitude,0.00625,700.0,validation
0,50.0,100.0,46.082174608809304,58.97750403008253,57.63756464059155,45.41083540338067,0.6540001284810124,prior_amplitude,0.00625,750.0,validation
1,100.0,150.0,39.39172182357483,58.40520861059962,57.765012092774455,46.02829250554955,0.6897670462756248,prior_amplitude,0.00625,750.0,validation
2,150.0,200.0,45.379839825728176,58.123459532479046,55.47418731357379,46.04258028035085,0.7567915884415054,prior_amplitude,0.00625,750.0,validation
3,200.0,250.0,41.69353168730251,49.33057745967527,46.23326957543367,35.1995248586987,0.6516287069345438,prior_amplitude,0.00625,750.0,validation
0,50.0,100.0,39.79330150451112,32.82313119792756,29.736161951199094,32.16845866913757,0.5958070032342393,prior_amplitude,0.00625,800.0,train
1,100.0,150.0,39.7469888645019,26.79325665789363,24.840280218331838,15.65946320602863,0.6695026894939031,prior_amplitude,0.00625,800.0,train
2,150.0,200.0,40.242064456168926,25.61412724262044,23.892617871937404,24.968160891210214,0.7497435051032071,prior_amplitude,0.00625,800.0,train
3,200.0,250.0,40.56042431619985,25.21802283166698,23.59072245078834,24.41159801546097,0.8423283974831519,prior_amplitude,0.00625,800.0,train
0,50.0,100.0,38.27556580014356,27.931744555963864,23.51045794996228,59.07179977036313,0.875950032134901,prior_amplitude,0.00625,850.0,validation
1,100.0,150.0,35.40327959910724,16.68942941452422,11.362660245168492,25.861802805759652,0.9566291536430974,prior_amplitude,0.00625,850.0,validation
2,150.0,200.0,37.52793499202387,22.130883207893447,20.73893586434088,22.17496294648774,0.7789045537895505,prior_amplitude,0.00625,850.0,validation
3,200.0,250.0,39.53084852313986,22.05110308487733,20.65479459515669,46.342402654973796,0.8776572307450389,prior_amplitude,0.00625,850.0,validation
0,50.0,100.0,34.40013556414232,22.252391333299443,19.09434017421317,14.215971238456449,0.7180478210109786,prior_amplitude,0.00625,900.0,train
1,100.0,150.0,35.241623504719215,19.96528450432285,16.89426344125782,15.086893842650635,0.8799529179149865,prior_amplitude,0.00625,900.0,train
2,150.0,200.0,31.95514192667623,1.3843005755396867,1.3127449899949397,1.0256774234039046,0.812610509743798,prior_amplitude,0.00625,900.0,train
3,200.0,250.0,31.243161098252603,0.2874047190839839,0.2658775761781378,0.21437855380130919,0.6522294282251353,prior_amplitude,0.00625,900.0,train
0,50.0,100.0,31.444582765858183,11.871129404980554,9.252374909633012,34.83061768101504,0.7117512879016967,prior_amplitude,0.00625,950.0,validation
1,100.0,150.0,37.50971921075908,17.497587165824037,15.416064697602202,32.218344221077544,0.9124697368152027,prior_amplitude,0.00625,950.0,validation
2,150.0,200.0,30.983242670201616,2.7892258240971195,2.2529905946955857,7.659949679813793,0.8408983044646293,prior_amplitude,0.00625,950.0,validation
3,200.0,250.0,30.604654030427945,1.2993372409734327,1.1916216000191788,3.1097484135692994,0.8357405921696767,prior_amplitude,0.00625,950.0,validation
0,50.0,100.0,31.7991333710632,13.902731962945918,11.502317399929659,10.63024580536962,0.9019283335332005,prior_amplitude,0.00625,1000.0,validation
1,100.0,150.0,37.27001732895846,12.891195331808099,11.761720763938193,10.936211443104218,0.8938462878021518,prior_amplitude,0.00625,1000.0,validation
2,150.0,200.0,29.652666709435472,3.5257516508560585,2.0569923530851746,1.938808139565325,0.38598232160444634,prior_amplitude,0.00625,1000.0,validation
3,200.0,250.0,29.002549602490767,0.4781928045879198,0.36573654769794217,0.38203062917033687,0.4836925273570547,prior_amplitude,0.00625,1000.0,validation
0,50.0,100.0,37.38356516262647,6.538209009232716,3.871671359535142,15.948806971158705,0.34006345651153,prior_amplitude,0.00625,1100.0,validation
1,100.0,150.0,32.90554061321071,12.413677533345858,12.016689503288994,34.86971896289244,0.8083345256941312,prior_amplitude,0.00625,1100.0,validation
2,150.0,200.0,28.095796489612905,1.353634532465552,1.236823381126218,2.1471771492262315,0.7774097760848817,prior_amplitude,0.00625,1100.0,validation
3,200.0,250.0,28.53444665772789,5.047783961031577,3.921672915476929,6.166003418549579,0.9625286594514133,prior_amplitude,0.00625,1100.0,validation
0,50.0,100.0,32.58107405281837,8.487927249794122,8.14656375920477,5.381008645403909,0.852170511799347,prior_amplitude,0.00625,1200.0,train
1,100.0,150.0,31.12061969982425,7.763480588844512,7.547286687708965,4.621936574340683,0.8622350783102496,prior_amplitude,0.00625,1200.0,train
2,150.0,200.0,26.843918746247986,1.121291587351088,1.0046673039461353,0.707588223164749,0.8881751846966234,prior_amplitude,0.00625,1200.0,train
3,200.0,250.0,26.02397338777259,0.46065643607582274,0.37162198922254674,0.14595890324648358,0.30352422133248425,prior_amplitude,0.00625,1200.0,train
0,50.0,100.0,91.78560310104889,3.554918021053254,2.966534881281106,3.117072963262591,0.9239861200304756,static_preserving,0.025,50.0,validation
1,100.0,150.0,93.01117480886894,0.4626816517540959,0.3762622814899288,1.094075102780276,0.5607594144236843,static_preserving,0.025,50.0,validation
2,150.0,200.0,92.91230161486308,0.23121466472635177,0.18955379245339543,0.41338600638053014,0.15027189683041042,static_preserving,0.025,50.0,validation
3,200.0,250.0,93.18091036800959,0.47169702310340256,0.42577406898456616,0.3201280009978653,0.33265255236484437,static_preserving,0.025,50.0,validation
0,50.0,100.0,173.27866664650753,6.549776281668358,5.102760816298968,9.381266615872688,0.9881143706140558,static_preserving,0.025,100.0,train
1,100.0,150.0,173.90557181651636,0.27564208622101205,0.22467379230084816,0.568079721872074,0.18966253402293998,static_preserving,0.025,100.0,train
2,150.0,200.0,173.83382398329965,0.2542283695889296,0.2104133250747111,0.2816100725371105,0.05864216680401668,static_preserving,0.025,100.0,train
3,200.0,250.0,173.91041646347142,0.3982635434309998,0.3518383264876661,0.47356179437367363,0.14031972319055985,static_preserving,0.025,100.0,train
0,50.0,100.0,241.00545394874874,4.982262863464911,4.647458423732672,3.2624488432611813,0.8036049306931179,static_preserving,0.025,150.0,validation
1,100.0,150.0,237.37024488686765,0.8407385969308905,0.6534134312446156,0.42449301352849844,0.7104534519399099,static_preserving,0.025,150.0,validation
2,150.0,200.0,237.29579346777444,0.3270954461199551,0.2724508599094122,0.22831194543257063,0.6853760944972918,static_preserving,0.025,150.0,validation
3,200.0,250.0,237.42438021276743,0.29617636661890856,0.25266820115197675,0.010854689389654344,0.017185589555485437,static_preserving,0.025,150.0,validation
0,50.0,100.0,292.5937599499935,17.676830439594823,17.35263900500081,3.910234946903894,0.9179556144064951,static_preserving,0.025,200.0,validation
1,100.0,150.0,283.8700336125788,0.5267860003420424,0.40441432664880494,0.36147093312770046,0.7781052325479126,static_preserving,0.025,200.0,validation
2,150.0,200.0,284.1792677995971,0.5214815681058553,0.4690946976809869,0.24854839408739393,0.7702278174653974,static_preserving,0.025,200.0,validation
3,200.0,250.0,284.4734097780689,0.6258772510807376,0.5453020984862178,0.34787330108283565,0.8842967464752258,static_preserving,0.025,200.0,validation
0,50.0,100.0,322.8617160605802,45.73193241523745,44.28976227000237,17.018358025813754,0.9980593512208458,static_preserving,0.025,250.0,train
1,100.0,150.0,310.9558040350508,3.7698454184595107,3.21592835765631,1.7775419012192732,0.977139606990931,static_preserving,0.025,250.0,train
2,150.0,200.0,311.3826016724828,0.39592448224658483,0.3432329925680051,0.34411641969340157,0.5664413467941067,static_preserving,0.025,250.0,train
3,200.0,250.0,311.43904793670544,0.3231485441663722,0.2968449465608387,0.18256445380432054,0.4995973476959241,static_preserving,0.025,250.0,train
0,50.0,100.0,293.10876833575117,214.31604571482512,195.89132744952292,190.97895446772952,0.869773441067324,static_preserving,0.025,300.0,train
1,100.0,150.0,306.0439438801448,48.758181489415676,42.3042413201095,41.91869574773536,0.9583558371802283,static_preserving,0.025,300.0,train
2,150.0,200.0,307.93080423660587,9.107800336682658,7.872472725224895,7.287160993707124,0.9729073822829034,static_preserving,0.025,300.0,train
3,200.0,250.0,308.1797134359791,1.9762514927443249,1.6647737937320244,1.7158811898487885,0.9871324562897569,static_preserving,0.025,300.0,train
0,50.0,100.0,177.10394024447564,312.97767750021916,290.152335875126,199.10849186219983,0.5851410071018661,static_preserving,0.025,350.0,train
1,100.0,150.0,218.67997927724423,226.02805580014302,220.7395492536427,223.12113312736773,0.9146854658673893,static_preserving,0.025,350.0,train
2,150.0,200.0,232.86348767556123,223.53999232413403,216.07990670785003,209.32305307314732,0.9075758695257161,static_preserving,0.025,350.0,train
3,200.0,250.0,211.78495061559127,224.4388451413435,220.0277074623299,210.52637784812507,0.9218628231455562,static_preserving,0.025,350.0,train
0,50.0,100.0,192.98562683958482,304.2790129327185,285.3621456244934,241.5757491885957,0.8069727155553635,static_preserving,0.025,400.0,validation
1,100.0,150.0,195.23618168596127,242.85011532057734,238.64685677378174,237.30208526079085,0.893889713965905,static_preserving,0.025,400.0,validation
2,150.0,200.0,195.13440836595072,243.0426568553013,234.07582300279785,236.05171477293,0.9110775470081006,static_preserving,0.025,400.0,validation
3,200.0,250.0,195.7905402774268,242.98168845568148,234.24715296527768,230.49295560071425,0.9078399314626484,static_preserving,0.025,400.0,validation
0,50.0,100.0,172.38804426175923,275.1421032889804,235.00372531788173,233.97055383872447,0.9034733795908874,static_preserving,0.025,450.0,validation
1,100.0,150.0,199.28388586885598,224.48943292623972,217.98091494863132,216.21320637139573,0.9157178361103389,static_preserving,0.025,450.0,validation
2,150.0,200.0,170.68639146646265,222.1445648954124,217.8532773946127,216.3350931266946,0.9156096078074285,static_preserving,0.025,450.0,validation
3,200.0,250.0,195.2362360904389,221.7733802547877,216.1880442238302,211.38241638010115,0.9198321200565343,static_preserving,0.025,450.0,validation
0,50.0,100.0,176.59551819192902,219.72481641369075,193.51749015819195,191.5567032092525,0.9128994720778079,static_preserving,0.025,500.0,train
1,100.0,150.0,167.8294522530753,175.10536347567597,166.83532730849274,166.12948619816052,0.9413192063026634,static_preserving,0.025,500.0,train
2,150.0,200.0,167.23663274099724,165.0811521987683,160.19114945448456,163.67443070726196,0.9451541289462914,static_preserving,0.025,500.0,train
3,200.0,250.0,169.1364062471217,161.89620784649355,158.9864746590789,162.72573414459282,0.9501920980576986,static_preserving,0.025,500.0,train
0,50.0,100.0,158.65563988278745,174.07112432791982,154.13708402974615,142.32867933811008,0.9218234061782411,static_preserving,0.025,550.0,validation
1,100.0,150.0,160.93776442115706,102.38826681099779,90.96728172584554,91.35402326594672,0.9691440165929803,static_preserving,0.025,550.0,validation
2,150.0,200.0,161.5155819358093,72.93607879407963,66.54039997866425,66.31319041640792,0.9810302552230006,static_preserving,0.025,550.0,validation
3,200.0,250.0,158.38895987764056,52.01683291864279,46.50195208588403,48.286323783124416,0.9876881873645122,static_preserving,0.025,550.0,validation
0,50.0,100.0,151.7456982420372,135.51578506827204,111.64519461663647,87.41994359556405,0.8084286677902645,static_preserving,0.025,600.0,validation
1,100.0,150.0,147.62316863390564,33.785640308328084,28.958974668275403,22.778331022195594,0.8416207045846641,static_preserving,0.025,600.0,validation
2,150.0,200.0,148.51109802924432,8.292288878943083,6.616761866160317,5.21479014333272,0.8277658209919545,static_preserving,0.025,600.0,validation
3,200.0,250.0,148.0797084097195,1.6525828875105049,1.2024467951572717,0.9556573929554946,0.7699686856508203,static_preserving,0.025,600.0,validation
0,50.0,100.0,142.12963895650486,100.90306792106537,79.85065348371825,34.965688251733674,0.31148626908034294,static_preserving,0.025,650.0,train
1,100.0,150.0,139.5242338456407,8.756399045311724,5.716186090082232,3.02165931602542,0.42286754696694084,static_preserving,0.025,650.0,train
2,150.0,200.0,139.45625825725702,0.47869997414707655,0.3327039775832361,0.1570568990840243,0.3060943661724229,static_preserving,0.025,650.0,train
3,200.0,250.0,139.40683412877905,0.2855504064057186,0.24754669436529753,0.04766642788105505,0.06105655193064197,static_preserving,0.025,650.0,train
0,50.0,100.0,133.5208641527196,76.2529785664124,57.377988418237734,7.026604832591901,0.0284407083613194,static_preserving,0.025,700.0,validation
1,100.0,150.0,131.6898652680162,0.9777844574691983,0.7703559418561952,0.06594298850211186,0.012800769075262508,static_preserving,0.025,700.0,validation
2,150.0,200.0,131.5148190956482,0.29084199490176843,0.2162204117059332,0.06056395010570544,0.11635342964230055,static_preserving,0.025,700.0,validation
3,200.0,250.0,131.49270173108906,0.17148293102195566,0.14761896289996912,0.028276426306749963,0.048358184333216925,static_preserving,0.025,700.0,validation
0,50.0,100.0,124.72007171257299,7.170491457276029,4.577646113020123,1.2028503267735868,0.10996152201186893,static_preserving,0.025,750.0,validation
1,100.0,150.0,124.89794768887091,0.3616349945350663,0.2814232547518287,0.022268132568577716,0.007354803116280784,static_preserving,0.025,750.0,validation
2,150.0,200.0,124.75000498449386,0.49699943668194635,0.3926336923698557,0.20443790511114854,0.29829602427266,static_preserving,0.025,750.0,validation
3,200.0,250.0,124.77402038652893,0.41653349246908533,0.25637958721404175,0.07922921836097879,0.09760474683507225,static_preserving,0.025,750.0,validation
0,50.0,100.0,118.78329241204332,2.967209111126209,1.2237583975401805,0.22248195383358854,0.03118816018345183,static_preserving,0.025,800.0,train
1,100.0,150.0,118.73631350167786,0.4725093245279055,0.389417947267404,0.09595332071774726,0.06643973361524846,static_preserving,0.025,800.0,train
2,150.0,200.0,118.67557445828221,0.4721283135674099,0.3814418930419947,0.13953351108407971,0.13601515023453048,static_preserving,0.025,800.0,train
3,200.0,250.0,118.7305187187058,0.48316225678064484,0.38495131273133154,0.083413498354037,0.04722708768496642,static_preserving,0.025,800.0,train
0,50.0,100.0,113.13799987879227,1.0732263681858143,0.4623008308220733,0.03937518159776896,0.006137942474373381,static_preserving,0.025,850.0,validation
1,100.0,150.0,113.03456451570483,0.4406746212383723,0.3679460261432155,0.06770100072962866,0.047472219341175514,static_preserving,0.025,850.0,validation
2,150.0,200.0,112.98391405090574,0.3557125279866966,0.24444226866349084,0.04126559339065362,0.028834596213235475,static_preserving,0.025,850.0,validation
3,200.0,250.0,112.92923847521499,0.3442892323486717,0.2720424389119387,0.0793339072044182,0.0802075435955405,static_preserving,0.025,850.0,validation
0,50.0,100.0,108.09336642813064,0.39955269481477274,0.31497155276525746,0.12306620643305208,0.20825838486996429,static_preserving,0.025,900.0,train
1,100.0,150.0,108.04521186231179,0.3571280963000021,0.2945121846487382,0.02665983590412401,0.012513407090239737,static_preserving,0.025,900.0,train
2,150.0,200.0,108.01883063483521,0.3583940676897157,0.2559416122627596,0.06963701184408068,0.07043608746128505,static_preserving,0.025,900.0,train
3,200.0,250.0,107.97428592028638,0.4286114545157602,0.3006445632842656,0.09677992494139387,0.11588906151949208,static_preserving,0.025,900.0,train
0,50.0,100.0,103.73401157880157,0.5350498555032033,0.40072398211231075,0.0697754585627302,0.06229720989823739,static_preserving,0.025,950.0,validation
1,100.0,150.0,103.5615042178193,0.3931230375838055,0.34484199091944845,0.06653968626855652,0.04640156678797103,static_preserving,0.025,950.0,validation
2,150.0,200.0,103.53638729301157,0.4061217217547295,0.3067323117312952,0.056873238911604396,0.04136575288735911,static_preserving,0.025,950.0,validation
3,200.0,250.0,103.56875788349669,0.39708321931173884,0.322781198277724,0.038151119424664696,0.013314017150086843,static_preserving,0.025,950.0,validation
0,50.0,100.0,99.72216913680691,1.0899519256487622,0.9540458974517492,0.1280319818247423,0.016065859879391464,static_preserving,0.025,1000.0,validation
1,100.0,150.0,99.48467396880609,1.2574955753188277,1.0150456885349968,0.21133583736158895,0.03801115169956526,static_preserving,0.025,1000.0,validation
2,150.0,200.0,99.48354683989147,1.1279430734887228,0.8468357319361672,0.13246148949966166,0.02115393279120925,static_preserving,0.025,1000.0,validation
3,200.0,250.0,99.46347436594372,1.0209844590582833,0.8745051399170336,0.10435283350742024,0.009200649851342058,static_preserving,0.025,1000.0,validation
0,50.0,100.0,92.20888494211852,0.8114431241503155,0.6602499416426042,0.0968892740547605,0.013388201613382611,static_preserving,0.025,1100.0,validation
1,100.0,150.0,92.06488665425651,0.8745938055674856,0.6681353637098937,0.2933177899400024,0.02329002584080697,static_preserving,0.025,1100.0,validation
2,150.0,200.0,92.11317067030991,0.7470735588248374,0.646952399281119,0.12546357800361393,0.01927487914278081,static_preserving,0.025,1100.0,validation
3,200.0,250.0,91.92919398042268,0.7733729723668858,0.628388765188987,0.2740016576531673,0.08314702244095651,static_preserving,0.025,1100.0,validation
0,50.0,100.0,86.13464772219237,0.9654163417864225,0.8967495846546996,0.17451732782286072,0.053207647794553004,static_preserving,0.025,1200.0,train
1,100.0,150.0,86.01379254972349,0.8411191891345169,0.7147428618385447,0.06867184470319454,0.010142075790283922,static_preserving,0.025,1200.0,train
2,150.0,200.0,85.96038692305898,0.9030628497676361,0.7952758086798468,0.1426621207787711,0.03692496206990248,static_preserving,0.025,1200.0,train
3,200.0,250.0,85.92248398045778,0.9504343975939378,0.809234811996788,0.054989112247458796,0.005335140519510784,static_preserving,0.025,1200.0,train
0,50.0,100.0,91.79009341662088,3.55087235742954,2.9638556619360372,3.0761027251164563,0.9228514121168088,static_preserving,0.0125,50.0,validation
1,100.0,150.0,93.02279190438303,0.47721775046520065,0.39273365506844016,1.096853941166219,0.5744018465197002,static_preserving,0.0125,50.0,validation
2,150.0,200.0,92.9338576359516,0.23029080094127607,0.18979519195056582,0.40730851413382047,0.1485913390789516,static_preserving,0.0125,50.0,validation
3,200.0,250.0,93.20329638097675,0.4722111188272322,0.4257800309069353,0.31597838620319985,0.3317725835463484,static_preserving,0.0125,50.0,validation
0,50.0,100.0,173.28116229347648,6.543935035586628,5.099191246604278,9.132744120676199,0.9877796878479871,static_preserving,0.0125,100.0,train
1,100.0,150.0,173.91101759561593,0.26722294807075286,0.22163538895549095,0.5182450695578211,0.166953576449694,static_preserving,0.0125,100.0,train
2,150.0,200.0,173.86219042730073,0.24360385587610267,0.20512974121467664,0.27808502615250413,0.05870341755996755,static_preserving,0.0125,100.0,train
3,200.0,250.0,173.94237706859215,0.40043911970604995,0.352427084788701,0.4608202519441111,0.14106742353964052,static_preserving,0.0125,100.0,train
0,50.0,100.0,241.00312102136144,4.980832349943341,4.6453737462018125,3.3430822119739623,0.8145933357740358,static_preserving,0.0125,150.0,validation
1,100.0,150.0,237.35298845014145,0.8421691125229245,0.6615900316544128,0.426062036424169,0.7156154497980187,static_preserving,0.0125,150.0,validation
2,150.0,200.0,237.25501554379414,0.3262758942760229,0.2730639920825979,0.23566416013040903,0.6866917040740774,static_preserving,0.0125,150.0,validation
3,200.0,250.0,237.39094737038596,0.3196904189011036,0.2712990552364829,0.02391618506946131,0.07553562843375594,static_preserving,0.0125,150.0,validation
0,50.0,100.0,292.58449738657555,17.652690555826155,17.33145700631667,3.788521908582635,0.9195434067535992,static_preserving,0.0125,200.0,validation
1,100.0,150.0,283.88297497439055,0.5130173286680701,0.3932920946674585,0.343140523103585,0.7649765435902911,static_preserving,0.0125,200.0,validation
2,150.0,200.0,284.17470089006747,0.5231803136130679,0.4750372854217062,0.2529835852076046,0.7797401619951259,static_preserving,0.0125,200.0,validation
3,200.0,250.0,284.4915379344988,0.6033480322909099,0.532168468497332,0.32409874450217,0.8606490662861916,static_preserving,0.0125,200.0,validation
0,50.0,100.0,322.8573029317078,45.68180491607694,44.23935313182102,17.115391231277627,0.998057108465518,static_preserving,0.0125,250.0,train
1,100.0,150.0,310.94551627556064,3.724545899826751,3.176777043265929,1.7666515297642547,0.9773308970750796,static_preserving,0.0125,250.0,train
2,150.0,200.0,311.3770471183555,0.40781440622856735,0.3522004189049994,0.3189537762756769,0.5969881460362003,static_preserving,0.0125,250.0,train
3,200.0,250.0,311.48536730130695,0.29775666758723673,0.27220320772966033,0.15793412315329405,0.42792792831962656,static_preserving,0.0125,250.0,train
0,50.0,100.0,293.38962783140573,212.724452705756,194.3940956255477,188.2292102820795,0.8690067792754299,static_preserving,0.0125,300.0,train
1,100.0,150.0,306.0318202855898,48.29451707255316,41.80609406460826,41.27005626724172,0.9558929511126857,static_preserving,0.0125,300.0,train
2,150.0,200.0,307.90887210856386,8.973272630514998,7.742722348432267,7.125793296268478,0.9709651426357191,static_preserving,0.0125,300.0,train
3,200.0,250.0,308.1950503061443,1.9038020316469897,1.6031038675667446,1.6997992539319864,0.9874446328984827,static_preserving,0.0125,300.0,train
0,50.0,100.0,178.2390731705093,310.4133165374338,286.14783551229243,194.60709691436205,0.5821175707743599,static_preserving,0.0125,350.0,train
1,100.0,150.0,218.41776524071378,223.6010579423472,218.14520464676258,220.35736297765467,0.9161897633064809,static_preserving,0.0125,350.0,train
2,150.0,200.0,232.437182726138,221.11298208407123,212.00112245983019,208.54512167808426,0.9085556017045145,static_preserving,0.0125,350.0,train
3,200.0,250.0,213.6699521671993,221.3467970072069,217.4937822540545,208.1422789218252,0.925205982888401,static_preserving,0.0125,350.0,train
0,50.0,100.0,193.2149282927461,300.2894934362089,281.33178795306753,241.94383033978474,0.815952060249536,static_preserving,0.0125,400.0,validation
1,100.0,150.0,195.15085518591542,239.11488440163004,237.34384261202885,235.51981021850972,0.8992132895517142,static_preserving,0.0125,400.0,validation
2,150.0,200.0,195.1984051187247,238.74057465126822,237.10938244143153,232.55568157850124,0.9138397580431747,static_preserving,0.0125,400.0,validation
3,200.0,250.0,196.20769970783758,239.14710027718036,235.74609886230505,227.21314757830336,0.9071574303822659,static_preserving,0.0125,400.0,validation
0,50.0,100.0,173.73764654256746,270.80140817508556,233.70768758722565,230.66917247417138,0.9070996137442676,static_preserving,0.0125,450.0,validation
1,100.0,150.0,199.314676180459,220.02484700253416,215.2070985042426,212.6126992632751,0.918465594440844,static_preserving,0.0125,450.0,validation
2,150.0,200.0,170.60560921393585,217.83191714431172,214.13362371439462,212.25912991688418,0.920328099747211,static_preserving,0.0125,450.0,validation
3,200.0,250.0,197.13231863595894,216.99931770105104,213.0137438407885,209.1557923639172,0.9215835660391399,static_preserving,0.0125,450.0,validation
0,50.0,100.0,177.1418293415696,210.90460465629252,194.72326011886474,188.0579762612563,0.9150097012799145,static_preserving,0.0125,500.0,train
1,100.0,150.0,169.22540287052368,167.98402767596428,162.52039964975063,161.72834379535468,0.9439101841621491,static_preserving,0.0125,500.0,train
2,150.0,200.0,167.56414448257448,158.20805794969962,153.91276779544825,156.2667932084003,0.949254069870305,static_preserving,0.0125,500.0,train
3,200.0,250.0,168.79260367818983,155.91708786232908,151.9771111082039,156.00628479457777,0.9542233257006674,static_preserving,0.0125,500.0,train
0,50.0,100.0,159.36750050767412,171.11113299934664,147.95065066229446,138.34269126167055,0.9178244412465195,static_preserving,0.0125,550.0,validation
1,100.0,150.0,161.3852782652782,95.09862409592708,85.14362218557562,84.0133704275977,0.9671109172694378,static_preserving,0.0125,550.0,validation
2,150.0,200.0,160.94318027873626,64.81960499395404,56.8199392976947,57.47366468463858,0.9784131138533559,static_preserving,0.0125,550.0,validation
3,200.0,250.0,158.03371440890083,42.784081913636896,38.35043250414407,38.434820458616414,0.9854533314234494,static_preserving,0.0125,550.0,validation
0,50.0,100.0,152.26765278507625,130.59069257948374,108.17767427936293,81.85513199024278,0.755022946198708,static_preserving,0.0125,600.0,validation
1,100.0,150.0,147.54030289745583,29.73053201401561,24.157999658321813,18.960802988781783,0.7869091180406991,static_preserving,0.0125,600.0,validation
2,150.0,200.0,148.45603258321722,6.461143298865579,5.31349203968378,3.7697735142338358,0.7579840414240939,static_preserving,0.0125,600.0,validation
3,200.0,250.0,148.0954231746657,1.3426835037498392,1.0216920162897054,0.8838248317027257,0.866034949248438,static_preserving,0.0125,600.0,validation
0,50.0,100.0,142.34614511908168,100.42547851028642,78.30010568093833,34.62986416002689,0.32888982767253305,static_preserving,0.0125,650.0,train
1,100.0,150.0,139.5695619564108,7.11409825623366,4.403349151412868,2.523027670323655,0.4635536136008914,static_preserving,0.0125,650.0,train
2,150.0,200.0,139.45904986461198,0.6595999645205382,0.5395226530936554,0.38103331357298614,0.5764953193088598,static_preserving,0.0125,650.0,train
3,200.0,250.0,139.41132355217616,0.41860293852062114,0.29070778788005214,0.1265508382831453,0.2532742362224125,static_preserving,0.0125,650.0,train
0,50.0,100.0,133.72923062437897,73.8819317897889,53.79424276394863,27.388393375109388,0.4502143466441264,static_preserving,0.0125,700.0,validation
1,100.0,150.0,131.70846129930874,1.0865630147728496,0.6954126002982832,0.35396116346768447,0.46175362580000734,static_preserving,0.0125,700.0,validation
2,150.0,200.0,131.53851938152394,0.3800536021586822,0.2557197210854554,0.14407292471598537,0.3884986955838188,static_preserving,0.0125,700.0,validation
3,200.0,250.0,131.52386602930363,0.22923943021740456,0.16246436853151636,0.07785118193344837,0.2623796517447978,static_preserving,0.0125,700.0,validation
0,50.0,100.0,124.79952874671976,6.400801817368844,3.4883457088620986,0.911980302588128,0.08923484133279691,static_preserving,0.0125,750.0,validation
1,100.0,150.0,124.91837226582079,0.39449173358107714,0.34085353775734006,0.020231317765846548,0.005571901641305832,static_preserving,0.0125,750.0,validation
2,150.0,200.0,124.76595324515579,0.4874032310654002,0.4048294720800101,0.20021167056043393,0.2845784588384226,static_preserving,0.0125,750.0,validation
3,200.0,250.0,124.78540769653468,0.4249750520037878,0.24893278303567,0.08007972444995906,0.10097165432903299,static_preserving,0.0125,750.0,validation
0,50.0,100.0,118.81128961460725,2.419143920052676,0.7894104168659055,0.15888869901599048,0.024592124268767668,static_preserving,0.0125,800.0,train
1,100.0,150.0,118.733824553464,0.49557630483373316,0.38331531382958417,0.10239211462165292,0.07600769285391551,static_preserving,0.0125,800.0,train
2,150.0,200.0,118.66819167120916,0.46706227286595947,0.4017498301250413,0.15548281881733594,0.1676152358932529,static_preserving,0.0125,800.0,train
3,200.0,250.0,118.72368132340189,0.43719224772247856,0.3868950263329083,0.08325208816163472,0.04815975647622406,static_preserving,0.0125,800.0,train
0,50.0,100.0,113.13894342437335,0.8252711643571047,0.3906791735174835,0.08646210422374348,0.037112066721625814,static_preserving,0.0125,850.0,validation
1,100.0,150.0,113.02795629020427,0.45298868371128265,0.3873283827247036,0.06223989450583959,0.03585943326620933,static_preserving,0.0125,850.0,validation
2,150.0,200.0,112.97548044316109,0.39328780441614697,0.26440767561226153,0.04093584261595468,0.024250267176152418,static_preserving,0.0125,850.0,validation
3,200.0,250.0,112.92076776811481,0.40496921637148375,0.32763698286670717,0.0991883793316054,0.11151922447061069,static_preserving,0.0125,850.0,validation
0,50.0,100.0,108.08954964522361,0.39146250688739315,0.3273047671881386,0.24346333636478903,0.27754756086619203,static_preserving,0.0125,900.0,train
1,100.0,150.0,108.03297188889478,0.3877349867452864,0.3178749908905729,0.020193677229735196,0.004181275059080836,static_preserving,0.0125,900.0,train
2,150.0,200.0,108.01301098269685,0.3504070261796386,0.2755761566316437,0.07390836446833915,0.06610448690734938,static_preserving,0.0125,900.0,train
3,200.0,250.0,107.96987725908555,0.4433115506164853,0.32958544765573095,0.22173046557972775,0.1621240324126355,static_preserving,0.0125,900.0,train
0,50.0,100.0,103.7466096190759,0.51321964680902,0.38827611922691574,0.07340831773330743,0.0680413572966061,static_preserving,0.0125,950.0,validation
1,100.0,150.0,103.57050377429094,0.40131904443879307,0.3546717331976339,0.08240629610632559,0.0701359179917217,static_preserving,0.0125,950.0,validation
2,150.0,200.0,103.54730312088826,0.4036183444167989,0.3280770824160868,0.0599825393152717,0.04619612857822919,static_preserving,0.0125,950.0,validation
3,200.0,250.0,103.57512262550986,0.4087436285210657,0.3404834376796373,0.048822068399425926,0.0198531511763953,static_preserving,0.0125,950.0,validation
0,50.0,100.0,99.71233273039545,1.0910099203718886,0.9645470780101988,0.12444268936409353,0.015489960247901391,static_preserving,0.0125,1000.0,validation
1,100.0,150.0,99.47472073765097,1.2531124228877957,1.018132559591109,0.20504865575910403,0.03600090250319765,static_preserving,0.0125,1000.0,validation
2,150.0,200.0,99.4738507835678,1.1281666292388337,0.8431609091073256,0.13289397029811703,0.02065534276068426,static_preserving,0.0125,1000.0,validation
3,200.0,250.0,99.45376521274227,1.0267425070534273,0.8796918078620024,0.10717073613072342,0.009250143031083846,static_preserving,0.0125,1000.0,validation
0,50.0,100.0,92.21074490239268,0.8035678720687542,0.6553474559532759,0.11129353596329418,0.015622753220732366,static_preserving,0.0125,1100.0,validation
1,100.0,150.0,92.06593749497657,0.8749886535346434,0.6788478653354275,0.29255894496904655,0.021410512002219106,static_preserving,0.0125,1100.0,validation
2,150.0,200.0,92.11334576252766,0.7454494626450128,0.6442425626094916,0.12925345686979006,0.020822838173627845,static_preserving,0.0125,1100.0,validation
3,200.0,250.0,91.93053999262473,0.7974755824442497,0.6269661232942383,0.27875708284293516,0.07834738552901699,static_preserving,0.0125,1100.0,validation
0,50.0,100.0,86.14242329723848,0.9685977211197354,0.8832394515037691,0.17706619218811784,0.05457194053235048,static_preserving,0.0125,1200.0,train
1,100.0,150.0,86.02479438605513,0.8458652071347217,0.7090520485653258,0.07160424580382113,0.011047239711609591,static_preserving,0.0125,1200.0,train
2,150.0,200.0,85.96891800182031,0.8949342745597306,0.7945233112546788,0.14332558063581574,0.03783089068256473,static_preserving,0.0125,1200.0,train
3,200.0,250.0,85.93417840233658,0.9415757256009982,0.8042332890840385,0.052927656951541203,0.004965084143830789,static_preserving,0.0125,1200.0,train
0,50.0,100.0,91.79462575403171,3.563374431286192,2.9691906461980295,3.065757638169796,0.9258657936832521,static_preserving,0.00625,50.0,validation
1,100.0,150.0,93.05856303626061,0.5032277361671333,0.41017993463786695,1.0707034949950132,0.5787543093483501,static_preserving,0.00625,50.0,validation
2,150.0,200.0,92.9787524510761,0.22929242630229396,0.18991179408133974,0.39944719547921587,0.14653009396657724,static_preserving,0.00625,50.0,validation
3,200.0,250.0,93.24874536889445,0.47274756028161846,0.4261480361253689,0.31318497935813966,0.33265291802636443,static_preserving,0.00625,50.0,validation
0,50.0,100.0,173.28107765455417,6.551117391156538,5.106808720635257,8.811935330975484,0.9873594219596084,static_preserving,0.00625,100.0,train
1,100.0,150.0,173.9475465998035,0.3135804548326462,0.2545138792069963,0.6159786518577431,0.22156236087449366,static_preserving,0.00625,100.0,train
2,150.0,200.0,173.94329386972416,0.23646619966424964,0.20336544398259093,0.26979439441319614,0.059186432100120645,static_preserving,0.00625,100.0,train
3,200.0,250.0,174.02507851200863,0.3968926433419142,0.3483098899378092,0.44304522155636333,0.14268567933687826,static_preserving,0.00625,100.0,train
0,50.0,100.0,241.00382852787973,4.972755917702074,4.6387218663711,3.3081614598096216,0.8104881855154586,static_preserving,0.00625,150.0,validation
1,100.0,150.0,237.38150957188654,0.8189531062902518,0.6376398057899166,0.41134177786501536,0.7046385838154892,static_preserving,0.00625,150.0,validation
2,150.0,200.0,237.27504538594977,0.3067553770739835,0.2586784391952506,0.22487893811544987,0.6740710465094623,static_preserving,0.00625,150.0,validation
3,200.0,250.0,237.39130827546083,0.3171274417093457,0.2686392247699416,0.02457084894951094,0.08096355601374206,static_preserving,0.00625,150.0,validation
0,50.0,100.0,292.5790626336398,17.64366045435304,17.321655022472612,3.573982137730362,0.9217045598145414,static_preserving,0.00625,200.0,validation
1,100.0,150.0,283.8622069279898,0.5142690320257657,0.36034101845223176,0.29435998138089375,0.6774754620066641,static_preserving,0.00625,200.0,validation
2,150.0,200.0,284.0733342490927,0.5817120919878676,0.502870983047103,0.2756984829910092,0.8358396601157784,static_preserving,0.00625,200.0,validation
3,200.0,250.0,284.5177115249784,0.6489144380475409,0.5781315417407313,0.2995733033438019,0.8497384363928121,static_preserving,0.00625,200.0,validation
0,50.0,100.0,322.85230806251406,45.65328410245172,44.205612432944406,18.502202440834917,0.9968714311347588,static_preserving,0.00625,250.0,train
1,100.0,150.0,310.9425759791769,3.729403678189101,3.18177936499211,1.8876860891001166,0.9840747539467565,static_preserving,0.00625,250.0,train
2,150.0,200.0,311.48690562939527,0.4344874662098732,0.35892075810369306,0.3028736191873743,0.5016058728576445,static_preserving,0.00625,250.0,train
3,200.0,250.0,311.5998904740461,0.30547430489212957,0.27665583502323443,0.1764697558642937,0.453372511560983,static_preserving,0.00625,250.0,train
0,50.0,100.0,293.49132230406985,212.1166492412459,193.81923802717418,188.9250637232034,0.8701847928007023,static_preserving,0.00625,300.0,train
1,100.0,150.0,306.06792937678824,48.0145540219205,41.56165244725668,41.23621958998243,0.9571747847977417,static_preserving,0.00625,300.0,train
2,150.0,200.0,307.918315271665,8.909912938938021,7.684713630754345,7.109642304104733,0.9715613858493262,static_preserving,0.00625,300.0,train
3,200.0,250.0,308.18915540078257,1.9194184387595215,1.6250414474371269,1.6327027746617733,0.9856542348354586,static_preserving,0.00625,300.0,train
0,50.0,100.0,178.82917903333185,309.01648510875,284.05557125658436,192.1050732465842,0.579836625428934,static_preserving,0.00625,350.0,train
1,100.0,150.0,218.28948526502165,221.92268767349526,216.74343252358253,218.80865114527595,0.9170249914738867,static_preserving,0.00625,350.0,train
2,150.0,200.0,232.19749659095683,219.77445048209842,211.5138836478905,208.09099553109502,0.9092061322319464,static_preserving,0.00625,350.0,train
3,200.0,250.0,214.6291046460822,220.18661886210054,216.13037004369878,206.873359145511,0.9267890302853319,static_preserving,0.00625,350.0,train
0,50.0,100.0,193.34346239804756,298.0958935686904,278.20582436071425,241.86018787161524,0.8202298183695248,static_preserving,0.00625,400.0,validation
1,100.0,150.0,195.14893581409666,238.38468929340252,236.4781374976447,234.34211486754057,0.9016914908182591,static_preserving,0.00625,400.0,validation
2,150.0,200.0,195.26399398649454,238.1767635457526,233.62945417048604,230.53023003382037,0.9149517800840326,static_preserving,0.00625,400.0,validation
3,200.0,250.0,196.4613738035299,238.62502872690072,230.93196955924054,225.5119182811976,0.9068155870257963,static_preserving,0.00625,400.0,validation
0,50.0,100.0,174.394411428837,268.83731039562747,232.68883084468058,229.0325526589705,0.9085822146026852,static_preserving,0.00625,450.0,validation
1,100.0,150.0,199.15109714944364,219.45899640404946,213.3715988716678,210.90490942194717,0.919817897980711,static_preserving,0.00625,450.0,validation
2,150.0,200.0,170.80745775419325,215.7059837392007,211.78694723173933,210.26841158201955,0.9219315902328067,static_preserving,0.00625,450.0,validation
3,200.0,250.0,197.8774363429297,215.33033644266237,209.5769642271594,207.67738715585548,0.9222799394678898,static_preserving,0.00625,450.0,validation
0,50.0,100.0,177.322405283874,208.00477288972615,195.3458075605078,186.47870453327957,0.916345476292311,static_preserving,0.00625,500.0,train
1,100.0,150.0,169.9436220392636,166.21844488628815,158.78195004273653,159.272387173509,0.9454933994071963,static_preserving,0.00625,500.0,train
2,150.0,200.0,167.8166919785337,154.96204033066522,150.16230117243316,152.395545752385,0.9518647704052888,static_preserving,0.00625,500.0,train
3,200.0,250.0,168.7035299964939,151.08046572148567,148.57605950985442,152.30504130544702,0.9558764903266437,static_preserving,0.00625,500.0,train
0,50.0,100.0,159.73091481429046,168.57149016946806,145.43629923436293,136.37776983450283,0.9155925277361598,static_preserving,0.00625,550.0,validation
1,100.0,150.0,161.55899841626632,93.38571419021793,82.46943998703864,80.74153923412693,0.9660645114941591,static_preserving,0.00625,550.0,validation
2,150.0,200.0,160.63655274081847,61.48592874716098,54.58416973003722,53.516189672860726,0.9767425541962362,static_preserving,0.00625,550.0,validation
3,200.0,250.0,157.9555272163185,38.857211613599105,33.811756811791156,34.39209688241223,0.9830119469391239,static_preserving,0.00625,550.0,validation
0,50.0,100.0,152.47813573049774,130.54502118192232,103.93793401296388,79.69419467630844,0.7384644208740889,static_preserving,0.00625,600.0,validation
1,100.0,150.0,147.5106726952896,28.277758900657574,22.839077262932733,17.62122291661076,0.7728131161339853,static_preserving,0.00625,600.0,validation
2,150.0,200.0,148.43765409454093,5.875900611333407,4.757953482396715,3.5398608069827886,0.7829299004208057,static_preserving,0.00625,600.0,validation
3,200.0,250.0,148.13531568917128,1.3708172957976785,1.0644054441754633,0.9187009186559785,0.8137921610887102,static_preserving,0.00625,600.0,validation
0,50.0,100.0,142.40802856310077,99.53873983641489,79.28417814839082,40.37509013748355,0.09930381641323538,static_preserving,0.00625,650.0,train
1,100.0,150.0,139.61761548751068,6.369159511865178,3.956810431304973,1.6976172268962213,0.03363902037574129,static_preserving,0.00625,650.0,train
2,150.0,200.0,139.43954834767266,0.5838871128711958,0.4044556473538705,0.2762496462961445,0.09909321494015488,static_preserving,0.00625,650.0,train
3,200.0,250.0,139.41702918932418,0.4235504283532521,0.28595363194969536,0.13327576775502684,0.1463286821311819,static_preserving,0.00625,650.0,train
0,50.0,100.0,133.79690293570522,74.16921734599416,54.52687936244263,9.499749771725464,0.05374615337364119,static_preserving,0.00625,700.0,validation
1,100.0,150.0,131.7262098012128,1.1716334623741034,0.824079907400602,0.07527114381529308,0.011016311785398636,static_preserving,0.00625,700.0,validation
2,150.0,200.0,131.50672718011913,0.5880899197998133,0.4930793690880648,0.22625803952717463,0.20592724110242788,static_preserving,0.00625,700.0,validation
3,200.0,250.0,131.56187769791103,0.12788259305847305,0.09769020018865149,0.021960208145732824,0.05019331560177964,static_preserving,0.00625,700.0,validation
0,50.0,100.0,124.84738696902619,6.0543191532014475,3.1166765932314746,1.4033105259726861,0.2745906303241453,static_preserving,0.00625,750.0,validation
1,100.0,150.0,124.9513842879153,0.3992342680614769,0.3282093835567821,0.017641439029540917,0.0046019098497364075,static_preserving,0.00625,750.0,validation
2,150.0,200.0,124.78169663738068,0.6237039885299112,0.49129283773054055,0.2068232217092889,0.23086167026695248,static_preserving,0.00625,750.0,validation
3,200.0,250.0,124.80068288087347,0.4363075050983696,0.3015874135503367,0.05002936305469693,0.03530111260829172,static_preserving,0.00625,750.0,validation
0,50.0,100.0,118.8071073191174,2.224259212724917,0.7687020938722924,0.876205561076678,0.1526802801631102,static_preserving,0.00625,800.0,train
1,100.0,150.0,118.74139538347967,0.5565371271476067,0.4331660797428043,0.12627740495219156,0.043309105433133155,static_preserving,0.00625,800.0,train
2,150.0,200.0,118.64525464439704,0.5246837561131628,0.4256327954317811,0.21332561748878415,0.05247973346565038,static_preserving,0.00625,800.0,train
3,200.0,250.0,118.73160023602283,0.43477209634724545,0.36628758671872674,0.24739175738864266,0.06233372611430166,static_preserving,0.00625,800.0,train
0,50.0,100.0,113.13980098742228,0.6523730233267457,0.46642296109031633,0.057143881490459514,0.021417179392858032,static_preserving,0.00625,850.0,validation
1,100.0,150.0,113.04292181475797,0.5605698362725207,0.3848809949591896,0.09009559645516688,0.0712528505845027,static_preserving,0.00625,850.0,validation
2,150.0,200.0,112.98239501184837,0.4931771212752665,0.31857420698385397,0.12735158781733963,0.18839722273403436,static_preserving,0.00625,850.0,validation
3,200.0,250.0,112.93243822249791,0.40854625984859183,0.35204969129038943,0.08789718012788306,0.09410507296471005,static_preserving,0.00625,850.0,validation
0,50.0,100.0,108.1080878822308,0.45086567833136826,0.3372117325449011,0.06046033173962328,0.04784769059839489,static_preserving,0.00625,900.0,train
1,100.0,150.0,108.06645365211472,0.4423851227496698,0.3059750418022418,0.13733976357229416,0.28375500483590665,static_preserving,0.00625,900.0,train
2,150.0,200.0,108.04279407892203,0.3961232758748139,0.2692143133257332,0.08367555220134,0.09731755843113277,static_preserving,0.00625,900.0,train
3,200.0,250.0,107.98275425038513,0.5611653021895506,0.3555884819634656,0.07194961074009379,0.04839475398119464,static_preserving,0.00625,900.0,train
0,50.0,100.0,103.76883753303888,0.5596440591506138,0.4267945797606103,0.11909885487700361,0.015496945571865539,static_preserving,0.00625,950.0,validation
1,100.0,150.0,103.59765921545068,0.5241567809287915,0.3647640593422068,0.24842739997527521,0.053978142657570394,static_preserving,0.00625,950.0,validation
2,150.0,200.0,103.5770636033131,0.5276926367231312,0.359433593720766,0.08439631987355693,0.04281572841151615,static_preserving,0.00625,950.0,validation
3,200.0,250.0,103.58914684828108,0.4770265991804763,0.3919009544270864,0.1881911051616526,0.031265788885090906,static_preserving,0.00625,950.0,validation
0,50.0,100.0,99.71637168993018,1.0595014218090881,0.9607180009069225,0.12345418328764922,0.016207167641750564,static_preserving,0.00625,1000.0,validation
1,100.0,150.0,99.4701839300838,1.2328319436036566,1.0148557702288485,0.2153347664671042,0.03879569392481752,static_preserving,0.00625,1000.0,validation
2,150.0,200.0,99.4719659396306,1.0990497724027648,0.8501518217754551,0.13631437695772866,0.024226521572187742,static_preserving,0.00625,1000.0,validation
3,200.0,250.0,99.43806356536199,1.0041896026205563,0.8727510981953372,0.09410628000572147,0.0075423645140383355,static_preserving,0.00625,1000.0,validation
0,50.0,100.0,92.18636331851991,0.8224104091080733,0.6817594219065484,0.05449370389238371,0.003984211402804028,static_preserving,0.00625,1100.0,validation
1,100.0,150.0,92.04782960864209,0.8566751646380482,0.7220005687363198,0.24037301476918446,0.021929415953313103,static_preserving,0.00625,1100.0,validation
2,150.0,200.0,92.10347241911491,0.7625040274208033,0.6135141955402617,0.1099362081433449,0.016583473748865152,static_preserving,0.00625,1100.0,validation
3,200.0,250.0,91.92159722670654,0.82798586212445,0.6647640339957093,0.32529562906243664,0.10389002678245984,static_preserving,0.00625,1100.0,validation
0,50.0,100.0,86.14943965837404,0.9640753302641514,0.8786643844900937,0.16381803935338646,0.047809890813841016,static_preserving,0.00625,1200.0,train
1,100.0,150.0,86.0202020009544,0.8256592656488237,0.7061618870610289,0.042158486444434984,0.004022664074399329,static_preserving,0.00625,1200.0,train
2,150.0,200.0,85.97311789244037,0.8965585222831294,0.7969306196735033,0.14312587082932154,0.03692579682958852,static_preserving,0.00625,1200.0,train
3,200.0,250.0,85.9334643489623,0.9311822323036978,0.8011146469203823,0.05161605385310797,0.004746708830281499,static_preserving,0.00625,1200.0,train
0,50.0,100.0,88.34475557139014,1.1084378916040833,0.8685852394956584,0.9356302784999592,0.4107055085784568,dynamic_diagnostic,0.025,50.0,validation
1,100.0,150.0,88.78567488698876,0.4505374490698415,0.39800123666979914,0.8841066087009878,0.5768990517665473,dynamic_diagnostic,0.025,50.0,validation
2,150.0,200.0,88.63380919166946,0.29990727702499953,0.2772762708587493,0.2735450661592307,0.08818362816190217,dynamic_diagnostic,0.025,50.0,validation
3,200.0,250.0,88.93614899996057,0.5288208830799732,0.4610406020184996,0.2456448215467111,0.31925178665506315,dynamic_diagnostic,0.025,50.0,validation
0,50.0,100.0,166.07737510086667,1.120746526024476,0.7861444564606472,2.9005367369119663,0.9323766749895462,dynamic_diagnostic,0.025,100.0,train
1,100.0,150.0,165.96397136848134,0.5667662938666354,0.5070882577364557,0.5011924121445094,0.4078707835417793,dynamic_diagnostic,0.025,100.0,train
2,150.0,200.0,166.03220267765752,0.31012251402040647,0.26468046780308896,0.3335743658754544,0.06694764806252673,dynamic_diagnostic,0.025,100.0,train
3,200.0,250.0,166.13086445520545,0.46865671904768647,0.4052911105281112,0.501985908827092,0.1389769896876396,dynamic_diagnostic,0.025,100.0,train
0,50.0,100.0,228.40173776208806,4.828765411350702,4.480830532420356,1.3191039740259882,0.9701070575717055,dynamic_diagnostic,0.025,150.0,validation
1,100.0,150.0,226.8948620903449,0.6306468344314169,0.5819370630459844,0.25684241907199856,0.6410524193676419,dynamic_diagnostic,0.025,150.0,validation
2,150.0,200.0,227.03114432284022,0.3974587129651468,0.3364860619817307,0.30000562452978213,0.6366285489194524,dynamic_diagnostic,0.025,150.0,validation
3,200.0,250.0,227.12991599105308,0.33687319465920496,0.2857287377233604,0.014545006057177306,0.008993811998187051,dynamic_diagnostic,0.025,150.0,validation
0,50.0,100.0,274.6951652250572,12.231500104152417,10.378207589780573,5.388941635258768,0.9320330976179141,dynamic_diagnostic,0.025,200.0,validation
1,100.0,150.0,272.5478529803268,0.36656847660901803,0.247971784204708,0.1063631485328561,0.1795287145512855,dynamic_diagnostic,0.025,200.0,validation
2,150.0,200.0,272.6752130977374,0.6016798191939756,0.5329344351419536,0.30726197639502595,0.713285824406336,dynamic_diagnostic,0.025,200.0,validation
3,200.0,250.0,272.9502417387239,0.7337926695120132,0.6404384848794962,0.40838578183897295,0.8243405313071304,dynamic_diagnostic,0.025,200.0,validation
0,50.0,100.0,303.6413737817557,23.28455557871132,18.619410668039905,16.786715627548993,0.9700251878295209,dynamic_diagnostic,0.025,250.0,train
1,100.0,150.0,301.96467169901416,0.33333964190262577,0.2981726766890347,0.12730537027685296,0.0625213854931661,dynamic_diagnostic,0.025,250.0,train
2,150.0,200.0,302.00070832429606,0.43675220247678226,0.38257176756479794,0.28994165934564936,0.21904602607839685,dynamic_diagnostic,0.025,250.0,train
3,200.0,250.0,302.12392194964707,0.41476168563985993,0.38088324331226886,0.19637008544932794,0.35522366733548427,dynamic_diagnostic,0.025,250.0,train
0,50.0,100.0,255.82019331998742,256.5302706550217,209.8059916289663,136.673622315751,0.7150402036612595,dynamic_diagnostic,0.025,300.0,train
1,100.0,150.0,268.39430231235053,97.50977198838359,91.09178860693487,89.16542524811432,0.9568501746972852,dynamic_diagnostic,0.025,300.0,train
2,150.0,200.0,269.2805841395502,82.67135579778139,78.52971518181437,79.82882763359618,0.9692434207096208,dynamic_diagnostic,0.025,300.0,train
3,200.0,250.0,270.1176083925206,76.84345433720262,75.0167601439847,75.88169313492864,0.9759710199239173,dynamic_diagnostic,0.025,300.0,train
0,50.0,100.0,204.6647794270738,290.478971614832,289.0598180133632,259.7174144426109,0.8345934215887676,dynamic_diagnostic,0.025,350.0,train
1,100.0,150.0,178.2935697881673,292.629134655719,289.44607144862624,275.64500132807666,0.8208771003629503,dynamic_diagnostic,0.025,350.0,train
2,150.0,200.0,198.23002660116387,296.3099814468686,290.7239484324167,278.2291889264827,0.8354615444503455,dynamic_diagnostic,0.025,350.0,train
3,200.0,250.0,195.5902114048014,296.4561651669408,279.9673319500756,259.9576273732546,0.8464235699276381,dynamic_diagnostic,0.025,350.0,train
0,50.0,100.0,178.48519631172053,296.9816245025031,289.60090415672437,272.26646656220123,0.8372755777063591,dynamic_diagnostic,0.025,400.0,validation
1,100.0,150.0,180.5900340561023,295.6452549748097,288.12286929856964,269.1173641671547,0.8535238795646487,dynamic_diagnostic,0.025,400.0,validation
2,150.0,200.0,181.7621836638097,295.7971501759963,290.3656706329883,277.0753088000507,0.8502445405212496,dynamic_diagnostic,0.025,400.0,validation
3,200.0,250.0,175.90474259888688,295.1412973403734,287.8693222249825,275.212470746097,0.8129454928816865,dynamic_diagnostic,0.025,400.0,validation
0,50.0,100.0,158.4867292272267,280.10617204112503,273.06179523649365,264.5575115035541,0.8405579625083561,dynamic_diagnostic,0.025,450.0,validation
1,100.0,150.0,171.59901348782998,275.7068189492059,269.6883106839534,260.05158824760633,0.8246613943048262,dynamic_diagnostic,0.025,450.0,validation
2,150.0,200.0,157.20952123701204,276.5784780398378,269.09595139862387,251.1493313881892,0.8538680013950576,dynamic_diagnostic,0.025,450.0,validation
3,200.0,250.0,157.38524631442354,275.9997028262023,270.1707780358897,263.0266545782056,0.8376189323794729,dynamic_diagnostic,0.025,450.0,validation
0,50.0,100.0,143.73717154101473,244.3221789933651,237.37954661223839,228.92950988902103,0.8479879112543376,dynamic_diagnostic,0.025,500.0,train
1,100.0,150.0,147.28102773142547,239.5989883720211,233.4406034157984,222.72708251238217,0.8661469698222464,dynamic_diagnostic,0.025,500.0,train
2,150.0,200.0,155.37227978590937,238.54063009642528,233.97596009602998,223.28210130281326,0.8716440224814639,dynamic_diagnostic,0.025,500.0,train
3,200.0,250.0,149.20771855343605,238.34998273227058,234.4428377711706,232.08981694319692,0.8568509864432713,dynamic_diagnostic,0.025,500.0,train
0,50.0,100.0,140.88929420108684,189.62811718221792,182.2555832280091,181.54272422351298,0.8996260824743247,dynamic_diagnostic,0.025,550.0,validation
1,100.0,150.0,139.84439416794595,183.2079769222396,182.280431525675,178.8998077759703,0.8997896254747884,dynamic_diagnostic,0.025,550.0,validation
2,150.0,200.0,139.36374995943933,182.77758880057257,182.3314599378167,178.04543569541144,0.9018742034668307,dynamic_diagnostic,0.025,550.0,validation
3,200.0,250.0,139.14182305432206,181.9497515831885,181.5657066155128,177.41347036383948,0.9025833653295794,dynamic_diagnostic,0.025,550.0,validation
0,50.0,100.0,133.21319770073572,130.80872876135567,114.52955085628058,111.45835844215243,0.907912130484166,dynamic_diagnostic,0.025,600.0,validation
1,100.0,150.0,128.64971043375684,93.33660295713821,85.86788645541198,87.81570028676441,0.9657479678607936,dynamic_diagnostic,0.025,600.0,validation
2,150.0,200.0,129.05083628678062,80.84147151885026,76.52177761038953,79.13081173475358,0.97834060168553,dynamic_diagnostic,0.025,600.0,validation
3,200.0,250.0,130.57927843894444,72.9806975010261,70.1166698440864,72.6970817892644,0.9821491979612789,dynamic_diagnostic,0.025,600.0,validation
0,50.0,100.0,123.23871687471626,84.59152964970721,61.339210802119496,43.8932516698275,0.7317297561127835,dynamic_diagnostic,0.025,650.0,train
1,100.0,150.0,121.71413127053549,11.795189475678981,7.322293352394311,5.2530392676676705,0.6750179902608092,dynamic_diagnostic,0.025,650.0,train
2,150.0,200.0,121.53837931724767,1.2084631770260188,0.7199526872496023,0.3637708781548188,0.35210841267495596,dynamic_diagnostic,0.025,650.0,train
3,200.0,250.0,121.49783892199248,0.4880207150707889,0.3348220977102443,0.04641295917933823,0.023353384374232178,dynamic_diagnostic,0.025,650.0,train
0,50.0,100.0,115.23657865376005,46.17517783890858,25.841472031940157,2.2805602505900002,0.009802224636149659,dynamic_diagnostic,0.025,700.0,validation
1,100.0,150.0,114.46533020458568,0.7842619030505773,0.45633485940943785,0.023659881611385505,0.0033936179567999325,dynamic_diagnostic,0.025,700.0,validation
2,150.0,200.0,114.32098445992798,0.3726719225521009,0.3208516148447842,0.04103750663891481,0.019430253857109503,dynamic_diagnostic,0.025,700.0,validation
3,200.0,250.0,114.31011106072975,0.3050417881738383,0.21639737256798242,0.02180485255120823,0.009989027171955267,dynamic_diagnostic,0.025,700.0,validation
0,50.0,100.0,108.39860334770192,1.2214777309067557,0.8097515328985736,0.0699799466623347,0.008536684485117907,dynamic_diagnostic,0.025,750.0,validation
1,100.0,150.0,108.32188561500334,0.5157478813225822,0.4684623936863801,0.02458742771032772,0.0026561827091602375,dynamic_diagnostic,0.025,750.0,validation
2,150.0,200.0,108.17616132942437,0.8246023592677432,0.5846366570611963,0.16386355302896244,0.07281728454837044,dynamic_diagnostic,0.025,750.0,validation
3,200.0,250.0,108.20480504449212,0.5024924495099157,0.4423718619532053,0.05982137040834621,0.019478997334349768,dynamic_diagnostic,0.025,750.0,validation
0,50.0,100.0,102.92026975907397,1.041344374229567,0.8436893585576257,0.30725016435343444,0.006838200289391638,dynamic_diagnostic,0.025,800.0,train
1,100.0,150.0,102.77292394301035,0.833675442949044,0.7118289982069115,0.33395635321082506,0.0063888149692127305,dynamic_diagnostic,0.025,800.0,train
2,150.0,200.0,102.72360580539727,0.8503276556064208,0.7384393845563437,0.5733153739903677,0.02749627846079561,dynamic_diagnostic,0.025,800.0,train
3,200.0,250.0,102.77605447838994,0.8905542633440575,0.7262840194502331,0.5946872723827727,0.020708462939505345,dynamic_diagnostic,0.025,800.0,train
0,50.0,100.0,97.78597341400076,0.5984610833594388,0.533373682349648,0.010085820170431739,0.0005117391002069649,dynamic_diagnostic,0.025,850.0,validation
1,100.0,150.0,97.68910747041444,0.7592175637647216,0.6316241043559643,0.03615598655874553,0.0044483498386787,dynamic_diagnostic,0.025,850.0,validation
2,150.0,200.0,97.63514845105308,0.6203213634332343,0.4887260162624756,0.08214540262997258,0.030912465834231573,dynamic_diagnostic,0.025,850.0,validation
3,200.0,250.0,97.59397316062419,0.591752975859066,0.5382483305029808,0.011852178517058106,0.0006126993485019439,dynamic_diagnostic,0.025,850.0,validation
0,50.0,100.0,93.30905883259287,0.6061216844060766,0.4793268230653638,0.09431445786245263,0.05105409640783054,dynamic_diagnostic,0.025,900.0,train
1,100.0,150.0,93.24888001464197,0.5707063755736215,0.4800988794196712,0.02698873939216012,0.0035502002258701593,dynamic_diagnostic,0.025,900.0,train
2,150.0,200.0,93.23974752893268,0.556854869241576,0.5290736600605328,0.05621575826885659,0.01335428234110514,dynamic_diagnostic,0.025,900.0,train
3,200.0,250.0,93.18883112104922,0.6555136001526733,0.5764649514680542,0.07403759691322034,0.020698664264488853,dynamic_diagnostic,0.025,900.0,train
0,50.0,100.0,89.19176141388876,0.6897240911682445,0.5716315888326164,0.0687767810780946,0.019567189919733274,dynamic_diagnostic,0.025,950.0,validation
1,100.0,150.0,89.0300326071854,0.7271637497229477,0.6235077666019322,0.05860026678597628,0.010593920944013346,dynamic_diagnostic,0.025,950.0,validation
2,150.0,200.0,89.01979456959485,0.6523183617318722,0.5375443400205739,0.03995405173706297,0.0060650960178956215,dynamic_diagnostic,0.025,950.0,validation
3,200.0,250.0,89.03857989188072,0.6911407291255927,0.6171819156943741,0.028630313059308018,0.0022096671985160077,dynamic_diagnostic,0.025,950.0,validation
0,50.0,100.0,85.9023627653042,1.6421234666011202,1.5628583390856505,0.053576471045534126,0.0005890501037856266,dynamic_diagnostic,0.025,1000.0,validation
1,100.0,150.0,85.66537914053308,1.4435302281248,1.3556735828602768,0.20548515119638142,0.016559002972354908,dynamic_diagnostic,0.025,1000.0,validation
2,150.0,200.0,85.68892773698248,1.3868807134228973,1.2551550680382206,0.14191754550548272,0.008996605788068268,dynamic_diagnostic,0.025,1000.0,validation
3,200.0,250.0,85.64691943557132,1.4331531773597277,1.3171139025127019,0.07935196235826217,0.0011981575753001739,dynamic_diagnostic,0.025,1000.0,validation
0,50.0,100.0,79.19357411264886,1.1144492809936395,0.958856932596504,0.06594752032227563,0.0007316563344822447,dynamic_diagnostic,0.025,1100.0,validation
1,100.0,150.0,79.07695766889584,1.1118142746308024,1.0259806739783528,0.3817859018483441,0.00873703923773328,dynamic_diagnostic,0.025,1100.0,validation
2,150.0,200.0,79.11850298571083,1.2774733946769743,0.9509621385610103,0.11656066756522031,0.005192491350564099,dynamic_diagnostic,0.025,1100.0,validation
3,200.0,250.0,78.956372327199,1.1285782328643563,0.959487663685465,0.27306295536349484,0.027368328714832524,dynamic_diagnostic,0.025,1100.0,validation
0,50.0,100.0,73.836584720061,1.1310856466660937,1.041383855993999,0.16550833098806655,0.027556134954739187,dynamic_diagnostic,0.025,1200.0,train
1,100.0,150.0,73.74694105479377,1.0115385303983828,0.924662547435048,0.06243318173390599,0.004728676868664405,dynamic_diagnostic,0.025,1200.0,train
2,150.0,200.0,73.68236122232243,0.9683212967696875,0.9021710727393639,0.11521573160737415,0.014682204838336266,dynamic_diagnostic,0.025,1200.0,train
3,200.0,250.0,73.66832182340686,1.2320668933778762,1.0977019716984984,0.04875916361415615,0.0023737707883434433,dynamic_diagnostic,0.025,1200.0,train
0,50.0,100.0,88.34975222823239,1.1175648568638081,0.878069457929044,0.9449432556585091,0.41220099899340734,dynamic_diagnostic,0.0125,50.0,validation
1,100.0,150.0,88.79905493933839,0.44921872065384605,0.39692291303332183,0.8849390827341226,0.5776120287511599,dynamic_diagnostic,0.0125,50.0,validation
2,150.0,200.0,88.64694575913423,0.29927397571161407,0.27689219350789074,0.2743189557863809,0.08811801482150239,dynamic_diagnostic,0.0125,50.0,validation
3,200.0,250.0,88.94985389395138,0.5301172888638916,0.462652909523527,0.24531303497217133,0.31668474019395076,dynamic_diagnostic,0.0125,50.0,validation
0,50.0,100.0,166.07649146248153,1.1194352305001871,0.788342390512355,2.811204273625248,0.9329120256805832,dynamic_diagnostic,0.0125,100.0,train
1,100.0,150.0,165.97940628947782,0.5722052484342157,0.5119341165598712,0.47212573728936386,0.41471960374658046,dynamic_diagnostic,0.0125,100.0,train
2,150.0,200.0,166.05364276322035,0.3054435636239248,0.2641462775676189,0.31985209626979066,0.06407719506704457,dynamic_diagnostic,0.0125,100.0,train
3,200.0,250.0,166.14948703087052,0.4702809538993904,0.4048813605986936,0.49462266583047787,0.14596225631623383,dynamic_diagnostic,0.0125,100.0,train
0,50.0,100.0,228.3995109300697,4.825084826796626,4.479953594207927,1.3187159597507558,0.9715670946201376,dynamic_diagnostic,0.0125,150.0,validation
1,100.0,150.0,226.89469251895952,0.641167400863111,0.59557039878041,0.24257927056738168,0.600194192830346,dynamic_diagnostic,0.0125,150.0,validation
2,150.0,200.0,227.04900485150722,0.3845692239679863,0.32757620370404084,0.2910772358734474,0.6221186327042298,dynamic_diagnostic,0.0125,150.0,validation
3,200.0,250.0,227.1448853989502,0.3455883330698555,0.2945346049227169,0.010941438907591682,0.006969847654694106,dynamic_diagnostic,0.0125,150.0,validation
0,50.0,100.0,274.6951664144065,12.201548796860266,10.352361526746563,5.333333421620218,0.9274392665495201,dynamic_diagnostic,0.0125,200.0,validation
1,100.0,150.0,272.5608891131973,0.37580719238320626,0.2598495018442577,0.10334404417797262,0.18742502913187908,dynamic_diagnostic,0.0125,200.0,validation
2,150.0,200.0,272.6777403325239,0.5838580481732834,0.5174669834458427,0.30437491976148207,0.7197799764667869,dynamic_diagnostic,0.0125,200.0,validation
3,200.0,250.0,272.9446764525478,0.7169245491373317,0.628346178104664,0.39289231935578045,0.8146138877006233,dynamic_diagnostic,0.0125,200.0,validation
0,50.0,100.0,303.64046004229,23.237646725858497,18.582652479600313,16.742104769809647,0.9700050075266515,dynamic_diagnostic,0.0125,250.0,train
1,100.0,150.0,301.9716221979658,0.36394663514903414,0.3041720213080339,0.16789713085340083,0.11839703240573762,dynamic_diagnostic,0.0125,250.0,train
2,150.0,200.0,301.9993254983449,0.4337123656184758,0.38582469346948756,0.3001443159615812,0.2316256028878576,dynamic_diagnostic,0.0125,250.0,train
3,200.0,250.0,302.12038023847754,0.41434295617511907,0.380816192379541,0.19681873738213418,0.3555541514571606,dynamic_diagnostic,0.0125,250.0,train
0,50.0,100.0,261.6808172565186,256.218692819266,210.74641474619648,113.84938938637814,0.5571052929976053,dynamic_diagnostic,0.0125,300.0,train
1,100.0,150.0,275.27281352829215,57.39994409827145,53.648015937444995,51.801170669229876,0.9679448043449052,dynamic_diagnostic,0.0125,300.0,train
2,150.0,200.0,276.7121789916755,42.385912319254516,37.98523681938008,38.563451094362044,0.9850220652245553,dynamic_diagnostic,0.0125,300.0,train
3,200.0,250.0,277.8630234806776,30.755312478601297,28.95199048223276,29.342085691401294,0.9938340830638502,dynamic_diagnostic,0.0125,300.0,train
0,50.0,100.0,205.26812962950447,293.8246704453811,283.49396154923113,256.758898330239,0.8388266571178427,dynamic_diagnostic,0.0125,350.0,train
1,100.0,150.0,177.65923525939658,294.80222532784455,286.1162413273972,272.3309522493397,0.8228116248863603,dynamic_diagnostic,0.0125,350.0,train
2,150.0,200.0,195.9953121408376,292.5951473009363,288.2596602894462,276.8202556069591,0.8278473661936081,dynamic_diagnostic,0.0125,350.0,train
3,200.0,250.0,201.07411467154856,294.7115101734438,281.63996377608896,259.6034350840561,0.8423862663926907,dynamic_diagnostic,0.0125,350.0,train
0,50.0,100.0,180.31108919880245,291.3671909331705,285.39265864739957,269.98403009421634,0.8173341770510759,dynamic_diagnostic,0.0125,400.0,validation
1,100.0,150.0,183.50779787516242,292.88304941093924,285.3175566222581,270.0337700148788,0.841906541469836,dynamic_diagnostic,0.0125,400.0,validation
2,150.0,200.0,182.67494887575856,293.6295273698395,287.65829196582,274.17477613584157,0.8273521649251727,dynamic_diagnostic,0.0125,400.0,validation
3,200.0,250.0,170.3879243699925,292.22527721428503,287.38014259396795,275.7575590555023,0.8155313970140214,dynamic_diagnostic,0.0125,400.0,validation
0,50.0,100.0,158.44085792120657,276.37835403889363,268.99654208047144,262.3276826353923,0.833630343574475,dynamic_diagnostic,0.0125,450.0,validation
1,100.0,150.0,169.51614734744533,272.67772200969506,267.2794619387802,260.14001548221216,0.8359636080608759,dynamic_diagnostic,0.0125,450.0,validation
2,150.0,200.0,164.33421579686402,272.4689711006391,265.2985657929383,248.11331232337778,0.8574906197683622,dynamic_diagnostic,0.0125,450.0,validation
3,200.0,250.0,155.11355912811533,271.918394395267,267.746582892068,258.0319230718946,0.8309990016733617,dynamic_diagnostic,0.0125,450.0,validation
0,50.0,100.0,143.10806072517627,236.37811645859557,232.5249652426176,224.1098694271934,0.856425896100528,dynamic_diagnostic,0.0125,500.0,train
1,100.0,150.0,150.33799789878012,234.65204783554938,228.51767765707967,218.14803308594097,0.8685768451398603,dynamic_diagnostic,0.0125,500.0,train
2,150.0,200.0,158.18834878374415,234.17460202808118,229.9388585025702,222.27250769081664,0.8692402814216411,dynamic_diagnostic,0.0125,500.0,train
3,200.0,250.0,142.44577156838557,233.25442883312616,227.8751934891688,221.56478878559875,0.8697222915992691,dynamic_diagnostic,0.0125,500.0,train
0,50.0,100.0,140.2051236054843,187.08450982376985,178.94040432037457,176.14800113538493,0.8989709375820237,dynamic_diagnostic,0.0125,550.0,validation
1,100.0,150.0,139.57511313840124,176.49208483095748,173.75067089823577,171.80176495388386,0.9107277815031095,dynamic_diagnostic,0.0125,550.0,validation
2,150.0,200.0,139.43619591807249,172.19422910370344,168.48065055844216,169.85192772609486,0.9211765707374963,dynamic_diagnostic,0.0125,550.0,validation
3,200.0,250.0,138.90385039771215,174.74183535164678,173.88983862098183,169.4895354339727,0.9171091963196435,dynamic_diagnostic,0.0125,550.0,validation
0,50.0,100.0,132.8927173038171,131.46371208149583,106.08921093451728,102.40988561593834,0.8982078460325124,dynamic_diagnostic,0.0125,600.0,validation
1,100.0,150.0,129.93841519174796,78.82084372363556,71.15220835768258,71.64422122533493,0.9733990191137527,dynamic_diagnostic,0.0125,600.0,validation
2,150.0,200.0,128.98862923380156,59.84788764974073,54.24661573939507,55.95361814650652,0.982886275601072,dynamic_diagnostic,0.0125,600.0,validation
3,200.0,250.0,129.5524310559827,48.301394710754124,43.2444885140967,44.61459070083456,0.986334245570406,dynamic_diagnostic,0.0125,600.0,validation
0,50.0,100.0,123.1299995098577,81.4301668240373,55.61344621558531,35.77997501346387,0.60046665639911,dynamic_diagnostic,0.0125,650.0,train
1,100.0,150.0,121.62673722899464,6.648649760008482,4.606942986649912,3.080840614813858,0.6425942979562276,dynamic_diagnostic,0.0125,650.0,train
2,150.0,200.0,121.54275207472293,0.9218687906344343,0.6269813763803285,0.35428509144312625,0.41536532888175126,dynamic_diagnostic,0.0125,650.0,train
3,200.0,250.0,121.48286775259143,0.5307488425460605,0.4357731609618014,0.13451699998167,0.13147607982017528,dynamic_diagnostic,0.0125,650.0,train
0,50.0,100.0,114.95033218680445,45.79465753856219,20.802742940157913,11.379315154811454,0.3448228982723479,dynamic_diagnostic,0.0125,700.0,validation
1,100.0,150.0,114.46627793126638,0.7089067825088051,0.4792572846563843,0.12653749147450077,0.09884602472934034,dynamic_diagnostic,0.0125,700.0,validation
2,150.0,200.0,114.32045834377743,0.4753111692453018,0.35958234399663525,0.09840285059685557,0.08476236145793425,dynamic_diagnostic,0.0125,700.0,validation
3,200.0,250.0,114.30945063007704,0.36161534099312576,0.25817687452882865,0.10132821814762456,0.17662540961355044,dynamic_diagnostic,0.0125,700.0,validation
0,50.0,100.0,108.43366534199932,0.7936638001270637,0.5376989601817144,0.05609441255000371,0.009705152301631381,dynamic_diagnostic,0.0125,750.0,validation
1,100.0,150.0,108.35320592688088,0.5368627194004034,0.46308912004883496,0.02110099252000217,0.0019393989940057477,dynamic_diagnostic,0.0125,750.0,validation
2,150.0,200.0,108.21660402677372,0.7757268162597768,0.5743934330566418,0.16263920337584417,0.07592223847092627,dynamic_diagnostic,0.0125,750.0,validation
3,200.0,250.0,108.25060360680347,0.48271116531756775,0.43959338921732183,0.06038583725373693,0.019952300324940997,dynamic_diagnostic,0.0125,750.0,validation
0,50.0,100.0,102.95012885387467,1.0427525786879102,0.8336937712566908,0.16549738995934804,0.007405665959765773,dynamic_diagnostic,0.0125,800.0,train
1,100.0,150.0,102.8189875788693,0.8452166639460046,0.7013338338003337,0.13216269788272567,0.0036119947837085498,dynamic_diagnostic,0.0125,800.0,train
2,150.0,200.0,102.76872052485334,0.8638429948049975,0.7313296070154394,0.24765224608343578,0.024088687941187348,dynamic_diagnostic,0.0125,800.0,train
3,200.0,250.0,102.81751086115061,0.8859943645015704,0.7554206380274167,0.29748091831993934,0.0205064271134342,dynamic_diagnostic,0.0125,800.0,train
0,50.0,100.0,97.83762724362528,0.6264797604642212,0.517562366449468,0.00987429322557949,0.0004905330594190405,dynamic_diagnostic,0.0125,850.0,validation
1,100.0,150.0,97.73695153176615,0.7673386392261392,0.6212478435427755,0.012656042929915793,0.0005433027433507931,dynamic_diagnostic,0.0125,850.0,validation
2,150.0,200.0,97.68782764842125,0.6284797322056903,0.4814277536915199,0.0779102245138302,0.02767232320389501,dynamic_diagnostic,0.0125,850.0,validation
3,200.0,250.0,97.64508012279646,0.5946007304712992,0.5381853325121995,0.03219807617419961,0.004513387534639146,dynamic_diagnostic,0.0125,850.0,validation
0,50.0,100.0,93.30400614387054,0.581236741719664,0.4748060287553102,0.08685404924691678,0.04388277642050098,dynamic_diagnostic,0.0125,900.0,train
1,100.0,150.0,93.2443514166259,0.5555964784408047,0.47564409078195524,0.0227677572079577,0.0025513651046961128,dynamic_diagnostic,0.0125,900.0,train
2,150.0,200.0,93.23430394353603,0.5650277688684611,0.5287809281517895,0.0540280296337293,0.012527361986301,dynamic_diagnostic,0.0125,900.0,train
3,200.0,250.0,93.18133328824594,0.6568697763961495,0.5737364240075067,0.07837399664278535,0.022935935023615794,dynamic_diagnostic,0.0125,900.0,train
0,50.0,100.0,89.45500890308733,0.7104658352117639,0.577186013587891,0.06496138431910015,0.017268812578458692,dynamic_diagnostic,0.0125,950.0,validation
1,100.0,150.0,89.29351315764058,0.7091781824176309,0.6210722189304079,0.06622414924274085,0.013562801672061586,dynamic_diagnostic,0.0125,950.0,validation
2,150.0,200.0,89.28601974279576,0.6518117138394786,0.5214470667729074,0.04150109721521197,0.006641863399702408,dynamic_diagnostic,0.0125,950.0,validation
3,200.0,250.0,89.30063409956412,0.6859178082665807,0.6122781948298126,0.032399951442249976,0.0028357949874805444,dynamic_diagnostic,0.0125,950.0,validation
0,50.0,100.0,85.9171500833523,1.5873829665128198,1.5191675516830117,0.04926774188709362,0.0005027928150838079,dynamic_diagnostic,0.0125,1000.0,validation
1,100.0,150.0,85.68013475604064,1.4052106565797544,1.354961299692917,0.2040076164348643,0.016809621415448395,dynamic_diagnostic,0.0125,1000.0,validation
2,150.0,200.0,85.70268805891664,1.341216112922936,1.236889485540729,0.1437700384980666,0.009442450747051634,dynamic_diagnostic,0.0125,1000.0,validation
3,200.0,250.0,85.66109070311468,1.3895226259255367,1.2698197168202654,0.07755840527088574,0.0011564408940942794,dynamic_diagnostic,0.0125,1000.0,validation
0,50.0,100.0,79.21040423633406,1.1075947752180326,0.9586253179279964,0.06429087626517842,0.0005253354296761437,dynamic_diagnostic,0.0125,1100.0,validation
1,100.0,150.0,79.09574296672947,1.0860651305951592,1.021102052780023,0.33117936826734073,0.007604608117568912,dynamic_diagnostic,0.0125,1100.0,validation
2,150.0,200.0,79.13511900618576,1.2820779671457387,0.9472393977975173,0.11522726401744404,0.005761555257431938,dynamic_diagnostic,0.0125,1100.0,validation
3,200.0,250.0,78.97398326308594,1.1324753456863874,0.9642394150192501,0.26064113036000275,0.02675302450566064,dynamic_diagnostic,0.0125,1100.0,validation
0,50.0,100.0,73.83425462584155,1.125482930549552,1.0360392967445335,0.24239752303035117,0.017592114697287498,dynamic_diagnostic,0.0125,1200.0,train
1,100.0,150.0,73.74346178092095,1.0039175906642868,0.9118966574074818,0.15542095833288078,0.014087641537232853,dynamic_diagnostic,0.0125,1200.0,train
2,150.0,200.0,73.68040830413575,0.9577489958965231,0.8972414643280615,0.23177084002315937,0.014453277332844294,dynamic_diagnostic,0.0125,1200.0,train
3,200.0,250.0,73.66610171855262,1.2136713571570823,1.0862713948639424,0.09281286020753632,0.002395201908757416,dynamic_diagnostic,0.0125,1200.0,train
0,50.0,100.0,88.36174289403522,1.1431576037144708,0.9021046596949418,0.9179577092541771,0.3946010666846246,dynamic_diagnostic,0.00625,50.0,validation
1,100.0,150.0,88.82815869599881,0.4489505118170314,0.39696911698983683,0.8807847884805627,0.577681762888505,dynamic_diagnostic,0.00625,50.0,validation
2,150.0,200.0,88.67665077781406,0.29902065342322715,0.27696484015559975,0.27315637317489255,0.08803463816684332,dynamic_diagnostic,0.00625,50.0,validation
3,200.0,250.0,88.9796174723259,0.530467467195848,0.46321393677889944,0.24475378851084578,0.31685563606183964,dynamic_diagnostic,0.00625,50.0,validation
0,50.0,100.0,166.08193396292285,1.1170063464051339,0.7840992839844034,2.7882810349403155,0.931359565964968,dynamic_diagnostic,0.00625,100.0,train
1,100.0,150.0,166.01369594727873,0.5872107196681782,0.5325051733212263,0.48504622609441905,0.4197647410151706,dynamic_diagnostic,0.00625,100.0,train
2,150.0,200.0,166.10235078334054,0.3022398195066387,0.26288191954026274,0.31748982036669726,0.06386371848182759,dynamic_diagnostic,0.00625,100.0,train
3,200.0,250.0,166.19868529891096,0.4698488202247688,0.4034068882891688,0.48982828968726416,0.14658077886899445,dynamic_diagnostic,0.00625,100.0,train
0,50.0,100.0,228.40090478341986,4.806741501912683,4.4636733276315965,1.3213570350764499,0.9702200102038987,dynamic_diagnostic,0.00625,150.0,validation
1,100.0,150.0,226.87954608587435,0.6750824498529084,0.6058698653705221,0.22985637314230548,0.5400714980959522,dynamic_diagnostic,0.00625,150.0,validation
2,150.0,200.0,227.08492558986123,0.39479145361841006,0.33349832387409606,0.28277826528871336,0.6240517864821158,dynamic_diagnostic,0.00625,150.0,validation
3,200.0,250.0,227.2070539376014,0.3494775361414497,0.2950434891433247,0.008766081447743402,0.0037987452949934664,dynamic_diagnostic,0.00625,150.0,validation
0,50.0,100.0,274.7049904489619,12.154788971141215,10.309222661607066,5.3216974004226145,0.9271470207384367,dynamic_diagnostic,0.00625,200.0,validation
1,100.0,150.0,272.54572986591364,0.39383762253265786,0.28364505329244594,0.07859474377101273,0.1143647131666744,dynamic_diagnostic,0.00625,200.0,validation
2,150.0,200.0,272.7096049735884,0.5779273845993771,0.5127430949910377,0.29593968122553804,0.7016222807533488,dynamic_diagnostic,0.00625,200.0,validation
3,200.0,250.0,272.9890938310723,0.68151940661852,0.599016175444774,0.3696230216535327,0.7878736182663125,dynamic_diagnostic,0.00625,200.0,validation
0,50.0,100.0,303.6529102597967,23.200244807484864,18.5473173600804,16.222261740004306,0.9666578315962936,dynamic_diagnostic,0.00625,250.0,train
1,100.0,150.0,301.9892246437779,0.3551846470041369,0.3071970216362274,0.12422185889836654,0.0453723198821786,dynamic_diagnostic,0.00625,250.0,train
2,150.0,200.0,302.05482755479215,0.41147982288822504,0.36570215395988726,0.24665905394288765,0.18749635134605536,dynamic_diagnostic,0.00625,250.0,train
3,200.0,250.0,302.15320153481605,0.40242202722004095,0.36952388673586256,0.1919282580375251,0.35726866471353624,dynamic_diagnostic,0.00625,250.0,train
0,50.0,100.0,264.258400657684,255.63356073796535,210.7767863727176,103.48433592317862,0.47867484840533325,dynamic_diagnostic,0.00625,300.0,train
1,100.0,150.0,279.414414147303,38.23450323244538,36.20238656426369,34.023303757778535,0.9635177549526879,dynamic_diagnostic,0.00625,300.0,train
2,150.0,200.0,281.0209435308505,24.52248450560063,22.680322345271634,21.279925833601325,0.9768413179496561,dynamic_diagnostic,0.00625,300.0,train
3,200.0,250.0,281.73808025710935,14.265745837917962,13.276107423313988,12.944180938193556,0.9908660828110414,dynamic_diagnostic,0.00625,300.0,train
0,50.0,100.0,205.4521664109247,293.7803229591368,280.26802222489425,254.72673800717334,0.8369052908531398,dynamic_diagnostic,0.00625,350.0,train
1,100.0,150.0,178.1698680401525,293.33435382922914,284.68890884011506,270.4873046384885,0.816911370803767,dynamic_diagnostic,0.00625,350.0,train
2,150.0,200.0,194.55021870686417,293.92229497615125,287.9065730737834,275.11455719708704,0.8334623007794364,dynamic_diagnostic,0.00625,350.0,train
3,200.0,250.0,204.01851881066318,291.5478397306597,282.96836072218696,259.0907560429661,0.836391253481286,dynamic_diagnostic,0.00625,350.0,train
0,50.0,100.0,181.8131618608288,290.5919710544076,285.74998316575005,267.7297493672591,0.824496278316569,dynamic_diagnostic,0.00625,400.0,validation
1,100.0,150.0,183.589647210674,292.35074256915715,286.51481026535447,270.4572756248269,0.8515149281160033,dynamic_diagnostic,0.00625,400.0,validation
2,150.0,200.0,181.26728854048463,290.1315893711399,285.4190926687973,273.01649405611033,0.8106838825223014,dynamic_diagnostic,0.00625,400.0,validation
3,200.0,250.0,168.90296931760125,291.863293855183,286.9692586697136,276.24199128593955,0.8259388879043233,dynamic_diagnostic,0.00625,400.0,validation
0,50.0,100.0,158.3270489962862,274.16797088243794,267.66556348903435,260.44146385509487,0.8414093172615928,dynamic_diagnostic,0.00625,450.0,validation
1,100.0,150.0,168.32153479629926,271.215530214761,265.47682070068663,258.98771397117997,0.8390056765387897,dynamic_diagnostic,0.00625,450.0,validation
2,150.0,200.0,168.6851895941219,270.97379853470426,264.77707482533367,246.98508857075984,0.8554918784513666,dynamic_diagnostic,0.00625,450.0,validation
3,200.0,250.0,154.42424551851155,270.78455853803666,264.05912461743594,252.1028262676342,0.8325675770320171,dynamic_diagnostic,0.00625,450.0,validation
0,50.0,100.0,143.1834388823578,236.53910224954345,230.42215015342484,222.13657002443898,0.8584922104181866,dynamic_diagnostic,0.00625,500.0,train
1,100.0,150.0,151.9906673135353,232.31295911128146,226.65037931290578,215.82136750576342,0.8705664592041886,dynamic_diagnostic,0.00625,500.0,train
2,150.0,200.0,155.99885667836523,231.22284152582995,225.2674269140834,222.17054584567816,0.8687166119389992,dynamic_diagnostic,0.00625,500.0,train
3,200.0,250.0,143.29147720840902,230.66058281460255,225.98998555457098,218.42498793492905,0.8751119081879891,dynamic_diagnostic,0.00625,500.0,train
0,50.0,100.0,140.51433739323255,178.76626663910574,171.3792581601739,171.47498241018286,0.9101407284177464,dynamic_diagnostic,0.00625,550.0,validation
1,100.0,150.0,139.35517221765235,171.93710785776182,170.23037946203945,167.20849805533254,0.9227626200079183,dynamic_diagnostic,0.00625,550.0,validation
2,150.0,200.0,139.33021250898912,171.43183061954494,166.50315581591812,166.1108903194791,0.917845863327121,dynamic_diagnostic,0.00625,550.0,validation
3,200.0,250.0,139.18309157876712,170.47056827874758,169.1348019907453,165.8716971928237,0.9198418135416019,dynamic_diagnostic,0.00625,550.0,validation
0,50.0,100.0,132.69477038273843,126.43829099420137,103.38996132646785,97.76921460838047,0.897372491639819,dynamic_diagnostic,0.00625,600.0,validation
1,100.0,150.0,130.2993629581734,72.57037212847591,63.79857345529602,63.25504678547052,0.9754135113157741,dynamic_diagnostic,0.00625,600.0,validation
2,150.0,200.0,129.19032621250065,48.655091907122355,45.04900085422605,44.66882562272353,0.981859075819773,dynamic_diagnostic,0.00625,600.0,validation
3,200.0,250.0,129.3843254176303,34.91073224267316,31.494864730035886,31.61948288252208,0.981157923418477,dynamic_diagnostic,0.00625,600.0,validation
0,50.0,100.0,122.95262035962874,79.10205920878725,50.57934470714535,35.67915019209282,0.6769030818855087,dynamic_diagnostic,0.00625,650.0,train
1,100.0,150.0,121.60103018760451,5.650198058648854,3.4899398680939413,2.199015735691175,0.46526149419576324,dynamic_diagnostic,0.00625,650.0,train
2,150.0,200.0,121.55296085659637,0.9632859896050405,0.627545497454534,0.49839568495664466,0.6407835122878007,dynamic_diagnostic,0.00625,650.0,train
3,200.0,250.0,121.49632732553587,0.642410934544472,0.5394088442454148,0.3617989284483568,0.5760878716298892,dynamic_diagnostic,0.00625,650.0,train
0,50.0,100.0,114.81058486743663,42.9748060780352,18.99835500619818,9.861128018104324,0.31603615472087654,dynamic_diagnostic,0.00625,700.0,validation
1,100.0,150.0,114.4834016902203,0.6533776599676031,0.3915814376063764,0.15474804703784031,0.21613212987860275,dynamic_diagnostic,0.00625,700.0,validation
2,150.0,200.0,114.34810823845193,0.5232225806908559,0.34584591261675257,0.14202207129258482,0.17050102468620987,dynamic_diagnostic,0.00625,700.0,validation
3,200.0,250.0,114.32433186296734,0.46003759492197105,0.36857542736488824,0.1771799170766457,0.29201618391472906,dynamic_diagnostic,0.00625,700.0,validation
0,50.0,100.0,108.3995892244284,0.895513372782446,0.5967190167474001,0.012412443960995426,0.00039450706856525297,dynamic_diagnostic,0.00625,750.0,validation
1,100.0,150.0,108.33373755362884,0.6602283414764258,0.5400843411778453,0.022357938526662808,0.002343139739637845,dynamic_diagnostic,0.00625,750.0,validation
2,150.0,200.0,108.18351063605336,0.7380492859835073,0.6582130859973461,0.15900655599639862,0.07046944677383404,dynamic_diagnostic,0.00625,750.0,validation
3,200.0,250.0,108.2194367068029,0.4801363105463423,0.3690109932713881,0.029180522627649516,0.006436831393953124,dynamic_diagnostic,0.00625,750.0,validation
0,50.0,100.0,102.94860699616181,1.0550609127890027,0.8066329458198567,0.0595348962069398,0.006479963346845863,dynamic_diagnostic,0.00625,800.0,train
1,100.0,150.0,102.81732089463804,0.8122105862242535,0.7097351608641276,0.08040006459382057,0.013889019017665372,dynamic_diagnostic,0.00625,800.0,train
2,150.0,200.0,102.77325644718832,0.8692596801178922,0.7808633845233857,0.1266521932598845,0.033512352153537206,dynamic_diagnostic,0.00625,800.0,train
3,200.0,250.0,102.82286499747067,0.9088750424297274,0.7549613685726797,0.05261442407795028,0.00566892743606684,dynamic_diagnostic,0.00625,800.0,train
0,50.0,100.0,97.81671853901408,0.6226354468503104,0.5217773640251266,0.025495252837066728,0.0032906031740614905,dynamic_diagnostic,0.00625,850.0,validation
1,100.0,150.0,97.71673081178011,0.8106637432726274,0.6368234490019091,0.059121216771945054,0.011474212905995151,dynamic_diagnostic,0.00625,850.0,validation
2,150.0,200.0,97.66833159528966,0.6610387908311566,0.4984313229050912,0.09852476121869094,0.04235956349450509,dynamic_diagnostic,0.00625,850.0,validation
3,200.0,250.0,97.62714236913217,0.5748034531007988,0.5330599457658138,0.023820486085095266,0.0024693362482041126,dynamic_diagnostic,0.00625,850.0,validation
0,50.0,100.0,93.2912592378103,0.6641690394380504,0.5448484171305097,0.16713496840179623,0.040721321081717554,dynamic_diagnostic,0.00625,900.0,train
1,100.0,150.0,93.22793625075916,0.5758619866672205,0.5226798378953958,0.025428789463168296,0.0014038574284575,dynamic_diagnostic,0.00625,900.0,train
2,150.0,200.0,93.21537608279323,0.6066692449985425,0.5337453975346875,0.052581734540467384,0.008873652094927631,dynamic_diagnostic,0.00625,900.0,train
3,200.0,250.0,93.16613203565646,0.6476815690672453,0.5787069428175755,0.11432017130697357,0.01447390507907742,dynamic_diagnostic,0.00625,900.0,train
0,50.0,100.0,89.47435284722816,0.7852472350143103,0.5823126462150867,0.08147782451798738,0.02566823645870031,dynamic_diagnostic,0.00625,950.0,validation
1,100.0,150.0,89.30642127899694,0.7184392838586575,0.6290780811789887,0.06403093146575099,0.01240115560866295,dynamic_diagnostic,0.00625,950.0,validation
2,150.0,200.0,89.30172197991855,0.6706022656907038,0.5751439793130544,0.0642471439494148,0.015366632515411816,dynamic_diagnostic,0.00625,950.0,validation
3,200.0,250.0,89.31833936874226,0.6871325098128835,0.6300390417299297,0.02571070658961761,0.0017040343384880918,dynamic_diagnostic,0.00625,950.0,validation
0,50.0,100.0,85.93181431780482,1.5681392877134073,1.491733968816547,0.054489149516636,0.0006919784031151899,dynamic_diagnostic,0.00625,1000.0,validation
1,100.0,150.0,85.69686969234556,1.412252404179327,1.3276623781832484,0.20250875051780123,0.01686894348079393,dynamic_diagnostic,0.00625,1000.0,validation
2,150.0,200.0,85.71935827972449,1.334896315353518,1.2354614841108855,0.14986004388714932,0.010570771703977355,dynamic_diagnostic,0.00625,1000.0,validation
3,200.0,250.0,85.67691942604819,1.3774748449573053,1.2540603052164698,0.08205177270056901,0.001328520494999208,dynamic_diagnostic,0.00625,1000.0,validation
0,50.0,100.0,79.21347625968903,1.1172656607027847,0.9619316324231164,0.10163061570709558,0.0006835106582908645,dynamic_diagnostic,0.00625,1100.0,validation
1,100.0,150.0,79.09932728610482,1.0712358027851678,1.0357355811978977,0.3932173850766528,0.008561396786607944,dynamic_diagnostic,0.00625,1100.0,validation
2,150.0,200.0,79.13994908908354,1.2678920220719192,0.9463150751803795,0.13372391562352529,0.006691294745064025,dynamic_diagnostic,0.00625,1100.0,validation
3,200.0,250.0,78.9782673791499,1.1567496478558894,0.9564942104930623,0.3041795873276092,0.03140685214814498,dynamic_diagnostic,0.00625,1100.0,validation
0,50.0,100.0,73.83131626033322,1.0957923563142487,1.0331442344000834,0.24394425601941536,0.01903272565673686,dynamic_diagnostic,0.00625,1200.0,train
1,100.0,150.0,73.74228548201152,0.9739420847683817,0.9030948825985092,0.1528658587912646,0.013277239016244113,dynamic_diagnostic,0.00625,1200.0,train
2,150.0,200.0,73.67965970258345,0.949212004713786,0.895763957671889,0.21549612611796737,0.013368833043024053,dynamic_diagnostic,0.00625,1200.0,train
3,200.0,250.0,73.66606834093388,1.2172252385620226,1.0795835102005498,0.09613187170164396,0.0024371671404316286,dynamic_diagnostic,0.00625,1200.0,train
