evaluation,stage,C_pF,C_th_pJ_per_K,S_e_mW_per_K,T0_K,Tc_K,w_K,beta_per_K,gamma,objective_total,objective_waveform,objective_mean_voltage,objective_amplitude,objective_relative_amplitude,objective_spectrum,objective_frequency,objective_classification,objective_false_positive,objective_sustain,objective_edge,objective_prior,best_total_so_far,global_evaluations,fit_mode
1,global,0.39,0.047873236,0.0036751265,314.4,333.49356636598696,6.882302959338694,0.2991563242902104,0.956269682,1202.5907149518378,0.47423196167446013,0.8240745300364415,0.8469141134039752,2.3506426537829235,0.698521655291401,1.8823529411764706,0.47058823529411764,0.0,0.6083444609720733,0.8166159524267549,0.1250000001315406,1202.5907149518378,32,constrained
2,global,0.3076858980076477,0.052196612544115464,0.0035422406195347155,314.29720674039237,333.2980506323308,6.7437479323920595,0.2993692977397464,0.818187488446332,1201.7874636262673,0.5066739929061427,0.7781197557175547,0.8385711269857785,2.2709829690743524,0.6724085332828968,1.8823529411764706,0.47058823529411764,0.0,0.6081396373732825,0.8494252215762922,0.6449732660170853,1201.7874636262673,32,constrained
3,global,0.2666229775333307,0.027557508139810054,0.0039022646303297575,314.46603427811436,333.58595434396,6.882737752573675,0.2913861050629248,0.9925371274900171,1204.6970284725264,0.43423320890056755,0.9538911719226169,0.8600752164686126,2.5582072871775225,0.770650033775114,1.8823529411764706,0.47058823529411764,0.0,0.609682437230144,0.551151862261748,0.6532762464962226,1201.7874636262673,32,constrained
4,global,0.20254957315156644,0.07685396936332672,0.003775849282374881,314.4433901612584,333.75801717970484,6.7636093022794075,0.30750992273769906,1.8554708628835697,1201.361126120632,0.48376053120046275,0.8283663929773053,6.14913353366403,1.6970483830084977,0.6055915468498128,1.8823529411764706,0.47058823529411764,0.0,0.600355660561282,1.130674818872398,1.5003046959139343,1201.361126120632,32,constrained
5,global,0.041859540761202296,0.08832354867398742,0.00404956228947885,314.50822789693046,333.2064995140657,7.1085652075224335,0.3125515448935083,1.0636200343977453,1193.8389533149684,0.4343430917476989,1.035456826903897,0.6418423215633493,1.4934798801442797,0.6011806535801955,1.8823529411764706,0.47058823529411764,0.0,0.5957949427101906,1.2277233134600782,2.310001987721609,1193.8389533149684,32,constrained
6,global,0.0053290719330850445,0.03229832202351401,0.003710385773236457,314.4489032646034,333.6588832225642,6.670594948327889,0.3081750299253884,1.524295188929574,1200.4921685103607,0.5579522442562472,0.8816164250324952,6.1176916905883365,1.6138367845538302,0.6263236196657371,1.8823529411764706,0.47058823529411764,0.0,0.5978526531893397,0.5847706929923319,0.8206972407057009,1193.8389533149684,32,constrained
7,global,0.38831291618247143,0.09062021444069568,0.0036013625337531097,314.37135022108635,333.514986213412,6.634585815180483,0.2992349466845296,1.101191129291364,1194.659102173698,0.4960392125146297,0.8013083934116336,0.6400949177666683,1.5786761690691984,0.5902774264512495,1.8823529411764706,0.47058823529411764,0.0,0.5945051549000416,1.2732860989422097,1.1747479240323404,1193.8389533149684,32,constrained
8,global,0.3598962913921428,0.06453081714122322,0.0036481521493430904,314.25273448243826,333.4110488216206,7.028462315123698,0.31403482953329753,1.2260310865332578,1198.9905113914385,0.4937785551475418,0.8660246423460114,0.7904424988404415,1.995161686892048,0.6446011107424412,1.8823529411764706,0.47058823529411764,0.0,0.6045017869427372,1.017903706229317,1.138702590426588,1193.8389533149684,32,constrained
9,global,0.3718447658428892,0.08666146253494698,0.0036897920325958994,314.3452754686596,333.6043567382658,6.922919059170893,0.30621273666802756,0.8489200906171618,1194.8628876394564,0.47656525005389777,0.8583870350453993,0.6597029997911064,1.5968059709864102,0.5976977766975473,1.8823529411764706,0.47058823529411764,0.0,0.5962880468982742,1.248818078994478,0.8830809260875337,1193.8389533149684,32,constrained
10,global,0.23977524498050828,0.053183046000302915,0.003860235050918057,314.2635127072316,333.3272140103064,7.245263031437163,0.2907117138859061,0.6533043236409737,1200.5122044031295,0.4449539513828397,0.9288189141333884,0.8269914456035242,2.142840119525289,0.6715866937912287,1.8823529411764706,0.47058823529411764,0.0,0.6079724861545497,0.8774295787549503,1.4990022730274841,1193.8389533149684,32,constrained
11,global,0.11602048033948917,0.036722812106805496,0.0038029336349215946,314.4987684125507,333.35730531825857,7.144098831322621,0.2947067324120936,1.9542397280478871,1191.764641628568,0.5328012250573421,1.0513757560988406,1.9972589941016021,1.1537147459367407,0.628897241125773,1.8823529411764706,0.47058823529411764,0.0,0.568851245759749,0.6463066319079197,1.538566859042725,1191.764641628568,32,constrained
12,global,0.015548409880998981,0.033001935620774206,0.004010899183157032,314.36209383886603,333.3473589862552,7.174693670506097,0.2943015464983302,1.4232545340267222,1494.9151805490412,0.5921957085801992,1.4173308191261722,3.6737078704266763,1.8682775554804218,0.6660972490826209,2.1176470588235294,0.5294117647058824,0.058823529411764705,0.618695958812748,0.6130712449190785,1.3118538891002016,1191.764641628568,32,constrained
13,global,0.05798971231184502,0.04608354811701157,0.003994377049105001,314.33930900369546,333.4577961319466,6.854630811415054,0.31709148489104183,1.2790121621031454,1199.923548130162,0.44623935324924957,1.051405949523782,1.2141480687360164,2.0445488242510157,0.6867575320888415,1.8823529411764706,0.47058823529411764,0.0,0.6076617842765526,0.7848234958807163,1.0348575353134286,1191.764641628568,32,constrained
14,global,0.028569007004625058,0.08194350772265399,0.004043877391526437,314.5374279980723,333.16346720712284,6.813185259521248,0.28769159818431733,0.4548121110714829,1195.009683536116,0.4319757155971608,0.971707928776957,0.6947929367397958,1.6056739282467705,0.6082195678344067,1.8823529411764706,0.47058823529411764,0.0,0.5994998363382753,1.148009143440625,2.2736270598173984,1191.764641628568,32,constrained
15,global,0.1433154689661177,0.03759271281748299,0.0037248326101915106,314.4651570494046,333.39343904336283,7.002077499245199,0.31148883416793965,0.34638965897782725,1201.8943598163746,0.47404541764714075,0.850234456173546,0.8415941107792683,2.2809946707509177,0.6903380189825782,1.8823529411764706,0.47058823529411764,0.0,0.6089164009012293,0.6608860148150985,0.7458381725904257,1191.764641628568,32,constrained
16,global,0.22601003830367206,0.05838893337701429,0.00356557108575792,314.41953652115404,333.5459420240413,7.265648195067755,0.2827426361871409,1.6209079914787194,1499.4084888722996,0.5176487303353762,0.6473499873429783,6.626124996856106,2.031745656337147,0.6281784639014418,2.1176470588235294,0.5294117647058824,0.058823529411764705,0.6049330401836106,0.9152228071365732,1.5293274058313155,1191.764641628568,32,constrained
17,global,0.12782628181860128,0.08127555940061983,0.003946827944887067,314.51252292960066,333.6363390166777,6.704262390125971,0.30404011315326795,0.5724939071017929,1195.0692229147037,0.44052683375781637,0.9767543615725844,0.6918844938291863,1.6126358327066137,0.6085826612224162,1.8823529411764706,0.47058823529411764,0.0,0.5990838215802036,1.1672180114393318,1.4200820461654358,1191.764641628568,32,constrained
18,global,0.3425730374823903,0.05692811047084207,0.0035155456120900463,314.43020343041957,333.83209737189134,6.715131792236709,0.3028591646691111,0.3098563282648088,1200.2335512597556,0.5021616288239392,0.788740166241034,0.8192269537559408,2.1171299185156207,0.6474954853812358,1.8823529411764706,0.47058823529411764,0.0,0.607213158380817,0.9178083437905636,1.1851361659860205,1191.764641628568,32,constrained
19,global,0.2681858771605102,0.0686350638878248,0.003458786912309749,314.5289676482374,333.66486356648295,7.193613891247233,0.2835303087630318,1.929703554038361,1205.397784095449,0.5389881397752444,0.6900630064565363,8.184138843079491,1.8968827528887051,0.616086801030355,1.8823529411764706,0.47058823529411764,0.0,0.6039327563746941,1.0271604812590924,2.4063256874035313,1191.764641628568,32,constrained
20,global,0.1587770822555953,0.04307629150869339,0.003788545273660608,314.3209326797043,333.1950819532663,6.968345559157337,0.29757287705848545,1.670281821214465,1199.5038720008613,0.4789779714261316,0.9092460660951214,1.527334402096006,1.9734658485547243,0.6263974485456411,1.8823529411764706,0.47058823529411764,0.0,0.6039799191098782,0.7309663352764646,1.0053012913548578,1191.764641628568,32,constrained
21,global,0.15209651631981216,0.06632339686106674,0.003896143687634845,314.3956813538813,333.1424851842075,7.154818798145298,0.31488093265804995,0.6388544838756464,1197.9847122600581,0.4561127455274264,0.9374589345778629,0.7806828707220629,1.8948306953517189,0.6358289966331009,1.8823529411764706,0.47058823529411764,0.0,0.6048916796653127,1.012048509951465,1.5885012398273308,1191.764641628568,32,constrained
22,global,0.09272403923250037,0.02296638977065467,0.003494970153230142,314.404289702705,333.2697989990485,6.900866486421031,0.2892997969002894,0.734399073395448,1204.2346779918676,0.5155750997923904,0.7611793410662813,0.8586989032652725,2.5137009781963373,0.7281292511932174,1.8823529411764706,0.47058823529411764,0.0,0.6097944892057798,0.4714461603009268,0.7492819139569763,1191.764641628568,32,constrained
23,global,0.17395785623002152,0.04880115898519043,0.004067055034835534,314.37450223507403,333.56998086681335,7.063440795461021,0.31584840114615614,1.7775497737899935,1194.9722221340548,0.4623395692496635,1.2289259510148076,2.1037572999145224,1.4593175654346244,0.6291096204521274,1.8823529411764706,0.47058823529411764,0.0,0.596826618941361,0.8400163841264876,1.7860013216182336,1191.764641628568,32,constrained
24,global,0.2825853797916725,0.07053468230627363,0.0038714580103186907,314.33080363327684,333.8083378340928,6.935259524343035,0.28700575734805733,1.3444394970302598,1196.9912722443269,0.427946613781821,0.9426655469034081,0.751096036725179,1.799227610251658,0.6200594421313016,1.8823529411764706,0.47058823529411764,0.0,0.6029436659639866,1.0856223094905617,1.2412126767197478,1191.764641628568,32,constrained
25,global,0.2558227478503511,0.04686117445631149,0.0038339733212088313,314.3077988672793,333.46760383277365,6.66213324221811,0.3098387258832279,1.7687025804230352,1200.0158420953817,0.48255237873987733,0.9618414046784802,4.079003745740766,1.7687533738406287,0.6294046347428168,1.8823529411764706,0.47058823529411764,0.0,0.6017854919262035,0.7995860140513379,1.2382851328945643,1191.764641628568,32,constrained
26,global,0.21309309851173908,0.07494126413523959,0.0034455845084464887,314.4172044855964,333.5020963482351,7.208534065232129,0.30513065311497034,0.20748592129649923,1197.0545749001778,0.5207811563201273,0.7788208857540555,0.7356789559086485,1.8076524915762984,0.61615073559958,1.8823529411764706,0.47058823529411764,0.0,0.6016729672594032,1.0943755842275986,1.5470565912463554,1191.764641628568,32,constrained
27,global,0.2955437767059838,0.07886909139380856,0.003637304738522264,314.2838256812637,333.7112209190956,6.770605719723817,0.29628584579431744,1.5508804854053981,1196.0367974245169,0.4731261584848467,0.8144681773706218,0.7054512661651617,1.7094538390619478,0.6033709677146435,1.8823529411764706,0.47058823529411764,0.0,0.6000961139886896,1.1598099729426803,1.2654218045337697,1191.764641628568,32,constrained
28,global,0.32985626147830305,0.05961514350057755,0.0037461077399364878,314.54744577380234,333.25385818531646,6.986865014165564,0.2852407096994991,0.8923810876642619,1199.8647041038932,0.4663612165003949,0.809989220515228,0.8161336586417948,2.0807167314324544,0.650428140339113,1.8823529411764706,0.47058823529411764,0.0,0.6067807967867108,0.9343897521367583,1.1491975479523253,1191.764641628568,32,constrained
29,global,0.10918535957650048,0.025657513720075333,0.0039281902988647826,314.48490535516777,333.70332511210626,6.799600202039294,0.2927248321187005,1.4592585712036832,1195.192115159898,0.682339478780321,1.938719543072723,3.3324118146624615,1.3519760509829946,0.6654803335339646,1.8823529411764706,0.47058823529411764,0.0,0.5781624723919574,0.5198581989964897,1.0964557612726402,1191.764641628568,32,constrained
30,global,0.18872154755651496,0.030118359881298438,0.003673594510076308,314.2750169651908,333.2463117841304,7.103065755550549,0.31921579447077286,0.986085975354698,1204.954537276208,0.48084462963172203,0.8579267557484512,0.8637193704663942,2.5834371380718317,0.7511464871796655,1.8823529411764706,0.47058823529411764,0.0,0.6096869878990476,0.573503011062904,1.4532983764623442,1191.764641628568,32,constrained
31,global,0.06588925411475888,0.040566532279481565,0.0035901414653632625,314.29553309644876,333.43683873774376,7.041189122809732,0.3189520232297687,0.510558251280787,1202.1855727463394,0.4946983684874509,0.8257781073523226,0.8424728740771499,2.3096925007155193,0.6898063201406671,1.8823529411764706,0.47058823529411764,0.0,0.6088593244580672,0.6940745843579519,1.0641063481505655,1191.764641628568,32,constrained
32,global,0.07723907770374376,0.06372033483863782,0.0039698105600068576,314.3905119297112,333.7483721431615,6.839663951648843,0.28120984015700407,1.2051049413446413,1197.854843206082,0.4180435159127324,0.9938997521908229,0.7811745225222952,1.8819419421251264,0.6436186903613358,1.8823529411764706,0.47058823529411764,0.0,0.6051274266911132,0.9860017224292119,1.2080899439983277,1191.764641628568,32,constrained
33,local,0.11602048033948917,0.036722812106805496,0.0038029336349215946,314.4987684125507,333.35730531825857,7.144098831322621,0.2947067324120936,1.9542397280478871,1191.764641628568,0.5328012250573421,1.0513757560988406,1.9972589941016021,1.1537147459367407,0.628897241125773,1.8823529411764706,0.47058823529411764,0.0,0.568851245759749,0.6463066319079197,1.538566859042725,1191.764641628568,32,constrained
34,local,0.14896674438754098,0.036722812106805496,0.0038029336349215946,314.4987684125507,333.35730531825857,7.144098831322621,0.2947067324120936,1.9542397280478871,1492.102858829235,0.5896112544922698,0.9484552583831705,8.472088070332186,1.1167001520485218,0.6229490853706912,2.1176470588235294,0.5294117647058824,0.058823529411764705,0.5721672896982691,0.6492074213038439,1.545741693917164,1191.764641628568,32,constrained
35,local,0.24103325561245895,0.036722812106805496,0.0038029336349215946,314.4987684125507,333.35730531825857,7.144098831322621,0.2947067324120936,1.9542397280478871,1053.447046574105,0.6435226478147488,0.9995117028184656,7.9238453449423485,1.4480159309305094,0.6198736619150422,1.6879084967320261,0.4117647058823529,0.0,0.5321112823629384,0.6584190040225406,1.5752501911046377,1053.447046574105,32,constrained
36,local,0.29793348877508197,0.036722812106805496,0.0038029336349215946,314.4987684125507,333.35730531825857,7.144098831322621,0.2947067324120936,1.9542397280478871,1197.5249500868786,0.5735029299398636,1.0027291715060442,4.7915415180639584,1.4511553881310282,0.6228477592472148,1.8823529411764706,0.47058823529411764,0.0,0.5608802357197609,0.6648612633613843,1.6004534565735322,1053.447046574105,32,constrained
37,local,0.243635899513946,0.036722812106805496,0.0038029336349215946,314.4987684125507,333.35730531825857,7.144098831322621,0.2947067324120936,1.9542397280478871,1200.1746991379578,0.5818965457040743,1.1677868485460412,6.738686054274931,1.5121528522748644,0.6040001509532748,1.8823529411764706,0.47058823529411764,0.0,0.6384143428748025,0.6587144517974609,1.5762868620619261,1053.447046574105,32,constrained
38,local,0.205866977550164,0.036722812106805496,0.0038029336349215946,314.4987684125507,333.35730531825857,7.144098831322621,0.2947067324120936,1.9542397280478871,1187.873109041919,0.5274337878880777,1.008081712282674,2.063415281512784,0.760295150607621,0.5963023997978548,1.8823529411764706,0.47058823529411764,0.0,0.5530747295708097,0.6548841960225706,1.5623344959489003,1053.447046574105,32,constrained
39,local,0.22760093265049208,0.036722812106805496,0.0038029336349215946,314.4987684125507,333.35730531825857,7.144098831322621,0.2947067324120936,1.9542397280478871,1195.8145400960743,0.5940121701960419,1.357067187637657,4.305103532503422,1.3252748697725802,0.6151066602539557,1.8823529411764706,0.47058823529411764,0.0,0.5594610773925597,0.6571355819641274,1.5700769122027909,1053.447046574105,32,constrained
40,local,0.23590256478885324,0.036722812106805496,0.0038029336349215946,314.4987684125507,333.35730531825857,7.144098831322621,0.2947067324120936,1.9542397280478871,1196.7094514664732,0.5985102329458207,1.0097996201307893,7.217575853137268,1.1309243150151298,0.629148531018933,1.8823529411764706,0.47058823529411764,0.0,0.5182319886019412,0.6578769294416346,1.5732391701996558,1053.447046574105,32,constrained
41,local,0.23907350610360878,0.036722812106805496,0.0038029336349215946,314.4987684125507,333.35730531825857,7.144098831322621,0.2947067324120936,1.9542397280478871,1051.6055891473598,0.6096474542583378,0.6734776567278011,7.921009836440805,1.2600715395001483,0.5799919109924722,1.7694265576052908,0.4117647058823529,0.0,0.5721653511111181,0.6582054249657678,1.574476942427395,1051.6055891473598,32,constrained
42,local,0.2367773738150778,0.036722812106805496,0.0038029336349215946,314.4987684125507,333.35730531825857,7.144098831322621,0.2947067324120936,1.9542397280478871,1197.0520994039116,0.5863505598158741,0.9763302053850675,7.785438376335169,1.112162329762254,0.6244355278414551,1.8823529411764706,0.47058823529411764,0.0,0.4856665017191933,0.6579551524970795,1.5735789998157028,1051.6055891473598,32,constrained
43,local,0.23819646161205602,0.036722812106805496,0.0038029336349215946,314.4987684125507,333.35730531825857,7.144098831322621,0.2947067324120936,1.9542397280478871,1203.0346383965557,0.6302564317516571,0.6387295536976215,12.307941003286922,1.2547828198333753,0.596732356470387,1.8823529411764706,0.47058823529411764,0.0,0.5516294223494699,0.6580951575476719,1.5741329360202876,1051.6055891473598,32,constrained
44,local,0.23982206380655363,0.036722812106805496,0.0038029336349215946,314.4987684125507,333.35730531825857,7.144098831322621,0.2947067324120936,1.9542397280478871,1192.4718658752593,0.5827030720014413,0.7370029930962987,4.295454155021677,1.004403233750013,0.5932117620194924,1.8823529411764706,0.47058823529411764,0.0,0.5004094295925102,0.6582874515266328,1.5747715520327226,1051.6055891473598,32,constrained
45,local,0.2387385049174815,0.036722812106805496,0.0038029336349215946,314.4987684125507,333.35730531825857,7.144098831322621,0.2947067324120936,1.9542397280478871,1197.0279001732488,0.5826068510542909,0.9209973622539689,5.640299278521903,1.319509033169998,0.6069493151858456,1.8823529411764706,0.47058823529411764,0.0,0.5407807786682602,0.6583135841242325,1.5743453944405132,1051.6055891473598,32,constrained
46,local,0.23935942970359314,0.036722812106805496,0.0038029336349215946,314.4987684125507,333.35730531825857,7.144098831322621,0.2947067324120936,1.9542397280478871,1190.205153072367,0.5474452268820427,0.8905505303121545,4.00972112794689,0.8033021927825833,0.6006094497889274,1.8823529411764706,0.47058823529411764,0.0,0.5178741757621693,0.6582360302792784,1.5745893645734808,1051.6055891473598,32,constrained
47,local,0.23894554703677967,0.036722812106805496,0.0038029336349215946,314.4987684125507,333.35730531825857,7.144098831322621,0.2947067324120936,1.9542397280478871,1198.942821546524,0.6161672208166796,0.8624736907903201,6.436719175704745,1.4323785615978901,0.6067714666040601,1.8823529411764706,0.47058823529411764,0.0,0.5331027129001601,0.6581915749411659,1.5744266737949442,1051.6055891473598,32,constrained
48,local,0.23918271920061707,0.036722812106805496,0.0038029336349215946,314.4987684125507,333.35730531825857,7.144098831322621,0.2947067324120936,1.9542397280478871,1190.1535172734536,0.541521016510292,0.7140435703238802,3.8863326538396383,0.8123711537561452,0.5964848133729684,1.8823529411764706,0.47058823529411764,0.0,0.51759394662472,0.6582145422345524,1.5745198680055748,1051.6055891473598,32,constrained
49,local,0.2390246300892488,0.036722812106805496,0.0038029336349215946,314.4987684125507,333.35730531825857,7.144098831322621,0.2947067324120936,1.9542397280478871,1051.9601636902987,0.6238549642971808,0.7600494800614565,8.043161576872409,1.2826543106411274,0.580063754307401,1.7694265576052908,0.4117647058823529,0.0,0.5686756319045987,0.6581996587731895,1.5744577383417853,1051.6055891473598,32,constrained
50,local,0.23911522179464928,0.036722812106805496,0.0038029336349215946,314.4987684125507,333.35730531825857,7.144098831322621,0.2947067324120936,1.9542397280478871,1051.6089818301684,0.6129602104077906,0.6791228981859495,7.919421103553751,1.259890449033847,0.5933877230391642,1.7694265576052908,0.4117647058823529,0.0,0.576721927174958,0.658215394547502,1.5744933362252518,1051.6055891473598,32,constrained
51,local,0.23907350610360878,0.04892528879144993,0.0038029336349215946,314.4987684125507,333.35730531825857,7.144098831322621,0.2947067324120936,1.9542397280478871,1194.681208927946,0.4719970126733976,0.9286203512740717,1.5803626996191456,1.4859464296884426,0.6153773287171823,1.8823529411764706,0.47058823529411764,0.0,0.5965159815722937,0.811515251507266,1.5271469691226895,1051.6055891473598,32,constrained
52,local,0.23907350610360878,0.06561671120855006,0.0038029336349215946,314.4987684125507,333.35730531825857,7.144098831322621,0.2947067324120936,1.9542397280478871,1202.877845501787,0.6155113932295475,0.9970249885365651,6.391793660283705,1.821160452048271,0.6060486381096768,1.8823529411764706,0.47058823529411764,0.0,0.604266584788936,1.0040532417575023,1.6476463526528042,1051.6055891473598,32,constrained
53,local,0.23907350610360878,0.03860942241710013,0.0038029336349215946,314.4987684125507,333.35730531825857,7.144098831322621,0.2947067324120936,1.9542397280478871,1049.0574769177294,0.5942056311812325,1.261728781438695,4.920693407262284,1.3031448599443092,0.59568746306519,1.669611912090316,0.4117647058823529,0.0,0.5843523075776115,0.6826456591362264,1.5596840767875988,1049.0574769177294,32,constrained
54,local,0.23907350610360878,0.0322338663743498,0.0038029336349215946,314.4987684125507,333.35730531825857,7.144098831322621,0.2947067324120936,1.9542397280478871,1343.9366944650271,0.6508552018054686,1.135490128163171,5.619563372135025,1.2142413560448604,0.5997833558379432,3.6712929981681244,0.47058823529411764,0.058823529411764705,0.5427216308315197,0.6059048469598114,1.6206672302124336,1049.0574769177294,32,constrained
55,local,0.23907350610360878,0.0425497327486996,0.0038029336349215946,314.4987684125507,333.35730531825857,7.144098831322621,0.2947067324120936,1.9542397280478871,1199.5705621648278,0.5512839291368652,0.9729121842924693,5.393785857593047,1.5896036368348831,0.6208490244239987,1.8823529411764706,0.47058823529411764,0.0,0.624439164218363,0.7327742810478021,1.5376069378968906,1049.0574769177294,32,constrained
56,local,0.23907350610360878,0.03617417670594928,0.0038029336349215946,314.4987684125507,333.35730531825857,7.144098831322621,0.2947067324120936,1.9542397280478871,1192.2768424985586,0.5469749656973849,0.9341015204705405,3.7832641979793245,1.0300994021538343,0.6089510163182429,1.8823529411764706,0.47058823529411764,0.0,0.5429999795372595,0.6511961926279445,1.5792919520050703,1049.0574769177294,32,constrained
57,local,0.23907350610360878,0.04011448703754876,0.0038029336349215946,314.4987684125507,333.35730531825857,7.144098831322621,0.2947067324120936,1.9542397280478871,1198.3923371571493,0.5822208041217309,1.1867333781813907,5.809669962088387,1.4287298729152218,0.590458451432539,1.8823529411764706,0.47058823529411764,0.0,0.6181260205050654,0.701902017473493,1.5498435798150307,1049.0574769177294,32,constrained
58,local,0.23907350610360878,0.03767924132639791,0.0038029336349215946,314.4987684125507,333.35730531825857,7.144098831322621,0.2947067324120936,1.9542397280478871,1196.47422483326,0.6375786319181334,1.4595718684450643,6.0153110412532245,1.218524994463931,0.64020963244388,1.8823529411764706,0.47058823529411764,0.0,0.559082141434756,0.6707313912606319,1.5666358944511627,1049.0574769177294,32,constrained
59,local,0.23907350610360878,0.03918430594684655,0.0038029336349215946,314.4987684125507,333.35730531825857,7.144098831322621,0.2947067324120936,1.9542397280478871,1197.9584318305967,0.5640745946328993,1.044614443762352,6.727415082098614,1.299643573991314,0.6141994594937057,1.8823529411764706,0.47058823529411764,0.0,0.5711680742260913,0.690108959868837,1.5557199490339069,1049.0574769177294,32,constrained
60,local,0.23907350610360878,0.03825412485614433,0.0038029336349215946,314.4987684125507,333.35730531825857,7.144098831322621,0.2947067324120936,1.9542397280478871,1204.150186989172,0.6257372531646069,1.1532684090920946,10.05326066645425,1.5860818049189152,0.630929681225488,1.8823529411764706,0.47058823529411764,0.0,0.5541646790325964,0.6781372222920954,1.5622609819447484,1049.0574769177294,32,constrained
61,local,0.23907350610360878,0.03882900838589075,0.0038029336349215946,314.4987684125507,333.35730531825857,7.144098831322621,0.2947067324120936,1.9542397280478871,1199.0274769467455,0.5435100845358037,1.1278885295666958,5.745674857697519,1.503123522399423,0.628257680638293,1.8823529411764706,0.47058823529411764,0.0,0.5795442342969488,0.6855447958303604,1.5581399483775769,1049.0574769177294,32,constrained
62,local,0.23907350610360878,0.03847371082493495,0.0038029336349215946,314.4987684125507,333.35730531825857,7.144098831322621,0.2947067324120936,1.9542397280478871,1190.749877136965,0.5678009168150379,0.6699100025659032,2.8264939470181583,0.9778720052733064,0.5951203705946957,1.8823529411764706,0.47058823529411764,0.0,0.52039082839962,0.6808952362882771,1.5606569208470098,1049.0574769177294,32,constrained
63,local,0.23907350610360878,0.03869329679372557,0.0038029336349215946,314.4987684125507,333.35730531825857,7.144098831322621,0.2947067324120936,1.9542397280478871,1197.8891509085208,0.5615042326516008,1.175622875329874,6.597254212037793,1.3022963026147882,0.6171302463357601,1.8823529411764706,0.47058823529411764,0.0,0.5924762307288907,0.6838049645158851,1.559089900187317,1049.0574769177294,32,constrained
64,local,0.23907350610360878,0.03855758520156039,0.0038029336349215946,314.4987684125507,333.35730531825857,7.144098831322621,0.2947067324120936,1.9542397280478871,1191.9464457184133,0.5150129440768448,1.1281382233032915,4.783287775145292,0.8931020761767124,0.6164872705285153,1.8823529411764706,0.47058823529411764,0.0,0.565168389563742,0.6819851131085519,1.5600540001854328,1049.0574769177294,32,constrained
65,local,0.23907350610360878,0.038642755778416416,0.0038029336349215946,314.4987684125507,333.35730531825857,7.144098831322621,0.2947067324120936,1.9542397280478871,1198.933526937617,0.5950339770866468,1.0967020083711365,8.583458694680893,1.2117374050813225,0.5930262227889119,1.8823529411764706,0.47058823529411764,0.0,0.5631956734509667,0.6831559522449099,1.5594472919936164,1049.0574769177294,32,constrained
66,local,0.23907350610360878,0.03860942241710013,0.0036826598733238182,314.4987684125507,333.35730531825857,7.144098831322621,0.2947067324120936,1.9542397280478871,1193.1250040014595,0.550468351593095,1.105254240884801,1.771113548692918,1.3113588262252587,0.6226079028478424,1.8823529411764706,0.47058823529411764,0.0,0.5723251988692576,0.675995403152672,1.4859328166788885,1049.0574769177294,32,constrained
67,local,0.23907350610360878,0.03860942241710013,0.0038363401266761814,314.4987684125507,333.35730531825857,7.144098831322621,0.2947067324120936,1.9542397280478871,1195.6689823989602,0.5061959389147658,0.9116709007228487,5.4088126732781685,1.2038957390751936,0.6194081466519059,1.8823529411764706,0.47058823529411764,0.0,0.575990084262272,0.6847876567129528,1.6034293022272748,1049.0574769177294,32,constrained
68,local,0.23907350610360878,0.03860942241710013,0.003587680253352363,314.4987684125507,333.35730531825857,7.144098831322621,0.2947067324120936,1.9542397280478871,1193.1355979380055,0.5416520369498709,0.8946335838417272,2.1923758921096175,1.273913846756388,0.6225784403618306,1.8823529411764706,0.47058823529411764,0.0,0.5577913961063782,0.6718926674035669,1.5203216879945376,1049.0574769177294,32,constrained
69,local,0.23907350610360878,0.03860942241710013,0.0037159932084411,314.4987684125507,333.35730531825857,7.144098831322621,0.2947067324120936,1.9542397280478871,1198.9231669876856,0.5583673467190399,1.026379698169894,4.978441339590397,1.5685222286574751,0.624298688373158,1.8823529411764706,0.47058823529411764,0.0,0.5983474335002837,0.6777112154105022,1.4932424503417128,1049.0574769177294,32,constrained
70,local,0.23907350610360878,0.03860942241710013,0.003649326538206537,314.4987684125507,333.35730531825857,7.144098831322621,0.2947067324120936,1.9542397280478871,1190.160670072127,0.5198068768909917,0.9301890931501946,3.0822105594119553,0.8879922928681533,0.5769343385177425,1.8823529411764706,0.47058823529411764,0.0,0.5557030344769641,0.6744448746817551,1.488691532472618,1049.0574769177294,32,constrained
71,local,0.23907350610360878,0.03860942241710013,0.003649326538206537,314.36458980337505,333.35730531825857,7.144098831322621,0.2947067324120936,1.9542397280478871,1192.958538930928,0.5306190739068197,0.9140492897870585,1.9104216405990655,1.283452627623261,0.6121398936458059,1.8823529411764706,0.47058823529411764,0.0,0.5694893017861988,0.6791832213851438,1.3072516266017191,1049.0574769177294,32,constrained
72,local,0.23907350610360878,0.03860942241710013,0.003649326538206537,314.43541019662496,333.35730531825857,7.144098831322621,0.2947067324120936,1.9542397280478871,1189.7449110134642,0.5221192963152294,0.7700236270041034,1.2448458733106862,1.0339022906257613,0.6274534323042359,1.8823529411764706,0.47058823529411764,0.0,0.5307119864550208,0.67666948650724,1.307251626601805,1049.0574769177294,32,constrained
73,local,0.23907350610360878,0.03860942241710013,0.003649326538206537,314.47917960675005,333.35730531825857,7.144098831322621,0.2947067324120936,1.9542397280478871,1193.5350503261054,0.5235513469166615,1.0188659373976077,3.8494698650118084,1.1454800527085198,0.6201674364567832,1.8823529411764706,0.47058823529411764,0.0,0.5751112587415476,0.6751269380812714,1.4142958545762372,1049.0574769177294,32,constrained
74,local,0.23907350610360878,0.03860942241710013,0.003649326538206537,314.41970046150163,333.35730531825857,7.144098831322621,0.2947067324120936,1.9542397280478871,1190.728804172617,0.5117789977029473,0.819668189170433,1.4759630555801728,1.1045167174478077,0.6277416257727244,1.8823529411764706,0.47058823529411764,0.0,0.5735580868987791,0.6772265290275064,1.2887737932351542,1049.0574769177294,32,constrained
75,local,0.23907350610360878,0.03860942241710013,0.003649326538206537,314.45212862362524,333.35730531825857,7.144098831322621,0.2947067324120936,1.9542397280478871,1191.3287145709282,0.5292181679637165,0.6222770279272399,1.3478743195179563,1.183467228175474,0.6206798793705192,1.8823529411764706,0.47058823529411764,0.0,0.5302792556308615,0.6760816751176107,1.3384867113734604,1049.0574769177294,32,constrained
76,local,0.23907350610360878,0.03860942241710013,0.003649326538206537,314.43400841343157,333.35730531825857,7.144098831322621,0.2947067324120936,1.9542397280478871,1191.0715572078814,0.5262851361463284,0.7659764211701708,1.2014144233923811,1.1714999628635443,0.6205312272828544,1.8823529411764706,0.47058823529411764,0.0,0.5255130354632633,0.6767194098311743,1.3051747851238849,1049.0574769177294,32,constrained
77,local,0.23907350610360878,0.03860942241710013,0.003649326538206537,314.44179606750066,333.35730531825857,7.144098831322621,0.2947067324120936,1.9542397280478871,1190.8590460904977,0.5001227369982051,0.6778939856799254,1.2792201332094226,1.1432697552800217,0.6257717801394733,1.8823529411764706,0.47058823529411764,0.0,0.5282782223533613,0.676444231313029,1.3177741344247078,1049.0574769177294,32,constrained
78,local,0.23907350610360878,0.03860942241710013,0.003649326538206537,314.4378493822517,333.35730531825857,7.144098831322621,0.2947067324120936,1.9542397280478871,1192.210634593001,0.5291697235554887,0.621884701488321,1.768126668019514,1.231895049081638,0.6247243201755436,1.8823529411764706,0.47058823529411764,0.0,0.5075724795253367,0.676586007510849,1.3110654085294335,1049.0574769177294,32,constrained
79,local,0.23907350610360878,0.03860942241710013,0.003649326538206537,314.4363418826295,333.35730531825857,7.144098831322621,0.2947067324120936,1.9542397280478871,1190.5232933165898,0.5353117998538571,0.7968788209008577,1.2555847724634657,1.1105653828506055,0.6317756013364546,1.8823529411764706,0.47058823529411764,0.0,0.5272738613716791,0.6766371150122188,1.3086783856938673,1049.0574769177294,32,constrained
80,local,0.23907350610360878,0.03860942241710013,0.003649326538206537,314.43487476308997,333.35730531825857,7.144098831322621,0.2947067324120936,1.9542397280478871,1192.8826654875725,0.5217683513612916,0.6759004639280162,1.8998600541886153,1.2840753968357406,0.599175419810382,1.8823529411764706,0.47058823529411764,0.0,0.5240041314835453,0.6766859857667581,1.3064484435147214,1049.0574769177294,32,constrained
81,local,0.23907350610360878,0.03860942241710013,0.003649326538206537,314.4357660690119,333.35730531825857,7.144098831322621,0.2947067324120936,1.9542397280478871,1192.3264058724487,0.5342821802912076,0.7758055488729718,2.515053022609789,1.1647182436842551,0.6384598993718744,1.8823529411764706,0.47058823529411764,0.0,0.5309398545089513,0.6766583742476628,1.3077922266449358,1049.0574769177294,32,constrained
82,local,0.23907350610360878,0.03860942241710013,0.003649326538206537,314.4352056792133,333.35730531825857,7.144098831322621,0.2947067324120936,1.9542397280478871,1191.0221127693562,0.53039553042467,0.6252770807800914,1.311793804989934,1.159275274332884,0.6309305906324243,1.8823529411764706,0.47058823529411764,0.0,0.5005383736720189,0.6766693681956515,1.3069433935373818,1049.0574769177294,32,constrained
83,local,0.23907350610360878,0.03860942241710013,0.003649326538206537,314.4355461277811,333.35730531825857,7.144098831322621,0.2947067324120936,1.9542397280478871,1187.8049249297615,0.5049818691274534,0.6965460894926724,1.285503744257474,0.8378992927896316,0.6124501448489332,1.8823529411764706,0.47058823529411764,0.0,0.5206578542983779,0.6766656143135008,1.3074574793681781,1049.0574769177294,32,constrained
84,local,0.23907350610360878,0.03860942241710013,0.003649326538206537,314.43563013785575,333.35730531825857,7.144098831322621,0.2947067324120936,1.9542397280478871,1192.8469336750043,0.5263283154640299,0.6962141918422309,1.8174914435333869,1.2911911686524356,0.6127935072898576,1.8823529411764706,0.47058823529411764,0.0,0.49562321208651267,0.676658727035531,1.3075850977270376,1049.0574769177294,32,constrained
85,local,0.23907350610360878,0.03860942241710013,0.003649326538206537,314.4354942066996,333.35730531825857,7.144098831322621,0.2947067324120936,1.9542397280478871,1192.0971533038412,0.5296259420492494,0.599187245633586,1.989962086920831,1.1987783386135855,0.641706426499753,1.8823529411764706,0.47058823529411764,0.0,0.5039840205005442,0.6766677704145043,1.3073787575141567,1049.0574769177294,32,constrained
86,local,0.23907350610360878,0.03860942241710013,0.003649326538206537,314.4355794620522,333.35730531825857,7.144098831322621,0.2947067324120936,1.9542397280478871,1191.1627737709282,0.5192885698660248,0.739872625473664,1.1769567707331998,1.1834550474164673,0.6201583801764325,1.8823529411764706,0.47058823529411764,0.0,0.5249614853057166,0.6766648240898298,1.3075080808727852,1049.0574769177294,32,constrained
87,local,0.23907350610360878,0.03860942241710013,0.003649326538206537,314.4355461277811,333.4048091274751,7.144098831322621,0.2947067324120936,1.9542397280478871,1192.805285164472,0.5255616397072087,0.965804597257753,1.7009754234870975,1.2875834007469626,0.6018881483108754,1.8823529411764706,0.47058823529411764,0.0,0.5811718455025182,0.6778230368200874,1.2657282866505806,1049.0574769177294,32,constrained
88,local,0.23907350610360878,0.03860942241710013,0.003649326538206537,314.4355461277811,333.5703928725249,7.144098831322621,0.2947067324120936,1.9542397280478871,1190.1221379740327,0.5618940042408251,1.0354113623447934,2.2877905871115143,0.962201182080058,0.6000387284835993,1.8823529411764706,0.47058823529411764,0.0,0.5546191290902471,0.6818578168360022,1.2580165304455488,1049.0574769177294,32,constrained
89,local,0.23907350610360878,0.03860942241710013,0.003649326538206537,314.4355461277811,333.6727292549502,7.144098831322621,0.2947067324120936,1.9542397280478871,1196.3070085134766,0.5746497368812878,0.9793756804793297,7.949784889130424,1.0151598200291612,0.603342639236354,1.8823529411764706,0.47058823529411764,0.0,0.5508320786748837,0.6844484068389187,1.3602865700846973,1049.0574769177294,32,constrained
90,local,0.23907350610360878,0.03860942241710013,0.003649326538206537,314.4355461277811,333.5159241703619,7.144098831322621,0.2947067324120936,1.9542397280478871,1190.827592930746,0.5510382667351338,0.972049385241988,2.111061268678314,1.0493076022872263,0.6314488017847232,1.8823529411764706,0.47058823529411764,0.0,0.570257613588329,0.6805207382400726,1.2369259583795948,1049.0574769177294,32,constrained
91,local,0.23907350610360878,0.03860942241710013,0.003649326538206537,314.4355461277811,333.6094818923257,7.144098831322621,0.2947067324120936,1.9542397280478871,1192.1135911004112,0.5399433798863685,1.0056031833270755,2.2856001598939177,1.1601928240641233,0.6155689712875073,1.8823529411764706,0.47058823529411764,0.0,0.5716545203036439,0.6828816298066379,1.2874287643915454,1049.0574769177294,32,constrained
92,local,0.23907350610360878,0.03860942241710013,0.003649326538206537,314.4355461277811,333.55264016083635,7.144098831322621,0.2947067324120936,1.9542397280478871,1193.8081788146387,0.5435665238964201,1.0632235717816203,4.464581510323813,1.110648147641807,0.6126820234445697,1.8823529411764706,0.47058823529411764,0.0,0.5772895110352572,0.6814209474972125,1.2485980117099986,1049.0574769177294,32,constrained
93,local,0.23907350610360878,0.03860942241710013,0.003649326538206537,314.4355461277811,333.5853235495019,7.144098831322621,0.2947067324120936,1.9542397280478871,1191.6248156302984,0.5611886823505717,0.9791753488628113,3.470632925612338,0.9934770435374383,0.628600229055495,1.8823529411764706,0.47058823529411764,0.0,0.5644282473257841,0.682223065198098,1.2678428772553751,1049.0574769177294,32,constrained
94,local,0.23907350610360878,0.03860942241710013,0.003649326538206537,314.4355461277811,333.5636119400524,7.144098831322621,0.2947067324120936,1.9542397280478871,1193.707877593564,0.5291667960732106,0.9206851672477127,2.438591919145327,1.3042132232524788,0.6323485241042442,1.8823529411764706,0.47058823529411764,0.0,0.5809932999780536,0.6817050980789455,1.2541285329359046,1049.0574769177294,32,constrained
95,local,0.23907350610360878,0.03860942241710013,0.003649326538206537,314.4355461277811,333.57609588365506,7.144098831322621,0.2947067324120936,1.9542397280478871,1191.8614055124935,0.5348133666263133,1.0081051918831658,2.457670415949563,1.1175715061996105,0.6263494350543546,1.8823529411764706,0.47058823529411764,0.0,0.5730729415299785,0.6819971799546528,1.2615644179996883,1049.0574769177294,32,constrained
96,local,0.23907350610360878,0.03860942241710013,0.003649326538206537,314.4355461277811,333.5678027867958,7.144098831322621,0.2947067324120936,1.9542397280478871,1191.9346060914766,0.5395697675521474,1.092131648454133,4.735774108620453,0.8967518979153972,0.6112872085777784,1.8823529411764706,0.47058823529411764,0.0,0.5690486435706466,0.681795053327088,1.256489072412922,1049.0574769177294,32,constrained
97,local,0.23907350610360878,0.03860942241710013,0.003649326538206537,314.4355461277811,333.57257122893844,7.144098831322621,0.2947067324120936,1.9542397280478871,1197.1636885261807,0.5558254537000055,0.9732282967337904,6.636848644834666,1.230660655982813,0.6397537741892786,1.8823529411764706,0.47058823529411764,0.0,0.5653559051791889,0.6819270351170993,1.2593417291817106,1049.0574769177294,32,constrained
98,local,0.23907350610360878,0.03860942241710013,0.003649326538206537,314.4355461277811,333.56940354781017,7.144098831322621,0.2947067324120936,1.9542397280478871,1192.4888083031224,0.5527449788198638,1.0066691073156684,2.747571552663076,1.1522837383059998,0.5983863485081596,1.8823529411764706,0.47058823529411764,0.0,0.5646436860808195,0.681833143108945,1.2574269109450162,1049.0574769177294,32,constrained
99,local,0.23907350610360878,0.03860942241710013,0.003649326538206537,314.4355461277811,333.57122493063525,7.144098831322621,0.2947067324120936,1.9542397280478871,1199.1975748537984,0.5596424584654305,0.9225416668729138,6.726830505034664,1.4248461103737196,0.6111186405817832,1.8823529411764706,0.47058823529411764,0.0,0.5749655275048123,0.6818775832607042,1.2585183382139076,1049.0574769177294,32,constrained
100,local,0.23907350610360878,0.03860942241710013,0.003649326538206537,314.4355461277811,333.5700149841098,7.144098831322621,0.2947067324120936,1.9542397280478871,1190.2648380587116,0.572195895877586,1.033107795579615,1.7524744764868865,1.0291712595938591,0.6203658555779681,1.8823529411764706,0.47058823529411764,0.0,0.5601044668387376,0.6818477361612024,1.2577904138296951,1049.0574769177294,32,constrained
101,local,0.23907350610360878,0.03860942241710013,0.003649326538206537,314.4355461277811,333.57071069044247,7.144098831322621,0.2947067324120936,1.9542397280478871,1196.2173521183747,0.5715159592111196,1.140774986828763,6.7940341355520575,1.1189019934923805,0.6098163318851108,1.8823529411764706,0.47058823529411764,0.0,0.5641032291491991,0.6818654707740874,1.2582075659295453,1049.0574769177294,32,constrained
102,local,0.23907350610360878,0.03860942241710013,0.003649326538206537,314.4355461277811,333.5702485319943,7.144098831322621,0.2947067324120936,1.9542397280478871,1192.2090913133723,0.5456250957836096,1.0268552599246077,2.104975153949976,1.187091146735726,0.6405573785627522,1.8823529411764706,0.47058823529411764,0.0,0.5739198362615692,0.681853809704894,1.2579300299826726,1049.0574769177294,32,constrained
103,local,0.23907350610360878,0.03860942241710013,0.003649326538206537,314.4355461277811,333.5705142681672,7.144098831322621,0.2947067324120936,1.9542397280478871,1042.4659462743205,0.5381775429383057,1.0663248850448317,2.150183811968201,0.9260922713777505,0.6272745672759691,1.6479336529376771,0.4117647058823529,0.0,0.5697124036044096,0.681860951458321,1.2580894064203934,1042.4659462743205,32,constrained
104,local,0.23907350610360878,0.03860942241710013,0.003649326538206537,314.4355461277811,333.5705892948002,7.144098831322621,0.2947067324120936,1.9542397280478871,1188.9332179103624,0.5676351857661949,1.0984147241443964,1.4419900869924385,0.9263890336679239,0.6154570357208892,1.8823529411764706,0.47058823529411764,0.0,0.5612031624320631,0.6818789387695754,1.2581345037807232,1042.4659462743205,32,constrained
105,local,0.23907350610360878,0.03860942241710013,0.003649326538206537,314.4355461277811,333.57048093167145,7.144098831322621,0.2947067324120936,1.9542397280478871,1192.6112690101847,0.5581924139970154,1.1520011928727543,2.1727009050191803,1.218917358776273,0.6598125070781277,1.8823529411764706,0.47058823529411764,0.0,0.5744113011763827,0.6818602562352778,1.2580693824657552,1042.4659462743205,32,constrained
106,local,0.23907350610360878,0.03860942241710013,0.003649326538206537,314.4355461277811,333.5705476046629,7.144098831322621,0.2947067324120936,1.9542397280478871,1190.6283714068306,0.542979100547513,1.0536136953189825,2.864115135925053,0.9552530603554973,0.5918194243589001,1.8823529411764706,0.47058823529411764,0.0,0.5549013917179684,0.6818626668593311,1.2581094390519405,1042.4659462743205,32,constrained
107,local,0.23907350610360878,0.03860942241710013,0.003649326538206537,314.4355461277811,333.5705142681672,6.873166804027863,0.2947067324120936,1.9542397280478871,1191.7754024483647,0.504691186385588,0.8817673354264182,1.4592650056361787,1.2105067862762218,0.6058374552492118,1.8823529411764706,0.47058823529411764,0.0,0.5771423907149844,0.6785681818210225,0.9361522026477178,1042.4659462743205,32,constrained
108,local,0.23907350610360878,0.03860942241710013,0.003649326538206537,314.4355461277811,333.5705142681672,7.024036195972137,0.2947067324120936,1.9542397280478871,1191.6143029527457,0.5667863469300392,1.2062451983058193,1.4673970965374092,1.1896356853919807,0.625688618317668,1.8823529411764706,0.47058823529411764,0.0,0.5750015345564679,0.6804198210192441,1.030234907376073,1042.4659462743205,32,constrained
109,local,0.23907350610360878,0.03860942241710013,0.003649326538206537,314.4355461277811,333.5705142681672,7.117278608055727,0.2947067324120936,1.9542397280478871,1044.1084140388875,0.5415724002999667,1.060284600398458,2.4988524663066243,1.0555890712855223,0.6182469780761418,1.6479336529376771,0.4117647058823529,0.0,0.5703437383768484,0.6815451106000046,1.1954288908437392,1042.4659462743205,32,constrained
110,local,0.23907350610360878,0.03860942241710013,0.003649326538206537,314.4355461277811,333.5705142681672,7.17490558791641,0.2947067324120936,1.9542397280478871,1190.9118115821473,0.5260441867435953,1.0016477333240121,3.0246918353320456,0.9678224147876503,0.5869528525197433,1.8823529411764706,0.47058823529411764,0.0,0.5586374917705162,0.682239721108643,1.3384129604884714,1042.4659462743205,32,constrained
111,local,0.23907350610360878,0.03860942241710013,0.003649326538206537,314.4355461277811,333.5705142681672,7.099555950896746,0.2947067324120936,1.9542397280478871,1046.497699630567,0.5194694243976871,1.0027902633737888,3.655562915518348,1.1771379647768545,0.6488490251701856,1.6879084967320261,0.4117647058823529,0.0,0.5727236184449653,0.6813132657740287,1.1577357977238487,1042.4659462743205,32,constrained
112,local,0.23907350610360878,0.03860942241710013,0.003649326538206537,314.4355461277811,333.5705142681672,7.110310862340062,0.2947067324120936,1.9542397280478871,1192.6468649712665,0.575970019602304,1.1756207808279415,2.7188404432231636,1.1694014428144324,0.5949640041216248,1.8823529411764706,0.47058823529411764,0.0,0.5621581262869636,0.6814607419020757,1.180257243654523,1042.4659462743205,32,constrained
1,global,13.8147441022,0.0162646573,0.0027359978,317.53772271,332.844039458,12.773350937499998,0.392176879,2.651349245,65.16371939470066,2.337876786606586,0.9807336438243098,41.342707095142366,1.9339147991015952,0.685649054196191,0.6553071119324408,0.0,0.0,3.7278418130583355,1.29714955275433,0.0,65.16371939470066,352,relaxed
2,global,28.4385282658461,0.008450179045424625,0.006819110460341871,312.08782291669047,332.699614773506,8.21071341322262,0.08062543175317083,0.7975726078861208,2129.769438136457,2.132913517251236,2.379702053379443,44.77260362329875,2.1250593599701246,0.550856631794647,4.45731065135524,0.5294117647058824,0.29411764705882354,2.1589941708697826,1.4357392451284194,0.0,65.16371939470066,352,relaxed
3,global,19.13000696922998,0.07402440803630352,0.007716803190661219,318.48838385089687,336.34804456699845,7.679018363383076,0.20957156885506406,1.6066769241269023,2453.490948281825,2.7776032885461617,3.318655769761881,71.08855606390405,2.5203176163758076,0.6219195631457478,4.365163598778102,0.6470588235294118,0.29411764705882354,1.3697066506136608,1.6966635713062648,0.0,65.16371939470066,352,relaxed
4,global,24.613778395606534,0.18017286976436767,0.005411310698990033,313.689578321292,341.0069043486337,18.785699326159353,0.4688595029812506,2.476513324295776,1321.3881935970946,3.261418544166664,7.022230382025528,112.38918539887166,2.8725689060266775,0.6434884472867016,1.8823529411764706,0.47058823529411764,0.0,1.7230158106248632,2.2912442050543964,0.0,65.16371939470066,352,relaxed
5,global,14.239460860154166,0.19883252767976817,0.0043381029077977536,319.0356618970375,333.1452576372939,10.027528732753586,0.538397363972229,1.70768192441155,1265.4061360423955,2.226883167044538,1.7821141946879964,58.632605184034915,2.7851755749445846,0.6416835220434066,1.8823529411764706,0.47058823529411764,0.0,1.004031771906354,2.04552713741518,0.0,65.16371939470066,352,relaxed
6,global,21.36268047444803,0.04588967548745275,0.010230001589863551,319.8403869194373,338.4156674473661,15.451140952652011,0.770024291856335,0.18686970348286502,2742.069545052933,2.6259644265126205,15.539788244577233,71.48230736186021,1.8600952434860731,0.5826447990477979,3.0588235294117645,0.7647058823529411,0.29411764705882354,1.4878634448353396,1.767338512274585,0.0,65.16371939470066,352,relaxed
7,global,10.20886299103164,0.015487837800257642,0.012716606514832094,314.5448773325468,331.8923058797409,6.700445339771205,0.4182736390735064,2.4477003704719635,2035.4811862172353,3.083209997010841,14.885818592773076,91.00259332134999,2.603596119076623,0.5975143382273583,2.9906368204147196,0.47058823529411764,0.29411764705882354,3.288566416911923,1.8693351422799975,0.0,65.16371939470066,352,relaxed
8,global,20.31439805797023,0.12416543522929205,0.011579802333557116,314.0616474936246,329.8593810781397,12.868925897335794,0.3504946366542367,2.5513113402774654,1314.1997349048693,3.330903427543182,13.276239564489913,105.21819503741638,2.7390038903021683,0.6173543868037017,1.8823529411764706,0.47058823529411764,0.0,2.415119653206818,2.108343372916271,0.0,65.16371939470066,352,relaxed
9,global,27.872932699970576,0.051229778900187456,0.004036697534020329,315.1911210846478,341.7687106379447,19.928029991541063,0.14773676090819055,0.3577292956873517,2412.4747433838234,1.6754302045468819,1.3166778485027484,33.588824025293206,2.234007891698678,0.5955423454426886,4.036986419127009,0.6470588235294118,0.29411764705882354,1.1938136010047287,1.6796060268672,0.0,65.16371939470066,352,relaxed
10,global,15.176033231449523,0.11453880932739885,0.017599900237671436,310.9849822081273,339.2118300166361,3.455077391609807,0.9034422063039851,2.0083325868763224,2204.5298138104645,3.57828490802938,57.84492480253448,123.97035488837325,1.2975441263021188,0.5693286483373557,2.588235294117647,0.6470588235294118,0.17647058823529413,1.213410928590276,2.68529178830265,0.0,65.16371939470066,352,relaxed
11,global,25.538423292777107,0.03719011849069573,0.018245508277708516,315.6417112674152,334.23904430670933,11.98003510039074,0.862772928984743,0.9229880175353561,1900.969788511673,3.4383250715629385,36.99819856118695,106.73849362808312,2.260848616966864,0.6118435986903451,2.3529411764705883,0.5882352941176471,0.11764705882352941,1.59257621819188,2.1521415704357536,0.0,65.16371939470066,352,relaxed
12,global,2.3080309416580214,0.07851196332861629,0.003391839598117866,311.77154345137336,334.1188804649789,16.131011115352898,0.2761233354447872,2.9638919575364056,1255.0857270498682,2.0024868367541484,1.8225580058908797,45.51752040278935,2.836809044406071,0.4639237606563047,1.8823529411764706,0.47058823529411764,0.0,3.3226452566020064,1.8404690101760572,0.0,65.16371939470066,352,relaxed
13,global,24.325345657540073,0.15432625404989408,0.012309733757436818,317.54205892475164,330.2622622126795,19.16437444693233,0.9776163339542774,0.21642983441607644,1315.2840484512938,3.3912462655744444,21.00325376326211,107.86695805053577,2.5450754258916954,0.5987723531873476,1.8823529411764706,0.47058823529411764,0.0,2.0120538928600173,2.1595152448093717,0.0,65.16371939470066,352,relaxed
14,global,5.80041397062495,0.08744496439064342,0.009495389325350911,312.69061913061023,330.7605760783844,5.090497582565236,0.06380759855254503,0.5548799500108472,1183.2060475504843,1.0634139156907692,9.272579124979405,0.47180426912300744,0.36380631356746457,0.4701837813392531,1.8823529411764706,0.47058823529411764,0.0,0.5693290047098853,1.7234376446759536,0.0,65.16371939470066,352,relaxed
15,global,26.979589215095146,0.10285871854615987,0.019214865654974787,316.28878652094284,340.53832282562615,9.847034108223893,0.32142379242196284,0.8562799708472821,1293.6769110258335,3.2996301275788777,49.81948204140622,96.39246694168199,1.4004808733777077,0.6001008778519732,1.8823529411764706,0.47058823529411764,0.0,0.45077139697702984,2.2588971415659174,0.0,65.16371939470066,352,relaxed
16,global,17.17332318994213,0.1367417949008166,0.016548989626916498,316.8726444392581,328.04901420513124,3.3346788943736403,0.4428783545715627,2.362842088549495,1321.236227705368,3.508852354709204,10.086591241712526,111.59237371888275,2.8616674532556035,0.6447811489100265,1.8823529411764706,0.47058823529411764,0.0,2.1525611013998165,1.9415586056958796,0.0,65.16371939470066,352,relaxed
17,global,4.255253720331362,0.1006690701807844,0.015512390705168968,314.999741017984,328.45617498634886,2.415936356541865,0.5689194913620872,1.5103307555437626,1952.223484497547,3.998342582704758,12.56945417727251,140.09169929706945,3.976006971963301,0.5679929263938621,2.112986925295631,0.4117647058823529,0.29411764705882354,4.849824039105926,2.2968328756275973,0.0,65.16371939470066,352,relaxed
18,global,12.423712241551272,0.05761829970635964,0.0010690557951476849,318.09945393142,335.2560318280946,11.177672973650512,0.6405337160526694,1.4517676540168432,1189.2898895976866,1.736375371687403,8.590242842425752,5.670288717314841,0.48309742110585924,0.6099298548267431,1.8823529411764706,0.47058823529411764,0.0,0.2538290707671136,1.4689042884844552,0.0,65.16371939470066,352,relaxed
19,global,6.992903381605343,0.09558231181012536,0.00852822511683988,310.16516194779337,336.2361927742529,7.001419952359079,0.31333730198850884,2.272487216537159,2220.2153681427267,3.562715155679,14.32355289094861,124.33298009702305,3.002686324169046,0.6414408793522426,3.674097092648259,0.5294117647058824,0.29411764705882354,3.291938734968639,2.5118609178853624,0.0,65.16371939470066,352,relaxed
20,global,3.561202144510405,0.17001269035836236,0.014339130767215252,318.2566332681329,338.523566172803,17.320546080340943,0.3977510070998823,1.3614635378420477,1840.4853303104533,1.9079322518557358,34.48672003518354,60.011204621452244,1.0250018465249993,0.5072871633699869,2.3529411764705883,0.5882352941176471,0.11764705882352941,0.5942396462580684,2.8660345637722506,0.0,65.16371939470066,352,relaxed
21,global,29.377722805646208,0.06547716219975694,0.01080549773091663,319.6646710150865,336.999723085257,18.151584377062008,0.7268813016065443,0.5286972236402676,1575.077904239296,2.8528664638841845,15.458087889990088,78.77113352359345,2.1307738213741096,0.6188063924616841,2.1176470588235294,0.5294117647058824,0.058823529411764705,1.4210997256518885,1.8948939073275701,0.0,65.16371939470066,352,relaxed
22,global,1.6279661744132383,0.18198027032673864,0.013476502506319148,312.91173971377634,335.7131646561221,13.336137257290133,0.11234746273361307,1.0826133855193665,1193.2685268709545,2.418566885722932,45.04518303042867,0.6231297190152096,0.9780146426977328,0.5086302059584613,1.8823529411764706,0.47058823529411764,0.0,0.5928497058598046,3.169915050434676,0.0,65.16371939470066,352,relaxed
23,global,17.847178423563783,0.19314716314994163,0.005111303655093277,315.49801854264865,334.59945932216755,3.986547295423776,0.9564341262598889,1.963255651825454,1312.997046692059,3.2199592824016774,1.860357797089171,103.79087470377492,2.9246289045112057,0.6621038326193275,1.8823529411764706,0.47058823529411764,0.0,1.9316082251686046,2.113396045499524,0.0,65.16371939470066,352,relaxed
24,global,9.36108241194401,0.16482819305177765,0.002624581831269215,317.37254488928744,337.220429587267,5.579159098967514,0.1791004315127389,0.43848811406806876,1208.9412859854453,1.2077058433964503,1.9596941648938615,17.80767106506051,1.268901857798338,0.5653599774106483,1.8823529411764706,0.47058823529411764,0.0,0.6182297786178518,2.0662929665597933,0.0,65.16371939470066,352,relaxed
25,global,0.6706217602252522,0.13971480155825572,0.0012216625600442663,310.80697544983514,341.45120074574874,9.1680671161883,0.5163252667856595,1.7865596457742574,1188.5066928489184,1.04769886992158,2.6916205652509295,1.234851184838414,0.8889888483276426,0.5433255904233851,1.8823529411764706,0.47058823529411764,0.0,0.49874011902475646,2.159192666840484,0.0,65.16371939470066,352,relaxed
26,global,16.2560007376242,0.025683868393088546,0.0017763903704679472,313.2217460751286,333.66042729077753,1.596853982873883,0.6735344572003524,2.177977666754259,657.364780994132,2.4482366791592254,1.740799034326714,44.69681925336692,2.092019186385365,0.61006385929648,3.9678751881325125,0.17647058823529413,0.058823529411764705,1.0211338082798236,1.3747199820060185,0.0,65.16371939470066,352,relaxed
27,global,13.460467187555892,0.1459554551693555,0.008117548331918741,319.3015304895015,337.63794655376813,16.99292425009954,0.8212810566062885,0.7239193244798062,853.7678397048196,2.3030460273482336,5.280334560438997,87.70973764308829,2.606289483443846,0.6103850379909385,3.3158580044120876,0.29411764705882354,0.0,2.1808974151939897,2.144330012804686,0.0,65.16371939470066,352,relaxed
28,global,8.09556312660235,0.1606647269733694,0.006046804370159711,316.9575977617441,329.4828993634724,5.92650927217353,0.6061195683950389,1.1368137010224568,1208.465946924,1.1800724529832978,0.8469498482236166,15.545110635030047,1.4817007036423158,0.6400406713075215,1.8823529411764706,0.47058823529411764,0.0,0.38610659009932347,1.962582965679105,0.0,65.16371939470066,352,relaxed
29,global,4.927490884890947,0.119448604343333,0.019766552545094955,311.4258879325764,331.2192069633141,14.111068550675984,0.23040368397689132,1.8740887100948693,2548.5356637596565,4.134793988517481,50.44060756832535,159.3096817981259,2.6484049335503004,0.5275857323165053,3.5974978515050773,0.6470588235294118,0.29411764705882354,2.425458577911516,3.312496142956036,0.0,65.16371939470066,352,relaxed
30,global,22.81461831994934,0.12956127357363986,0.014559554113655497,316.0393747013076,332.1984625505823,13.911784849773296,0.7547628846449359,1.2599994620770714,1322.2548482241878,3.4438512629900675,22.218495464272475,116.32987952565965,2.359518625069874,0.615554645468859,1.8823529411764706,0.47058823529411764,0.0,2.245696238390151,2.226568314182731,0.0,65.16371939470066,352,relaxed
31,global,11.067654901647078,0.07017776100688627,0.017288394755057803,312.2330828000324,340.1385928554605,11.06234478399882,0.8232334509526243,2.7835774990542923,2775.636505672131,3.276651042792943,56.74035700599262,112.04276119403093,0.7870409446910638,0.5226927131123267,3.0588235294117645,0.7647058823529411,0.29411764705882354,1.0261745476248085,2.7477556628806856,0.0,65.16371939470066,352,relaxed
32,global,12.0393137165508,0.03486338154078161,0.016209643713807478,314.1266239663558,329.09361704078646,15.001303412963619,0.9401150391560169,2.641010388079552,2328.7517238611904,2.9359397297445544,26.570022084962886,95.7233143551055,1.9892710722892475,0.5735050856083818,3.422122766192246,0.5882352941176471,0.29411764705882354,2.490798907468766,2.1769430709587505,0.0,65.16371939470066,352,relaxed
33,global,10.409315633465756,0.09011617505891145,0.007872552238686222,315.12531573596317,341.4347732244176,12.773350937499998,0.12624776085563827,2.3017017451094866,1871.9997623147067,2.6391078885570547,9.980390848134471,75.76285188055246,2.583585778827987,0.6628409197006696,3.505535510609637,0.5294117647058824,0.17647058823529413,2.5720469174815874,2.106082725382337,0.0,65.16371939470066,352,relaxed
34,global,4.573405965792471,0.008450179045424625,0.01838975320235927,314.83925972472036,332.699614773506,8.031652485720546,0.6602330969551479,1.9567866461643308,1768.1990756081082,3.370208867252983,35.399322458133355,111.45546443176215,3.147512439085089,0.547289000870302,2.155962990732625,0.47058823529411764,0.17647058823529413,2.562152332235176,2.480605086927234,0.0,65.16371939470066,352,relaxed
35,global,15.991814356936919,0.07402440803630352,0.013778970108762771,314.8991911244766,336.34804456699845,15.988463434183053,0.100181239471618,1.6052848828409543,2766.810393491195,3.168906771272103,24.25989570288121,94.01878770691732,1.969914863325738,0.5980275533755609,3.0588235294117645,0.7647058823529411,0.29411764705882354,1.6595785296754102,2.098016223730591,0.0,65.16371939470066,352,relaxed
36,global,14.833417039496341,0.18017286976436767,0.011634789302134713,319.9322456950714,336.4245032586711,13.740295497064546,0.4688595029812506,1.3487734585617712,1306.8638369109412,3.0872245029822913,12.26453087611255,102.09511691677292,2.372824201386005,0.6279063103639893,1.8823529411764706,0.47058823529411764,0.0,1.985899433338328,2.2423836070811216,0.0,65.16371939470066,352,relaxed
37,global,2.2020152226939977,0.19883252767976817,0.010237078041687761,319.7801347275134,336.03385218486676,10.027528732753586,0.5909016665227259,2.1621668100717835,2219.795260942082,3.2817322528138173,9.137086895330542,125.84209307479756,2.959266192263695,0.5912326785187103,2.6515515024107517,0.5882352941176471,0.23529411764705882,2.8593866723003885,2.5404463355491607,0.0,65.16371939470066,352,relaxed
38,global,21.36268047444803,0.04588967548745275,0.010230001589863551,311.8410750521943,338.4156674473661,15.451140952652011,0.5650105733090003,2.376231230321344,2763.3535249674323,2.959934428413469,20.485742304531048,89.33483549652607,2.12033682330215,0.5906357967389941,3.0588235294117645,0.7647058823529411,0.29411764705882354,1.7830956624370669,2.0179514180853095,0.0,65.16371939470066,352,relaxed
39,global,10.20886299103164,0.08154010981821308,0.0064694813500577415,316.7684777816463,333.45853573240913,6.700445339771205,0.4182736390735064,1.521250593498959,2159.0446314186584,2.693466770405335,1.472904282603183,66.37167392099916,2.796150011261876,0.6019250633717467,4.1856312894864205,0.5294117647058824,0.29411764705882354,3.283795671582481,1.724352265594831,0.0,65.16371939470066,352,relaxed
40,global,20.31439805797023,0.12168557933652263,0.006604225965841325,319.73823789593945,338.9542859130577,12.868925897335794,0.49034120738829917,2.5513113402774654,1294.1973864667882,3.114664040464771,4.129601818384324,88.31654889299938,2.62714061017999,0.6194657143987368,1.8823529411764706,0.47058823529411764,0.0,1.373005580974187,1.9144013903817731,0.0,65.16371939470066,352,relaxed
41,global,27.872932699970576,0.018044570153827294,0.005745651248627075,318.5855570089521,337.72687875797993,19.928029991541063,0.19099353706420125,2.1196869849103686,2281.349831575704,2.300588970987425,1.7602225918121843,49.47802970773925,2.190738687437651,0.6373014299205801,4.615985228467646,0.5882352941176471,0.29411764705882354,1.275056844188296,1.4600647358562489,0.0,65.16371939470066,352,relaxed
42,global,16.63050236416512,0.11453880932739885,0.010058661422320904,313.83513739005343,330.3765269471108,17.88071158038114,0.5984027565734135,1.3509995014308136,1334.2050365317427,3.670580226867915,11.01637614338451,125.52695578510732,2.727992964392899,0.6271774166886405,1.8823529411764706,0.47058823529411764,0.0,2.411975927684773,2.1498545222549446,0.0,65.16371939470066,352,relaxed
43,global,25.538423292777107,0.03719011849069573,0.0065621186689663255,313.7457125428225,340.5293162096688,11.98003510039074,0.862772928984743,0.2141725773325871,2301.645603509953,2.540080661873197,6.025672247543258,67.24101426593263,2.345564139799806,0.6310778447797816,4.504706863945069,0.5882352941176471,0.29411764705882354,1.8603056294390095,1.712638400726816,0.0,65.16371939470066,352,relaxed
44,global,6.954844462492986,0.06268556405065726,0.003391839598117866,311.77154345137336,330.90558877975144,8.760156242442589,0.7314464142053547,1.7142640560722158,834.0958534860392,2.7446199367785624,0.7778243363560141,69.18736401830704,2.6793613402424437,0.6019944950870338,2.103713599936743,0.29411764705882354,0.0,1.3228843285232046,1.6786706467536154,0.0,65.16371939470066,352,relaxed
45,global,17.091120834328805,0.16530117629448238,0.012309733757436818,318.65850229286787,330.2622622126795,15.477857556264416,0.48982258567043446,2.04980592642868,1325.976095332416,3.6312671980287368,11.080637247055366,118.02757504645798,2.6865152633855143,0.6317129347663589,1.8823529411764706,0.47058823529411764,0.0,2.095060164346115,2.109052194467745,0.0,65.16371939470066,352,relaxed
46,global,5.80041397062495,0.0428302270596734,0.009495389325350911,312.69061913061023,333.16897040271624,5.090497582565236,0.06380759855254503,1.0846951201414705,2387.116271548162,1.3680576198324512,11.895121499033632,14.70403579917945,1.598833257962839,0.4434742783669723,2.823529411764706,0.7058823529411765,0.23529411764705882,0.6671115113191713,1.6592570920563108,0.0,65.16371939470066,352,relaxed
47,global,26.979589215095146,0.10285871854615987,0.001609399781679545,316.28878652094284,340.53832282562615,2.831836643085264,0.12072225883208099,1.9956967126717298,1224.0777171199031,1.8833257858991117,2.8522292489394787,25.43562191581572,2.0090325487036527,0.633778340971556,1.8823529411764706,0.47058823529411764,0.0,0.5689919497612153,1.7039861913148335,0.0,65.16371939470066,352,relaxed
48,global,0.1541351942280631,0.1367417949008166,0.012118818284057286,312.3739481620608,334.80446424114825,5.566647199849875,0.4428783545715627,2.362842088549495,1229.6816553988922,1.7383475593646582,32.594647691173336,31.898676469654426,1.620165740486467,0.6208794028599953,1.8823529411764706,0.47058823529411764,0.0,0.6180354176991382,2.806696772592902,0.0,65.16371939470066,352,relaxed
49,global,15.257949054402758,0.07166188267415322,0.004061547410585423,311.26038096807156,335.8926682575999,10.962301587521823,0.5689194913620872,2.6597534548345916,1144.5801226383282,3.083090124403572,1.7239330041244474,84.12400339229038,2.705169492390927,0.6652600205824295,2.474264705882353,0.4117647058823529,0.0,2.1711823690561376,1.8558289669049708,0.0,65.16371939470066,352,relaxed
50,global,12.423712241551272,0.05761829970635964,0.006825222575013362,318.09945393142,335.2560318280946,13.481666471407927,0.3747149146038731,1.6738349250178621,2164.902117863775,2.6619485103363334,2.4665562837946893,73.17466551560774,2.7272308861504504,0.639714515860164,4.755264530962444,0.5294117647058824,0.29411764705882354,2.6441056461852477,1.652711611621001,0.0,65.16371939470066,352,relaxed
51,global,17.22093412875627,0.017471064353289156,0.016221283076995597,316.747036624953,329.39262877141806,7.001419952359079,0.1854511358438421,2.550695637140123,2298.856658891733,2.431055093914856,11.323252890672709,64.28112748165384,2.311608429206595,0.5953067087242089,3.6548836377788043,0.5882352941176471,0.29411764705882354,2.2811044890403402,1.6793199787736834,0.0,65.16371939470066,352,relaxed
52,global,2.3021461150905917,0.005628487560170287,0.014339130767215252,310.1200084957095,336.9301217765264,9.056695699863218,0.43076066461971085,1.6811589990207059,1749.584323172648,3.1250551766561787,48.088417127469754,97.53824473252313,2.745935167229637,0.6430803177082316,2.164540816326531,0.5294117647058824,0.11764705882352941,0.6144944526209049,2.8623910665793675,0.0,65.16371939470066,352,relaxed
53,global,15.56081087194319,0.12650141382429164,0.0045408367827233205,315.70554899328454,334.57193569462044,15.610327999152176,0.38232669828374766,0.5286972236402676,1239.1523462418845,1.4946537709866985,2.6790217825730203,37.28712808946703,2.295351693016405,0.622482484875775,1.8823529411764706,0.47058823529411764,0.0,0.9801915660510733,2.006457323824947,0.0,65.16371939470066,352,relaxed
54,global,11.581700908602185,0.06008933152396181,0.014565293683251521,313.2257076348957,338.7736076756088,11.382514904760049,0.742572470035294,2.75883443428975,2627.203894812826,3.1440421693253207,36.53088137966385,104.91961427451476,1.4307136007816763,0.5118247580237745,3.3979779411764706,0.7058823529411765,0.29411764705882354,2.2108700348627996,2.4305347171072196,0.0,65.16371939470066,352,relaxed
55,global,15.292585055169695,0.008465605941557874,0.013014086258596659,314.4924471324673,328.75749664727175,3.1030698223124276,0.9564341262598889,2.5189314507039864,2316.853017604369,2.607707134340145,6.877068722899838,79.41571499766263,2.6492852896830166,0.5714486860290717,2.654242615008016,0.5882352941176471,0.29411764705882354,2.696583104850469,1.638495100918681,0.0,65.16371939470066,352,relaxed
56,global,10.952203179779179,0.05965144164599089,0.012221292230781444,316.25425227013415,328.39084508053253,12.278289398672518,0.845589697849252,0.43848811406806876,2057.687508914341,3.4683987858197525,17.277908066298924,112.65899421324598,2.6697594143891212,0.5982942267825248,3.708478083596156,0.47058823529411764,0.29411764705882354,2.536040293412723,2.073761587481586,0.0,65.16371939470066,352,relaxed
57,global,0.6706217602252522,0.08277131703047702,0.0012216625600442663,319.6273106929821,340.6112467180888,9.549323225363791,0.5163252667856595,1.7358239085904397,1201.253874867635,1.208604455255656,4.599498093042536,0.9014239693162215,2.168787766400512,0.579841283844801,1.8823529411764706,0.47058823529411764,0.0,0.5882596445849928,1.2877250315949096,0.0,65.16371939470066,352,relaxed
58,global,3.3126387042984575,0.008429004828000311,0.0017763903704679472,314.2275850048127,333.66042729077753,1.596853982873883,0.9055861067058324,2.5788675679269226,1839.9340331959916,2.5674043922803813,2.211481049986952,48.644616898312414,2.1531819138720083,0.7839371185233465,7.848326320393235,0.35294117647058826,0.35294117647058826,0.5444825253927429,1.3393432174735427,0.0,65.16371939470066,352,relaxed
59,global,25.64686880935442,0.053039513153023125,0.008117548331918741,316.0658744219933,337.13788763601576,16.99292425009954,0.17189765760695325,1.5862162253355203,1871.069503736065,2.896746099082164,7.029485077776422,78.18968965133655,2.4221957385975457,0.6378283897349959,2.3529411764705883,0.5882352941176471,0.11764705882352941,1.6834452083485625,1.7826296284130092,0.0,65.16371939470066,352,relaxed
60,global,2.878686116478857,0.044932293750963005,0.006046804370159711,316.9575977617441,336.9262765063944,5.92650927217353,0.6534660518111989,1.9835622929907117,2057.398049653707,3.173860062758899,2.4081450498959907,101.4456105849974,3.7511890996828794,0.6602023071125023,2.6953202469502227,0.47058823529411764,0.29411764705882354,4.669237587240268,1.7361868417829285,0.0,65.16371939470066,352,relaxed
61,global,20.302471982482345,0.18024919135501732,0.0051134692537577915,314.3733008650782,329.408791910463,12.912750536087366,0.23040368397689132,2.5791869837313324,1276.7620364079403,2.4001552750254334,1.272287998507718,69.54163938768039,2.8403398121727403,0.6505733211805286,1.8823529411764706,0.47058823529411764,0.0,0.9316944555817446,2.061903879845784,0.0,65.16371939470066,352,relaxed
62,global,8.899170271157672,0.12956127357363986,0.011629038183524539,318.61326450457284,331.40677579667613,16.92193844610014,0.18468145715653222,1.2599994620770714,1206.9378298460233,0.8404714082367432,6.626098165998094,12.13877478221179,1.5821021322610116,0.5747509393394473,1.8823529411764706,0.47058823529411764,0.0,0.7205002603280469,2.0818361816779367,0.0,65.16371939470066,352,relaxed
63,global,4.153566373196574,0.07017776100688627,0.017288394755057803,316.11301441345955,337.4862507367158,5.104144259978024,0.831139288785323,2.425232878696624,2528.364250337297,3.7249416749990547,41.33876561854536,132.06138974662983,3.487433565735199,0.606663866238283,2.719368321361971,0.6470588235294118,0.29411764705882354,2.503933932231526,2.834662691798771,0.0,65.16371939470066,352,relaxed
64,global,27.462344318258705,0.046698329670294005,0.0016473893723911968,314.1266239663558,337.4904821417835,18.804475888857258,0.48142351884035195,1.212626038890494,1223.4548758601652,2.224659444653285,3.7370120186451055,24.076985101566578,2.066360251250404,0.6016566121987889,1.8823529411764706,0.47058823529411764,0.0,0.6148304047067212,1.5680163977848547,0.0,65.16371939470066,352,relaxed
65,global,0.1865250712872566,0.10032606215061692,0.007220871578218524,317.53772271,332.34968096659986,12.773350937499998,0.31647191242831674,2.2432795362164493,1196.7870256898957,0.5617455451076396,6.048356153014472,2.251971293944105,1.576907818980436,0.618753468072966,1.8823529411764706,0.47058823529411764,0.0,0.6010690072314363,1.5128488206933826,0.0,65.16371939470066,352,relaxed
66,global,14.050571868454762,0.05896625712074673,0.0031092034518013798,313.0456584611287,331.8156318076834,8.031652485720546,0.24688368242520492,0.9919712658040734,1058.0240763183592,1.4691021801303323,1.202234080423801,13.000091191107934,1.3901845392035888,0.6358010331842796,2.075582333989724,0.4117647058823529,0.0,0.309855758156657,1.6007187403881602,0.0,65.16371939470066,352,relaxed
67,global,16.806146684807935,0.05011976188831598,0.018914221209450726,318.48838385089687,332.78433607482077,13.80991477443761,0.2587215924831599,1.6066769241269023,2773.780486764246,3.171607491200904,25.96156764711415,98.74993778205967,2.115233244797341,0.572080130047533,3.0588235294117645,0.7647058823529411,0.29411764705882354,2.2790691019243288,2.0193305667275534,0.0,65.16371939470066,352,relaxed
68,global,14.833417039496341,0.08890616048142057,0.009252588683257396,318.2745923996044,336.4245032586711,3.8301111068060525,0.08621727436702786,1.3487734585617712,2417.777821568005,1.950637922298607,6.251697676078819,40.34423925661592,2.031271096527813,0.6647948035694266,3.9451242779673503,0.6470588235294118,0.29411764705882354,1.2858095608239115,1.7305067760148716,0.0,65.16371939470066,352,relaxed
69,global,7.375074544069707,0.19883252767976817,0.015365422361033654,319.0356618970375,334.5806319005553,8.044109326717141,0.5405946849099519,0.12543263967482687,2023.505409915685,2.4460632198126944,17.89868536589437,83.33573101055315,2.374089461327923,0.627878763871867,2.8605907572278917,0.5294117647058824,0.23529411764705882,1.0857210059419349,2.539964499295915,0.0,65.16371939470066,352,relaxed
70,global,5.992723299883053,0.10868998050530934,0.010230001589863551,312.70096299196416,330.56845882135246,15.451140952652011,0.5883106615568559,0.18686970348286502,2362.2421245142505,4.086825676272138,27.954710484944503,121.08868485088567,2.767805566846118,0.5988047823915085,3.1159092244840747,0.5882352941176471,0.29411764705882354,2.7172000161131002,2.6921165505445224,0.0,65.16371939470066,352,relaxed
71,global,19.59628286210501,0.03257762191856087,0.006493164762091783,318.064019506708,340.104456857934,10.249264699928803,0.4620965200525379,2.4477003704719635,2151.349799529214,2.4723437058310695,3.340098958378016,62.65030898266852,2.380627395683173,0.5443011860343545,4.225190406675745,0.5294117647058824,0.29411764705882354,3.289386052669969,1.6015768458499582,0.0,65.16371939470066,352,relaxed
72,global,5.168154761180439,0.015109024343412034,0.01303527517068811,311.5543038543049,334.0849056703361,12.868925897335794,0.49034120738829917,2.4687363819440185,2345.6697968480585,3.1322881202031088,27.369724245901736,99.41742605883768,3.4263781368805533,0.6178526297219791,2.894416754198523,0.5882352941176471,0.29411764705882354,1.500640763983827,2.3200419286323513,0.0,65.16371939470066,352,relaxed
73,global,27.872932699970576,0.0865690699937,0.00546280626602859,316.9219797039606,328.2196568749245,13.672483208523948,0.19099353706420125,2.626088540377534,1545.5309170785147,2.184531256311449,0.34402964560405913,48.89531571212815,2.3733166523471425,0.6337810725893843,2.1176470588235294,0.5294117647058824,0.058823529411764705,0.9062131650135483,1.6464328460891484,0.0,65.16371939470066,352,relaxed
74,global,9.820356667844287,0.05696532746649432,0.01939992866396952,316.0709961174417,341.16845009400237,15.948409856026174,0.7445363535513998,1.3509995014308136,2442.9901790528893,3.3211945429689074,67.1161395640321,79.0409840877894,0.1893382430080609,0.5083808687788943,2.823529411764706,0.7058823529411765,0.23529411764705882,0.5518957501497229,2.8202055410421925,0.0,65.16371939470066,352,relaxed
75,global,15.452150967000835,0.056735550794469056,0.00250183317763038,315.29760149366894,334.23904430670933,5.356857726675529,0.40604404374593944,0.6280200457672664,912.1129358663388,1.7162051693505054,2.70279390179208,13.957606258272646,1.40151836817639,0.5398183743699219,1.8865741162970926,0.35294117647058826,0.0,0.3172468433309187,1.5394551900494766,0.0,65.16371939470066,352,relaxed
76,global,6.954844462492986,0.060586641322367886,0.00973588518027194,314.2172505134034,329.0445418988269,8.760156242442589,0.35937099364657016,1.7142640560722158,1902.7398954724952,3.3165398230349434,5.607075780312904,100.3899302524426,3.391405392605133,0.6375355862617985,3.062710091617541,0.4117647058823529,0.29411764705882354,1.206445568260601,1.8056604014875832,0.0,65.16371939470066,352,relaxed
77,global,24.325345657540073,0.1461449004039569,0.01737748667093436,315.93087522764677,333.2560011612465,19.16437444693233,0.4957732611669772,0.21642983441607644,1326.562354540774,3.6886238246373826,42.782648807201724,121.37392058086792,2.1984179091614755,0.5921156523818578,1.8823529411764706,0.47058823529411764,0.0,1.0392144401997219,2.3468446893629955,0.0,65.16371939470066,352,relaxed
78,global,7.40746493240807,0.02417084977966938,0.007945359066943007,311.4592420171606,330.7605760783844,6.735686069706524,0.06380759855254503,0.2243244368613404,2120.7161275936855,1.840704780343186,5.815023885338012,34.58440576285994,2.202711225911589,0.31041514441066176,2.1432827268536925,0.5294117647058824,0.29411764705882354,3.383598999413661,1.4612708047709237,0.0,65.16371939470066,352,relaxed
79,global,25.476367745920562,0.019259905046596124,0.013576658645912103,319.3873387263402,331.95775864280284,14.778314168337705,0.546389223650819,2.0139687264242614,2751.2768739655776,2.7771358876580874,13.869806803574464,75.81529822129814,2.351836140433149,0.6078306970716227,3.0588235294117645,0.7647058823529411,0.29411764705882354,1.5955545220071337,1.6973592496382413,0.0,65.16371939470066,352,relaxed
80,global,11.468034896657443,0.006162034748560835,0.007815604931828028,319.62046728517026,334.80446424114825,5.566647199849875,0.1595981024944293,2.1728737335686024,1832.9218260854855,1.9306769384435298,1.3236020239816368,39.80245337441027,2.216696074132013,0.5607748500990835,1.9444436108694196,0.4117647058823529,0.29411764705882354,4.867655043051783,1.2573693537518382,0.0,65.16371939470066,352,relaxed
81,global,4.14170120864215,0.11205131072497301,0.004061547410585423,317.4334449264741,335.87891018887103,16.903765279494934,0.28741829164194743,2.721929051971543,1572.2966028411895,2.0325294100824935,1.8979534016962816,72.19528293042876,2.6163658790676987,0.5706132123558492,2.1176470588235294,0.5294117647058824,0.058823529411764705,1.801952349363556,1.9270172388712112,0.0,65.16371939470066,352,relaxed
82,global,24.717509706406446,0.17210911076510518,0.0010690557951476849,313.50820635880893,332.7292141453778,14.183942011319829,0.12754185624582182,1.7618970320834475,1236.9143842973608,2.573285924878314,5.448610484933667,36.373506423941194,2.161545179424035,0.6749856464598318,1.8823529411764706,0.47058823529411764,0.0,0.6043944926387995,1.9789337515423657,0.0,65.16371939470066,352,relaxed
83,global,6.992903381605343,0.13965004096447747,0.00852822511683988,312.21031694318094,332.4537828860851,6.418060325505089,0.8179233779623213,0.31488769717613807,2222.756252437842,4.124632593845107,16.802455500214514,125.29717785409377,3.130407555838793,0.6208261277631969,3.6427255924550184,0.5294117647058824,0.29411764705882354,3.3026068773252555,2.6354258930055834,0.0,65.16371939470066,352,relaxed
84,global,14.897891324752083,0.005628487560170287,0.014339130767215252,317.1003225112597,336.9301217765264,14.0158488295505,0.1987902098190632,1.6811589990207059,2303.4842856027512,2.555360155274884,21.97721953789057,72.22109438624918,1.859939556801724,0.5631197736623117,3.625390871814287,0.5882352941176471,0.29411764705882354,2.4216351249695993,1.8771099874300843,0.0,65.16371939470066,352,relaxed
85,global,0.31858542869008843,0.08550447510420014,0.015970109260621836,311.7935944138165,337.49572751672605,3.302489232951876,0.42356884358471664,1.0146963027047917,1204.0141501202652,2.8198249485435842,65.33378258622378,0.7978741474768425,1.8245540332870942,0.7098385491970665,1.8823529411764706,0.47058823529411764,0.0,0.607170973407875,3.2727676115298636,0.0,65.16371939470066,352,relaxed
86,global,7.047790314946413,0.0706132785547938,0.0016435942720294614,312.91173971377634,336.1383910535313,15.567906447561919,0.11234746273361307,2.9367846496871572,1202.4991063009854,1.540020683774692,2.90209967667429,11.385277113817166,1.2903278406402103,0.5833084411869145,1.8823529411764706,0.47058823529411764,0.0,0.2635829469239481,1.6330123898158742,0.0,65.16371939470066,352,relaxed
87,global,13.942795672940091,0.18363338748554725,0.005111303655093277,317.08582180945893,334.59945932216755,3.986547295423776,0.37714124697322016,1.601595889349341,1847.4748439544449,1.9875020885374017,1.0992309188217033,52.61299278545236,2.7023536966253507,0.6706298843451189,2.3529411764705883,0.5882352941176471,0.11764705882352941,1.538756848412528,2.0734061989716457,0.0,65.16371939470066,352,relaxed
88,global,19.1398505770299,0.007845588711697063,0.004627119740761449,315.81781914713025,333.9588757374204,13.8905576427073,0.2913078512795485,2.580993107636929,1823.1735377026039,1.9132388881686093,0.37778068820520644,36.122221790915816,1.9826599118411536,0.638821210924128,2.6113131640357787,0.4117647058823529,0.29411764705882354,0.8939338490219592,1.3129965282861182,0.0,65.16371939470066,352,relaxed
89,global,14.76212664013028,0.07747419715379605,0.0012216625600442663,318.8325493439692,336.13228727062364,1.954457509771208,0.6709632207316455,1.7302565768465423,1194.9026183942312,1.7085350926483627,7.250842196998017,7.0368500748853915,0.9257823713765287,0.5360148053826641,1.8823529411764706,0.47058823529411764,0.0,0.21616195369498806,1.523936825018594,0.0,65.16371939470066,352,relaxed
90,global,16.2560007376242,0.07392962028698499,0.0017763903704679472,318.00679391368124,335.8799556340098,10.286678599120863,0.16747915556768617,2.44393601018455,1205.1786000268753,1.678738074508087,4.211776461239629,13.282178066101944,1.3466721756174005,0.586658619367239,1.8823529411764706,0.47058823529411764,0.0,0.3386363497288592,1.5790916738253689,0.0,65.16371939470066,352,relaxed
91,global,8.237647959394835,0.1459554551693555,0.004281847052376033,319.3015304895015,330.87362549634196,8.85215789079665,0.42114326090456233,1.4654900198299432,1196.7141636334463,1.3811136291619208,2.671529410071343,7.834684035054551,1.061276919766748,0.6735492953330585,1.8823529411764706,0.47058823529411764,0.0,0.3461116888321678,1.8107386276588213,0.0,65.16371939470066,352,relaxed
92,global,22.503333357336547,0.1255322948824776,0.006046804370159711,316.9575977617441,333.39519753224096,18.95301091144055,0.6962612712388256,1.9059806275536022,1297.7268326330652,3.140300695679464,2.596008173421626,91.38628508345684,2.688736842416976,0.6529862710806613,1.8823529411764706,0.47058823529411764,0.0,1.3634930069004294,1.949594931879035,0.0,65.16371939470066,352,relaxed
93,global,20.302471982482345,0.08823298164637498,0.0051134692537577915,313.7715092946588,331.07212544509696,14.858451142276714,0.5448993060233586,0.7323463479809497,969.6815665631818,2.1281211491057217,1.3632234405987707,57.437785328711705,2.6532847346407245,0.59720013281022,2.843815884036557,0.35294117647058826,0.0,1.490707537456045,1.8261379933264543,0.0,65.16371939470066,352,relaxed
94,global,18.86650792802948,0.12956127357363986,0.004587250581969817,314.60510576874407,331.46431279898445,14.39694458724818,0.18468145715653222,1.157089683607774,1239.3997464750835,1.5600506775147187,1.2689811709101892,37.217567922616006,2.34805771722522,0.6392029171203584,1.8823529411764706,0.47058823529411764,0.0,0.9042367216600066,1.938823805918614,0.0,65.16371939470066,352,relaxed
95,global,13.66352595386312,0.027887263061762035,0.003950492009077516,314.3940821343689,337.4862507367158,17.1381114586686,0.5190022190213868,1.2560149809019552,2156.0657269550134,2.571863744687457,1.2598098421603536,65.64712481013315,2.6063307420432,0.5842746527582603,4.227948252327782,0.5294117647058824,0.29411764705882354,2.944964292958104,1.5616034800474188,0.0,65.16371939470066,352,relaxed
96,global,29.214681033040282,0.10280828535474684,0.0016473893723911968,317.50998819043053,331.86039729164276,18.804866384749314,0.06893294723601634,0.3108548964871676,1213.3845046964693,1.7561193352351527,3.220828841065266,17.887260463054993,1.6958120641348886,0.662694098602727,1.8823529411764706,0.47058823529411764,0.0,0.5306551174000577,1.636977064635928,0.0,65.16371939470066,352,relaxed
97,global,10.934106874884357,0.06328400053555075,0.0027359978,316.32608451687855,332.1045269941019,12.773350937499998,0.16055617352801999,1.4145131281335441,1189.7952170337085,1.2164079644251893,2.1515740470849716,4.783636457011883,0.6737006585985976,0.6065741498726183,1.8823529411764706,0.47058823529411764,0.0,0.43486226961907676,1.5245699535465964,0.0,65.16371939470066,352,relaxed
98,global,4.980869419089823,0.04442559628736796,0.006988653304903593,319.50635666539506,330.94883054818564,8.031652485720546,0.8499468891442261,1.8203247118080648,1734.5935496266768,2.8717559360392615,0.7773113491468977,80.26352187064751,2.908983450721803,0.2950759607869681,1.481600469002821,0.35294117647058826,0.29411764705882354,6.4266753602965725,1.5622252943197927,0.0,65.16371939470066,352,relaxed
99,global,9.063480990948293,0.07402440803630352,0.00394319663109563,313.8121438298078,335.6579869498263,10.430261032995244,0.3449112769321143,1.6066769241269023,1688.8454058359594,2.1809173545359806,0.8704146647813669,43.21668612828818,2.380744771863737,0.6606416134713278,3.8210236212105997,0.47058823529411764,0.17647058823529413,1.8571126496834254,1.7695670968395585,0.0,65.16371939470066,352,relaxed
100,global,14.854476138608733,0.12569112426207477,0.0049151486335679865,319.02512001891733,333.45763635222346,14.334861456535876,0.5770335745216819,2.511042251119626,1884.2736246554286,3.032636040916062,1.2183765535579951,88.36606074081962,2.7517464709588437,0.6707439261136042,2.3529411764705883,0.5882352941176471,0.11764705882352941,1.9778422065358512,1.8864202624626727,0.0,65.16371939470066,352,relaxed
101,global,16.687891113157697,0.19883252767976817,0.005463667520946463,315.5778259876435,334.1378154135105,10.027528732753586,0.7034538190180074,2.074524063974172,1308.9838561600843,3.1254928566219546,2.4885517544363003,99.90216741799104,2.8753569685061824,0.6876684365310654,1.8823529411764706,0.47058823529411764,0.0,2.2422037454049186,2.198965049259529,0.0,65.16371939470066,352,relaxed
102,global,5.992723299883053,0.10853905136553726,0.004872109336496745,318.14947425930535,331.46478460343974,15.451140952652011,0.5883106615568559,0.18686970348286502,1525.249360502973,1.7467118375162831,1.2304529088990106,29.621349527583885,1.9938988833373565,0.5615593620128635,1.9633337880836341,0.35294117647058826,0.23529411764705882,3.729685687157615,1.7780927927852583,0.0,65.16371939470066,352,relaxed
103,global,2.8429284909589576,0.08007976489489288,0.00235809409175646,317.92290056957404,335.06286771500896,6.700445339771205,0.7656811309928229,2.4477003704719635,939.2765752165778,2.1439969807415213,3.4281160679312532,28.106226119518332,2.1198878293957932,0.3594607809249153,1.0730897461381952,0.23529411764705882,0.11764705882352941,6.457995872306037,1.5415749148023927,0.0,65.16371939470066,352,relaxed
104,global,22.911138734205913,0.09031723353195771,0.01412494154900371,319.73823789593945,330.0012878614642,17.167730695238433,0.4672099142136694,2.5513113402774654,1608.0805601531733,3.393912172816786,15.471997837806233,106.04696929793442,2.6569790426485316,0.626663479059089,2.1176470588235294,0.5294117647058824,0.058823529411764705,1.8295840247247417,1.8950115765669968,0.0,65.16371939470066,352,relaxed
105,global,18.285553139687533,0.04099488247306714,0.0007730257918645463,313.9242103731286,328.553698654243,13.672483208523948,0.21157922300024712,2.626088540377534,1185.8022799900543,1.6814730639868505,9.475422092033947,4.498342864161553,0.23405616752320213,0.6525440476897518,1.8823529411764706,0.47058823529411764,0.0,0.34217558204412674,1.4245621181541055,0.0,65.16371939470066,352,relaxed
106,global,12.165248652433668,0.019809355697099337,0.011630572162255298,313.5326162863669,334.4337564948139,10.553005683924786,0.16862855475534655,1.7149734707999276,2170.4569598129306,2.9550523009965426,15.939194962885505,83.83675255003344,2.231656098839637,0.6088871809305014,3.4716849061648527,0.5294117647058824,0.29411764705882354,1.7558407322495364,1.9060116461459113,0.0,65.16371939470066,352,relaxed
107,global,15.78404287303848,0.024742521590047195,0.00203880520045625,315.29760149366894,334.23904430670933,5.356857726675529,0.7107754619504443,0.6280200457672664,1818.0345640350902,2.207437050994354,1.5454931252592747,31.325351806931963,1.9512364157399475,0.6635863198525095,3.4109925049345975,0.4117647058823529,0.29411764705882354,0.3169603894056254,1.3428713167048856,0.0,65.16371939470066,352,relaxed
108,global,12.905794459453034,0.06268556405065726,0.003391839598117866,311.77154345137336,334.42012097354734,8.760156242442589,0.554462060740921,1.8675000109059137,1427.226915511271,2.859025769258943,0.189073296120831,73.02912951910714,2.656941392027452,0.6728559712730066,3.656566778775445,0.4117647058823529,0.11764705882352941,1.8641555862406416,1.7212913945053483,0.0,65.16371939470066,352,relaxed
109,global,1.4752504843076437,0.054037157121848874,0.0056355556243202634,317.9747477383901,331.6781927961296,14.795519990706842,0.7093527278061,2.0901245680641587,2060.8804327011526,2.9379724719571514,1.9173765654198263,105.4742931384923,3.8505118648707715,0.6499558495373517,2.464044278617132,0.47058823529411764,0.29411764705882354,3.320713992959513,1.652420531990359,0.0,65.16371939470066,352,relaxed
110,global,6.744181251376016,0.08744496439064342,0.001695468421050358,319.84357805863505,330.7605760783844,5.9530090328513525,0.5533656448741902,2.0000866058130935,1182.205715508645,1.5539162118293144,7.937710622870875,2.7889477378803442,0.07209156824147893,0.6337983217222947,1.8823529411764706,0.47058823529411764,0.0,0.2413619645645064,1.5091451130348703,0.0,65.16371939470066,352,relaxed
111,global,19.191570069255857,0.009629981348053221,0.009536546818686148,310.7520791594755,329.5900153664884,17.840005968638124,0.17546903009346698,1.9956967126717298,2165.59024289612,2.7780678145596,10.490981673719492,75.30196302939812,2.438901006583439,0.563613270018133,4.1531170016778685,0.5294117647058824,0.29411764705882354,3.58158587737233,1.7164867540833646,0.0,65.16371939470066,352,relaxed
112,global,13.044767431080937,0.19112086250319443,0.013144174355995509,318.49334871837317,335.36794554054916,4.589819842222255,0.2664828613070785,2.1789287803585182,2634.1335183040114,3.1561222478472573,13.703302970670846,102.28217335637498,2.637079735310115,0.6498787287663597,3.6725029400456837,0.7058823529411765,0.29411764705882354,1.8489352705233362,2.221522963025674,0.0,65.16371939470066,352,relaxed
113,global,1.6121584800386266,0.07166188267415322,0.004061547410585423,311.26038096807156,335.87665938006893,11.778616955445852,0.10953213551842639,2.6597534548345916,1057.9105177460704,0.7920550386774778,1.4801163361725838,9.398380017426819,1.6931595647835227,0.6248410134067437,2.6243814633603915,0.4117647058823529,0.0,0.5367128773005044,1.5086263559888529,0.0,65.16371939470066,352,relaxed
114,global,5.841141084451619,0.05246317268808517,0.003602159013894193,313.4358845744842,334.8256610676347,12.123356409556754,0.20748676090876483,1.4517676540168432,1052.5526348494475,1.0191715331456088,0.7904724411790666,8.985435378271386,1.2535645190467064,0.6420552819779676,1.9403318144485728,0.4117647058823529,0.0,0.3742600151574984,1.5096863407439256,0.0,65.16371939470066,352,relaxed
115,global,24.41295367349425,0.02356150184352493,0.003892242034366788,319.22768919031574,332.1163048215329,6.663996654481827,0.31333730198850884,1.983257336027581,2112.9570925592393,2.133485241679749,1.0572505259200617,31.406407575442753,1.8931351491537607,0.5899572611746078,4.203162549304805,0.5294117647058824,0.29411764705882354,1.289322329228193,1.3415586868048819,0.0,65.16371939470066,352,relaxed
116,global,21.347181836952196,0.04640317391938645,0.0021528501098768797,310.1200084957095,336.9301217765264,11.123412444511372,0.20573748691847726,2.5533775336958593,1240.2876968741896,2.185109729745116,1.24380515152247,38.4201225853231,2.296282732949844,0.6024610978700403,1.8823529411764706,0.47058823529411764,0.0,1.0572354616853996,1.6304596943200214,0.0,65.16371939470066,352,relaxed
117,global,14.854476138608733,0.12569112426207477,0.0049151486335679865,319.02512001891733,337.49572751672605,14.334861456535876,0.5770335745216819,2.511042251119626,1294.3216286067984,2.9440871718948554,1.9773715288707854,87.47186345031616,2.680559784994499,0.6414404308876489,1.8823529411764706,0.47058823529411764,0.0,2.0372105947294945,1.9451046380007408,0.0,65.16371939470066,352,relaxed
118,global,1.6279661744132383,0.1614287311868167,0.000774340586625866,313.4195411197305,330.146249289101,12.286169343223829,0.207349733518903,1.9328683323161053,1183.1442177557146,1.3465838704319812,6.340131968049357,2.621467332555662,0.1743249340793464,0.5352710315121099,1.8823529411764706,0.47058823529411764,0.0,0.5065979662106637,1.946986163656034,0.0,65.16371939470066,352,relaxed
119,global,4.35740374384938,0.1486713763150926,0.000774340586625866,313.4195411197305,334.59945932216755,12.286169343223829,0.207349733518903,1.963255651825454,1185.3989466287992,1.48071526472878,7.3611714537306305,4.667648807208398,0.18246487223402294,0.6792870886415736,1.8823529411764706,0.47058823529411764,0.0,0.49966106904976637,2.155297180414305,0.0,65.16371939470066,352,relaxed
120,global,24.580987835753135,0.16482819305177765,0.0013898181067435907,317.37254488928744,337.220429587267,4.211664671445756,0.49380204923304605,1.9901753466187155,1244.2495612025825,2.4988851539597823,4.675117495372751,40.08981780440743,2.5198025596953504,0.6283495180077607,1.8823529411764706,0.47058823529411764,0.0,0.7326645723210838,1.8526653142091933,0.0,65.16371939470066,352,relaxed
121,global,6.764592083331143,0.13971480155825572,0.019300509111733696,317.2768367343847,341.45120074574874,9.1680671161883,0.5163252667856595,2.7171947363107654,2184.0436406929425,3.1349589630591574,55.961028976766656,106.05611006838105,1.1255959719836652,0.5528675150080959,2.588235294117647,0.6470588235294118,0.17647058823529413,0.5883665930651125,3.033585367627853,0.0,65.16371939470066,352,relaxed
122,global,22.787711955581347,0.025683868393088546,0.0013029962611765655,318.35586584582296,333.66042729077753,15.863554239595079,0.2767245168666618,2.636499898441765,1808.3434826617297,1.9946727439391647,4.999443611460428,24.891866479913222,1.5995502953625422,0.5466888801656873,3.134475573332462,0.5294117647058824,0.17647058823529413,0.40111466784346417,1.38989485918463,0.0,65.16371939470066,352,relaxed
123,global,16.114798833241444,0.0896879540670504,0.0020972141344050496,319.3015304895015,334.4088662976716,16.99292425009954,0.8212810566062885,1.9892363905829078,1256.8285449695265,2.5036801906864823,3.7257526977934114,53.66284159470905,2.40966515356108,0.6070802250655796,1.8823529411764706,0.47058823529411764,0.0,0.9402287239772784,1.670354899621989,0.0,65.16371939470066,352,relaxed
124,global,8.09556312660235,0.1606647269733694,0.00860714384561843,318.47749086009054,333.40176152251655,15.951409026000569,0.3281617095848204,2.15724405912807,2205.105311248287,3.205334468736559,5.236856152209926,110.3145384340387,3.0357222448379417,0.6720658620564448,3.7408296282566957,0.5882352941176471,0.23529411764705882,2.7835896233381785,2.2295434168430126,0.0,65.16371939470066,352,relaxed
125,global,20.302471982482345,0.01820732548439616,0.007903853802254645,316.51380706344713,337.18725325647637,15.126646673523595,0.4401697010959201,0.7323463479809497,2301.2179179456407,2.6131524094136362,6.8648307268147635,66.77539027006183,2.2916527353874536,0.592218420833482,4.361103315532453,0.5882352941176471,0.29411764705882354,2.423383671107302,1.6345947973869537,0.0,65.16371939470066,352,relaxed
126,global,14.219046834776055,0.1139021782601022,0.0009497215305785695,314.5092815144408,331.4159829268596,7.295314824917531,0.35113102602845475,1.2599994620770714,1203.3332093427769,1.810146867081312,8.880266038230735,16.206939222901468,0.7913796937685484,0.5953785701658421,1.8823529411764706,0.47058823529411764,0.0,0.6366779015525731,1.7725713603531712,0.0,65.16371939470066,352,relaxed
127,global,20.98411826410608,0.09486831483789193,0.0029829335103298306,317.2860338107317,331.3941782372911,16.741603232538964,0.1481159297022464,1.2560149809019552,1225.056794773628,1.664128334497524,3.159317665986251,26.146240860592787,2.0165862203335823,0.5789262835642994,1.8823529411764706,0.47058823529411764,0.0,0.7589302979157262,1.6879738748303277,0.0,65.16371939470066,352,relaxed
128,global,7.009304752596518,0.03376320622654842,0.00392901990332332,317.6776484140719,333.60544460992594,19.651741642114242,0.06893294723601634,2.1768178195809575,1206.9046542476956,0.9591914676182557,0.3015272076002522,12.578417879692651,1.601251714224846,0.5752524575469816,1.8823529411764706,0.47058823529411764,0.0,0.6954176274106175,1.146988959244438,0.0,65.16371939470066,352,relaxed
129,global,25.337185890577864,0.04267034961324296,0.0027359978,315.2440435374798,332.844039458,11.142645317996877,0.30430966095328305,2.6803362788499308,1533.3321817090475,2.21810361014479,1.4620104154749196,38.796149743476306,2.133731569962026,0.6369743991835827,2.1176470588235294,0.5294117647058824,0.058823529411764705,1.0901800198508866,1.488429004516563,0.0,65.16371939470066,352,relaxed
130,global,11.859686522904216,0.05896625712074673,0.0031092034518013798,318.11359983278464,334.3976637613666,15.4380058668408,0.8101262030927254,0.9919712658040734,1194.052156233666,1.3823710780260987,2.547558847837234,6.613649997955706,0.9294126218959777,0.6116978100710388,1.8823529411764706,0.47058823529411764,0.0,0.24727011857156866,1.5591209351611974,0.0,65.16371939470066,352,relaxed
131,global,12.915201049639983,0.07402440803630352,0.005285226536342052,312.79587064604954,332.3526165509751,15.989390393088954,0.3449112769321143,1.6066769241269023,1862.5097547284245,2.5777899128921256,2.152242801075479,67.0136393619808,2.6699689318109847,0.6201820869371739,2.3529411764705883,0.5882352941176471,0.11764705882352941,2.341638073088999,1.8706776988908436,0.0,65.16371939470066,352,relaxed
132,global,15.713719409734939,0.01657671676480503,0.001588384668425773,319.9322456950714,334.4324928961592,7.2326945886645575,0.7595427449160368,1.3487734585617712,1062.1071492743242,2.133700909752017,5.679089205486277,12.316844359580642,1.6385300244729224,0.5448349649299025,3.6063585147032096,0.23529411764705882,0.17647058823529413,1.3259875294724457,1.4155334645511368,0.0,65.16371939470066,352,relaxed
133,global,15.101725674072462,0.19883252767976817,0.0032859160247765556,314.0810553289425,335.4413927559054,12.719432044871564,0.743838082096292,2.72778772353462,1305.2536713446782,2.9665603413531216,1.6097686075117328,95.68952052410523,2.955885028793453,0.6751917383687868,1.8823529411764706,0.47058823529411764,0.0,2.0224707632824184,2.29564973751016,0.0,65.16371939470066,352,relaxed
134,global,5.992723299883053,0.11384530317821955,0.004872109336496745,319.01720157753937,329.0980855563775,15.451140952652011,0.5883106615568559,0.6824501593453988,1182.355467739833,0.9870812100834923,4.032409572762569,2.3772574358698435,0.1451847649165586,0.5971911651855123,1.8823529411764706,0.47058823529411764,0.0,0.5181100327754369,1.7409860668378054,0.0,65.16371939470066,352,relaxed
135,global,2.8429284909589576,0.03307030695713899,0.0016691710810085806,316.11567544101797,338.03143840803443,14.808222810197261,0.11942999379288605,0.9109562572906353,1198.2939456526515,1.0167515407819554,2.9157632079836904,0.7770983643989594,1.9037019174186356,0.4920278568455423,1.8823529411764706,0.47058823529411764,0.0,0.6027379124559423,1.1435617583330784,0.0,65.16371939470066,352,relaxed
136,global,9.520630351714786,0.029230415192044765,0.0034541041403458473,319.73823789593945,338.9542859130577,14.838662799238834,0.4765831294250129,1.5114874831926162,660.9563445929444,2.382557697035365,0.5002676589407553,47.613986567579026,2.316901232915922,0.6485038993467298,2.2641068000231095,0.17647058823529413,0.058823529411764705,0.4248473162704152,1.4008968372451416,0.0,65.16371939470066,352,relaxed
137,global,16.12991832927917,0.19994558867048592,0.0007730257918645463,310.2175428324796,333.0665366888572,13.749603085795531,0.6701248600920169,2.626088540377534,1260.5002449053784,2.80494106538494,5.971412048225579,55.642702254608324,2.5387767676199258,0.6058094759302589,1.8823529411764706,0.47058823529411764,0.0,1.0731787727523534,2.3307618490996918,0.0,65.16371939470066,352,relaxed
138,global,17.5121727946015,0.0051005456731572085,0.010058661422320904,313.83513739005343,330.1456074836854,17.88071158038114,0.3194992299497845,1.3509995014308136,2162.3687623899777,2.6867958105766214,11.372308784977621,72.74352997689036,2.3981696594086794,0.6007027107919782,3.9596327796515016,0.5294117647058824,0.29411764705882354,3.340663166806071,1.677305998461605,0.0,65.16371939470066,352,relaxed
139,global,16.454514124944783,0.056735550794469056,0.004233693944684977,318.7444223138391,328.69912249408617,8.933589615029106,0.4848252499221899,2.160449632306201,2304.9179871427395,2.974775582174946,0.7565629873777993,70.24615275791146,2.4699529908275144,0.6206459854300034,3.587864151998509,0.6470588235294118,0.23529411764705882,1.8317625025946167,1.4529250642186726,0.0,65.16371939470066,352,relaxed
140,global,7.606825824196072,0.18348797934052846,0.00530131020826278,310.6313681581163,334.72926628669506,8.720668320862096,0.14919140304472495,1.7142640560722158,1231.5721343967195,1.1958095829383057,4.030043978256143,31.861253930272323,2.0944402938906697,0.6108683522037266,1.8823529411764706,0.47058823529411764,0.0,0.7185245466795296,2.6258041819437965,0.0,65.16371939470066,352,relaxed
141,global,24.325345657540073,0.15432625404989408,0.004185906736663343,313.65619698598545,334.83985529839174,19.16437444693233,0.9776163339542774,1.1463998058261826,1269.2667595785172,2.657974412061424,2.73891067080879,61.983263924465916,2.726584473652732,0.6631283805009586,1.8823529411764706,0.47058823529411764,0.0,1.9577615878255927,2.106163873946954,0.0,65.16371939470066,352,relaxed
142,global,28.72464873001799,0.12007496558888553,0.0029571891338775053,319.84357805863505,333.9069236205877,12.3537054516306,0.5533656448741902,1.764112122137624,1250.4951465638405,2.6386863339443742,2.286508908720134,47.19956828465324,2.435644223879556,0.660371776725299,1.8823529411764706,0.47058823529411764,0.0,0.9348429140973905,1.6985859236507228,0.0,65.16371939470066,352,relaxed
143,global,22.099036082182806,0.085816152650437,0.00801390000366572,314.2291446572017,330.06379340360854,2.831836643085264,0.8480746447690685,1.9402818346655455,2474.8460372616523,3.187903234612073,3.678789649900723,90.11221670967771,2.7497699869604846,0.6440294761191605,2.823529411764706,0.7058823529411765,0.23529411764705882,2.0971679343064773,1.7469667764750794,0.0,65.16371939470066,352,relaxed
144,global,0.1541351942280631,0.1433944661214197,0.0011944274128281567,314.35862501633,333.93940583210053,13.370186062519391,0.2723418689543212,1.4776123483231214,1183.375400109012,1.1446299072275623,4.013740871834692,1.2341820103011236,0.3622617702253255,0.5007331891205711,1.8823529411764706,0.47058823529411764,0.0,0.5064120327919966,1.7256630482500117,0.0,65.16371939470066,352,relaxed
145,global,21.53040581008886,0.11342575962411669,0.004061547410585423,310.39607635982236,331.01626349885174,13.898857446515935,0.3123521265899717,0.8248345115487351,1247.0688531480237,2.0020781358033095,1.7030732153131718,42.63679068149942,2.545709291394639,0.638876481971347,1.8823529411764706,0.47058823529411764,0.0,1.0892424115292034,1.9779825928697983,0.0,65.16371939470066,352,relaxed
146,global,14.898096817146854,0.043126562402598635,0.0006245863358541309,315.3047342814848,336.8579452787237,5.069763153455618,0.4018120878965371,2.0795659633907984,1196.9692259905787,1.7927875115812266,9.298806485942023,8.125997665087716,0.9978793922575288,0.5525296556443964,1.8823529411764706,0.47058823529411764,0.0,0.25957995439891884,1.4338688658836323,0.0,65.16371939470066,352,relaxed
147,global,24.41295367349425,0.04004380856264751,0.0016648008998707171,313.99899170836255,333.04828525002887,6.663996654481827,0.872807807710859,0.15262500976904625,2559.251762313401,2.251071800352095,0.9527749146004204,36.16024117726686,2.0290497370553604,0.673275175893991,3.704089969321062,0.7058823529411765,0.29411764705882354,0.5323443309148501,1.446113046016497,0.0,65.16371939470066,352,relaxed
148,global,2.321825228702524,0.05994845192439598,0.0021528501098768797,315.81566048192076,332.7006437585461,7.522439609213782,0.5528024866003345,2.5533775336958593,1068.1592695358916,1.7246446430225257,4.267105090749773,18.17653691103589,1.6407361486348881,0.4338455919911882,1.692855688988398,0.4117647058823529,0.0,2.6455598367795763,1.4529609387260392,0.0,65.16371939470066,352,relaxed
149,global,26.637716837900243,0.011383463161352261,0.003113254601918287,311.7935944138165,335.99089008294214,5.734588829483552,0.25161474176962234,2.1865629050335285,2269.9636581835593,2.1430220637628414,0.030997459604345273,39.05039198475114,2.0735666297239796,0.5882479606483632,3.974590593157678,0.5882352941176471,0.29411764705882354,2.004284214677349,1.3720350366909597,0.0,65.16371939470066,352,relaxed
150,global,11.375055007047182,0.02981809395093886,0.004224580171867522,318.72027539258823,337.7393825632621,5.613216381591414,0.207349733518903,0.9309207210651832,1820.4466590107636,2.0444172972309484,0.3545648679905055,32.19545137045464,2.1199801132809015,0.6502925037704204,2.7452767270026937,0.4117647058823529,0.29411764705882354,0.6416407542758135,1.3158784941209858,0.0,65.16371939470066,352,relaxed
151,global,11.915768794665063,0.0449223189698611,0.000774340586625866,313.4195411197305,331.2555860198408,18.31400728633544,0.207349733518903,1.6301433918132855,1185.6726744490873,1.6010511166957935,9.434992844111646,4.029956995828705,0.2546663516640816,0.6823239298173176,1.8823529411764706,0.47058823529411764,0.0,0.48327406268951095,1.4589189491658112,0.0,65.16371939470066,352,relaxed
152,global,14.651213060152532,0.011395548467865613,0.002624581831269215,317.37254488928744,332.6370475076985,5.579159098967514,0.20473504108590096,2.80233090286627,1511.5266758593054,1.9514784744794118,2.4454233165394608,18.848850248942032,1.6223571392807392,0.5533374273973758,1.4965815656233825,0.29411764705882354,0.29411764705882354,4.5969610434912624,1.287158764680982,0.0,65.16371939470066,352,relaxed
153,global,8.707433074388618,0.034811495596646036,0.0012216625600442663,310.80697544983514,336.9040785300781,9.1680671161883,0.4529142638203494,1.039117344029746,1186.0010714073005,1.5337285652491908,5.1535884850792515,4.22101479907659,0.34607549528196235,0.6168912085066282,1.8823529411764706,0.47058823529411764,0.0,0.147551362431479,1.478238060351149,0.0,65.16371939470066,352,relaxed
154,global,16.2560007376242,0.07255219690523274,0.0017763903704679472,314.1628523579803,333.66042729077753,5.717550159440153,0.19279138351989056,0.4263167733170776,1199.368170078088,1.4359856994921234,4.19101601996657,12.506584681844803,0.8309501709276254,0.5977940813709133,1.8823529411764706,0.47058823529411764,0.0,0.4855956468573891,1.6121877072175128,0.0,65.16371939470066,352,relaxed
155,global,13.421117556321928,0.05483433756775613,0.003157128844405153,312.43508418965115,330.00577501658694,8.977515026935052,0.27880138089311124,0.7239193244798062,1199.9303071483241,1.3753416484396372,1.7309706838512318,10.873717643974798,1.106157145425289,0.5806735703754372,1.8823529411764706,0.47058823529411764,0.0,0.1832588624911772,1.564794572809568,0.0,65.16371939470066,352,relaxed
156,global,8.09556312660235,0.006501393090602797,0.002261254131819575,315.78067228531205,328.7520068820661,5.92650927217353,0.7250013429569552,1.1368137010224568,1218.7701965724534,2.119892955277728,3.508863017998685,21.78667885850439,1.7807369620555829,0.6602635072341336,1.7649313924654413,0.23529411764705882,0.23529411764705882,1.1677000115047724,1.3246101155277867,0.0,65.16371939470066,352,relaxed
157,global,20.302471982482345,0.08823298164637498,0.0010469210575484687,313.99177966863056,334.3555363931362,12.353865262514542,0.23303223809260548,2.0588691333183444,1229.62120402513,2.0116943602989314,6.9503982556649175,30.30869966843332,2.011835212221129,0.5510716736857063,1.8823529411764706,0.47058823529411764,0.0,0.796775336284544,1.7147881676790186,0.0,65.16371939470066,352,relaxed
158,global,14.219046834776055,0.009922883065963464,0.0009497215305785695,314.5092815144408,336.54850968507236,13.416927844757243,0.5749902406925033,1.2599994620770714,761.5275011702678,2.077743386630967,6.414548500169594,9.26085015540522,1.3857115909203817,0.5939812442970023,2.8367149567575574,0.17647058823529413,0.11764705882352941,0.7592532524193603,1.458970734598824,0.0,65.16371939470066,352,relaxed
159,global,24.802155770618405,0.09628666990224086,0.0033040110001855746,319.0699580562503,336.2794513824133,3.6591024115203856,0.39055301743675813,2.0372820735870887,1682.662916304812,2.235009583810342,1.3964581517216073,38.6067884720285,2.341603599377884,0.6225070793862942,3.1598368939412502,0.5294117647058824,0.11764705882352941,0.9550203243421287,1.6348381335279758,0.0,65.16371939470066,352,relaxed
160,global,7.009304752596518,0.14680256646512818,0.017510575069032794,317.6776484140719,333.9169814036255,19.651741642114242,0.4851723993307086,2.162654441360611,1797.194703902811,3.9274599933323837,37.87971155747624,146.38286216458624,2.5393169684405574,0.5827615415520501,2.916814112232664,0.5294117647058824,0.11764705882352941,2.0163926288142386,2.891011806158081,0.0,65.16371939470066,352,relaxed
161,global,1.1798902913297713,0.010364462842262417,0.0007420302954720733,317.53772271,332.844039458,6.869690812999539,0.5519488732643772,0.3516997312191952,1214.5505235556714,1.58977209654452,9.41848252386819,0.9049983393000066,3.4424750373520214,0.6754872189707368,1.8823529411764706,0.47058823529411764,0.0,0.6105498529360952,1.5043050047130262,0.0,65.16371939470066,352,relaxed
162,global,14.050571868454762,0.005982415355277895,0.0018891129136122883,313.0456584611287,331.8156318076834,8.031652485720546,0.24745261901469706,2.4225609942076005,1809.1299861744828,1.9346850381828284,2.568868539287414,21.272716009361346,1.6155818407651918,0.23588478455279993,1.487768038408771,0.35294117647058826,0.35294117647058826,5.751132059388528,1.33047448665679,0.0,65.16371939470066,352,relaxed
163,global,19.548388985774615,0.0739604930594237,0.009131021175376336,319.72909635323845,328.1202813578098,19.078383435320436,0.3449112769321143,1.6066769241269023,2446.1795819370586,2.4208824129900983,2.0915281335255704,65.07387451409669,2.488975524861971,0.5934308453812199,2.823529411764706,0.7058823529411765,0.23529411764705882,1.3189345886958275,1.674613499301809,0.0,65.16371939470066,352,relaxed
164,global,19.019716132262978,0.10813569771043433,0.0011679567826159646,317.11047274643374,331.39847621731013,7.2326945886645575,0.6299898460783369,0.7138008475184653,1205.9954168371512,1.8388171404217322,8.08546303470338,17.224161903181727,0.96282756751731,0.5814773883789225,1.8823529411764706,0.47058823529411764,0.0,0.6476341156384059,1.6502340462585043,0.0,65.16371939470066,352,relaxed
165,global,16.863669699470385,0.04833465188001397,0.0043381029077977536,317.54954988988464,336.2303641789953,12.655528978615385,0.39227604087326606,2.303193708082734,1545.320378454123,2.2111848482615803,0.39989710985233096,48.257380134937314,2.2562694477869023,0.6041963914822598,2.9951482972081567,0.47058823529411764,0.11764705882352941,2.061909564066337,1.5528499784555485,0.0,65.16371939470066,352,relaxed
166,global,26.564634036705623,0.02998304315524565,0.0020013464733938686,319.01720157753937,335.24508138942826,15.451140952652011,0.3499306611693931,0.47206577298223507,1047.9003698414479,1.6237701074736572,6.018472542600195,8.56006681321369,0.8096333521055894,0.5484869724454198,1.6963430775490818,0.4117647058823529,0.0,0.13617392925666535,1.439318550643047,0.0,65.16371939470066,352,relaxed
167,global,3.3245992099302804,0.02882330919109151,0.006428405481735181,313.9255663541167,335.04585801942204,12.432756312471046,0.7656811309928229,2.465535602339569,1910.2869306240038,3.363194782087877,4.779969070520063,101.94175933186341,3.8103591703353175,0.5910603059553766,2.590202798969449,0.4117647058823529,0.29411764705882354,3.330116011057335,1.852870472384896,0.0,65.16371939470066,352,relaxed
168,global,8.853900466124156,0.09560092073356123,0.0007570699794367357,315.13586292221765,333.0857153771169,8.227611440269179,0.5393767179296538,1.5114874831926162,1189.189220028301,1.6239421488407229,9.780403722742655,7.187648922361582,0.27995397946083345,0.6364887779547681,1.8823529411764706,0.47058823529411764,0.0,0.5524899340540955,1.6846603220345953,0.0,65.16371939470066,352,relaxed
169,global,18.285553139687533,0.04099488247306714,0.003279549065515694,313.9242103731286,330.49412973679875,13.736698443648807,0.21157922300024712,2.626088540377534,1385.341834369343,2.1464170999288497,0.9961975355775794,37.645844223377146,2.1597323315792902,0.6650764991622741,2.812864608653379,0.47058823529411764,0.058823529411764705,0.752090761406671,1.4981443133334995,0.0,65.16371939470066,352,relaxed
170,global,16.63050236416512,0.04723174118086927,0.010058661422320904,313.83513739005343,330.3765269471108,8.360230709448906,0.5271744201364241,1.970674272238873,1897.8274824343164,3.326745284870734,8.199065821612113,98.69507738180634,2.7569167541745485,0.6302708031654081,3.448462277606621,0.5294117647058824,0.17647058823529413,3.8806492969535316,1.8433265550874032,0.0,65.16371939470066,352,relaxed
171,global,17.517167913783553,0.16873903847593713,0.003402585419242583,316.53587295122617,333.2886060171695,8.190266922662452,0.40604404374593944,0.6280200457672664,1242.7160304379743,1.8631704758172731,2.345851090787109,40.00823988589571,2.3996959054204776,0.6076265006234476,1.8823529411764706,0.47058823529411764,0.0,0.7779601627486225,1.9720911259999931,0.0,65.16371939470066,352,relaxed
172,global,7.704955050816843,0.19564070904026504,0.003391839598117866,319.260078447245,332.3855257776534,8.93356175036488,0.14822150728636052,0.6755306672438948,1189.6552040753465,1.047589650149197,1.8793818935636124,5.547493165907131,0.5829038676099764,0.5673732092068474,1.8823529411764706,0.47058823529411764,0.0,0.4783534891763858,1.95597814944432,0.0,65.16371939470066,352,relaxed
173,global,14.241781978642033,0.15432625404989408,0.0011066617639122478,313.01056948996444,328.6306363015332,19.16437444693233,0.08284926010191168,1.1463998058261826,1233.8533504153147,1.9829624894284876,5.577459921349959,33.62871601376346,2.1111334949637857,0.5737316518837758,1.8823529411764706,0.47058823529411764,0.0,0.8476784210121745,2.0220459376300224,0.0,65.16371939470066,352,relaxed
174,global,15.188965336151794,0.016490483692312277,0.0019055107854961516,319.2705542630033,333.9935470030432,8.763773996511054,0.5533656448741902,2.0000866058130935,495.8297118398577,2.313437256300366,2.5786733824338413,32.79652816837694,1.8932014071851475,0.6619860472507982,2.61362553769084,0.11764705882352941,0.058823529411764705,1.0349940732889262,1.3741250330567787,0.0,65.16371939470066,352,relaxed
175,global,15.801380957858495,0.10285871854615987,0.0009374711312017409,316.28878652094284,331.9197749704059,2.831836643085264,0.12072225883208099,2.1473184308561355,1193.254042269085,1.6331680902231447,7.281792709319819,9.023243937969474,0.533854005564943,0.5924836268808455,1.8823529411764706,0.47058823529411764,0.0,0.49807449232679657,1.583731730724388,0.0,65.16371939470066,352,relaxed
176,global,15.61245160661894,0.10385514598054477,0.0026169945268953434,315.82656262343716,330.40812913814545,2.120219811739105,0.4579268489532001,2.99781823176097,1272.4132927578587,2.7780798728328273,1.0906311138379836,69.97316230570237,2.3719861282658434,0.5916092036410691,1.8823529411764706,0.47058823529411764,0.0,0.8301686930400822,1.6151875772158146,0.0,65.16371939470066,352,relaxed
177,global,20.47393839441761,0.06568034855276068,0.0024818064954646177,311.26038096807156,335.87665938006893,11.778616955445852,0.4305414417278304,1.566096330476855,1253.7133670142887,2.333907852250193,1.0743358758584496,48.61447158278675,2.605592008144372,0.6380479713982378,1.8823529411764706,0.47058823529411764,0.0,1.1919389842128572,1.7321245006125157,0.0,65.16371939470066,352,relaxed
178,global,5.841141084451619,0.047317298854727484,0.0018564710398747668,313.4358845744842,332.2789523474228,9.378927550047669,0.07949570752092483,2.357498640862275,1181.9637404001128,1.0213289079393515,2.477451020273004,0.651703228528714,0.3010013483167645,0.6115014502071315,1.8823529411764706,0.47058823529411764,0.0,0.45424346382986475,1.2493690431106195,0.0,65.16371939470066,352,relaxed
179,global,12.440522868248207,0.02356150184352493,0.003566484814503847,315.80489115699675,331.6945319129568,16.78292787848894,0.31333730198850884,1.210740272545494,623.3008324976288,1.7308957453811764,1.253109326361162,15.509722127405476,1.7593943411295552,0.6398107299247809,2.4586354000909294,0.17647058823529413,0.058823529411764705,0.3437953669604039,1.3189097054062888,0.0,65.16371939470066,352,relaxed
180,global,7.737177258916882,0.010208667252120607,0.002203421245693839,315.81566048192076,332.7006437585461,14.290027265379939,0.15270858498626155,2.4661531431590515,1510.6148708653445,1.7908596285462062,2.9290529165463948,17.75009722976345,1.5157176966808863,0.2485903739595693,1.2136567465293902,0.29411764705882354,0.29411764705882354,5.990042330829588,1.2820189327505194,0.0,65.16371939470066,352,relaxed
181,global,8.935553913068022,0.059292263961307275,0.001378206329852926,314.4437204703245,330.84416194828947,14.526624734487108,0.34494569970124245,2.572024621580852,1222.3245866479608,2.065457297573193,6.206539721963123,23.76315962040229,1.9827191367641737,0.5251430385056984,1.8823529411764706,0.47058823529411764,0.0,0.4123305285732897,1.5213209828501888,0.0,65.16371939470066,352,relaxed
182,global,13.341721206292432,0.1614287311868167,0.00172075476635564,313.4195411197305,332.6151073921395,15.370516674408293,0.207349733518903,1.9328683323161053,1251.2255357463093,2.1583569353063368,4.71959016809485,47.793786869514776,2.4277496555557163,0.5896396819964965,1.8823529411764706,0.47058823529411764,0.0,0.9525694138582528,2.1579761478492347,0.0,65.16371939470066,352,relaxed
183,global,4.35740374384938,0.1486713763150926,0.005467737297887059,313.4195411197305,334.59945932216755,12.521985908295818,0.08315823990606985,2.14599572829193,1190.7196991143542,0.7483299557870872,2.6210670464238435,4.2905408493306405,0.8077365198605984,0.6062573390779061,1.8823529411764706,0.47058823529411764,0.0,0.4993971708209808,2.153287779262908,0.0,65.16371939470066,352,relaxed
184,global,24.007795870929073,0.05638322074857049,0.005010964515311884,319.8135077234272,332.26934251071617,10.354388109409484,0.5847118262488797,0.43848811406806876,2735.3682523574766,2.720227564652305,0.6469109744146898,60.89458377180484,2.4291788795745783,0.6108223339669363,3.0588235294117645,0.7647058823529411,0.29411764705882354,1.1662279074109259,1.4810250547016166,0.0,65.16371939470066,352,relaxed
185,global,8.707433074388618,0.034811495596646036,0.0012216625600442663,319.8623580922708,335.4134464763025,11.809583865162319,0.4186581981664267,2.1167966480016482,460.4923686759519,1.8938443739536135,7.121689676659763,7.003050986461397,0.9958761856793831,0.5874533696516496,2.2179192543477173,0.17647058823529413,0.0,0.2562250254390529,1.4300924910984312,0.0,65.16371939470066,352,relaxed
186,global,15.25240289658477,0.025683868393088546,0.0014344676914808396,316.63391178415856,332.1751819538505,5.579028827669903,0.6735344572003524,2.286599980165357,1235.9180607704907,2.434285978702345,3.58070119296861,36.58082565625106,1.976268079129812,0.6523762492563305,3.1239630137678454,0.4117647058823529,0.058823529411764705,0.8479513745056847,1.3648432082583213,0.0,65.16371939470066,352,relaxed
187,global,13.460467187555892,0.07314734283373944,0.0029146964356324594,317.35558435972655,331.7948261965765,15.645034704994249,0.21555860620171907,0.7239193244798062,1190.863177804031,1.2484908575705196,3.993029894507369,6.910775335139468,0.5406272064428237,0.6074149326995576,1.8823529411764706,0.47058823529411764,0.0,0.5173500000042933,1.6061065049411836,0.0,65.16371939470066,352,relaxed
188,global,14.145566918147146,0.09228911932819063,0.002382058871206235,316.9575977617441,335.2294543766416,15.96355530241435,0.48746313938028696,1.1368137010224568,1209.7072517001718,1.6131572354896164,3.8934458438377924,18.28630152808316,1.277567838565418,0.5968886049344633,1.8823529411764706,0.47058823529411764,0.0,0.5877237650222611,1.771707355185325,0.0,65.16371939470066,352,relaxed
189,global,18.627286324142748,0.07566133012225305,0.0051134692537577915,310.17700253818543,331.9571927760297,14.858451142276714,0.5448993060233586,2.464713633002798,1301.0108174266506,3.226694754308866,4.03972718269484,93.57066176875983,2.732613597911477,0.655583774589946,1.8823529411764706,0.47058823529411764,0.0,1.8721053687931783,1.897451647058096,0.0,65.16371939470066,352,relaxed
190,global,13.507391613265629,0.02557185401199369,0.0015766110247099827,316.45371712560535,332.62605852038826,13.416927844757243,0.2863622881044471,0.6001078719316937,1476.5483258578008,1.3769333600562021,6.801409086409646,1.7182306418748425,0.17903630050799,0.576469655022869,2.1176470588235294,0.5294117647058824,0.058823529411764705,0.4894095030481317,1.3891337059814497,0.0,65.16371939470066,352,relaxed
191,global,20.746090667290254,0.020739355580488505,0.0029829335103298306,313.2404953297343,333.78782623096623,16.741603232538964,0.24232115225664186,2.453101685698505,949.2456809562282,2.262601789320673,0.39621680192932657,42.036139245880264,2.182137629554196,0.647266269802804,2.5394353027118615,0.35294117647058826,0.0,1.4072277801981268,1.3835160337981574,0.0,65.16371939470066,352,relaxed
192,global,11.764311211060594,0.027655621973438696,0.003987074530437364,318.5315972658611,336.9583229281293,6.755627028503639,0.5329041885468847,1.2054177780196131,1254.2844668617074,2.476051905154337,0.13360993384267292,52.39169004452606,2.3374094144493807,0.6600859316593898,2.755464588813366,0.29411764705882354,0.17647058823529413,0.31540060576491213,1.3993380078092634,0.0,65.16371939470066,352,relaxed
193,global,13.8147441022,0.03907644282360864,0.0029962643473330055,311.5618444122993,336.04359344897995,11.868128405880823,0.6650308442754033,2.6233969627149953,971.8518518566736,2.6697620050873074,0.17245641788600427,60.53388756759173,2.4708028512882745,0.5831690856203812,2.3062617542092028,0.35294117647058826,0.0,2.7295795022529354,1.5872734755841313,0.0,65.16371939470066,352,relaxed
194,global,11.660952715928339,0.05896625712074673,0.0031092034518013798,317.8171408518426,331.8156318076834,13.708605760054912,0.24688368242520492,0.9919712658040734,1185.5062785254981,1.1742242491109878,3.430931753912723,3.536959121355458,0.35136740325676313,0.5658620213642837,1.8823529411764706,0.47058823529411764,0.0,0.49677275748493843,1.5003052884481693,0.0,65.16371939470066,352,relaxed
195,global,27.433249247862612,0.07402440803630352,0.008703570493496746,316.87225306476086,329.63669279682307,17.774873098822834,0.5110466333204173,0.31524708567981863,1592.9823623410914,3.264209771589983,7.919150700629277,91.88732590674235,2.653000646344756,0.6344472361075576,2.1176470588235294,0.5294117647058824,0.058823529411764705,1.7006083344652647,1.7791021037083823,0.0,65.16371939470066,352,relaxed
196,global,15.713719409734939,0.03560070762652308,0.0020481211789330194,319.9322456950714,335.8179042273125,11.554212524098933,0.8672989516599943,0.4604650738633942,1967.5549208257535,2.329476753856718,1.486780850504698,32.62846020352333,1.9626288321820713,0.5974363074236172,3.997229664047069,0.47058823529411764,0.29411764705882354,1.068400357874749,1.3540918489760911,0.0,65.16371939470066,352,relaxed
197,global,5.9983255138394895,0.05850742787608035,0.0043381029077977536,319.0356618970375,332.02564262336506,1.8255226600981747,0.39924404487974874,2.4551948465824163,1502.686247221023,1.4683385835515277,1.2792532096419276,12.810295977186026,1.4594382100145746,0.3970928822621688,1.5519009414818588,0.35294117647058826,0.23529411764705882,3.576655720058529,1.3129595614292084,0.0,65.16371939470066,352,relaxed
198,global,26.28676455874372,0.02998304315524565,0.008201185639129888,316.92827615622207,335.24508138942826,17.35381597699388,0.5010394884928452,0.5119137043160935,2292.678703142129,2.375603695607873,5.3870781464194,58.72053265096564,2.321948050238124,0.6294279378328449,4.474727287550086,0.5882352941176471,0.29411764705882354,1.7468170837151178,1.6472671064597209,0.0,65.16371939470066,352,relaxed
199,global,4.937603047016022,0.09841787967513747,0.0005976972224973429,317.8801297595663,335.39350823866084,16.669697908914188,0.7656811309928229,1.6318240484940016,1197.1280324393786,1.6267983253417517,11.38403002144564,4.601561779101558,1.3148545379305427,0.5582386719468982,1.8823529411764706,0.47058823529411764,0.0,0.5749302900946612,1.7161791560584796,0.0,65.16371939470066,352,relaxed
200,global,17.309012931955017,0.01820835073325998,0.001096603880743622,315.17204175172384,334.64443436958203,1.3319503041484388,0.7220505501658663,2.4995444574126027,640.3989445343293,2.350762376601638,4.037333066488244,30.672068687613084,1.7834502356456763,0.6510853968842332,4.165556176509221,0.17647058823529413,0.058823529411764705,0.8430140169093217,1.3684591725534476,0.0,65.16371939470066,352,relaxed
201,global,9.365751278782822,0.158129140538503,0.004269858653936648,314.0522390051518,333.45939324872046,5.595410988468074,0.21157922300024712,1.8989974833300103,1233.8614798643196,1.408023504137112,0.7643118981402294,33.25657379710302,2.210480259736756,0.6445118989740979,1.8823529411764706,0.47058823529411764,0.0,0.7632119569328146,2.1721038454278454,0.0,65.16371939470066,352,relaxed
202,global,16.63050236416512,0.07979474186179566,0.01991802163732686,313.83513739005343,336.7845251736227,17.88071158038114,0.173567665110134,2.436141945147192,2190.3946824997342,3.257897052204608,52.95814472064362,109.57900810442605,1.4082470685672248,0.5687565256984037,2.588235294117647,0.6470588235294118,0.17647058823529413,0.886261663935337,2.54075785112487,0.0,65.16371939470066,352,relaxed
203,global,14.791950279579803,0.024684089596464356,0.0026177474898253844,311.9981382512086,332.53896369370597,6.2097837864486145,0.40604404374593944,2.8142644054646646,951.6653004485892,2.3119959538584736,0.6239066412760502,45.68077274704852,2.020926535280894,0.5393324540895343,1.6321981211372059,0.29411764705882354,0.058823529411764705,2.230913640365514,1.3892483202257142,0.0,65.16371939470066,352,relaxed
204,global,12.77218719416556,0.05516457395316326,0.0038383566416627206,311.8368747130699,330.8494737858788,12.102863658493238,0.11149634436416828,1.7142640560722158,2101.6163391355785,1.422466629404147,0.3150208171899687,21.77810546327826,1.8883025471495827,0.6592152095359696,2.588235294117647,0.6470588235294118,0.17647058823529413,0.5665210214751907,1.5684927446273047,0.0,65.16371939470066,352,relaxed
205,global,15.164499448895434,0.03278069341472725,0.0011066617639122478,316.6776963382709,328.6306363015332,19.16437444693233,0.33265615818702887,0.7744611255520917,1187.0487290952478,1.5860542739909924,10.63476887613328,2.909069857101505,0.48544738113915414,0.6743941653008005,1.8823529411764706,0.47058823529411764,0.0,0.5559928821619706,1.3953053583943567,0.0,65.16371939470066,352,relaxed
206,global,25.364530075460742,0.0505195854307182,0.00599974195521454,311.75641790094994,335.5905739027089,10.70485578355595,0.6953550013373998,2.4451203339791965,1582.2478323113805,2.962555121998666,4.239089020826677,82.30791699466167,2.600257260639389,0.6256814104359606,2.1176470588235294,0.5294117647058824,0.058823529411764705,1.4724253675690357,1.7562981950265097,0.0,65.16371939470066,352,relaxed
207,global,16.717907345724246,0.10285871854615987,0.0009374711312017409,312.53152226210875,331.9197749704059,13.586399185152853,0.18806176595361457,2.650875734675312,1223.1133200011852,1.9877693435563462,7.068163688530541,27.984626031081696,1.6064472620287988,0.5567171232120504,1.8823529411764706,0.47058823529411764,0.0,0.6546504194264033,1.8270604488484397,0.0,65.16371939470066,352,relaxed
208,global,0.1541351942280631,0.010249955356863474,0.0011944274128281567,314.35862501633,335.18391057418654,17.034775327478297,0.4119809910171246,1.4776123483231214,1199.9831643844695,1.3538080187743955,5.697016479420934,2.254648930005557,1.900044317416985,0.5925109056326976,1.8823529411764706,0.47058823529411764,0.0,0.5335459511839066,0.9214041422507387,0.0,65.16371939470066,352,relaxed
209,global,1.6121584800386266,0.07166188267415322,0.016268154546379584,311.26038096807156,335.87665938006893,6.027855201856002,0.5189409380200185,2.6597534548345916,2397.9240904308613,3.9910514140018476,56.40829172212516,147.88135657966586,3.5108947497077136,0.6317395477299944,3.4154411764705883,0.6470588235294118,0.23529411764705882,1.1725345312257063,3.4035012547569115,0.0,65.16371939470066,352,relaxed
210,global,9.57475761732138,0.05246317268808517,0.003602159013894193,313.4358845744842,334.75702252679247,12.123356409556754,0.20748676090876483,2.840603870561242,1266.9443196212972,2.2674894296715276,0.2833152323018251,64.71251099736318,2.3217121920005974,0.6117140909591509,1.8823529411764706,0.47058823529411764,0.0,1.255357465347132,1.5656328702563376,0.0,65.16371939470066,352,relaxed
211,global,13.969035869460809,0.12377505331978435,0.0007583135821690005,318.8781294922665,331.6945319129568,17.705262606485057,0.31333730198850884,2.896813274355088,1208.4336918071208,1.9166618022368496,8.84505197361032,19.210079625776,1.0052752187339307,0.600130524726449,1.8823529411764706,0.47058823529411764,0.0,0.5877456345689936,1.7582611748342554,0.0,65.16371939470066,352,relaxed
212,global,2.321825228702524,0.12653684455831887,0.0007583135821690005,318.8781294922665,337.17847624630775,17.705262606485057,0.6926615256529564,2.896813274355088,1185.3068215229023,1.5475889169227508,9.275082341065868,3.7005877704805297,0.25265426315360795,0.6559402721042706,1.8823529411764706,0.47058823529411764,0.0,0.4834908185228037,1.828722173562333,0.0,65.16371939470066,352,relaxed
213,global,15.443541613801582,0.1673477572951619,0.015970109260621836,316.3511849958516,337.2893812500626,9.690720294238893,0.6318023569160066,1.0146963027047917,1634.3543220803053,3.806588685269966,32.135970809998774,135.01436124580897,2.1950969072109054,0.601838869089263,2.1176470588235294,0.5294117647058824,0.058823529411764705,2.037082950134787,2.520507614369734,0.0,65.16371939470066,352,relaxed
214,global,18.757527322408237,0.10666184537361459,0.0026146272263615185,317.2988010969467,330.76402871001784,12.286169343223829,0.35499556567953194,1.9328683323161053,1233.9004170496876,2.040042895297237,4.010490481670301,33.35736000390054,2.179727872979736,0.5539639946526482,1.8823529411764706,0.47058823529411764,0.0,0.6394460445498661,1.7058914197749249,0.0,65.16371939470066,352,relaxed
215,global,13.833439556612433,0.1892707932056115,0.005839125595542884,314.7612515647366,334.59945932216755,12.286169343223829,0.35866460271581485,1.2119614566788992,1262.4410536881383,1.9252440379367872,3.2193993794710267,55.1559133313543,2.7553148859578513,0.6798356157754241,1.8823529411764706,0.47058823529411764,0.0,1.6915396480709624,2.3119619966853264,0.0,65.16371939470066,352,relaxed
216,global,18.904038416679914,0.16482819305177765,0.0037227168356608617,317.37254488928744,332.65563745276984,5.579159098967514,0.1791004315127389,2.784862950465191,1241.176969118496,1.8219724310628485,1.1846336938378534,37.8375746257324,2.4652787878943334,0.5992378667967087,1.8823529411764706,0.47058823529411764,0.0,0.8770939380416214,1.8581785363193917,0.0,65.16371939470066,352,relaxed
217,global,15.55385266284774,0.016550445790519175,0.0016849973928260483,319.7306608727459,334.2987676798635,7.699139150946959,0.7286157572567646,2.1167966480016482,196.15964358239597,2.2365141456592927,3.272656866512253,28.70946409107208,1.7594314518904364,0.6519710307370149,2.3176757849413123,0.058823529411764705,0.0,0.9942504336376935,1.3919456304278681,0.0,65.16371939470066,352,relaxed
218,global,16.2560007376242,0.027891491516906328,0.003608167925030452,315.9027402228724,333.66042729077753,16.20487422265589,0.26638838133182097,0.5767445867388405,913.9186909873655,1.4676218887021082,1.5898223682360912,12.8104118905812,1.631769722570637,0.46106328328330864,1.9743625791619237,0.23529411764705882,0.11764705882352941,1.0707229174193784,1.394286679239526,0.0,65.16371939470066,352,relaxed
219,global,19.752338171086997,0.0977747263507093,0.0045541243231736715,316.28941903460367,335.7677615215533,7.413907594857135,0.8212810566062885,0.7239193244798062,2595.8515546445074,2.6021939787808837,0.809524513515492,66.18679112984617,2.615196125174426,0.6642422446554412,3.6528071928237615,0.7058823529411765,0.29411764705882354,1.2429748049058524,1.7913893951970838,0.0,65.16371939470066,352,relaxed
220,global,6.208387135344873,0.1606647269733694,0.0032704223734209012,319.88623283458435,329.4828993634724,5.92650927217353,0.6061195683950389,1.1368137010224568,1186.1463198714093,1.3883304398075076,5.990783615747425,4.883680993205292,0.24670471269837027,0.6222587587409019,1.8823529411764706,0.47058823529411764,0.0,0.5495915727217198,1.7049095593314718,0.0,65.16371939470066,352,relaxed
221,global,24.975568435634333,0.05344427101622459,0.004532511340380818,313.7715092946588,331.07212544509696,13.219518761712274,0.5614442042099921,0.53055457056757,2589.495138736795,2.581342626939203,1.063172799008476,61.47341470577834,2.465718461449824,0.6404191146337878,3.6528071928237615,0.7058823529411765,0.29411764705882354,1.0772964646206775,1.6172950713869656,0.0,65.16371939470066,352,relaxed
222,global,14.219046834776055,0.05958181882150755,0.0038820773018184585,318.6780984325392,338.73476835313454,1.3587076171988741,0.78874730000162,1.2599994620770714,2138.9620870548406,2.4896725594437563,0.3653695516887298,51.69296106977386,2.3703220905890663,0.5748261756035494,4.137447613204539,0.5294117647058824,0.29411764705882354,2.3001364629035947,1.526428461595784,0.0,65.16371939470066,352,relaxed
223,global,9.736017464196795,0.020739355580488505,0.0026339614732274865,317.38645051552203,336.8519997028451,6.18480786182667,0.24232115225664186,0.6247795886920514,33.681288357391786,1.8103851769259427,1.9917652270471757,12.73143462158347,1.6059247411481303,0.5364018297671921,0.4021469625585964,0.0,0.0,4.230620095634335,1.2528762019673583,0.0,33.681288357391786,352,relaxed
224,global,20.58686687792006,0.08877846457513384,0.006348504730476299,318.1058602835161,338.46501151473404,10.960144548932774,0.894150924231136,0.4222010691129616,2612.5791722679332,2.966319932407227,6.167292836344338,82.2545536732948,2.581923183442538,0.6152955790577261,3.6325015573435238,0.7058823529411765,0.29411764705882354,1.678179920310068,1.8032613225096963,0.0,33.681288357391786,352,relaxed
225,global,18.734701664956507,0.197731020801434,0.0005541375986189666,319.09606730739006,334.9841627371898,10.086106564141124,0.24232115225664186,1.3489373456820344,1239.0931710227383,2.4573882544203305,7.556884409474668,35.89082824637391,2.3697079306859234,0.5998632330737979,1.8823529411764706,0.47058823529411764,0.0,0.9935503821689693,1.9267395878398919,0.0,33.681288357391786,352,relaxed
226,global,21.22477154081103,0.10466364007864433,0.0016321042765896389,315.2017584112645,336.5196860195763,1.9212271066221493,0.2076703788987732,0.6659534092664456,1229.8189728564778,1.8190381680133947,3.8007218724020495,30.225902390974156,2.0782366444874136,0.5584894689624403,1.8823529411764706,0.47058823529411764,0.0,0.7466585196534151,1.7227922077960096,0.0,33.681288357391786,352,relaxed
227,global,7.298223808137262,0.1641884525143097,0.005208312902828641,314.73561312572815,329.63669279682307,17.774873098822834,0.5110466333204173,0.31524708567981863,1955.9067327601595,0.8157498688311261,2.3407236524402,24.886178539954344,1.655349420383738,0.5125052679271362,2.378768320609713,0.47058823529411764,0.29411764705882354,1.1003292085601395,2.2871443114978955,0.0,33.681288357391786,352,relaxed
228,global,15.713719409734939,0.01657671676480503,0.007956770409357057,315.6829635719179,332.39789897024264,8.030282169416246,0.37027711638830807,1.3487734585617712,1858.6602910990857,2.58256621010732,3.987925333644331,64.94442388906958,2.4232889553104444,0.615717539864073,3.8373030112067217,0.4117647058823529,0.29411764705882354,2.109143474902271,1.5339707551689483,0.0,33.681288357391786,352,relaxed
229,global,18.63696499202538,0.0683740458396506,0.0032304816136563786,313.51301569737313,334.27309212628694,7.242033235231888,0.7471826187521358,1.70768192441155,1856.9820961350863,2.65344887724455,0.34440237997297424,63.38157807838844,2.5638155858782987,0.5975873342538485,2.3529411764705883,0.5882352941176471,0.11764705882352941,1.686718096982094,1.6873650304490524,0.0,33.681288357391786,352,relaxed
230,global,11.905494292386889,0.02998304315524565,0.0020013464733938686,312.7750518941309,332.2893493562539,10.928750922052702,0.3499306611693931,0.47206577298223507,896.1164223383967,1.3782517531448557,4.359265083981758,5.98341337564657,0.6229347937505824,0.4165880468537722,1.3373043013318604,0.29411764705882354,0.058823529411764705,0.2387858834289738,1.3935663140336996,0.0,33.681288357391786,352,relaxed
231,global,14.483421495723206,0.01743344831455089,0.001803579566667022,319.40828405773374,334.93046255144196,7.017024274906019,0.6530910261237253,1.1997650008010339,769.3081384763107,2.1276567102880874,4.712989125700081,13.807261348203117,1.7173192500454666,0.6658560244670407,2.938159897139049,0.17647058823529413,0.11764705882352941,0.7859314594564233,1.3952693261308942,0.0,33.681288357391786,352,relaxed
232,global,5.093979348573271,0.0068940179845585065,0.004852486041164565,318.88005986853,339.34640384186366,8.655077825195058,0.3231359400849043,2.694596468976553,959.1428310267879,2.132069600484374,1.0236554327885674,44.60843304084967,2.636845806109715,0.7232351947568091,10.031384567933245,0.23529411764705882,0.11764705882352941,0.38464761995623664,1.238141082230976,0.0,33.681288357391786,352,relaxed
233,global,18.01310994975728,0.19275144793440835,0.0007730257918645463,312.58075843347376,328.553698654243,15.678661645223704,0.2361925724300984,0.7948828393422984,1251.2502009977948,2.5715165525510044,6.779118400391347,46.008506354106856,2.573359096971339,0.6101169011877642,1.8823529411764706,0.47058823529411764,0.0,1.0582067847753345,2.102849895187359,0.0,33.681288357391786,352,relaxed
234,global,0.10895087660559888,0.11453880932739885,0.012484739788628917,314.20073692462665,341.45922496230526,17.88071158038114,0.5984027565734135,0.46908431628508884,1199.6340091340667,2.795679857565422,56.492143964131316,0.7730267904848537,1.4783296778678547,0.6823140615289897,1.8823529411764706,0.47058823529411764,0.0,0.6055840196354214,3.1661525531398684,0.0,33.681288357391786,352,relaxed
235,global,3.259280328115505,0.056735550794469056,0.00250183317763038,318.1805979252192,340.80292017939433,6.571867806989597,0.8917170193766384,0.6280200457672664,1184.0662022208196,0.7706492850029572,1.5481907546345877,1.1164292485699419,0.47269506225212227,0.5044031116953347,1.8823529411764706,0.47058823529411764,0.0,0.5004924966730323,1.4120416019885351,0.0,33.681288357391786,352,relaxed
236,global,9.94597997866287,0.06268556405065726,0.003312083119272959,311.77154345137336,335.56697017889394,1.1020974346916574,0.30434766127292295,1.7142640560722158,1670.2059533605475,1.9608216099333897,0.5827405529568496,27.799643304946812,2.2007981740361284,0.6782051997297802,2.7695507100477634,0.35294117647058826,0.29411764705882354,1.0118990548852398,1.6209172769349234,0.0,33.681288357391786,352,relaxed
237,global,15.164499448895434,0.035727809793370174,0.00416967504207242,316.6776963382709,336.5204137944045,16.812311646205913,0.5455527595332886,0.39809426858444996,1996.8489645880982,2.335655757713275,1.3900178433459818,55.291363994709535,2.442170517702734,0.6021440797082588,3.999301721389664,0.47058823529411764,0.29411764705882354,2.907620361646518,1.5568271795106534,0.0,33.681288357391786,352,relaxed
238,global,4.7708492312458635,0.04247919484632519,0.0019055107854961516,316.80999032985494,337.442481653161,8.763773996511054,0.17458438326187592,2.0000866058130935,601.0648290523887,1.338734447976077,2.869754472088728,3.694874295817505,0.7377089355549301,0.6116813797397259,1.9849733341719529,0.23529411764705882,0.0,0.2558701709711509,1.3598707668629386,0.0,33.681288357391786,352,relaxed
239,global,0.10895087660559888,0.06993356493747388,0.012484739788628917,314.20073692462665,341.45922496230526,14.862340824561981,0.32986544097211024,0.46908431628508884,1201.866958432938,2.6309493742721193,52.81866929659483,0.7904183967658809,1.7378360885109199,0.754462473281842,1.8823529411764706,0.47058823529411764,0.0,0.6076536941608349,2.9176318302429185,0.0,33.681288357391786,352,relaxed
240,global,7.384895914540948,0.06261181694279361,0.0011944274128281567,314.35862501633,333.93940583210053,13.370186062519391,0.2723418689543212,0.8155708758656238,1183.8699585654263,1.437476011567338,7.502022643817172,3.5824138297414665,0.13618304637357584,0.6539518181211984,1.8823529411764706,0.47058823529411764,0.0,0.5232578383655456,1.5673340175319064,0.0,33.681288357391786,352,relaxed
241,global,9.444355986515705,0.07166188267415322,0.004061547410585423,312.26367764833253,341.09514342009874,11.1062538206244,0.18004313553792267,0.874911442005143,1219.1722427931536,0.849374924776903,2.180224133650167,21.114669742814833,1.9515067484062911,0.6054053977486005,1.8823529411764706,0.47058823529411764,0.0,0.729478266624087,1.8881074075872712,0.0,33.681288357391786,352,relaxed
242,global,15.671852385659136,0.00777049911163552,0.0009459676396536085,318.76089619827405,337.90430970001603,12.123356409556754,0.20748676090876483,1.4517676540168432,9.166811527756478,1.7767663815516754,7.034007645246287,2.3443895547826457,0.5269027145940964,0.41221549586016837,0.42588002465007324,0.0,0.0,0.38833728719458127,1.4909287623717808,0.0,9.166811527756478,352,relaxed
243,global,8.285009214032936,0.03715670818302824,0.003566484814503847,317.60916634535215,335.71645698126156,17.81234698418756,0.25347959572454976,1.0834930419865811,1189.2453914937146,0.8662892644741617,1.3983919496744566,3.4222776526519025,0.7639022644354699,0.49604040283005946,1.8823529411764706,0.47058823529411764,0.0,0.4684429287429682,1.3905700192342405,0.0,9.166811527756478,352,relaxed
244,global,19.902381724639696,0.1345419752094726,0.0021528501098768797,317.45208039481224,338.50736609059135,9.323048036477303,0.6237167297946558,1.2781553140567037,1238.8780710360193,2.224294275942861,2.95597328156717,35.81558779918326,2.4209818659910676,0.6381322577201217,1.8823529411764706,0.47058823529411764,0.0,0.8215767285861584,1.87415804668459,0.0,9.166811527756478,352,relaxed
245,global,23.187598987091178,0.12139048292080945,0.011999116533809421,311.7935944138165,337.5445204197144,3.302489232951876,0.42356884358471664,1.701899507329935,1337.944978240301,3.746531566613411,23.343147416909904,128.42720397924086,2.6989251902590246,0.6231834280219102,1.8823529411764706,0.47058823529411764,0.0,2.2998523087021674,2.2809551365369223,0.0,9.166811527756478,352,relaxed
246,global,1.6279661744132383,0.12245093637092981,0.0013703998708890462,315.32040581634965,335.2349410729644,6.685694240827189,0.37739693632454063,0.2489455305859729,1200.9562964882546,1.1423230300778016,4.224704084254927,1.4268980769079502,2.0920347310552434,0.6115060741272229,1.8823529411764706,0.47058823529411764,0.0,0.5649668152863997,1.723313038967775,0.0,9.166811527756478,352,relaxed
247,global,24.06357703772078,0.06137295627775301,0.0029151566926937846,315.88996240431555,333.3140175437752,19.01183787832017,0.4477899342906575,1.5371956113420682,1253.5735534629705,2.5103644434097006,1.0269925542110545,49.7244347092564,2.455901241255159,0.6338684530967221,1.8823529411764706,0.47058823529411764,0.0,1.4287240677095363,1.6247511249398463,0.0,9.166811527756478,352,relaxed
248,global,13.502375557469042,0.009239019961844161,0.002624581831269215,311.6954132889346,336.01423647424565,5.579159098967514,0.1791004315127389,1.047295432899547,1535.4516191001758,2.2864987616537227,0.5622976315078879,38.7696943866881,2.0559549074471546,0.6565327141251596,1.847129202798841,0.29411764705882354,0.29411764705882354,4.234292401702809,1.287521553372574,0.0,9.166811527756478,352,relaxed
249,global,21.712710571409005,0.016550445790519175,0.0005215354084181709,319.7306608727459,334.2987676798635,17.561018578286323,0.08261320510436854,2.1167966480016482,1181.074990426902,1.7001035464708478,9.653877501597488,1.2309716705915135,0.06621365249887967,0.6827850657868026,1.8823529411764706,0.47058823529411764,0.0,0.5378676490123996,1.4286632520800608,0.0,9.166811527756478,352,relaxed
250,global,14.901557204394672,0.025683868393088546,0.017678019936764884,314.97956256075565,333.66042729077753,15.818823587368328,0.6735344572003524,2.177977666754259,2596.2563897490054,2.6322492916398317,42.723432850607445,78.0323467357376,1.0416329354477472,0.5323176395319396,3.5006752701080437,0.7058823529411765,0.29411764705882354,1.4239396921003245,2.2318176728906876,0.0,9.166811527756478,352,relaxed
251,global,22.584772034692655,0.16858626358198675,0.013233702969950434,319.1564220376989,337.63794655376813,2.2603296834968116,0.8212810566062885,0.7239193244798062,1604.7300266365473,3.335813168280861,16.622641864428076,104.08935464328454,2.497780550859613,0.6259102643379746,2.1176470588235294,0.5294117647058824,0.058823529411764705,1.9148298594735271,2.127063597951639,0.0,9.166811527756478,352,relaxed
252,global,17.289571579175092,0.020287644657621118,0.0016024960211259293,317.7383542597476,329.4828993634724,2.736025489397722,0.6061195683950389,2.180812606315068,1383.8415118526182,2.505573134005659,3.4841713390208406,36.78668307072251,1.9443159838417807,0.6875689333093993,4.6316447728970465,0.35294117647058826,0.17647058823529413,1.0703976139623101,1.415291886380851,0.0,9.166811527756478,352,relaxed
253,global,20.302471982482345,0.017073135621625768,0.0024618273032674604,315.14315939476563,340.426655160392,15.503550617378618,0.9786890707034112,0.7323463479809497,1975.9206409091464,2.132067296499609,0.29014768995097695,38.77463907203895,2.0775863483086825,0.582363175837199,4.232912364643632,0.47058823529411764,0.29411764705882354,2.160952645832932,1.378291364208646,0.0,9.166811527756478,352,relaxed
254,global,6.544343203844955,0.042463534094255316,0.019834758812919868,317.39325939760937,337.79042691899195,7.953158926274653,0.33505328463907413,1.2599994620770714,2497.792541491769,3.4283331862841,41.59177573826418,115.978514186063,2.116433591583725,0.5649477042031138,3.1749508585428314,0.6470588235294118,0.29411764705882354,1.5097425906863104,2.6395618223865926,0.0,9.166811527756478,352,relaxed
255,global,13.8147441022,0.08399150386446122,0.0036466999868056803,315.31671041853696,332.844039458,17.838070516641388,0.392176879,2.651349245,1876.93355738125,3.0123893043239622,0.4944932942238554,81.71243084898275,2.7156912303263794,0.660372384980459,2.3529411764705883,0.5882352941176471,0.11764705882352941,1.7292114774184706,1.7962156027823741,0.0,9.166811527756478,352,relaxed
256,global,23.093885321723178,0.195827911369796,0.007759514320183328,317.6776484140719,333.60544460992594,13.531153303674992,0.06893294723601634,2.2300558717471963,1239.2937357123756,1.6207457969356314,4.14382427679824,38.93558996671214,2.1709846965791133,0.7045236008535071,1.8823529411764706,0.47058823529411764,0.0,0.5490099136035662,2.0307396463766114,0.0,9.166811527756478,352,relaxed
257,global,10.696707037269613,0.16617967701443986,0.002345721395089201,319.4104617781253,334.3570675839425,16.006322309109663,0.12469569964741772,1.4517676540168432,1205.6783523239353,1.4882488761505446,3.727936222873721,15.877317777143306,1.1162038883729313,0.5892680150299587,1.8823529411764706,0.47058823529411764,0.0,0.6070535837758413,1.9816030999543757,0.0,9.166811527756478,352,relaxed
258,global,4.784513194297306,0.01916821685093552,0.00126377421448114,318.0475324967543,332.0060286889499,2.8890546243279456,0.24688368242520492,0.9919712658040734,1206.2621688975319,1.412402975180744,6.916622334004556,0.8381092680580166,2.64943282378118,0.5158219561574011,1.8823529411764706,0.47058823529411764,0.0,0.6056859611413197,1.3897999052071452,0.0,9.166811527756478,352,relaxed
259,global,27.433249247862612,0.14222275848572186,0.0008245076047585474,310.18857729057373,335.82276579313356,19.33899049889849,0.17027804154652565,1.0091623389257878,1241.8888147228947,2.7374631438346744,5.53580604508138,38.71095316743807,2.3731384423285506,0.6401008467260809,1.8823529411764706,0.47058823529411764,0.0,1.102816680164453,2.0279371280020815,0.0,9.166811527756478,352,relaxed
260,global,15.713719409734939,0.15485396585150438,0.012500084484470948,314.27101306267303,339.3872324937265,17.988799191799764,0.13590823113949208,1.3487734585617712,1295.2454272017285,3.1530104414019506,29.11521687662886,93.74281487218266,1.9300362955695776,0.6270330791888923,1.8823529411764706,0.47058823529411764,0.0,1.4502682235440734,2.534520235082325,0.0,9.166811527756478,352,relaxed
261,global,15.03404433289233,0.19372231286865468,0.015055165972216875,317.02740251864265,334.1036791178653,17.759805216377167,0.289012682940658,1.70768192441155,1320.0930366647012,3.334323212022827,24.676424510535448,116.6763289841901,2.1411853807177774,0.6039302620816539,1.8823529411764706,0.47058823529411764,0.0,1.6810261648269118,2.529760208001387,0.0,9.166811527756478,352,relaxed
262,global,27.071524464364565,0.012563937771404105,0.007833819234619968,318.2090304319664,334.1824216117097,8.68930377666963,0.333367976249171,0.47206577298223507,2284.57935407649,2.3103850340540513,2.7087664989694726,51.139844053876494,2.2572420020776036,0.6140175365673176,4.335801724563227,0.5882352941176471,0.29411764705882354,2.2242691494754148,1.462507097227665,0.0,9.166811527756478,352,relaxed
263,global,14.483421495723206,0.13385271259219408,0.006536033292217977,318.2722118106729,336.42045116801387,19.8916362951282,0.3471084431509165,2.9594448391531314,1310.8945828673357,3.3680574261498806,6.695016560548622,103.16439918553081,2.807318350773402,0.6395329196844783,1.8823529411764706,0.47058823529411764,0.0,1.1335704352585105,2.070217114587575,0.0,9.166811527756478,352,relaxed
264,global,12.662586492172792,0.01820835073325998,0.001096603880743622,312.80783814502115,336.34243088765953,1.3319503041484388,0.3061372878116609,2.4995444574126027,601.9440131066682,1.716957302537003,5.726842605433257,4.315483303973785,0.6661843245036666,0.6152885466511698,2.1952317140015674,0.11764705882352941,0.11764705882352941,0.7996935767532742,1.4087080397246663,0.0,9.166811527756478,352,relaxed
265,global,15.621940115572535,0.03427752895877623,0.018576524428610797,313.3480145280218,335.42992087222285,2.141335544331046,0.8146732271674169,1.0278421051456812,2801.2892927373427,3.685257991571024,39.22786904589199,122.84742729035882,2.3101518147498434,0.5901432502562105,3.0588235294117645,0.7647058823529411,0.29411764705882354,2.3568322357539153,2.2476370421198726,0.0,9.166811527756478,352,relaxed
266,global,0.40535310662006196,0.1181468260306097,0.0009471726349099818,318.2983722559278,339.3638652268505,17.88071158038114,0.2036104792929312,0.8164387898393749,1181.8875503138988,1.2256366950652966,4.5696983769905675,0.8834681598115449,0.24257040642893443,0.5091869272093552,1.8823529411764706,0.47058823529411764,0.0,0.5063404388896551,1.491037254971584,0.0,9.166811527756478,352,relaxed
267,global,15.047651767481424,0.1956219865966017,0.001584685309594951,315.29760149366894,334.23904430670933,5.356857726675529,0.501161870667017,1.8415540809702855,1250.9482154582647,2.210929299662378,4.764158143458381,47.61463495244288,2.400937463569048,0.5925494309276539,1.8823529411764706,0.47058823529411764,0.0,1.11373950799165,2.0968984426232566,0.0,9.166811527756478,352,relaxed
268,global,13.175357149508619,0.09973495952134646,0.0032003690068327824,311.77154345137336,340.7123370715892,9.940786245222487,0.7314464142053547,1.7142640560722158,2172.302339505757,2.8824214448482346,0.8991990891162951,82.38226681969203,2.750614596118627,0.648759669707498,2.588235294117647,0.6470588235294118,0.17647058823529413,1.8118410220500163,2.0700311819080333,0.0,9.166811527756478,352,relaxed
269,global,29.555289286561155,0.1676053227420347,0.0016221760939912414,312.68103825424276,328.6306363015332,2.792054794414236,0.33265615818702887,2.643531643933989,1263.2462371637116,2.502138724805053,3.2420271721459217,63.191080973629994,2.149979606919389,0.6397139057684357,1.8823529411764706,0.47058823529411764,0.0,0.46880445496867945,1.820148988234019,0.0,9.166811527756478,352,relaxed
270,global,28.34156905046217,0.016490483692312277,0.0025291960178151322,310.51176806318733,341.65531231016774,5.772716847007741,0.5533656448741902,0.2558882347839748,2273.7577715322545,2.251236661833523,0.06133512321006648,42.614499932614926,2.154884219667291,0.6577673424905442,4.390856857301033,0.5882352941176471,0.29411764705882354,1.1915715312162225,1.402129458491964,0.0,9.166811527756478,352,relaxed
271,global,11.684660024116717,0.10285871854615987,0.0011521374882813504,318.3515057861833,336.64773152080284,2.831836643085264,0.341003320189536,0.498675964329931,1187.7577079834161,1.5671640320294014,7.248302401067342,6.04680349202336,0.2757172740066638,0.6201892327655446,1.8823529411764706,0.47058823529411764,0.0,0.5654003937711302,1.6500542543228487,0.0,9.166811527756478,352,relaxed
272,global,16.931311364987945,0.007977466571124733,0.013437638273682972,314.73474935562587,338.9578210005565,13.370186062519391,0.2723418689543212,0.8548924504030844,2467.0532499994647,2.979113854132696,27.36333494213358,86.82163012498616,2.03903817315835,0.5977789114289704,4.102564396666855,0.6470588235294118,0.29411764705882354,1.7155875242935243,1.9584589454978656,0.0,9.166811527756478,352,relaxed
273,global,18.69764536309519,0.07166188267415322,0.004061547410585423,311.26038096807156,337.09963333587655,8.230835233518208,0.32391467325536855,1.5470535914561463,1870.834592568694,2.849941591189303,1.0759389656275211,75.8168260746628,2.6957456656027285,0.6500992143219296,2.3529411764705883,0.5882352941176471,0.11764705882352941,1.6838364811452662,1.8261219284077672,0.0,9.166811527756478,352,relaxed
274,global,27.468226491879225,0.16430351051399683,0.00446513986401872,314.56406235375465,337.0371304841923,6.18480786182667,0.7056526374453986,0.11370394002430073,1293.9426913646728,3.063627841120697,3.7301509400308106,85.61822803888606,2.8365093537157864,0.6411390040510732,1.8823529411764706,0.47058823529411764,0.0,1.7633331963152759,2.0390053955520537,0.0,9.166811527756478,352,relaxed
275,global,21.724303034860853,0.04080432575343396,0.003678798587397502,318.1920094739286,332.62677914412285,13.746486411337283,0.08405625141565137,1.210740272545494,1198.657200164098,0.8760665159192846,0.53402723819983,8.641489958026115,1.1836131549406148,0.6286781917717122,1.8823529411764706,0.47058823529411764,0.0,0.5360609328085127,1.3937911692847686,0.0,9.166811527756478,352,relaxed
276,global,2.9089272105502246,0.14054988931754298,0.018255190822447826,312.9768228291724,334.0985712607733,16.327320241131574,0.34698678483528916,1.2831993310861654,1555.7673758790177,2.643555948634224,62.59008382440522,65.36978347335719,1.150879031977972,0.5170672246470509,2.1176470588235294,0.5294117647058824,0.058823529411764705,0.5982739441129908,3.4199309234919464,0.0,9.166811527756478,352,relaxed
277,global,6.391466034935791,0.12804864848462671,0.013588748897573472,313.27227771253706,337.60094880076866,16.952471187964967,0.7387851935201677,2.151498623317261,2222.5333076220413,3.830171144456772,40.76466357192777,135.1843573020924,2.0723472902575613,0.5679949227429072,2.588235294117647,0.6470588235294118,0.17647058823529413,1.9308711961751077,3.0338099230940156,0.0,9.166811527756478,352,relaxed
278,global,12.017633473894017,0.09491782942235387,0.0011349200882883673,318.3856942891345,336.7526693149467,3.607778486312303,0.207349733518903,0.5782693721950989,1185.7960580567674,1.5298136753834337,6.894855446867014,4.705699755887282,0.2203351937961921,0.608526479894481,1.8823529411764706,0.47058823529411764,0.0,0.5397102745231185,1.6105911149051717,0.0,9.166811527756478,352,relaxed
279,global,4.272180306953704,0.01940590337289365,0.001818780634145721,317.12470857893527,341.62619778832243,12.286169343223829,0.08160554556835875,2.980272091034463,1346.7581008220984,1.3426692677683136,1.7901257943039803,8.255808969062695,1.2327586224863178,0.40617950000164205,1.9303393282007582,0.4117647058823529,0.11764705882352941,1.305271507848288,1.0477617655421212,0.0,9.166811527756478,352,relaxed
280,global,9.36108241194401,0.16482819305177765,0.0008346508241374676,310.9044581261259,335.996597099148,18.73640743863967,0.17338536984283276,0.43848811406806876,1234.3548763664157,1.9693907553003436,5.505563039933773,37.339412990309064,1.783588108383916,0.5713733375733918,1.8823529411764706,0.47058823529411764,0.0,0.9140080683267361,2.4588402388874293,0.0,9.166811527756478,352,relaxed
281,global,15.55385266284774,0.022026356857951943,0.0035418464579239518,319.7306608727459,334.2987676798635,17.75293847177842,0.7286157572567646,1.1559921618009223,1367.2078355989117,1.9212441866614725,1.909534746626854,20.19769180987863,1.9605686397560589,0.6138245584636598,3.734836819183149,0.35294117647058826,0.17647058823529413,1.5366106403622706,1.3278113818770152,0.0,9.166811527756478,352,relaxed
282,global,15.657364803797705,0.10440970643009712,0.003958657335505035,316.7820491439349,336.1408089535102,11.65819010556325,0.11783798450046956,2.177977666754259,1827.713374228851,1.5088689029232798,0.5016443100670026,37.56615043301434,2.311573341587465,0.6095839719749131,2.3529411764705883,0.5882352941176471,0.11764705882352941,0.8505808088208329,1.8273455734070445,0.0,9.166811527756478,352,relaxed
283,global,13.460467187555892,0.05747027590284464,0.0030153708811396143,311.2934306581979,338.7714889158398,16.99292425009954,0.9618382983562166,2.789831368009386,980.3020113721439,2.6923716961929545,0.523181961356392,68.59455171882283,2.5439535895059304,0.6776660622246399,2.557655700719266,0.35294117647058826,0.0,2.211182531419451,1.7825114017308663,0.0,9.166811527756478,352,relaxed
284,global,17.008115044113314,0.19010060135111317,0.0035736522778865056,315.9213888538053,329.4828993634724,10.664700442379043,0.05827339145128152,2.535187262625361,1221.2092556130763,1.277652188676354,0.5391178129509716,23.1867048506756,1.9781819675001202,0.6626671521911375,1.8823529411764706,0.47058823529411764,0.0,0.5433896309654953,1.8816517584860695,0.0,9.166811527756478,352,relaxed
285,global,9.66931400654402,0.08823298164637498,0.0051134692537577915,313.7715092946588,338.7053009764951,3.9048986135696877,0.35758513700666117,0.6289204548264276,1855.0779615640708,2.4706065257880736,2.7116897564171354,57.831791340220484,2.6231585136062363,0.6499443965781762,3.655725729156276,0.47058823529411764,0.23529411764705882,3.85881963974248,1.9398081323875687,0.0,9.166811527756478,352,relaxed
286,global,27.96141499716691,0.017714693392375483,0.0025854066622506026,314.5092815144408,331.9289595123139,7.442515316853294,0.5749902406925033,0.9196021105136803,2409.603146096356,2.270592268200114,1.2390592521518453,34.170842550894996,1.937033363189254,0.6765042541213427,4.045987012008612,0.6470588235294118,0.29411764705882354,0.6520074415066675,1.3588459010803178,0.0,9.166811527756478,352,relaxed
287,global,19.428894438139395,0.11885697634486075,0.0027359978,313.14639368214125,332.844039458,14.28273525127749,0.7960383962951751,1.7133622881646404,1285.2120852561036,2.8079188209585073,1.2744177634846068,77.38332348358942,2.8395547940657386,0.6441641328028929,1.8823529411764706,0.47058823529411764,0.0,1.5104375709656532,1.9180741642063992,0.0,9.166811527756478,352,relaxed
288,global,10.518463935741416,0.10093935837011725,0.0012425234775960033,317.6776484140719,333.60544460992594,19.651741642114242,0.06893294723601634,1.3357913631304053,1185.9380852344068,1.3819973712185938,5.325233065821884,3.978051372955169,0.33221110409175736,0.5925392276712249,1.8823529411764706,0.47058823529411764,0.0,0.463152687626963,1.6514230276815833,0.0,9.166811527756478,352,relaxed
289,global,18.445258077439252,0.00777049911163552,0.0009459676396536085,317.1262627901858,337.52071148500886,12.123356409556754,0.43349974794023916,1.9207674346084629,1498.7594938018108,1.9894819646422035,5.271022904272157,13.204565072440941,1.283503729245349,0.6554854491679075,2.4334938356992843,0.29411764705882354,0.29411764705882354,0.09442638376092037,1.4441904689931637,0.0,9.166811527756478,352,relaxed
290,global,12.85521675332575,0.05896625712074673,0.014707679615995003,313.0456584611287,337.5425884413937,8.031652485720546,0.660888083874487,1.8558333962087772,2490.820387941489,3.489612252959536,37.76249090456686,112.70344857809398,1.7314766603131275,0.5932620040906047,4.241144075215044,0.6470588235294118,0.29411764705882354,1.5088916748385213,2.3498030533961525,0.0,9.166811527756478,352,relaxed
291,global,17.981977657340682,0.043479708075198416,0.0008245076047585474,319.0747553189812,335.82276579313356,19.69438531028743,0.13404911719928464,1.0091623389257878,1183.7174695025117,1.6396950238158292,9.39939643794813,3.078704902152977,0.15156048121033777,0.6194975290532113,1.8823529411764706,0.47058823529411764,0.0,0.5168645387635907,1.4335822263862947,0.0,9.166811527756478,352,relaxed
292,global,15.713719409734939,0.01657671676480503,0.005431955869884174,316.9291468055989,337.41775380517106,19.680836750528606,0.05136684887318904,1.2449010309272408,2253.2915650729224,1.5216439335867633,1.6498453050637911,24.866795799000496,1.976127981496548,0.6025343876375582,3.2608314032147603,0.5882352941176471,0.29411764705882354,0.7473461844742078,1.2986134534608567,0.0,9.166811527756478,352,relaxed
293,global,7.738394415768452,0.05597045592662662,0.005089327777624325,319.5104671297115,339.1167695812968,10.027528732753586,0.538397363972229,1.7290195285036878,394.68250806945707,2.6294680638679733,1.303333453292101,70.73746113558012,2.656852453659341,0.6353873624460166,2.1725344533403272,0.11764705882352941,0.0,1.68358427221528,1.6102475806975558,0.0,9.166811527756478,352,relaxed
294,global,19.169312666242256,0.1293029954853855,0.0020013464733938686,312.7750518941309,339.75408448054884,11.123662377052359,0.4523253727376597,0.47206577298223507,1242.1143144024984,2.028517724165934,2.4882375572080426,39.76862573425075,2.368198034760198,0.6318042556565162,1.8823529411764706,0.47058823529411764,0.0,0.696639019944622,2.022432055779341,0.0,9.166811527756478,352,relaxed
295,global,7.2319070229981355,0.01743344831455089,0.001803579566667022,319.40828405773374,334.93046255144196,7.017024274906019,0.9379612020075525,0.7760246258349117,905.5707969234362,1.564227591255721,5.187593341177807,7.510405404313154,1.2021483573041716,0.4030706074154046,1.2110706933394435,0.29411764705882354,0.058823529411764705,2.337839468000727,1.3551400477642288,0.0,9.166811527756478,352,relaxed
296,global,17.516614285002177,0.007892820114384136,0.001096603880743622,314.0207867301979,341.4494639169504,9.463213002071871,0.14705682203790205,1.5893698786246968,1495.8948372060488,1.9406829387984976,4.300125867332672,9.484195611024546,1.3670486731770575,0.7007624978054698,2.3493905611596166,0.29411764705882354,0.29411764705882354,0.2559372369949589,1.3564960583763919,0.0,9.166811527756478,352,relaxed
297,global,18.285553139687533,0.011807334353796717,0.0018942155939404813,316.7823535521367,336.59180491789647,16.70148113089274,0.07045488615501411,1.0011308393087806,600.7877112458652,1.293823216663544,2.38123766226877,3.4034354673354104,0.7590901741436271,0.6066688169392854,1.6573959816945074,0.23529411764705882,0.0,0.276561867294398,1.2323545858832614,0.0,9.166811527756478,352,relaxed
298,global,11.78933613994479,0.053847108344991255,0.0015693507082692529,318.2983722559278,339.3638652268505,14.755216552909456,0.6744665748386807,1.3166634959550596,1205.537086492442,1.9989520536903693,5.390173113733212,12.767505978810007,1.420403795930064,0.6159211531667371,1.8823529411764706,0.47058823529411764,0.0,0.32287326096672575,1.5199977711655595,0.0,9.166811527756478,352,relaxed
299,global,15.452150967000835,0.04064101330646728,0.00250183317763038,319.8622608879305,339.6825625980963,11.544106458345045,0.43939001523511045,1.5703968322480122,1960.2558221084132,2.027351563438546,1.9555905173295907,25.87954896397295,1.9936311745685387,0.6462273164316956,3.1801470588235294,0.5882352941176471,0.17647058823529413,0.5935575612203415,1.4353743024887677,0.0,9.166811527756478,352,relaxed
300,global,19.298564743757325,0.06268556405065726,0.0010863422689045762,319.903821771379,330.90558877975144,13.067357711240382,0.5388605371712635,1.7142640560722158,1191.5788697812286,1.828502839172583,9.857871845679613,7.135134211524131,0.5293269177565832,0.5745208469019093,1.8823529411764706,0.47058823529411764,0.0,0.48347632686086006,1.4567903110002893,0.0,9.166811527756478,352,relaxed
301,global,14.084714243189458,0.09397869225965877,0.0011066617639122478,319.80725006494004,341.0507180954771,19.16437444693233,0.47550339753645965,1.6762611119946063,1219.1091537531856,2.1446817195379517,6.792344753630253,21.184950898829307,1.890992579243912,0.5742134465964286,1.8823529411764706,0.47058823529411764,0.0,0.6165195617491337,1.7434401154653614,0.0,9.166811527756478,352,relaxed
302,global,15.188965336151794,0.12467904770445448,0.007762927564185124,317.31211283447243,333.9935470030432,14.367105633443384,0.5533656448741902,2.0000866058130935,1611.0699968460156,3.4417947187010864,5.458649337662926,108.09884379743357,2.8271579596040994,0.6089948011818427,2.1176470588235294,0.5294117647058824,0.058823529411764705,2.0611005307855588,2.023510623569797,0.0,9.166811527756478,352,relaxed
303,global,11.684660024116717,0.08345303604001385,0.0018335213602411974,317.04775999812784,334.978555974346,2.831836643085264,0.32305582461426097,1.3441996333883577,1189.5301203371682,1.4262992088275825,4.3678006371732865,6.201913751741505,0.4931219120673628,0.6168984696913076,1.8823529411764706,0.47058823529411764,0.0,0.31254585432019233,1.5788536490679592,0.0,9.166811527756478,352,relaxed
304,global,18.881996871611516,0.10545637089029736,0.001401323149219296,313.88366434211383,338.04667701575653,16.556732268600072,0.2723418689543212,0.5963252309397047,1236.0589975101573,2.0992381460281138,5.166661768964485,35.092627176077734,2.17164233328317,0.5928476188254265,1.8823529411764706,0.47058823529411764,0.0,1.0147252072248403,1.8791167379391123,0.0,9.166811527756478,352,relaxed
305,global,14.227577555396888,0.015338242809835562,0.0019035506694731578,316.6045238978481,337.00016512374043,3.9380802021895143,0.36276831749539024,1.234174005068765,1658.704455681674,2.126552498481023,2.8421793954060757,21.043778095065512,1.7966917944552776,0.6991346249277508,2.6903956627672527,0.35294117647058826,0.29411764705882354,0.10795397607433065,1.3381179593383332,0.0,9.166811527756478,352,relaxed
306,global,21.980527640961412,0.17182899241221833,0.009255613002898986,319.6443375265323,338.1702180595235,6.18480786182667,0.24232115225664186,1.3603045417642625,1287.56239944214,2.9444895889902356,6.184667098763586,81.46443250723706,2.614845664827754,0.6609831002291552,1.8823529411764706,0.47058823529411764,0.0,1.518032205697205,2.034969812380494,0.0,9.166811527756478,352,relaxed
307,global,21.098434455333148,0.02356150184352493,0.0066713659601544874,315.80489115699675,331.6945319129568,12.869055940465213,0.31333730198850884,1.5727752092029246,2148.012163714334,2.5060395262508055,2.29996169270972,59.83515637757003,2.3301546242023314,0.6078966159238685,4.5073463893772345,0.5294117647058824,0.29411764705882354,3.2262208832403956,1.532391077923353,0.0,9.166811527756478,352,relaxed
308,global,15.80648615657289,0.032148787975664575,0.0011590302701755192,316.1963824490361,337.3171930843708,9.41632681233223,0.12453906033203804,2.5533775336958593,1484.7117010350273,1.5747360746060188,5.5234657222733965,4.868540228763481,0.7240538457493716,0.544757187501514,2.1176470588235294,0.5294117647058824,0.058823529411764705,0.16348413679504684,1.3891745003785816,0.0,9.166811527756478,352,relaxed
309,global,20.01431187474887,0.08073663257698746,0.0006408653324430878,317.4201347640995,339.8231802922381,16.032209581903295,0.08534715245583974,2.316414064008849,1219.407232936017,1.9606401452661586,7.13038755854448,22.35838779960139,1.7966343548269774,0.5610754239681857,1.8823529411764706,0.47058823529411764,0.0,0.6727210979643881,1.6402735760610478,0.0,9.166811527756478,352,relaxed
310,global,1.6279661744132383,0.024657960503161755,0.012064337142472912,316.1270402025229,337.0034933412558,9.79438773508216,0.5609208108057411,1.9328683323161053,1195.9004213440023,3.448577087748742,21.6318024133939,121.51956952481909,3.9412172342492546,0.6937003188148386,4.2231325055973965,0.4117647058823529,0.0,0.8203522141640098,2.3794160925053887,0.0,9.166811527756478,352,relaxed
311,global,4.35740374384938,0.15626413018690258,0.0006055279467015433,317.77281676845405,337.7641556025294,12.286169343223829,0.29159247505746166,2.23507870282726,1185.7913801359514,1.5625930934400123,8.567713209206772,4.461267189276121,0.22841079584515694,0.6682133128473877,1.8823529411764706,0.47058823529411764,0.0,0.5136308283329345,2.037874622950042,0.0,9.166811527756478,352,relaxed
312,global,20.784885480319545,0.16831660334674972,0.011575823382863304,317.37254488928744,337.41775380517106,5.579159098967514,0.05136684887318904,1.2449010309272408,1215.8167168979337,1.8054673784987325,14.417505121860248,24.388800696825758,1.1762499597658533,0.6774909154956785,1.8823529411764706,0.47058823529411764,0.0,0.5230063654913043,2.029959524512602,0.0,9.166811527756478,352,relaxed
313,global,17.798135981513727,0.016550445790519175,0.004076540381970863,319.8542129123871,338.3530057545903,18.293696267909045,0.7286157572567646,1.5083664027073589,1100.732795101809,2.177983601949246,0.8973724489670748,44.859923665526786,2.2110217759127058,0.5609130915089329,3.4100207389941635,0.29411764705882354,0.11764705882352941,2.254139430003439,1.4056128764852553,0.0,9.166811527756478,352,relaxed
314,global,13.292860381989339,0.022606679911158653,0.0017763903704679472,313.2217460751286,333.66042729077753,11.608849811358244,0.31508216111544274,2.169360949571555,1960.6448893190625,2.0932204695440113,3.2816773784049316,28.059754666372342,1.7784576633437201,0.5213500016285402,2.563941554583266,0.5882352941176471,0.17647058823529413,1.1377087251816151,1.3273924734439075,0.0,9.166811527756478,352,relaxed
315,global,14.615128328719381,0.16856213481314153,0.011288594998164467,315.0690701477022,337.63794655376813,15.754078231219514,0.8212810566062885,1.9235823094536764,1326.544388778758,3.572633968716113,23.632391401909487,123.90449760130886,2.0784789492075846,0.6380180695954281,1.8823529411764706,0.47058823529411764,0.0,1.6088384769509434,2.5097079259014574,0.0,9.166811527756478,352,relaxed
316,global,8.499036530581824,0.03819423617714804,0.0009321853017258443,317.8735114588254,335.6921635998076,9.365388968677708,0.20377481048618135,2.0207671013398687,1181.8896323305382,1.576581194726514,8.039712111848207,1.1782035890370235,0.19318696654476195,0.5956645966941435,1.8823529411764706,0.47058823529411764,0.0,0.31774871081385486,1.4424934515213341,0.0,9.166811527756478,352,relaxed
317,global,20.302471982482345,0.01278295947019581,0.001367878782973269,319.31453361381926,335.84591036023374,14.858451142276714,0.5448993060233586,1.8314318583176719,1806.385216603323,2.11576186968241,4.254993490277642,21.57844614480075,1.6047470657135792,0.5147189955997686,4.424141340252777,0.4117647058823529,0.29411764705882354,1.1256710650815722,1.3564138840661346,0.0,9.166811527756478,352,relaxed
318,global,8.075284425308073,0.006308433731174984,0.0032648194503105193,315.9389977692129,335.7928175201755,10.055139799726849,0.8262073390264618,1.2599994620770714,1540.2232485159366,2.2147720048686894,0.1600813353641514,42.651693112895536,2.151246347889678,0.6245388231078041,1.805412313003499,0.29411764705882354,0.29411764705882354,4.242472143832906,1.2869556678846525,0.0,9.166811527756478,352,relaxed
319,global,12.84553271322445,0.026440326572829437,0.0017397983907323673,318.1879945084608,337.11432255212833,12.773350937499998,0.42529361762445783,2.651349245,508.1341153199924,2.505734030083724,2.1237227397136955,42.451597689054914,2.064572110367744,0.563627626420675,2.973249334552127,0.17647058823529413,0.0,1.8269614156488756,1.371570823900374,0.0,9.166811527756478,352,relaxed
320,global,20.075626160462193,0.10093935837011725,0.0194310458058007,316.35577658093155,335.1196225631773,9.456876290474769,0.06893294723601634,0.823208453847146,1836.5975014540284,2.5373159301845503,32.34630337554057,57.600337092264525,0.9029525396273563,0.6070419273776234,2.3529411764705883,0.5882352941176471,0.11764705882352941,0.493440973527422,2.138946373795597,0.0,9.166811527756478,352,relaxed
321,global,12.004341644576272,0.00777049911163552,0.000554611383393494,317.79544007643443,338.6286793231454,12.989571628959236,0.780507828201448,1.4018458151991566,306.2287524316317,2.0012630264021594,9.66198924211956,3.470640182751253,0.5823021062880992,0.622207837341211,2.8414200694981724,0.058823529411764705,0.058823529411764705,0.13668010622111892,1.5753987809689227,0.0,9.166811527756478,352,relaxed
322,global,8.731718571546459,0.034895685480886854,0.0015733765387352643,317.2297884525535,335.19913632971895,8.031652485720546,0.3870023016818862,2.0244496333143167,1654.3934592170572,1.8892172104135445,5.336187007009042,16.60866873208826,1.7445122838836817,0.5444737310231331,2.1402001473844336,0.5294117647058824,0.11764705882352941,0.8174370118877011,1.4041971089073026,0.0,9.166811527756478,352,relaxed
323,global,17.981977657340682,0.1806053769624898,0.0008245076047585474,319.0747553189812,335.82276579313356,14.581855213875375,0.11563536263081448,1.0091623389257878,1230.525577289911,2.2871835766653494,6.260676488526673,30.85266512092268,2.04034023258142,0.6276884344583711,1.8823529411764706,0.47058823529411764,0.0,0.9016227603321035,1.9283763497339934,0.0,9.166811527756478,352,relaxed
324,global,15.713719409734939,0.11881182887711456,0.002824239428525335,319.9322456950714,339.4594786717218,13.081430503110035,0.7595427449160368,1.1748852456228782,1237.2118506104368,2.0396478117095653,2.456138143246175,34.56506652985797,2.391506552856415,0.6224017163338644,1.8823529411764706,0.47058823529411764,0.0,0.7711708935189162,1.8482092742275222,0.0,9.166811527756478,352,relaxed
325,global,7.738394415768452,0.1667814667481682,0.0023714095902314727,319.5104671297115,335.7582095305156,10.027528732753586,0.3006913648468317,1.556559787908802,1199.723133973215,1.4857482405856768,4.062926706056787,12.472970613938758,0.8759534726066704,0.6399545374513245,1.8823529411764706,0.47058823529411764,0.0,0.419854381179162,2.0073298869281166,0.0,9.166811527756478,352,relaxed
326,global,16.84322617801285,0.14673664204062248,0.01888168819916236,312.7750518941309,336.2379252756855,7.049411681921274,0.1753915344683849,1.7766037950857088,1632.1385612039637,3.9581431536702856,47.21836352630848,133.4186706063291,2.033205839967276,0.6233652122419047,2.1176470588235294,0.5294117647058824,0.058823529411764705,1.5087022086924,2.6041988258950086,0.0,9.166811527756478,352,relaxed
327,global,14.483421495723206,0.01743344831455089,0.00867286687015065,316.2218511072822,338.90868908838814,3.8774101927540547,0.2547485525622372,1.5766561098000964,2016.2553449515897,2.7944749229127233,6.0445969260057115,74.07658808972236,2.5328740333840463,0.6057124373551499,3.6788361025005485,0.47058823529411764,0.29411764705882354,2.2685024503146196,1.6455857740736797,0.0,9.166811527756478,352,relaxed
328,global,12.662586492172792,0.12272700240401921,0.001096603880743622,319.55876178202357,337.50833243795836,10.902537528254292,0.4410679083261564,2.4995444574126027,1216.6036323570509,1.9585726619203503,7.084634982361803,21.63285526824495,1.6256192527087177,0.592062700119436,1.8823529411764706,0.47058823529411764,0.0,0.303318799833335,1.7987010781427963,0.0,9.166811527756478,352,relaxed
329,global,15.276425619901312,0.01701162965916156,0.0031070962072485457,319.61188258730175,336.59180491789647,12.467575826663857,0.07045488615501411,1.3001000078300273,1495.1164223988296,1.3731472149226032,0.8096918293826006,9.145090029413728,1.3296037127302134,0.6308374702165166,2.4570723186508077,0.35294117647058826,0.23529411764705882,0.5539378446040945,1.1609146307251705,0.0,9.166811527756478,352,relaxed
330,global,21.695413016701036,0.061604725919614335,0.012902619295369566,318.2983722559278,339.3638652268505,16.087938353962812,0.2036104792929312,1.1696762062900878,1879.39523715889,3.047172826104197,19.91295437688862,88.71575281557844,2.086961166633614,0.6162184721328758,2.3529411764705883,0.5882352941176471,0.11764705882352941,1.5299945698245558,1.9945299230845337,0.0,9.166811527756478,352,relaxed
331,global,15.452150967000835,0.056735550794469056,0.0005142647819459979,315.29760149366894,340.1105308159129,5.356857726675529,0.5701926442584391,1.07424073168996,1188.4012086440132,1.7267411026907322,9.939554626300028,6.157311581386361,0.30264172385048127,0.6230560113432226,1.8823529411764706,0.47058823529411764,0.0,0.5461456351202392,1.5317154542945213,0.0,9.166811527756478,352,relaxed
332,global,6.954844462492986,0.19708189494625583,0.000933417472311876,319.0042661304488,330.90558877975144,9.61195717616903,0.20410666681937334,1.969897329742683,1189.2486812264628,1.5730218762719135,8.259160765738754,6.459358071715384,0.3798937855319513,0.6509213004399698,1.8823529411764706,0.47058823529411764,0.0,0.49199430299637303,1.9157948152088726,0.0,9.166811527756478,352,relaxed
333,global,17.012011438809253,0.03278069341472725,0.0008431567029753093,316.6776963382709,339.27731656938954,10.08980950689883,0.3650874515427112,1.8300687584349893,1191.3561293599994,1.7801598354883557,7.950730524067738,4.951915253958222,0.7799762424183473,0.5430975328257135,1.8823529411764706,0.47058823529411764,0.0,0.13709665997534035,1.40957633809081,0.0,9.166811527756478,352,relaxed
334,global,22.911351944243687,0.016490483692312277,0.0014193809158557016,311.0191493272896,340.0630343946275,9.73874677771884,0.4784716746440196,1.54738447247379,2255.540508374209,2.2048075344274585,2.2266635929462333,27.595085583616434,1.8735257010711195,0.701307129503828,4.443768699868451,0.5882352941176471,0.29411764705882354,0.565127557992349,1.3761552545227378,0.0,9.166811527756478,352,relaxed
335,global,11.684660024116717,0.022467620802164023,0.0009368512705704643,318.3515057861833,337.4591303492136,10.017126839947268,0.341003320189536,1.847259674808661,1039.222047650632,1.7561156250741483,8.002296259918234,2.792589252219984,0.49530566293996603,0.5528240543381113,1.855485446773865,0.4117647058823529,0.0,0.07701257600921757,1.4379084900512982,0.0,9.166811527756478,352,relaxed
336,global,0.1541351942280631,0.08484038604704879,0.0011944274128281567,317.43021230472294,339.35364410766033,13.370186062519391,0.32575979941403377,0.9785474855829578,1193.9432537998475,1.14186726185883,3.9859386291077463,0.7058686003911452,1.4667868537856772,0.5212355427320491,1.8823529411764706,0.47058823529411764,0.0,0.5678682114841327,1.2489800431562268,0.0,9.166811527756478,352,relaxed
337,global,23.475127637551108,0.1013756380275008,0.0009003418637209028,319.9664866520998,335.14449726688383,15.135518277036457,0.10953213551842639,1.0862280547176026,1217.7059691723216,2.0871480683316403,7.729186495605501,20.938870971393506,1.7518574780488805,0.577938031530453,1.8823529411764706,0.47058823529411764,0.0,0.764975875249309,1.6177789880376983,0.0,9.166811527756478,352,relaxed
338,global,15.586361426014612,0.020739355580488505,0.002043352053791827,317.38645051552203,336.0555233202467,6.18480786182667,0.12887003392394664,1.6924187975328309,1639.25049784319,1.6743227370268752,2.915874306957722,7.787219659393148,1.1679502685297085,0.6768829332994963,2.367718495968598,0.35294117647058826,0.29411764705882354,0.40041587027463865,1.2866779491447924,0.0,9.166811527756478,352,relaxed
339,global,22.729879702156982,0.033854133272667286,0.003566484814503847,314.2795459371976,331.6945319129568,10.556062701645466,0.31333730198850884,1.10883380443605,2564.3519394695204,2.2780222658755775,0.4456404943940041,38.514896554061295,2.266095401000258,0.6539513493604339,3.7168863220028494,0.7058823529411765,0.29411764705882354,0.9504913087418517,1.4696512375077715,0.0,9.166811527756478,352,relaxed
340,global,17.873446163489078,0.053722373807936555,0.0021528501098768797,314.30032144814004,340.3872470090216,16.63044618813958,0.1157686362651082,1.4565293421434282,1209.8113463224706,1.2918025295065232,1.255788509915961,16.286888547890154,1.5302884908515038,0.62184176563298,1.8823529411764706,0.47058823529411764,0.0,0.46018683529493165,1.6339022191302328,0.0,9.166811527756478,352,relaxed
341,global,7.855858318333768,0.07374269596539748,0.0005763044396252231,316.20738481911536,337.49572751672605,3.302489232951876,0.06139397870683533,1.1801546289062492,1195.6746442081262,1.4668592589108853,7.246380156381841,1.4803940839780068,1.5280140398637978,0.5807825356053664,1.8823529411764706,0.47058823529411764,0.0,0.5455554124446131,1.3693706046747587,0.0,9.166811527756478,352,relaxed
342,global,1.6279661744132383,0.1614287311868167,0.000774340586625866,319.6176228707576,339.82460211253135,13.956386594591585,0.4552645686187574,1.5812082141595585,1188.3183414501368,1.4661932401381632,6.417760128111824,2.4858932496956614,0.7050574757433201,0.5164090153773266,1.8823529411764706,0.47058823529411764,0.0,0.49176716849756313,1.9152665132638957,0.0,9.166811527756478,352,relaxed
343,global,4.35740374384938,0.1486713763150926,0.000774340586625866,317.2241899204171,334.6760998775635,12.286169343223829,0.2625141335689658,1.3264673635672706,1187.5799920133272,1.5044710870536007,8.28668839234467,4.034803822819697,0.4547920821893032,0.6418681573626588,1.8823529411764706,0.47058823529411764,0.0,0.5032735328063151,1.9463183124842771,0.0,9.166811527756478,352,relaxed
344,global,17.83815739916124,0.16482819305177765,0.002624581831269215,315.25942893689967,334.35501280272206,12.591865013805114,0.1095106203677545,0.7983287389563122,1234.6750468878456,1.7846120209322631,2.0262775058943885,33.83562749072733,2.2067625068461814,0.6501122004686699,1.8823529411764706,0.47058823529411764,0.0,0.8736421898576058,2.014363009350054,0.0,9.166811527756478,352,relaxed
345,global,22.497772406293162,0.006100243050651599,0.001127389681765843,319.7306608727459,338.7040613063934,10.997558845736684,0.13119304106943375,0.45085294057633196,305.679820701134,1.7215658854431606,6.222699828131347,2.586015287262125,0.6636893790030833,0.48066713160715707,1.4066074281291918,0.058823529411764705,0.058823529411764705,0.7647911900073268,1.4338188213725855,0.0,9.166811527756478,352,relaxed
346,global,16.2560007376242,0.049381231218442775,0.0044171843229393526,317.5391270013668,333.66042729077753,1.596853982873883,0.09327323188463316,1.085214072363126,1352.5235280663178,1.2391552119486318,0.30792818487689916,11.51943532951157,1.50772927582797,0.6681201161579277,3.0735481501231905,0.35294117647058826,0.17647058823529413,0.6129295306531358,1.3082128403813136,0.0,9.166811527756478,352,relaxed
347,global,13.460467187555892,0.1459554551693555,0.0030341718713181977,319.3015304895015,337.63794655376813,16.99292425009954,0.331609381532298,0.5330735411654237,1236.2201549139475,1.6410562169204366,3.565573672680411,35.47516180686904,2.187012808969401,0.597118708035101,1.8823529411764706,0.47058823529411764,0.0,0.8427069590722825,2.0009246333108726,0.0,9.166811527756478,352,relaxed
348,global,8.980608492650116,0.03819423617714804,0.002119792891131943,314.52513419705514,335.6921635998076,14.598713948737927,0.46443280438842727,2.2107560155328274,956.558166246269,2.5093700431605255,1.4756523630660894,48.327820411185996,2.2965042514202554,0.61872153633646,2.0455617180443597,0.35294117647058826,0.0,1.399964009526526,1.4621440802411396,0.0,9.166811527756478,352,relaxed
349,global,19.076665416353716,0.1811917923711139,0.0022168501372043462,315.36786450231915,333.50719726799855,14.858451142276714,0.48188710310436805,1.9185103367162044,1257.797933802559,2.5253574471680587,3.339701969324324,51.333568052068244,2.7583917495479504,0.6351400321589461,1.8823529411764706,0.47058823529411764,0.0,0.7772562030444213,2.070370060967407,0.0,9.166811527756478,352,relaxed
350,global,15.203452085466024,0.1302161823123014,0.002409649363184458,316.4548834607446,336.54850968507236,14.960574560007952,0.5749902406925033,1.729429328583497,1266.5036098624792,2.4443402186207925,2.170275388997961,59.49958708567544,2.7758635213376883,0.6140930523918677,1.8823529411764706,0.47058823529411764,0.0,1.2713438408035238,1.9704075369899006,0.0,9.166811527756478,352,relaxed
351,global,13.8147441022,0.14034238105349967,0.0027359978,317.2476629134836,337.8083978799052,13.58940964466385,0.3919851221268854,2.651349245,1288.3592281811102,2.680620774260438,0.7624368184544603,80.26239440611535,2.843485635981323,0.6299842832746784,1.8823529411764706,0.47058823529411764,0.0,1.8025278478498696,2.019033692524195,0.0,9.166811527756478,352,relaxed
352,global,16.04077914073223,0.030058228420361488,0.011907871691523273,317.6776484140719,333.60544460992594,9.910743658124764,0.4379249102974034,1.3357913631304053,2321.723877909701,2.9298308938486115,10.414927650303017,84.19832848826464,2.457070049598099,0.5590408351731765,4.135837846486742,0.5882352941176471,0.29411764705882354,3.5780496436495817,1.8073739726737956,0.0,9.166811527756478,352,relaxed
353,local,15.671852385659136,0.00777049911163552,0.0009459676396536085,318.76089619827405,337.90430970001603,12.123356409556754,0.20748676090876483,1.4517676540168432,9.166811527756478,1.7767663815516754,7.034007645246287,2.3443895547826457,0.5269027145940964,0.41221549586016837,0.42588002465007324,0.0,0.0,0.38833728719458127,1.4909287623717808,0.0,9.166811527756478,352,relaxed
354,local,11.458980337503153,0.00777049911163552,0.0009459676396536085,318.76089619827405,337.90430970001603,12.123356409556754,0.20748676090876483,1.4517676540168432,594.9294080287845,1.6610173769351477,7.169210273964112,1.7655887398904047,0.31092121349116875,0.3828668484159427,0.78051572522494,0.17647058823529413,0.058823529411764705,0.47803395252028125,1.485588563551442,0.0,9.166811527756478,352,relaxed
355,local,18.541019662496844,0.00777049911163552,0.0009459676396536085,318.76089619827405,337.90430970001603,12.123356409556754,0.20748676090876483,1.4517676540168432,10.009731964448235,1.8146976406853672,7.062998804305861,2.6352310509402646,0.5758786300382904,0.5878481647153019,0.7905866895061364,0.0,0.0,0.24429728071713336,1.4784763342105653,0.0,9.166811527756478,352,relaxed
356,local,22.917960675006306,0.00777049911163552,0.0009459676396536085,318.76089619827405,337.90430970001603,12.123356409556754,0.20748676090876483,1.4517676540168432,452.7100770002682,1.8560778168198946,6.926777624205095,3.1921002685624718,0.6382637465258253,0.6464478071725743,1.7304906133064204,0.11764705882352941,0.058823529411764705,0.12151794939973011,1.4587548669746813,0.0,9.166811527756478,352,relaxed
357,local,17.57549187502087,0.00777049911163552,0.0009459676396536085,318.76089619827405,337.90430970001603,12.123356409556754,0.20748676090876483,1.4517676540168432,10.061805541750969,1.812993622785534,7.093642999315223,2.5817098150086526,0.5919145477567177,0.5665432990133733,0.6979970537576697,0.0,0.0,0.23496430089192705,1.483471464648176,0.0,9.166811527756478,352,relaxed
358,local,18.059679388337088,0.00777049911163552,0.0009459676396536085,318.76089619827405,337.90430970001603,12.123356409556754,0.20748676090876483,1.4517676540168432,10.052217167814796,1.8143721898574225,7.048211454948237,2.6158247543627424,0.5844571616952978,0.5581769454242469,0.7474430755221431,0.0,0.0,0.24638581955591007,1.4818690079551882,0.0,9.166811527756478,352,relaxed
359,local,20.21286236252208,0.00777049911163552,0.0009459676396536085,318.76089619827405,337.90430970001603,12.123356409556754,0.20748676090876483,1.4517676540168432,452.34542968273155,1.8352562696364207,6.990647747437863,2.9353235070592283,0.6382963462932101,0.6366152623224789,1.360844032930062,0.11764705882352941,0.058823529411764705,0.19461686497326755,1.4690657563483922,0.0,9.166811527756478,352,relaxed
360,local,19.179606750063087,0.00777049911163552,0.0009459676396536085,318.76089619827405,337.90430970001603,12.123356409556754,0.20748676090876483,1.4517676540168432,10.410583032977334,1.8190597180119485,7.069237792731777,2.7261588362333993,0.6064746546643306,0.6124117758238483,0.8737809855865994,0.0,0.0,0.20321263270480788,1.4751797972881484,0.0,9.166811527756478,352,relaxed
361,local,18.784938225170343,0.00777049911163552,0.0009459676396536085,318.76089619827405,337.90430970001603,12.123356409556754,0.20748676090876483,1.4517676540168432,10.220907878972428,1.8138907177803472,7.0657356780917855,2.663030872565272,0.5917566651954015,0.6112233272461379,0.8686915383957854,0.0,0.0,0.2273169458650063,1.4781333539207182,0.0,9.166811527756478,352,relaxed
362,local,18.35716403792201,0.00777049911163552,0.0009459676396536085,318.76089619827405,337.90430970001603,12.123356409556754,0.20748676090876483,1.4517676540168432,10.005683516521502,1.8167709986122487,7.06573520257408,2.6264801878053956,0.5781333027242468,0.5766699745265161,0.7535891808157267,0.0,0.0,0.2455613847385806,1.479835437795517,0.0,9.166811527756478,352,relaxed
363,local,18.4193934326397,0.00777049911163552,0.0009459676396536085,318.76089619827405,337.90430970001603,12.123356409556754,0.20748676090876483,1.4517676540168432,9.848667838645666,1.81028924538239,7.053894159843688,2.5971875328686638,0.5651899094359462,0.5843179859338778,0.7625200888190664,0.0,0.0,0.24388578597046115,1.4792620960775433,0.0,9.166811527756478,352,relaxed
364,local,18.448565726582054,0.00777049911163552,0.0009459676396536085,318.76089619827405,337.90430970001603,12.123356409556754,0.20748676090876483,1.4517676540168432,10.00385557837032,1.8133539017241933,7.052455061587093,2.6290633022118577,0.5764126045137331,0.5848696109069974,0.779713186461383,0.0,0.0,0.24616182053825167,1.4789979915179958,0.0,9.166811527756478,352,relaxed
365,local,18.402981417257102,0.00777049911163552,0.0009459676396536085,318.76089619827405,337.90430970001603,12.123356409556754,0.20748676090876483,1.4517676540168432,9.999053812686011,1.8130712957710338,7.066346000204677,2.6275489931858225,0.5773853819424213,0.5823141307985753,0.7535891808157267,0.0,0.0,0.24509455719414372,1.4794354898270066,0.0,9.166811527756478,352,relaxed
366,local,18.42560779782773,0.00777049911163552,0.0009459676396536085,318.76089619827405,337.90430970001603,12.123356409556754,0.20748676090876483,1.4517676540168432,9.980720688094488,1.810200377618187,7.047977805471509,2.625027501934346,0.5754720307874152,0.5844743288134088,0.7625200888190664,0.0,0.0,0.24586330180813382,1.4792140439006503,0.0,9.166811527756478,352,relaxed
367,local,18.414596012535615,0.00777049911163552,0.0009459676396536085,318.76089619827405,337.90430970001603,12.123356409556754,0.20748676090876483,1.4517676540168432,9.8958869581691,1.8096865438622671,7.050828679342401,2.606879326494417,0.5690488412135221,0.5832936894874938,0.7625200888190664,0.0,0.0,0.2432917443779624,1.4793269741375656,0.0,9.166811527756478,352,relaxed
368,local,18.418737677520273,0.00777049911163552,0.0009459676396536085,318.76089619827405,337.90430970001603,12.123356409556754,0.20748676090876483,1.4517676540168432,9.848430100075607,1.811130617786425,7.058747726810312,2.597180178564329,0.5651213104902221,0.5841120463782283,0.7625200888190664,0.0,0.0,0.24379238848596227,1.4792672308032757,0.0,9.166811527756478,352,relaxed
369,local,18.418991987986075,0.00777049911163552,0.0009459676396536085,318.76089619827405,337.90430970001603,12.123356409556754,0.20748676090876483,1.4517676540168432,9.852309336330237,1.811174417854279,7.058903316086965,2.5977573233910323,0.5654442847094407,0.584180416023729,0.7625200888190664,0.0,0.0,0.24383800645620055,1.4792649991282412,0.0,9.166811527756478,352,relaxed
370,local,18.41715570226615,0.00777049911163552,0.0009459676396536085,318.76089619827405,337.90430970001603,12.123356409556754,0.20748676090876483,1.4517676540168432,9.873608489540613,1.8110730822081058,7.057285904341403,2.602524129017347,0.5671153767254082,0.5837891733112379,0.7625200888190664,0.0,0.0,0.24386968835118422,1.4793022261195592,0.0,9.166811527756478,352,relaxed
371,local,18.41813341674256,0.00777049911163552,0.0009459676396536085,318.76089619827405,337.90430970001603,12.123356409556754,0.20748676090876483,1.4517676540168432,9.844999849280578,1.810282617215472,7.051758125713723,2.597710080745852,0.565369593298958,0.5828704937673161,0.7501784541724011,0.0,0.0,0.2444280007218986,1.47927420336975,0.0,9.166811527756478,352,relaxed
372,local,18.417759963043864,0.00777049911163552,0.0009459676396536085,318.76089619827405,337.90430970001603,12.123356409556754,0.20748676090876483,1.4517676540168432,9.849896399955778,1.8104340564551575,7.052596954749783,2.5978229313721415,0.5652579933620343,0.5831683038636575,0.7625200888190664,0.0,0.0,0.24402800865746574,1.4792775194717311,0.0,9.166811527756478,352,relaxed
373,local,18.418364223821577,0.00777049911163552,0.0009459676396536085,318.76089619827405,337.90430970001603,12.123356409556754,0.20748676090876483,1.4517676540168432,9.844714118247921,1.810314343446779,7.0517891873017815,2.597660682885421,0.5653353703943202,0.5827340010640517,0.7501784541724011,0.0,0.0,0.24454132083451643,1.4792715158659893,0.0,9.166811527756478,352,relaxed
374,local,18.418282250513997,0.00777049911163552,0.0009459676396536085,318.76089619827405,337.90430970001603,12.123356409556754,0.20748676090876483,1.4517676540168432,9.850453552033805,1.8103069832023533,7.054134338556304,2.597638103733238,0.5653333687017797,0.5841659474205109,0.7625200888190664,0.0,0.0,0.24377554714686014,1.479272140422959,0.0,9.166811527756478,352,relaxed
375,local,18.418506870441256,0.00777049911163552,0.0009459676396536085,318.76089619827405,337.90430970001603,12.123356409556754,0.20748676090876483,1.4517676540168432,9.85085604102487,1.8112361732867952,7.059535980130814,2.5976182965628922,0.5653115822548651,0.5842453365236285,0.7625200888190664,0.0,0.0,0.243774723000619,1.4792702754525093,0.0,9.166811527756478,352,relaxed
376,local,18.418418709981914,0.00777049911163552,0.0009459676396536085,318.76089619827405,337.90430970001603,12.123356409556754,0.20748676090876483,1.4517676540168432,9.844521893527222,1.8103149025067373,7.051867331684013,2.5976309319111492,0.565318215474155,0.5828019129095499,0.7501784541724011,0.0,0.0,0.24453574242798748,1.4792711325152823,0.0,9.166811527756478,352,relaxed
377,local,18.41845238428092,0.00777049911163552,0.0009459676396536085,318.76089619827405,337.90430970001603,12.123356409556754,0.20748676090876483,1.4517676540168432,9.85025772612904,1.8102601052456306,7.053932796773785,2.5976298515828318,0.5653161938476481,0.5842394789874309,0.7625200888190664,0.0,0.0,0.24377723300502976,1.4792710277240024,0.0,9.166811527756478,352,relaxed
378,local,18.418418709981914,0.0794833721937705,0.0009459676396536085,318.76089619827405,337.90430970001603,12.123356409556754,0.20748676090876483,1.4517676540168432,1202.2763587499383,1.8136253180871738,8.14057047552416,14.409993449936223,0.8798907958161177,0.5823815333937019,1.8823529411764706,0.47058823529411764,0.0,0.5699501648446713,1.6042369206625575,0.0,9.166811527756478,352,relaxed
379,local,18.418418709981914,0.1255166278062295,0.0009459676396536085,318.76089619827405,337.90430970001603,12.123356409556754,0.20748676090876483,1.4517676540168432,1230.86711933409,2.196899877436769,7.694938606842398,31.10195485769588,2.0369380931939314,0.5703799773770593,1.8823529411764706,0.47058823529411764,0.0,0.9020429711002373,1.7877010653268373,0.0,9.166811527756478,352,relaxed
380,local,18.418418709981914,0.05103325561245899,0.0009459676396536085,318.76089619827405,337.90430970001603,12.123356409556754,0.20748676090876483,1.4517676540168432,1187.503067905348,1.6346919831161495,8.052203910760394,5.70109100814168,0.28596566169111837,0.619328837958651,1.8823529411764706,0.47058823529411764,0.0,0.4704491351531135,1.4741983038053583,0.0,9.166811527756478,352,relaxed
381,local,18.418418709981914,0.033450116581311515,0.0009459676396536085,318.76089619827405,337.90430970001603,12.123356409556754,0.20748676090876483,1.4517676540168432,1183.6897731997838,1.6144526289316974,7.858084486065996,2.9820738213114497,0.1904590866199229,0.643028532491309,1.8823529411764706,0.47058823529411764,0.0,0.35170917261116413,1.4039034515273137,0.0,9.166811527756478,352,relaxed
382,local,18.418418709981914,0.025734724450306706,0.0009459676396536085,318.76089619827405,337.90430970001603,12.123356409556754,0.20748676090876483,1.4517676540168432,1182.818475683373,1.6316985207550423,7.688913580175814,2.1284622869239924,0.2013085452255239,0.6685602630590726,1.8823529411764706,0.47058823529411764,0.0,0.23841387862384983,1.3916061644253301,0.0,9.166811527756478,352,relaxed
383,local,18.418418709981914,0.017814764457653023,0.0009459676396536085,318.76089619827405,337.90430970001603,12.123356409556754,0.20748676090876483,1.4517676540168432,1035.2491693897048,1.629011932916767,7.42588415777418,1.6504869341176895,0.20097820561566754,0.6421256001032397,2.0327018112008575,0.4117647058823529,0.0,0.16295326693690038,1.4064675965764,0.0,9.166811527756478,352,relaxed
384,local,18.418418709981914,0.012919959992653683,0.0009459676396536085,318.76089619827405,337.90430970001603,12.123356409556754,0.20748676090876483,1.4517676540168432,741.7558976876682,1.682922314509589,7.3640452838758765,1.7542397858825858,0.2665545975918275,0.6212758389583987,1.8844961429408091,0.29411764705882354,0.0,0.10425362264403507,1.433412047975641,0.0,9.166811527756478,352,relaxed
385,local,18.418418709981914,0.009894804464999345,0.0009459676396536085,318.76089619827405,337.90430970001603,12.123356409556754,0.20748676090876483,1.4517676540168432,302.0066080247017,1.7496681605865465,7.183115840153206,2.03816655282295,0.40874046784702806,0.6684036908278683,1.3000864122203328,0.11764705882352941,0.0,0.12411971206459554,1.4554023626707446,0.0,9.166811527756478,352,relaxed
386,local,18.418418709981914,0.00802515552765434,0.0009459676396536085,318.76089619827405,337.90430970001603,12.123356409556754,0.20748676090876483,1.4517676540168432,10.239796261936778,1.803681134348079,7.06513644619313,2.6184221046779514,0.5984898151304616,0.6180578524429671,0.8780204754469346,0.0,0.0,0.21924536690416546,1.4766429014080102,0.0,9.166811527756478,352,relaxed
387,local,18.418418709981914,0.0068696489373450045,0.0009459676396536085,318.76089619827405,337.90430970001603,12.123356409556754,0.20748676090876483,1.4517676540168432,305.4648391103798,1.8372745833095658,6.930457228951341,3.021308761504802,0.6590355997167603,0.5039478317527071,0.8982726597328665,0.058823529411764705,0.058823529411764705,0.32948632930848776,1.4868334653777722,0.0,9.166811527756478,352,relaxed
388,local,18.418418709981914,0.00838642818922339,0.0009459676396536085,318.76089619827405,337.90430970001603,12.123356409556754,0.20748676090876483,1.4517676540168432,156.92095847105608,1.7966991622946686,7.099591633852739,2.4934650127416704,0.5721523127187805,0.6037512589134828,1.0274696989987002,0.058823529411764705,0.0,0.15395021897460423,1.4728763867403933,0.0,9.166811527756478,352,relaxed
389,local,18.418418709981914,0.007583791284380674,0.0009459676396536085,318.76089619827405,337.90430970001603,12.123356409556754,0.20748676090876483,1.4517676540168432,10.135778460459727,1.818943233612367,7.042409038030781,2.658344509669794,0.5899196833071629,0.6104020218913242,0.748084797745298,0.0,0.0,0.22737784868032612,1.482072040594127,0.0,9.166811527756478,352,relaxed
390,local,18.418418709981914,0.007804240321958592,0.0009459676396536085,318.76089619827405,337.90430970001603,12.123356409556754,0.20748676090876483,1.4517676540168432,10.012393492500582,1.8122357148872397,7.054142205796275,2.623730059695479,0.5764386396158554,0.5836658838618846,0.8077636223220016,0.0,0.0,0.24581525562146964,1.4787794704769115,0.0,9.166811527756478,352,relaxed
391,local,18.418418709981914,0.007770906988124796,0.0009459676396536085,318.76089619827405,337.90430970001603,12.123356409556754,0.20748676090876483,1.4517676540168432,9.849189691672587,1.8110223779632026,7.058289564425848,2.5970713334207063,0.5652191490383629,0.5843422301306572,0.7625200888190664,0.0,0.0,0.2437158389520593,1.4792783627344195,0.0,9.166811527756478,352,relaxed
392,local,18.418418709981914,0.007703613673197879,0.0009459676396536085,318.76089619827405,337.90430970001603,12.123356409556754,0.20748676090876483,1.4517676540168432,10.003587396188601,1.8158360011995707,7.057999215342333,2.6358157916126594,0.5781206481786136,0.5701643652087606,0.7412475461690614,0.0,0.0,0.24193647146712524,1.4802460031541318,0.0,9.166811527756478,352,relaxed
393,local,18.418418709981914,0.007737573654785413,0.0009459676396536085,318.76089619827405,337.90430970001603,12.123356409556754,0.20748676090876483,1.4517676540168432,9.998801357581828,1.813654959320905,7.0631183106525794,2.6326995734149676,0.5773638907469267,0.5776811077526157,0.7535891808157267,0.0,0.0,0.24062736276510865,1.479774287600539,0.0,9.166811527756478,352,relaxed
394,local,18.418418709981914,0.007770906988124796,0.00794833721937705,318.76089619827405,337.90430970001603,12.123356409556754,0.20748676090876483,1.4517676540168432,1993.1870230786885,2.309703817890924,3.5963695859798017,54.24180652717936,2.2911807527967007,0.6081836822899516,3.701119423949909,0.47058823529411764,0.29411764705882354,1.737314856407671,1.470143209516446,0.0,9.166811527756478,352,relaxed
395,local,18.418418709981914,0.007770906988124796,0.012551662780622948,318.76089619827405,337.90430970001603,12.123356409556754,0.20748676090876483,1.4517676540168432,2292.3540540517174,2.347388781833772,16.151944093837532,62.20035829727831,1.799006405227799,0.5589962418687124,4.021399835768632,0.5882352941176471,0.29411764705882354,2.3304391426193956,1.7153394363278522,0.0,9.166811527756478,352,relaxed
396,local,18.418418709981914,0.007770906988124796,0.005103325561245899,318.76089619827405,337.90430970001603,12.123356409556754,0.20748676090876483,1.4517676540168432,1827.3187564361237,1.9704360305324353,1.014503230468812,39.00218565817151,2.0690957042761973,0.6722763496762176,3.007222496121171,0.4117647058823529,0.29411764705882354,1.023842763460511,1.3277904830152962,0.0,9.166811527756478,352,relaxed
397,local,18.418418709981914,0.007770906988124796,0.003345011658131152,318.76089619827405,337.90430970001603,12.123356409556754,0.20748676090876483,1.4517676540168432,1670.0185508386965,1.9957117417348111,0.20645269763449456,31.185398696352838,1.8977727273172738,0.6495361912893438,2.5161377578234156,0.35294117647058826,0.29411764705882354,0.6397225949343398,1.27022543647206,0.0,9.166811527756478,352,relaxed
398,local,18.418418709981914,0.007770906988124796,0.0022583139031147484,318.76089619827405,337.90430970001603,12.123356409556754,0.20748676090876483,1.4517676540168432,1660.7549661298501,2.042656648592459,1.76454841154033,23.917755683477846,1.7061161574724089,0.6465575565977489,2.41874385650073,0.35294117647058826,0.29411764705882354,0.44865813462777543,1.2791861783742637,0.0,9.166811527756478,352,relaxed
399,local,18.418418709981914,0.007770906988124796,0.002651838897650447,318.76089619827405,337.90430970001603,12.123356409556754,0.20748676090876483,1.4517676540168432,1516.8977307029534,1.9537829750305695,0.7469255735817198,26.269746247556508,1.7822169691108696,0.6393943136736956,2.406624309404238,0.29411764705882354,0.29411764705882354,0.6548833510454121,1.268683909710968,0.0,9.166811527756478,352,relaxed
400,local,18.418418709981914,0.007770906988124796,0.0027937648857125253,318.76089619827405,337.90430970001603,12.123356409556754,0.20748676090876483,1.4517676540168432,1665.5231363061314,1.9552278978610038,0.5717255167575741,27.62094137690437,1.8067990223006376,0.6430174925920007,2.4145531021420394,0.35294117647058826,0.29411764705882354,0.6375641161759068,1.2654062361537675,0.0,9.166811527756478,352,relaxed
401,local,18.418418709981914,0.007770906988124796,0.0025243518622135837,318.76089619827405,337.90430970001603,12.123356409556754,0.20748676090876483,1.4517676540168432,1517.312221423458,2.0684323285262107,1.266904000205925,26.953230432236026,1.758808109901493,0.6509838700354454,2.3724520639963527,0.29411764705882354,0.29411764705882354,0.5723927714587921,1.271188737767282,0.0,9.166811527756478,352,relaxed
402,local,18.418418709981914,0.007770906988124796,0.0026851722562859404,318.76089619827405,337.90430970001603,12.123356409556754,0.20748676090876483,1.4517676540168432,1517.3475309385517,1.9484943639186754,0.697454454066715,26.66612128287884,1.7881419007188608,0.6381487105678098,2.428388131131334,0.29411764705882354,0.29411764705882354,0.6438040304407292,1.267375275240176,0.0,9.166811527756478,352,relaxed
403,local,18.418418709981914,0.007770906988124796,0.0026037077439467486,318.76089619827405,337.90430970001603,12.123356409556754,0.20748676090876483,1.4517676540168432,1516.6983960003695,1.974659112161144,0.8372590746411909,26.189021285186147,1.773771014567215,0.642368630685656,2.3958756120076696,0.29411764705882354,0.29411764705882354,0.6146783237225378,1.2692231959114002,0.0,9.166811527756478,352,relaxed
404,local,18.418418709981914,0.007770906988124796,0.0025703743860251557,318.76089619827405,337.90430970001603,12.123356409556754,0.20748676090876483,1.4517676540168432,1516.303469748292,1.989438290475035,0.9405049923910357,25.859694674416158,1.767697996616219,0.6453692463553642,2.3896625541403838,0.29411764705882354,0.29411764705882354,0.6007978430472308,1.2699720278105835,0.0,9.166811527756478,352,relaxed
405,local,18.418418709981914,0.007770906988124796,0.0025703743860251557,313.819660112501,337.90430970001603,12.123356409556754,0.20748676090876483,1.4517676540168432,1819.4507757177855,2.049491302911817,0.24355335914781423,33.35157486494344,1.950928691761077,0.6602272615597313,2.8571161574547586,0.4117647058823529,0.29411764705882354,0.13446450083058464,1.2840905185104408,0.0,9.166811527756478,352,relaxed
406,local,18.418418709981914,0.007770906988124796,0.0025703743860251557,316.180339887499,337.90430970001603,12.123356409556754,0.20748676090876483,1.4517676540168432,1815.1897992713875,1.986113286325297,0.4675043667200405,29.891466469524886,1.8641128194170624,0.6667536803395983,2.67324390775921,0.4117647058823529,0.29411764705882354,0.27713492936135575,1.2764119085727608,0.0,9.166811527756478,352,relaxed
407,local,18.418418709981914,0.007770906988124796,0.0025703743860251557,317.6393202250021,337.90430970001603,12.123356409556754,0.20748676090876483,1.4517676540168432,1665.3859900671366,1.9697544246914915,0.6512391075959216,27.579674897253323,1.8098016660536542,0.6535973275848184,2.5232195633789405,0.35294117647058826,0.29411764705882354,0.4468365745111586,1.2667121814687423,0.0,9.166811527756478,352,relaxed
408,local,18.418418709981914,0.007770906988124796,0.0025703743860251557,318.54101966249686,337.90430970001603,12.123356409556754,0.20748676090876483,1.4517676540168432,1516.763435442627,1.9784932937168496,0.870376996480309,26.267521766114122,1.7749638657204139,0.6477981857872247,2.417639433734765,0.29411764705882354,0.29411764705882354,0.5740834208287096,1.2734869948206682,0.0,9.166811527756478,352,relaxed
409,local,18.418418709981914,0.007770906988124796,0.0025703743860251557,319.09830056250524,337.90430970001603,12.123356409556754,0.20748676090876483,1.4517676540168432,1515.7793889133227,1.979207704031251,1.012800844492516,25.426741706093676,1.7550594311415484,0.6430731087521432,2.3724520639963527,0.29411764705882354,0.29411764705882354,0.6387229983655889,1.2680202802204699,0.0,9.166811527756478,352,relaxed
410,local,18.418418709981914,0.007770906988124796,0.0025703743860251557,318.8275599066383,337.90430970001603,12.123356409556754,0.20748676090876483,1.4517676540168432,1515.8556300591656,1.9888018651742072,0.9678227845458142,25.419736551566793,1.7653351002347444,0.6457810485391827,2.3896625541403838,0.29411764705882354,0.29411764705882354,0.6138534902593644,1.2690936989096389,0.0,9.166811527756478,352,relaxed
411,local,18.418418709981914,0.007770906988124796,0.0025703743860251557,318.9901133863252,337.90430970001603,12.123356409556754,0.20748676090876483,1.4517676540168432,1515.934700048489,2.0002952635556,1.0451479187055743,25.560170319506838,1.7588043117505956,0.6461262438196357,2.3779643741130183,0.29411764705882354,0.29411764705882354,0.6147555674777052,1.2678310108108524,0.0,9.166811527756478,352,relaxed
412,local,18.418418709981914,0.007770906988124796,0.0025703743860251557,319.44271909999156,337.90430970001603,12.123356409556754,0.20748676090876483,1.4517676540168432,1516.2808421611792,2.048642860845031,1.3478004411146263,26.073786799760605,1.7372408947326061,0.6463498873387364,2.3597762672748797,0.29411764705882354,0.29411764705882354,0.6368660997280186,1.2688783839705307,0.0,9.166811527756478,352,relaxed
413,local,18.418418709981914,0.007770906988124796,0.0025703743860251557,319.2298567374695,337.90430970001603,12.123356409556754,0.20748676090876483,1.4517676540168432,1516.815832567698,2.0581306265087904,1.293163007066643,26.501455427329418,1.7484294695856084,0.6459997239741396,2.3724520639963527,0.29411764705882354,0.29411764705882354,0.6305286765200939,1.2681553060705173,0.0,9.166811527756478,352,relaxed
414,local,18.418418709981914,0.007770906988124796,0.0025703743860251557,319.14855054991165,337.90430970001603,12.123356409556754,0.20748676090876483,1.4517676540168432,1517.0252658438326,2.0576282067317826,1.2772463067489823,26.670396271499303,1.7529275565073033,0.6443220760117875,2.3597762672748797,0.29411764705882354,0.29411764705882354,0.6341870798543158,1.2681920350724942,0.0,9.166811527756478,352,relaxed
415,local,18.418418709981914,0.007770906988124796,0.0025703743860251557,319.05697673835135,337.90430970001603,12.123356409556754,0.20748676090876483,1.4517676540168432,1515.7663309998188,1.9975960377874187,1.06288033716369,25.398173922564926,1.7561998445216012,0.6438103375417497,2.3779643741130183,0.29411764705882354,0.29411764705882354,0.6331536263086486,1.267942665283977,0.0,9.166811527756478,352,relaxed
416,local,18.418418709981914,0.007770906988124796,0.0025703743860251557,319.0169840531042,337.90430970001603,12.123356409556754,0.20748676090876483,1.4517676540168432,1515.8806302285573,2.000760726391248,1.054881164550591,25.506408597602572,1.7581478060871325,0.6452448989687162,2.3779643741130183,0.29411764705882354,0.29411764705882354,0.6200799983119137,1.2678705803019348,0.0,9.166811527756478,352,relaxed
417,local,18.418418709981914,0.007770906988124796,0.0025703743860251557,319.072761034633,337.90430970001603,12.123356409556754,0.20748676090876483,1.4517676540168432,1515.7793330832608,1.9934753461693466,1.0584628202763127,25.410554164558217,1.7559097830517885,0.6432628789798552,2.3779643741130183,0.29411764705882354,0.29411764705882354,0.6375838145946902,1.2679843936525064,0.0,9.166811527756478,352,relaxed
418,local,18.418418709981914,0.007770906988124796,0.0025703743860251557,319.04170089188835,337.90430970001603,12.123356409556754,0.20748676090876483,1.4517676540168432,1515.7824357534903,1.9995384401198915,1.0631052015036229,25.41017560537187,1.7570756825560492,0.6444864793591686,2.3779643741130183,0.29411764705882354,0.29411764705882354,0.6282145620878519,1.2679133598778556,0.0,9.166811527756478,352,relaxed
419,local,18.418418709981914,0.007770906988124796,0.0025703743860251557,319.0630058030425,337.90430970001603,12.123356409556754,0.20748676090876483,1.4517676540168432,1515.7623749983823,1.996305591515428,1.0627780013552377,25.394669404985823,1.7560254481264594,0.6435189808880397,2.3779643741130183,0.29411764705882354,0.29411764705882354,0.6346142157550483,1.2679578913282696,0.0,9.166811527756478,352,relaxed
420,local,18.418418709981914,0.007770906988124796,0.0025703743860251557,319.0621539120911,337.90430970001603,12.123356409556754,0.20748676090876483,1.4517676540168432,1515.7625558958346,1.9964290351186567,1.0624774749238994,25.394841745509872,1.756048357886042,0.6435623835127008,2.3779643741130183,0.29411764705882354,0.29411764705882354,0.6344070824590597,1.2679559237678615,0.0,9.166811527756478,352,relaxed
421,local,18.418418709981914,0.007770906988124796,0.0025703743860251557,319.0638184176815,337.90430970001603,12.123356409556754,0.20748676090876483,1.4517676540168432,1515.7631538471687,1.996087561571259,1.0625424819183487,25.39547035975389,1.7560052694392436,0.6434830631367552,2.3779643741130183,0.29411764705882354,0.29411764705882354,0.6348427911631286,1.267960501121067,0.0,9.166811527756478,352,relaxed
422,local,18.418418709981914,0.007770906988124796,0.0025703743860251557,319.0627308038658,337.90430970001603,12.123356409556754,0.20748676090876483,1.4517676540168432,1515.7621277836179,1.9964126318345108,1.0630180701986378,25.394421413401357,1.7560294108128736,0.6435315000991803,2.3779643741130183,0.29411764705882354,0.29411764705882354,0.6345394146115269,1.2679573044325319,0.0,9.166811527756478,352,relaxed
423,local,18.418418709981914,0.007770906988124796,0.0025703743860251557,319.0626349733732,337.90430970001603,12.123356409556754,0.20748676090876483,1.4517676540168432,1515.7622560302739,1.9964301846136645,1.062974610758951,25.3945342104815,1.756033877321166,0.643537454338422,2.3779643741130183,0.29411764705882354,0.29411764705882354,0.6345122039266007,1.267956825435497,0.0,9.166811527756478,352,relaxed
424,local,18.418418709981914,0.007770906988124796,0.0025703743860251557,319.0627937999605,337.90430970001603,12.123356409556754,0.20748676090876483,1.4517676540168432,1515.7621445754444,1.9963529910473952,1.0627831612588392,25.39444736766812,1.7560293849751787,0.6435291196955033,2.3779643741130183,0.29411764705882354,0.29411764705882354,0.6345602012190076,1.2679574215462615,0.0,9.166811527756478,352,relaxed
425,local,18.418418709981914,0.007770906988124796,0.0025703743860251557,319.06269746605557,337.90430970001603,12.123356409556754,0.20748676090876483,1.4517676540168432,1515.7621520777354,1.9964254612168688,1.0629946745083987,25.3944368689657,1.756031941418903,0.6435354246589375,2.3779643741130183,0.29411764705882354,0.29411764705882354,0.6345236124870579,1.2679572440516398,0.0,9.166811527756478,352,relaxed
426,local,18.418418709981914,0.007770906988124796,0.0025703743860251557,319.0627308038658,333.3475241575015,12.123356409556754,0.20748676090876483,1.4517676540168432,1654.968740639646,1.9543868494298928,2.3359214707327065,18.414296238953494,1.6209488181627183,0.6820956795598427,2.1746780488118116,0.35294117647058826,0.29411764705882354,1.0877957383952401,1.2761116381288735,0.0,9.166811527756478,352,relaxed
427,local,18.418418709981914,0.007770906988124796,0.0025703743860251557,319.0627308038658,336.6524758424985,12.123356409556754,0.20748676090876483,1.4517676540168432,1515.2237971179325,2.037961333581537,1.4541047393072652,25.133035000518635,1.72633727124606,0.6431920770938566,2.3297021910228124,0.29411764705882354,0.29411764705882354,0.6353805844105519,1.2698307957615347,0.0,9.166811527756478,352,relaxed
428,local,18.418418709981914,0.007770906988124796,0.0025703743860251557,319.0627308038658,338.69504831500296,12.123356409556754,0.20748676090876483,1.4517676540168432,1516.5772708561492,1.9592239529965056,0.8068382404882996,26.106841288204556,1.7703604092789063,0.6425911064974977,2.4230414633783597,0.29411764705882354,0.29411764705882354,0.6007583426511711,1.272288834962527,0.0,9.166811527756478,352,relaxed
429,local,18.418418709981914,0.007770906988124796,0.0025703743860251557,319.0627308038658,337.63250760928776,12.123356409556754,0.20748676090876483,1.4517676540168432,1516.855278008202,2.057286785159067,1.305610736170996,26.524924636269628,1.750242778698835,0.647117917385975,2.3724520639963527,0.29411764705882354,0.29411764705882354,0.627100074033436,1.268132046154515,0.0,9.166811527756478,352,relaxed
430,local,18.418418709981914,0.007770906988124796,0.0025703743860251557,319.0627308038658,335.39009663000587,12.123356409556754,0.20748676090876483,1.4517676540168432,1659.700077139963,2.00809613208765,1.7197168267814675,22.799005475744757,1.6980117781896578,0.6554604693830354,2.290294173731616,0.35294117647058826,0.29411764705882354,0.6650090626430272,1.270578322908163,0.0,9.166811527756478,352,relaxed
431,local,18.418418709981914,0.007770906988124796,0.0025703743860251557,319.0627308038658,336.17028989001767,12.123356409556754,0.20748676090876483,1.4517676540168432,1514.4942792611582,2.021764178489286,1.5219578224032737,24.45687953560197,1.718924294658341,0.6443487601727405,2.299164419324018,0.29411764705882354,0.29411764705882354,0.6661233928485996,1.2704403118912635,0.0,9.166811527756478,352,relaxed
432,local,18.418418709981914,0.007770906988124796,0.0025703743860251557,319.0627308038658,335.8722825824868,12.123356409556754,0.20748676090876483,1.4517676540168432,1660.9536050981776,2.022328558184248,1.576343943864627,23.941914881260193,1.7107634141310244,0.6512922142386169,2.3011646438022884,0.35294117647058826,0.29411764705882354,0.6560195765555443,1.2699440996140634,0.0,9.166811527756478,352,relaxed
