window,start_ns,stop_ns,mean_mV,vpp_mV,robust_vpp_mV,periodic_vpp_mV,coherence,source_setting_mV,current_uA,candidate_id,C_pF,tau_th_ns,C_th_pJ_per_K,gamma
0,50.0,100.0,318.71611894253215,3.0928212298490507,2.644613312688989,0.36591136666369445,0.020441749186485114,300.0,228.15229898524512,0,0.0,6.0,0.0222765722605632,0.1569637099004186
1,100.0,150.0,318.33639862353425,2.6852441410151187,2.2037661050219413,0.06766306683768653,0.0007192911401716628,300.0,228.15229898524512,0,0.0,6.0,0.0222765722605632,0.1569637099004186
2,150.0,200.0,318.22265371407246,2.784926029707947,2.5603118370127618,0.27083263993683176,0.00931674354487999,300.0,228.15229898524512,0,0.0,6.0,0.0222765722605632,0.1569637099004186
3,200.0,250.0,318.07114352141895,3.115584379753841,2.563526619914626,0.2568844724689697,0.009438545821930933,300.0,228.15229898524512,0,0.0,6.0,0.0222765722605632,0.1569637099004186
0,50.0,100.0,226.75988234660284,2.1630701705307445,1.7036402048448167,0.9624039504570687,0.11604952140482072,500.0,380.88580812995247,0,0.0,6.0,0.0222765722605632,0.1569637099004186
1,100.0,150.0,226.21696192823353,1.3872067358669824,1.0711593489510847,0.5157772318883018,0.00910333832786514,500.0,380.88580812995247,0,0.0,6.0,0.0222765722605632,0.1569637099004186
2,150.0,200.0,225.94769772022974,1.304326169420051,1.1528918431170894,0.21692145562268839,0.002716086623205771,500.0,380.88580812995247,0,0.0,6.0,0.0222765722605632,0.1569637099004186
3,200.0,250.0,225.73716119026344,1.0651688356247178,0.9786489939943124,0.36726143706122777,0.005322214809190928,500.0,380.88580812995247,0,0.0,6.0,0.0222765722605632,0.1569637099004186
0,50.0,100.0,153.58373019988585,0.8811658761570698,0.8182381137186496,0.09761160521919784,0.015295984108252725,800.0,606.2950294894458,0,0.0,6.0,0.0222765722605632,0.1569637099004186
1,100.0,150.0,153.4070602222738,0.863872975855486,0.6750705047230099,0.12942127956192362,0.03528650010218426,800.0,606.2950294894458,0,0.0,6.0,0.0222765722605632,0.1569637099004186
2,150.0,200.0,153.31479223068067,0.8939190937105082,0.7641424165162505,0.13259826642546127,0.031514626878908936,800.0,606.2950294894458,0,0.0,6.0,0.0222765722605632,0.1569637099004186
3,200.0,250.0,153.40559524193716,0.9456728808030164,0.8413800480293219,0.12545860529975475,0.027072784246028436,800.0,606.2950294894458,0,0.0,6.0,0.0222765722605632,0.1569637099004186
0,50.0,100.0,318.69159624831997,2.8104182074162622,2.1667432087319867,0.32084329866606837,0.026563427887329016,300.0,228.15229898524512,1,0.39,6.0,0.0222765722605632,0.1569637099004186
1,100.0,150.0,318.36728709794346,2.160609882492622,1.9550211281232919,0.07627445169274986,0.001698559098127883,300.0,228.15229898524512,1,0.39,6.0,0.0222765722605632,0.1569637099004186
2,150.0,200.0,318.20526740051787,2.4943663594277723,2.3081043352264032,0.24581428008670253,0.01255039818607484,300.0,228.15229898524512,1,0.39,6.0,0.0222765722605632,0.1569637099004186
3,200.0,250.0,318.09888596724784,2.472426772427241,2.226775744035592,0.23161738967589837,0.012494394835337763,300.0,228.15229898524512,1,0.39,6.0,0.0222765722605632,0.1569637099004186
0,50.0,100.0,226.83283422195407,2.582193152156833,2.255860331424884,1.0634364592878143,0.0611367415746239,500.0,380.88580812995247,1,0.39,6.0,0.0222765722605632,0.1569637099004186
1,100.0,150.0,226.29819829977828,1.7322444964777333,1.4695112689950633,0.7360701148067423,0.007961438472351534,500.0,380.88580812995247,1,0.39,6.0,0.0222765722605632,0.1569637099004186
2,150.0,200.0,226.05814016326397,1.824393685994039,1.6429477581598064,0.2554894766563997,0.0021313761726400315,500.0,380.88580812995247,1,0.39,6.0,0.0222765722605632,0.1569637099004186
3,200.0,250.0,225.84129534417403,1.5927982545501038,1.439172157404414,0.37870713304395787,0.004742189602559677,500.0,380.88580812995247,1,0.39,6.0,0.0222765722605632,0.1569637099004186
0,50.0,100.0,153.5880497709854,1.002281974092682,0.9453224787536953,0.10331246531936575,0.012537668690448367,800.0,606.2950294894458,1,0.39,6.0,0.0222765722605632,0.1569637099004186
1,100.0,150.0,153.40936876770854,1.0026825069843142,0.7749386675860137,0.13448083377330775,0.025341133592300724,800.0,606.2950294894458,1,0.39,6.0,0.0222765722605632,0.1569637099004186
2,150.0,200.0,153.31393258268693,1.067028886307611,0.8924510230473004,0.17381327388942283,0.03826361914075549,800.0,606.2950294894458,1,0.39,6.0,0.0222765722605632,0.1569637099004186
3,200.0,250.0,153.40740400435797,1.0882915663311508,0.912965098410865,0.12041504987593822,0.017804871628862684,800.0,606.2950294894458,1,0.39,6.0,0.0222765722605632,0.1569637099004186
0,50.0,100.0,318.4087546468961,6.662757659047259,3.4862697505187157,0.3354820566883994,0.012530088328920996,300.0,228.15229898524512,2,2.0,6.0,0.0222765722605632,0.1569637099004186
1,100.0,150.0,318.1906108331953,0.6382470687658497,0.49533799654562927,0.046845283847532664,0.008559083831877645,300.0,228.15229898524512,2,2.0,6.0,0.0222765722605632,0.1569637099004186
2,150.0,200.0,318.037752514904,0.9147821868111237,0.7313235992658065,0.33909375740693676,0.25527342945667897,300.0,228.15229898524512,2,2.0,6.0,0.0222765722605632,0.1569637099004186
3,200.0,250.0,317.88381775187185,0.9333747792012446,0.7241512474114984,0.2586638557893314,0.19174433774086042,300.0,228.15229898524512,2,2.0,6.0,0.0222765722605632,0.1569637099004186
0,50.0,100.0,167.7984349146484,108.27047479924983,87.88381147903839,81.19918417277772,0.8843496294672485,500.0,380.88580812995247,2,2.0,6.0,0.0222765722605632,0.1569637099004186
1,100.0,150.0,167.4421741838936,56.107169288915316,47.72879396883894,46.336678983341336,0.9594217513282919,500.0,380.88580812995247,2,2.0,6.0,0.0222765722605632,0.1569637099004186
2,150.0,200.0,168.07576576643567,31.47814543566045,26.489876715473912,24.770761916711198,0.9469485083866829,500.0,380.88580812995247,2,2.0,6.0,0.0222765722605632,0.1569637099004186
3,200.0,250.0,167.34758775495146,15.701880622709837,12.25637352395512,11.211970671401627,0.9144267110192815,500.0,380.88580812995247,2,2.0,6.0,0.0222765722605632,0.1569637099004186
0,50.0,100.0,116.17156863169302,1.4938637796308853,1.3444459161917308,0.07444770351633882,0.002730699843576878,800.0,606.2950294894458,2,2.0,6.0,0.0222765722605632,0.1569637099004186
1,100.0,150.0,116.03770303430827,1.4198266090088936,1.2087295373437144,0.09710094585799357,0.005767973463292386,800.0,606.2950294894458,2,2.0,6.0,0.0222765722605632,0.1569637099004186
2,150.0,200.0,115.98381959129865,1.467716328628427,1.3376868552084176,0.10670390318847332,0.006919148289001642,800.0,606.2950294894458,2,2.0,6.0,0.0222765722605632,0.1569637099004186
3,200.0,250.0,116.03851000273646,1.589290937679877,1.4679823365338507,0.08232116638488858,0.0036786110210187406,800.0,606.2950294894458,2,2.0,6.0,0.0222765722605632,0.1569637099004186
0,50.0,100.0,251.67999782742427,265.456298161285,217.11097118892687,101.78584055621717,0.2655042226968034,300.0,228.15229898524512,3,4.0,6.0,0.0222765722605632,0.1569637099004186
1,100.0,150.0,268.42585943006344,279.11102694519775,239.34348972142746,135.88166940709013,0.5549614287930282,300.0,228.15229898524512,3,4.0,6.0,0.0222765722605632,0.1569637099004186
2,150.0,200.0,313.1313916795877,23.89222331448474,21.008654537867187,19.185895817055737,0.9346799253725255,300.0,228.15229898524512,3,4.0,6.0,0.0222765722605632,0.1569637099004186
3,200.0,250.0,311.8547462660787,14.124036244218928,12.638009536370703,12.952917767974983,0.9901885866424283,300.0,228.15229898524512,3,4.0,6.0,0.0222765722605632,0.1569637099004186
0,50.0,100.0,187.33745309931652,373.77747982475563,349.0644293768975,234.4209738742949,0.5002657415606777,500.0,380.88580812995247,3,4.0,6.0,0.0222765722605632,0.1569637099004186
1,100.0,150.0,192.58268842142562,388.9800115865049,346.38570489608827,190.3459561372244,0.34571116673570756,500.0,380.88580812995247,3,4.0,6.0,0.0222765722605632,0.1569637099004186
2,150.0,200.0,189.3062710215924,389.7464760275651,357.94701427259,240.08156471308092,0.47625995904346796,500.0,380.88580812995247,3,4.0,6.0,0.0222765722605632,0.1569637099004186
3,200.0,250.0,190.46305102984857,375.46502253286855,365.9224931596946,244.46791931778475,0.4764097664805914,500.0,380.88580812995247,3,4.0,6.0,0.0222765722605632,0.1569637099004186
0,50.0,100.0,115.21842604258018,140.32337537765505,137.79424861059073,53.73814615834328,0.14493850352745397,800.0,606.2950294894458,3,4.0,6.0,0.0222765722605632,0.1569637099004186
1,100.0,150.0,115.3284868544532,138.64826510907994,134.41334936820027,50.442155399910156,0.13638952006443095,800.0,606.2950294894458,3,4.0,6.0,0.0222765722605632,0.1569637099004186
2,150.0,200.0,115.95843771319818,138.79242602767613,135.15124056984948,46.3853977873707,0.10901315351938523,800.0,606.2950294894458,3,4.0,6.0,0.0222765722605632,0.1569637099004186
3,200.0,250.0,114.34304184411204,137.79797694396638,135.24342038765727,49.30071725415794,0.12448373429921589,800.0,606.2950294894458,3,4.0,6.0,0.0222765722605632,0.1569637099004186
0,50.0,100.0,273.2995400887396,331.310322779022,267.70809312199526,139.51802521997766,0.5752752631442248,300.0,228.15229898524512,4,6.835494476281913,6.0,0.0222765722605632,0.1569637099004186
1,100.0,150.0,260.37741215079734,345.127408528324,331.6215082309811,258.5666619218338,0.6991553591071811,300.0,228.15229898524512,4,6.835494476281913,6.0,0.0222765722605632,0.1569637099004186
2,150.0,200.0,249.6118478060039,335.0685718655607,328.782602750758,209.08291123839132,0.5847032191403577,300.0,228.15229898524512,4,6.835494476281913,6.0,0.0222765722605632,0.1569637099004186
3,200.0,250.0,294.75410381678273,345.6355541988542,319.2772289777832,113.17922890223139,0.2707838499823674,300.0,228.15229898524512,4,6.835494476281913,6.0,0.0222765722605632,0.1569637099004186
0,50.0,100.0,164.83910785707093,381.9583695277772,369.45317498166446,354.944848321302,0.7910834765436523,500.0,380.88580812995247,4,6.835494476281913,6.0,0.0222765722605632,0.1569637099004186
1,100.0,150.0,168.260023734329,382.5323523141223,376.8184805965127,368.28217245344155,0.8192741992663799,500.0,380.88580812995247,4,6.835494476281913,6.0,0.0222765722605632,0.1569637099004186
2,150.0,200.0,172.53964466758876,383.2178765433176,376.3707315977491,369.88459358720684,0.8016699664141418,500.0,380.88580812995247,4,6.835494476281913,6.0,0.0222765722605632,0.1569637099004186
3,200.0,250.0,174.7948108115933,383.3135871290239,377.22476123642815,368.4368674804491,0.809137026236032,500.0,380.88580812995247,4,6.835494476281913,6.0,0.0222765722605632,0.1569637099004186
0,50.0,100.0,128.50114936489604,318.27853686898305,309.44807103074817,289.017568380689,0.7648178914703007,800.0,606.2950294894458,4,6.835494476281913,6.0,0.0222765722605632,0.1569637099004186
1,100.0,150.0,128.70347837728633,319.362282192954,309.28156539578794,281.9451443892796,0.795221235801644,800.0,606.2950294894458,4,6.835494476281913,6.0,0.0222765722605632,0.1569637099004186
2,150.0,200.0,120.08210790483507,318.4654484780359,306.06810446000054,278.7824292520565,0.7812332518155896,800.0,606.2950294894458,4,6.835494476281913,6.0,0.0222765722605632,0.1569637099004186
3,200.0,250.0,119.09965224286312,319.37404450650797,310.63170655667756,284.28076641503367,0.789297425581396,800.0,606.2950294894458,4,6.835494476281913,6.0,0.0222765722605632,0.1569637099004186
0,50.0,100.0,198.24479042508807,343.2620981025902,339.11462319137166,319.0232930145874,0.7793883219375983,300.0,228.15229898524512,5,8.0,6.0,0.0222765722605632,0.1569637099004186
1,100.0,150.0,229.98948245135517,342.93315231363874,337.6632605216658,282.89262549153455,0.7100190995756797,300.0,228.15229898524512,5,8.0,6.0,0.0222765722605632,0.1569637099004186
2,150.0,200.0,249.7365801932053,343.42015783645866,338.01263218299823,283.7820816694565,0.7573375048648546,300.0,228.15229898524512,5,8.0,6.0,0.0222765722605632,0.1569637099004186
3,200.0,250.0,252.31529620282151,343.77615771698754,337.7715006411735,289.02067059880545,0.7288842870107843,300.0,228.15229898524512,5,8.0,6.0,0.0222765722605632,0.1569637099004186
0,50.0,100.0,177.36292433966818,386.0744283832403,380.65521329732815,383.3041342625405,0.7934887706071404,500.0,380.88580812995247,5,8.0,6.0,0.0222765722605632,0.1569637099004186
1,100.0,150.0,169.70197192145525,385.0462704465176,370.5441364968175,348.3642340061495,0.8219272846892695,500.0,380.88580812995247,5,8.0,6.0,0.0222765722605632,0.1569637099004186
2,150.0,200.0,176.41485979892096,385.0858085612915,378.3910559430491,381.69363835655247,0.8043477622593258,500.0,380.88580812995247,5,8.0,6.0,0.0222765722605632,0.1569637099004186
3,200.0,250.0,169.83766634095704,385.3876917922518,371.2108576921817,348.844334641156,0.8170025302530404,500.0,380.88580812995247,5,8.0,6.0,0.0222765722605632,0.1569637099004186
0,50.0,100.0,128.48084242620442,354.48900941575727,342.85438620562275,319.35369763140784,0.7598385705109227,800.0,606.2950294894458,5,8.0,6.0,0.0222765722605632,0.1569637099004186
1,100.0,150.0,127.27775050201592,353.694352522376,346.708625521301,316.8109085996318,0.7705903286706995,800.0,606.2950294894458,5,8.0,6.0,0.0222765722605632,0.1569637099004186
2,150.0,200.0,129.30606783606268,353.8783315442996,342.2658137854806,314.22749120502584,0.7781932808054375,800.0,606.2950294894458,5,8.0,6.0,0.0222765722605632,0.1569637099004186
3,200.0,250.0,131.904684843068,351.8016995164093,341.8988162268183,314.76050829189086,0.7802909014934153,800.0,606.2950294894458,5,8.0,6.0,0.0222765722605632,0.1569637099004186
0,50.0,100.0,217.53470960429166,353.5709401582799,352.608958028225,381.3904253212894,0.7432803858318293,300.0,228.15229898524512,6,12.0,6.0,0.0222765722605632,0.1569637099004186
1,100.0,150.0,217.5284638436021,344.77705130675236,343.6027342004715,355.55626763972646,0.7716650306164973,300.0,228.15229898524512,6,12.0,6.0,0.0222765722605632,0.1569637099004186
2,150.0,200.0,217.9295553354028,344.8967610348723,343.84724886575646,329.90708263704875,0.7557079430683273,300.0,228.15229898524512,6,12.0,6.0,0.0222765722605632,0.1569637099004186
3,200.0,250.0,219.9640362245648,345.1910038614406,344.2017561230008,305.73762293498396,0.7310434488216696,300.0,228.15229898524512,6,12.0,6.0,0.0222765722605632,0.1569637099004186
0,50.0,100.0,203.9894089897745,386.14189048307315,384.9110866308234,371.45048857629195,0.7437580180811307,500.0,380.88580812995247,6,12.0,6.0,0.0222765722605632,0.1569637099004186
1,100.0,150.0,188.3369331366297,386.9490709119003,382.8841605124878,349.06548672033034,0.8123965736850249,500.0,380.88580812995247,6,12.0,6.0,0.0222765722605632,0.1569637099004186
2,150.0,200.0,161.4979744882263,387.29910074427534,384.89968211324555,360.79541710382813,0.7475977328401425,500.0,380.88580812995247,6,12.0,6.0,0.0222765722605632,0.1569637099004186
3,200.0,250.0,175.2179676581163,387.1225777557859,385.1103689090825,380.1272770023483,0.7645934270558865,500.0,380.88580812995247,6,12.0,6.0,0.0222765722605632,0.1569637099004186
0,50.0,100.0,148.18835187536038,392.78385140443424,382.2616340135153,365.72879732767535,0.7792562331154861,800.0,606.2950294894458,6,12.0,6.0,0.0222765722605632,0.1569637099004186
1,100.0,150.0,160.41675778618213,394.18738932218446,384.17266158819433,355.2431718890047,0.7942270229523645,800.0,606.2950294894458,6,12.0,6.0,0.0222765722605632,0.1569637099004186
2,150.0,200.0,125.06039274791183,389.3199760243506,371.20169343563055,349.78968781364745,0.7751804801203119,800.0,606.2950294894458,6,12.0,6.0,0.0222765722605632,0.1569637099004186
3,200.0,250.0,158.9371581445903,393.9339286554945,381.7914319199887,364.0792028229655,0.7690389340337096,800.0,606.2950294894458,6,12.0,6.0,0.0222765722605632,0.1569637099004186
0,50.0,100.0,318.7014806911748,3.520603239873026,2.8701355766646657,1.974179691039222,0.051976764490825,300.0,228.15229898524512,7,0.0,9.0,0.03341485839084481,0.1569637099004186
1,100.0,150.0,318.19708430011775,2.68119113786247,2.2292523060690996,0.5901478853907394,0.0023344346832451235,300.0,228.15229898524512,7,0.0,9.0,0.03341485839084481,0.1569637099004186
2,150.0,200.0,318.0753775422294,2.922790794117361,2.7156994293443972,0.8672071727016093,0.010204468810985579,300.0,228.15229898524512,7,0.0,9.0,0.03341485839084481,0.1569637099004186
3,200.0,250.0,317.88585693845687,3.3175554915712837,2.7115689756533357,1.9996813752349687,0.017717840892984338,300.0,228.15229898524512,7,0.0,9.0,0.03341485839084481,0.1569637099004186
0,50.0,100.0,226.77019592295528,2.1640505805880252,1.8406319422198578,0.9193489012139362,0.08941294282355094,500.0,380.88580812995247,7,0.0,9.0,0.03341485839084481,0.1569637099004186
1,100.0,150.0,226.24028929132356,1.4841982391488955,1.2605390188190881,0.5791455233420914,0.006733627721557278,500.0,380.88580812995247,7,0.0,9.0,0.03341485839084481,0.1569637099004186
2,150.0,200.0,225.95865410076402,1.5280978453683076,1.427499903505634,0.0923931712313489,0.0005920397233637464,500.0,380.88580812995247,7,0.0,9.0,0.03341485839084481,0.1569637099004186
3,200.0,250.0,225.73800627412638,1.2473380425814469,1.1108859554696835,0.21748384191446182,0.0015293508335432193,500.0,380.88580812995247,7,0.0,9.0,0.03341485839084481,0.1569637099004186
0,50.0,100.0,153.59385127572256,1.2233261867898477,0.9738785269294681,0.19924310600483205,0.01095950365748688,800.0,606.2950294894458,7,0.0,9.0,0.03341485839084481,0.1569637099004186
1,100.0,150.0,153.39880595309864,1.158334720698548,0.912090712668089,0.15519545587557015,0.015895846448061413,800.0,606.2950294894458,7,0.0,9.0,0.03341485839084481,0.1569637099004186
2,150.0,200.0,153.31848489662437,1.1071079053180597,0.9781320433266387,0.2278572790210006,0.03523403950218651,800.0,606.2950294894458,7,0.0,9.0,0.03341485839084481,0.1569637099004186
3,200.0,250.0,153.3969994494087,1.1693782888658006,1.027361543459648,0.3757397464313539,0.0424868408601905,800.0,606.2950294894458,7,0.0,9.0,0.03341485839084481,0.1569637099004186
0,50.0,100.0,318.648100948725,2.8821226585677095,2.196900440630145,0.4544723598521175,0.0597216147977806,300.0,228.15229898524512,8,0.39,9.0,0.03341485839084481,0.1569637099004186
1,100.0,150.0,318.225835225918,2.0091230523123613,1.8629264431772867,0.10921800237981749,0.004172315655289527,300.0,228.15229898524512,8,0.39,9.0,0.03341485839084481,0.1569637099004186
2,150.0,200.0,318.03426207289726,2.4614928007738968,2.237851554693009,0.3204126299840296,0.025073626281993278,300.0,228.15229898524512,8,0.39,9.0,0.03341485839084481,0.1569637099004186
3,200.0,250.0,317.9161105965984,2.3853438043125834,2.113074495085641,0.2945297075745501,0.022413212992312248,300.0,228.15229898524512,8,0.39,9.0,0.03341485839084481,0.1569637099004186
0,50.0,100.0,226.7724345390361,2.6715828166974234,2.177139306819498,0.8943527679193535,0.06424472794526737,500.0,380.88580812995247,8,0.39,9.0,0.03341485839084481,0.1569637099004186
1,100.0,150.0,226.22299843136858,1.848936096973631,1.628441974656738,0.4854136681653706,0.0046123697387194795,500.0,380.88580812995247,8,0.39,9.0,0.03341485839084481,0.1569637099004186
2,150.0,200.0,225.96167453336474,1.9245727676238857,1.7677057758957915,0.158002814183205,0.0006104790928580517,500.0,380.88580812995247,8,0.39,9.0,0.03341485839084481,0.1569637099004186
3,200.0,250.0,225.7368068069131,1.647207487098882,1.5498685104657,0.20326564557855442,0.0017189927252284631,500.0,380.88580812995247,8,0.39,9.0,0.03341485839084481,0.1569637099004186
0,50.0,100.0,153.59777596961513,1.2611896328819228,1.1485076925578426,0.176605357731014,0.00750326246415034,800.0,606.2950294894458,8,0.39,9.0,0.03341485839084481,0.1569637099004186
1,100.0,150.0,153.39937544269702,1.3379145237043986,0.9844417876127807,0.16238785100325084,0.012198347291686673,800.0,606.2950294894458,8,0.39,9.0,0.03341485839084481,0.1569637099004186
2,150.0,200.0,153.32100451684764,1.2617990131174963,1.118749891285745,0.2339018391252436,0.02775772297209278,800.0,606.2950294894458,8,0.39,9.0,0.03341485839084481,0.1569637099004186
3,200.0,250.0,153.39987326777677,1.3558555006412405,1.1649228711106048,0.36973449749835097,0.03198800520692202,800.0,606.2950294894458,8,0.39,9.0,0.03341485839084481,0.1569637099004186
0,50.0,100.0,319.02472805787284,4.39587201006583,3.4596894755089806,1.9421639516666804,0.6543830438014462,300.0,228.15229898524512,9,2.0,9.0,0.03341485839084481,0.1569637099004186
1,100.0,150.0,318.1880728536978,0.5639800394301346,0.45524953542269486,0.04649473536368219,0.008658984713576845,300.0,228.15229898524512,9,2.0,9.0,0.03341485839084481,0.1569637099004186
2,150.0,200.0,318.0634736917693,1.011401433416836,0.9050023028085548,0.4341489536444824,0.388757655300507,300.0,228.15229898524512,9,2.0,9.0,0.03341485839084481,0.1569637099004186
3,200.0,250.0,317.90260574756826,0.9311397936125445,0.7385593831506299,0.3330835147370091,0.28882691380577785,300.0,228.15229898524512,9,2.0,9.0,0.03341485839084481,0.1569637099004186
0,50.0,100.0,224.77088458797732,93.02936447370607,73.1066601129387,71.98495881521133,0.9121558393713056,500.0,380.88580812995247,9,2.0,9.0,0.03341485839084481,0.1569637099004186
1,100.0,150.0,225.5114867009305,52.00186002307851,42.70839296698867,43.34602898840378,0.9671647246061982,500.0,380.88580812995247,9,2.0,9.0,0.03341485839084481,0.1569637099004186
2,150.0,200.0,225.6202879520279,32.063687389997995,28.34092739498277,28.368889186020002,0.9812141782215468,500.0,380.88580812995247,9,2.0,9.0,0.03341485839084481,0.1569637099004186
3,200.0,250.0,225.64310974849613,21.365219001693845,18.956622892550286,18.595522375185464,0.9777096839651024,500.0,380.88580812995247,9,2.0,9.0,0.03341485839084481,0.1569637099004186
0,50.0,100.0,116.25830753277914,1.4881861786868882,1.340103892733282,0.1584780531202902,0.006287408964178787,800.0,606.2950294894458,9,2.0,9.0,0.03341485839084481,0.1569637099004186
1,100.0,150.0,116.10640356469618,1.2795042897391085,1.1015719733461395,0.06968221459069372,0.0009006426829806236,800.0,606.2950294894458,9,2.0,9.0,0.03341485839084481,0.1569637099004186
2,150.0,200.0,116.06697750339261,1.160517798385726,1.0812370365804327,0.21531394573393098,0.021161997846689706,800.0,606.2950294894458,9,2.0,9.0,0.03341485839084481,0.1569637099004186
3,200.0,250.0,116.10586462339441,1.1955792028961696,1.0938867430472925,0.27094539499860415,0.017190900737791837,800.0,606.2950294894458,9,2.0,9.0,0.03341485839084481,0.1569637099004186
0,50.0,100.0,317.22369337785375,124.39451761565621,84.18813557958163,76.91188403075304,0.8263398703113449,300.0,228.15229898524512,10,4.0,9.0,0.03341485839084481,0.1569637099004186
1,100.0,150.0,316.45898497198624,19.5321437564981,18.72766666028076,11.836623832934519,0.6693688886367224,300.0,228.15229898524512,10,4.0,9.0,0.03341485839084481,0.1569637099004186
2,150.0,200.0,317.98699282569805,2.722084670348977,2.130882690975284,1.1577656178239888,0.49573389222932973,300.0,228.15229898524512,10,4.0,9.0,0.03341485839084481,0.1569637099004186
3,200.0,250.0,317.8513018243585,0.9407974750809558,0.7605441112987705,0.48416515555166867,0.570465668771713,300.0,228.15229898524512,10,4.0,9.0,0.03341485839084481,0.1569637099004186
0,50.0,100.0,166.8564467987677,269.6622500360783,262.6652322968082,254.2812968716297,0.8588933250395131,500.0,380.88580812995247,10,4.0,9.0,0.03341485839084481,0.1569637099004186
1,100.0,150.0,166.54616116902406,266.0380409902009,260.6941770253758,252.82066606962766,0.8525711034114047,500.0,380.88580812995247,10,4.0,9.0,0.03341485839084481,0.1569637099004186
2,150.0,200.0,167.8612419156988,266.42197639128113,263.3146253325544,251.76354710438292,0.8598298833311722,500.0,380.88580812995247,10,4.0,9.0,0.03341485839084481,0.1569637099004186
3,200.0,250.0,166.21639044431993,264.3665904609776,258.52927019712064,250.5413749391342,0.8622280090576027,500.0,380.88580812995247,10,4.0,9.0,0.03341485839084481,0.1569637099004186
0,50.0,100.0,115.56184177878305,1.5185163927740604,1.2625239574902025,0.3272050992302987,0.006191152192068783,800.0,606.2950294894458,10,4.0,9.0,0.03341485839084481,0.1569637099004186
1,100.0,150.0,115.41122366313365,1.259245049843301,1.0850832653578806,0.337913885988915,0.0016785607406100134,800.0,606.2950294894458,10,4.0,9.0,0.03341485839084481,0.1569637099004186
2,150.0,200.0,115.36752956681538,1.2917373767425602,1.1855569102219476,0.6480941045166956,0.018290844668988115,800.0,606.2950294894458,10,4.0,9.0,0.03341485839084481,0.1569637099004186
3,200.0,250.0,115.41486407354421,1.4090249856733266,1.2349469030663727,0.6380149029044728,0.011200575469209495,800.0,606.2950294894458,10,4.0,9.0,0.03341485839084481,0.1569637099004186
0,50.0,100.0,230.6784975105458,346.7038726805963,327.5996718126113,187.68761440115972,0.8282248473930232,300.0,228.15229898524512,11,6.835494476281913,9.0,0.03341485839084481,0.1569637099004186
1,100.0,150.0,315.86487954087175,33.80182402976186,31.91981939681159,26.322289289012694,0.8736390617854346,300.0,228.15229898524512,11,6.835494476281913,9.0,0.03341485839084481,0.1569637099004186
2,150.0,200.0,316.4833080279259,7.136435137347576,6.719180246218798,5.156274555103715,0.9089442876416954,300.0,228.15229898524512,11,6.835494476281913,9.0,0.03341485839084481,0.1569637099004186
3,200.0,250.0,317.2228568456152,3.0083359144034034,2.759796143262122,2.7560245983282403,0.9840220971891902,300.0,228.15229898524512,11,6.835494476281913,9.0,0.03341485839084481,0.1569637099004186
0,50.0,100.0,187.64094348574793,355.8265893509582,312.07054433770014,226.84302526846594,0.5410109361263997,500.0,380.88580812995247,11,6.835494476281913,9.0,0.03341485839084481,0.1569637099004186
1,100.0,150.0,163.64015529553927,327.2241282942866,237.23126954821524,107.7407155780963,0.27284627626663593,500.0,380.88580812995247,11,6.835494476281913,9.0,0.03341485839084481,0.1569637099004186
2,150.0,200.0,174.42144587155184,336.25317058241325,324.9498800853598,181.94104422787188,0.48690312748463593,500.0,380.88580812995247,11,6.835494476281913,9.0,0.03341485839084481,0.1569637099004186
3,200.0,250.0,170.67876096495695,345.38903613647716,283.0024075388542,174.76171809503137,0.479937366829849,500.0,380.88580812995247,11,6.835494476281913,9.0,0.03341485839084481,0.1569637099004186
0,50.0,100.0,116.69635755339023,193.2978573503554,191.4154980945059,179.96820295231404,0.8703468081349774,800.0,606.2950294894458,11,6.835494476281913,9.0,0.03341485839084481,0.1569637099004186
1,100.0,150.0,117.34697176423848,191.07559038113058,187.28038230730183,181.92361654778261,0.8658410918749077,800.0,606.2950294894458,11,6.835494476281913,9.0,0.03341485839084481,0.1569637099004186
2,150.0,200.0,117.09274816060456,190.8121543169604,187.6103051578071,181.83729317256274,0.8578270186272778,800.0,606.2950294894458,11,6.835494476281913,9.0,0.03341485839084481,0.1569637099004186
3,200.0,250.0,115.86818346832479,191.74895724110058,189.18682144877607,178.97577738247384,0.8673733971713864,800.0,606.2950294894458,11,6.835494476281913,9.0,0.03341485839084481,0.1569637099004186
0,50.0,100.0,231.52637376088896,361.97097910506375,343.10522155405494,198.4537267373267,0.5158518612177512,300.0,228.15229898524512,12,8.0,9.0,0.03341485839084481,0.1569637099004186
1,100.0,150.0,310.86863386603795,33.57544706216237,27.409712660625644,29.138398214423866,0.9380529250359492,300.0,228.15229898524512,12,8.0,9.0,0.03341485839084481,0.1569637099004186
2,150.0,200.0,318.4805552353494,11.301845759882383,9.930172682695627,8.902520272960317,0.9629648712954271,300.0,228.15229898524512,12,8.0,9.0,0.03341485839084481,0.1569637099004186
3,200.0,250.0,316.3351183294905,12.944459382519142,12.38333559153466,11.691362882999963,0.9908891165211174,300.0,228.15229898524512,12,8.0,9.0,0.03341485839084481,0.1569637099004186
0,50.0,100.0,193.4004658005002,372.8270299742681,366.52653860417985,348.68245396271357,0.823835240866355,500.0,380.88580812995247,12,8.0,9.0,0.03341485839084481,0.1569637099004186
1,100.0,150.0,156.21401813497448,372.2064671241385,364.08619998373786,353.9485965309167,0.8025117039783098,500.0,380.88580812995247,12,8.0,9.0,0.03341485839084481,0.1569637099004186
2,150.0,200.0,176.34790198419833,371.9021545834761,362.1558067800491,333.052182479358,0.8247821531404981,500.0,380.88580812995247,12,8.0,9.0,0.03341485839084481,0.1569637099004186
3,200.0,250.0,178.06715923954278,372.1405986505746,367.1589242401597,367.3350528274468,0.8091287007953545,500.0,380.88580812995247,12,8.0,9.0,0.03341485839084481,0.1569637099004186
0,50.0,100.0,110.88349512803069,230.90560335538547,190.43365152298773,105.6517808889199,0.3899924474043739,800.0,606.2950294894458,12,8.0,9.0,0.03341485839084481,0.1569637099004186
1,100.0,150.0,117.25888708773834,233.52417697612472,217.67819092365158,173.9423390210634,0.6914525926657529,800.0,606.2950294894458,12,8.0,9.0,0.03341485839084481,0.1569637099004186
2,150.0,200.0,116.87155092057965,237.00739918790828,205.4311008424549,128.49051501197115,0.5133563350762667,800.0,606.2950294894458,12,8.0,9.0,0.03341485839084481,0.1569637099004186
3,200.0,250.0,118.11532952595344,236.2560610617814,213.1031365087262,141.20818935386993,0.5353007988912231,800.0,606.2950294894458,12,8.0,9.0,0.03341485839084481,0.1569637099004186
0,50.0,100.0,212.4536795481792,365.2014633234056,364.46185534085595,385.63950220862927,0.7343946641858059,300.0,228.15229898524512,13,12.0,9.0,0.03341485839084481,0.1569637099004186
1,100.0,150.0,222.63195589242824,343.06651063458736,340.5243742108354,482.9660780726134,0.6497751593530512,300.0,228.15229898524512,13,12.0,9.0,0.03341485839084481,0.1569637099004186
2,150.0,200.0,242.48394325574918,343.2070109668866,340.6773212683253,274.6827486101107,0.6092688238367477,300.0,228.15229898524512,13,12.0,9.0,0.03341485839084481,0.1569637099004186
3,200.0,250.0,269.3120898486438,343.2179414910445,314.983295074934,319.6384489070913,0.7090432592994618,300.0,228.15229898524512,13,12.0,9.0,0.03341485839084481,0.1569637099004186
0,50.0,100.0,184.56152114888303,385.4459513941493,369.59616596779364,345.96194542005236,0.8372178433455497,500.0,380.88580812995247,13,12.0,9.0,0.03341485839084481,0.1569637099004186
1,100.0,150.0,153.9504927322955,384.9881467554175,382.24075553442617,381.51862904671094,0.7874291515934745,500.0,380.88580812995247,13,12.0,9.0,0.03341485839084481,0.1569637099004186
2,150.0,200.0,192.33178382998108,385.4661570734393,377.9051065973533,382.94928276733253,0.7783611964857908,500.0,380.88580812995247,13,12.0,9.0,0.03341485839084481,0.1569637099004186
3,200.0,250.0,193.21571739499555,385.15115010211537,377.87930760238646,347.08026637375514,0.8384867787153947,500.0,380.88580812995247,13,12.0,9.0,0.03341485839084481,0.1569637099004186
0,50.0,100.0,143.52209950711207,353.428620867813,345.21994130996774,323.1285702221389,0.7650126655297828,800.0,606.2950294894458,13,12.0,9.0,0.03341485839084481,0.1569637099004186
1,100.0,150.0,120.34349354397096,352.2326330806321,338.4027376121075,298.9724342147198,0.7890916944384332,800.0,606.2950294894458,13,12.0,9.0,0.03341485839084481,0.1569637099004186
2,150.0,200.0,129.2643809779901,348.5474692286817,342.3245892310683,323.5937452635814,0.7581844392596983,800.0,606.2950294894458,13,12.0,9.0,0.03341485839084481,0.1569637099004186
3,200.0,250.0,149.28299280888444,349.3152364805794,336.79424426987816,322.7032096775741,0.7774194458778593,800.0,606.2950294894458,13,12.0,9.0,0.03341485839084481,0.1569637099004186
0,50.0,100.0,318.90395117869963,4.64087222395824,3.368829680968645,1.0252631291457182,0.12188356792028965,300.0,228.15229898524512,14,0.0,11.90870637629186,0.0442141930202159,0.1569637099004186
1,100.0,150.0,318.203786329331,2.672905950380425,2.2460536018646167,0.11401630003432145,0.0020450913063522203,300.0,228.15229898524512,14,0.0,11.90870637629186,0.0442141930202159,0.1569637099004186
2,150.0,200.0,318.0966762512518,2.988356420424111,2.762459214939099,0.3003627646220191,0.011520723641594288,300.0,228.15229898524512,14,0.0,11.90870637629186,0.0442141930202159,0.1569637099004186
3,200.0,250.0,317.9181178640947,3.3456590960437893,2.6645443698701,0.3586596554521043,0.015738915585884694,300.0,228.15229898524512,14,0.0,11.90870637629186,0.0442141930202159,0.1569637099004186
0,50.0,100.0,226.77843442359546,2.2793549058945644,1.9462782562978873,0.8478175580280601,0.08657051897868184,500.0,380.88580812995247,14,0.0,11.90870637629186,0.0442141930202159,0.1569637099004186
1,100.0,150.0,226.2465139662527,1.530140351088221,1.3213202890789262,0.3801843423909432,0.004466276382636081,500.0,380.88580812995247,14,0.0,11.90870637629186,0.0442141930202159,0.1569637099004186
2,150.0,200.0,225.96522103152108,1.5932742212885955,1.450335964497981,0.09967530727984006,0.00014804632243814453,500.0,380.88580812995247,14,0.0,11.90870637629186,0.0442141930202159,0.1569637099004186
3,200.0,250.0,225.74480288216247,1.3130370036354577,1.2188427998117959,0.18789286436943184,0.0006943133153771708,500.0,380.88580812995247,14,0.0,11.90870637629186,0.0442141930202159,0.1569637099004186
0,50.0,100.0,153.59630577366113,1.2159197778537418,1.137182801222906,0.20042033494640432,0.009386286980226366,800.0,606.2950294894458,14,0.0,11.90870637629186,0.0442141930202159,0.1569637099004186
1,100.0,150.0,153.4028257207814,1.1742807337089118,0.9219214604043486,0.11810137933108257,0.00673416570103913,800.0,606.2950294894458,14,0.0,11.90870637629186,0.0442141930202159,0.1569637099004186
2,150.0,200.0,153.32740297985262,1.0823455869757197,0.9523827027850018,0.24415667597458873,0.03788880825856822,800.0,606.2950294894458,14,0.0,11.90870637629186,0.0442141930202159,0.1569637099004186
3,200.0,250.0,153.39733270564847,1.1941033790236304,0.9729834282504441,0.38563874114762764,0.04305780701935935,800.0,606.2950294894458,14,0.0,11.90870637629186,0.0442141930202159,0.1569637099004186
0,50.0,100.0,318.7836460990325,3.4820434964728406,2.471684234337431,0.7310334205406247,0.1434112199101938,300.0,228.15229898524512,15,0.39,11.90870637629186,0.0442141930202159,0.1569637099004186
1,100.0,150.0,318.2341190811552,2.03424640871674,1.8754213663505084,0.12676880557725137,0.005411279836666116,300.0,228.15229898524512,15,0.39,11.90870637629186,0.0442141930202159,0.1569637099004186
2,150.0,200.0,318.1283317977758,2.356708325687009,2.2343133666785775,0.3375557078120857,0.03089551743649388,300.0,228.15229898524512,15,0.39,11.90870637629186,0.0442141930202159,0.1569637099004186
3,200.0,250.0,318.01146965872266,2.295857108679513,2.0289784916889744,0.3295605003939794,0.0294488306520041,300.0,228.15229898524512,15,0.39,11.90870637629186,0.0442141930202159,0.1569637099004186
0,50.0,100.0,226.78133623314935,2.5206326829485874,1.996132472165641,0.7407615946157629,0.054551675509250774,500.0,380.88580812995247,15,0.39,11.90870637629186,0.0442141930202159,0.1569637099004186
1,100.0,150.0,226.23530045151082,1.6967508234294257,1.4681303353150668,0.23683594880666797,0.0026395938467506097,500.0,380.88580812995247,15,0.39,11.90870637629186,0.0442141930202159,0.1569637099004186
2,150.0,200.0,225.9581768982975,1.7234957040755035,1.5693421288931688,0.08236704187332769,0.00012847716230768302,500.0,380.88580812995247,15,0.39,11.90870637629186,0.0442141930202159,0.1569637099004186
3,200.0,250.0,225.7420546470067,1.480256605583861,1.377316816932364,0.28440822686811945,0.0012686907067614994,500.0,380.88580812995247,15,0.39,11.90870637629186,0.0442141930202159,0.1569637099004186
0,50.0,100.0,153.61346901693074,1.4057755151391973,1.2560762255554323,0.241180878893025,0.009226850211115245,800.0,606.2950294894458,15,0.39,11.90870637629186,0.0442141930202159,0.1569637099004186
1,100.0,150.0,153.39780223601892,1.337545477936004,1.1087142293413876,0.14002377771866417,0.007353895347886108,800.0,606.2950294894458,15,0.39,11.90870637629186,0.0442141930202159,0.1569637099004186
2,150.0,200.0,153.33132658891404,1.246273670772439,1.113760711406826,0.25897162111931193,0.030359645831198212,800.0,606.2950294894458,15,0.39,11.90870637629186,0.0442141930202159,0.1569637099004186
3,200.0,250.0,153.39753602968395,1.3221797147569987,1.1628523552932961,0.36717539105594055,0.02990677066132974,800.0,606.2950294894458,15,0.39,11.90870637629186,0.0442141930202159,0.1569637099004186
0,50.0,100.0,318.3304529793961,10.126920079637785,5.060319225094474,2.4949779388982094,0.2479600311884601,300.0,228.15229898524512,16,2.0,11.90870637629186,0.0442141930202159,0.1569637099004186
1,100.0,150.0,318.1946675069441,0.7420488632290017,0.48374255401830624,0.13901876996531537,0.0697293687915218,300.0,228.15229898524512,16,2.0,11.90870637629186,0.0442141930202159,0.1569637099004186
2,150.0,200.0,318.08819113642204,1.0674020851222963,0.9770265986094273,0.48817130537811276,0.4542060378906191,300.0,228.15229898524512,16,2.0,11.90870637629186,0.0442141930202159,0.1569637099004186
3,200.0,250.0,317.92197368567764,0.9519414089493239,0.6963101488667007,0.38807268577042375,0.3603465193238058,300.0,228.15229898524512,16,2.0,11.90870637629186,0.0442141930202159,0.1569637099004186
0,50.0,100.0,226.69607776293483,10.166854342981537,4.768364654432759,3.9320178387738443,0.02580201137112903,500.0,380.88580812995247,16,2.0,11.90870637629186,0.0442141930202159,0.1569637099004186
1,100.0,150.0,226.24587457565912,1.1540042757223148,0.9037154257844406,0.34812180138858395,0.012915268556024428,500.0,380.88580812995247,16,2.0,11.90870637629186,0.0442141930202159,0.1569637099004186
2,150.0,200.0,225.9518400401618,1.1371229772106233,0.9774547702141376,0.27483817904978547,0.011121814596586566,500.0,380.88580812995247,16,2.0,11.90870637629186,0.0442141930202159,0.1569637099004186
3,200.0,250.0,225.76657313748666,0.9668205796442635,0.8489140529674728,0.16223813521943806,0.009469254428546625,500.0,380.88580812995247,16,2.0,11.90870637629186,0.0442141930202159,0.1569637099004186
0,50.0,100.0,145.9770179768281,1.7480991966986892,1.5223011013106031,0.5886154766212776,0.009049914402939785,800.0,606.2950294894458,16,2.0,11.90870637629186,0.0442141930202159,0.1569637099004186
1,100.0,150.0,145.7715930832928,1.4222134655026935,1.1996638862032967,0.3284338366978247,0.0011480055513382048,800.0,606.2950294894458,16,2.0,11.90870637629186,0.0442141930202159,0.1569637099004186
2,150.0,200.0,145.7223202560664,1.3356772061096365,1.2392722654350052,0.7991993637689607,0.025055822085588653,800.0,606.2950294894458,16,2.0,11.90870637629186,0.0442141930202159,0.1569637099004186
3,200.0,250.0,145.77195820958667,1.4762105180054732,1.2810095423063501,1.0830486045772256,0.01951561420825454,800.0,606.2950294894458,16,2.0,11.90870637629186,0.0442141930202159,0.1569637099004186
0,50.0,100.0,310.73459070234844,98.79344697635125,92.29626507520655,59.286388538401766,0.7687600588345667,300.0,228.15229898524512,17,4.0,11.90870637629186,0.0442141930202159,0.1569637099004186
1,100.0,150.0,318.6082949119568,6.57027901770482,5.970282471352732,4.234170286297463,0.8185137644355097,300.0,228.15229898524512,17,4.0,11.90870637629186,0.0442141930202159,0.1569637099004186
2,150.0,200.0,318.0503025336628,1.054048755734982,0.9109027352093904,0.7373186631450607,0.8466892339613075,300.0,228.15229898524512,17,4.0,11.90870637629186,0.0442141930202159,0.1569637099004186
3,200.0,250.0,317.8693316451574,0.9501552256319883,0.7811991882774123,0.6283317037736598,0.8337344119875547,300.0,228.15229898524512,17,4.0,11.90870637629186,0.0442141930202159,0.1569637099004186
0,50.0,100.0,166.40176456115617,155.14897743443333,120.89910848131102,111.46254681618227,0.9099169682710113,500.0,380.88580812995247,17,4.0,11.90870637629186,0.0442141930202159,0.1569637099004186
1,100.0,150.0,167.30782120202005,76.9015423693281,64.55170472370298,63.35541783386354,0.9656944002998025,500.0,380.88580812995247,17,4.0,11.90870637629186,0.0442141930202159,0.1569637099004186
2,150.0,200.0,168.79304744647624,44.295649983613174,38.5315889669225,37.66441009630443,0.9759245774639339,500.0,380.88580812995247,17,4.0,11.90870637629186,0.0442141930202159,0.1569637099004186
3,200.0,250.0,167.4883203029991,26.34860014281969,22.935174117468705,21.578527549597485,0.9702580517053221,500.0,380.88580812995247,17,4.0,11.90870637629186,0.0442141930202159,0.1569637099004186
0,50.0,100.0,115.56455738517838,1.1028562659972465,0.9135447626687352,0.06995830276809241,0.007277381882516254,800.0,606.2950294894458,17,4.0,11.90870637629186,0.0442141930202159,0.1569637099004186
1,100.0,150.0,115.42030690186331,0.9173306155581571,0.7667345711189029,0.10331797105016707,0.018949527714213432,800.0,606.2950294894458,17,4.0,11.90870637629186,0.0442141930202159,0.1569637099004186
2,150.0,200.0,115.36917606367487,0.9446520488860273,0.8456451386160211,0.12378746717012344,0.02669097029790557,800.0,606.2950294894458,17,4.0,11.90870637629186,0.0442141930202159,0.1569637099004186
3,200.0,250.0,115.4200426911546,0.9996155584800306,0.8564860333258366,0.06962917055964724,0.00810901452835544,800.0,606.2950294894458,17,4.0,11.90870637629186,0.0442141930202159,0.1569637099004186
0,50.0,100.0,210.4983701059326,360.346486870445,310.84223927817493,250.76020243768534,0.6833660340334256,300.0,228.15229898524512,18,6.835494476281913,11.90870637629186,0.0442141930202159,0.1569637099004186
1,100.0,150.0,251.8027297866496,289.0497816845177,271.06761526319724,227.8459191631494,0.7735976585203015,300.0,228.15229898524512,18,6.835494476281913,11.90870637629186,0.0442141930202159,0.1569637099004186
2,150.0,200.0,225.42431380559768,193.6667516575689,166.13438573213023,148.1931453029418,0.876910317412332,300.0,228.15229898524512,18,6.835494476281913,11.90870637629186,0.0442141930202159,0.1569637099004186
3,200.0,250.0,227.24605500563416,247.79703459468845,240.49898792715663,230.95956400889315,0.8347644648071941,300.0,228.15229898524512,18,6.835494476281913,11.90870637629186,0.0442141930202159,0.1569637099004186
0,50.0,100.0,189.8658446212098,344.41448025519514,317.31469063876807,116.31603964117204,0.1513487340720413,500.0,380.88580812995247,18,6.835494476281913,11.90870637629186,0.0442141930202159,0.1569637099004186
1,100.0,150.0,182.9434743107556,319.8064540083554,289.00384172347526,237.0083276899222,0.800261273833152,500.0,380.88580812995247,18,6.835494476281913,11.90870637629186,0.0442141930202159,0.1569637099004186
2,150.0,200.0,172.35681843273377,277.6957242614278,253.99326388539492,184.9638474936608,0.6701074995977825,500.0,380.88580812995247,18,6.835494476281913,11.90870637629186,0.0442141930202159,0.1569637099004186
3,200.0,250.0,200.74249785474333,315.11921914679345,294.67189432525396,251.051439866469,0.8070675259794146,500.0,380.88580812995247,18,6.835494476281913,11.90870637629186,0.0442141930202159,0.1569637099004186
0,50.0,100.0,115.17761300991711,50.15195376326656,34.84145907121898,26.68287084734665,0.7781717232492016,800.0,606.2950294894458,18,6.835494476281913,11.90870637629186,0.0442141930202159,0.1569637099004186
1,100.0,150.0,115.26550326239482,7.150790772818127,4.938615356350198,3.590266860846474,0.7532149021166632,800.0,606.2950294894458,18,6.835494476281913,11.90870637629186,0.0442141930202159,0.1569637099004186
2,150.0,200.0,115.2804216946117,1.265176613487398,0.8398309384136695,0.543372437110808,0.507004246187284,800.0,606.2950294894458,18,6.835494476281913,11.90870637629186,0.0442141930202159,0.1569637099004186
3,200.0,250.0,115.34825496899603,0.49426553890509695,0.43578611970163195,0.07424185628427034,0.03251197510094672,800.0,606.2950294894458,18,6.835494476281913,11.90870637629186,0.0442141930202159,0.1569637099004186
0,50.0,100.0,233.4675661839569,380.8750048834656,358.01875728386614,312.0206542602033,0.740288891682723,300.0,228.15229898524512,19,8.0,11.90870637629186,0.0442141930202159,0.1569637099004186
1,100.0,150.0,297.6265578739802,123.7286197227352,118.95400017564992,79.66929766339027,0.9584472237284053,300.0,228.15229898524512,19,8.0,11.90870637629186,0.0442141930202159,0.1569637099004186
2,150.0,200.0,313.9539690107928,16.541957746220646,16.176139336579013,16.301159761012595,0.9762209475799069,300.0,228.15229898524512,19,8.0,11.90870637629186,0.0442141930202159,0.1569637099004186
3,200.0,250.0,314.5869478003062,12.497902018746402,12.176787707833853,12.08318925804199,0.997834512270489,300.0,228.15229898524512,19,8.0,11.90870637629186,0.0442141930202159,0.1569637099004186
0,50.0,100.0,225.90871624940485,369.8308037842806,335.55051139035226,169.05892921480145,0.3533693678165337,500.0,380.88580812995247,19,8.0,11.90870637629186,0.0442141930202159,0.1569637099004186
1,100.0,150.0,166.69276535040512,349.175442387806,321.230024440123,203.97725497632672,0.5261311185601438,500.0,380.88580812995247,19,8.0,11.90870637629186,0.0442141930202159,0.1569637099004186
2,150.0,200.0,200.66272504095076,398.65453146347903,378.9274772795927,294.08652673078626,0.5996128488336583,500.0,380.88580812995247,19,8.0,11.90870637629186,0.0442141930202159,0.1569637099004186
3,200.0,250.0,178.8531294964458,382.74400700217177,374.17406444527603,265.17421394371456,0.5408686031703082,500.0,380.88580812995247,19,8.0,11.90870637629186,0.0442141930202159,0.1569637099004186
0,50.0,100.0,119.19098141915715,132.5167003522112,127.70980241930101,128.5500869966528,0.9348862263118123,800.0,606.2950294894458,19,8.0,11.90870637629186,0.0442141930202159,0.1569637099004186
1,100.0,150.0,114.39909973206426,125.85817788494666,124.2282081553164,125.66879182586949,0.9363601037365773,800.0,606.2950294894458,19,8.0,11.90870637629186,0.0442141930202159,0.1569637099004186
2,150.0,200.0,114.03817765206843,125.34374340313882,122.5373398415824,122.42794254234988,0.9404393708851655,800.0,606.2950294894458,19,8.0,11.90870637629186,0.0442141930202159,0.1569637099004186
3,200.0,250.0,118.81659126695637,125.61977343318912,123.59593692168406,123.51129638767024,0.9417519387274008,800.0,606.2950294894458,19,8.0,11.90870637629186,0.0442141930202159,0.1569637099004186
0,50.0,100.0,211.1755254758391,374.4669129060966,373.44870088028813,338.9433736558992,0.7611061434042523,300.0,228.15229898524512,20,12.0,11.90870637629186,0.0442141930202159,0.1569637099004186
1,100.0,150.0,318.33978892535634,63.16844510169619,46.14270958254309,52.590539881449835,0.7023009687883373,300.0,228.15229898524512,20,12.0,11.90870637629186,0.0442141930202159,0.1569637099004186
2,150.0,200.0,317.0596491016463,11.444364762438852,8.954906119016641,11.539044765372985,0.9517238260265333,300.0,228.15229898524512,20,12.0,11.90870637629186,0.0442141930202159,0.1569637099004186
3,200.0,250.0,317.66908854118003,7.094740012953309,6.878070150850704,5.746801946034583,0.9874191483677563,300.0,228.15229898524512,20,12.0,11.90870637629186,0.0442141930202159,0.1569637099004186
0,50.0,100.0,148.61333010393048,379.0656029379262,358.9760686301681,339.5248477453525,0.8231555582982097,500.0,380.88580812995247,20,12.0,11.90870637629186,0.0442141930202159,0.1569637099004186
1,100.0,150.0,174.16763101993837,378.7934601020789,374.42904287879696,372.393966060283,0.8014747146445519,500.0,380.88580812995247,20,12.0,11.90870637629186,0.0442141930202159,0.1569637099004186
2,150.0,200.0,202.98047396876825,378.64884088930046,374.41993656388973,341.9160456085519,0.8126859135632709,500.0,380.88580812995247,20,12.0,11.90870637629186,0.0442141930202159,0.1569637099004186
3,200.0,250.0,139.26907629233725,377.4378200823815,363.58152524593817,347.58572602143045,0.7919771486288627,500.0,380.88580812995247,20,12.0,11.90870637629186,0.0442141930202159,0.1569637099004186
0,50.0,100.0,141.36508661185178,371.56372929769117,320.34825482466573,202.06345273391094,0.44357316021567006,800.0,606.2950294894458,20,12.0,11.90870637629186,0.0442141930202159,0.1569637099004186
1,100.0,150.0,142.95544671178644,384.7329782625514,345.1744617834835,193.7225928778174,0.3748780207580862,800.0,606.2950294894458,20,12.0,11.90870637629186,0.0442141930202159,0.1569637099004186
2,150.0,200.0,144.88246983637688,361.9477767546389,334.46013751931304,159.38604439833713,0.27274439866775646,800.0,606.2950294894458,20,12.0,11.90870637629186,0.0442141930202159,0.1569637099004186
3,200.0,250.0,137.63895188389196,345.3991256039776,304.4879842771739,167.81425938093477,0.3109142563802012,800.0,606.2950294894458,20,12.0,11.90870637629186,0.0442141930202159,0.1569637099004186
0,50.0,100.0,319.06399086849797,5.521053961238522,4.214597455351111,1.4193972630649931,0.19082550662396958,300.0,228.15229898524512,21,0.0,13.026,0.04836243837768271,0.1569637099004186
1,100.0,150.0,318.2140401574196,2.6769293453671708,2.3197788282756733,0.1221942982455989,0.002228882344529226,300.0,228.15229898524512,21,0.0,13.026,0.04836243837768271,0.1569637099004186
2,150.0,200.0,318.0911997512087,3.020125701357074,2.8183922052855337,0.3777641113093194,0.018143995381252442,300.0,228.15229898524512,21,0.0,13.026,0.04836243837768271,0.1569637099004186
3,200.0,250.0,317.91436568341015,3.390391703680905,2.6706037862535936,0.3704230380758429,0.01668793818722869,300.0,228.15229898524512,21,0.0,13.026,0.04836243837768271,0.1569637099004186
0,50.0,100.0,226.7784237004371,2.3332970378513664,1.979074208901892,0.8500713511689978,0.0870522277278768,500.0,380.88580812995247,21,0.0,13.026,0.04836243837768271,0.1569637099004186
1,100.0,150.0,226.22777652479124,1.5361733617194204,1.303605711681513,0.41844724010568385,0.005567407525373214,500.0,380.88580812995247,21,0.0,13.026,0.04836243837768271,0.1569637099004186
2,150.0,200.0,225.9610482155715,1.5225807594994478,1.3975934708776947,0.17432057796616343,0.0008785646569980932,500.0,380.88580812995247,21,0.0,13.026,0.04836243837768271,0.1569637099004186
3,200.0,250.0,225.75037527700343,1.359515392160347,1.2175340794782699,0.2687363243896454,0.0012346685957875803,500.0,380.88580812995247,21,0.0,13.026,0.04836243837768271,0.1569637099004186
0,50.0,100.0,153.59877132133394,1.267402366687179,1.0978695983210116,0.21096497284881305,0.009799995204571532,800.0,606.2950294894458,21,0.0,13.026,0.04836243837768271,0.1569637099004186
1,100.0,150.0,153.4040931468845,1.1885117434839287,0.9479664019224572,0.11968223509944877,0.007350247942890076,800.0,606.2950294894458,21,0.0,13.026,0.04836243837768271,0.1569637099004186
2,150.0,200.0,153.33281235740424,1.0911971430585368,0.9327618019907788,0.2662146045753646,0.03972978143914907,800.0,606.2950294894458,21,0.0,13.026,0.04836243837768271,0.1569637099004186
3,200.0,250.0,153.4014493173385,1.1856988279937752,0.9735298527803593,0.41508508716685744,0.044717653628220555,800.0,606.2950294894458,21,0.0,13.026,0.04836243837768271,0.1569637099004186
0,50.0,100.0,318.88951409888205,4.116982086582084,2.989473621753916,0.9955666576859226,0.2181485509623743,300.0,228.15229898524512,22,0.39,13.026,0.04836243837768271,0.1569637099004186
1,100.0,150.0,318.2171442998274,1.9865029504778704,1.8136253492629635,0.1337835282990713,0.006416275275935468,300.0,228.15229898524512,22,0.39,13.026,0.04836243837768271,0.1569637099004186
2,150.0,200.0,318.08266863438826,2.381145987492914,2.2430872877302477,0.35163693135549035,0.034201877057989716,300.0,228.15229898524512,22,0.39,13.026,0.04836243837768271,0.1569637099004186
3,200.0,250.0,317.9633937391356,2.280568213099002,2.013394049516023,0.3454733056938588,0.032502891162760394,300.0,228.15229898524512,22,0.39,13.026,0.04836243837768271,0.1569637099004186
0,50.0,100.0,226.78236595910244,2.394455760030638,1.9865003097833096,0.6980700847556313,0.05315495520360414,500.0,380.88580812995247,22,0.39,13.026,0.04836243837768271,0.1569637099004186
1,100.0,150.0,226.24348304016587,1.6293677960276796,1.4042127396206467,0.2932315679370868,0.002594447237145081,500.0,380.88580812995247,22,0.39,13.026,0.04836243837768271,0.1569637099004186
2,150.0,200.0,225.96299776770675,1.7160154508651715,1.5460568110689792,0.018540119107000416,1.3702280859173577e-05,500.0,380.88580812995247,22,0.39,13.026,0.04836243837768271,0.1569637099004186
3,200.0,250.0,225.7462179933034,1.4277282386958348,1.3276386056017202,0.1647772752173665,0.0004963496640482123,500.0,380.88580812995247,22,0.39,13.026,0.04836243837768271,0.1569637099004186
0,50.0,100.0,153.59869861622002,1.375302650644386,1.2580968802200232,0.0941601597178205,0.007097999139323186,800.0,606.2950294894458,22,0.39,13.026,0.04836243837768271,0.1569637099004186
1,100.0,150.0,153.40417841584647,1.3258456524257838,1.0735476819565406,0.1324475946117182,0.017157644883475487,800.0,606.2950294894458,22,0.39,13.026,0.04836243837768271,0.1569637099004186
2,150.0,200.0,153.3326673686902,1.227288278353683,1.0877815203517684,0.17238028090221652,0.026472301647381125,800.0,606.2950294894458,22,0.39,13.026,0.04836243837768271,0.1569637099004186
3,200.0,250.0,153.40272980507623,1.2960877448811914,1.143865198753332,0.10638185337210597,0.01004158256045129,800.0,606.2950294894458,22,0.39,13.026,0.04836243837768271,0.1569637099004186
0,50.0,100.0,317.5991618051237,10.978669722759719,7.35014350400229,3.82585495217378,0.4005301011093607,300.0,228.15229898524512,23,2.0,13.026,0.04836243837768271,0.1569637099004186
1,100.0,150.0,317.73200254269193,0.7617183820761966,0.5430491762549536,0.16797342740594517,0.1018355012674994,300.0,228.15229898524512,23,2.0,13.026,0.04836243837768271,0.1569637099004186
2,150.0,200.0,317.64109787837884,1.0432027689047345,0.9240117704080717,0.4746473176602498,0.4531454669032926,300.0,228.15229898524512,23,2.0,13.026,0.04836243837768271,0.1569637099004186
3,200.0,250.0,317.5019409494042,0.8870915728954856,0.6999389205171838,0.3974272318801647,0.3766652505229482,300.0,228.15229898524512,23,2.0,13.026,0.04836243837768271,0.1569637099004186
0,50.0,100.0,226.71967944300147,2.7160502836569833,1.929136542093687,0.8748928652329877,0.018370597508351794,500.0,380.88580812995247,23,2.0,13.026,0.04836243837768271,0.1569637099004186
1,100.0,150.0,226.26559236546487,1.1699634881868235,0.8955620574351428,0.3670101897242073,0.01480958348210093,500.0,380.88580812995247,23,2.0,13.026,0.04836243837768271,0.1569637099004186
2,150.0,200.0,225.97369103686867,1.0329636943295952,0.9405585188868315,0.24244396698375165,0.011505024556944465,500.0,380.88580812995247,23,2.0,13.026,0.04836243837768271,0.1569637099004186
3,200.0,250.0,225.8000786663428,0.9438722643651545,0.7886023521359675,0.19653386018535418,0.008595825917887434,500.0,380.88580812995247,23,2.0,13.026,0.04836243837768271,0.1569637099004186
0,50.0,100.0,147.08669464781508,1.5438042229531845,1.3726829605543003,0.545841055703785,0.009053939458861238,800.0,606.2950294894458,23,2.0,13.026,0.04836243837768271,0.1569637099004186
1,100.0,150.0,146.88129539442346,1.243383753359609,1.0539858449497217,0.2615800795498596,0.0006959237794373907,800.0,606.2950294894458,23,2.0,13.026,0.04836243837768271,0.1569637099004186
2,150.0,200.0,146.82916174769244,1.2958957235103128,1.1788582833344492,0.7663239550412105,0.026219015417949354,800.0,606.2950294894458,23,2.0,13.026,0.04836243837768271,0.1569637099004186
3,200.0,250.0,146.88126619216283,1.457569923439678,1.2720395785374023,1.060280711985756,0.0220146906708083,800.0,606.2950294894458,23,2.0,13.026,0.04836243837768271,0.1569637099004186
0,50.0,100.0,309.8430596180792,83.22206163973999,78.22654473837923,53.31726599705562,0.8489442764392021,300.0,228.15229898524512,24,4.0,13.026,0.04836243837768271,0.1569637099004186
1,100.0,150.0,318.60950316320435,3.840595275540011,3.444542995476297,2.4315448487790206,0.9251399840513813,300.0,228.15229898524512,24,4.0,13.026,0.04836243837768271,0.1569637099004186
2,150.0,200.0,318.0662205464436,1.0052325763236922,0.9107776810529344,0.7064533400472525,0.8594246520223935,300.0,228.15229898524512,24,4.0,13.026,0.04836243837768271,0.1569637099004186
3,200.0,250.0,317.90102880754404,0.9267321226319609,0.8206202023202991,0.6532944543006948,0.84149889101432,300.0,228.15229898524512,24,4.0,13.026,0.04836243837768271,0.1569637099004186
0,50.0,100.0,164.72918193277854,114.99232207865383,86.84877277472204,59.843332723153665,0.5959444844152526,500.0,380.88580812995247,24,4.0,13.026,0.04836243837768271,0.1569637099004186
1,100.0,150.0,168.22616161801758,20.572215324559295,15.386016736280993,11.481847559951552,0.7065517436668252,500.0,380.88580812995247,24,4.0,13.026,0.04836243837768271,0.1569637099004186
2,150.0,200.0,167.41715098796013,3.0713669780062958,2.444938943298922,1.9665380843515403,0.8182246559556852,500.0,380.88580812995247,24,4.0,13.026,0.04836243837768271,0.1569637099004186
3,200.0,250.0,167.36551214352951,0.9801237701710477,0.5584594066852162,0.3714945709403314,0.47156985879737157,500.0,380.88580812995247,24,4.0,13.026,0.04836243837768271,0.1569637099004186
0,50.0,100.0,115.52290283016397,1.0154460952631865,0.8562842639666854,0.3589074469172153,0.009034113324955295,800.0,606.2950294894458,24,4.0,13.026,0.04836243837768271,0.1569637099004186
1,100.0,150.0,115.37884551194124,0.8617642886552375,0.7158095567764207,0.2658384122780958,0.004956633108081032,800.0,606.2950294894458,24,4.0,13.026,0.04836243837768271,0.1569637099004186
2,150.0,200.0,115.32705777847956,0.8686709967326323,0.7822723213114671,0.5505381310061135,0.03206958638481294,800.0,606.2950294894458,24,4.0,13.026,0.04836243837768271,0.1569637099004186
3,200.0,250.0,115.37743678271637,0.9052166562036348,0.7817928439149711,0.673320837207444,0.029396859854842194,800.0,606.2950294894458,24,4.0,13.026,0.04836243837768271,0.1569637099004186
0,50.0,100.0,210.74878601964494,361.0681121661662,319.90283548892285,260.4561646682116,0.7388947531456207,300.0,228.15229898524512,25,6.835494476281913,13.026,0.04836243837768271,0.1569637099004186
1,100.0,150.0,252.3521045886322,231.6324117973923,217.1190727163318,189.48175849900852,0.8682819999056623,300.0,228.15229898524512,25,6.835494476281913,13.026,0.04836243837768271,0.1569637099004186
2,150.0,200.0,219.43284402391353,272.89867433433574,262.9431253429361,241.79666798311533,0.8513919839996454,300.0,228.15229898524512,25,6.835494476281913,13.026,0.04836243837768271,0.1569637099004186
3,200.0,250.0,252.3532849465221,277.39060281880256,265.15731566007867,228.85459635834903,0.8481672905149652,300.0,228.15229898524512,25,6.835494476281913,13.026,0.04836243837768271,0.1569637099004186
0,50.0,100.0,172.22982523425566,299.20832257750965,287.90818674331194,257.31619450301395,0.7890925352524911,500.0,380.88580812995247,25,6.835494476281913,13.026,0.04836243837768271,0.1569637099004186
1,100.0,150.0,169.71448349391903,300.93578275532263,279.70294400679603,261.7453543450586,0.8065192656510836,500.0,380.88580812995247,25,6.835494476281913,13.026,0.04836243837768271,0.1569637099004186
2,150.0,200.0,171.203596770704,301.57307156567566,289.85869513339185,268.2334699976,0.8084178656722275,500.0,380.88580812995247,25,6.835494476281913,13.026,0.04836243837768271,0.1569637099004186
3,200.0,250.0,170.5496498062782,300.9799534828393,280.3476807607605,253.79464237019732,0.8236898371932213,500.0,380.88580812995247,25,6.835494476281913,13.026,0.04836243837768271,0.1569637099004186
0,50.0,100.0,115.24273704081062,19.83202169424763,14.473831991654265,0.8127724787513937,0.005187599384697594,800.0,606.2950294894458,25,6.835494476281913,13.026,0.04836243837768271,0.1569637099004186
1,100.0,150.0,115.36094042491328,1.0010828198201978,0.5420990070827258,0.0798071433673559,0.02039742459023486,800.0,606.2950294894458,25,6.835494476281913,13.026,0.04836243837768271,0.1569637099004186
2,150.0,200.0,115.28850823294555,0.5127866086487245,0.4031211773672112,0.1399283983383194,0.11104360272754066,800.0,606.2950294894458,25,6.835494476281913,13.026,0.04836243837768271,0.1569637099004186
3,200.0,250.0,115.34965268015294,0.5108359362385926,0.41487474339949415,0.06921589641740793,0.030623485608316736,800.0,606.2950294894458,25,6.835494476281913,13.026,0.04836243837768271,0.1569637099004186
0,50.0,100.0,238.45442773073484,384.33065655872224,358.48723380128047,260.8927152192378,0.610401804899209,300.0,228.15229898524512,26,8.0,13.026,0.04836243837768271,0.1569637099004186
1,100.0,150.0,218.98867437775348,200.90465252252318,192.6831616869029,167.00630025812717,0.8840907014126324,300.0,228.15229898524512,26,8.0,13.026,0.04836243837768271,0.1569637099004186
2,150.0,200.0,259.6481029200088,207.9242821334935,197.91946956461499,162.0218087104419,0.8023244219251623,300.0,228.15229898524512,26,8.0,13.026,0.04836243837768271,0.1569637099004186
3,200.0,250.0,231.37992076758954,282.47258370603436,270.2045165925372,200.11588653823156,0.8238743350188908,300.0,228.15229898524512,26,8.0,13.026,0.04836243837768271,0.1569637099004186
0,50.0,100.0,179.7977057516998,391.5267742107285,376.5343286340127,280.56633891492294,0.5689727065111551,500.0,380.88580812995247,26,8.0,13.026,0.04836243837768271,0.1569637099004186
1,100.0,150.0,203.98390316074975,389.8776925268312,375.45343001647893,271.6928887153867,0.6243900707325707,500.0,380.88580812995247,26,8.0,13.026,0.04836243837768271,0.1569637099004186
2,150.0,200.0,191.15818303471846,390.2283940479265,376.64360388543713,300.9046312894039,0.6260859996320625,500.0,380.88580812995247,26,8.0,13.026,0.04836243837768271,0.1569637099004186
3,200.0,250.0,192.9452304071603,388.30164426051186,375.95390690679096,264.23049885959114,0.5583304580741713,500.0,380.88580812995247,26,8.0,13.026,0.04836243837768271,0.1569637099004186
0,50.0,100.0,116.29534750817078,85.80372019774723,70.79554342519832,68.52106624602327,0.9349172367752843,800.0,606.2950294894458,26,8.0,13.026,0.04836243837768271,0.1569637099004186
1,100.0,150.0,116.55037043796126,49.0910455967645,41.46398515517512,40.229583941538095,0.966565496790396,800.0,606.2950294894458,26,8.0,13.026,0.04836243837768271,0.1569637099004186
2,150.0,200.0,115.1681248953894,27.33112494683209,23.65296149515848,22.867292517173247,0.9684568725405228,800.0,606.2950294894458,26,8.0,13.026,0.04836243837768271,0.1569637099004186
3,200.0,250.0,115.2086513089155,15.589769690844932,13.272386129541417,12.12994289863831,0.9560202397676091,800.0,606.2950294894458,26,8.0,13.026,0.04836243837768271,0.1569637099004186
0,50.0,100.0,213.81126452526212,377.5683791481273,375.63580517826256,374.3372103326959,0.7368153039284944,300.0,228.15229898524512,27,12.0,13.026,0.04836243837768271,0.1569637099004186
1,100.0,150.0,311.99444539539763,81.78071116355267,61.37027383409446,84.97278907398331,0.8565208120954567,300.0,228.15229898524512,27,12.0,13.026,0.04836243837768271,0.1569637099004186
2,150.0,200.0,312.0862779249702,20.553171713295,20.019316307207703,26.157168047271416,0.9855075386781449,300.0,228.15229898524512,27,12.0,13.026,0.04836243837768271,0.1569637099004186
3,200.0,250.0,318.1589192279121,10.859939467683546,9.879009316239944,11.361290750686331,0.9121497926161057,300.0,228.15229898524512,27,12.0,13.026,0.04836243837768271,0.1569637099004186
0,50.0,100.0,138.15869123137077,373.62825533676715,359.1084672241219,334.9696932558423,0.8091995064418303,500.0,380.88580812995247,27,12.0,13.026,0.04836243837768271,0.1569637099004186
1,100.0,150.0,182.86998332396638,373.9940023383436,369.10153805387796,366.81535999621616,0.8011156197203811,500.0,380.88580812995247,27,12.0,13.026,0.04836243837768271,0.1569637099004186
2,150.0,200.0,186.66908659639827,374.0934763487709,358.6565871943504,332.272328673263,0.8432551255148227,500.0,380.88580812995247,27,12.0,13.026,0.04836243837768271,0.1569637099004186
3,200.0,250.0,146.26941657223244,373.62725253417693,369.30573813737715,364.07509789107684,0.7933880114075693,500.0,380.88580812995247,27,12.0,13.026,0.04836243837768271,0.1569637099004186
0,50.0,100.0,139.70521974627007,293.62196542708494,257.61850476311446,89.06990885175902,0.13384841182321505,800.0,606.2950294894458,27,12.0,13.026,0.04836243837768271,0.1569637099004186
1,100.0,150.0,135.4774048781065,368.7383083572862,340.7436139112084,41.79211974596997,0.017122433377122825,800.0,606.2950294894458,27,12.0,13.026,0.04836243837768271,0.1569637099004186
2,150.0,200.0,121.35513994879396,228.06563990341758,194.53583949016584,153.57341013262072,0.7057914737917462,800.0,606.2950294894458,27,12.0,13.026,0.04836243837768271,0.1569637099004186
3,200.0,250.0,120.04024052335119,245.53695048730802,206.1463484424571,149.29966015195117,0.6348406031596501,800.0,606.2950294894458,27,12.0,13.026,0.04836243837768271,0.1569637099004186
0,50.0,100.0,320.8587804806495,15.837280685957126,12.238044569088459,5.266415809362072,0.5014479132360325,300.0,228.15229898524512,28,0.0,18.0,0.06682971678168961,0.1569637099004186
1,100.0,150.0,318.2164911328283,2.6831593045180853,2.2906597867676624,0.16204683429458228,0.0041356819404980705,300.0,228.15229898524512,28,0.0,18.0,0.06682971678168961,0.1569637099004186
2,150.0,200.0,318.114755036888,3.0728459378296975,2.8619454201731287,0.3770850010926676,0.018080117283171826,300.0,228.15229898524512,28,0.0,18.0,0.06682971678168961,0.1569637099004186
3,200.0,250.0,317.94947867950947,3.410985492243242,2.6527934756354625,0.4249853608424091,0.020897244907271184,300.0,228.15229898524512,28,0.0,18.0,0.06682971678168961,0.1569637099004186
0,50.0,100.0,226.80556920468595,2.455067666526105,2.0246907371326586,0.831181581397775,0.08854145218034937,500.0,380.88580812995247,28,0.0,18.0,0.06682971678168961,0.1569637099004186
1,100.0,150.0,226.2370293832294,1.5713999926625775,1.3152309523113672,0.2799310456275544,0.0031425492480997574,500.0,380.88580812995247,28,0.0,18.0,0.06682971678168961,0.1569637099004186
2,150.0,200.0,225.95965643990138,1.5467216764637044,1.4071571401518668,0.1059695755196557,0.00021435083505161323,500.0,380.88580812995247,28,0.0,18.0,0.06682971678168961,0.1569637099004186
3,200.0,250.0,225.73335027196504,1.3206992527596242,1.2375271043172518,0.20354353346423784,0.0009360684835411082,500.0,380.88580812995247,28,0.0,18.0,0.06682971678168961,0.1569637099004186
0,50.0,100.0,153.6034547023553,1.2504903153642033,1.173330519954817,0.10085231333794535,0.009831660713028212,800.0,606.2950294894458,28,0.0,18.0,0.06682971678168961,0.1569637099004186
1,100.0,150.0,153.3964264127866,1.1979437581941283,0.9804982717633095,0.13428746155830645,0.0215733350141718,800.0,606.2950294894458,28,0.0,18.0,0.06682971678168961,0.1569637099004186
2,150.0,200.0,153.33112221971186,1.1464311078955518,1.0266540154555628,0.1779926733436933,0.03105865716216971,800.0,606.2950294894458,28,0.0,18.0,0.06682971678168961,0.1569637099004186
3,200.0,250.0,153.3889991875597,1.1498915095870927,0.9611579223121396,0.11185065917032583,0.01261716538137636,800.0,606.2950294894458,28,0.0,18.0,0.06682971678168961,0.1569637099004186
0,50.0,100.0,320.4727715860525,14.613927865653068,11.288249602063615,4.798330829254737,0.5042138709329873,300.0,228.15229898524512,29,0.39,18.0,0.06682971678168961,0.1569637099004186
1,100.0,150.0,318.2350656454321,1.998632472271936,1.8006200882094276,0.19282448480867342,0.01412459443378411,300.0,228.15229898524512,29,0.39,18.0,0.06682971678168961,0.1569637099004186
2,150.0,200.0,318.12368015148405,2.3706564209360863,2.2850912274577695,0.3880962714474202,0.043686031668272896,300.0,228.15229898524512,29,0.39,18.0,0.06682971678168961,0.1569637099004186
3,200.0,250.0,317.969887643595,2.2353274950258424,1.9469232513087604,0.37976904117745586,0.03983735560197599,300.0,228.15229898524512,29,0.39,18.0,0.06682971678168961,0.1569637099004186
0,50.0,100.0,226.79434532859986,2.378884252877725,1.9752128591859162,0.7344068070395949,0.06580590477043335,500.0,380.88580812995247,29,0.39,18.0,0.06682971678168961,0.1569637099004186
1,100.0,150.0,226.23574262004772,1.528993719900484,1.3670879132577625,0.291178707473338,0.0024175869983570353,500.0,380.88580812995247,29,0.39,18.0,0.06682971678168961,0.1569637099004186
2,150.0,200.0,225.96050412907022,1.432237166707722,1.3050840598810396,0.1236340044343411,0.0002981850079590842,500.0,380.88580812995247,29,0.39,18.0,0.06682971678168961,0.1569637099004186
3,200.0,250.0,225.75374023795735,1.2356828309212347,1.1345755026770519,0.15059949595117425,0.0010180435481813577,500.0,380.88580812995247,29,0.39,18.0,0.06682971678168961,0.1569637099004186
0,50.0,100.0,153.61055812250845,1.3700722468257425,1.2688479068447123,0.6212569017493076,0.011672166093644187,800.0,606.2950294894458,29,0.39,18.0,0.06682971678168961,0.1569637099004186
1,100.0,150.0,153.3941295517917,1.2439642838286602,1.0095419908518863,0.28238642069227105,0.004968995804804699,800.0,606.2950294894458,29,0.39,18.0,0.06682971678168961,0.1569637099004186
2,150.0,200.0,153.3384362412041,1.2095707159681979,1.09141467620384,0.5929180057940424,0.03827043957424836,800.0,606.2950294894458,29,0.39,18.0,0.06682971678168961,0.1569637099004186
3,200.0,250.0,153.39427891852773,1.2179312053230262,0.9903200145010658,1.295804146468774,0.04500198015582424,800.0,606.2950294894458,29,0.39,18.0,0.06682971678168961,0.1569637099004186
0,50.0,100.0,318.073062102456,15.401247000143655,6.080989816015631,2.847880612767544,0.16277867433712,300.0,228.15229898524512,30,2.0,18.0,0.06682971678168961,0.1569637099004186
1,100.0,150.0,318.0480412687526,0.9029497448234451,0.7167352054570415,0.18694479597117694,0.12435952614402068,300.0,228.15229898524512,30,2.0,18.0,0.06682971678168961,0.1569637099004186
2,150.0,200.0,318.1226312732939,1.2332813457524026,1.0904326257619346,0.5720415773564201,0.48074430092677256,300.0,228.15229898524512,30,2.0,18.0,0.06682971678168961,0.1569637099004186
3,200.0,250.0,317.94397496057894,0.8904294723427597,0.7581032145364475,0.43854621140973093,0.4344189254694073,300.0,228.15229898524512,30,2.0,18.0,0.06682971678168961,0.1569637099004186
0,50.0,100.0,222.43587573635222,3.75567405261404,1.9756376404191087,3.174613567198277,0.2842209633507934,500.0,380.88580812995247,30,2.0,18.0,0.06682971678168961,0.1569637099004186
1,100.0,150.0,221.8731064098696,1.0796327230161467,0.8343278947369015,0.36489836564031947,0.017462396693076587,500.0,380.88580812995247,30,2.0,18.0,0.06682971678168961,0.1569637099004186
2,150.0,200.0,221.5854798298817,0.9133227269043687,0.8216138305241145,0.22364622273439996,0.012922422029560732,500.0,380.88580812995247,30,2.0,18.0,0.06682971678168961,0.1569637099004186
3,200.0,250.0,221.4036919452741,0.7650429424363665,0.6933595647829236,0.22332293123728603,0.016548007905184847,500.0,380.88580812995247,30,2.0,18.0,0.06682971678168961,0.1569637099004186
0,50.0,100.0,148.80731358925243,1.191778595140164,1.1113461901381356,0.5285614780168371,0.011447785198319238,800.0,606.2950294894458,30,2.0,18.0,0.06682971678168961,0.1569637099004186
1,100.0,150.0,148.6031202263324,1.0447940227577988,0.9139146229457538,0.26662287097158194,0.002209173689917243,800.0,606.2950294894458,30,2.0,18.0,0.06682971678168961,0.1569637099004186
2,150.0,200.0,148.5438552435054,1.186207867643617,1.0688232919044935,0.7046521597696843,0.037065446661963763,800.0,606.2950294894458,30,2.0,18.0,0.06682971678168961,0.1569637099004186
3,200.0,250.0,148.59942241539872,1.292407153225696,1.1070543170058897,0.9839093060763004,0.03459221242577104,800.0,606.2950294894458,30,2.0,18.0,0.06682971678168961,0.1569637099004186
0,50.0,100.0,314.04836061349926,82.94645565173732,55.64416751037777,37.567985551572896,0.5203807091315713,300.0,228.15229898524512,31,4.0,18.0,0.06682971678168961,0.1569637099004186
1,100.0,150.0,318.06818027593926,1.8352568431372447,0.9600909403558262,0.7637281969198083,0.5401684786396795,300.0,228.15229898524512,31,4.0,18.0,0.06682971678168961,0.1569637099004186
2,150.0,200.0,318.09637392644663,1.1507572206950272,1.0539255290674987,0.7914799702199239,0.8888899149429916,300.0,228.15229898524512,31,4.0,18.0,0.06682971678168961,0.1569637099004186
3,200.0,250.0,317.9822943875357,0.8057641638367272,0.6957549856950891,0.6103360390302864,0.8322648556686306,300.0,228.15229898524512,31,4.0,18.0,0.06682971678168961,0.1569637099004186
0,50.0,100.0,169.17823200796116,81.97745730127826,52.09747683153083,9.819619259033956,0.013041332416129703,500.0,380.88580812995247,31,4.0,18.0,0.06682971678168961,0.1569637099004186
1,100.0,150.0,167.76113322813129,0.721260569586093,0.47002668151625926,0.46191059086880604,0.045802019382689574,500.0,380.88580812995247,31,4.0,18.0,0.06682971678168961,0.1569637099004186
2,150.0,200.0,167.55018786777833,0.5132413512988592,0.4284384999552344,0.17507359653419835,0.015677904889107586,500.0,380.88580812995247,31,4.0,18.0,0.06682971678168961,0.1569637099004186
3,200.0,250.0,167.41806287466304,0.4154732074474907,0.3545868031544046,0.16256235641540906,0.020320375266513313,500.0,380.88580812995247,31,4.0,18.0,0.06682971678168961,0.1569637099004186
0,50.0,100.0,115.6703505750988,0.8000797176844543,0.7298162688149148,0.41331374134447946,0.013884952136863471,800.0,606.2950294894458,31,4.0,18.0,0.06682971678168961,0.1569637099004186
1,100.0,150.0,115.52457420934128,0.7254412703589281,0.6013146158363583,0.20579877349559375,0.01356635698868236,800.0,606.2950294894458,31,4.0,18.0,0.06682971678168961,0.1569637099004186
2,150.0,200.0,115.47196217250129,0.7360877340064036,0.6365977985670241,0.4606222088909627,0.046295269116937154,800.0,606.2950294894458,31,4.0,18.0,0.06682971678168961,0.1569637099004186
3,200.0,250.0,115.51990341233743,0.7449026724677026,0.6669141400094816,0.6973238867359005,0.05030789933656321,800.0,606.2950294894458,31,4.0,18.0,0.06682971678168961,0.1569637099004186
0,50.0,100.0,300.1031996302412,254.542796839372,239.94786686543003,230.95001475815977,0.8852079014840599,300.0,228.15229898524512,32,6.835494476281913,18.0,0.06682971678168961,0.1569637099004186
1,100.0,150.0,317.44009181367466,70.54710093338343,69.00472574232703,58.74046360300114,0.9731729527886769,300.0,228.15229898524512,32,6.835494476281913,18.0,0.06682971678168961,0.1569637099004186
2,150.0,200.0,318.46495203476564,18.5877091993288,18.154106760093725,14.547496541724525,0.9900580013075879,300.0,228.15229898524512,32,6.835494476281913,18.0,0.06682971678168961,0.1569637099004186
3,200.0,250.0,318.26491223980065,4.494041210154364,4.33775377593787,3.3163148933655306,0.9792276239834028,300.0,228.15229898524512,32,6.835494476281913,18.0,0.06682971678168961,0.1569637099004186
0,50.0,100.0,159.13070315125168,260.4811384616957,225.5653322742438,196.27338055005745,0.8287532221513803,500.0,380.88580812995247,32,6.835494476281913,18.0,0.06682971678168961,0.1569637099004186
1,100.0,150.0,163.56549134497757,185.74397432991407,178.4550865844168,180.477629743194,0.9298634059232557,500.0,380.88580812995247,32,6.835494476281913,18.0,0.06682971678168961,0.1569637099004186
2,150.0,200.0,165.9475550154237,178.03205246242408,174.2834178333242,177.30682374542764,0.9386392771256715,500.0,380.88580812995247,32,6.835494476281913,18.0,0.06682971678168961,0.1569637099004186
3,200.0,250.0,168.4626318960735,175.75034283891466,172.8411627476421,175.05972045435328,0.9386680479769435,500.0,380.88580812995247,32,6.835494476281913,18.0,0.06682971678168961,0.1569637099004186
0,50.0,100.0,115.44039307482882,4.445337542412915,1.6669318435249068,0.22657195641929354,0.015845662437995678,800.0,606.2950294894458,32,6.835494476281913,18.0,0.06682971678168961,0.1569637099004186
1,100.0,150.0,115.3545384715757,0.5178975699338793,0.40017264180336554,0.10031082809197257,0.06728272133185897,800.0,606.2950294894458,32,6.835494476281913,18.0,0.06682971678168961,0.1569637099004186
2,150.0,200.0,115.2943303598887,0.46003601238101055,0.38266156116655736,0.13220792378687338,0.12749416516448442,800.0,606.2950294894458,32,6.835494476281913,18.0,0.06682971678168961,0.1569637099004186
3,200.0,250.0,115.3455381619404,0.47461647130383255,0.3876278658673584,0.07948934809472873,0.0435705471986666,800.0,606.2950294894458,32,6.835494476281913,18.0,0.06682971678168961,0.1569637099004186
0,50.0,100.0,266.1587836420769,343.8528125971984,328.3797332552042,246.7626668144327,0.8531141126299622,300.0,228.15229898524512,33,8.0,18.0,0.06682971678168961,0.1569637099004186
1,100.0,150.0,241.70594276830073,127.29021169910547,114.51708869592116,122.64289175073269,0.9441002606260122,300.0,228.15229898524512,33,8.0,18.0,0.06682971678168961,0.1569637099004186
2,150.0,200.0,218.0945792929664,206.92108180641705,202.9302748441864,183.49685604618645,0.9122603412301937,300.0,228.15229898524512,33,8.0,18.0,0.06682971678168961,0.1569637099004186
3,200.0,250.0,237.06706837673923,245.15584987277742,239.20757484294975,218.8492125491458,0.8710657093013525,300.0,228.15229898524512,33,8.0,18.0,0.06682971678168961,0.1569637099004186
0,50.0,100.0,142.5053538517695,292.7619901438194,281.3545016178081,245.4106578722592,0.7569681787362873,500.0,380.88580812995247,33,8.0,18.0,0.06682971678168961,0.1569637099004186
1,100.0,150.0,177.712966712007,261.98193033249515,255.10177195157553,240.96835620321937,0.8734731178439725,500.0,380.88580812995247,33,8.0,18.0,0.06682971678168961,0.1569637099004186
2,150.0,200.0,156.88934515951166,260.13618027140535,257.6644599022309,253.10436791242336,0.8538562502900594,500.0,380.88580812995247,33,8.0,18.0,0.06682971678168961,0.1569637099004186
3,200.0,250.0,176.46601491107216,259.43669461343734,254.55105863667805,238.9735499024497,0.8716400665935435,500.0,380.88580812995247,33,8.0,18.0,0.06682971678168961,0.1569637099004186
0,50.0,100.0,115.97001033505929,18.227830828605903,12.20703428372562,2.196683526663603,0.058805560197992435,800.0,606.2950294894458,33,8.0,18.0,0.06682971678168961,0.1569637099004186
1,100.0,150.0,115.35834920565516,0.4029428086196134,0.33201979667886405,0.09771099239803645,0.09432276700406272,800.0,606.2950294894458,33,8.0,18.0,0.06682971678168961,0.1569637099004186
2,150.0,200.0,115.29576485609526,0.41791040068190455,0.34660788447168045,0.1429615412194275,0.1855268576341611,800.0,606.2950294894458,33,8.0,18.0,0.06682971678168961,0.1569637099004186
3,200.0,250.0,115.35080895241747,0.42574807775247336,0.35759454062232976,0.09331522838539302,0.0750577752664291,800.0,606.2950294894458,33,8.0,18.0,0.06682971678168961,0.1569637099004186
0,50.0,100.0,238.7096121248963,388.2500251727774,383.42809036386734,411.75524745202495,0.6486997779583344,300.0,228.15229898524512,34,12.0,18.0,0.06682971678168961,0.1569637099004186
1,100.0,150.0,275.3587916096318,174.20434718516088,147.01625808608995,160.68356923727794,0.9288363230726197,300.0,228.15229898524512,34,12.0,18.0,0.06682971678168961,0.1569637099004186
2,150.0,200.0,309.1725105702915,100.40557223425273,86.29417172209884,69.71413387033792,0.9903406864694629,300.0,228.15229898524512,34,12.0,18.0,0.06682971678168961,0.1569637099004186
3,200.0,250.0,312.0656040422906,24.206608326551986,23.87133761012393,17.320936101645792,0.9934359314638423,300.0,228.15229898524512,34,12.0,18.0,0.06682971678168961,0.1569637099004186
0,50.0,100.0,132.58677546789195,348.5208778122389,338.1579182776244,222.76399178005732,0.6059242452621936,500.0,380.88580812995247,34,12.0,18.0,0.06682971678168961,0.1569637099004186
1,100.0,150.0,184.71510479309774,324.2034846638798,303.60763261380487,142.24884891448258,0.339652558964762,500.0,380.88580812995247,34,12.0,18.0,0.06682971678168961,0.1569637099004186
2,150.0,200.0,213.1273825127002,285.0039902286687,265.0499596981981,187.34523309658306,0.7233745683802496,500.0,380.88580812995247,34,12.0,18.0,0.06682971678168961,0.1569637099004186
3,200.0,250.0,160.08847836096712,333.4422055654519,317.4289154349709,218.1136225482999,0.6536805749987946,500.0,380.88580812995247,34,12.0,18.0,0.06682971678168961,0.1569637099004186
0,50.0,100.0,115.22781381960608,145.41981314464132,130.93457788723612,130.15670553621277,0.9177608680333029,800.0,606.2950294894458,34,12.0,18.0,0.06682971678168961,0.1569637099004186
1,100.0,150.0,118.10951252518522,117.09915102321771,113.60941529750946,113.09012050539894,0.9509172762905385,800.0,606.2950294894458,34,12.0,18.0,0.06682971678168961,0.1569637099004186
2,150.0,200.0,112.37740060387587,113.62633392458326,109.69552077582796,113.08440439434449,0.948008025107808,800.0,606.2950294894458,34,12.0,18.0,0.06682971678168961,0.1569637099004186
3,200.0,250.0,120.89052257742748,112.04187117982087,110.60688373653865,111.5262069431385,0.9524520732930196,800.0,606.2950294894458,34,12.0,18.0,0.06682971678168961,0.1569637099004186
0,50.0,100.0,326.28827512483736,37.363767197676395,31.180798394566864,11.98017524277789,0.6215815784822816,300.0,228.15229898524512,35,0.0,24.0,0.0891062890422528,0.1569637099004186
1,100.0,150.0,318.26223836825574,2.8310086051614007,2.4026690492676153,0.2210364742424728,0.007760583159883483,300.0,228.15229898524512,35,0.0,24.0,0.0891062890422528,0.1569637099004186
2,150.0,200.0,318.1461709329602,3.086526510160297,2.9494410010132697,0.3637871887927744,0.016594479250347294,300.0,228.15229898524512,35,0.0,24.0,0.0891062890422528,0.1569637099004186
3,200.0,250.0,317.9617822716781,3.3627355925322036,2.6133913188683664,0.42082411669255904,0.020372984502529445,300.0,228.15229898524512,35,0.0,24.0,0.0891062890422528,0.1569637099004186
0,50.0,100.0,226.84640500171776,2.647293373134602,2.1450622297124653,1.1306789082822668,0.10978483227585467,500.0,380.88580812995247,35,0.0,24.0,0.0891062890422528,0.1569637099004186
1,100.0,150.0,226.25357482524848,1.5445486735000316,1.315184711504969,0.29306528034554513,0.0025779212312815325,500.0,380.88580812995247,35,0.0,24.0,0.0891062890422528,0.1569637099004186
2,150.0,200.0,225.96744700431216,1.5221940130973906,1.3777766792526336,0.1465603398825026,0.00037767956591638896,500.0,380.88580812995247,35,0.0,24.0,0.0891062890422528,0.1569637099004186
3,200.0,250.0,225.7370695840647,1.3151864280560517,1.1987580920422545,0.23157264976425246,0.0009928519052768703,500.0,380.88580812995247,35,0.0,24.0,0.0891062890422528,0.1569637099004186
0,50.0,100.0,153.61222192508612,1.2519654654428223,1.1935974917360284,0.6048047430715129,0.013172760009763307,800.0,606.2950294894458,35,0.0,24.0,0.0891062890422528,0.1569637099004186
1,100.0,150.0,153.39637183717824,1.1813449799662123,0.9865243147503406,0.2312077394306386,0.004582062165601641,800.0,606.2950294894458,35,0.0,24.0,0.0891062890422528,0.1569637099004186
2,150.0,200.0,153.32814373739404,1.165862086986948,1.0438582290239253,0.598447440719,0.04201969687262452,800.0,606.2950294894458,35,0.0,24.0,0.0891062890422528,0.1569637099004186
3,200.0,250.0,153.38253338686326,1.16845787876224,0.9487031158920445,1.1006644669340018,0.0445786433136266,800.0,606.2950294894458,35,0.0,24.0,0.0891062890422528,0.1569637099004186
0,50.0,100.0,325.9054407835496,38.16080272728874,31.667937109228035,12.559528871202776,0.6102379101981759,300.0,228.15229898524512,36,0.39,24.0,0.0891062890422528,0.1569637099004186
1,100.0,150.0,318.26569350761037,2.0803817584546778,1.8158026385310677,0.22689739411110355,0.020142211369481022,300.0,228.15229898524512,36,0.39,24.0,0.0891062890422528,0.1569637099004186
2,150.0,200.0,318.1336400484149,2.387078675465432,2.280247897660047,0.38783847788134085,0.04419185677960946,300.0,228.15229898524512,36,0.39,24.0,0.0891062890422528,0.1569637099004186
3,200.0,250.0,317.9772112569467,2.2502508392804543,1.9917154420325573,0.4212963189729343,0.049556333498355976,300.0,228.15229898524512,36,0.39,24.0,0.0891062890422528,0.1569637099004186
0,50.0,100.0,226.82462242660603,2.4025181772100836,1.9090612945796295,0.8722758537205937,0.08728730845021582,500.0,380.88580812995247,36,0.39,24.0,0.0891062890422528,0.1569637099004186
1,100.0,150.0,226.25501711645325,1.448511175931003,1.2888511667072748,0.09801532745610882,0.0003261152851584681,500.0,380.88580812995247,36,0.39,24.0,0.0891062890422528,0.1569637099004186
2,150.0,200.0,225.96368390360226,1.4170953371556436,1.261332454125835,0.023769768143192135,6.57604367971798e-05,500.0,380.88580812995247,36,0.39,24.0,0.0891062890422528,0.1569637099004186
3,200.0,250.0,225.74206099699668,1.177525647617415,1.0987904414154457,0.18413057626507562,0.0023042087543627687,500.0,380.88580812995247,36,0.39,24.0,0.0891062890422528,0.1569637099004186
0,50.0,100.0,153.6147897273318,1.3138499113554474,1.2371711599217008,0.6473484227589758,0.013265318082141375,800.0,606.2950294894458,36,0.39,24.0,0.0891062890422528,0.1569637099004186
1,100.0,150.0,153.39443342246102,1.2357685222615657,1.0107271052050635,0.24401443235129514,0.0033296676271938885,800.0,606.2950294894458,36,0.39,24.0,0.0891062890422528,0.1569637099004186
2,150.0,200.0,153.33007009860873,1.2066352147224677,1.0794946037175635,0.6498070431490307,0.04182914648426439,800.0,606.2950294894458,36,0.39,24.0,0.0891062890422528,0.1569637099004186
3,200.0,250.0,153.38960475425338,1.1958777326857444,0.9661880672937002,1.2660211065651454,0.049611447751346516,800.0,606.2950294894458,36,0.39,24.0,0.0891062890422528,0.1569637099004186
0,50.0,100.0,324.46622928063863,50.35984868883014,38.473823535568215,20.429590467074835,0.6003408009864123,300.0,228.15229898524512,37,2.0,24.0,0.0891062890422528,0.1569637099004186
1,100.0,150.0,318.2683048715106,1.0045180307229202,0.8852510543273411,0.3260046910197159,0.32042187273035605,300.0,228.15229898524512,37,2.0,24.0,0.0891062890422528,0.1569637099004186
2,150.0,200.0,318.1451862632221,1.131745055073452,1.054106579130348,0.5384424564150246,0.5011578460188444,300.0,228.15229898524512,37,2.0,24.0,0.0891062890422528,0.1569637099004186
3,200.0,250.0,317.9990961534097,0.9102799934564132,0.8282832984099286,0.49465191368924905,0.47610644548989867,300.0,228.15229898524512,37,2.0,24.0,0.0891062890422528,0.1569637099004186
0,50.0,100.0,223.4828670216065,2.2990102639990937,1.2944751669704715,3.745363670948804,0.24909120583853495,500.0,380.88580812995247,37,2.0,24.0,0.0891062890422528,0.1569637099004186
1,100.0,150.0,223.0605447616668,1.06954542517542,0.7918967207414482,0.19392505123029422,0.010102959209244422,500.0,380.88580812995247,37,2.0,24.0,0.0891062890422528,0.1569637099004186
2,150.0,200.0,222.76662656104185,0.8734025542782717,0.7486473035329482,0.14777793169761516,0.012888085036807606,500.0,380.88580812995247,37,2.0,24.0,0.0891062890422528,0.1569637099004186
3,200.0,250.0,222.57533091226077,0.7194413756229778,0.6505498400802026,0.26234647575295295,0.03152108146410393,500.0,380.88580812995247,37,2.0,24.0,0.0891062890422528,0.1569637099004186
0,50.0,100.0,149.86982213196708,1.1077360879934588,1.0039106342509285,0.5921443163482799,0.014484523273743388,800.0,606.2950294894458,37,2.0,24.0,0.0891062890422528,0.1569637099004186
1,100.0,150.0,149.66142016092604,0.9943692688260626,0.8396181784989949,0.19417449248584912,0.005477093804535094,800.0,606.2950294894458,37,2.0,24.0,0.0891062890422528,0.1569637099004186
2,150.0,200.0,149.59979106610984,1.1067099609034017,0.9733949605379166,0.5472841076802053,0.045587685954627144,800.0,606.2950294894458,37,2.0,24.0,0.0891062890422528,0.1569637099004186
3,200.0,250.0,149.6518463471102,1.142546937141958,0.9970445829667085,0.9345885810201982,0.049891478149408974,800.0,606.2950294894458,37,2.0,24.0,0.0891062890422528,0.1569637099004186
0,50.0,100.0,324.61653309379,106.62502401731126,92.19208964046874,60.21952646329885,0.822146293896813,300.0,228.15229898524512,38,4.0,24.0,0.0891062890422528,0.1569637099004186
1,100.0,150.0,317.27290473313536,4.0011114671530095,3.115715286236366,1.8337353846838902,0.7195661216463306,300.0,228.15229898524512,38,4.0,24.0,0.0891062890422528,0.1569637099004186
2,150.0,200.0,317.0051249275158,1.0769367760224782,0.984977750140331,0.638326984154994,0.8362289622812417,300.0,228.15229898524512,38,4.0,24.0,0.0891062890422528,0.1569637099004186
3,200.0,250.0,316.8955520957002,0.7158506400258489,0.6288920947226302,0.46143218544279624,0.7511233844073053,300.0,228.15229898524512,38,4.0,24.0,0.0891062890422528,0.1569637099004186
0,50.0,100.0,217.43918958705467,62.98388841612419,52.87898761002586,127.139750922556,0.33010513215638015,500.0,380.88580812995247,38,4.0,24.0,0.0891062890422528,0.1569637099004186
1,100.0,150.0,214.46544070337183,1.9207294515633748,1.3253625698460496,2.7930773074421302,0.1895910882858718,500.0,380.88580812995247,38,4.0,24.0,0.0891062890422528,0.1569637099004186
2,150.0,200.0,214.15690643020906,0.5197238680330543,0.42825217257998816,0.28776320873449907,0.023463916248656735,500.0,380.88580812995247,38,4.0,24.0,0.0891062890422528,0.1569637099004186
3,200.0,250.0,213.96520900394185,0.42100178344185224,0.357769913049367,0.24751980524919626,0.08325898081671079,500.0,380.88580812995247,38,4.0,24.0,0.0891062890422528,0.1569637099004186
0,50.0,100.0,115.56356379170674,0.7399763530845149,0.65058007152426,0.47584881936237,0.020127614777093794,800.0,606.2950294894458,38,4.0,24.0,0.0891062890422528,0.1569637099004186
1,100.0,150.0,115.41535679837162,0.6554357334184715,0.5417327840675767,0.1961762976577205,0.023151101021019804,800.0,606.2950294894458,38,4.0,24.0,0.0891062890422528,0.1569637099004186
2,150.0,200.0,115.36128155922108,0.6755442785921133,0.5854858790656294,0.33241306795742903,0.0604156709815199,800.0,606.2950294894458,38,4.0,24.0,0.0891062890422528,0.1569637099004186
3,200.0,250.0,115.40526411119953,0.6655153982577247,0.5967996707967558,0.6233598295688382,0.0738521469737089,800.0,606.2950294894458,38,4.0,24.0,0.0891062890422528,0.1569637099004186
0,50.0,100.0,322.5388614724614,187.177271402169,181.9798068871959,161.7151267979777,0.9389860932034624,300.0,228.15229898524512,39,6.835494476281913,24.0,0.0891062890422528,0.1569637099004186
1,100.0,150.0,324.0830775204513,27.57054483598364,27.005565546352955,24.41590034776984,0.9811027428868111,300.0,228.15229898524512,39,6.835494476281913,24.0,0.0891062890422528,0.1569637099004186
2,150.0,200.0,318.3297878258464,8.563878716716033,7.000089072355934,7.082818531368911,0.9776545202934536,300.0,228.15229898524512,39,6.835494476281913,24.0,0.0891062890422528,0.1569637099004186
3,200.0,250.0,317.81657805795044,1.2949416603531176,1.2398477900145508,0.9438045582286038,0.884249292323919,300.0,228.15229898524512,39,6.835494476281913,24.0,0.0891062890422528,0.1569637099004186
0,50.0,100.0,139.01087589299073,225.20009079627962,214.78092006921966,81.7911881601964,0.30236515582839296,500.0,380.88580812995247,39,6.835494476281913,24.0,0.0891062890422528,0.1569637099004186
1,100.0,150.0,167.08612208249542,43.34955064297523,35.7348809551973,26.178268229852417,0.8045422825203064,500.0,380.88580812995247,39,6.835494476281913,24.0,0.0891062890422528,0.1569637099004186
2,150.0,200.0,167.62439440272922,8.723736306879772,6.880669959765925,4.880264958542698,0.7741386454400521,500.0,380.88580812995247,39,6.835494476281913,24.0,0.0891062890422528,0.1569637099004186
3,200.0,250.0,167.39493303072962,1.3772548585697564,0.9584014397102294,0.7585890001494113,0.7900955318408058,500.0,380.88580812995247,39,6.835494476281913,24.0,0.0891062890422528,0.1569637099004186
0,50.0,100.0,115.26495971507966,3.2401601114646894,1.8709546404715098,0.4465396158836343,0.07679519929048328,800.0,606.2950294894458,39,6.835494476281913,24.0,0.0891062890422528,0.1569637099004186
1,100.0,150.0,115.47836820336761,0.6647538791747394,0.36314221892918397,0.08732245243820884,0.06481569954740374,800.0,606.2950294894458,39,6.835494476281913,24.0,0.0891062890422528,0.1569637099004186
2,150.0,200.0,115.40944969862308,0.4438086932988625,0.3716247140770861,0.14696443215078192,0.16518186932162737,800.0,606.2950294894458,39,6.835494476281913,24.0,0.0891062890422528,0.1569637099004186
3,200.0,250.0,115.46196911419422,0.4619578994077074,0.3497482371515588,0.08360671542510498,0.05347728181372147,800.0,606.2950294894458,39,6.835494476281913,24.0,0.0891062890422528,0.1569637099004186
0,50.0,100.0,315.21275602492176,225.39893978963113,221.96688255245192,825.7259956065118,0.8695806081860473,300.0,228.15229898524512,40,8.0,24.0,0.0891062890422528,0.1569637099004186
1,100.0,150.0,329.4883819216509,48.02483218822948,46.54063136417898,124.10651121218196,0.9942014436131562,300.0,228.15229898524512,40,8.0,24.0,0.0891062890422528,0.1569637099004186
2,150.0,200.0,316.34899833170743,24.653762673894164,23.72952196302998,29.708275822510572,0.970414578012347,300.0,228.15229898524512,40,8.0,24.0,0.0891062890422528,0.1569637099004186
3,200.0,250.0,317.09404058508403,4.698932986427565,4.119195436325299,17.671466590942444,0.9960773093808042,300.0,228.15229898524512,40,8.0,24.0,0.0891062890422528,0.1569637099004186
0,50.0,100.0,132.39438917448896,247.93934029513267,240.08867249725287,86.82254394583906,0.2692479675923132,500.0,380.88580812995247,40,8.0,24.0,0.0891062890422528,0.1569637099004186
1,100.0,150.0,164.3042089487787,111.45870024524702,103.27274820904219,100.03678370627054,0.9596905213955633,500.0,380.88580812995247,40,8.0,24.0,0.0891062890422528,0.1569637099004186
2,150.0,200.0,166.0844212805832,74.26712442689771,65.46851924679027,65.96495895160737,0.9841468486834765,500.0,380.88580812995247,40,8.0,24.0,0.0891062890422528,0.1569637099004186
3,200.0,250.0,170.4001214573184,49.030918687819224,45.460495929718576,44.64564906442269,0.9848911904144743,500.0,380.88580812995247,40,8.0,24.0,0.0891062890422528,0.1569637099004186
0,50.0,100.0,115.24294108677265,16.534943255700696,6.3448793419259175,1.5302535136052666,0.0498789111112784,800.0,606.2950294894458,40,8.0,24.0,0.0891062890422528,0.1569637099004186
1,100.0,150.0,115.39114577550772,0.3964163926630988,0.3282486716629336,0.10533183435939318,0.11482648434977638,800.0,606.2950294894458,40,8.0,24.0,0.0891062890422528,0.1569637099004186
2,150.0,200.0,115.331252549242,0.39461274306138705,0.3354617383184717,0.15386472951660285,0.23336373778835096,800.0,606.2950294894458,40,8.0,24.0,0.0891062890422528,0.1569637099004186
3,200.0,250.0,115.37718162072724,0.38905400598129347,0.3118742707638802,0.07513282155774352,0.05745048304871392,800.0,606.2950294894458,40,8.0,24.0,0.0891062890422528,0.1569637099004186
0,50.0,100.0,300.62898024243964,383.5208214248062,374.34047146167813,235.17995240735593,0.6234714092360512,300.0,228.15229898524512,41,12.0,24.0,0.0891062890422528,0.1569637099004186
1,100.0,150.0,249.7236855863887,187.10340280361754,168.02021575955868,166.89272362911638,0.8752992842152616,300.0,228.15229898524512,41,12.0,24.0,0.0891062890422528,0.1569637099004186
2,150.0,200.0,230.7254086334962,258.05008773883907,255.5884994321126,107.7507686760919,0.8408563077725725,300.0,228.15229898524512,41,12.0,24.0,0.0891062890422528,0.1569637099004186
3,200.0,250.0,217.0713824140338,249.04426160855385,238.81720192604274,325.5049601616034,0.8420063168288802,300.0,228.15229898524512,41,12.0,24.0,0.0891062890422528,0.1569637099004186
0,50.0,100.0,115.76555894442762,523.4456530441225,307.59420420929797,181.11479032787986,0.3127933339899891,500.0,380.88580812995247,41,12.0,24.0,0.0891062890422528,0.1569637099004186
1,100.0,150.0,165.5806238193736,292.3541596129643,275.5151341114939,255.36041465192022,0.8657856400118109,500.0,380.88580812995247,41,12.0,24.0,0.0891062890422528,0.1569637099004186
2,150.0,200.0,151.86064775499798,292.34625520107664,286.97901730317074,286.4057132968118,0.8162929943124525,500.0,380.88580812995247,41,12.0,24.0,0.0891062890422528,0.1569637099004186
3,200.0,250.0,181.97108279953255,291.76586334130735,287.24605515834895,285.7005775875604,0.8131830180597183,500.0,380.88580812995247,41,12.0,24.0,0.0891062890422528,0.1569637099004186
0,50.0,100.0,114.68350774157743,102.6452348735728,65.04903199630593,106.54176397344892,0.06807089612338535,800.0,606.2950294894458,41,12.0,24.0,0.0891062890422528,0.1569637099004186
1,100.0,150.0,115.42902421919476,8.506567636664244,6.164210828137584,2.4587988979877275,0.005002319282393919,800.0,606.2950294894458,41,12.0,24.0,0.0891062890422528,0.1569637099004186
2,150.0,200.0,115.32136091769748,0.6205207105011681,0.46146689238167937,1.3067178198214209,0.46848650040341666,800.0,606.2950294894458,41,12.0,24.0,0.0891062890422528,0.1569637099004186
3,200.0,250.0,115.36431021810371,0.32850381848084,0.2644125850485466,0.7714963776357947,0.30931856472855435,800.0,606.2950294894458,41,12.0,24.0,0.0891062890422528,0.1569637099004186
0,50.0,100.0,319.0315938596102,2.9650580557290596,2.5229619699871932,0.31824583936213274,0.015538160979669424,300.0,228.15229898524512,42,0.0,6.0,0.0222765722605632,0.5
1,100.0,150.0,318.79872997509233,2.6196792201468497,2.2326541409021843,0.058308604559194954,0.00052041796352853,300.0,228.15229898524512,42,0.0,6.0,0.0222765722605632,0.5
2,150.0,200.0,318.795525600096,2.777060398718959,2.629813169170575,0.22529122956033215,0.006648129464826957,300.0,228.15229898524512,42,0.0,6.0,0.0222765722605632,0.5
3,200.0,250.0,318.7184575000437,3.1430624863786534,2.523054290476182,0.2476010114101501,0.00762366926426139,300.0,228.15229898524512,42,0.0,6.0,0.0222765722605632,0.5
0,50.0,100.0,226.9326083879762,2.09623170100204,1.7338962400331184,0.7438708334861598,0.07187739434428775,500.0,380.88580812995247,42,0.0,6.0,0.0222765722605632,0.5
1,100.0,150.0,226.48089245306758,1.403821613175353,1.1950498461837356,0.38814363162875715,0.005342320813648271,500.0,380.88580812995247,42,0.0,6.0,0.0222765722605632,0.5
2,150.0,200.0,226.26426901943051,1.4384210125521122,1.315590787873333,0.13274554329179952,0.0007811848447648595,500.0,380.88580812995247,42,0.0,6.0,0.0222765722605632,0.5
3,200.0,250.0,226.08578120283596,1.2232733192630292,1.1412286857794527,0.2007979998141777,0.001604792552884371,500.0,380.88580812995247,42,0.0,6.0,0.0222765722605632,0.5
0,50.0,100.0,153.71892083276913,1.0825692264180873,0.9696364624767853,0.08472103991389669,0.009259319612119565,800.0,606.2950294894458,42,0.0,6.0,0.0222765722605632,0.5
1,100.0,150.0,153.550324720754,1.0712839086200745,0.8609942503868808,0.11792529540214307,0.022281148666642214,800.0,606.2950294894458,42,0.0,6.0,0.0222765722605632,0.5
2,150.0,200.0,153.48610116389017,1.0174518436232631,0.8931555837809242,0.1340476885083491,0.025633069821037302,800.0,606.2950294894458,42,0.0,6.0,0.0222765722605632,0.5
3,200.0,250.0,153.55244505767877,1.0832390871342454,0.9507850330782048,0.0973694315503412,0.013333061781135691,800.0,606.2950294894458,42,0.0,6.0,0.0222765722605632,0.5
0,50.0,100.0,319.02059003802304,2.516269277400795,2.031326302888317,0.2970909988042147,0.025869903884697787,300.0,228.15229898524512,43,0.39,6.0,0.0222765722605632,0.5
1,100.0,150.0,318.8376470877995,2.013921329266509,1.8212512954157205,0.07029866198131962,0.0016911966906538733,300.0,228.15229898524512,43,0.39,6.0,0.0222765722605632,0.5
2,150.0,200.0,318.79126667158806,2.252849446224559,2.1785771713629174,0.20494418227999284,0.010796493440785038,300.0,228.15229898524512,43,0.39,6.0,0.0222765722605632,0.5
3,200.0,250.0,318.756576642714,2.2787708831842224,2.0553087384201945,0.22085865642811653,0.012339122291019078,300.0,228.15229898524512,43,0.39,6.0,0.0222765722605632,0.5
0,50.0,100.0,227.11778180332897,2.4022478052058034,1.94943622466306,0.7418498642114146,0.04909904157597145,500.0,380.88580812995247,43,0.39,6.0,0.0222765722605632,0.5
1,100.0,150.0,226.66093386417833,1.684710498740543,1.464184438479009,0.3561274709726088,0.0034570953702516283,500.0,380.88580812995247,43,0.39,6.0,0.0222765722605632,0.5
2,150.0,200.0,226.44738460376314,1.796079873933877,1.6482840285127054,0.10967158525475008,0.0008097490208414104,500.0,380.88580812995247,43,0.39,6.0,0.0222765722605632,0.5
3,200.0,250.0,226.26409299488742,1.5497097181008144,1.4423930675226586,0.19630603962421223,0.0013746491655084458,500.0,380.88580812995247,43,0.39,6.0,0.0222765722605632,0.5
0,50.0,100.0,153.77475138655683,1.2491494559189107,1.1302529843693208,0.08547643399503214,0.006767347911956878,800.0,606.2950294894458,43,0.39,6.0,0.0222765722605632,0.5
1,100.0,150.0,153.6025229433622,1.2370791056782764,1.000810593601642,0.12073359988471168,0.01675853588896492,800.0,606.2950294894458,43,0.39,6.0,0.0222765722605632,0.5
2,150.0,200.0,153.53799585782068,1.1950578120568593,1.0510004041592254,0.1342021140770089,0.018523770980378718,800.0,606.2950294894458,43,0.39,6.0,0.0222765722605632,0.5
3,200.0,250.0,153.60127892134832,1.2604145494846648,1.1235996277316929,0.09989151665001503,0.010093841590145147,800.0,606.2950294894458,43,0.39,6.0,0.0222765722605632,0.5
0,50.0,100.0,314.36027247114004,4.0166384415518905,1.9276328311665338,0.47948025229573366,0.061596362965501084,300.0,228.15229898524512,44,2.0,6.0,0.0222765722605632,0.5
1,100.0,150.0,314.09689944358865,0.5124815785215446,0.43273662923206757,0.04666670472809481,0.00942171727546115,300.0,228.15229898524512,44,2.0,6.0,0.0222765722605632,0.5
2,150.0,200.0,314.0526234955332,0.7856213712065596,0.6992466531233958,0.26987846937301235,0.20500261978458567,300.0,228.15229898524512,44,2.0,6.0,0.0222765722605632,0.5
3,200.0,250.0,313.9895369724911,0.7289311356277608,0.5926950577455727,0.2277331839653704,0.16128407311793447,300.0,228.15229898524512,44,2.0,6.0,0.0222765722605632,0.5
0,50.0,100.0,184.46148290497055,3.8542914825639514,1.8420171196936792,0.9658857216827866,0.05233939751125938,500.0,380.88580812995247,44,2.0,6.0,0.0222765722605632,0.5
1,100.0,150.0,184.10199586111204,1.1562698977883201,0.967048308544264,0.19976755443524805,0.008149886438322484,500.0,380.88580812995247,44,2.0,6.0,0.0222765722605632,0.5
2,150.0,200.0,183.90040781081086,1.1525900509572011,1.039945273480896,0.12255607700005292,0.005041670760373096,500.0,380.88580812995247,44,2.0,6.0,0.0222765722605632,0.5
3,200.0,250.0,183.79006029517467,1.0064558726540724,0.9092494601592023,0.13069924961136187,0.005124547455543249,500.0,380.88580812995247,44,2.0,6.0,0.0222765722605632,0.5
0,50.0,100.0,124.46466265148938,1.5199181272817128,1.3638399516761126,0.15563946055396838,0.006184631805326468,800.0,606.2950294894458,44,2.0,6.0,0.0222765722605632,0.5
1,100.0,150.0,124.31658911043444,1.3007833051051847,1.110029366088142,0.05974556638275577,0.0005514138669658886,800.0,606.2950294894458,44,2.0,6.0,0.0222765722605632,0.5
2,150.0,200.0,124.28257793130723,1.1506161952552674,1.0758592569821985,0.21127625292063829,0.019563288392919098,800.0,606.2950294894458,44,2.0,6.0,0.0222765722605632,0.5
3,200.0,250.0,124.31583259515286,1.1755445688001487,1.079558679590349,0.25946943440182835,0.015388688656747251,800.0,606.2950294894458,44,2.0,6.0,0.0222765722605632,0.5
0,50.0,100.0,303.95997535900517,98.04528938313445,88.48194618225267,58.09047555875249,0.7218160947936413,300.0,228.15229898524512,45,4.0,6.0,0.0222765722605632,0.5
1,100.0,150.0,300.45640014759465,13.652234890007662,11.400812920739668,7.384913615017837,0.7350896462637975,300.0,228.15229898524512,45,4.0,6.0,0.0222765722605632,0.5
2,150.0,200.0,299.99808337614013,0.8876326689768916,0.739859679165022,0.6023814579182715,0.7661493214915472,300.0,228.15229898524512,45,4.0,6.0,0.0222765722605632,0.5
3,200.0,250.0,299.9502871382119,0.6403613847287488,0.5173403009010826,0.2174094282582985,0.2546719794557186,300.0,228.15229898524512,45,4.0,6.0,0.0222765722605632,0.5
0,50.0,100.0,178.6315253920914,364.590279186255,358.7966260426799,346.74649409809206,0.8327605814021344,500.0,380.88580812995247,45,4.0,6.0,0.0222765722605632,0.5
1,100.0,150.0,186.39253941265076,364.1176460115544,363.2173285720231,353.83015251217694,0.8548187059075059,500.0,380.88580812995247,45,4.0,6.0,0.0222765722605632,0.5
2,150.0,200.0,175.21601781864453,362.2670909205918,359.1097439618688,355.97489572666944,0.7896258509970691,500.0,380.88580812995247,45,4.0,6.0,0.0222765722605632,0.5
3,200.0,250.0,165.54178161069484,357.1345289629341,354.6656711376948,351.19907285343476,0.8154523166763583,500.0,380.88580812995247,45,4.0,6.0,0.0222765722605632,0.5
0,50.0,100.0,129.64621505891313,1.6133919995659198,1.3000721151026653,0.12902724879915942,0.0010958556361895244,800.0,606.2950294894458,45,4.0,6.0,0.0222765722605632,0.5
1,100.0,150.0,129.5047116948857,1.3105711736555747,1.1096167386441493,0.3838877155507369,0.002066258332139248,800.0,606.2950294894458,45,4.0,6.0,0.0222765722605632,0.5
2,150.0,200.0,129.4584224590217,1.3027346320164952,1.1815555239271873,0.6761275233058023,0.016778278579131833,800.0,606.2950294894458,45,4.0,6.0,0.0222765722605632,0.5
3,200.0,250.0,129.51013735613924,1.3946461818515843,1.2068712885915431,0.5828401570831515,0.0091265656288666,800.0,606.2950294894458,45,4.0,6.0,0.0222765722605632,0.5
0,50.0,100.0,214.12162624731155,357.21135028670807,350.83789159103975,312.01194206227353,0.7738687957776098,300.0,228.15229898524512,46,6.835494476281913,6.0,0.0222765722605632,0.5
1,100.0,150.0,266.1178555023451,357.70844679942263,351.69315848425504,301.36080315052214,0.7505874113402754,300.0,228.15229898524512,46,6.835494476281913,6.0,0.0222765722605632,0.5
2,150.0,200.0,193.33232865718514,357.72151979867806,356.09802088916825,330.9580605006205,0.7415903416146994,300.0,228.15229898524512,46,6.835494476281913,6.0,0.0222765722605632,0.5
3,200.0,250.0,259.4035755999578,358.2205637891995,355.80629601088424,296.1437526196168,0.7631444515759622,300.0,228.15229898524512,46,6.835494476281913,6.0,0.0222765722605632,0.5
0,50.0,100.0,166.61078954962727,405.08214080407225,402.0977223390316,400.2555205520656,0.7781693137335444,500.0,380.88580812995247,46,6.835494476281913,6.0,0.0222765722605632,0.5
1,100.0,150.0,206.4536416707145,405.31579292778616,401.6982668658861,391.8715827755096,0.7887303758245143,500.0,380.88580812995247,46,6.835494476281913,6.0,0.0222765722605632,0.5
2,150.0,200.0,161.0485877064502,405.08218630083485,396.7287262540522,384.3462888162906,0.8286649489317314,500.0,380.88580812995247,46,6.835494476281913,6.0,0.0222765722605632,0.5
3,200.0,250.0,193.4321488000139,405.24882979343016,401.4687912853966,401.6059067637359,0.7978646686014798,500.0,380.88580812995247,46,6.835494476281913,6.0,0.0222765722605632,0.5
0,50.0,100.0,123.6435665792377,339.1307527905604,330.1253181224403,308.05133096480625,0.7999416613579837,800.0,606.2950294894458,46,6.835494476281913,6.0,0.0222765722605632,0.5
1,100.0,150.0,129.3080326981514,337.6437588575245,330.206865802533,309.6906189401347,0.7853648262768644,800.0,606.2950294894458,46,6.835494476281913,6.0,0.0222765722605632,0.5
2,150.0,200.0,140.56033866327837,337.4162491405877,330.0108213953048,315.27533860636015,0.8033076296580186,800.0,606.2950294894458,46,6.835494476281913,6.0,0.0222765722605632,0.5
3,200.0,250.0,126.67581438075584,337.46369908437447,330.10341912251494,314.07180014518497,0.7839369376674582,800.0,606.2950294894458,46,6.835494476281913,6.0,0.0222765722605632,0.5
0,50.0,100.0,193.9398198031922,356.0677809615096,355.3042374731662,326.2805486580013,0.7613136388144717,300.0,228.15229898524512,47,8.0,6.0,0.0222765722605632,0.5
1,100.0,150.0,233.83811280706922,356.39210689345566,354.49027098856317,295.69107702379574,0.7308841077546382,300.0,228.15229898524512,47,8.0,6.0,0.0222765722605632,0.5
2,150.0,200.0,256.17304024205913,356.7060412220064,354.21803370342934,303.8335324840482,0.7545049412895163,300.0,228.15229898524512,47,8.0,6.0,0.0222765722605632,0.5
3,200.0,250.0,205.2891758584579,356.98664492128637,356.08246811718965,356.47342126576825,0.7171914949455176,300.0,228.15229898524512,47,8.0,6.0,0.0222765722605632,0.5
0,50.0,100.0,207.7680407626255,407.3038821203218,407.03079726267714,394.5353816028011,0.783679206228209,500.0,380.88580812995247,47,8.0,6.0,0.0222765722605632,0.5
1,100.0,150.0,164.25125761871183,408.33132951109286,404.34328088162573,390.2404762836973,0.7736261582653423,500.0,380.88580812995247,47,8.0,6.0,0.0222765722605632,0.5
2,150.0,200.0,179.94510437935267,408.6580686618166,401.3043905863072,384.6459559652661,0.7945252347869538,500.0,380.88580812995247,47,8.0,6.0,0.0222765722605632,0.5
3,200.0,250.0,199.81041660070798,408.18281399460597,404.6348076087262,380.169027251286,0.8359774249348628,500.0,380.88580812995247,47,8.0,6.0,0.0222765722605632,0.5
0,50.0,100.0,153.95324015122048,375.32558916610105,371.17326183041723,349.9346287937756,0.758107048077842,800.0,606.2950294894458,47,8.0,6.0,0.0222765722605632,0.5
1,100.0,150.0,122.67118016244741,374.6047925352293,361.63035210814843,336.55831400973835,0.7829166176382756,800.0,606.2950294894458,47,8.0,6.0,0.0222765722605632,0.5
2,150.0,200.0,153.04398780334634,375.4920540587833,370.1208722494598,346.7454245892655,0.7655011007764182,800.0,606.2950294894458,47,8.0,6.0,0.0222765722605632,0.5
3,200.0,250.0,121.72712104296805,375.7661058843461,364.81330038519917,335.4266029234627,0.7896381087331428,800.0,606.2950294894458,47,8.0,6.0,0.0222765722605632,0.5
0,50.0,100.0,217.9809859222447,353.57110919214983,352.6090361901889,370.89874606686294,0.7390585774534587,300.0,228.15229898524512,48,12.0,6.0,0.0222765722605632,0.5
1,100.0,150.0,217.9817358650088,352.0105239921446,350.80092714698594,364.3644703356151,0.7644267153433634,300.0,228.15229898524512,48,12.0,6.0,0.0222765722605632,0.5
2,150.0,200.0,218.28383355727792,352.08600111232533,350.9187456426095,354.686922687623,0.7702953044620342,300.0,228.15229898524512,48,12.0,6.0,0.0222765722605632,0.5
3,200.0,250.0,218.77782969300276,352.3798742741796,351.4371956259353,344.4945111834801,0.7596691059887093,300.0,228.15229898524512,48,12.0,6.0,0.0222765722605632,0.5
0,50.0,100.0,220.19445017049696,411.7296819842275,405.1499004053183,373.569886199604,0.7291119219329183,500.0,380.88580812995247,48,12.0,6.0,0.0222765722605632,0.5
1,100.0,150.0,167.80816163969598,411.10081687445086,389.311599819361,357.02389432264204,0.815960878115576,500.0,380.88580812995247,48,12.0,6.0,0.0222765722605632,0.5
2,150.0,200.0,175.85391317579538,412.0758926495756,407.6368600515633,397.0038989898502,0.7661958785706944,500.0,380.88580812995247,48,12.0,6.0,0.0222765722605632,0.5
3,200.0,250.0,213.49149221800687,410.9567606514819,406.4242651664608,396.3948363158544,0.7402286082264091,500.0,380.88580812995247,48,12.0,6.0,0.0222765722605632,0.5
0,50.0,100.0,177.9447045682604,422.7204326472422,414.52336022036474,388.6130624282486,0.7679364589784918,800.0,606.2950294894458,48,12.0,6.0,0.0222765722605632,0.5
1,100.0,150.0,130.268274515633,422.57326831748765,405.9868430320822,370.0221672979808,0.7755225484579493,800.0,606.2950294894458,48,12.0,6.0,0.0222765722605632,0.5
2,150.0,200.0,158.93601270372733,422.4222990886591,407.5331184088399,371.72085767299467,0.7810678795807321,800.0,606.2950294894458,48,12.0,6.0,0.0222765722605632,0.5
3,200.0,250.0,163.71963341671994,422.2795942130768,416.76901754306044,407.6461658717339,0.7500454603468945,800.0,606.2950294894458,48,12.0,6.0,0.0222765722605632,0.5
0,50.0,100.0,318.7242466954274,3.520603239873026,2.8005843044675203,0.5514294293510764,0.04286354644626278,300.0,228.15229898524512,49,0.0,9.0,0.03341485839084481,0.5
1,100.0,150.0,318.3522740530532,2.6280535943216705,2.3178635865702972,0.06419985816161428,0.000687335710983672,300.0,228.15229898524512,49,0.0,9.0,0.03341485839084481,0.5
2,150.0,200.0,318.3673379949716,2.89746088143022,2.712929467997526,0.26494195279753835,0.009129793392047003,300.0,228.15229898524512,49,0.0,9.0,0.03341485839084481,0.5
3,200.0,250.0,318.28856485259297,3.241291132320555,2.570196968704579,0.3143755974719527,0.011611180661280862,300.0,228.15229898524512,49,0.0,9.0,0.03341485839084481,0.5
0,50.0,100.0,226.86730500612467,2.067428925167036,1.7508023673980802,0.6356792668019253,0.05108811093068044,500.0,380.88580812995247,49,0.0,9.0,0.03341485839084481,0.5
1,100.0,150.0,226.41670724429162,1.4772695148532762,1.2433424606448398,0.2903985819788789,0.003184203176273437,500.0,380.88580812995247,49,0.0,9.0,0.03341485839084481,0.5
2,150.0,200.0,226.1945099940328,1.5036130360769278,1.3701496636304569,0.10158995366223807,0.00041635186258925927,500.0,380.88580812995247,49,0.0,9.0,0.03341485839084481,0.5
3,200.0,250.0,226.0138580286067,1.2992263129644641,1.2037718912334299,0.1761154338394418,0.0006118046407945776,500.0,380.88580812995247,49,0.0,9.0,0.03341485839084481,0.5
0,50.0,100.0,153.62402733086813,1.2153979892238453,1.119977647538093,0.7708970803271296,0.014255828891724054,800.0,606.2950294894458,49,0.0,9.0,0.03341485839084481,0.5
1,100.0,150.0,153.46913312237706,1.1681566656405664,0.9439700512966454,0.2364361807985204,0.0029740528436561497,800.0,606.2950294894458,49,0.0,9.0,0.03341485839084481,0.5
2,150.0,200.0,153.41309067182246,1.086591710057803,0.9543866038476665,0.5758820743255969,0.033745678882677765,800.0,606.2950294894458,49,0.0,9.0,0.03341485839084481,0.5
3,200.0,250.0,153.47055618237738,1.153542535190212,0.9797390037098239,1.1212587126629296,0.03877115811638887,800.0,606.2950294894458,49,0.0,9.0,0.03341485839084481,0.5
0,50.0,100.0,318.66309985905605,2.817898692659014,2.144576559357745,0.47441162333642994,0.06761849640168416,300.0,228.15229898524512,50,0.39,9.0,0.03341485839084481,0.5
1,100.0,150.0,318.323499244392,2.1821260650220893,1.763489549882138,0.05559159753191014,0.0011112107815883787,300.0,228.15229898524512,50,0.39,9.0,0.03341485839084481,0.5
2,150.0,200.0,318.27848062599924,2.2580328479128298,2.1904655131041864,0.27588243333859525,0.021379520779170047,300.0,228.15229898524512,50,0.39,9.0,0.03341485839084481,0.5
3,200.0,250.0,318.2355700056523,2.237555117405009,1.9699322325860749,0.29142485606713997,0.022628151471533964,300.0,228.15229898524512,50,0.39,9.0,0.03341485839084481,0.5
0,50.0,100.0,227.041296297907,2.300489103375071,1.8246710506638806,0.6803969450138205,0.05531668454195626,500.0,380.88580812995247,50,0.39,9.0,0.03341485839084481,0.5
1,100.0,150.0,226.57914313489363,1.4817122751913132,1.3003873394242476,0.18740571829437253,0.0013849678582901204,500.0,380.88580812995247,50,0.39,9.0,0.03341485839084481,0.5
2,150.0,200.0,226.35190600870547,1.5173082978905086,1.4038579135358873,0.05056561429508903,6.976713905715304e-05,500.0,380.88580812995247,50,0.39,9.0,0.03341485839084481,0.5
3,200.0,250.0,226.17440189123175,1.3292616124984988,1.22311949638663,0.15160908389534308,0.0004911611765938684,500.0,380.88580812995247,50,0.39,9.0,0.03341485839084481,0.5
0,50.0,100.0,153.6727955050442,1.3228206911360019,1.2406021631771296,0.2120200548406067,0.009259312125122654,800.0,606.2950294894458,50,0.39,9.0,0.03341485839084481,0.5
1,100.0,150.0,153.49615695751555,1.2694150157888089,1.0317126143177973,0.08332843205653731,0.0028821974556071384,800.0,606.2950294894458,50,0.39,9.0,0.03341485839084481,0.5
2,150.0,200.0,153.4428034738722,1.1789186683310788,1.0426872741861075,0.2571904015663504,0.030185777360263732,800.0,606.2950294894458,50,0.39,9.0,0.03341485839084481,0.5
3,200.0,250.0,153.49868947309454,1.2484039855608557,1.0742143952184335,0.38348987169585474,0.03147670067672492,800.0,606.2950294894458,50,0.39,9.0,0.03341485839084481,0.5
0,50.0,100.0,315.34592040202324,3.3740702700043244,2.459621766192413,1.2292380806620884,0.42746623047230026,300.0,228.15229898524512,51,2.0,9.0,0.03341485839084481,0.5
1,100.0,150.0,314.8471669416315,0.6460835428048881,0.4802964007648711,0.10282143942711001,0.04336034649650411,300.0,228.15229898524512,51,2.0,9.0,0.03341485839084481,0.5
2,150.0,200.0,314.8285084682536,0.8766077764831834,0.7745305738852721,0.35601547442695514,0.3176365612628368,300.0,228.15229898524512,51,2.0,9.0,0.03341485839084481,0.5
3,200.0,250.0,314.75908837871503,0.754918387318412,0.640840654393628,0.31206281387747503,0.2676504572867936,300.0,228.15229898524512,51,2.0,9.0,0.03341485839084481,0.5
0,50.0,100.0,184.71146808842906,1.4673767648015996,1.0661962505920144,0.3459208203230085,0.06190167768892185,500.0,380.88580812995247,51,2.0,9.0,0.03341485839084481,0.5
1,100.0,150.0,184.37810301035242,0.9781413390494151,0.7822041799780663,0.20159176733886436,0.007995943609982792,500.0,380.88580812995247,51,2.0,9.0,0.03341485839084481,0.5
2,150.0,200.0,184.1769578528364,0.8899418066843623,0.8136968319227833,0.1273619334822455,0.006435905941855835,500.0,380.88580812995247,51,2.0,9.0,0.03341485839084481,0.5
3,200.0,250.0,184.0579777594651,0.7880352170828928,0.7081246434287038,0.15041003500391495,0.009536092939318341,500.0,380.88580812995247,51,2.0,9.0,0.03341485839084481,0.5
0,50.0,100.0,119.55543311281876,0.9600067670630494,0.8904814558528642,0.38662738699829874,0.010319458201167975,800.0,606.2950294894458,51,2.0,9.0,0.03341485839084481,0.5
1,100.0,150.0,119.41338061762274,0.8207653516312234,0.6806723137422921,0.13058832840338766,0.0007277648537883374,800.0,606.2950294894458,51,2.0,9.0,0.03341485839084481,0.5
2,150.0,200.0,119.37868857221531,0.8573094915170429,0.7991012364023788,0.4667741081043326,0.03078464871124953,800.0,606.2950294894458,51,2.0,9.0,0.03341485839084481,0.5
3,200.0,250.0,119.40934741307042,0.9327000319590297,0.8106240335045385,0.720814938467161,0.03048045967525892,800.0,606.2950294894458,51,2.0,9.0,0.03341485839084481,0.5
0,50.0,100.0,292.09201872015916,127.63070663072472,84.45409587048277,46.31545777386612,0.38512806358777274,300.0,228.15229898524512,52,4.0,9.0,0.03341485839084481,0.5
1,100.0,150.0,291.87046138416883,7.205485548740114,6.489804025028263,3.6534175711629056,0.5813847209251811,300.0,228.15229898524512,52,4.0,9.0,0.03341485839084481,0.5
2,150.0,200.0,292.1960320728699,0.6585718693954163,0.5709082905359537,0.38623910700549574,0.6155239321920692,300.0,228.15229898524512,52,4.0,9.0,0.03341485839084481,0.5
3,200.0,250.0,292.0858619606486,0.7145382327521475,0.5482906884782324,0.3901332944431477,0.6601719046654939,300.0,228.15229898524512,52,4.0,9.0,0.03341485839084481,0.5
0,50.0,100.0,183.98633938953247,80.61295398441607,61.061433829157636,12.19597840596311,0.010872886507113155,500.0,380.88580812995247,52,4.0,9.0,0.03341485839084481,0.5
1,100.0,150.0,182.71153625913252,5.034492287106161,3.018401346692343,0.8587206478104297,0.006237892035008685,500.0,380.88580812995247,52,4.0,9.0,0.03341485839084481,0.5
2,150.0,200.0,182.51530009512925,0.6129897629035668,0.4503555907590737,0.15651110718451855,0.04006293280127815,500.0,380.88580812995247,52,4.0,9.0,0.03341485839084481,0.5
3,200.0,250.0,182.40299570724363,0.45445507598535073,0.3592322584629528,0.14413003861082976,0.02751867098120342,500.0,380.88580812995247,52,4.0,9.0,0.03341485839084481,0.5
0,50.0,100.0,120.92643939291256,0.9435405687304836,0.8256357925881161,0.06747745573944869,0.008857830496720287,800.0,606.2950294894458,52,4.0,9.0,0.03341485839084481,0.5
1,100.0,150.0,120.79451105550321,0.8145128733604423,0.6758134994631746,0.09480563306628044,0.02116959681096875,800.0,606.2950294894458,52,4.0,9.0,0.03341485839084481,0.5
2,150.0,200.0,120.74816759243161,0.8062872345674066,0.7340077124060116,0.11365778723498401,0.02961633104212613,800.0,606.2950294894458,52,4.0,9.0,0.03341485839084481,0.5
3,200.0,250.0,120.79165551817559,0.8729185908286752,0.7396618130828045,0.0653888720451649,0.009259593851498549,800.0,606.2950294894458,52,4.0,9.0,0.03341485839084481,0.5
0,50.0,100.0,238.32936458821578,357.8885908523445,350.70343261197416,200.83275331024527,0.7416577868177245,300.0,228.15229898524512,53,6.835494476281913,9.0,0.03341485839084481,0.5
1,100.0,150.0,299.17467436934885,81.07296318788684,65.62315885790218,57.50720964624353,0.9203070204405506,300.0,228.15229898524512,53,6.835494476281913,9.0,0.03341485839084481,0.5
2,150.0,200.0,303.5157522461804,23.988872257496098,23.01309352680653,19.949662271651977,0.9613316235492259,300.0,228.15229898524512,53,6.835494476281913,9.0,0.03341485839084481,0.5
3,200.0,250.0,301.09724685704776,7.42977813378684,6.995952882248275,6.144436247537576,0.9798908893201334,300.0,228.15229898524512,53,6.835494476281913,9.0,0.03341485839084481,0.5
0,50.0,100.0,196.7081957568774,381.42701251217835,377.4295629715124,379.35122595405744,0.8024908189829536,500.0,380.88580812995247,53,6.835494476281913,9.0,0.03341485839084481,0.5
1,100.0,150.0,157.2083626261715,380.15895635810807,372.5109886200898,362.6725409813883,0.8372961606147384,500.0,380.88580812995247,53,6.835494476281913,9.0,0.03341485839084481,0.5
2,150.0,200.0,203.1767170662342,379.3016400272166,376.9168854117977,373.77543218411904,0.8075522841874946,500.0,380.88580812995247,53,6.835494476281913,9.0,0.03341485839084481,0.5
3,200.0,250.0,152.3833930402664,379.95813011070356,371.58091082029256,365.22796948737806,0.8362069126592689,500.0,380.88580812995247,53,6.835494476281913,9.0,0.03341485839084481,0.5
0,50.0,100.0,123.73397151516234,7.894210417919467,4.197527382031851,0.5655466843165384,0.022888842429580336,800.0,606.2950294894458,53,6.835494476281913,9.0,0.03341485839084481,0.5
1,100.0,150.0,123.47279210539745,0.5424404774384755,0.4061894745259451,0.0880618106846113,0.04791848821438971,800.0,606.2950294894458,53,6.835494476281913,9.0,0.03341485839084481,0.5
2,150.0,200.0,123.41335652763793,0.47466891569511915,0.4039340828619373,0.1260737104787491,0.09705259545372391,800.0,606.2950294894458,53,6.835494476281913,9.0,0.03341485839084481,0.5
3,200.0,250.0,123.46883705382851,0.5184035527531421,0.41959674949438863,0.0700912421440618,0.029350412511780388,800.0,606.2950294894458,53,6.835494476281913,9.0,0.03341485839084481,0.5
0,50.0,100.0,241.48985274564637,362.1251810930042,356.3955161701881,239.56538058166768,0.50961055242719,300.0,228.15229898524512,54,8.0,9.0,0.03341485839084481,0.5
1,100.0,150.0,219.28972588070613,356.7094028970039,353.11501154066804,313.4135655689617,0.7471171617362151,300.0,228.15229898524512,54,8.0,9.0,0.03341485839084481,0.5
2,150.0,200.0,223.2511225169231,356.9442199954802,346.12590507528233,316.62391073782834,0.8132351625046979,300.0,228.15229898524512,54,8.0,9.0,0.03341485839084481,0.5
3,200.0,250.0,232.962824928964,356.9106603128646,347.86762735756224,284.99684224942365,0.7375741671169207,300.0,228.15229898524512,54,8.0,9.0,0.03341485839084481,0.5
0,50.0,100.0,185.16275497173964,393.108892153252,388.40370789111546,381.1847137004117,0.8051164764053177,500.0,380.88580812995247,54,8.0,9.0,0.03341485839084481,0.5
1,100.0,150.0,189.8050168770965,393.1813842090482,387.7197042893275,371.88878422885193,0.8192812389977048,500.0,380.88580812995247,54,8.0,9.0,0.03341485839084481,0.5
2,150.0,200.0,192.6019291406375,393.0455929960475,390.59667126368635,389.8074219109458,0.817458410626887,500.0,380.88580812995247,54,8.0,9.0,0.03341485839084481,0.5
3,200.0,250.0,181.85078434579688,392.8694718650063,388.8302830431765,393.29681865299733,0.757762540120512,500.0,380.88580812995247,54,8.0,9.0,0.03341485839084481,0.5
0,50.0,100.0,131.86574024443996,92.23529492643594,81.10698496079777,78.31157194550836,0.9471980925161961,800.0,606.2950294894458,54,8.0,9.0,0.03341485839084481,0.5
1,100.0,150.0,131.05829242120882,59.91528641403738,52.0877566500661,50.70611908713092,0.9738881170781363,800.0,606.2950294894458,54,8.0,9.0,0.03341485839084481,0.5
2,150.0,200.0,131.85690387582198,37.04837006428028,33.225744194295274,32.62794243889719,0.981210037572771,800.0,606.2950294894458,54,8.0,9.0,0.03341485839084481,0.5
3,200.0,250.0,132.665505736399,23.972946750146306,21.079027065755625,20.617392298045086,0.981887205308515,800.0,606.2950294894458,54,8.0,9.0,0.03341485839084481,0.5
0,50.0,100.0,212.4691499756873,365.2296488433593,364.46430086612656,364.42468225041193,0.7463916296971249,300.0,228.15229898524512,55,12.0,9.0,0.03341485839084481,0.5
1,100.0,150.0,218.1017828701389,356.3832001915313,355.86071868574794,431.5740001197867,0.6817993087516112,300.0,228.15229898524512,55,12.0,9.0,0.03341485839084481,0.5
2,150.0,200.0,229.53314427332222,356.6570286813526,356.26817236957453,422.25949989335726,0.5710509030928217,300.0,228.15229898524512,55,12.0,9.0,0.03341485839084481,0.5
3,200.0,250.0,242.9654967976517,356.66207886287896,356.1491031588324,296.5517495658668,0.7293539302876575,300.0,228.15229898524512,55,12.0,9.0,0.03341485839084481,0.5
0,50.0,100.0,178.41120073132785,408.2277930851551,399.6588540423584,361.59014965177084,0.8469566672524856,500.0,380.88580812995247,55,12.0,9.0,0.03341485839084481,0.5
1,100.0,150.0,188.09924822169003,407.930852534986,406.51067572257796,415.1656697785704,0.7810233638389283,500.0,380.88580812995247,55,12.0,9.0,0.03341485839084481,0.5
2,150.0,200.0,193.6407381436689,408.10439758422314,401.26421213793475,362.87706502807544,0.8289247757229758,500.0,380.88580812995247,55,12.0,9.0,0.03341485839084481,0.5
3,200.0,250.0,171.8178180328017,408.1692961666686,406.31985833283926,413.1500690132432,0.7770303295301538,500.0,380.88580812995247,55,12.0,9.0,0.03341485839084481,0.5
0,50.0,100.0,140.71240146042547,374.44738197778724,357.0455130653866,335.0154801352966,0.783166836589629,800.0,606.2950294894458,55,12.0,9.0,0.03341485839084481,0.5
1,100.0,150.0,151.14612437623137,375.1885092707768,369.3382292505003,356.9212920402736,0.7653782108119183,800.0,606.2950294894458,55,12.0,9.0,0.03341485839084481,0.5
2,150.0,200.0,121.85922296101067,374.2009583670392,354.0545804872879,334.6726115528489,0.8036148217383253,800.0,606.2950294894458,55,12.0,9.0,0.03341485839084481,0.5
3,200.0,250.0,147.59503211728804,371.68502468807776,364.8411379695122,334.95776567196646,0.7809258891559084,800.0,606.2950294894458,55,12.0,9.0,0.03341485839084481,0.5
0,50.0,100.0,318.9216084718064,4.64087222395824,3.3125946529853536,1.0515066800406592,0.1274987501202377,300.0,228.15229898524512,56,0.0,11.90870637629186,0.0442141930202159,0.5
1,100.0,150.0,318.320564465757,2.6084088432773456,2.2812570214015864,0.06316088419683061,0.0006550819475322767,300.0,228.15229898524512,56,0.0,11.90870637629186,0.0442141930202159,0.5
2,150.0,200.0,318.3240996701717,2.9603419778185867,2.771725407205338,0.3122168011737989,0.01258686748971971,300.0,228.15229898524512,56,0.0,11.90870637629186,0.0442141930202159,0.5
3,200.0,250.0,318.2405460789023,3.2540168340569835,2.583286663310105,0.35905150121575047,0.01456973517739113,300.0,228.15229898524512,56,0.0,11.90870637629186,0.0442141930202159,0.5
0,50.0,100.0,226.79945791522292,2.2256364347300917,1.9039900108503502,0.8386665184091501,0.07520008341603701,500.0,380.88580812995247,56,0.0,11.90870637629186,0.0442141930202159,0.5
1,100.0,150.0,226.33670388295158,1.4964473935152682,1.2399734588751699,0.22563637411909782,0.002738341478060069,500.0,380.88580812995247,56,0.0,11.90870637629186,0.0442141930202159,0.5
2,150.0,200.0,226.10452541249867,1.4831530589779902,1.3625509320805804,0.12147230540762594,0.0004064323579336948,500.0,380.88580812995247,56,0.0,11.90870637629186,0.0442141930202159,0.5
3,200.0,250.0,225.91789665512698,1.2953975642374473,1.1882882653601143,0.17638754812670024,0.0006170592685771359,500.0,380.88580812995247,56,0.0,11.90870637629186,0.0442141930202159,0.5
0,50.0,100.0,153.615715676725,1.2336074166569517,1.1757384687680315,0.6216814659093286,0.01059048779873839,800.0,606.2950294894458,56,0.0,11.90870637629186,0.0442141930202159,0.5
1,100.0,150.0,153.43540960546545,1.168231529665718,0.9634019050450888,0.18992007314534096,0.002232029669058222,800.0,606.2950294894458,56,0.0,11.90870637629186,0.0442141930202159,0.5
2,150.0,200.0,153.3841533236965,1.1445088914772725,1.017053477876857,0.5523509996447741,0.03671838945302175,800.0,606.2950294894458,56,0.0,11.90870637629186,0.0442141930202159,0.5
3,200.0,250.0,153.434832203168,1.1523206054277466,0.9400134022754401,1.060216201371619,0.04232340775232435,800.0,606.2950294894458,56,0.0,11.90870637629186,0.0442141930202159,0.5
0,50.0,100.0,318.8043813578979,3.4820434964728406,2.4454790614084914,0.7743405838017935,0.15912953007676622,300.0,228.15229898524512,57,0.39,11.90870637629186,0.0442141930202159,0.5
1,100.0,150.0,318.2603993413136,2.111106809986154,1.938476364097255,0.1336359539117275,0.005530303108859269,300.0,228.15229898524512,57,0.39,11.90870637629186,0.0442141930202159,0.5
2,150.0,200.0,318.06543150630085,2.4133929867587085,2.162153236648635,0.33623248323513505,0.03165136986443451,300.0,228.15229898524512,57,0.39,11.90870637629186,0.0442141930202159,0.5
3,200.0,250.0,317.96628689115954,2.382613374601874,2.0415816640511366,0.3939943194529056,0.040839066279919845,300.0,228.15229898524512,57,0.39,11.90870637629186,0.0442141930202159,0.5
0,50.0,100.0,226.89780199347257,2.141509210935311,1.7567385521865333,0.54683083032798,0.041735883760993464,500.0,380.88580812995247,57,0.39,11.90870637629186,0.0442141930202159,0.5
1,100.0,150.0,226.4426781328823,1.3657664666372398,1.247655580892939,0.1423651107522418,0.000975802708783724,500.0,380.88580812995247,57,0.39,11.90870637629186,0.0442141930202159,0.5
2,150.0,200.0,226.20661241226787,1.3838804470756827,1.2720124546533782,0.02167136996137643,3.0002891023950262e-05,500.0,380.88580812995247,57,0.39,11.90870637629186,0.0442141930202159,0.5
3,200.0,250.0,226.02780535705995,1.1951667462500097,1.083089268469422,0.14278394875914618,0.0009083562700878955,500.0,380.88580812995247,57,0.39,11.90870637629186,0.0442141930202159,0.5
0,50.0,100.0,153.73028446327976,1.3008711906059034,1.2108878638702265,0.586479149760732,0.011367125866180605,800.0,606.2950294894458,57,0.39,11.90870637629186,0.0442141930202159,0.5
1,100.0,150.0,153.5419003995795,1.2007806009184776,0.9940927584698613,0.14189113843502396,0.0017117136797731858,800.0,606.2950294894458,57,0.39,11.90870637629186,0.0442141930202159,0.5
2,150.0,200.0,153.490278429225,1.1855053971599432,1.0672323694663817,0.5647605025730206,0.03407243588987274,800.0,606.2950294894458,57,0.39,11.90870637629186,0.0442141930202159,0.5
3,200.0,250.0,153.53753304687018,1.1636908408229658,0.9565114309792477,1.084885997570174,0.04005791086842303,800.0,606.2950294894458,57,0.39,11.90870637629186,0.0442141930202159,0.5
0,50.0,100.0,315.6602477787549,9.283692770559583,5.724053741902708,3.2914983412791616,0.436955170822649,300.0,228.15229898524512,58,2.0,11.90870637629186,0.0442141930202159,0.5
1,100.0,150.0,315.903225347213,0.7673807564697199,0.6059551796522555,0.17965164772362072,0.12466369383205533,300.0,228.15229898524512,58,2.0,11.90870637629186,0.0442141930202159,0.5
2,150.0,200.0,315.8943903088299,0.9121618758559293,0.8686286873492008,0.411198163714438,0.37914757764058327,300.0,228.15229898524512,58,2.0,11.90870637629186,0.0442141930202159,0.5
3,200.0,250.0,315.82587860960166,0.778284980416629,0.7158084252322396,0.3677453795626418,0.3347758951707087,300.0,228.15229898524512,58,2.0,11.90870637629186,0.0442141930202159,0.5
0,50.0,100.0,198.22722839284918,1.377642039079376,1.1670206883688934,0.4328659880080752,0.09901755312244886,500.0,380.88580812995247,58,2.0,11.90870637629186,0.0442141930202159,0.5
1,100.0,150.0,197.85599470722974,0.9555956829439367,0.7546418315533003,0.1872576402442079,0.007153559469311843,500.0,380.88580812995247,58,2.0,11.90870637629186,0.0442141930202159,0.5
2,150.0,200.0,197.63585611579688,0.8284151845782048,0.7541681276407814,0.1306379492551122,0.007901565012118805,500.0,380.88580812995247,58,2.0,11.90870637629186,0.0442141930202159,0.5
3,200.0,250.0,197.49929539508267,0.7226046524221772,0.6578513432332329,0.18243099687135647,0.015034521986391214,500.0,380.88580812995247,58,2.0,11.90870637629186,0.0442141930202159,0.5
0,50.0,100.0,117.3626135635892,0.8563097950877676,0.768324729095383,0.3856968747726282,0.012269257570227676,800.0,606.2950294894458,58,2.0,11.90870637629186,0.0442141930202159,0.5
1,100.0,150.0,117.2220859285542,0.7066157138057747,0.6286402059211866,0.08551667520269113,0.0020525421169418356,800.0,606.2950294894458,58,2.0,11.90870637629186,0.0442141930202159,0.5
2,150.0,200.0,117.18855619262894,0.8432648777641703,0.7397863493879129,0.3969568194977536,0.035622456683799375,800.0,606.2950294894458,58,2.0,11.90870637629186,0.0442141930202159,0.5
3,200.0,250.0,117.21613412046483,0.877879431062965,0.7622518563474614,0.6520654918419978,0.03917639582335286,800.0,606.2950294894458,58,2.0,11.90870637629186,0.0442141930202159,0.5
0,50.0,100.0,294.6424165965875,84.15758666212409,78.9517475410118,50.95158350693685,0.807570334623428,300.0,228.15229898524512,59,4.0,11.90870637629186,0.0442141930202159,0.5
1,100.0,150.0,302.5076844367911,2.8985736125936796,2.667752039652214,1.78324479832836,0.8166722011756286,300.0,228.15229898524512,59,4.0,11.90870637629186,0.0442141930202159,0.5
2,150.0,200.0,302.2190990619393,0.8685601924307207,0.7546727979893717,0.5599885177079927,0.792944394965122,300.0,228.15229898524512,59,4.0,11.90870637629186,0.0442141930202159,0.5
3,200.0,250.0,302.12618809339494,0.6645309929527912,0.5957320067018941,0.46485104012403655,0.7523601372602864,300.0,228.15229898524512,59,4.0,11.90870637629186,0.0442141930202159,0.5
0,50.0,100.0,177.4912325553175,74.61084519371843,55.87642601443528,108.05896064234875,0.36163167268107577,500.0,380.88580812995247,59,4.0,11.90870637629186,0.0442141930202159,0.5
1,100.0,150.0,180.25509616430438,0.8806434126404667,0.48538800940792726,0.0914754796290402,0.014012752513683502,500.0,380.88580812995247,59,4.0,11.90870637629186,0.0442141930202159,0.5
2,150.0,200.0,180.06336823442132,0.49118765264589115,0.3843790393611073,0.11756191045067937,0.02550322622366319,500.0,380.88580812995247,59,4.0,11.90870637629186,0.0442141930202159,0.5
3,200.0,250.0,179.94075852859999,0.4131788189745862,0.359772190795411,0.175958916398299,0.038498132304315535,500.0,380.88580812995247,59,4.0,11.90870637629186,0.0442141930202159,0.5
0,50.0,100.0,118.21957775436398,0.7665819170644141,0.7066314015822428,0.07442651267589002,0.015212821522753717,800.0,606.2950294894458,59,4.0,11.90870637629186,0.0442141930202159,0.5
1,100.0,150.0,118.08901921108617,0.6990289980755477,0.5823301518421573,0.09035147337035272,0.026823965424960128,800.0,606.2950294894458,59,4.0,11.90870637629186,0.0442141930202159,0.5
2,150.0,200.0,118.04346480291314,0.7128493527024062,0.6256736609285696,0.11876938071728019,0.04402690867782921,800.0,606.2950294894458,59,4.0,11.90870637629186,0.0442141930202159,0.5
3,200.0,250.0,118.08194096147885,0.7105405877086923,0.6407805231694539,0.06734775374933404,0.013530687057996538,800.0,606.2950294894458,59,4.0,11.90870637629186,0.0442141930202159,0.5
0,50.0,100.0,243.08206919166213,363.684720433863,333.3713908489254,234.47509173664494,0.6198547184320812,300.0,228.15229898524512,60,6.835494476281913,11.90870637629186,0.0442141930202159,0.5
1,100.0,150.0,281.0913066973471,87.68764300600552,84.8233093601153,68.7410783077597,0.9644518863453176,300.0,228.15229898524512,60,6.835494476281913,11.90870637629186,0.0442141930202159,0.5
2,150.0,200.0,290.13322252919863,20.879208928247806,20.352179505897936,18.369978257039424,0.9482284731299221,300.0,228.15229898524512,60,6.835494476281913,11.90870637629186,0.0442141930202159,0.5
3,200.0,250.0,289.08495743227996,8.627623127830361,7.905480478967661,6.941987335219937,0.9690698245090619,300.0,228.15229898524512,60,6.835494476281913,11.90870637629186,0.0442141930202159,0.5
0,50.0,100.0,192.04158590865765,319.1449882343677,277.2997899318102,178.5733757339333,0.6974313339718998,500.0,380.88580812995247,60,6.835494476281913,11.90870637629186,0.0442141930202159,0.5
1,100.0,150.0,186.0607634009482,117.22614033003174,111.93191705689894,113.2654288096381,0.9702136389472619,500.0,380.88580812995247,60,6.835494476281913,11.90870637629186,0.0442141930202159,0.5
2,150.0,200.0,188.5310564301526,137.3194457938534,127.86760000670886,127.94094920489334,0.9605475707653598,500.0,380.88580812995247,60,6.835494476281913,11.90870637629186,0.0442141930202159,0.5
3,200.0,250.0,188.42171988330637,153.81282556469552,147.19709428780868,145.75384403575742,0.9539275774385958,500.0,380.88580812995247,60,6.835494476281913,11.90870637629186,0.0442141930202159,0.5
0,50.0,100.0,121.94274886511671,2.8667595918787043,1.4554235643966251,0.3473094448550591,0.06027008722559335,800.0,606.2950294894458,60,6.835494476281913,11.90870637629186,0.0442141930202159,0.5
1,100.0,150.0,121.75211496579433,0.4643882316249801,0.3757517945169013,0.09319325070412984,0.06601485511438054,800.0,606.2950294894458,60,6.835494476281913,11.90870637629186,0.0442141930202159,0.5
2,150.0,200.0,121.69588724107105,0.45902274247487185,0.3746596420633779,0.13417109367847432,0.13097852005676447,800.0,606.2950294894458,60,6.835494476281913,11.90870637629186,0.0442141930202159,0.5
3,200.0,250.0,121.74438615220929,0.4711295744542383,0.37907251448311285,0.0783060127493653,0.04278483977924419,800.0,606.2950294894458,60,6.835494476281913,11.90870637629186,0.0442141930202159,0.5
0,50.0,100.0,243.22273650760133,381.3077134883892,367.85127951676554,356.3658118341235,0.7152991531980034,300.0,228.15229898524512,61,8.0,11.90870637629186,0.0442141930202159,0.5
1,100.0,150.0,301.16266540444843,67.18857127889095,50.74990079844679,60.3449163785354,0.8942059036184543,300.0,228.15229898524512,61,8.0,11.90870637629186,0.0442141930202159,0.5
2,150.0,200.0,302.1298122322911,17.28603195887308,16.767937436356362,14.766047494262253,0.9399346489469158,300.0,228.15229898524512,61,8.0,11.90870637629186,0.0442141930202159,0.5
3,200.0,250.0,303.2290028603631,5.738615393521229,5.528254757391892,4.4522104787352506,0.9940983481591984,300.0,228.15229898524512,61,8.0,11.90870637629186,0.0442141930202159,0.5
0,50.0,100.0,173.30179169956762,365.83284190545714,357.4272408038091,342.3352360633528,0.8183251666556474,500.0,380.88580812995247,61,8.0,11.90870637629186,0.0442141930202159,0.5
1,100.0,150.0,177.17695753048264,359.71705520360007,352.88051553573524,342.75599505041293,0.8146321386827722,500.0,380.88580812995247,61,8.0,11.90870637629186,0.0442141930202159,0.5
2,150.0,200.0,180.4103095544786,355.96968729875846,349.3648136946944,332.78861218491977,0.8171427513321778,500.0,380.88580812995247,61,8.0,11.90870637629186,0.0442141930202159,0.5
3,200.0,250.0,185.66055636344706,351.52735624868586,346.6075758448305,319.047309574687,0.8276741618341279,500.0,380.88580812995247,61,8.0,11.90870637629186,0.0442141930202159,0.5
0,50.0,100.0,123.91324828562823,19.32660093333915,9.216020150303521,1.055761088853677,0.015172878251133115,800.0,606.2950294894458,61,8.0,11.90870637629186,0.0442141930202159,0.5
1,100.0,150.0,123.81475118354352,0.4084562595999017,0.35382208302419826,0.06260007006788536,0.03440388277565476,800.0,606.2950294894458,61,8.0,11.90870637629186,0.0442141930202159,0.5
2,150.0,200.0,123.75307386731494,0.4107652971103448,0.33116025751156997,0.12529680845843263,0.14484287540078888,800.0,606.2950294894458,61,8.0,11.90870637629186,0.0442141930202159,0.5
3,200.0,250.0,123.80589857615394,0.4034931221733018,0.34097502568442906,0.05405744544178818,0.025756082653166534,800.0,606.2950294894458,61,8.0,11.90870637629186,0.0442141930202159,0.5
0,50.0,100.0,211.15489330684466,374.57408464678707,373.804230185164,427.1895782883296,0.7021864130517094,300.0,228.15229898524512,62,12.0,11.90870637629186,0.0442141930202159,0.5
1,100.0,150.0,241.81254257396654,358.2482483822318,356.475256009913,382.094076953884,0.5656080916278967,300.0,228.15229898524512,62,12.0,11.90870637629186,0.0442141930202159,0.5
2,150.0,200.0,287.1690890698839,358.42561466508556,257.5928853473275,322.0940135258688,0.6773847456231475,300.0,228.15229898524512,62,12.0,11.90870637629186,0.0442141930202159,0.5
3,200.0,250.0,225.0099016754878,358.32391522426207,355.4840535770443,109.14936986932652,0.9688442222349068,300.0,228.15229898524512,62,12.0,11.90870637629186,0.0442141930202159,0.5
0,50.0,100.0,148.83811071583517,400.2352344174949,391.05979793624493,374.55342005626136,0.8266380821903342,500.0,380.88580812995247,62,12.0,11.90870637629186,0.0442141930202159,0.5
1,100.0,150.0,226.863510798721,399.7840728871868,397.2856313464047,383.4964477050032,0.7918981911109221,500.0,380.88580812995247,62,12.0,11.90870637629186,0.0442141930202159,0.5
2,150.0,200.0,137.0271758432117,399.14327938721584,388.88162645759434,375.5805577849498,0.8371980369308722,500.0,380.88580812995247,62,12.0,11.90870637629186,0.0442141930202159,0.5
3,200.0,250.0,223.9562252667239,399.82411412140425,397.55220218559896,379.8746298929413,0.838413614462099,500.0,380.88580812995247,62,12.0,11.90870637629186,0.0442141930202159,0.5
0,50.0,100.0,126.0886516939002,294.33086512202567,282.9658993582613,28.043830390420805,0.009615033832136355,800.0,606.2950294894458,62,12.0,11.90870637629186,0.0442141930202159,0.5
1,100.0,150.0,118.76713969890402,284.6540436470114,264.9848970528537,12.372710496276397,0.0025761411894124064,800.0,606.2950294894458,62,12.0,11.90870637629186,0.0442141930202159,0.5
2,150.0,200.0,118.68270225163151,45.36678968027839,32.788429147254135,25.83873346533668,0.8167952033032372,800.0,606.2950294894458,62,12.0,11.90870637629186,0.0442141930202159,0.5
3,200.0,250.0,118.94634104179877,10.120315621477957,7.810666764644083,6.727348365028229,0.8856279303701065,800.0,606.2950294894458,62,12.0,11.90870637629186,0.0442141930202159,0.5
0,50.0,100.0,319.0809394598999,5.521053961238522,4.165292679679737,1.4441170448462313,0.1958020745258081,300.0,228.15229898524512,63,0.0,13.026,0.04836243837768271,0.5
1,100.0,150.0,318.3350281330297,2.6097808353105734,2.3072696420608736,0.07157893954240137,0.0008420114242064791,300.0,228.15229898524512,63,0.0,13.026,0.04836243837768271,0.5
2,150.0,200.0,318.3634971973792,2.9722048253394178,2.796265479711792,0.30759359313709,0.012078344174822675,300.0,228.15229898524512,63,0.0,13.026,0.04836243837768271,0.5
3,200.0,250.0,318.27584512620905,3.2744310326406776,2.586190904669195,0.37514574920031196,0.016024052319719373,300.0,228.15229898524512,63,0.0,13.026,0.04836243837768271,0.5
0,50.0,100.0,226.7784237004371,2.3332970378513664,1.979074208901892,0.9332846915466505,0.0876377072887965,500.0,380.88580812995247,63,0.0,13.026,0.04836243837768271,0.5
1,100.0,150.0,226.22777652479124,1.5361733617194204,1.303605711681513,0.4831845545740185,0.0055669317976935195,500.0,380.88580812995247,63,0.0,13.026,0.04836243837768271,0.5
2,150.0,200.0,225.98578960479227,1.5407629572022188,1.3526810005916445,0.4728315588615737,0.0033547430709786052,500.0,380.88580812995247,63,0.0,13.026,0.04836243837768271,0.5
3,200.0,250.0,225.80184796279912,1.2960830143373698,1.1892858605910135,0.19070156388668066,0.00044100021882198526,500.0,380.88580812995247,63,0.0,13.026,0.04836243837768271,0.5
0,50.0,100.0,153.61156513897512,1.2771632451048447,1.1059586057429556,0.5881393032438155,0.014681156053793165,800.0,606.2950294894458,63,0.0,13.026,0.04836243837768271,0.5
1,100.0,150.0,153.431520968868,1.1510057961043856,0.9657675469762239,0.12469776121515046,0.0021317323671775634,800.0,606.2950294894458,63,0.0,13.026,0.04836243837768271,0.5
2,150.0,200.0,153.38216221564164,1.1619432614395464,1.0382673226908423,0.5345228722471956,0.035162710885458526,800.0,606.2950294894458,63,0.0,13.026,0.04836243837768271,0.5
3,200.0,250.0,153.4306578541805,1.138849051735491,0.9244374144530525,1.0650620064849918,0.04154219853193486,800.0,606.2950294894458,63,0.0,13.026,0.04836243837768271,0.5
0,50.0,100.0,318.88951409888205,4.116982086582084,2.989473621753916,1.0066163595349602,0.22380756078035946,300.0,228.15229898524512,64,0.39,13.026,0.04836243837768271,0.5
1,100.0,150.0,318.2173392128559,1.9865029504778704,1.7786375375503098,0.1295214645168262,0.005997980986364282,300.0,228.15229898524512,64,0.39,13.026,0.04836243837768271,0.5
2,150.0,200.0,318.16307164884455,2.332001819414586,2.2051114942028107,0.33561030792439966,0.032914702414025276,300.0,228.15229898524512,64,0.39,13.026,0.04836243837768271,0.5
3,200.0,250.0,318.10246266551303,2.2302236904951656,1.987363978601877,0.3775637701458109,0.03863236316412655,300.0,228.15229898524512,64,0.39,13.026,0.04836243837768271,0.5
0,50.0,100.0,226.85416838730308,2.384272399902528,1.7898646013464088,0.5863280116778579,0.04191517533372524,500.0,380.88580812995247,64,0.39,13.026,0.04836243837768271,0.5
1,100.0,150.0,226.40158730477276,1.3484505948856054,1.2240741333408494,0.11732676614831922,0.0005448353473439527,500.0,380.88580812995247,64,0.39,13.026,0.04836243837768271,0.5
2,150.0,200.0,226.16728738571328,1.3798721133560434,1.2385336802782376,0.013998049159866842,2.7826770391481404e-05,500.0,380.88580812995247,64,0.39,13.026,0.04836243837768271,0.5
3,200.0,250.0,225.98350179975196,1.1522962460003043,1.0736498310729985,0.15006138772509203,0.0014639866510418598,500.0,380.88580812995247,64,0.39,13.026,0.04836243837768271,0.5
0,50.0,100.0,153.6041688354845,1.375302650644386,1.2279240782393686,0.4861892791103198,0.010430416002134901,800.0,606.2950294894458,64,0.39,13.026,0.04836243837768271,0.5
1,100.0,150.0,153.41436166134187,1.180678490599064,0.9786648622395262,0.12176059019651063,0.0017102358021664488,800.0,606.2950294894458,64,0.39,13.026,0.04836243837768271,0.5
2,150.0,200.0,153.36830946079894,1.1859673536233686,1.0670863260633041,0.5555895519806806,0.03521134554365413,800.0,606.2950294894458,64,0.39,13.026,0.04836243837768271,0.5
3,200.0,250.0,153.41044941614666,1.1341272852321822,0.9284699788844932,1.1546199904847536,0.043443017624627434,800.0,606.2950294894458,64,0.39,13.026,0.04836243837768271,0.5
0,50.0,100.0,315.6663674083512,9.350598625335408,7.018287618610032,3.9810962284048896,0.5601059182509635,300.0,228.15229898524512,65,2.0,13.026,0.04836243837768271,0.5
1,100.0,150.0,316.23600999953453,0.7979281248451002,0.6408555844101329,0.19476311445452768,0.14519715801352884,300.0,228.15229898524512,65,2.0,13.026,0.04836243837768271,0.5
2,150.0,200.0,316.23119767643567,0.9284931602757638,0.8825435415515699,0.41877864486443134,0.3851563296699714,300.0,228.15229898524512,65,2.0,13.026,0.04836243837768271,0.5
3,200.0,250.0,316.16327547047405,0.8025744482910682,0.7340444781629571,0.3852885271110979,0.3547413392525859,300.0,228.15229898524512,65,2.0,13.026,0.04836243837768271,0.5
0,50.0,100.0,200.11254416943882,1.6225128562034854,1.2767008109559583,0.7801118026653645,0.17700408848722493,500.0,380.88580812995247,65,2.0,13.026,0.04836243837768271,0.5
1,100.0,150.0,199.71754044832105,0.9385196804243492,0.7377818993059293,0.18121682271383277,0.008531923180966405,500.0,380.88580812995247,65,2.0,13.026,0.04836243837768271,0.5
2,150.0,200.0,199.49413191879376,0.8156001797576948,0.7292259251950952,0.15481522984577598,0.00924705023210115,500.0,380.88580812995247,65,2.0,13.026,0.04836243837768271,0.5
3,200.0,250.0,199.35206076702775,0.7040967634519006,0.6460662577530911,0.17543023205657138,0.016140055360285954,500.0,380.88580812995247,65,2.0,13.026,0.04836243837768271,0.5
0,50.0,100.0,116.96638364411878,0.8276472868195697,0.7449105242246645,0.4013915171685583,0.013649720125170184,800.0,606.2950294894458,65,2.0,13.026,0.04836243837768271,0.5
1,100.0,150.0,116.82574857706413,0.6977093059501414,0.6262949471965271,0.08001765625167917,0.0025634921338715255,800.0,606.2950294894458,65,2.0,13.026,0.04836243837768271,0.5
2,150.0,200.0,116.79228161091493,0.8380941414005605,0.7299008769114295,0.37724595386848153,0.03749880745553924,800.0,606.2950294894458,65,2.0,13.026,0.04836243837768271,0.5
3,200.0,250.0,116.81855474156268,0.8610263496905617,0.749630168250917,0.6541550260562581,0.04353839634205392,800.0,606.2950294894458,65,2.0,13.026,0.04836243837768271,0.5
0,50.0,100.0,295.90341645379664,70.27235725934901,66.43846944532334,43.00589812566089,0.8739453119777679,300.0,228.15229898524512,66,4.0,13.026,0.04836243837768271,0.5
1,100.0,150.0,304.3900903397091,1.7486814329670324,1.6213575436561314,0.9925266419578036,0.7783640379255344,300.0,228.15229898524512,66,4.0,13.026,0.04836243837768271,0.5
2,150.0,200.0,304.17494024260105,0.8535100573773775,0.7583430715425834,0.5452339099352258,0.7995781394129393,300.0,228.15229898524512,66,4.0,13.026,0.04836243837768271,0.5
3,200.0,250.0,304.0848032798037,0.6853925134129781,0.6076301430021545,0.47062370179534413,0.7526143469271379,300.0,228.15229898524512,66,4.0,13.026,0.04836243837768271,0.5
0,50.0,100.0,177.04572998718376,73.60673741479593,41.351428169721174,17.499942563718772,0.037048070540038225,500.0,380.88580812995247,66,4.0,13.026,0.04836243837768271,0.5
1,100.0,150.0,178.3735450156761,0.6504054111027529,0.4626795169386355,0.09688938259909813,0.026335693709583885,500.0,380.88580812995247,66,4.0,13.026,0.04836243837768271,0.5
2,150.0,200.0,178.17640706829184,0.4866129839043367,0.381372002905465,0.1456555886130456,0.031237741024096377,500.0,380.88580812995247,66,4.0,13.026,0.04836243837768271,0.5
3,200.0,250.0,178.05127311299458,0.40499772624994534,0.3513741688883272,0.15899788262356554,0.03860808437022101,500.0,380.88580812995247,66,4.0,13.026,0.04836243837768271,0.5
0,50.0,100.0,117.70285421261555,0.7449527482198874,0.6852564838014388,0.07660765571525278,0.017312244933784138,800.0,606.2950294894458,66,4.0,13.026,0.04836243837768271,0.5
1,100.0,150.0,117.56998347372915,0.6729669173433876,0.5593522361654237,0.09337426927672117,0.03082348280660363,800.0,606.2950294894458,66,4.0,13.026,0.04836243837768271,0.5
2,150.0,200.0,117.52689011858801,0.6947891268275299,0.5992864310480996,0.1221314288989812,0.04979641949721725,800.0,606.2950294894458,66,4.0,13.026,0.04836243837768271,0.5
3,200.0,250.0,117.56382041695616,0.6805818124856131,0.6166048853628752,0.06645739538015878,0.014171174004999898,800.0,606.2950294894458,66,4.0,13.026,0.04836243837768271,0.5
0,50.0,100.0,246.76969592339185,365.8877041610222,331.335398824646,240.77524401278814,0.6417465545486243,300.0,228.15229898524512,67,6.835494476281913,13.026,0.04836243837768271,0.5
1,100.0,150.0,264.2389303641466,111.57572572622641,107.80879567336765,87.61315836853763,0.9638382330988481,300.0,228.15229898524512,67,6.835494476281913,13.026,0.04836243837768271,0.5
2,150.0,200.0,277.60236007156436,30.97857764958229,27.160620060229007,26.32805652753354,0.9408597529012753,300.0,228.15229898524512,67,6.835494476281913,13.026,0.04836243837768271,0.5
3,200.0,250.0,277.34786413359654,11.40367941403855,11.159158598386796,9.518467965149151,0.9740424874453766,300.0,228.15229898524512,67,6.835494476281913,13.026,0.04836243837768271,0.5
0,50.0,100.0,218.1164707936965,260.89535269290474,229.84743591624564,195.85542530448316,0.8540525325311545,500.0,380.88580812995247,67,6.835494476281913,13.026,0.04836243837768271,0.5
1,100.0,150.0,193.9782261283729,221.94258189027113,206.74685650695784,203.2029304750176,0.9341904572357126,500.0,380.88580812995247,67,6.835494476281913,13.026,0.04836243837768271,0.5
2,150.0,200.0,211.7347348489941,217.166054015717,212.5813561907849,209.13093541266713,0.9343597516130329,500.0,380.88580812995247,67,6.835494476281913,13.026,0.04836243837768271,0.5
3,200.0,250.0,203.39889110437775,214.66980628758867,208.4614409226376,198.37473976660752,0.9429530166148383,500.0,380.88580812995247,67,6.835494476281913,13.026,0.04836243837768271,0.5
0,50.0,100.0,120.76363039008342,1.5146365425474357,0.9770718055620762,0.2080365498451372,0.0731654580687594,800.0,606.2950294894458,67,6.835494476281913,13.026,0.04836243837768271,0.5
1,100.0,150.0,120.60826681933217,0.442662304835153,0.368079846627694,0.0916959952406389,0.06638220716752619,800.0,606.2950294894458,67,6.835494476281913,13.026,0.04836243837768271,0.5
2,150.0,200.0,120.55113263942575,0.45669816046827805,0.3652488315285183,0.13034064447945512,0.12813124092562833,800.0,606.2950294894458,67,6.835494476281913,13.026,0.04836243837768271,0.5
3,200.0,250.0,120.59911940666957,0.447496320483765,0.3546346391001691,0.06414920531986794,0.030946025837059854,800.0,606.2950294894458,67,6.835494476281913,13.026,0.04836243837768271,0.5
0,50.0,100.0,241.9123966388458,385.12112926001447,370.9759625443322,366.55496157210047,0.7782108543238515,300.0,228.15229898524512,68,8.0,13.026,0.04836243837768271,0.5
1,100.0,150.0,295.967779139377,96.47506968288067,77.07152290359082,84.44189429490872,0.9015443076197689,300.0,228.15229898524512,68,8.0,13.026,0.04836243837768271,0.5
2,150.0,200.0,295.6648697257772,21.84602581921274,21.333342214534355,21.18046166969632,0.9258985127216852,300.0,228.15229898524512,68,8.0,13.026,0.04836243837768271,0.5
3,200.0,250.0,296.7274630612061,7.703482778627176,7.48688473262348,6.289161548783119,0.9826937735449188,300.0,228.15229898524512,68,8.0,13.026,0.04836243837768271,0.5
0,50.0,100.0,176.69885813125944,346.60874414289344,315.80433358169375,192.6281210990537,0.3888573158379527,500.0,380.88580812995247,68,8.0,13.026,0.04836243837768271,0.5
1,100.0,150.0,181.16997042643396,128.5275405792591,113.84459986432405,99.63976684907652,0.93160960864107,500.0,380.88580812995247,68,8.0,13.026,0.04836243837768271,0.5
2,150.0,200.0,175.43095019948794,65.17108673855063,61.02512043918145,60.653695817454924,0.9921279680920794,500.0,380.88580812995247,68,8.0,13.026,0.04836243837768271,0.5
3,200.0,250.0,174.7912701251683,65.17584862276004,61.804240625795444,63.5931917832046,0.9909493379335595,500.0,380.88580812995247,68,8.0,13.026,0.04836243837768271,0.5
0,50.0,100.0,122.23755267335338,11.636077922364237,8.384402079905172,1.4587965205693585,0.06267202737664501,800.0,606.2950294894458,68,8.0,13.026,0.04836243837768271,0.5
1,100.0,150.0,122.50584138110558,0.3915732093432638,0.32767023981439536,0.09757775395144806,0.09688212033088872,800.0,606.2950294894458,68,8.0,13.026,0.04836243837768271,0.5
2,150.0,200.0,122.44880666289465,0.4095806782341924,0.32634726353857957,0.13709705055181684,0.18188877792369829,800.0,606.2950294894458,68,8.0,13.026,0.04836243837768271,0.5
3,200.0,250.0,122.49632358408314,0.4020849839665317,0.3322821070795072,0.08974300344240584,0.07459861020730263,800.0,606.2950294894458,68,8.0,13.026,0.04836243837768271,0.5
0,50.0,100.0,213.75845463319854,377.7008036008015,376.9191385184702,466.50932340402517,0.6990777039216549,300.0,228.15229898524512,69,12.0,13.026,0.04836243837768271,0.5
1,100.0,150.0,259.8467447089569,358.0168929975018,354.36728493783886,278.8020362756619,0.7123037500216386,300.0,228.15229898524512,69,12.0,13.026,0.04836243837768271,0.5
2,150.0,200.0,285.0518477025147,281.97694654661393,247.0634973253441,118.06381727765397,0.9708522339776248,300.0,228.15229898524512,69,12.0,13.026,0.04836243837768271,0.5
3,200.0,250.0,201.1468656401655,352.1475749257952,342.876250549217,418.15420944456076,0.6274611183137171,300.0,228.15229898524512,69,12.0,13.026,0.04836243837768271,0.5
0,50.0,100.0,142.19711407496317,394.8991835839623,384.9070000953105,377.8717962731774,0.8307348875812549,500.0,380.88580812995247,69,12.0,13.026,0.04836243837768271,0.5
1,100.0,150.0,221.00648550358122,395.00724655449136,392.41680561386005,379.4802164671688,0.8360787509571892,500.0,380.88580812995247,69,12.0,13.026,0.04836243837768271,0.5
2,150.0,200.0,146.0523498296151,394.20257621435553,387.80560855860733,386.2963125807701,0.7858199754158623,500.0,380.88580812995247,69,12.0,13.026,0.04836243837768271,0.5
3,200.0,250.0,202.0180218969033,394.97262941451936,386.2901453174035,361.98062999623676,0.8247183799462421,500.0,380.88580812995247,69,12.0,13.026,0.04836243837768271,0.5
0,50.0,100.0,121.49735074687662,125.26224592779428,83.02555344556858,62.88305415849801,0.7544328362995786,800.0,606.2950294894458,69,12.0,13.026,0.04836243837768271,0.5
1,100.0,150.0,127.53390629567872,32.80383643144819,27.463248903056268,24.77517665942521,0.9421009461250277,800.0,606.2950294894458,69,12.0,13.026,0.04836243837768271,0.5
2,150.0,200.0,126.90351309950991,14.64519956980375,11.74951235308204,10.52068051120973,0.9425001657124161,800.0,606.2950294894458,69,12.0,13.026,0.04836243837768271,0.5
3,200.0,250.0,126.93601135633689,6.006092836520651,4.9256850501157174,4.494170714328054,0.9370970094034488,800.0,606.2950294894458,69,12.0,13.026,0.04836243837768271,0.5
0,50.0,100.0,320.8587804806495,15.837280685957126,12.238044569088459,5.258958725114069,0.49996850980863927,300.0,228.15229898524512,70,0.0,18.0,0.06682971678168961,0.5
1,100.0,150.0,318.2164911328283,2.6831593045180853,2.2906597867676624,0.16192780667344123,0.00412869432698737,300.0,228.15229898524512,70,0.0,18.0,0.06682971678168961,0.5
2,150.0,200.0,318.1284706564071,3.0728459378296975,2.82507940979508,0.4000318200737724,0.02027637449846209,300.0,228.15229898524512,70,0.0,18.0,0.06682971678168961,0.5
3,200.0,250.0,317.9954129022369,3.5000636745865563,2.6655504495032005,0.4757086528961996,0.025762985422185025,300.0,228.15229898524512,70,0.0,18.0,0.06682971678168961,0.5
0,50.0,100.0,226.80556920468595,2.455067666526105,2.0246907371326586,0.831181581397775,0.08854145218034937,500.0,380.88580812995247,70,0.0,18.0,0.06682971678168961,0.5
1,100.0,150.0,226.2370293832294,1.5713999926625775,1.3152309523113672,0.2799310456275544,0.0031425492480997574,500.0,380.88580812995247,70,0.0,18.0,0.06682971678168961,0.5
2,150.0,200.0,225.95965643990138,1.5467216764637044,1.4071571401518668,0.1059695755196557,0.00021435083505161323,500.0,380.88580812995247,70,0.0,18.0,0.06682971678168961,0.5
3,200.0,250.0,225.73335027196504,1.3206992527596242,1.2375271043172518,0.20354353346423784,0.0009360684835411082,500.0,380.88580812995247,70,0.0,18.0,0.06682971678168961,0.5
0,50.0,100.0,153.6034547023553,1.2504903153642033,1.173330519954817,0.6828714817674627,0.012891090422803675,800.0,606.2950294894458,70,0.0,18.0,0.06682971678168961,0.5
1,100.0,150.0,153.4037410623908,1.1782592079061658,0.9920814728067455,0.34506849575733745,0.0051247566660699295,800.0,606.2950294894458,70,0.0,18.0,0.06682971678168961,0.5
2,150.0,200.0,153.36681929894803,1.2139332997259658,1.0782318786363305,0.4846237885068898,0.03898929947810259,800.0,606.2950294894458,70,0.0,18.0,0.06682971678168961,0.5
3,200.0,250.0,153.3999239079616,1.1356011379662334,0.9339935812641897,0.9285340017223166,0.047738751718920946,800.0,606.2950294894458,70,0.0,18.0,0.06682971678168961,0.5
0,50.0,100.0,320.4727715860525,14.613927865653068,11.288249602063615,4.998675450285017,0.5471820785036708,300.0,228.15229898524512,71,0.39,18.0,0.06682971678168961,0.5
1,100.0,150.0,318.2355400965922,1.998632472271936,1.7982597685272594,0.20191031801053974,0.015777248431838475,300.0,228.15229898524512,71,0.39,18.0,0.06682971678168961,0.5
2,150.0,200.0,318.20507745386453,2.4493935624303163,2.2779758898180376,0.458787815915207,0.060641972732761174,300.0,228.15229898524512,71,0.39,18.0,0.06682971678168961,0.5
3,200.0,250.0,318.1677553772819,2.2106439575185846,2.047180749388531,0.42333221954885514,0.04757369733102179,300.0,228.15229898524512,71,0.39,18.0,0.06682971678168961,0.5
0,50.0,100.0,226.79434532859986,2.378884252877725,1.9752128591859162,0.6048517448379185,0.0645018326016007,500.0,380.88580812995247,71,0.39,18.0,0.06682971678168961,0.5
1,100.0,150.0,226.23574262004772,1.528993719900484,1.3670879132577625,0.21648211847427573,0.002520866903983454,500.0,380.88580812995247,71,0.39,18.0,0.06682971678168961,0.5
2,150.0,200.0,225.99537251541474,1.4841671154284768,1.2622136596423559,0.335609136019401,0.004050876222663424,500.0,380.88580812995247,71,0.39,18.0,0.06682971678168961,0.5
3,200.0,250.0,225.8069826444388,1.1723096752963613,1.0858784425464023,0.11477079467264872,0.002201405630798292,500.0,380.88580812995247,71,0.39,18.0,0.06682971678168961,0.5
0,50.0,100.0,153.62253835640055,1.4200357636269416,1.204582112186813,0.6445196435747487,0.016684479808574015,800.0,606.2950294894458,71,0.39,18.0,0.06682971678168961,0.5
1,100.0,150.0,153.4283117711651,1.108870851009641,0.9270174189610145,0.12501624134164496,0.003382607389448511,800.0,606.2950294894458,71,0.39,18.0,0.06682971678168961,0.5
2,150.0,200.0,153.38308982827567,1.1761922285108426,1.0588321187864267,0.483921088890891,0.039575199930599436,800.0,606.2950294894458,71,0.39,18.0,0.06682971678168961,0.5
3,200.0,250.0,153.42270032143225,1.12163838434509,0.9267072627381481,0.9668974064268228,0.04720406629130958,800.0,606.2950294894458,71,0.39,18.0,0.06682971678168961,0.5
0,50.0,100.0,317.3851631021778,15.586110651412923,6.25859908772162,3.4637344953979605,0.20634789046653834,300.0,228.15229898524512,72,2.0,18.0,0.06682971678168961,0.5
1,100.0,150.0,317.5192157458332,0.9089101751598037,0.752456314708013,0.21990704866246588,0.188413290173587,300.0,228.15229898524512,72,2.0,18.0,0.06682971678168961,0.5
2,150.0,200.0,317.52300674765155,1.0071720167842955,0.932161466000025,0.4737909220771373,0.4237657692490192,300.0,228.15229898524512,72,2.0,18.0,0.06682971678168961,0.5
3,200.0,250.0,317.45917820401775,0.8674242322172177,0.7761456583306199,0.42220673267199976,0.4023353388984984,300.0,228.15229898524512,72,2.0,18.0,0.06682971678168961,0.5
0,50.0,100.0,206.41169325346368,1.3218817359284856,1.0761953522338956,0.47423506203850535,0.06914667318531031,500.0,380.88580812995247,72,2.0,18.0,0.06682971678168961,0.5
1,100.0,150.0,206.01409137679525,0.9323802572409079,0.7000145347015234,0.08437266676073867,0.0035716391008716597,500.0,380.88580812995247,72,2.0,18.0,0.06682971678168961,0.5
2,150.0,200.0,205.77959989266702,0.7687664501323752,0.670124186664907,0.14171468140507873,0.008939163668627126,500.0,380.88580812995247,72,2.0,18.0,0.06682971678168961,0.5
3,200.0,250.0,205.62046338535035,0.6714044592217192,0.6175460867720233,0.24865542892769382,0.026242226151476755,500.0,380.88580812995247,72,2.0,18.0,0.06682971678168961,0.5
0,50.0,100.0,132.20350880127535,0.8709865816921933,0.8220365656990509,0.44141996111609555,0.01576541992824687,800.0,606.2950294894458,72,2.0,18.0,0.06682971678168961,0.5
1,100.0,150.0,132.0344552375998,0.8027405291910839,0.6966903074495576,0.1367381490404614,0.006622950771851266,800.0,606.2950294894458,72,2.0,18.0,0.06682971678168961,0.5
2,150.0,200.0,131.99460108854487,0.9313678798287413,0.8021132592753872,0.3918584676492714,0.047159528394288275,800.0,606.2950294894458,72,2.0,18.0,0.06682971678168961,0.5
3,200.0,250.0,132.02473365367612,0.9293114039014938,0.8206264189847161,0.6773543640978085,0.05664159722623685,800.0,606.2950294894458,72,2.0,18.0,0.06682971678168961,0.5
0,50.0,100.0,306.38940203896465,85.51866343799861,58.492566255096165,40.14663396930663,0.5565794409041,300.0,228.15229898524512,73,4.0,18.0,0.06682971678168961,0.5
1,100.0,150.0,309.61147268538423,1.2304484489426386,0.5978598109383597,0.4531230787130231,0.4495195619029111,300.0,228.15229898524512,73,4.0,18.0,0.06682971678168961,0.5
2,150.0,200.0,309.75237155066725,0.9201169177625275,0.8437368866072461,0.5702241011381738,0.791903414034442,300.0,228.15229898524512,73,4.0,18.0,0.06682971678168961,0.5
3,200.0,250.0,309.698781187856,0.6997871891090881,0.6082018239295621,0.4338881492278544,0.733745618776624,300.0,228.15229898524512,73,4.0,18.0,0.06682971678168961,0.5
0,50.0,100.0,177.12946259960728,52.611810950657485,44.4714462058476,104.07072292747414,0.4420858535202552,500.0,380.88580812995247,73,4.0,18.0,0.06682971678168961,0.5
1,100.0,150.0,173.2909168787959,0.6151194685511143,0.4373134851933287,0.04937024672588777,0.005179996632185269,500.0,380.88580812995247,73,4.0,18.0,0.06682971678168961,0.5
2,150.0,200.0,173.10191883489378,0.4535025943337132,0.3583848392388518,0.10745658295041323,0.009833315913714502,500.0,380.88580812995247,73,4.0,18.0,0.06682971678168961,0.5
3,200.0,250.0,172.97038216435652,0.3680580272944667,0.31997847939069857,0.19374314741487267,0.06556749706225928,500.0,380.88580812995247,73,4.0,18.0,0.06682971678168961,0.5
0,50.0,100.0,116.32673511001836,0.6862651547701972,0.6206407836411643,0.08020378683060872,0.022840677607452675,800.0,606.2950294894458,73,4.0,18.0,0.06682971678168961,0.5
1,100.0,150.0,116.18962533215716,0.6117306887838936,0.5090324166974938,0.09435996185325249,0.038525588585114456,800.0,606.2950294894458,73,4.0,18.0,0.06682971678168961,0.5
2,150.0,200.0,116.14889927228445,0.6347374355749338,0.5510940470550452,0.12605871272429703,0.06360062982792203,800.0,606.2950294894458,73,4.0,18.0,0.06682971678168961,0.5
3,200.0,250.0,116.17814529525945,0.6309670238809844,0.5520737632788695,0.07134673373411209,0.019235686669696328,800.0,606.2950294894458,73,4.0,18.0,0.06682971678168961,0.5
0,50.0,100.0,282.9016755293348,262.38134963624793,250.32978522646948,216.1224772787045,0.9213247352039355,300.0,228.15229898524512,74,6.835494476281913,18.0,0.06682971678168961,0.5
1,100.0,150.0,290.9976814871914,58.62665315087747,53.556119454271595,44.20980790795903,0.9782211613704466,300.0,228.15229898524512,74,6.835494476281913,18.0,0.06682971678168961,0.5
2,150.0,200.0,289.92330883493247,9.921582899383566,8.708085315934682,7.081185258784084,0.9694779982138302,300.0,228.15229898524512,74,6.835494476281913,18.0,0.06682971678168961,0.5
3,200.0,250.0,289.76524645108475,2.001345085741491,1.6769436251956904,1.5945241188248418,0.9869930414918179,300.0,228.15229898524512,74,6.835494476281913,18.0,0.06682971678168961,0.5
0,50.0,100.0,170.84038374787605,268.8811076207939,233.45448107719102,137.2553301887874,0.581318008821456,500.0,380.88580812995247,74,6.835494476281913,18.0,0.06682971678168961,0.5
1,100.0,150.0,183.05938108880088,18.45227192152811,16.746622170721423,10.332892309515147,0.6666673870641087,500.0,380.88580812995247,74,6.835494476281913,18.0,0.06682971678168961,0.5
2,150.0,200.0,181.97705051605288,1.616284962559405,0.9904535703232682,0.6947638869944738,0.635371729573821,500.0,380.88580812995247,74,6.835494476281913,18.0,0.06682971678168961,0.5
3,200.0,250.0,181.8470909373329,0.3160547271680798,0.2815039366344365,0.11302690839363108,0.2888154903480059,500.0,380.88580812995247,74,6.835494476281913,18.0,0.06682971678168961,0.5
0,50.0,100.0,118.10667975196175,1.3651027581866373,0.8858997261534398,0.274621638675079,0.1774062805207246,800.0,606.2950294894458,74,6.835494476281913,18.0,0.06682971678168961,0.5
1,100.0,150.0,117.91822547293118,0.4321494405687929,0.35022727417853616,0.09869748117713305,0.08882983125292854,800.0,606.2950294894458,74,6.835494476281913,18.0,0.06682971678168961,0.5
2,150.0,200.0,117.86922162247176,0.4507004738071032,0.3594455984114404,0.14155479004200688,0.166417040628014,800.0,606.2950294894458,74,6.835494476281913,18.0,0.06682971678168961,0.5
3,200.0,250.0,117.90399256168456,0.42761788584809324,0.3538873247603931,0.08406923574342715,0.05652518600762069,800.0,606.2950294894458,74,6.835494476281913,18.0,0.06682971678168961,0.5
0,50.0,100.0,254.19828770528156,351.8004471281096,341.10930460251996,265.7783897255405,0.860756274988067,300.0,228.15229898524512,75,8.0,18.0,0.06682971678168961,0.5
1,100.0,150.0,265.88115784305086,94.36614644581951,92.6560426290325,78.30882650589595,0.9850129381512519,300.0,228.15229898524512,75,8.0,18.0,0.06682971678168961,0.5
2,150.0,200.0,263.26225321739616,34.32426130200449,32.00833189873006,27.921112647972457,0.9892095791251956,300.0,228.15229898524512,75,8.0,18.0,0.06682971678168961,0.5
3,200.0,250.0,262.42482274891734,10.719359987162477,8.926591586628717,9.226965772448315,0.9811512592005218,300.0,228.15229898524512,75,8.0,18.0,0.06682971678168961,0.5
0,50.0,100.0,163.25500692955077,303.1929149575841,289.88809801724284,176.2614166782948,0.5704426709833079,500.0,380.88580812995247,75,8.0,18.0,0.06682971678168961,0.5
1,100.0,150.0,179.09965441759178,51.36277206581889,47.20151085334149,32.50494835047989,0.8339482084713993,500.0,380.88580812995247,75,8.0,18.0,0.06682971678168961,0.5
2,150.0,200.0,181.18881740855718,9.087628692392457,7.410447669335269,5.988738124562681,0.8387810351671967,500.0,380.88580812995247,75,8.0,18.0,0.06682971678168961,0.5
3,200.0,250.0,181.00582985536678,1.7771426604505507,1.4934118680201607,1.1881519214372072,0.8700748241221568,500.0,380.88580812995247,75,8.0,18.0,0.06682971678168961,0.5
0,50.0,100.0,119.03967936190698,7.866577834686694,2.4569408699066173,0.6538073243181745,0.040843008237258616,800.0,606.2950294894458,75,8.0,18.0,0.06682971678168961,0.5
1,100.0,150.0,118.91123964013791,0.37051784542218513,0.30056246585817803,0.09041084984520399,0.09730639946745112,800.0,606.2950294894458,75,8.0,18.0,0.06682971678168961,0.5
2,150.0,200.0,118.85933163574093,0.4011466497229179,0.33003430140399814,0.15558559654992846,0.24213655164731906,800.0,606.2950294894458,75,8.0,18.0,0.06682971678168961,0.5
3,200.0,250.0,118.89961897223779,0.40104195811312593,0.3365456406411198,0.08907939573586644,0.07618083643822282,800.0,606.2950294894458,75,8.0,18.0,0.06682971678168961,0.5
0,50.0,100.0,235.88240018228092,388.9587371679962,385.872684308248,769.2163471448313,0.6375838731883775,300.0,228.15229898524512,76,12.0,18.0,0.06682971678168961,0.5
1,100.0,150.0,309.7692865075716,184.6727866154022,157.80250150813433,145.13756172813729,0.9864546756182364,300.0,228.15229898524512,76,12.0,18.0,0.06682971678168961,0.5
2,150.0,200.0,294.2202578851396,52.24388887445423,51.68291719434308,67.3097827170226,0.9459501370329438,300.0,228.15229898524512,76,12.0,18.0,0.06682971678168961,0.5
3,200.0,250.0,301.28000497412404,28.67794154014433,27.118306503110546,27.858514522577302,0.9925386576896045,300.0,228.15229898524512,76,12.0,18.0,0.06682971678168961,0.5
0,50.0,100.0,131.42725193132435,365.733152708445,358.7376225382922,291.3684388834062,0.640704089908664,500.0,380.88580812995247,76,12.0,18.0,0.06682971678168961,0.5
1,100.0,150.0,170.4701304533264,356.6283633060112,347.30021455556385,308.13651941978577,0.8586212626141673,500.0,380.88580812995247,76,12.0,18.0,0.06682971678168961,0.5
2,150.0,200.0,202.40978492186423,349.2426913909154,337.82391299629626,332.5906371238108,0.7917464951917941,500.0,380.88580812995247,76,12.0,18.0,0.06682971678168961,0.5
3,200.0,250.0,172.8631035645346,290.96349881419104,264.52596180709895,216.12088450403462,0.8365676832635992,500.0,380.88580812995247,76,12.0,18.0,0.06682971678168961,0.5
0,50.0,100.0,125.53732630827886,127.01466400626389,105.3539557597842,20.75981062445523,0.07482893600936402,800.0,606.2950294894458,76,12.0,18.0,0.06682971678168961,0.5
1,100.0,150.0,123.51486238705678,2.9419140415962204,2.1334810595701157,0.36967415639760864,0.05071221611562027,800.0,606.2950294894458,76,12.0,18.0,0.06682971678168961,0.5
2,150.0,200.0,123.39337835323931,0.37910059883751046,0.3129829596245912,0.1844267610074209,0.4337206590710069,800.0,606.2950294894458,76,12.0,18.0,0.06682971678168961,0.5
3,200.0,250.0,123.43929491449371,0.3481803619356185,0.29773859621897714,0.0785756254761513,0.09074656423686811,800.0,606.2950294894458,76,12.0,18.0,0.06682971678168961,0.5
0,50.0,100.0,326.28827512483736,37.363767197676395,31.180798394566864,11.98017524277789,0.6215815784822816,300.0,228.15229898524512,77,0.0,24.0,0.0891062890422528,0.5
1,100.0,150.0,318.26223836825574,2.8310086051614007,2.4026690492676153,0.2210364742424728,0.007760583159883483,300.0,228.15229898524512,77,0.0,24.0,0.0891062890422528,0.5
2,150.0,200.0,318.1461709329602,3.086526510160297,2.9494410010132697,0.3637871887927744,0.016594479250347294,300.0,228.15229898524512,77,0.0,24.0,0.0891062890422528,0.5
3,200.0,250.0,317.9617822716781,3.3627355925322036,2.6133913188683664,0.42082411669255904,0.020372984502529445,300.0,228.15229898524512,77,0.0,24.0,0.0891062890422528,0.5
0,50.0,100.0,226.84640500171776,2.647293373134602,2.1450622297124653,1.1306789082822668,0.10978483227585467,500.0,380.88580812995247,77,0.0,24.0,0.0891062890422528,0.5
1,100.0,150.0,226.25357482524848,1.5445486735000316,1.315184711504969,0.29306528034554513,0.0025779212312815325,500.0,380.88580812995247,77,0.0,24.0,0.0891062890422528,0.5
2,150.0,200.0,225.96744700431216,1.5221940130973906,1.3777766792526336,0.1465603398825026,0.00037767956591638896,500.0,380.88580812995247,77,0.0,24.0,0.0891062890422528,0.5
3,200.0,250.0,225.7370695840647,1.3151864280560517,1.1987580920422545,0.23157264976425246,0.0009928519052768703,500.0,380.88580812995247,77,0.0,24.0,0.0891062890422528,0.5
0,50.0,100.0,153.61222192508612,1.2519654654428223,1.1935974917360284,0.6048047430715129,0.013172760009763307,800.0,606.2950294894458,77,0.0,24.0,0.0891062890422528,0.5
1,100.0,150.0,153.39637183717824,1.1813449799662123,0.9865243147503406,0.2312077394306386,0.004582062165601641,800.0,606.2950294894458,77,0.0,24.0,0.0891062890422528,0.5
2,150.0,200.0,153.32814373739404,1.165862086986948,1.0438582290239253,0.598447440719,0.04201969687262452,800.0,606.2950294894458,77,0.0,24.0,0.0891062890422528,0.5
3,200.0,250.0,153.38253338686326,1.16845787876224,0.9487031158920445,1.1006644669340018,0.0445786433136266,800.0,606.2950294894458,77,0.0,24.0,0.0891062890422528,0.5
0,50.0,100.0,325.9054407835496,38.16080272728874,31.667937109228035,12.559528871202776,0.6102379101981759,300.0,228.15229898524512,78,0.39,24.0,0.0891062890422528,0.5
1,100.0,150.0,318.26569350761037,2.0803817584546778,1.8158026385310677,0.22689739411110355,0.020142211369481022,300.0,228.15229898524512,78,0.39,24.0,0.0891062890422528,0.5
2,150.0,200.0,318.1336400484149,2.387078675465432,2.280247897660047,0.38783847788134085,0.04419185677960946,300.0,228.15229898524512,78,0.39,24.0,0.0891062890422528,0.5
3,200.0,250.0,317.9772112569467,2.2502508392804543,1.9917154420325573,0.4212963189729343,0.049556333498355976,300.0,228.15229898524512,78,0.39,24.0,0.0891062890422528,0.5
0,50.0,100.0,226.82462242660603,2.4025181772100836,1.9090612945796295,0.8722758537205937,0.08728730845021582,500.0,380.88580812995247,78,0.39,24.0,0.0891062890422528,0.5
1,100.0,150.0,226.25501711645325,1.448511175931003,1.2888511667072748,0.09801532745610882,0.0003261152851584681,500.0,380.88580812995247,78,0.39,24.0,0.0891062890422528,0.5
2,150.0,200.0,225.96368390360226,1.4170953371556436,1.261332454125835,0.023769768143192135,6.57604367971798e-05,500.0,380.88580812995247,78,0.39,24.0,0.0891062890422528,0.5
3,200.0,250.0,225.74206099699668,1.177525647617415,1.0987904414154457,0.18413057626507562,0.0023042087543627687,500.0,380.88580812995247,78,0.39,24.0,0.0891062890422528,0.5
0,50.0,100.0,153.6147897273318,1.3138499113554474,1.2371711599217008,0.6473484227589758,0.013265318082141375,800.0,606.2950294894458,78,0.39,24.0,0.0891062890422528,0.5
1,100.0,150.0,153.39443342246102,1.2357685222615657,1.0107271052050635,0.24401443235129514,0.0033296676271938885,800.0,606.2950294894458,78,0.39,24.0,0.0891062890422528,0.5
2,150.0,200.0,153.33007009860873,1.2066352147224677,1.0794946037175635,0.6498070431490307,0.04182914648426439,800.0,606.2950294894458,78,0.39,24.0,0.0891062890422528,0.5
3,200.0,250.0,153.38960475425338,1.1958777326857444,0.9661880672937002,1.2660211065651454,0.049611447751346516,800.0,606.2950294894458,78,0.39,24.0,0.0891062890422528,0.5
0,50.0,100.0,324.36501583576614,50.381812787076285,38.49788291628329,20.12761957274119,0.5856267490867136,300.0,228.15229898524512,79,2.0,24.0,0.0891062890422528,0.5
1,100.0,150.0,318.2786283885121,0.970690343116928,0.8038085389408707,0.1595387275445261,0.11544363650075828,300.0,228.15229898524512,79,2.0,24.0,0.0891062890422528,0.5
2,150.0,200.0,318.1493764658528,1.200976503744073,1.0734766377019582,0.5762245113668644,0.5023098248408149,300.0,228.15229898524512,79,2.0,24.0,0.0891062890422528,0.5
3,200.0,250.0,318.0303438949602,0.968901324113915,0.8875556484658205,0.5399978330733567,0.5228616605894875,300.0,228.15229898524512,79,2.0,24.0,0.0891062890422528,0.5
0,50.0,100.0,211.72580796261752,2.4919359111605672,2.126962159341616,2.890618823539498,0.5326429894615188,500.0,380.88580812995247,79,2.0,24.0,0.0891062890422528,0.5
1,100.0,150.0,211.18154853755377,0.9167637246164873,0.6844250082435792,0.0599683130615495,0.00046019336408864575,500.0,380.88580812995247,79,2.0,24.0,0.0891062890422528,0.5
2,150.0,200.0,210.93239844262905,0.7424063781604957,0.6335049517980451,0.13155748598396347,0.012421853435051089,500.0,380.88580812995247,79,2.0,24.0,0.0891062890422528,0.5
3,200.0,250.0,210.75640219661574,0.6468434250904807,0.5852754327142691,0.2407312246898415,0.03691251108846072,500.0,380.88580812995247,79,2.0,24.0,0.0891062890422528,0.5
0,50.0,100.0,136.39331061782946,0.8973768506042745,0.8153433014525717,0.4469807314422902,0.01966101116284802,800.0,606.2950294894458,79,2.0,24.0,0.0891062890422528,0.5
1,100.0,150.0,136.20887579119108,0.800922888185795,0.6923884238911455,0.26247034845194117,0.012362666062386896,800.0,606.2950294894458,79,2.0,24.0,0.0891062890422528,0.5
2,150.0,200.0,136.16875646591225,0.9269868323932826,0.8034188381854221,0.37125902442960973,0.054788957912013214,800.0,606.2950294894458,79,2.0,24.0,0.0891062890422528,0.5
3,200.0,250.0,136.1918865783521,0.8987493977696204,0.8080929221309532,0.5806988533422888,0.06823121623422368,800.0,606.2950294894458,79,2.0,24.0,0.0891062890422528,0.5
0,50.0,100.0,321.10583402605505,107.89385730869884,93.73133888728393,57.43263424209064,0.7797697859032123,300.0,228.15229898524512,80,4.0,24.0,0.0891062890422528,0.5
1,100.0,150.0,313.71476374481927,2.334921692313401,2.2208105683855592,0.9634956037183876,0.8330105348683106,300.0,228.15229898524512,80,4.0,24.0,0.0891062890422528,0.5
2,150.0,200.0,313.37368332652903,0.9119214935248579,0.8030061667146811,0.5535915124971018,0.7533752171150676,300.0,228.15229898524512,80,4.0,24.0,0.0891062890422528,0.5
3,200.0,250.0,313.2996652653351,0.7193701542994404,0.6449085306911115,0.4102545590403846,0.7293948891054193,300.0,228.15229898524512,80,4.0,24.0,0.0891062890422528,0.5
0,50.0,100.0,162.2139889380256,82.15142870946583,78.44439484542194,251.82899221923844,0.8064128308624054,500.0,380.88580812995247,80,4.0,24.0,0.0891062890422528,0.5
1,100.0,150.0,169.81868643499686,0.5790139781366861,0.43727119802363745,0.059542132075164615,0.0007851491797185028,500.0,380.88580812995247,80,4.0,24.0,0.0891062890422528,0.5
2,150.0,200.0,169.63667882098412,0.42235917099870335,0.32558529403479497,0.10157023531934256,0.02097657466025782,500.0,380.88580812995247,80,4.0,24.0,0.0891062890422528,0.5
3,200.0,250.0,169.49046034774238,0.3457086225452599,0.30698474178265656,0.20807510321535408,0.09221491085575773,500.0,380.88580812995247,80,4.0,24.0,0.0891062890422528,0.5
0,50.0,100.0,115.80584431109268,0.669188492104908,0.5775373731353,0.09077419982892601,0.03182321206308525,800.0,606.2950294894458,80,4.0,24.0,0.0891062890422528,0.5
1,100.0,150.0,115.65475518149087,0.5715572317836433,0.48187218100981966,0.09786785157690506,0.04736107778811893,800.0,606.2950294894458,80,4.0,24.0,0.0891062890422528,0.5
2,150.0,200.0,115.622808557498,0.612147464437669,0.5135323981643438,0.12829978176513815,0.0743625947043971,800.0,606.2950294894458,80,4.0,24.0,0.0891062890422528,0.5
3,200.0,250.0,115.64108417972257,0.5942579160434036,0.5221866534828337,0.08222823755747863,0.027376468090012596,800.0,606.2950294894458,80,4.0,24.0,0.0891062890422528,0.5
0,50.0,100.0,314.3118052453831,192.10325094117948,187.5970629959831,158.56400918520268,0.9490336411156607,300.0,228.15229898524512,81,6.835494476281913,24.0,0.0891062890422528,0.5
1,100.0,150.0,307.0888599092243,20.17241666062114,19.79364191072534,23.94561830675086,0.9443305482312512,300.0,228.15229898524512,81,6.835494476281913,24.0,0.0891062890422528,0.5
2,150.0,200.0,301.99387435257984,4.795463449680369,3.9116978336120383,3.9399383994143844,0.9899058845645302,300.0,228.15229898524512,81,6.835494476281913,24.0,0.0891062890422528,0.5
3,200.0,250.0,301.89672399997,0.74556567297833,0.6869892995439386,0.49615105383095454,0.6461993080840056,300.0,228.15229898524512,81,6.835494476281913,24.0,0.0891062890422528,0.5
0,50.0,100.0,147.17793042700515,231.79068957607234,226.87071214045562,530.5000852457214,0.7111214584779745,500.0,380.88580812995247,81,6.835494476281913,24.0,0.0891062890422528,0.5
1,100.0,150.0,176.30879559906276,7.505493158248015,3.9997422066176966,10.919656833077179,0.1173694902190946,500.0,380.88580812995247,81,6.835494476281913,24.0,0.0891062890422528,0.5
2,150.0,200.0,176.30451374067673,0.3182298740924523,0.2631910685190064,0.058967564663959124,0.01672209142000558,500.0,380.88580812995247,81,6.835494476281913,24.0,0.0891062890422528,0.5
3,200.0,250.0,176.16027823856163,0.26562929337583796,0.25030648505128283,0.17437870871674774,0.14119025674883656,500.0,380.88580812995247,81,6.835494476281913,24.0,0.0891062890422528,0.5
0,50.0,100.0,116.69222294548888,2.2911588198366672,0.8133932708829406,0.1697498102077433,0.030555993205867216,800.0,606.2950294894458,81,6.835494476281913,24.0,0.0891062890422528,0.5
1,100.0,150.0,116.61556343746207,0.41946855396962235,0.3277056902434339,0.09188189916690459,0.08717450321887565,800.0,606.2950294894458,81,6.835494476281913,24.0,0.0891062890422528,0.5
2,150.0,200.0,116.57767449028586,0.4395248544760193,0.3706740239797597,0.15579533802330406,0.21032967557383397,800.0,606.2950294894458,81,6.835494476281913,24.0,0.0891062890422528,0.5
3,200.0,250.0,116.60337256498579,0.40433478905478637,0.36004710157119746,0.09169578895499367,0.06918310811417439,800.0,606.2950294894458,81,6.835494476281913,24.0,0.0891062890422528,0.5
0,50.0,100.0,306.56869725888464,232.19929664578308,229.73623434875904,827.7686388413806,0.8816574032920854,300.0,228.15229898524512,82,8.0,24.0,0.0891062890422528,0.5
1,100.0,150.0,305.1377199765201,43.93834497732263,38.364077251181925,155.76774095228774,0.999749061429702,300.0,228.15229898524512,82,8.0,24.0,0.0891062890422528,0.5
2,150.0,200.0,294.9191980643827,13.901771069148424,13.033429916937735,17.786912912417375,0.9804937314324613,300.0,228.15229898524512,82,8.0,24.0,0.0891062890422528,0.5
3,200.0,250.0,295.37633773478694,1.9646281563207708,1.8416563879592331,7.520748202458941,0.9880734300376783,300.0,228.15229898524512,82,8.0,24.0,0.0891062890422528,0.5
0,50.0,100.0,136.99148999731625,255.5113208533576,250.6108729168218,154.60207382830293,0.8281738842278513,500.0,380.88580812995247,82,8.0,24.0,0.0891062890422528,0.5
1,100.0,150.0,180.81964386827767,29.50753238260944,27.630422103412428,18.224288628854765,0.5915438031277063,500.0,380.88580812995247,82,8.0,24.0,0.0891062890422528,0.5
2,150.0,200.0,179.2941316048126,1.311823474003063,1.204225760542755,0.7455481703522714,0.6553679711218674,500.0,380.88580812995247,82,8.0,24.0,0.0891062890422528,0.5
3,200.0,250.0,179.04139511480477,0.2716638720877711,0.23029406623186333,0.030537859681733778,0.03244006898983032,500.0,380.88580812995247,82,8.0,24.0,0.0891062890422528,0.5
0,50.0,100.0,117.77989442457518,16.711378566874487,6.736382294932369,2.301079205264262,0.0949775109993719,800.0,606.2950294894458,82,8.0,24.0,0.0891062890422528,0.5
1,100.0,150.0,117.20121278601668,0.39991818203994,0.2995199870023839,0.10874285474327286,0.14253980690713408,800.0,606.2950294894458,82,8.0,24.0,0.0891062890422528,0.5
2,150.0,200.0,117.16181830921882,0.4153998363279925,0.3363259679183983,0.15885358317875103,0.26052329202029534,800.0,606.2950294894458,82,8.0,24.0,0.0891062890422528,0.5
3,200.0,250.0,117.18717171492554,0.37742350693625326,0.34528392283671394,0.09221082181438356,0.08350362602968064,800.0,606.2950294894458,82,8.0,24.0,0.0891062890422528,0.5
0,50.0,100.0,296.0136263317981,386.5086756394784,380.79377553263475,258.9562336893065,0.6643594862952478,300.0,228.15229898524512,83,12.0,24.0,0.0891062890422528,0.5
1,100.0,150.0,260.5721916811746,253.0405238128791,235.3483852008029,88.00741765933792,0.9890760647635473,300.0,228.15229898524512,83,12.0,24.0,0.0891062890422528,0.5
2,150.0,200.0,253.0649261135399,132.03472309507802,120.45027883870699,143.64255949238435,0.9865043278441351,300.0,228.15229898524512,83,12.0,24.0,0.0891062890422528,0.5
3,200.0,250.0,279.21118433147103,59.80487119909412,59.26831981571604,59.60675120231579,0.9968527257498874,300.0,228.15229898524512,83,12.0,24.0,0.0891062890422528,0.5
0,50.0,100.0,138.3925293884777,523.4503529588071,321.0546262718217,156.9032012900892,0.3131739469757886,500.0,380.88580812995247,83,12.0,24.0,0.0891062890422528,0.5
1,100.0,150.0,172.17232154547665,202.16893808125423,193.2901546243858,174.93208784066326,0.918200130283599,500.0,380.88580812995247,83,12.0,24.0,0.0891062890422528,0.5
2,150.0,200.0,204.18147171310255,138.58487874444288,132.9612475325393,131.17742579254104,0.9644852524054619,500.0,380.88580812995247,83,12.0,24.0,0.0891062890422528,0.5
3,200.0,250.0,186.5253365309837,109.85170640091573,105.13846881648627,100.93217609191832,0.9747392233938352,500.0,380.88580812995247,83,12.0,24.0,0.0891062890422528,0.5
0,50.0,100.0,120.24359199525986,105.76005348872647,64.43511566514196,28.513291978534404,0.26280510191104167,800.0,606.2950294894458,83,12.0,24.0,0.0891062890422528,0.5
1,100.0,150.0,119.81485789672591,0.6092267645090743,0.34679544598388645,0.13657983282178293,0.15703345156277904,800.0,606.2950294894458,83,12.0,24.0,0.0891062890422528,0.5
2,150.0,200.0,119.76053901828756,0.3555042862407447,0.3033111591367259,0.131660730861028,0.2616022357808242,800.0,606.2950294894458,83,12.0,24.0,0.0891062890422528,0.5
3,200.0,250.0,119.78728554795151,0.38026298347872967,0.3474450461293799,0.11792358496173154,0.16031981939581152,800.0,606.2950294894458,83,12.0,24.0,0.0891062890422528,0.5
0,50.0,100.0,319.6498651501887,2.887809047638086,2.563937563070567,0.348900236574074,0.015585572540277037,300.0,228.15229898524512,84,0.0,6.0,0.0222765722605632,0.956269682
1,100.0,150.0,319.79409680775393,2.6132666369554727,2.282109846662081,0.022454454299964375,7.784467243199256e-05,300.0,228.15229898524512,84,0.0,6.0,0.0222765722605632,0.956269682
2,150.0,200.0,320.0476675946412,2.90020241751256,2.645848040535668,0.20025701719609074,0.004797864334248891,300.0,228.15229898524512,84,0.0,6.0,0.0222765722605632,0.956269682
3,200.0,250.0,320.1550978976172,3.002455014670261,2.5636894519523707,0.33677703216231364,0.012729623829659698,300.0,228.15229898524512,84,0.0,6.0,0.0222765722605632,0.956269682
0,50.0,100.0,227.37458972964293,1.7515257728429106,1.4121801331540667,1.4291326385093066,0.01639795783219189,500.0,380.88580812995247,84,0.0,6.0,0.0222765722605632,0.956269682
1,100.0,150.0,227.3755701541194,1.1568956244161654,1.0154325845113874,0.47127472178794966,0.004731795978690667,500.0,380.88580812995247,84,0.0,6.0,0.0222765722605632,0.956269682
2,150.0,200.0,227.40176317556495,1.3668770456324353,1.2696653763925667,0.18746188349969709,0.0006917795380920744,500.0,380.88580812995247,84,0.0,6.0,0.0222765722605632,0.956269682
3,200.0,250.0,227.38257842665382,1.264925985323373,1.147932838017681,0.07116476376571704,0.0004771016382745241,500.0,380.88580812995247,84,0.0,6.0,0.0222765722605632,0.956269682
0,50.0,100.0,153.64899695459374,0.966702001735058,0.822701255119938,0.11114654984155367,0.026496920485960418,800.0,606.2950294894458,84,0.0,6.0,0.0222765722605632,0.956269682
1,100.0,150.0,153.4699812069862,0.8208595745657874,0.6507782952077719,0.13116042136377334,0.048068437943261766,800.0,606.2950294894458,84,0.0,6.0,0.0222765722605632,0.956269682
2,150.0,200.0,153.35429038722418,0.7375226249384923,0.6799162631104139,0.17203131869898297,0.079472920045216,800.0,606.2950294894458,84,0.0,6.0,0.0222765722605632,0.956269682
3,200.0,250.0,153.47731586996005,0.7826989145133894,0.6754129685650412,0.11254343673326914,0.0321069265645737,800.0,606.2950294894458,84,0.0,6.0,0.0222765722605632,0.956269682
0,50.0,100.0,319.5806573381969,2.6220973108722205,2.0820880567900417,0.43761757452374217,0.055033521308950784,300.0,228.15229898524512,85,0.39,6.0,0.0222765722605632,0.956269682
1,100.0,150.0,319.73368139775613,1.8509621483239016,1.6514280664994772,0.04055499462102163,0.0006883110871734877,300.0,228.15229898524512,85,0.39,6.0,0.0222765722605632,0.956269682
2,150.0,200.0,319.9506870279392,2.159209922608966,1.9446638705886699,0.20695700102283598,0.012165991866568304,300.0,228.15229898524512,85,0.39,6.0,0.0222765722605632,0.956269682
3,200.0,250.0,320.09381331619244,2.178137297026012,2.111388304756474,0.3235655541147915,0.029932458390415584,300.0,228.15229898524512,85,0.39,6.0,0.0222765722605632,0.956269682
0,50.0,100.0,227.30337491085888,2.1591510236426075,1.4583610545186332,0.0973283245419378,0.000798489204495545,500.0,380.88580812995247,85,0.39,6.0,0.0222765722605632,0.956269682
1,100.0,150.0,227.28596254839186,1.0318311555555795,0.866890495678831,0.4640881934152129,0.0038442896406558624,500.0,380.88580812995247,85,0.39,6.0,0.0222765722605632,0.956269682
2,150.0,200.0,227.30266657652658,1.1378509764846,1.035670956604008,0.16911427800515139,0.00033757509452225776,500.0,380.88580812995247,85,0.39,6.0,0.0222765722605632,0.956269682
3,200.0,250.0,227.29579677188684,1.0381096797980547,0.9670215566649176,0.12713781814473596,0.0023894801813585387,500.0,380.88580812995247,85,0.39,6.0,0.0222765722605632,0.956269682
0,50.0,100.0,154.28353952225405,1.0882312537534062,1.0006612579385035,0.04723095287631371,0.0019449610387247684,800.0,606.2950294894458,85,0.39,6.0,0.0222765722605632,0.956269682
1,100.0,150.0,154.23092334832046,0.9439323794306063,0.8088281325113087,0.06746317615532367,0.0059473193500105825,800.0,606.2950294894458,85,0.39,6.0,0.0222765722605632,0.956269682
2,150.0,200.0,154.26378357740808,1.1011650425804191,0.9806776105944266,0.08007421775364909,0.007188663089111036,800.0,606.2950294894458,85,0.39,6.0,0.0222765722605632,0.956269682
3,200.0,250.0,154.21847844186766,1.0332320281857221,0.9228268848545724,0.03292215985144439,0.0010768145746476998,800.0,606.2950294894458,85,0.39,6.0,0.0222765722605632,0.956269682
0,50.0,100.0,305.48326742477866,0.9270904458990117,0.7373247111835326,0.4081514909252066,0.36570286286369325,300.0,228.15229898524512,86,2.0,6.0,0.0222765722605632,0.956269682
1,100.0,150.0,305.59170405107915,0.5827235857256596,0.4777623017095607,0.040484004901450724,0.008411213686491448,300.0,228.15229898524512,86,2.0,6.0,0.0222765722605632,0.956269682
2,150.0,200.0,305.80186362293466,0.7497070219188231,0.6259005967815483,0.261477899357299,0.17914473299713785,300.0,228.15229898524512,86,2.0,6.0,0.0222765722605632,0.956269682
3,200.0,250.0,305.9246315845075,0.8401257112717531,0.7228834270726452,0.30280218016866306,0.26152376998740035,300.0,228.15229898524512,86,2.0,6.0,0.0222765722605632,0.956269682
0,50.0,100.0,192.82561436318693,0.8784981981158353,0.6978476776958189,0.6414300587682862,0.025665686241019836,500.0,380.88580812995247,86,2.0,6.0,0.0222765722605632,0.956269682
1,100.0,150.0,192.81744090218658,0.570669228087155,0.4902303183046115,0.3938449716875501,0.011464662438176565,500.0,380.88580812995247,86,2.0,6.0,0.0222765722605632,0.956269682
2,150.0,200.0,192.83343639316826,0.6432240970028431,0.5789556596664056,0.1316550427304318,0.002255977947866694,500.0,380.88580812995247,86,2.0,6.0,0.0222765722605632,0.956269682
3,200.0,250.0,192.84247268784094,0.5504486515263238,0.5287602139437695,0.16310111397916588,0.017521640969587526,500.0,380.88580812995247,86,2.0,6.0,0.0222765722605632,0.956269682
0,50.0,100.0,149.52503581467602,0.9036516599663287,0.794137766257677,0.023290696621907803,0.0010047651487232745,800.0,606.2950294894458,86,2.0,6.0,0.0222765722605632,0.956269682
1,100.0,150.0,149.4817862142993,0.8140048812834095,0.6938715203930599,0.046013298330005024,0.004393284805560116,800.0,606.2950294894458,86,2.0,6.0,0.0222765722605632,0.956269682
2,150.0,200.0,149.50402089077664,0.8637610944708172,0.7295215717173846,0.06302393495501575,0.007723629760876594,800.0,606.2950294894458,86,2.0,6.0,0.0222765722605632,0.956269682
3,200.0,250.0,149.46878335074237,0.8817018578589852,0.7760389979515026,0.06115055891097414,0.007646423739595232,800.0,606.2950294894458,86,2.0,6.0,0.0222765722605632,0.956269682
0,50.0,100.0,250.47085046852715,365.04621774216287,361.2737932230774,324.42994497409336,0.7475452542826366,300.0,228.15229898524512,87,4.0,6.0,0.0222765722605632,0.956269682
1,100.0,150.0,252.285251602561,365.83658442743314,363.73655515372235,321.4406107087946,0.7513863715205087,300.0,228.15229898524512,87,4.0,6.0,0.0222765722605632,0.956269682
2,150.0,200.0,255.4350176808535,367.4030949645752,365.3717353779821,317.1054117078364,0.7639107002577803,300.0,228.15229898524512,87,4.0,6.0,0.0222765722605632,0.956269682
3,200.0,250.0,254.8160070001746,367.86449975523254,363.2439337839735,318.59030690608455,0.7690802916641656,300.0,228.15229898524512,87,4.0,6.0,0.0222765722605632,0.956269682
0,50.0,100.0,204.61225125978453,407.10538520728915,404.2475455900289,402.23730088021927,0.8095638184878924,500.0,380.88580812995247,87,4.0,6.0,0.0222765722605632,0.956269682
1,100.0,150.0,163.06159649902895,406.1243480733025,401.9253305845765,396.90818393388474,0.8046928082984859,500.0,380.88580812995247,87,4.0,6.0,0.0222765722605632,0.956269682
2,150.0,200.0,202.32321486521997,406.3748876254996,403.4792614237607,401.0852436652083,0.8170005001609462,500.0,380.88580812995247,87,4.0,6.0,0.0222765722605632,0.956269682
3,200.0,250.0,168.90734483760514,405.69702097591636,400.3944330127432,400.78726526275153,0.8159159060233638,500.0,380.88580812995247,87,4.0,6.0,0.0222765722605632,0.956269682
0,50.0,100.0,133.7854021269227,0.6380382302251064,0.5369269813059248,0.03713880922005355,0.006085348002199953,800.0,606.2950294894458,87,4.0,6.0,0.0222765722605632,0.956269682
1,100.0,150.0,133.76447286175372,0.5730377041664951,0.44907534232797275,0.04480055082807903,0.010081309884173995,800.0,606.2950294894458,87,4.0,6.0,0.0222765722605632,0.956269682
2,150.0,200.0,133.78427309046359,0.5499127364834351,0.44786859584544914,0.06975605417579517,0.022739355892337776,800.0,606.2950294894458,87,4.0,6.0,0.0222765722605632,0.956269682
3,200.0,250.0,133.75293314824322,0.5620559231234665,0.46457572742221487,0.04196503315262102,0.0083237371898095,800.0,606.2950294894458,87,4.0,6.0,0.0222765722605632,0.956269682
0,50.0,100.0,215.43923322717654,364.77353367874014,361.89296696317854,314.9794391947683,0.7640859788912735,300.0,228.15229898524512,88,6.835494476281913,6.0,0.0222765722605632,0.956269682
1,100.0,150.0,268.6822406375971,365.186256924877,363.38553393491463,305.08202519101087,0.7396429595265175,300.0,228.15229898524512,88,6.835494476281913,6.0,0.0222765722605632,0.956269682
2,150.0,200.0,194.13280395495886,365.50962472886397,363.88479995688004,334.85295804481814,0.7319985996375264,300.0,228.15229898524512,88,6.835494476281913,6.0,0.0222765722605632,0.956269682
3,200.0,250.0,260.37076165448417,365.5142118535973,363.4660206230154,299.6707374629566,0.754391958159253,300.0,228.15229898524512,88,6.835494476281913,6.0,0.0222765722605632,0.956269682
0,50.0,100.0,188.9766586605717,432.41309670500374,428.85337556636,432.47159281004645,0.7642516922125434,500.0,380.88580812995247,88,6.835494476281913,6.0,0.0222765722605632,0.956269682
1,100.0,150.0,179.23377551573137,433.22688690632987,421.7219779535792,394.10386052834224,0.8248803663767934,500.0,380.88580812995247,88,6.835494476281913,6.0,0.0222765722605632,0.956269682
2,150.0,200.0,216.34078101385504,432.81626176811227,428.71674640201013,418.08329335056163,0.7692312455968529,500.0,380.88580812995247,88,6.835494476281913,6.0,0.0222765722605632,0.956269682
3,200.0,250.0,161.70370047283814,433.091897034104,424.09089681219115,405.65695541482387,0.8135208333513676,500.0,380.88580812995247,88,6.835494476281913,6.0,0.0222765722605632,0.956269682
0,50.0,100.0,148.69739634826993,388.9182370373209,386.2156236612925,367.3905593743776,0.7580921109460047,800.0,606.2950294894458,88,6.835494476281913,6.0,0.0222765722605632,0.956269682
1,100.0,150.0,134.0062435744854,384.8127111522864,367.97515780415324,333.8468474297133,0.7948893280180727,800.0,606.2950294894458,88,6.835494476281913,6.0,0.0222765722605632,0.956269682
2,150.0,200.0,144.64511976911186,383.6272764086353,375.56790889036085,367.4380447996167,0.7872339487225232,800.0,606.2950294894458,88,6.835494476281913,6.0,0.0222765722605632,0.956269682
3,200.0,250.0,149.61304622191275,388.33705912789924,377.98549282682063,355.2259204352087,0.7829332812416916,800.0,606.2950294894458,88,6.835494476281913,6.0,0.0222765722605632,0.956269682
0,50.0,100.0,192.28315900049984,362.11210768680576,360.780041575418,330.6119871715442,0.7760470832757578,300.0,228.15229898524512,89,8.0,6.0,0.0222765722605632,0.956269682
1,100.0,150.0,234.285714970467,362.5783700800649,359.9033938860521,298.6934515056491,0.7111247411689157,300.0,228.15229898524512,89,8.0,6.0,0.0222765722605632,0.956269682
2,150.0,200.0,258.33530969559064,362.8863550051074,361.39288824929014,305.12763828264974,0.7478278671480113,300.0,228.15229898524512,89,8.0,6.0,0.0222765722605632,0.956269682
3,200.0,250.0,202.88236993067048,363.12874397077746,361.67897935034773,355.70769411084274,0.7084893572703855,300.0,228.15229898524512,89,8.0,6.0,0.0222765722605632,0.956269682
0,50.0,100.0,206.70912687556395,430.161798386799,427.498193171354,403.0073133281601,0.796146198430004,500.0,380.88580812995247,89,8.0,6.0,0.0222765722605632,0.956269682
1,100.0,150.0,201.37803973230598,431.9070251706568,428.9431817111967,420.77134822764265,0.7342612714063372,500.0,380.88580812995247,89,8.0,6.0,0.0222765722605632,0.956269682
2,150.0,200.0,175.2150665380199,432.08894529956916,425.7056443269515,411.4989445694372,0.7782472110250709,500.0,380.88580812995247,89,8.0,6.0,0.0222765722605632,0.956269682
3,200.0,250.0,177.00221030595043,432.12422862971636,425.8985323564627,398.18798115739014,0.7940775421365742,500.0,380.88580812995247,89,8.0,6.0,0.0222765722605632,0.956269682
0,50.0,100.0,145.78918779256654,426.01062238273363,409.6884340532345,373.397446607415,0.7779139481188698,800.0,606.2950294894458,89,8.0,6.0,0.0222765722605632,0.956269682
1,100.0,150.0,147.1420797193995,425.1263506709636,406.155093259934,376.59946323058415,0.7760673187153964,800.0,606.2950294894458,89,8.0,6.0,0.0222765722605632,0.956269682
2,150.0,200.0,151.05913619685845,422.43260372380905,409.32293069342285,383.6388291169217,0.7626509335862534,800.0,606.2950294894458,89,8.0,6.0,0.0222765722605632,0.956269682
3,200.0,250.0,145.8454387654835,424.3383177438328,412.54718829403004,376.1400253551711,0.7633332547960834,800.0,606.2950294894458,89,8.0,6.0,0.0222765722605632,0.956269682
0,50.0,100.0,218.09112502823098,353.5711431852031,352.6090560507325,370.75174094789617,0.7388275816532524,300.0,228.15229898524512,90,12.0,6.0,0.0222765722605632,0.956269682
1,100.0,150.0,218.3510000031735,353.9343177839623,352.8792878637534,366.79683288099545,0.7544346952460075,300.0,228.15229898524512,90,12.0,6.0,0.0222765722605632,0.956269682
2,150.0,200.0,219.02985072300947,354.0022975669182,353.0540281125784,357.940600039227,0.7569118041378972,300.0,228.15229898524512,90,12.0,6.0,0.0222765722605632,0.956269682
3,200.0,250.0,220.71363281670102,354.3177792450766,353.3663674138952,346.0376575237045,0.7539051448122257,300.0,228.15229898524512,90,12.0,6.0,0.0222765722605632,0.956269682
0,50.0,100.0,225.36710633403155,420.04768886626545,416.7000328999676,371.44288945570423,0.7285665302033271,500.0,380.88580812995247,90,12.0,6.0,0.0222765722605632,0.956269682
1,100.0,150.0,160.81708276363375,418.7156995161429,403.32385795895505,364.2527538446551,0.7775669398303611,500.0,380.88580812995247,90,12.0,6.0,0.0222765722605632,0.956269682
2,150.0,200.0,190.44802935888558,419.616482452995,413.51251169588267,401.3319567117054,0.7530523249793561,500.0,380.88580812995247,90,12.0,6.0,0.0222765722605632,0.956269682
3,200.0,250.0,222.51277853722627,420.93274011528723,413.54203679092575,378.451675972063,0.7606446201447795,500.0,380.88580812995247,90,12.0,6.0,0.0222765722605632,0.956269682
0,50.0,100.0,172.6026009029891,456.89248843310384,430.8280663164959,395.6406680685288,0.7861385173658659,800.0,606.2950294894458,90,12.0,6.0,0.0222765722605632,0.956269682
1,100.0,150.0,182.63151050302423,457.0733109367477,444.59973980783155,419.9025480285345,0.7763266453750397,800.0,606.2950294894458,90,12.0,6.0,0.0222765722605632,0.956269682
2,150.0,200.0,147.45565581995064,456.4848228100352,435.0034136398159,403.9236504926697,0.7520390915026796,800.0,606.2950294894458,90,12.0,6.0,0.0222765722605632,0.956269682
3,200.0,250.0,149.29618864531363,454.24629549335606,436.4858479945628,393.9632281242732,0.7774988035465497,800.0,606.2950294894458,90,12.0,6.0,0.0222765722605632,0.956269682
0,50.0,100.0,318.80340825271236,3.520603239873026,2.6932469058451716,0.6331903783210469,0.05554042480947452,300.0,228.15229898524512,91,0.0,9.0,0.03341485839084481,0.956269682
1,100.0,150.0,318.80570465310655,2.610883690019932,2.3130822680734013,0.04112245702798665,0.0002744337980274958,300.0,228.15229898524512,91,0.0,9.0,0.03341485839084481,0.956269682
2,150.0,200.0,319.00389076038743,2.8994868451093794,2.746987960156275,0.26628510157537844,0.008560123051582269,300.0,228.15229898524512,91,0.0,9.0,0.03341485839084481,0.956269682
3,200.0,250.0,319.0960675335804,3.0073131506943582,2.6273216225454803,0.3962797090915067,0.01715850462033297,300.0,228.15229898524512,91,0.0,9.0,0.03341485839084481,0.956269682
0,50.0,100.0,227.2074639008348,1.8321516037905496,1.4591889396112947,0.5552422509722704,0.006649769766196911,500.0,380.88580812995247,91,0.0,9.0,0.03341485839084481,0.956269682
1,100.0,150.0,227.17432523156447,1.1350655667590956,1.037341406781536,0.3264681695793227,0.0052155346959249504,500.0,380.88580812995247,91,0.0,9.0,0.03341485839084481,0.956269682
2,150.0,200.0,227.18270820859163,1.3780373638438164,1.2867820704765904,0.16338691479339257,0.0007889317934969275,500.0,380.88580812995247,91,0.0,9.0,0.03341485839084481,0.956269682
3,200.0,250.0,227.15708241196623,1.283642229834527,1.1547294614036048,0.09017077118633471,0.0012285252898450727,500.0,380.88580812995247,91,0.0,9.0,0.03341485839084481,0.956269682
0,50.0,100.0,153.74948804223007,1.279888190404165,1.1519363137342964,0.2549978687410492,0.05883676467452037,800.0,606.2950294894458,91,0.0,9.0,0.03341485839084481,0.956269682
1,100.0,150.0,153.7859385880854,1.0257049117197425,0.8787010962087152,0.0788708076436954,0.0069177962174868934,800.0,606.2950294894458,91,0.0,9.0,0.03341485839084481,0.956269682
2,150.0,200.0,153.8012870351346,1.2319489936719492,1.0986615798846344,0.12986116663705372,0.01571960947247586,800.0,606.2950294894458,91,0.0,9.0,0.03341485839084481,0.956269682
3,200.0,250.0,153.74102927512806,1.1061116755623743,0.9864144777056936,0.08282278607235209,0.006298054713660406,800.0,606.2950294894458,91,0.0,9.0,0.03341485839084481,0.956269682
0,50.0,100.0,318.7103860087924,2.698123212577741,2.0992884041682487,0.5043042509613961,0.07935100500797598,300.0,228.15229898524512,92,0.39,9.0,0.03341485839084481,0.956269682
1,100.0,150.0,318.4360411853955,2.277702457335579,1.7107082881802853,0.03768616237846094,0.0004377918527174174,300.0,228.15229898524512,92,0.39,9.0,0.03341485839084481,0.956269682
2,150.0,200.0,318.5423680943694,2.3131667659362734,2.0738287221429346,0.3050927392352792,0.02768884148267492,300.0,228.15229898524512,92,0.39,9.0,0.03341485839084481,0.956269682
3,200.0,250.0,318.64559745319474,2.2005189790278337,2.128398382231751,0.40147558553922347,0.04444799241580155,300.0,228.15229898524512,92,0.39,9.0,0.03341485839084481,0.956269682
0,50.0,100.0,227.6192390468996,2.1803833450738352,1.457526557949052,0.27046756282498835,0.000664545465384192,500.0,380.88580812995247,92,0.39,9.0,0.03341485839084481,0.956269682
1,100.0,150.0,227.57340567939116,1.043126101147891,0.8839833143996145,0.4546672106915969,0.006539343559079702,500.0,380.88580812995247,92,0.39,9.0,0.03341485839084481,0.956269682
2,150.0,200.0,227.56545124298273,1.1654183831501257,1.0383877286575114,0.1539123931799089,0.0003789453178542068,500.0,380.88580812995247,92,0.39,9.0,0.03341485839084481,0.956269682
3,200.0,250.0,227.5503198875565,1.0387136888304838,0.9563537754458196,0.14919351886696436,0.0043385348396887125,500.0,380.88580812995247,92,0.39,9.0,0.03341485839084481,0.956269682
0,50.0,100.0,153.9808600243649,1.1040720140397866,1.0123502285744053,0.0855520245962457,0.006566836242868912,800.0,606.2950294894458,92,0.39,9.0,0.03341485839084481,0.956269682
1,100.0,150.0,153.91853478883894,0.9352300311481656,0.8257080823834428,0.07816062402358896,0.008048275339878397,800.0,606.2950294894458,92,0.39,9.0,0.03341485839084481,0.956269682
2,150.0,200.0,153.94488448274,1.103073987962233,0.9741683529556724,0.11893900987551871,0.01575947605547523,800.0,606.2950294894458,92,0.39,9.0,0.03341485839084481,0.956269682
3,200.0,250.0,153.8901233218786,1.0567015704162372,0.9464815062259504,0.07879920048301095,0.0065839474140256815,800.0,606.2950294894458,92,0.39,9.0,0.03341485839084481,0.956269682
0,50.0,100.0,307.3602003400624,5.1869452632968205,2.9549178634571263,1.842659586303334,0.5208162924612715,300.0,228.15229898524512,93,2.0,9.0,0.03341485839084481,0.956269682
1,100.0,150.0,307.8682289509446,0.6609248791053233,0.5486322326416371,0.07099136486933677,0.026107540276315788,300.0,228.15229898524512,93,2.0,9.0,0.03341485839084481,0.956269682
2,150.0,200.0,308.0862098375092,0.835031084323532,0.6910673617044267,0.33854574445366553,0.26298999521728694,300.0,228.15229898524512,93,2.0,9.0,0.03341485839084481,0.956269682
3,200.0,250.0,308.20889674843335,0.9170157080293961,0.7752177407929821,0.36449432920573743,0.3468365186568627,300.0,228.15229898524512,93,2.0,9.0,0.03341485839084481,0.956269682
0,50.0,100.0,202.21260739535526,0.7547583950191381,0.661283808756707,0.5117407248082305,0.060717083303839625,500.0,380.88580812995247,93,2.0,9.0,0.03341485839084481,0.956269682
1,100.0,150.0,202.22555099412287,0.550865549028714,0.4828445411298503,0.40188102733501274,0.01733163489575218,500.0,380.88580812995247,93,2.0,9.0,0.03341485839084481,0.956269682
2,150.0,200.0,202.22981030088738,0.6415850700383601,0.5716817424593614,0.15147187903982742,0.002929774615609615,500.0,380.88580812995247,93,2.0,9.0,0.03341485839084481,0.956269682
3,200.0,250.0,202.22563671825486,0.5688813829860351,0.5244698023078627,0.17663565100270354,0.025861717094658898,500.0,380.88580812995247,93,2.0,9.0,0.03341485839084481,0.956269682
0,50.0,100.0,136.34364267158833,0.8407836491646776,0.7136075995426268,0.09582764575639727,0.017016287555546183,800.0,606.2950294894458,93,2.0,9.0,0.03341485839084481,0.956269682
1,100.0,150.0,136.30075641341182,0.7592132007005148,0.644042550724663,0.0694621205195089,0.014159209888772395,800.0,606.2950294894458,93,2.0,9.0,0.03341485839084481,0.956269682
2,150.0,200.0,136.33183456473137,0.8046039768240973,0.6575845705486358,0.09934516812007958,0.026411445576373982,800.0,606.2950294894458,93,2.0,9.0,0.03341485839084481,0.956269682
3,200.0,250.0,136.28620044802278,0.8022340205809542,0.7109026068229412,0.06715004533493231,0.010327104719218716,800.0,606.2950294894458,93,2.0,9.0,0.03341485839084481,0.956269682
0,50.0,100.0,281.0829140978607,173.93894877892623,143.23872675441956,89.84837155868986,0.6851370712881573,300.0,228.15229898524512,94,4.0,9.0,0.03341485839084481,0.956269682
1,100.0,150.0,289.000615691858,0.7581413950750289,0.5585976982043235,0.26973439258494364,0.32187953793010604,300.0,228.15229898524512,94,4.0,9.0,0.03341485839084481,0.956269682
2,150.0,200.0,289.1589685664726,0.660807190538435,0.5071199597697387,0.3533269787609728,0.5691190177898444,300.0,228.15229898524512,94,4.0,9.0,0.03341485839084481,0.956269682
3,200.0,250.0,289.27607457735627,0.7040192571026296,0.6072171571616423,0.3417664343244586,0.651321712460185,300.0,228.15229898524512,94,4.0,9.0,0.03341485839084481,0.956269682
0,50.0,100.0,185.97881215930002,322.3673481999695,306.02549406286073,352.4916673530738,0.049753771899397226,500.0,380.88580812995247,94,4.0,9.0,0.03341485839084481,0.956269682
1,100.0,150.0,191.56945218113916,171.11698073030632,135.10199782989633,310.91695947471993,0.554820261694373,500.0,380.88580812995247,94,4.0,9.0,0.03341485839084481,0.956269682
2,150.0,200.0,196.3364479955937,0.3472275455351337,0.29964271078870297,0.11965085726555175,0.007069173532494588,500.0,380.88580812995247,94,4.0,9.0,0.03341485839084481,0.956269682
3,200.0,250.0,196.33265334274247,0.3396420046621813,0.28439884279023886,0.12093064892263419,0.05492174601938615,500.0,380.88580812995247,94,4.0,9.0,0.03341485839084481,0.956269682
0,50.0,100.0,138.59051490873873,0.6434175639787156,0.5355476105198136,0.08093244952393855,0.026832096909021108,800.0,606.2950294894458,94,4.0,9.0,0.03341485839084481,0.956269682
1,100.0,150.0,138.5521459311457,0.5754515735866335,0.4543791540794757,0.0686562623264785,0.02789285389759799,800.0,606.2950294894458,94,4.0,9.0,0.03341485839084481,0.956269682
2,150.0,200.0,138.57541902536425,0.5561413905030008,0.44178902200215475,0.1035637534897815,0.05793574324329376,800.0,606.2950294894458,94,4.0,9.0,0.03341485839084481,0.956269682
3,200.0,250.0,138.5381546541075,0.5704450908763761,0.47119446839360535,0.07211111038711647,0.02347242615521783,800.0,606.2950294894458,94,4.0,9.0,0.03341485839084481,0.956269682
0,50.0,100.0,207.3600014561988,368.6402178851448,367.2352893179895,345.1979229055342,0.7549323562629584,300.0,228.15229898524512,95,6.835494476281913,9.0,0.03341485839084481,0.956269682
1,100.0,150.0,232.84407879667262,368.7280456678655,365.54594223054863,304.30507580025767,0.75648472720747,300.0,228.15229898524512,95,6.835494476281913,9.0,0.03341485839084481,0.956269682
2,150.0,200.0,255.67291856089582,369.1679241201239,366.31067370193756,315.4176288594178,0.7356547695426012,300.0,228.15229898524512,95,6.835494476281913,9.0,0.03341485839084481,0.956269682
3,200.0,250.0,265.7176996885651,369.68117226486874,364.9889461960317,313.603000965302,0.7787437641957609,300.0,228.15229898524512,95,6.835494476281913,9.0,0.03341485839084481,0.956269682
0,50.0,100.0,196.78159000489336,419.11625030737963,413.89230748874326,396.49658292136576,0.8007716833840558,500.0,380.88580812995247,95,6.835494476281913,9.0,0.03341485839084481,0.956269682
1,100.0,150.0,203.94429773936662,418.1689352431239,411.70057255587136,412.4010161338188,0.8236779561503678,500.0,380.88580812995247,95,6.835494476281913,9.0,0.03341485839084481,0.956269682
2,150.0,200.0,195.70142124911078,417.86352578072695,415.7836912231064,411.9517939452701,0.7509917973608723,500.0,380.88580812995247,95,6.835494476281913,9.0,0.03341485839084481,0.956269682
3,200.0,250.0,173.56930614537666,417.42964461754394,414.19321129798834,410.42972227408416,0.8119083525850529,500.0,380.88580812995247,95,6.835494476281913,9.0,0.03341485839084481,0.956269682
0,50.0,100.0,133.70782179234374,217.33142286580542,179.39806238563955,10.936705788224584,0.005980483824262417,800.0,606.2950294894458,95,6.835494476281913,9.0,0.03341485839084481,0.956269682
1,100.0,150.0,130.5008284455546,0.3774600260026659,0.2825710079120256,0.07421095088452748,0.07433778910510225,800.0,606.2950294894458,95,6.835494476281913,9.0,0.03341485839084481,0.956269682
2,150.0,200.0,130.5267429716827,0.35406652365074365,0.3050163664840113,0.10298568691939049,0.12876498273468895,800.0,606.2950294894458,95,6.835494476281913,9.0,0.03341485839084481,0.956269682
3,200.0,250.0,130.49047635088064,0.3692346004482374,0.30798366336236427,0.07269809959794198,0.05401491098045297,800.0,606.2950294894458,95,6.835494476281913,9.0,0.03341485839084481,0.956269682
0,50.0,100.0,240.55522401737935,367.87440931251496,366.47149145801694,271.90052513629155,0.5068009989078787,300.0,228.15229898524512,96,8.0,9.0,0.03341485839084481,0.956269682
1,100.0,150.0,217.91840356416154,368.307234683746,367.37548176919387,336.99386836771816,0.7270580616344527,300.0,228.15229898524512,96,8.0,9.0,0.03341485839084481,0.956269682
2,150.0,200.0,223.40054853890288,368.6945769903233,366.3389943808799,327.76111299397974,0.7848592412076525,300.0,228.15229898524512,96,8.0,9.0,0.03341485839084481,0.956269682
3,200.0,250.0,233.49110543719655,368.6088535639908,366.6889230229593,299.41291805531284,0.698383043015405,300.0,228.15229898524512,96,8.0,9.0,0.03341485839084481,0.956269682
0,50.0,100.0,191.11114298523935,426.8460040164611,424.5451134511509,418.19498252533157,0.7736270220341132,500.0,380.88580812995247,96,8.0,9.0,0.03341485839084481,0.956269682
1,100.0,150.0,192.5771884443758,427.4991230316149,424.26167484016236,414.4573712867967,0.8019938385538703,500.0,380.88580812995247,96,8.0,9.0,0.03341485839084481,0.956269682
2,150.0,200.0,198.46941062126098,427.8960197376061,422.7902108031701,415.3485839579132,0.8179342635894524,500.0,380.88580812995247,96,8.0,9.0,0.03341485839084481,0.956269682
3,200.0,250.0,201.44577326405476,427.60496063669643,421.62260695521,417.50661958640273,0.7910988142900016,500.0,380.88580812995247,96,8.0,9.0,0.03341485839084481,0.956269682
0,50.0,100.0,122.91769799249447,299.9488185494796,296.67664843723554,291.5325468138859,0.8259316739285137,800.0,606.2950294894458,96,8.0,9.0,0.03341485839084481,0.956269682
1,100.0,150.0,126.89412511800468,299.5354755249919,294.683988285008,290.41178739192594,0.8186561672560929,800.0,606.2950294894458,96,8.0,9.0,0.03341485839084481,0.956269682
2,150.0,200.0,139.2339258775959,298.6391183980544,295.7033180671395,289.34210666992226,0.8341939353184957,800.0,606.2950294894458,96,8.0,9.0,0.03341485839084481,0.956269682
3,200.0,250.0,133.93684477976026,300.23388220718573,297.3618242381648,302.336870869205,0.7993381357372138,800.0,606.2950294894458,96,8.0,9.0,0.03341485839084481,0.956269682
0,50.0,100.0,212.48209067041097,365.23750875563337,364.4652747240062,363.27522971496546,0.7472360908619485,300.0,228.15229898524512,97,12.0,9.0,0.03341485839084481,0.956269682
1,100.0,150.0,219.34862175784812,362.48176759782746,361.7900169619146,434.0041412091622,0.6730457104098211,300.0,228.15229898524512,97,12.0,9.0,0.03341485839084481,0.956269682
2,150.0,200.0,229.9042483840958,362.8854071293377,362.1306537016437,428.8308100231637,0.5865255000159786,300.0,228.15229898524512,97,12.0,9.0,0.03341485839084481,0.956269682
3,200.0,250.0,241.99339342886128,362.8160891566054,362.06812202005517,298.44977802518,0.7018047260883973,300.0,228.15229898524512,97,12.0,9.0,0.03341485839084481,0.956269682
0,50.0,100.0,177.45589524362367,431.7807652862646,415.1800913073655,378.6683919295179,0.8324826936137707,500.0,380.88580812995247,97,12.0,9.0,0.03341485839084481,0.956269682
1,100.0,150.0,218.764511919885,431.56288908562135,427.2743783919284,428.87550748080747,0.7470508896296559,500.0,380.88580812995247,97,12.0,9.0,0.03341485839084481,0.956269682
2,150.0,200.0,160.7482185576516,431.2830708474196,417.4551794761923,388.87814237710603,0.8239893455544478,500.0,380.88580812995247,97,12.0,9.0,0.03341485839084481,0.956269682
3,200.0,250.0,233.0427734783282,432.25800497912644,427.70390189223514,412.5492003891531,0.7597103236066658,500.0,380.88580812995247,97,12.0,9.0,0.03341485839084481,0.956269682
0,50.0,100.0,146.45191493743272,424.54172194844483,408.7859387396971,373.82389944882686,0.7789770943484432,800.0,606.2950294894458,97,12.0,9.0,0.03341485839084481,0.956269682
1,100.0,150.0,146.28620630175985,423.77775090305056,408.4312948749945,374.0830792917025,0.7782163475703492,800.0,606.2950294894458,97,12.0,9.0,0.03341485839084481,0.956269682
2,150.0,200.0,146.37449514138405,422.9885293821085,409.39529377520813,377.8368185249486,0.7748002373929872,800.0,606.2950294894458,97,12.0,9.0,0.03341485839084481,0.956269682
3,200.0,250.0,146.86853446362,422.302919227768,410.2772549066958,383.03389428405274,0.7700398868858238,800.0,606.2950294894458,97,12.0,9.0,0.03341485839084481,0.956269682
0,50.0,100.0,318.95850196990574,4.64087222395824,3.2677535448322033,1.0865270477799698,0.1339205482991015,300.0,228.15229898524512,98,0.0,11.90870637629186,0.0442141930202159,0.956269682
1,100.0,150.0,318.62766859983384,2.6144301579658418,2.415705175680557,0.06430130524005673,0.0005644434716125524,300.0,228.15229898524512,98,0.0,11.90870637629186,0.0442141930202159,0.956269682
2,150.0,200.0,318.8572764836002,2.9522964281690065,2.7441098072548016,0.29553539040502713,0.01024593502431037,300.0,228.15229898524512,98,0.0,11.90870637629186,0.0442141930202159,0.956269682
3,200.0,250.0,318.9466571007711,3.0101141377942895,2.6695067492161684,0.43722445143789224,0.021067250591725206,300.0,228.15229898524512,98,0.0,11.90870637629186,0.0442141930202159,0.956269682
0,50.0,100.0,226.8609070604356,2.2256364347300917,1.7393308115775596,0.8041131494175005,0.07733180313955978,500.0,380.88580812995247,98,0.0,11.90870637629186,0.0442141930202159,0.956269682
1,100.0,150.0,226.62577155842231,1.4182918660810628,1.277720474598624,0.6242109695400319,0.04542908568487791,500.0,380.88580812995247,98,0.0,11.90870637629186,0.0442141930202159,0.956269682
2,150.0,200.0,226.53496063539362,1.5150292616499996,1.3174639420230392,0.31078176439108374,0.0036940247620418365,500.0,380.88580812995247,98,0.0,11.90870637629186,0.0442141930202159,0.956269682
3,200.0,250.0,226.47548543179084,1.294966980540039,1.1604834994863609,0.08244634394286755,0.0008395298535998075,500.0,380.88580812995247,98,0.0,11.90870637629186,0.0442141930202159,0.956269682
0,50.0,100.0,153.69968104633483,1.1967996090652093,1.1163394827855768,0.11112154788651744,0.010314421756690062,800.0,606.2950294894458,98,0.0,11.90870637629186,0.0442141930202159,0.956269682
1,100.0,150.0,153.65082375811878,1.0301306010275368,0.8875790908619194,0.08036262734350295,0.007043842806964462,800.0,606.2950294894458,98,0.0,11.90870637629186,0.0442141930202159,0.956269682
2,150.0,200.0,153.6796519071184,1.2310698373962623,1.099282968308188,0.1378687352480802,0.017479368824327324,800.0,606.2950294894458,98,0.0,11.90870637629186,0.0442141930202159,0.956269682
3,200.0,250.0,153.61515327363355,1.1303253597547211,1.0003246559508625,0.10226616355096688,0.009579328665560105,800.0,606.2950294894458,98,0.0,11.90870637629186,0.0442141930202159,0.956269682
0,50.0,100.0,318.82997022093497,3.4820434964728406,2.454021928326938,0.8519145210504931,0.19137634414440463,300.0,228.15229898524512,99,0.39,11.90870637629186,0.0442141930202159,0.956269682
1,100.0,150.0,318.3639887241564,2.209961411549557,1.7126498177864846,0.04250846814505017,0.0005570469113687082,300.0,228.15229898524512,99,0.39,11.90870637629186,0.0442141930202159,0.956269682
2,150.0,200.0,318.4763714820507,2.4227502028022627,2.088693683234851,0.3460387129152192,0.03597886183625487,300.0,228.15229898524512,99,0.39,11.90870637629186,0.0442141930202159,0.956269682
3,200.0,250.0,318.6048260856105,2.232467260788269,2.1312325387559667,0.44634922105623237,0.05423882050148676,300.0,228.15229898524512,99,0.39,11.90870637629186,0.0442141930202159,0.956269682
0,50.0,100.0,227.05795198108208,2.741233201469555,1.9378960359893824,0.9136858627709656,0.0583604502963887,500.0,380.88580812995247,99,0.39,11.90870637629186,0.0442141930202159,0.956269682
1,100.0,150.0,226.933821841596,1.0893486550837395,0.9829032376196096,0.18306646840424728,0.007940118475994185,500.0,380.88580812995247,99,0.39,11.90870637629186,0.0442141930202159,0.956269682
2,150.0,200.0,226.85491964599743,1.249547947890079,1.0619430708841264,0.11918290171110758,0.0010838837942073187,500.0,380.88580812995247,99,0.39,11.90870637629186,0.0442141930202159,0.956269682
3,200.0,250.0,226.83314605581577,1.0385348639840117,0.949802375364527,0.1174939239634657,0.0054406915789395605,500.0,380.88580812995247,99,0.39,11.90870637629186,0.0442141930202159,0.956269682
0,50.0,100.0,153.66127526066327,1.0399518513835346,0.9600888662623959,0.1102425941069082,0.013603808843011711,800.0,606.2950294894458,99,0.39,11.90870637629186,0.0442141930202159,0.956269682
1,100.0,150.0,153.46545694426317,0.9295032994532164,0.7817796936503214,0.13982105574283843,0.027826222076886897,800.0,606.2950294894458,99,0.39,11.90870637629186,0.0442141930202159,0.956269682
2,150.0,200.0,153.36369654667894,1.054051351124457,0.8912634585968533,0.17409566171453414,0.038747717995351594,800.0,606.2950294894458,99,0.39,11.90870637629186,0.0442141930202159,0.956269682
3,200.0,250.0,153.47083515634966,1.0509365217082518,0.9007296963103784,0.1205009239492262,0.017633733439116672,800.0,606.2950294894458,99,0.39,11.90870637629186,0.0442141930202159,0.956269682
0,50.0,100.0,310.16329592095775,6.545006931957744,5.007793716851381,2.577597437909837,0.6784852888898406,300.0,228.15229898524512,100,2.0,11.90870637629186,0.0442141930202159,0.956269682
1,100.0,150.0,311.246773401023,0.7174896774948252,0.6039185321210994,0.08503851847231492,0.03759316549899849,300.0,228.15229898524512,100,2.0,11.90870637629186,0.0442141930202159,0.956269682
2,150.0,200.0,311.4611821752388,0.8924601626236495,0.7272547023615061,0.3847051265440665,0.3114994458455954,300.0,228.15229898524512,100,2.0,11.90870637629186,0.0442141930202159,0.956269682
3,200.0,250.0,311.580093735789,0.979153541384278,0.8240652083852069,0.40240518376860024,0.3981057576121121,300.0,228.15229898524512,100,2.0,11.90870637629186,0.0442141930202159,0.956269682
0,50.0,100.0,184.7481982715343,3.3062847497294,2.5357160065496203,6.041457826518345,0.7693997889664421,500.0,380.88580812995247,100,2.0,11.90870637629186,0.0442141930202159,0.956269682
1,100.0,150.0,184.34145983672275,0.5446965362876597,0.4794739945663764,0.40179889605538804,0.014516593971695912,500.0,380.88580812995247,100,2.0,11.90870637629186,0.0442141930202159,0.956269682
2,150.0,200.0,184.30138730668037,0.6205296089597141,0.5549759524064939,0.16355206335545222,0.003603755041663881,500.0,380.88580812995247,100,2.0,11.90870637629186,0.0442141930202159,0.956269682
3,200.0,250.0,184.26566739365083,0.5625040406022777,0.5132810533447412,0.20077574681814467,0.0327400598503087,500.0,380.88580812995247,100,2.0,11.90870637629186,0.0442141930202159,0.956269682
0,50.0,100.0,128.74242892392104,0.7917439132230015,0.6913662273005059,0.08284438976311465,0.014498242586091004,800.0,606.2950294894458,100,2.0,11.90870637629186,0.0442141930202159,0.956269682
1,100.0,150.0,128.63660048476157,0.7254174863286096,0.635127148765747,0.06847504375840173,0.0145994282366253,800.0,606.2950294894458,100,2.0,11.90870637629186,0.0442141930202159,0.956269682
2,150.0,200.0,128.67221033075194,0.7640727907949838,0.6203189761637304,0.11018555408613712,0.03595900509326866,800.0,606.2950294894458,100,2.0,11.90870637629186,0.0442141930202159,0.956269682
3,200.0,250.0,128.62026973298626,0.7608535146579243,0.6689561584961439,0.07861210933091702,0.01600012479737689,800.0,606.2950294894458,100,2.0,11.90870637629186,0.0442141930202159,0.956269682
0,50.0,100.0,262.37995551540246,58.95017159789495,57.00907650686449,30.874435692690735,0.8697744775453106,300.0,228.15229898524512,101,4.0,11.90870637629186,0.0442141930202159,0.956269682
1,100.0,150.0,274.92471417509273,0.416576262410274,0.306075460171769,0.026638149650916484,0.013822346771967697,300.0,228.15229898524512,101,4.0,11.90870637629186,0.0442141930202159,0.956269682
2,150.0,200.0,275.1265081160841,0.6648305103827852,0.5323521052880551,0.3668061158106387,0.586345732640515,300.0,228.15229898524512,101,4.0,11.90870637629186,0.0442141930202159,0.956269682
3,200.0,250.0,275.2177951837195,0.7024099455144324,0.6091918502481235,0.3452714619887513,0.6589331752656822,300.0,228.15229898524512,101,4.0,11.90870637629186,0.0442141930202159,0.956269682
0,50.0,100.0,193.97329295771223,128.29845011036014,85.33218665174218,211.1540546369419,0.504290904039757,500.0,380.88580812995247,101,4.0,11.90870637629186,0.0442141930202159,0.956269682
1,100.0,150.0,192.89356637941736,0.30438612858003466,0.26641592604548237,0.2865288863122788,0.07638864594418315,500.0,380.88580812995247,101,4.0,11.90870637629186,0.0442141930202159,0.956269682
2,150.0,200.0,192.89803961840116,0.3480768751334722,0.3049415694793822,0.13987897061765112,0.00996244375956612,500.0,380.88580812995247,101,4.0,11.90870637629186,0.0442141930202159,0.956269682
3,200.0,250.0,192.8875862359581,0.36105497372290074,0.29381172283197543,0.13248453757736667,0.07136138143771165,500.0,380.88580812995247,101,4.0,11.90870637629186,0.0442141930202159,0.956269682
0,50.0,100.0,130.9423157054689,0.6239567182249175,0.5497696019571094,0.08666925227650628,0.029957724014053166,800.0,606.2950294894458,101,4.0,11.90870637629186,0.0442141930202159,0.956269682
1,100.0,150.0,130.8425906027668,0.5782680512396894,0.4601294878913791,0.06534131914845992,0.024541675627744786,800.0,606.2950294894458,101,4.0,11.90870637629186,0.0442141930202159,0.956269682
2,150.0,200.0,130.8855820833679,0.5363079438038199,0.4432001506115455,0.11315424295446858,0.07364318105951606,800.0,606.2950294894458,101,4.0,11.90870637629186,0.0442141930202159,0.956269682
3,200.0,250.0,130.84048686958798,0.5581963923270052,0.46497262546384377,0.08298567271532038,0.03378662387211395,800.0,606.2950294894458,101,4.0,11.90870637629186,0.0442141930202159,0.956269682
0,50.0,100.0,256.0387700998686,366.85615792343344,358.58590118310275,622.1000722132153,0.5936520949408886,300.0,228.15229898524512,102,6.835494476281913,11.90870637629186,0.0442141930202159,0.956269682
1,100.0,150.0,262.55130822268,300.6815490749485,293.9448021766016,499.6656553064838,0.7031728190857565,300.0,228.15229898524512,102,6.835494476281913,11.90870637629186,0.0442141930202159,0.956269682
2,150.0,200.0,261.87624157625373,134.8545058990985,121.10090458048612,260.3657857047876,0.8886114409308304,300.0,228.15229898524512,102,6.835494476281913,11.90870637629186,0.0442141930202159,0.956269682
3,200.0,250.0,285.22340808277005,16.86421402945905,12.5746723700031,18.08567984604053,0.9621475498582864,300.0,228.15229898524512,102,6.835494476281913,11.90870637629186,0.0442141930202159,0.956269682
0,50.0,100.0,187.2009770793489,385.73185492336177,382.64531012134256,389.4963553659445,0.801739503797117,500.0,380.88580812995247,102,6.835494476281913,11.90870637629186,0.0442141930202159,0.956269682
1,100.0,150.0,187.95758103501623,384.52578778038014,380.3405494914459,388.8991226737398,0.8081673472926816,500.0,380.88580812995247,102,6.835494476281913,11.90870637629186,0.0442141930202159,0.956269682
2,150.0,200.0,186.58592480151245,384.3269016840184,380.75998453062823,385.82804195896443,0.8284373582054635,500.0,380.88580812995247,102,6.835494476281913,11.90870637629186,0.0442141930202159,0.956269682
3,200.0,250.0,183.40612306069835,383.44166344008823,382.31079809524454,389.3027615962409,0.8031801034077675,500.0,380.88580812995247,102,6.835494476281913,11.90870637629186,0.0442141930202159,0.956269682
0,50.0,100.0,132.7774834218558,1.2685211870964395,0.4159956402447449,0.2023766959510392,0.13330224290215964,800.0,606.2950294894458,102,6.835494476281913,11.90870637629186,0.0442141930202159,0.956269682
1,100.0,150.0,132.74106872401455,0.3777430221165048,0.2949542090594832,0.07433768180721834,0.07447885158118628,800.0,606.2950294894458,102,6.835494476281913,11.90870637629186,0.0442141930202159,0.956269682
2,150.0,200.0,132.7678731437168,0.36756682444368494,0.30912709275429506,0.11846101819059426,0.1661828732226842,800.0,606.2950294894458,102,6.835494476281913,11.90870637629186,0.0442141930202159,0.956269682
3,200.0,250.0,132.7252431301381,0.37690865457767586,0.3250742178674386,0.09047325391182558,0.08330818590291278,800.0,606.2950294894458,102,6.835494476281913,11.90870637629186,0.0442141930202159,0.956269682
0,50.0,100.0,245.1214938263422,382.5510640640012,372.1491295463752,402.0012981924972,0.7233658810281365,300.0,228.15229898524512,103,8.0,11.90870637629186,0.0442141930202159,0.956269682
1,100.0,150.0,245.6832847511886,365.9981471563179,361.1845042579567,391.30715880474304,0.7847271987675727,300.0,228.15229898524512,103,8.0,11.90870637629186,0.0442141930202159,0.956269682
2,150.0,200.0,246.38529010909167,365.97698555050425,361.7831653431756,380.63967989560075,0.8093152659788044,300.0,228.15229898524512,103,8.0,11.90870637629186,0.0442141930202159,0.956269682
3,200.0,250.0,246.4459657450151,367.0023668608578,361.9988388613067,367.70949945582356,0.8051341840429871,300.0,228.15229898524512,103,8.0,11.90870637629186,0.0442141930202159,0.956269682
0,50.0,100.0,206.64587032532873,406.89193141082455,402.05918960715485,404.6360846631744,0.7953805960976023,500.0,380.88580812995247,103,8.0,11.90870637629186,0.0442141930202159,0.956269682
1,100.0,150.0,188.80203158991574,405.86556793134963,400.596524860941,381.3173886695916,0.8624926458779704,500.0,380.88580812995247,103,8.0,11.90870637629186,0.0442141930202159,0.956269682
2,150.0,200.0,163.59564720625744,405.5490526089532,400.89976240706943,393.56543124099795,0.8082078082517874,500.0,380.88580812995247,103,8.0,11.90870637629186,0.0442141930202159,0.956269682
3,200.0,250.0,177.48676317452453,405.57198534891893,400.91156087902317,407.70594818273685,0.8091535853888373,500.0,380.88580812995247,103,8.0,11.90870637629186,0.0442141930202159,0.956269682
0,50.0,100.0,132.72724602334227,11.074766055668931,10.014601391237335,4.572980792172722,0.45760846121406096,800.0,606.2950294894458,103,8.0,11.90870637629186,0.0442141930202159,0.956269682
1,100.0,150.0,131.0168580749774,0.3333972818460893,0.26653314268264694,0.07310416112811735,0.09282822179369776,800.0,606.2950294894458,103,8.0,11.90870637629186,0.0442141930202159,0.956269682
2,150.0,200.0,131.04249537102663,0.33311533130614635,0.27807179394926607,0.11905101003056075,0.2092958017909795,800.0,606.2950294894458,103,8.0,11.90870637629186,0.0442141930202159,0.956269682
3,200.0,250.0,131.00232077760077,0.3384649599331908,0.29452044262885124,0.09037578155030773,0.10563527214522106,800.0,606.2950294894458,103,8.0,11.90870637629186,0.0442141930202159,0.956269682
0,50.0,100.0,211.15116992064918,374.6188822646491,373.99504652496574,426.8781225382524,0.7022227925231841,300.0,228.15229898524512,104,12.0,11.90870637629186,0.0442141930202159,0.956269682
1,100.0,150.0,243.1356545294328,366.9861516020245,366.49513188552294,403.8381334092706,0.5434263170413997,300.0,228.15229898524512,104,12.0,11.90870637629186,0.0442141930202159,0.956269682
2,150.0,200.0,289.44647518876127,367.24011007572,301.0292964038744,349.63710617326524,0.6500384894449989,300.0,228.15229898524512,104,12.0,11.90870637629186,0.0442141930202159,0.956269682
3,200.0,250.0,225.3039392441277,367.33488349072144,362.9172852076001,102.4321330536777,0.9661027026624895,300.0,228.15229898524512,104,12.0,11.90870637629186,0.0442141930202159,0.956269682
0,50.0,100.0,156.045258986699,431.26716073171065,419.59043726278014,404.30129906040884,0.8321789800981836,500.0,380.88580812995247,104,12.0,11.90870637629186,0.0442141930202159,0.956269682
1,100.0,150.0,211.92080823634163,431.1434315577595,422.9877145175754,388.90331698882545,0.8054034501177005,500.0,380.88580812995247,104,12.0,11.90870637629186,0.0442141930202159,0.956269682
2,150.0,200.0,207.77085179116511,431.62254475018716,429.1008685976916,453.86924287445754,0.7666937170142,500.0,380.88580812995247,104,12.0,11.90870637629186,0.0442141930202159,0.956269682
3,200.0,250.0,153.29832448108735,430.8069800298386,422.29501208504706,399.9979659989286,0.8321900689178231,500.0,380.88580812995247,104,12.0,11.90870637629186,0.0442141930202159,0.956269682
0,50.0,100.0,129.24428525844124,344.5321855970965,337.9959507452971,328.51244556377503,0.7846955524209698,800.0,606.2950294894458,104,12.0,11.90870637629186,0.0442141930202159,0.956269682
1,100.0,150.0,128.27683121247804,343.76144478888443,336.4931853191053,315.850270888673,0.8016878859760412,800.0,606.2950294894458,104,12.0,11.90870637629186,0.0442141930202159,0.956269682
2,150.0,200.0,129.358855316633,344.3999097288502,337.00432579133735,319.40381780856507,0.7999857655792695,800.0,606.2950294894458,104,12.0,11.90870637629186,0.0442141930202159,0.956269682
3,200.0,250.0,133.72924593095925,343.64342523185144,337.2700647215207,325.6881770820674,0.7879217740390833,800.0,606.2950294894458,104,12.0,11.90870637629186,0.0442141930202159,0.956269682
0,50.0,100.0,319.10668331049004,5.521053961238522,4.149029716839436,1.588200872675854,0.23495313799050155,300.0,228.15229898524512,105,0.0,13.026,0.04836243837768271,0.956269682
1,100.0,150.0,318.3174081075607,2.9851718422578983,2.2308461501532975,0.16556955203421087,0.004720130395488242,300.0,228.15229898524512,105,0.0,13.026,0.04836243837768271,0.956269682
2,150.0,200.0,318.65391600755135,3.2105930904354523,2.8627246955110195,0.44649540070873145,0.025903770414377414,300.0,228.15229898524512,105,0.0,13.026,0.04836243837768271,0.956269682
3,200.0,250.0,318.7600171173388,3.015687224580688,2.683094886812796,0.4792288638417831,0.022684303771641545,300.0,228.15229898524512,105,0.0,13.026,0.04836243837768271,0.956269682
0,50.0,100.0,226.7784237004371,2.3332970378513664,1.979074208901892,0.37684523124069114,0.06850893609401487,500.0,380.88580812995247,105,0.0,13.026,0.04836243837768271,0.956269682
1,100.0,150.0,226.22777652479124,1.5361733617194204,1.303605711681513,0.11510360396167776,0.005585989404055081,500.0,380.88580812995247,105,0.0,13.026,0.04836243837768271,0.956269682
2,150.0,200.0,226.03909519154445,1.7830117125168954,1.4818835394049756,0.25078361850104386,0.016505518631334093,500.0,380.88580812995247,105,0.0,13.026,0.04836243837768271,0.956269682
3,200.0,250.0,225.94576360663723,1.4348751094588295,1.3456394069852706,0.08638759532608442,0.005038426668489526,500.0,380.88580812995247,105,0.0,13.026,0.04836243837768271,0.956269682
0,50.0,100.0,153.63920884682048,1.3667045112814833,1.0931987728305614,0.14152411838042556,0.019971321231912142,800.0,606.2950294894458,105,0.0,13.026,0.04836243837768271,0.956269682
1,100.0,150.0,153.54141999485458,1.109748075108456,0.941345933777427,0.09064868349541375,0.009537684832979343,800.0,606.2950294894458,105,0.0,13.026,0.04836243837768271,0.956269682
2,150.0,200.0,153.58753820327362,1.2765347312354436,1.110156647703235,0.18399456720050728,0.032837197613212576,800.0,606.2950294894458,105,0.0,13.026,0.04836243837768271,0.956269682
3,200.0,250.0,153.54487523722284,1.1320546412858619,1.000942930095107,0.11755271846554627,0.013010209539552342,800.0,606.2950294894458,105,0.0,13.026,0.04836243837768271,0.956269682
0,50.0,100.0,318.88951409888205,4.116982086582084,2.989473621753916,1.0524579310500792,0.24651869346432764,300.0,228.15229898524512,106,0.39,13.026,0.04836243837768271,0.956269682
1,100.0,150.0,318.22032898934003,1.9865029504778704,1.7485028269545637,0.15174697671517345,0.007678762810717443,300.0,228.15229898524512,106,0.39,13.026,0.04836243837768271,0.956269682
2,150.0,200.0,318.27802572614894,2.6394434562513425,2.1944529938135133,0.42000712923069,0.04977737265436455,300.0,228.15229898524512,106,0.39,13.026,0.04836243837768271,0.956269682
3,200.0,250.0,318.39641308361337,2.220152538550508,2.1385396518937796,0.48020363629930346,0.05940368804241325,300.0,228.15229898524512,106,0.39,13.026,0.04836243837768271,0.956269682
0,50.0,100.0,227.1527266203857,1.8866344780817599,1.5234767094698896,0.3821805263550427,0.012666062301411762,500.0,380.88580812995247,106,0.39,13.026,0.04836243837768271,0.956269682
1,100.0,150.0,227.0516596525382,1.0622427310560454,0.9773243942299246,0.12079295911109643,0.008350118031996256,500.0,380.88580812995247,106,0.39,13.026,0.04836243837768271,0.956269682
2,150.0,200.0,226.92270870232002,1.282433105391675,1.1305475811958559,0.13929048154916104,0.00703879147160591,500.0,380.88580812995247,106,0.39,13.026,0.04836243837768271,0.956269682
3,200.0,250.0,226.8899924915132,1.0419473315638186,0.9547250649181365,0.09626231201835003,0.006046964688805501,500.0,380.88580812995247,106,0.39,13.026,0.04836243837768271,0.956269682
0,50.0,100.0,153.6198821125482,1.375302650644386,1.2156263313902116,0.08187333726942297,0.005505639109862237,800.0,606.2950294894458,106,0.39,13.026,0.04836243837768271,0.956269682
1,100.0,150.0,153.5288003492617,1.0494018140892365,0.8131721217667973,0.07740661742692775,0.007186592858580365,800.0,606.2950294894458,106,0.39,13.026,0.04836243837768271,0.956269682
2,150.0,200.0,153.53577452450236,1.223073375263084,0.9960251908833015,0.1857485723821333,0.0392874809695537,800.0,606.2950294894458,106,0.39,13.026,0.04836243837768271,0.956269682
3,200.0,250.0,153.50859340421783,1.0584302813890076,0.9520865754712418,0.12240533391385636,0.01699255779267783,800.0,606.2950294894458,106,0.39,13.026,0.04836243837768271,0.956269682
0,50.0,100.0,311.0490018896986,5.8938859903657885,5.097373451516148,2.387872942184233,0.7478274237683269,300.0,228.15229898524512,107,2.0,13.026,0.04836243837768271,0.956269682
1,100.0,150.0,312.2798846159778,0.736235330561783,0.6232259626548853,0.08684104986218548,0.039120944076462605,300.0,228.15229898524512,107,2.0,13.026,0.04836243837768271,0.956269682
2,150.0,200.0,312.4957197268242,0.915735777173154,0.739901972257826,0.40061841152743094,0.327402621717213,300.0,228.15229898524512,107,2.0,13.026,0.04836243837768271,0.956269682
3,200.0,250.0,312.6134880722639,0.9976607831619049,0.8353543211759415,0.411719403417892,0.4109990005456625,300.0,228.15229898524512,107,2.0,13.026,0.04836243837768271,0.956269682
0,50.0,100.0,180.36298172879953,3.0696393236414963,2.5426062330066372,3.76811329648058,0.7752311313192286,500.0,380.88580812995247,107,2.0,13.026,0.04836243837768271,0.956269682
1,100.0,150.0,179.935727973981,0.5292440418553213,0.4678696665087614,0.32027521961571376,0.020095501978862562,500.0,380.88580812995247,107,2.0,13.026,0.04836243837768271,0.956269682
2,150.0,200.0,179.9193539457631,0.617519561902867,0.5485118148824029,0.13125900870316073,0.0031470370712752826,500.0,380.88580812995247,107,2.0,13.026,0.04836243837768271,0.956269682
3,200.0,250.0,179.89839692817765,0.569224130381599,0.5174273185829747,0.1663914305418551,0.03270742768444246,500.0,380.88580812995247,107,2.0,13.026,0.04836243837768271,0.956269682
0,50.0,100.0,125.95312288369522,0.7828330165981612,0.6702260358746059,0.09514419541693067,0.020353447038745642,800.0,606.2950294894458,107,2.0,13.026,0.04836243837768271,0.956269682
1,100.0,150.0,125.85814547472079,0.7180264069556159,0.6140181768360691,0.06904225371011856,0.015644497823050663,800.0,606.2950294894458,107,2.0,13.026,0.04836243837768271,0.956269682
2,150.0,200.0,125.89528923148198,0.7494398282921253,0.6085947282031015,0.11293741486656504,0.03903305504811161,800.0,606.2950294894458,107,2.0,13.026,0.04836243837768271,0.956269682
3,200.0,250.0,125.84072602743396,0.7478448132124953,0.6588529869192428,0.08177309391118438,0.018027504890864687,800.0,606.2950294894458,107,2.0,13.026,0.04836243837768271,0.956269682
0,50.0,100.0,265.5487750646879,44.59173999631378,43.51164161355098,22.49427403910751,0.6804587737373373,300.0,228.15229898524512,108,4.0,13.026,0.04836243837768271,0.956269682
1,100.0,150.0,276.79065784556434,0.7661575346610903,0.5363028676518979,0.1632539042748946,0.2800691907179985,300.0,228.15229898524512,108,4.0,13.026,0.04836243837768271,0.956269682
2,150.0,200.0,276.9568999978886,0.6868842119188798,0.5376122208505194,0.37534393994970955,0.5970177518798756,300.0,228.15229898524512,108,4.0,13.026,0.04836243837768271,0.956269682
3,200.0,250.0,277.05471675585346,0.7234503704491999,0.6280760822414777,0.35202312250433265,0.6690636105408881,300.0,228.15229898524512,108,4.0,13.026,0.04836243837768271,0.956269682
0,50.0,100.0,203.33547732672235,90.91702020638013,78.54532583928025,182.14295842492666,0.7828925318891808,500.0,380.88580812995247,108,4.0,13.026,0.04836243837768271,0.956269682
1,100.0,150.0,198.10101051189835,0.3069342271024311,0.2702879953201318,0.2970894954595039,0.08487946771653576,500.0,380.88580812995247,108,4.0,13.026,0.04836243837768271,0.956269682
2,150.0,200.0,198.1033326158448,0.35063989049061206,0.30649377066512784,0.1427283188256038,0.010226008647629459,500.0,380.88580812995247,108,4.0,13.026,0.04836243837768271,0.956269682
3,200.0,250.0,198.09239584022853,0.3668813284105852,0.3036308413213078,0.13841517737353728,0.07331160340793619,500.0,380.88580812995247,108,4.0,13.026,0.04836243837768271,0.956269682
0,50.0,100.0,128.57157881118255,0.6204995578817147,0.5592727451627013,0.09584492575592582,0.03860006578108888,800.0,606.2950294894458,108,4.0,13.026,0.04836243837768271,0.956269682
1,100.0,150.0,128.46876917340813,0.5683140636580788,0.4592115811923918,0.06616964081681523,0.026809262193996708,800.0,606.2950294894458,108,4.0,13.026,0.04836243837768271,0.956269682
2,150.0,200.0,128.5032485002446,0.5316140876203121,0.44240518835334797,0.11788463758492579,0.08056499668860506,800.0,606.2950294894458,108,4.0,13.026,0.04836243837768271,0.956269682
3,200.0,250.0,128.45544157686297,0.5559910395594159,0.46240039436790425,0.08773941219145907,0.038801213203599194,800.0,606.2950294894458,108,4.0,13.026,0.04836243837768271,0.956269682
0,50.0,100.0,254.7204266851313,371.25783288146687,351.44358189437213,1886.471521295158,0.7476937763697785,300.0,228.15229898524512,109,6.835494476281913,13.026,0.04836243837768271,0.956269682
1,100.0,150.0,262.3832180827325,166.0355086800392,149.27214566991216,661.4489748127276,0.9582054866262878,300.0,228.15229898524512,109,6.835494476281913,13.026,0.04836243837768271,0.956269682
2,150.0,200.0,285.7457981745475,19.806567544286224,17.699322205149656,28.816722065753805,0.9905890412276,300.0,228.15229898524512,109,6.835494476281913,13.026,0.04836243837768271,0.956269682
3,200.0,250.0,283.4528713167321,0.4998141029242902,0.4287268401938604,0.6616972947931776,0.38193672283929225,300.0,228.15229898524512,109,6.835494476281913,13.026,0.04836243837768271,0.956269682
0,50.0,100.0,188.87209895673587,369.9665913638349,367.24174525237936,370.60900287421833,0.8312072933920586,500.0,380.88580812995247,109,6.835494476281913,13.026,0.04836243837768271,0.956269682
1,100.0,150.0,187.85301866113278,368.2849467941314,366.0028887842313,368.4534827505522,0.8323919587516942,500.0,380.88580812995247,109,6.835494476281913,13.026,0.04836243837768271,0.956269682
2,150.0,200.0,187.59128397043224,367.89914116738044,365.2511032559813,368.347667418599,0.8285110400480062,500.0,380.88580812995247,109,6.835494476281913,13.026,0.04836243837768271,0.956269682
3,200.0,250.0,188.50162837422687,367.5277028958661,365.2352801640708,369.23508382423717,0.8322723029019495,500.0,380.88580812995247,109,6.835494476281913,13.026,0.04836243837768271,0.956269682
0,50.0,100.0,135.35164052533693,2.2635915799384065,1.326534378725853,0.4948730274571996,0.24717630952770753,800.0,606.2950294894458,109,6.835494476281913,13.026,0.04836243837768271,0.956269682
1,100.0,150.0,135.48887473788244,0.38072323654986917,0.30174988358399446,0.077114317159008,0.07934328329915508,800.0,606.2950294894458,109,6.835494476281913,13.026,0.04836243837768271,0.956269682
2,150.0,200.0,135.51676396298018,0.374838585520763,0.31131401070481957,0.1261201636998222,0.18386463969158084,800.0,606.2950294894458,109,6.835494476281913,13.026,0.04836243837768271,0.956269682
3,200.0,250.0,135.47214523731876,0.3767745180152815,0.3297270443377158,0.09430600181994479,0.09001793026905291,800.0,606.2950294894458,109,6.835494476281913,13.026,0.04836243837768271,0.956269682
0,50.0,100.0,241.66169516954918,386.45321235859706,378.6666387327076,448.77048192757917,0.7947695986570524,300.0,228.15229898524512,110,8.0,13.026,0.04836243837768271,0.956269682
1,100.0,150.0,244.25719787355538,355.7356799028106,349.56306831208866,342.9657105877184,0.8212856777341396,300.0,228.15229898524512,110,8.0,13.026,0.04836243837768271,0.956269682
2,150.0,200.0,245.5474989420788,353.7915328329007,348.14082617470933,324.98271510760316,0.7923210716105221,300.0,228.15229898524512,110,8.0,13.026,0.04836243837768271,0.956269682
3,200.0,250.0,247.68050386888544,354.95302045633787,349.8826287262382,385.31358511196805,0.7801407008502825,300.0,228.15229898524512,110,8.0,13.026,0.04836243837768271,0.956269682
0,50.0,100.0,212.30797375216596,394.99017281791055,393.0173145436492,377.490891938317,0.7841149133141674,500.0,380.88580812995247,110,8.0,13.026,0.04836243837768271,0.956269682
1,100.0,150.0,166.56974030700565,394.7174980041858,385.97246510264904,366.80933625328214,0.8449233671980301,500.0,380.88580812995247,110,8.0,13.026,0.04836243837768271,0.956269682
2,150.0,200.0,171.77868371126115,394.2347852356225,391.9592087433609,408.6460787315927,0.7992858103897871,500.0,380.88580812995247,110,8.0,13.026,0.04836243837768271,0.956269682
3,200.0,250.0,197.57128543190828,393.8137786254338,391.4450520358223,403.8283040633454,0.7972092527092627,500.0,380.88580812995247,110,8.0,13.026,0.04836243837768271,0.956269682
0,50.0,100.0,129.67149096302725,14.860542625002125,6.633086517939503,2.914469731081949,0.174664424627616,800.0,606.2950294894458,110,8.0,13.026,0.04836243837768271,0.956269682
1,100.0,150.0,130.13290986812518,0.33981967797021184,0.27020332361743726,0.07340686633461728,0.09335115962590024,800.0,606.2950294894458,110,8.0,13.026,0.04836243837768271,0.956269682
2,150.0,200.0,130.1588144892789,0.33895645186021284,0.2872975701235987,0.12371815812572148,0.2238213868138732,800.0,606.2950294894458,110,8.0,13.026,0.04836243837768271,0.956269682
3,200.0,250.0,130.11688960804574,0.33986566611548596,0.29904731466936596,0.09363522651740058,0.11415851302976465,800.0,606.2950294894458,110,8.0,13.026,0.04836243837768271,0.956269682
0,50.0,100.0,213.7456756319326,377.8242938621878,377.30311290069136,458.8524840038233,0.7009299809679312,300.0,228.15229898524512,111,12.0,13.026,0.04836243837768271,0.956269682
1,100.0,150.0,259.3392869896365,368.016326998863,367.44366995704917,293.6354036737265,0.6738886108261553,300.0,228.15229898524512,111,12.0,13.026,0.04836243837768271,0.956269682
2,150.0,200.0,290.01688773257564,290.0269711747312,255.31794724952067,103.79915545079183,0.9667271105037495,300.0,228.15229898524512,111,12.0,13.026,0.04836243837768271,0.956269682
3,200.0,250.0,196.5100906681141,355.7731791687439,348.3563125225021,383.16665919490225,0.5412540189990145,300.0,228.15229898524512,111,12.0,13.026,0.04836243837768271,0.956269682
0,50.0,100.0,153.40035760447049,428.6893151783192,417.97248959076427,406.6932905291225,0.8226918041101231,500.0,380.88580812995247,111,12.0,13.026,0.04836243837768271,0.956269682
1,100.0,150.0,194.2542743391797,428.6743459062371,421.55355215009433,387.1715433820524,0.7962067451767542,500.0,380.88580812995247,111,12.0,13.026,0.04836243837768271,0.956269682
2,150.0,200.0,240.27252147367423,428.999084205583,426.673760680518,413.7937252699386,0.7979115726194846,500.0,380.88580812995247,111,12.0,13.026,0.04836243837768271,0.956269682
3,200.0,250.0,148.3082113647098,428.25460859961913,420.2189944630185,399.53306305531464,0.8030208232272701,500.0,380.88580812995247,111,12.0,13.026,0.04836243837768271,0.956269682
0,50.0,100.0,122.59492288692125,310.26243729320475,309.84093162891077,300.24637489727155,0.8065480653665932,800.0,606.2950294894458,111,12.0,13.026,0.04836243837768271,0.956269682
1,100.0,150.0,123.11476866502808,309.49337266914864,308.6769850684637,292.81291960372994,0.8462231337623629,800.0,606.2950294894458,111,12.0,13.026,0.04836243837768271,0.956269682
2,150.0,200.0,126.81648495649605,309.3398842453373,308.01474242514286,297.69007119216144,0.8320316632806659,800.0,606.2950294894458,111,12.0,13.026,0.04836243837768271,0.956269682
3,200.0,250.0,135.386465093819,309.541668959511,307.48804509440725,293.0622544192154,0.8200851329453098,800.0,606.2950294894458,111,12.0,13.026,0.04836243837768271,0.956269682
0,50.0,100.0,320.8587804806495,15.837280685957126,12.238044569088459,5.491534797889252,0.5454401742493906,300.0,228.15229898524512,112,0.0,18.0,0.06682971678168961,0.956269682
1,100.0,150.0,318.2164911328283,2.6831593045180853,2.2906597867676624,0.1656283610449712,0.004334273338986505,300.0,228.15229898524512,112,0.0,18.0,0.06682971678168961,0.956269682
2,150.0,200.0,318.1494896284796,3.0728459378296975,2.7966612663669252,0.4357684040779936,0.024499227039059046,300.0,228.15229898524512,112,0.0,18.0,0.06682971678168961,0.956269682
3,200.0,250.0,318.1805156124117,3.2921921874734608,2.712973978414311,0.5613855885676758,0.032209193624292975,300.0,228.15229898524512,112,0.0,18.0,0.06682971678168961,0.956269682
0,50.0,100.0,226.80556920468595,2.455067666526105,2.0246907371326586,0.831181581397775,0.08854145218034937,500.0,380.88580812995247,112,0.0,18.0,0.06682971678168961,0.956269682
1,100.0,150.0,226.2370293832294,1.5713999926625775,1.3152309523113672,0.2799310456275544,0.0031425492480997574,500.0,380.88580812995247,112,0.0,18.0,0.06682971678168961,0.956269682
2,150.0,200.0,225.95965643990138,1.5467216764637044,1.4071571401518668,0.1059695755196557,0.00021435083505161323,500.0,380.88580812995247,112,0.0,18.0,0.06682971678168961,0.956269682
3,200.0,250.0,225.73335027196504,1.3206992527596242,1.2375271043172518,0.20354353346423784,0.0009360684835411082,500.0,380.88580812995247,112,0.0,18.0,0.06682971678168961,0.956269682
0,50.0,100.0,153.6034547023553,1.2504903153642033,1.173330519954817,0.6828718400427101,0.012891090605491873,800.0,606.2950294894458,112,0.0,18.0,0.06682971678168961,0.956269682
1,100.0,150.0,153.43756760268883,1.3076127503393309,1.0631171513699087,0.6881396653236613,0.010685969437825515,800.0,606.2950294894458,112,0.0,18.0,0.06682971678168961,0.956269682
2,150.0,200.0,153.43956566258646,1.2006993013014835,1.0674680852413303,0.6757438265007575,0.051744469187006814,800.0,606.2950294894458,112,0.0,18.0,0.06682971678168961,0.956269682
3,200.0,250.0,153.50203102334763,1.3389426563596487,1.0564665575525112,0.5519920218769712,0.052699922592427506,800.0,606.2950294894458,112,0.0,18.0,0.06682971678168961,0.956269682
0,50.0,100.0,320.4727715860525,14.613927865653068,11.288249602063615,4.419177443301825,0.4241711117539383,300.0,228.15229898524512,113,0.39,18.0,0.06682971678168961,0.956269682
1,100.0,150.0,318.23615283015135,1.998632472271936,1.7950947956301775,0.17281446688885382,0.01100614939143807,300.0,228.15229898524512,113,0.39,18.0,0.06682971678168961,0.956269682
2,150.0,200.0,318.22287740444267,2.641349903178366,2.3727486613425413,0.46114581201490257,0.05251039441937755,300.0,228.15229898524512,113,0.39,18.0,0.06682971678168961,0.956269682
3,200.0,250.0,317.9862402677787,2.3972051717531144,2.0590969872740175,0.33707755973130243,0.0308945270738733,300.0,228.15229898524512,113,0.39,18.0,0.06682971678168961,0.956269682
0,50.0,100.0,226.79434532859986,2.378884252877725,1.9752128591859162,0.37711736752649166,0.05519036399406252,500.0,380.88580812995247,113,0.39,18.0,0.06682971678168961,0.956269682
1,100.0,150.0,226.23574262004772,1.528993719900484,1.3670879132577625,0.10538604343309228,0.0031181507888422555,500.0,380.88580812995247,113,0.39,18.0,0.06682971678168961,0.956269682
2,150.0,200.0,226.0640274919399,1.757558505468495,1.3659176559901312,0.36886476610804214,0.025026062002355576,500.0,380.88580812995247,113,0.39,18.0,0.06682971678168961,0.956269682
3,200.0,250.0,225.89371445956164,1.3968544858968528,1.2887765784062424,0.040259901529415686,0.0003556844312930796,500.0,380.88580812995247,113,0.39,18.0,0.06682971678168961,0.956269682
0,50.0,100.0,153.6561407416431,1.5537290644356858,1.2212440128797368,0.6874378384115665,0.0384334527665211,800.0,606.2950294894458,113,0.39,18.0,0.06682971678168961,0.956269682
1,100.0,150.0,153.5231121913515,1.2757337041853702,1.0318084263677463,0.38282674561349483,0.005104900278985469,800.0,606.2950294894458,113,0.39,18.0,0.06682971678168961,0.956269682
2,150.0,200.0,153.5910161039675,1.1405799314369176,1.0276038741399418,0.7152730516640646,0.04000682076341466,800.0,606.2950294894458,113,0.39,18.0,0.06682971678168961,0.956269682
3,200.0,250.0,153.5594882936019,1.110655578664847,0.964847438434731,0.5815701161377488,0.04550681318344463,800.0,606.2950294894458,113,0.39,18.0,0.06682971678168961,0.956269682
0,50.0,100.0,315.86430410530403,15.927764883267571,6.88136549541224,3.9061975288464104,0.24556000421621937,300.0,228.15229898524512,114,2.0,18.0,0.06682971678168961,0.956269682
1,100.0,150.0,316.1343524844525,0.7758127921132996,0.6607992789550394,0.0757740330192099,0.028898293076937365,300.0,228.15229898524512,114,2.0,18.0,0.06682971678168961,0.956269682
2,150.0,200.0,316.3489317199304,0.9834476327966399,0.7810993831090514,0.43374806100861973,0.3617534519625579,300.0,228.15229898524512,114,2.0,18.0,0.06682971678168961,0.956269682
3,200.0,250.0,316.43203043488523,1.0113400621083883,0.8606983276019378,0.4395905204307832,0.4459681474521906,300.0,228.15229898524512,114,2.0,18.0,0.06682971678168961,0.956269682
0,50.0,100.0,175.15763504770314,1.1995133468959693,0.8726684659424109,0.3207532971084104,0.025577573367314033,500.0,380.88580812995247,114,2.0,18.0,0.06682971678168961,0.956269682
1,100.0,150.0,174.9862455872455,0.5449802299632438,0.4680258161212123,0.36563921664592713,0.0307592749025124,500.0,380.88580812995247,114,2.0,18.0,0.06682971678168961,0.956269682
2,150.0,200.0,174.98802890839238,0.6099497603221096,0.5407361571400884,0.12895098319070233,0.002556689790783273,500.0,380.88580812995247,114,2.0,18.0,0.06682971678168961,0.956269682
3,200.0,250.0,174.97740526754896,0.5889085666800895,0.5300680279503354,0.16427880653318094,0.03231155754777992,500.0,380.88580812995247,114,2.0,18.0,0.06682971678168961,0.956269682
0,50.0,100.0,118.62934789890498,0.8170904496226257,0.6776685850510376,0.12120294928432244,0.03673629631195863,800.0,606.2950294894458,114,2.0,18.0,0.06682971678168961,0.956269682
1,100.0,150.0,118.52348684417316,0.709912629294223,0.5836205585107166,0.0767100442788823,0.021934379552572603,800.0,606.2950294894458,114,2.0,18.0,0.06682971678168961,0.956269682
2,150.0,200.0,118.56234628061857,0.7020093979771929,0.5864722587786275,0.12172513421387557,0.05005439659286226,800.0,606.2950294894458,114,2.0,18.0,0.06682971678168961,0.956269682
3,200.0,250.0,118.49876772358033,0.7124396217301694,0.6357823963008968,0.08576348845265955,0.022180539300063806,800.0,606.2950294894458,114,2.0,18.0,0.06682971678168961,0.956269682
0,50.0,100.0,288.9766486116455,92.27073749458714,66.03191258498782,40.20610762594693,0.5321755237612326,300.0,228.15229898524512,115,4.0,18.0,0.06682971678168961,0.956269682
1,100.0,150.0,290.7783552118971,0.8141390124383179,0.7544673118370042,0.16494615337664117,0.324046876215635,300.0,228.15229898524512,115,4.0,18.0,0.06682971678168961,0.956269682
2,150.0,200.0,290.8632960238536,0.7619264347039234,0.5495394627197356,0.40804911547128564,0.6232809559761663,300.0,228.15229898524512,115,4.0,18.0,0.06682971678168961,0.956269682
3,200.0,250.0,290.96225659858334,0.7820416914002521,0.6853155745189383,0.386499197508432,0.7089778647222753,300.0,228.15229898524512,115,4.0,18.0,0.06682971678168961,0.956269682
0,50.0,100.0,202.35353636828825,36.24136399233811,29.97618429574888,39.497581917733044,0.31435494705096867,500.0,380.88580812995247,115,4.0,18.0,0.06682971678168961,0.956269682
1,100.0,150.0,195.24773825278538,0.4183495576181997,0.3147110169292091,0.1889313574805738,0.05383427819544617,500.0,380.88580812995247,115,4.0,18.0,0.06682971678168961,0.956269682
2,150.0,200.0,195.13066749133395,0.33526192335122573,0.2883819776286316,0.1304083858236652,0.011207997867394126,500.0,380.88580812995247,115,4.0,18.0,0.06682971678168961,0.956269682
3,200.0,250.0,195.02678292965058,0.36422892887375724,0.2952589811953885,0.16683595679091928,0.11320335334894305,500.0,380.88580812995247,115,4.0,18.0,0.06682971678168961,0.956269682
0,50.0,100.0,120.90612362772968,0.9477582771794886,0.7335782043435017,0.18629383550633621,0.12729403600528455,800.0,606.2950294894458,115,4.0,18.0,0.06682971678168961,0.956269682
1,100.0,150.0,120.74590190326833,0.5487561957517642,0.4459710829059418,0.07500866055853274,0.038151665520242406,800.0,606.2950294894458,115,4.0,18.0,0.06682971678168961,0.956269682
2,150.0,200.0,120.7786677126732,0.5174056587826641,0.43324770561739,0.12519545178854727,0.09661033877206793,800.0,606.2950294894458,115,4.0,18.0,0.06682971678168961,0.956269682
3,200.0,250.0,120.72313440577359,0.5378862123813803,0.4555084446200368,0.09022674583810568,0.04432789613610877,800.0,606.2950294894458,115,4.0,18.0,0.06682971678168961,0.956269682
0,50.0,100.0,253.40326278793452,286.8111198707691,277.99611299449646,567.196468495565,0.8632545494294266,300.0,228.15229898524512,116,6.835494476281913,18.0,0.06682971678168961,0.956269682
1,100.0,150.0,301.375003264194,38.06781748489567,37.7644945200081,88.97513426444166,0.8793746503473585,300.0,228.15229898524512,116,6.835494476281913,18.0,0.06682971678168961,0.956269682
2,150.0,200.0,288.28870007092405,3.408015795308586,2.881260133801675,4.789001804253581,0.9835631312628397,300.0,228.15229898524512,116,6.835494476281913,18.0,0.06682971678168961,0.956269682
3,200.0,250.0,288.96631229489316,0.6166689766706668,0.5540749045642315,0.9059811633490653,0.7703449218944554,300.0,228.15229898524512,116,6.835494476281913,18.0,0.06682971678168961,0.956269682
0,50.0,100.0,180.56665325665224,297.1470331935126,267.8291663663093,925.2582810454935,0.8302494098632494,500.0,380.88580812995247,116,6.835494476281913,18.0,0.06682971678168961,0.956269682
1,100.0,150.0,193.9895807358329,11.068016117494807,10.715646392489077,10.831575788309008,0.9501525911779942,500.0,380.88580812995247,116,6.835494476281913,18.0,0.06682971678168961,0.956269682
2,150.0,200.0,191.47550216854424,0.21411419446147306,0.1881831358916486,0.15581231666810483,0.03966508391725021,500.0,380.88580812995247,116,6.835494476281913,18.0,0.06682971678168961,0.956269682
3,200.0,250.0,191.4210184530549,0.28188516636086547,0.2339419231830675,0.15001828433468412,0.2167624943990758,500.0,380.88580812995247,116,6.835494476281913,18.0,0.06682971678168961,0.956269682
0,50.0,100.0,130.6163019393234,4.682853934603173,2.9412939820975055,1.1706050973583269,0.29393427990096566,800.0,606.2950294894458,116,6.835494476281913,18.0,0.06682971678168961,0.956269682
1,100.0,150.0,130.0602756169622,0.38175156829237267,0.29771820209688826,0.06633904360780495,0.05891201209569885,800.0,606.2950294894458,116,6.835494476281913,18.0,0.06682971678168961,0.956269682
2,150.0,200.0,130.1048773819747,0.3816484112616081,0.31839668376724717,0.13725097454257892,0.2155677750273921,800.0,606.2950294894458,116,6.835494476281913,18.0,0.06682971678168961,0.956269682
3,200.0,250.0,130.05231455887855,0.3706799487180774,0.3434288829765535,0.10105020636384134,0.10718203573866536,800.0,606.2950294894458,116,6.835494476281913,18.0,0.06682971678168961,0.956269682
0,50.0,100.0,239.82178112998048,367.7219883136692,362.3658374568993,748.2549170333391,0.76208942736343,300.0,228.15229898524512,117,8.0,18.0,0.06682971678168961,0.956269682
1,100.0,150.0,321.67022287701195,92.97820895213476,92.362633650313,269.49094141416856,0.9875939453709717,300.0,228.15229898524512,117,8.0,18.0,0.06682971678168961,0.956269682
2,150.0,200.0,283.4119271513997,18.886478563659693,17.72435750570361,15.687961535642504,0.9827388812588623,300.0,228.15229898524512,117,8.0,18.0,0.06682971678168961,0.956269682
3,200.0,250.0,288.00968757466376,1.1995136538280917,0.99325764678116,1.761544561968523,0.9486781232670245,300.0,228.15229898524512,117,8.0,18.0,0.06682971678168961,0.956269682
0,50.0,100.0,161.8182531201006,337.2167024244961,328.2517683168509,1801.8571017830263,0.6005628201562203,500.0,380.88580812995247,117,8.0,18.0,0.06682971678168961,0.956269682
1,100.0,150.0,208.839348597411,295.53320943145667,288.03512057124163,1553.2310490014704,0.6026814612816507,500.0,380.88580812995247,117,8.0,18.0,0.06682971678168961,0.956269682
2,150.0,200.0,182.65258265835774,119.33702630229543,116.30169392320111,229.9900313275354,0.9168521627645005,500.0,380.88580812995247,117,8.0,18.0,0.06682971678168961,0.956269682
3,200.0,250.0,195.07832963381432,1.478910466210067,1.2820190188147933,2.8063494440967163,0.9585725159550657,500.0,380.88580812995247,117,8.0,18.0,0.06682971678168961,0.956269682
0,50.0,100.0,134.74653084205008,11.95104568363655,6.100049996037285,2.6679904175934546,0.2115047221342795,800.0,606.2950294894458,117,8.0,18.0,0.06682971678168961,0.956269682
1,100.0,150.0,133.99915144421325,0.36135184324783154,0.2886070726322316,0.08406873667017871,0.11907270464677133,800.0,606.2950294894458,117,8.0,18.0,0.06682971678168961,0.956269682
2,150.0,200.0,134.0285754204855,0.35633124877435307,0.3117822654408826,0.1394142452802626,0.27003342827553867,800.0,606.2950294894458,117,8.0,18.0,0.06682971678168961,0.956269682
3,200.0,250.0,133.9762393945296,0.34481277752118444,0.3242072911372702,0.10701635572750606,0.14674533349579555,800.0,606.2950294894458,117,8.0,18.0,0.06682971678168961,0.956269682
0,50.0,100.0,234.89768049772204,389.55511121224174,388.8049120263194,1113.7951960461503,0.6318826369413719,300.0,228.15229898524512,118,12.0,18.0,0.06682971678168961,0.956269682
1,100.0,150.0,322.59816372033407,196.05350357188715,169.45637669799262,127.99397181643167,0.9891568786172704,300.0,228.15229898524512,118,12.0,18.0,0.06682971678168961,0.956269682
2,150.0,200.0,187.35344588409782,339.26490992424425,328.97634333401606,957.7717429168973,0.827505948637345,300.0,228.15229898524512,118,12.0,18.0,0.06682971678168961,0.956269682
3,200.0,250.0,250.3941527119066,366.05223286082315,364.71414097637404,636.4878767194764,0.5315837114471653,300.0,228.15229898524512,118,12.0,18.0,0.06682971678168961,0.956269682
0,50.0,100.0,160.1348531717544,404.91157879546813,400.02417743186913,347.06782724252605,0.6679875555295862,500.0,380.88580812995247,118,12.0,18.0,0.06682971678168961,0.956269682
1,100.0,150.0,161.75921284808044,404.5636008325667,399.1027250362055,391.63822962708946,0.8432897577942189,500.0,380.88580812995247,118,12.0,18.0,0.06682971678168961,0.956269682
2,150.0,200.0,177.71961952954206,404.54308249640013,399.5926771884305,387.57615976976854,0.8039202953266187,500.0,380.88580812995247,118,12.0,18.0,0.06682971678168961,0.956269682
3,200.0,250.0,203.0648080818238,404.55911966422866,400.0004424302159,378.69907507190453,0.8005616607110904,500.0,380.88580812995247,118,12.0,18.0,0.06682971678168961,0.956269682
0,50.0,100.0,135.00255212966746,148.47780665980113,141.99325126992937,82.15985816102722,0.5474431560171256,800.0,606.2950294894458,118,12.0,18.0,0.06682971678168961,0.956269682
1,100.0,150.0,129.68021592520873,0.5973281514972086,0.3539735637527315,0.025066879433692374,0.010289350571099143,800.0,606.2950294894458,118,12.0,18.0,0.06682971678168961,0.956269682
2,150.0,200.0,129.69291320890366,0.3009587461934018,0.27517333061706495,0.1405914769708815,0.4412633151673997,800.0,606.2950294894458,118,12.0,18.0,0.06682971678168961,0.956269682
3,200.0,250.0,129.64494266311098,0.28404625687207385,0.2513807201500242,0.10451368054161037,0.2460291623667249,800.0,606.2950294894458,118,12.0,18.0,0.06682971678168961,0.956269682
0,50.0,100.0,326.28827512483736,37.363767197676395,31.180798394566864,11.98017524277789,0.6215815784822816,300.0,228.15229898524512,119,0.0,24.0,0.0891062890422528,0.956269682
1,100.0,150.0,318.26223836825574,2.8310086051614007,2.4026690492676153,0.2210364742424728,0.007760583159883483,300.0,228.15229898524512,119,0.0,24.0,0.0891062890422528,0.956269682
2,150.0,200.0,318.1461709329602,3.086526510160297,2.9494410010132697,0.3637871887927744,0.016594479250347294,300.0,228.15229898524512,119,0.0,24.0,0.0891062890422528,0.956269682
3,200.0,250.0,317.9617822716781,3.3627355925322036,2.6133913188683664,0.42082411669255904,0.020372984502529445,300.0,228.15229898524512,119,0.0,24.0,0.0891062890422528,0.956269682
0,50.0,100.0,226.84640500171776,2.647293373134602,2.1450622297124653,1.1306789082822668,0.10978483227585467,500.0,380.88580812995247,119,0.0,24.0,0.0891062890422528,0.956269682
1,100.0,150.0,226.25357482524848,1.5445486735000316,1.315184711504969,0.29306528034554513,0.0025779212312815325,500.0,380.88580812995247,119,0.0,24.0,0.0891062890422528,0.956269682
2,150.0,200.0,225.96744700431216,1.5221940130973906,1.3777766792526336,0.1465603398825026,0.00037767956591638896,500.0,380.88580812995247,119,0.0,24.0,0.0891062890422528,0.956269682
3,200.0,250.0,225.7370695840647,1.3151864280560517,1.1987580920422545,0.23157264976425246,0.0009928519052768703,500.0,380.88580812995247,119,0.0,24.0,0.0891062890422528,0.956269682
0,50.0,100.0,153.61222192508612,1.2519654654428223,1.1935974917360284,0.6048047430715129,0.013172760009763307,800.0,606.2950294894458,119,0.0,24.0,0.0891062890422528,0.956269682
1,100.0,150.0,153.39637183717824,1.1813449799662123,0.9865243147503406,0.2312077394306386,0.004582062165601641,800.0,606.2950294894458,119,0.0,24.0,0.0891062890422528,0.956269682
2,150.0,200.0,153.32814373739404,1.165862086986948,1.0438582290239253,0.598447440719,0.04201969687262452,800.0,606.2950294894458,119,0.0,24.0,0.0891062890422528,0.956269682
3,200.0,250.0,153.38253338686326,1.16845787876224,0.9487031158920445,1.1006644669340018,0.0445786433136266,800.0,606.2950294894458,119,0.0,24.0,0.0891062890422528,0.956269682
0,50.0,100.0,325.9054407835496,38.16080272728874,31.667937109228035,12.559528871202776,0.6102379101981759,300.0,228.15229898524512,120,0.39,24.0,0.0891062890422528,0.956269682
1,100.0,150.0,318.26569350761037,2.0803817584546778,1.8158026385310677,0.22689739411110355,0.020142211369481022,300.0,228.15229898524512,120,0.39,24.0,0.0891062890422528,0.956269682
2,150.0,200.0,318.1336400484149,2.387078675465432,2.280247897660047,0.38783847788134085,0.04419185677960946,300.0,228.15229898524512,120,0.39,24.0,0.0891062890422528,0.956269682
3,200.0,250.0,317.9772112569467,2.2502508392804543,1.9917154420325573,0.4212963189729343,0.049556333498355976,300.0,228.15229898524512,120,0.39,24.0,0.0891062890422528,0.956269682
0,50.0,100.0,226.82462242660603,2.4025181772100836,1.9090612945796295,0.8722758537205937,0.08728730845021582,500.0,380.88580812995247,120,0.39,24.0,0.0891062890422528,0.956269682
1,100.0,150.0,226.25501711645325,1.448511175931003,1.2888511667072748,0.09801532745610882,0.0003261152851584681,500.0,380.88580812995247,120,0.39,24.0,0.0891062890422528,0.956269682
2,150.0,200.0,225.96368390360226,1.4170953371556436,1.261332454125835,0.023769768143192135,6.57604367971798e-05,500.0,380.88580812995247,120,0.39,24.0,0.0891062890422528,0.956269682
3,200.0,250.0,225.74206099699668,1.177525647617415,1.0987904414154457,0.18413057626507562,0.0023042087543627687,500.0,380.88580812995247,120,0.39,24.0,0.0891062890422528,0.956269682
0,50.0,100.0,153.6147897273318,1.3138499113554474,1.2371711599217008,0.6473484227589758,0.013265318082141375,800.0,606.2950294894458,120,0.39,24.0,0.0891062890422528,0.956269682
1,100.0,150.0,153.39443342246102,1.2357685222615657,1.0107271052050635,0.24401443235129514,0.0033296676271938885,800.0,606.2950294894458,120,0.39,24.0,0.0891062890422528,0.956269682
2,150.0,200.0,153.33007009860873,1.2066352147224677,1.0794946037175635,0.6498070431490307,0.04182914648426439,800.0,606.2950294894458,120,0.39,24.0,0.0891062890422528,0.956269682
3,200.0,250.0,153.38960475425338,1.1958777326857444,0.9661880672937002,1.2660211065651454,0.049611447751346516,800.0,606.2950294894458,120,0.39,24.0,0.0891062890422528,0.956269682
0,50.0,100.0,324.17975924585954,50.417396788116264,38.52112707615686,19.498313477875108,0.5564150234941434,300.0,228.15229898524512,121,2.0,24.0,0.0891062890422528,0.956269682
1,100.0,150.0,318.1778721024928,0.7987605737680497,0.7053463145363708,0.10304873625663562,0.04946359570149572,300.0,228.15229898524512,121,2.0,24.0,0.0891062890422528,0.956269682
2,150.0,200.0,318.1558739579238,1.1327883857959478,1.0488971350867473,0.5476824092679882,0.47025007159401133,300.0,228.15229898524512,121,2.0,24.0,0.0891062890422528,0.956269682
3,200.0,250.0,318.07455088563535,1.1231629912956578,0.9875991823237769,0.6196769998773257,0.5769537474151177,300.0,228.15229898524512,121,2.0,24.0,0.0891062890422528,0.956269682
0,50.0,100.0,177.0679587902371,21.530571880219696,11.619310486071328,31.836937237190263,0.7878286103274628,500.0,380.88580812995247,121,2.0,24.0,0.0891062890422528,0.956269682
1,100.0,150.0,178.75311310893028,0.5746782551319427,0.48882261093979196,0.3776597208882956,0.03954858443184872,500.0,380.88580812995247,121,2.0,24.0,0.0891062890422528,0.956269682
2,150.0,200.0,178.75715484234203,0.6057625832895894,0.5394026268085668,0.13513500631647568,0.002898394635911239,500.0,380.88580812995247,121,2.0,24.0,0.0891062890422528,0.956269682
3,200.0,250.0,178.74293733944228,0.6135401761913215,0.5575457223726801,0.19189614152112405,0.03756767193561972,500.0,380.88580812995247,121,2.0,24.0,0.0891062890422528,0.956269682
0,50.0,100.0,116.95590919975061,0.7361327786889973,0.6178990804907016,0.0926833451579017,0.02372135875487147,800.0,606.2950294894458,121,2.0,24.0,0.0891062890422528,0.956269682
1,100.0,150.0,116.87735259485515,0.7165287197257726,0.5886415105515397,0.08077551606100455,0.02507550971060779,800.0,606.2950294894458,121,2.0,24.0,0.0891062890422528,0.956269682
2,150.0,200.0,116.91244664920629,0.6819822064625782,0.5859070880581356,0.12938058716929554,0.05818016518710134,800.0,606.2950294894458,121,2.0,24.0,0.0891062890422528,0.956269682
3,200.0,250.0,116.83984334407506,0.7069916295018857,0.6238956072180173,0.08751907641669773,0.024100074467531596,800.0,606.2950294894458,121,2.0,24.0,0.0891062890422528,0.956269682
0,50.0,100.0,314.53401687170657,111.29442185306135,97.32896256286779,201.04382517692753,0.9843366224633456,300.0,228.15229898524512,122,4.0,24.0,0.0891062890422528,0.956269682
1,100.0,150.0,302.22011825139157,2.177209144240976,1.7746165784732852,4.07708244604613,0.9335413397707347,300.0,228.15229898524512,122,4.0,24.0,0.0891062890422528,0.956269682
2,150.0,200.0,302.8645863419318,0.8128885056154331,0.5902717893781073,2.7980284076090713,0.7019751959338841,300.0,228.15229898524512,122,4.0,24.0,0.0891062890422528,0.956269682
3,200.0,250.0,302.9530600780699,0.8178342512459267,0.7138495927169402,1.2808172813757006,0.6300213746339093,300.0,228.15229898524512,122,4.0,24.0,0.0891062890422528,0.956269682
0,50.0,100.0,180.81436962435728,127.0977733142864,79.11089019058737,200.34816008700884,0.7639667994845416,500.0,380.88580812995247,122,4.0,24.0,0.0891062890422528,0.956269682
1,100.0,150.0,184.2395057143625,0.6029153876328905,0.41297108596239696,0.5543721731145056,0.2638216337540463,500.0,380.88580812995247,122,4.0,24.0,0.0891062890422528,0.956269682
2,150.0,200.0,184.11267826659116,0.33569402570500984,0.29239330134905117,0.10285871700406485,0.00674818003724198,500.0,380.88580812995247,122,4.0,24.0,0.0891062890422528,0.956269682
3,200.0,250.0,184.0525456093108,0.41058643898637115,0.3345747551312286,0.14874007861418834,0.0955395000418503,500.0,380.88580812995247,122,4.0,24.0,0.0891062890422528,0.956269682
0,50.0,100.0,117.4223598421005,0.8374747791055768,0.6419588101752538,0.14964877659635348,0.0969475167064241,800.0,606.2950294894458,122,4.0,24.0,0.0891062890422528,0.956269682
1,100.0,150.0,117.24761545216856,0.5604014682493244,0.4555745286983921,0.07920408625378687,0.044122288920425135,800.0,606.2950294894458,122,4.0,24.0,0.0891062890422528,0.956269682
2,150.0,200.0,117.2759052361722,0.5151481304308732,0.42151275657599285,0.13032001499420662,0.1078917854715935,800.0,606.2950294894458,122,4.0,24.0,0.0891062890422528,0.956269682
3,200.0,250.0,117.20929918141651,0.523640737789492,0.45350197615712773,0.09098501307337398,0.047299516735310854,800.0,606.2950294894458,122,4.0,24.0,0.0891062890422528,0.956269682
0,50.0,100.0,298.1053427506186,207.6663233964717,204.0962602870068,453.3592441976876,0.908460991399441,300.0,228.15229898524512,123,6.835494476281913,24.0,0.0891062890422528,0.956269682
1,100.0,150.0,270.6003311828783,31.711000219785603,25.744108291813177,54.37105413578997,0.9942337628518921,300.0,228.15229898524512,123,6.835494476281913,24.0,0.0891062890422528,0.956269682
2,150.0,200.0,273.189183610004,1.0840011787145727,0.9672733585856008,0.7344479440499654,0.6608943906826488,300.0,228.15229898524512,123,6.835494476281913,24.0,0.0891062890422528,0.956269682
3,200.0,250.0,273.034608844777,0.5983405563447945,0.5398383196039731,0.7140151758761611,0.7064948018542991,300.0,228.15229898524512,123,6.835494476281913,24.0,0.0891062890422528,0.956269682
0,50.0,100.0,172.40313805400314,250.9371414784012,247.50267104174688,262.2807501511035,0.903778711005915,500.0,380.88580812995247,123,6.835494476281913,24.0,0.0891062890422528,0.956269682
1,100.0,150.0,198.59568964403215,5.357176548688983,4.8935054065212,3.7242620174828405,0.9922069133371372,500.0,380.88580812995247,123,6.835494476281913,24.0,0.0891062890422528,0.956269682
2,150.0,200.0,199.87533173340844,0.2570592697661027,0.2178292615483599,0.09878867328952985,0.024369844703803878,500.0,380.88580812995247,123,6.835494476281913,24.0,0.0891062890422528,0.956269682
3,200.0,250.0,199.85657682936952,0.3241597595103656,0.2826247727662974,0.16898103283071647,0.17871974841696225,500.0,380.88580812995247,123,6.835494476281913,24.0,0.0891062890422528,0.956269682
0,50.0,100.0,124.84039505403047,6.269172194335127,5.120375282871507,1.5178148678681005,0.40045984520983935,800.0,606.2950294894458,123,6.835494476281913,24.0,0.0891062890422528,0.956269682
1,100.0,150.0,123.36093154915585,0.40471418251716784,0.33136358720746273,0.06944096284841114,0.06753282954041562,800.0,606.2950294894458,123,6.835494476281913,24.0,0.0891062890422528,0.956269682
2,150.0,200.0,123.38450165635328,0.3817530890145804,0.3152816126741982,0.13769762174449035,0.22328275771015726,800.0,606.2950294894458,123,6.835494476281913,24.0,0.0891062890422528,0.956269682
3,200.0,250.0,123.31995130566781,0.3695920309263414,0.3402285834989982,0.10150788209843255,0.1125540892643605,800.0,606.2950294894458,123,6.835494476281913,24.0,0.0891062890422528,0.956269682
0,50.0,100.0,289.35962408242625,253.92018237292126,252.60308063390303,779.2762095773659,0.8932663692006383,300.0,228.15229898524512,124,8.0,24.0,0.0891062890422528,0.956269682
1,100.0,150.0,273.57965303963846,80.31730965442685,67.51498422164187,117.02517862995401,0.9977860569349183,300.0,228.15229898524512,124,8.0,24.0,0.0891062890422528,0.956269682
2,150.0,200.0,277.1660282048335,6.194594131955682,5.15247030032549,7.66505280122593,0.9916834317601281,300.0,228.15229898524512,124,8.0,24.0,0.0891062890422528,0.956269682
3,200.0,250.0,276.5066545157756,0.6773481392247618,0.6348463061823395,0.43698978625040624,0.5312985247225863,300.0,228.15229898524512,124,8.0,24.0,0.0891062890422528,0.956269682
0,50.0,100.0,164.72494025964698,279.0675170768366,277.2091477280984,299.8147493249576,0.9520875635506096,500.0,380.88580812995247,124,8.0,24.0,0.0891062890422528,0.956269682
1,100.0,150.0,188.35200396930136,23.847744023813277,23.389939493746596,13.480483705584822,0.9804042213961451,500.0,380.88580812995247,124,8.0,24.0,0.0891062890422528,0.956269682
2,150.0,200.0,194.2458762547149,0.24479697122328048,0.18780762719433142,0.1157650285580285,0.26235867599392615,500.0,380.88580812995247,124,8.0,24.0,0.0891062890422528,0.956269682
3,200.0,250.0,194.19197134223202,0.2960263806374144,0.26352242281438976,0.10341694886893263,0.18943905331477673,500.0,380.88580812995247,124,8.0,24.0,0.0891062890422528,0.956269682
0,50.0,100.0,129.62855677280632,11.750266177280778,10.947556826463327,3.518105845835161,0.4941675393653563,800.0,606.2950294894458,124,8.0,24.0,0.0891062890422528,0.956269682
1,100.0,150.0,126.6270507913302,0.3601910205596539,0.30446928497484294,0.06434264463397774,0.071332939053105,800.0,606.2950294894458,124,8.0,24.0,0.0891062890422528,0.956269682
2,150.0,200.0,126.66389702924393,0.35783667743008607,0.31093221156761786,0.14296880702890435,0.28621057282541507,800.0,606.2950294894458,124,8.0,24.0,0.0891062890422528,0.956269682
3,200.0,250.0,126.59724904342484,0.3416537520393774,0.3167618386453057,0.1036653087950545,0.144425854141771,800.0,606.2950294894458,124,8.0,24.0,0.0891062890422528,0.956269682
0,50.0,100.0,291.11767016911324,392.5925352869562,390.61089112254115,416.1810454322836,0.6769956350088799,300.0,228.15229898524512,125,12.0,24.0,0.0891062890422528,0.956269682
1,100.0,150.0,258.9564167339615,317.59211264295794,290.6379138026197,133.35874608447227,0.9983197948603827,300.0,228.15229898524512,125,12.0,24.0,0.0891062890422528,0.956269682
2,150.0,200.0,300.9567473923868,148.95896586838512,148.4755966834726,189.20291148923906,0.927179041137941,300.0,228.15229898524512,125,12.0,24.0,0.0891062890422528,0.956269682
3,200.0,250.0,260.23553196003945,65.2311756112494,62.91034995828116,39.758548343489615,0.9851748010305601,300.0,228.15229898524512,125,12.0,24.0,0.0891062890422528,0.956269682
0,50.0,100.0,150.6353115572091,523.4524922053461,358.6213089014715,228.51002125609395,0.5248650924349587,500.0,380.88580812995247,125,12.0,24.0,0.0891062890422528,0.956269682
1,100.0,150.0,199.24780468441438,356.6507514304138,354.4662290437945,343.3085170265812,0.7455629974882225,500.0,380.88580812995247,125,12.0,24.0,0.0891062890422528,0.956269682
2,150.0,200.0,169.33472546582743,356.1351955177304,353.56135612670676,352.05667418482324,0.7646736736073951,500.0,380.88580812995247,125,12.0,24.0,0.0891062890422528,0.956269682
3,200.0,250.0,169.2153256764949,355.51747748222385,352.635243130671,375.6713602972245,0.8651747041146085,500.0,380.88580812995247,125,12.0,24.0,0.0891062890422528,0.956269682
0,50.0,100.0,139.45342848041582,116.85547693952225,79.52974679078825,44.30597185908365,0.4316815955925498,800.0,606.2950294894458,125,12.0,24.0,0.0891062890422528,0.956269682
1,100.0,150.0,135.3150837741765,0.5484512306058491,0.38191809789236686,0.206587790844277,0.48976143360756386,800.0,606.2950294894458,125,12.0,24.0,0.0891062890422528,0.956269682
2,150.0,200.0,135.42838654400248,0.3121197854862885,0.2858105528807471,0.15778356558685924,0.5011200495248336,800.0,606.2950294894458,125,12.0,24.0,0.0891062890422528,0.956269682
3,200.0,250.0,135.3676567303026,0.29973671195327256,0.26546904562030704,0.11093914852423685,0.2713811452986358,800.0,606.2950294894458,125,12.0,24.0,0.0891062890422528,0.956269682
