source_setting_mV,current_uA,legacy_detected,legacy_frequency_MHz,late_frequency_MHz,late_peak_frequency_MHz,late_peak_period_cv,late_mean_mV,late_vpp_mV,late_robust_vpp_mV,late_periodic_vpp_mV,late_coherence,minimum_window_periodic_vpp_mV,amplitude_retention,sustained,amplitude_ratio,frequency_relative_error,frequency_comparable,mean_error_mV,retention_log_error,feature_score,candidate_id,C_pF,tau_th_ns,C_th_pJ_per_K,gamma
300.0,228.15229898524512,False,,26.02410070855091,,,318.1419421446218,3.2206630303435304,2.5992914175755004,0.24042163051834584,0.008219443566848561,0.06766306683768653,0.9693389228759289,False,0.0285260252148321,1.0,False,85.42907118422573,-0.12319720361917642,89.45954131986471,0,0.0,6.0,0.0222765722605632,0.1569637099004186
500.0,380.88580812995247,False,,10.00000544307576,,,225.84299970000302,1.3614002467913622,1.1919888610195812,0.1918616868775781,0.031734107704057046,0.21692145562268839,0.5744458199781748,False,0.026862689381917586,1.0,False,39.58557395742875,-0.43053323421039413,70.29866051065922,0,0.0,6.0,0.0222765722605632,0.1569637099004186
800.0,606.2950294894458,False,,30.474017472204242,,,153.36383502175912,1.0307240511521343,0.8455104041287314,0.13234297966064604,0.03151765266358697,0.09761160521919784,1.0282826403395173,False,0.09137393190847905,1.0,False,-27.517751116854754,-0.00019338974839943525,35.57387685499096,0,0.0,6.0,0.0222765722605632,0.1569637099004186
300.0,228.15229898524512,False,,26.56990638533456,,,318.14187507665196,2.519846382137189,2.305150024692807,0.2247022014426201,0.011613988440060563,0.07627445169274986,1.027706345188469,False,0.025297959006725282,1.0,False,85.4290041162559,-0.06472677118995458,91.76620623140683,1,0.39,6.0,0.0222765722605632,0.1569637099004186
500.0,380.88580812995247,False,,10.000006388140129,,,225.95162452997414,1.9337799276806606,1.6646501348347158,0.1965012611538784,0.015032173756468925,0.2554894766563997,0.6379704176354791,False,0.037514595114070966,1.0,False,39.69419878739987,-0.3256471039926461,66.45180845954737,1,0.39,6.0,0.0222765722605632,0.1569637099004186
800.0,606.2950294894458,False,,30.809487589321755,,,153.36445817054957,1.1690700830472736,0.9340651908079565,0.14682813462836056,0.02799547650460288,0.10331246531936575,0.965771066449979,False,0.10094400817091784,1.0,False,-27.5171279680643,-0.06291192506536175,35.18295009694457,1,0.39,6.0,0.0222765722605632,0.1569637099004186
300.0,228.15229898524512,False,,26.451495219259098,,,317.9551765300518,1.2302090005472337,0.7191002490802703,0.2713147678059948,0.1862296095569842,0.046845283847532664,0.2077152085251114,False,0.007891793778317278,1.0,False,85.24230556965574,-1.6636435682446535,109.49821160850584,2,2.0,6.0,0.0222765722605632,0.1569637099004186
500.0,380.88580812995247,False,,187.95207637272853,200.0,0.08927514730369188,167.68117967432892,31.47814543566045,22.952777781048013,17.93088832629257,0.8212462017820001,11.211970671401627,0.13946110573207202,False,0.5172643471324718,2.64986616773581,True,-18.576246068245354,-1.8461532684902606,180.25750990055178,2,2.0,6.0,0.0222765722605632,0.1569637099004186
800.0,606.2950294894458,False,,30.24902528513592,,,116.01719925375032,1.6487754860649915,1.4513356114154021,0.10905910858912891,0.007037267293995009,0.07444770351633882,1.0918864929875065,False,0.15684519159817562,1.0,False,-64.86438688486355,0.05982346681324217,35.34286147990124,2,2.0,6.0,0.0222765722605632,0.1569637099004186
300.0,228.15229898524512,True,54.054054054054056,48.91054761759907,50.0,0.021383343303319473,312.4437704924381,23.89222331448474,17.0534538413645,16.059691949414407,0.917065306417958,12.952917767974983,0.05820990744090532,False,0.18715379544956656,0.18791192380499533,True,79.73089953204203,-2.935755948772905,27.320077370016698,3,4.0,6.0,0.0222765722605632,0.1569637099004186
500.0,380.88580812995247,False,,103.10974055211867,111.11111111111111,0.16643566632465157,191.50289823013327,389.7464760275651,365.13022821662497,237.1831635077257,0.45411034208975076,190.3459561372244,1.0482949918811308,True,8.228583525639802,1.0023016551244694,True,5.245472487558999,0.1709812871553763,56.76537183632473,3,4.0,6.0,0.0222765722605632,0.1569637099004186
800.0,606.2950294894458,False,,195.14216567631954,200.0,0.08512051310345971,115.74034695733233,139.18278006665182,135.3286013172304,29.510748187976397,0.04352340928360254,46.3853977873707,0.9814881372144665,False,14.624901528884836,1.0,False,-65.14123918128153,-0.04676881267856125,71.83782754821584,3,4.0,6.0,0.0222765722605632,0.1569637099004186
300.0,228.15229898524512,False,,30.159803655972514,28.169014084507044,0.1267605633802817,269.6529602959027,345.6355541988542,334.30938044571246,172.6222934165935,0.3658221317172087,113.17922890223139,1.1926319643690977,False,3.668891356954703,-0.26749561949995737,True,36.94008933550663,0.08410635861860628,14.898823092858335,4,6.835494476281913,6.0,0.0222765722605632,0.1569637099004186
500.0,380.88580812995247,True,58.8235294117647,57.605086234723224,58.8235294117647,0.028155054514749176,173.1238339005314,383.3315624335282,377.83302051841804,365.75824560812964,0.8091756146476201,354.944848321302,1.021035375471136,True,8.514853955712617,0.11864076947290947,True,-13.133591842042875,0.14463344651046495,33.14324146566905,4,6.835494476281913,6.0,0.0222765722605632,0.1569637099004186
800.0,606.2950294894458,True,100.0,95.79782926284955,100.0,0.046662449954306226,120.29663637894582,319.37404450650797,312.1966152341846,280.5102969626506,0.7860022384785469,278.7824292520565,1.0038249891879532,True,33.73894883276061,0.5275213214007914,True,-60.58494975966805,-0.024265768438920508,88.5628112722681,4,6.835494476281913,6.0,0.0222765722605632,0.1569637099004186
300.0,228.15229898524512,False,,24.56751180963235,,,251.62786314692372,343.77615771698754,341.05107868751276,287.29057741003817,0.752521376749758,282.89262549153455,0.9960393257667445,True,3.74287838770317,-0.4033180645399018,True,18.914992186527655,-0.09602477945935664,16.931379561396184,5,8.0,6.0,0.0222765722605632,0.1569637099004186
500.0,380.88580812995247,True,50.0,50.05854024286392,50.0,0.0,174.7118562635331,385.39445296532153,371.48099277235104,364.40177157831283,0.8101639057143333,348.3642340061495,0.9751892125072653,True,8.371704507032394,-0.02790660276429391,True,-11.545569479041177,0.09869249735993091,32.25531058307447,5,8.0,6.0,0.0222765722605632,0.1569637099004186
800.0,606.2950294894458,True,76.92307692307692,78.30880424891905,76.92307692307692,0.035531209664813254,129.96540201537545,353.8796617902185,343.47530776437645,314.74671418457274,0.7839144372351888,314.22749120502584,0.9972128984862146,True,37.11922317058515,0.24865426559318515,True,-50.91618412323842,-0.03087445366927107,87.16685391688556,5,8.0,6.0,0.0222765722605632,0.1569637099004186
300.0,228.15229898524512,False,,19.675843664611243,,,220.0728876347988,345.1943081821411,344.26124915864506,299.360439562769,0.7201894006508438,305.73762293498396,0.9761571516724558,True,3.7781085289579144,-0.5221241544287167,True,-12.639983325597257,-0.11618793045680235,19.740279572360983,6,12.0,6.0,0.0222765722605632,0.1569637099004186
500.0,380.88580812995247,True,35.714285714285715,35.78269165915339,35.714285714285715,0.0,168.58684225934255,387.29910074427534,385.09859109622477,369.631793765003,0.7663229890708864,349.06548672033034,1.0005177358750639,True,8.678591027422398,-0.30513118983442944,True,-17.670583483231724,0.1243338619582962,35.79865812477749,6,12.0,6.0,0.0222765722605632,0.1569637099004186
800.0,606.2950294894458,True,52.63157894736842,52.07594210418135,52.63157894736842,0.0,140.72236616369523,393.9339286554945,379.93919980031507,355.4708435870268,0.7741536964909377,349.78968781364745,0.9987699469376812,True,41.059859704139505,-0.16963554906960066,True,-40.15921997491864,-0.029314271154797424,90.83366048391962,6,12.0,6.0,0.0222765722605632,0.1569637099004186
300.0,228.15229898524512,False,,10.000003498264658,,,317.97367388981166,3.436076151124496,2.7281556467152086,0.45791093113310144,0.011601878994585313,0.5901478853907394,0.9447529230865288,False,0.02994025073216867,1.0,False,85.2608029294156,-0.1488880837094479,88.48331643535003,7,0.0,9.0,0.03341485839084481,0.1569637099004186
500.0,380.88580812995247,False,,10.07224664576368,,,225.84762026142894,1.554150693942887,1.384963332134106,0.2037747439623274,0.030213711609572647,0.0923931712313489,0.6035350850895189,False,0.03121156666232713,1.0,False,39.59019451885467,-0.3811348440497744,68.65170486216627,7,0.0,9.0,0.03341485839084481,0.1569637099004186
800.0,606.2950294894458,False,,16.955664839471876,,,153.3621237247892,1.2605731493846406,0.9992712803599204,0.13540128258422318,0.02272110394621485,0.15519545587557015,1.0549175436118183,False,0.10799080115849673,1.0,False,-27.51946241382467,0.025379145203371884,34.902413088554084,7,0.0,9.0,0.03341485839084481,0.1569637099004186
300.0,228.15229898524512,False,,26.59926155450112,,,317.96491670008425,2.4948128339385107,2.1625147978236896,0.29803100726215276,0.023276209444051954,0.10921800237981749,0.961843539217324,False,0.023732603136783256,1.0,False,85.25204573968819,-0.13095972367407657,92.93862340262926,8,0.39,9.0,0.03341485839084481,0.1569637099004186
500.0,380.88580812995247,False,,11.033675488320162,,,225.84766926499316,2.0055957911337146,1.7815071536538767,0.18564993198332702,0.015081368992422406,0.158002814183205,0.7118830227809181,False,0.040148087675361314,1.0,False,39.59024352241889,-0.2160254148526903,65.5576474469027,8,0.39,9.0,0.03341485839084481,0.1569637099004186
800.0,606.2950294894458,False,,16.87938275374616,,,153.36535143091672,1.4558125840372895,1.1813046233943396,0.1377634147927998,0.017214863550852222,0.16238785100325084,1.0142926152300393,False,0.12766306327411156,1.0,False,-27.51623470769715,-0.013892022239531284,34.16731904808292,8,0.39,9.0,0.03341485839084481,0.1569637099004186
300.0,228.15229898524512,False,,26.75158178624507,,,317.977156185482,1.2167402535508813,0.7744697761783073,0.3542321687984732,0.2928431840799135,0.04649473536368219,0.2134756281352387,False,0.008499448816706622,1.0,False,85.26428522508593,-1.63628884774673,108.73699699317571,9,2.0,9.0,0.03341485839084481,0.1569637099004186
500.0,380.88580812995247,False,,139.08396755379852,142.85714285714286,0.05972588991616818,225.6835501712028,32.063687389997995,26.205495773628,23.360723244623472,0.9378630672599917,18.595522375185464,0.2593009017783862,False,0.5905676773388565,1.7008899153759578,True,39.426124428628526,-1.225949848639798,75.83886249098603,9,2.0,9.0,0.03341485839084481,0.1569637099004186
800.0,606.2950294894458,False,,16.506945095883125,,,116.09196048252078,1.2913268712146362,1.0919192147057117,0.09928275461463201,0.007860524824731652,0.06968221459069372,0.8162701035066214,False,0.11800322206193561,1.0,False,-64.7896256560931,-0.23109343054646628,36.69833483760366,9,2.0,9.0,0.03341485839084481,0.1569637099004186
300.0,228.15229898524512,False,,37.35958147842001,,,317.9139828450503,2.722084670348977,1.0855184766904813,0.7829743490637988,0.41984300180161616,0.48416515555166867,0.009033863347297994,False,0.011913064932950851,1.0,False,85.20111188465427,-4.7988314093370805,115.53606327373066,10,4.0,9.0,0.03341485839084481,0.1569637099004186
500.0,380.88580812995247,True,100.0,99.05543105842905,100.0,0.031081616755452644,166.1328344761919,266.42197639128113,260.50539021772187,250.23268424172144,0.8615908926123484,250.5413749391342,0.9842538654107132,True,5.870755682857793,0.9235704841785177,True,-20.124591266382367,0.1079448381613461,43.73024756285099,10,4.0,9.0,0.03341485839084481,0.1569637099004186
800.0,606.2950294894458,False,,10.000006543227983,,,115.3932555212048,1.4090249856733266,1.2121363112903225,0.1655713874627021,0.0099121279345884,0.3272050992302987,0.9781572030864206,False,0.1309950300206758,1.0,False,-65.48833061740908,-0.05016834346860531,36.257358381067824,10,4.0,9.0,0.03341485839084481,0.1569637099004186
300.0,228.15229898524512,False,,30.026399945836125,29.850746268656717,0.04477611940298507,316.8463945570267,7.136435137347576,6.023343926854295,3.9498579982256827,0.8151333574462456,2.7560245983282403,0.008424294594019971,False,0.06610342325344926,-0.27073565392340804,True,84.13352359663065,-4.868691774945743,59.93919092053055,11,6.835494476281913,9.0,0.03341485839084481,0.1569637099004186
500.0,380.88580812995247,True,71.42857142857143,69.86215652754261,68.96551724137932,0.13054961714483387,172.2677167612959,345.38903613647716,321.07618518323386,174.8342816823254,0.46842078354486105,107.7407155780963,0.9068539555361003,True,7.235780561850884,0.35666243457334534,True,-13.989708981278369,0.02604239897564119,31.111875608929047,11,6.835494476281913,9.0,0.03341485839084481,0.1569637099004186
800.0,606.2950294894458,True,125.0,121.79258295363329,125.0,0.05383493940182808,115.60012645797502,191.74895724110058,189.3960661815039,181.74452245830392,0.8630054055914411,178.97577738247384,0.9883568641624941,True,20.467948319140564,0.9420144347915422,True,-65.28145968063885,-0.03979490886199399,81.88085732149226,11,6.835494476281913,9.0,0.03341485839084481,0.1569637099004186
300.0,228.15229898524512,True,27.397260273972602,25.524372269440054,,,317.3405591681101,15.418589884265998,11.925070257884954,10.067077006902057,0.9497353861131235,8.902520272960317,0.03609194735192225,False,0.1308721494500105,-0.38007837484127116,True,84.62768820771402,-3.413741744553622,39.65624921755936,12,8.0,9.0,0.03341485839084481,0.1569637099004186
500.0,380.88580812995247,True,47.61904761904762,48.54519685214195,47.61904761904762,0.020868082018902136,175.59532751626685,372.2348249356006,365.43599295471915,349.6779950578846,0.8148519594873792,333.052182479358,1.0017253474697532,True,8.235474247065119,-0.057294417725215374,True,-10.662098226307421,0.12554012082982233,31.804675681651972,12,8.0,9.0,0.03341485839084481,0.1569637099004186
800.0,606.2950294894458,False,,98.89364684032199,105.26315789473684,0.17123733238567954,117.21145812879881,237.5816818348539,209.92703550471916,134.10524164844918,0.5225934197612507,105.6517808889199,1.1190413816272538,True,22.686721008150457,0.5768849384383059,True,-63.67012800981506,0.08438894858988054,72.16613310335256,12,8.0,9.0,0.03341485839084481,0.1569637099004186
300.0,228.15229898524512,False,,16.548035385891218,,,253.4120673145339,343.2298617070139,341.1508727611686,297.211426616719,0.71211213967872,274.6827486101107,0.8642421434761333,True,3.7439735816633966,-0.5980906060562294,True,20.699196354137854,-0.2379585317741772,21.88204837511156,13,12.0,9.0,0.03341485839084481,0.1569637099004186
500.0,380.88580812995247,True,33.333333333333336,33.482628783759814,33.898305084745765,0.01694915254237288,194.7137741851245,385.4661570734393,381.22017408187355,364.96479767812775,0.8109307410837856,345.96194542005236,1.0224113299792514,True,8.591186929148403,-0.3497964142606612,True,8.456348442550222,0.1459801463900341,36.065575824673964,13,12.0,9.0,0.03341485839084481,0.1569637099004186
800.0,606.2950294894458,True,52.63157894736842,52.779695399457246,52.63157894736842,0.0,138.00456172958556,349.3152364805794,342.8819588595342,324.42022401913044,0.7682846798034507,298.9724342147198,0.9755932493120383,True,37.05510021933076,-0.15841401960685653,True,-42.87702440902831,-0.052792993144936226,85.69205872708702,13,12.0,9.0,0.03341485839084481,0.1569637099004186
300.0,228.15229898524512,False,,26.177051198619573,,,318.0001861998556,3.437866047757609,2.792647290267041,0.3195726751256954,0.01343534316534234,0.11401630003432145,0.7909406596397057,False,0.030648016793975438,1.0,False,85.28731523945953,-0.3265885744313178,88.05966102408591,14,0.0,11.90870637629186,0.0442141930202159,0.1569637099004186
500.0,380.88580812995247,False,,10.944636785574332,,,225.85326198791023,1.6634510335332777,1.4458606331590431,0.19991722457743982,0.027147710584033646,0.09967530727984006,0.6262428284555646,False,0.03258394968965741,1.0,False,39.59583624533596,-0.3442008181543843,68.14575278273271,14,0.0,11.90870637629186,0.0442141930202159,0.1569637099004186
800.0,606.2950294894458,False,,16.2802918488546,,,153.36676128248644,1.2803067050167272,1.0179117820673866,0.13469026919830018,0.022048513608021958,0.11810137933108257,0.8556086386010292,False,0.11000527185624415,1.0,False,-27.514824856127433,-0.1840256662394822,34.84138573806991,14,0.0,11.90870637629186,0.0442141930202159,0.1569637099004186
300.0,228.15229898524512,False,,26.794187926547767,,,318.0595189401651,2.3664548296524686,2.1234734255276067,0.3330200929315716,0.030886026833107372,0.12676880557725137,0.8208890373943665,False,0.0233041420711985,1.0,False,85.34664797976905,-0.28942357507501526,93.3152993627677,15,0.39,11.90870637629186,0.0442141930202159,0.1569637099004186
500.0,380.88580812995247,False,,11.466776243685137,,,225.8470773072993,1.8003503958474596,1.5977748086417876,0.1785306916531662,0.015776585643073937,0.08236704187332769,0.6899926915913025,False,0.03600749116907401,1.0,False,39.58965156472502,-0.24725801328138083,66.92832283829281,15,0.39,11.90870637629186,0.0442141930202159,0.1569637099004186
800.0,606.2950294894458,False,,16.32255617663453,,,153.36952075470037,1.4233139666659724,1.181155562124161,0.12737635312905976,0.014431813843980734,0.14002377771866417,0.9257816776631572,False,0.12764695428918957,1.0,False,-27.512065383913495,-0.10520030235241712,34.17341046923669,15,0.39,11.90870637629186,0.0442141930202159,0.1569637099004186
300.0,228.15229898524512,False,,26.813094199391305,,,317.99902223761626,1.2456780523252746,0.9093597628357202,0.4187240587758694,0.3685260774076742,0.13901876996531537,0.137602020496266,False,0.009979804245343726,1.0,False,85.2861512772202,-2.0754459107354655,107.89803011803666,16,2.0,11.90870637629186,0.0442141930202159,0.1569637099004186
500.0,380.88580812995247,False,,11.50258662438688,,,225.85523524079747,1.251206452417648,1.0153509436873946,0.17899777940768127,0.045616135488227405,0.16223813521943806,0.1780304392199276,False,0.022881973066913853,1.0,False,39.5978094982232,-1.6019844763943227,73.12236911861234,16,2.0,11.90870637629186,0.0442141930202159,0.1569637099004186
800.0,606.2950294894458,False,,10.000006649389835,,,145.75333237005964,1.4762105180054732,1.2621312093907022,0.20787668285708236,0.009057191749182514,0.3284338366978247,0.8414955105543759,False,0.1363979563388952,1.0,False,-35.12825376855423,-0.20065806137302286,34.179323203963726,16,2.0,11.90870637629186,0.0442141930202159,0.1569637099004186
300.0,228.15229898524512,False,,28.469579533615505,,,317.9538008381544,1.169801269538084,0.8657557085612098,0.6825907390799231,0.8267763269194017,0.6283317037736598,0.008464039022948512,False,0.009501269848125658,1.0,False,85.24092987775833,-4.863985034398948,118.49994347346804,17,4.0,11.90870637629186,0.0442141930202159,0.1569637099004186
500.0,380.88580812995247,True,90.9090909090909,94.38194358713528,95.23809523809524,0.047619047619047616,168.16410019575903,44.295649983613174,34.771330638461905,29.35968539906254,0.9063215964061367,21.578527549597485,0.18970507232337774,False,0.783607536011708,0.8328154143968713,True,-18.093325546815237,-1.5384684036786678,19.161603151815534,17,4.0,11.90870637629186,0.0442141930202159,0.1569637099004186
800.0,606.2950294894458,False,,30.430685404978103,,,115.396091136042,1.027419549692297,0.8678602985243629,0.09038965244285284,0.01455067060898596,0.06962917055964724,0.9375413974091926,False,0.09378927501803255,1.0,False,-65.48549500257187,-0.09257782583226953,37.68452334213249,17,4.0,11.90870637629186,0.0442141930202159,0.1569637099004186
300.0,228.15229898524512,True,32.25806451612903,33.055043213457,32.25806451612903,0.0,226.00874332348013,247.79703459468845,233.34982585812335,189.41560069592248,0.8149295709723203,148.1931453029418,0.7737011176018413,True,2.5609067807081147,-0.19717766641757994,True,-6.704127636915928,-0.3486258739217718,7.439191553980823,18,6.835494476281913,11.90870637629186,0.0442141930202159,0.1569637099004186
500.0,380.88580812995247,True,64.51612903225806,65.27993324087944,62.5,0.09669038458354651,187.8531757795965,315.11921914679345,277.3496048443684,220.83754543073266,0.7351618230022625,116.31603964117204,0.9286424581608187,True,6.250357305150576,0.2676796360335909,True,1.595750037022242,0.049784778386974295,25.56894378979679,18,6.835494476281913,11.90870637629186,0.0442141930202159,0.1569637099004186
800.0,606.2950294894458,True,125.0,120.339375600896,,,115.3146309333127,1.265176613487398,0.7222067554325946,0.2959408059013399,0.2349539846117178,0.07424185628427034,0.01250768860736686,False,0.07804856164099215,1.0,False,-65.56695520530117,-4.409495196130254,48.48092784559822,18,6.835494476281913,11.90870637629186,0.0442141930202159,0.1569637099004186
300.0,228.15229898524512,False,,24.92343403060378,24.691358024691358,0.012345679012345678,314.29255794115113,16.541957746220646,15.20860320194953,13.926032211941553,0.9642847774348368,12.08318925804199,0.03401159146291629,False,0.16690741003017487,-0.3946736254396742,True,81.57968698075507,-3.4731101280718444,34.62435096621539,19,8.0,11.90870637629186,0.0442141930202159,0.1569637099004186
500.0,380.88580812995247,False,,49.80537380089899,46.51162790697674,0.14011128406190312,190.07241038398232,398.65453146347903,378.93252200619986,273.5778606095631,0.5491195378339639,169.05892921480145,1.11510503409687,True,8.539632347446895,-0.03282287530124328,True,3.8149846414080457,0.23276486152139672,32.82732643674475,19,8.0,11.90870637629186,0.0442141930202159,0.1569637099004186
800.0,606.2950294894458,True,111.11111111111111,106.47112900026261,111.11111111111111,0.050507627227610534,116.88277877157768,125.61977343318912,123.45781835164031,123.23816332464128,0.9401985133997848,122.42794254234988,0.9677873943921864,True,13.342031313330379,0.6977098637096775,True,-63.99880736703619,-0.0608263106772534,55.70576367588693,19,8.0,11.90870637629186,0.0442141930202159,0.1569637099004186
300.0,228.15229898524512,False,,19.78407049421642,,,317.330118832052,11.444364762438852,8.402707228207646,7.762272596356355,0.8705916475978626,5.746801946034583,0.01841771074747186,False,0.09221583876435084,-0.519495601946157,True,84.61724787165593,-4.086498777672815,53.417577666491134,20,12.0,11.90870637629186,0.0442141930202159,0.1569637099004186
500.0,380.88580812995247,True,33.333333333333336,32.95271115223065,32.78688524590164,0.01639344262295082,171.94022166355478,378.6891531416308,373.07555178600916,349.43766033174757,0.8102864665835425,339.5248477453525,1.0128294251851702,True,8.40763952696907,-0.3600869546597436,True,-14.31720407901949,0.13656408535083758,35.65911623897452,20,12.0,11.90870637629186,0.0442141930202159,0.1569637099004186
800.0,606.2950294894458,False,,43.506669876748084,71.42857142857143,0.2592055169165965,140.3314337895071,361.97044839290515,325.61102439723976,157.26015120033466,0.27005026994739556,159.38604439833713,0.9504905355076055,False,35.18863804234586,-0.3062748251055575,True,-40.55015234910678,-0.07886053544234199,84.73636932493281,20,12.0,11.90870637629186,0.0442141930202159,0.1569637099004186
300.0,228.15229898524512,False,,26.337522716098835,,,317.99549804166804,3.4960398827784047,2.7303652284859368,0.36437766498426044,0.0172836553325465,0.1221942982455989,0.6336557203652216,False,0.029964499873638473,1.0,False,85.28262708127198,-0.5483057408369284,88.6143061571726,21,0.0,13.026,0.04836243837768271,0.1569637099004186
500.0,380.88580812995247,False,,10.9505502537078,,,225.85324283880777,1.6214760435572089,1.3958021848405622,0.17439364049257738,0.019901650979431196,0.17432057796616343,0.6152038535930526,False,0.03145583130525412,1.0,False,39.5958170962335,-0.3619853367802119,68.55624915994301,21,0.0,13.026,0.04836243837768271,0.1569637099004186
800.0,606.2950294894458,False,,15.888637251835174,,,153.37174873297994,1.264719644255706,0.9952028661929546,0.13876209616765964,0.022295595814936786,0.11968223509944877,0.8867445226486356,False,0.10755112945575654,1.0,False,-27.50983740563393,-0.14828182318716196,34.93033743485202,21,0.0,13.026,0.04836243837768271,0.1569637099004186
300.0,228.15229898524512,False,,26.73615878260565,,,318.01259973232357,2.381145987492914,2.1161099715292835,0.3510799277895961,0.03465689970581387,0.1337835282990713,0.6734945025744284,False,0.023223331557608473,1.0,False,85.2997287719275,-0.48733168662194826,93.45326996529933,22,0.39,13.026,0.04836243837768271,0.1569637099004186
500.0,380.88580812995247,False,,11.516188465479448,,,225.85129168402653,1.757210020314659,1.5671466641543645,0.19179564460926818,0.018873758464756363,0.018540119107000416,0.668330429849372,False,0.035317254574911215,1.0,False,39.593865941452265,-0.2791563122218347,67.17210167769782,22,0.39,13.026,0.04836243837768271,0.1569637099004186
800.0,606.2950294894458,False,,30.220167737092478,,,153.37274919140663,1.4028099665461866,1.1449010186826456,0.14271121348273463,0.018609717510411183,0.0941601597178205,0.9092027941791601,False,0.12372894196477392,1.0,False,-27.508836947207243,-0.12327057473645105,34.31686331718195,22,0.39,13.026,0.04836243837768271,0.1569637099004186
300.0,228.15229898524512,False,,27.13456541275929,,,317.5658029881475,1.1796957152207028,0.8815551130071526,0.43132862667148836,0.38501054291653736,0.16797342740594517,0.09522792596373472,False,0.009674661029490264,1.0,False,84.85293202775142,-2.443538281229281,109.05942819900525,23,2.0,13.026,0.04836243837768271,0.1569637099004186
500.0,380.88580812995247,False,,11.72835865239837,,,225.88351715452112,1.1323392767253893,0.9611995788194747,0.19358178422715733,0.0597279930888458,0.19653386018535418,0.40878514066781096,False,0.02166161661760143,1.0,False,39.626091411946845,-0.7707493293510158,72.60291798533748,23,2.0,13.026,0.04836243837768271,0.1569637099004186
800.0,606.2950294894458,False,,10.000006649389835,,,146.86064262789623,1.457569923439678,1.1941912602930245,0.2134299063629345,0.011113423156123514,0.2615800795498596,0.9266812622902096,False,0.12905571637070248,1.0,False,-34.02094351071764,-0.10422907137298484,34.37335274150161,23,2.0,13.026,0.04836243837768271,0.1569637099004186
300.0,228.15229898524512,False,,27.571259285557424,,,317.9770779296228,1.1867290172293679,0.8526141928826405,0.6846058659155877,0.8339913830978621,0.6532944543006948,0.010490303592652468,False,0.009357047770880604,1.0,False,85.26420696922673,-4.649360156827678,117.60359331474623,24,4.0,13.026,0.04836243837768271,0.1569637099004186
500.0,380.88580812995247,True,90.9090909090909,94.3486424467898,,,167.38957173789606,3.0713669780062958,1.979858906670671,1.126429951493604,0.5266276718871781,0.3714945709403314,0.006430250996492256,False,0.04461814750888307,1.0,False,-18.867854004678208,-4.9229254462079535,75.99719139699963,24,4.0,13.026,0.04836243837768271,0.1569637099004186
800.0,606.2950294894458,False,,10.00000524628577,,,115.35300624028315,0.9196616962260293,0.7895844924691175,0.17094887413141882,0.024907057712278857,0.2658384122780958,0.9130062023799859,False,0.08533004360272718,1.0,False,-65.52857989833072,-0.11909606596017487,38.04872288052005,24,4.0,13.026,0.04836243837768271,0.1569637099004186
300.0,228.15229898524512,True,31.25,30.935565653161976,31.25,0.0,236.33062726025705,277.39060281880256,268.896627100921,228.91122251050302,0.8245607801273065,189.48175849900852,0.8288682882569551,True,2.95101653973794,-0.24865434759883165,True,3.617756299860986,-0.2797502577226096,10.058576263118123,25,6.835494476281913,13.026,0.04836243837768271,0.1569637099004186
500.0,380.88580812995247,True,58.8235294117647,58.375133042054884,58.8235294117647,0.0,169.43007859626888,301.642738154766,287.4784242674311,262.8241668259677,0.8133915024170741,253.79464237019732,0.9737398714915119,True,6.478620621079999,0.13359441001731698,True,-16.827347146305385,0.09720517666177987,25.361485867885307,25,6.835494476281913,13.026,0.04836243837768271,0.1569637099004186
800.0,606.2950294894458,False,,30.529827287936882,,,115.31916330007664,0.6015966656292733,0.41026963685924045,0.09106015737444396,0.051078609462195335,0.06921589641740793,0.02866378058070943,False,0.04433765649651901,1.0,False,-65.56242283853723,-3.5802044148384318,46.65910202577702,25,6.835494476281913,13.026,0.04836243837768271,0.1569637099004186
300.0,228.15229898524512,True,27.027027027027028,29.70038711995021,29.41176470588235,0.08823529411764706,245.87227021880537,282.47258370603436,240.13593839844322,186.10001298611925,0.7308965935791829,162.0218087104419,0.7537353945010086,True,2.6353812379109227,-0.2786536704259239,True,13.159399258409309,-0.374770149225478,8.896465897570378,26,8.0,13.026,0.04836243837768271,0.1569637099004186
500.0,380.88580812995247,True,46.51162790697674,45.955376308497506,41.666666666666664,0.10553832555023099,193.0989473660306,390.2283940479265,378.43265406807757,273.1662344832334,0.5635414353472239,264.23049885959114,0.9984585157764344,True,8.52836731167947,-0.1075864845391501,True,6.841521623456316,0.12227358652947935,33.0484067865435,26,8.0,13.026,0.04836243837768271,0.1569637099004186
800.0,606.2950294894458,True,105.26315789473684,105.91417099705264,111.11111111111111,0.052613364176465637,115.20075394562222,27.33112494683209,20.83726174894946,17.37632113852039,0.8815272441012892,12.12994289863831,0.18747488172581622,False,2.251873574719225,0.688829023386107,True,-65.68083219299164,-1.7021938676309154,19.396475683913145,26,8.0,13.026,0.04836243837768271,0.1569637099004186
300.0,228.15229898524512,False,,19.009747076983903,,,315.1173900140539,21.450281037229104,20.329473717587007,17.88536866633481,0.8949747559111645,11.361290750686331,0.02629943466791043,False,0.2231066035731674,-0.5383019344248585,True,82.40451905365785,-3.7302640765300716,33.36136334157182,27,12.0,13.026,0.04836243837768271,0.1569637099004186
500.0,380.88580812995247,True,32.25806451612903,32.84756763872039,32.78688524590164,0.01639344262295082,166.68360370152075,374.0934763487709,365.9719504565222,343.94905353102376,0.8204431945272126,332.272328673263,1.028396074846274,True,8.247552598099817,-0.36212875042025927,True,-19.573822041053518,0.15181663970671783,35.218106529965894,27,12.0,13.026,0.04836243837768271,0.1569637099004186
800.0,606.2950294894458,False,,74.14875083646426,71.42857142857143,0.1090764867073068,120.38066886095011,245.53695048730802,206.7231960706098,147.11432396479614,0.6421694431952636,41.79211974596997,0.8002000812488712,True,22.340483510813357,0.1823211311726214,True,-60.50091727766376,-0.2509769419795709,63.81099300060458,27,12.0,13.026,0.04836243837768271,0.1569637099004186
300.0,228.15229898524512,False,,26.25603886132,,,318.0242384109899,3.473629471450238,2.772769013128368,0.39883343776357544,0.02022487394416639,0.16204683429458228,0.2167661231696501,False,0.03042986186488552,1.0,False,85.31136745059382,-1.6209925210527494,89.51823034680658,28,0.0,18.0,0.06682971678168961,0.1569637099004186
500.0,380.88580812995247,False,,11.671954901474896,,,225.84409847396537,1.6436064552529501,1.4222983059680132,0.1757133509559608,0.01904148279491502,0.1059695755196557,0.6112178428092204,False,0.03205294852249352,1.0,False,39.586672731391104,-0.3684855884158142,68.34363876109394,28,0.0,18.0,0.06682971678168961,0.1569637099004186
800.0,606.2950294894458,False,,30.05361149324682,,,153.3646457678026,1.2288381682585907,1.0504707638920934,0.1450502577035613,0.021416309417008228,0.10085231333794535,0.8191706481222201,False,0.11352390648656054,1.0,False,-27.516940370811255,-0.22754631622399987,34.71590619872266,28,0.0,18.0,0.06682971678168961,0.1569637099004186
300.0,228.15229898524512,False,,26.605286555155672,,,318.03592192975265,2.4443578857548687,2.0943853739675546,0.39882706718643324,0.04580695551756164,0.19282448480867342,0.17247344103556747,False,0.022984914112901177,1.0,False,85.32305096935659,-1.8495682603596624,95.29875677031838,29,0.39,18.0,0.06682971678168961,0.1569637099004186
500.0,380.88580812995247,False,,11.694199436258753,,,225.85316232591583,1.5637498380405646,1.3580718758422563,0.16817688521149549,0.015979447677684555,0.1236340044343411,0.574406701447995,False,0.030605540162400382,1.0,False,39.59573658334156,-0.4306013343876847,68.89336508615001,29,0.39,18.0,0.06682971678168961,0.1569637099004186
800.0,606.2950294894458,False,,10.000006543227983,,,153.37105527671537,1.2868193950949092,1.072942988936802,0.22351852899797806,0.01945582835613946,0.28238642069227105,0.7804875662231583,False,0.11595246981474709,1.0,False,-27.510530861898502,-0.2759199306374748,34.6364662241787,29,0.39,18.0,0.06682971678168961,0.1569637099004186
300.0,228.15229898524512,False,,28.313059559025472,,,318.0271883758174,1.3922753932360479,0.8981240304296989,0.5093112849880278,0.43107741132147404,0.18694479597117694,0.12466773310738777,False,0.009856497261080982,1.0,False,85.31431741542133,-2.1741594569188756,108.2570984609913,30,2.0,18.0,0.06682971678168961,0.1569637099004186
500.0,380.88580812995247,False,,11.471754592847104,,,221.49128283996663,0.9972158419285222,0.8556099404419797,0.18622986135992559,0.0712465066473531,0.22332293123728603,0.3509548265565949,False,0.019282046010492326,1.0,False,35.23385709739236,-0.9232815030054846,73.54582019641292,30,2.0,18.0,0.06682971678168961,0.1569637099004186
800.0,606.2950294894458,False,,10.000006224742423,,,148.57510933874292,1.2949413373024754,1.0724098818244556,0.23265173841399261,0.021066167928876056,0.26662287097158194,0.996138131244369,False,0.11589485716711366,1.0,False,-32.30647679987095,-0.03195280598149747,34.77885110515528,30,2.0,18.0,0.06682971678168961,0.1569637099004186
300.0,228.15229898524512,False,,26.864896457800576,,,318.033760470212,1.1723642248132933,0.9194318507101684,0.7210594563678976,0.8091841431020088,0.6103360390302864,0.012503646254620046,False,0.010090340767231877,1.0,False,85.32088950981591,-4.473791217824466,115.95184940095861,31,4.0,18.0,0.06682971678168961,0.1569637099004186
500.0,380.88580812995247,False,,10.566404694403994,,,167.48264877064688,0.605270599037425,0.45591646409835107,0.14851006284895582,0.16521201138883035,0.16256235641540906,0.006806218375877135,False,0.010274544301278499,1.0,False,-18.774776971927395,-4.866102357567364,89.08739491525535,31,4.0,18.0,0.06682971678168961,0.1569637099004186
800.0,606.2950294894458,False,,10.000004852653467,,,115.49671210156238,0.8024416338994627,0.657930213252996,0.1770104609276487,0.03917504847388131,0.20579877349559375,0.9138110077740723,False,0.071102224422962,1.0,False,-65.38487403705149,-0.1182149647293786,38.67041074678215,31,4.0,18.0,0.06682971678168961,0.1569637099004186
300.0,228.15229898524512,False,,19.399658402631495,,,318.3643518870739,18.5877091993288,17.361580378338658,10.118652727264648,0.6568627453117544,3.3163148933655306,0.018077900977350778,False,0.19053534216789578,-0.5288319870305929,True,85.65148092667783,-4.105121268127187,37.97214419677458,32,6.835494476281913,18.0,0.06682971678168961,0.1569637099004186
500.0,380.88580812995247,True,55.55555555555556,57.26470556103978,57.142857142857146,0.02857142857142857,166.89109635278027,178.03205246242408,174.08745916855702,175.2745042201645,0.9399926118231563,175.05972045435328,0.7662576558428511,True,3.923239129040306,0.11203087226398156,True,-19.366329389794004,-0.14242054040737948,13.634853800535982,32,6.835494476281913,18.0,0.06682971678168961,0.1569637099004186
800.0,606.2950294894458,False,,30.227436282634965,,,115.31991341628434,0.512301166150749,0.39101330158074177,0.09170239140898406,0.060574191181208326,0.07948934809472873,0.2325397214892349,False,0.042256632939679975,1.0,False,-65.56167272232953,-1.4867776843883702,41.24876448675196,32,6.835494476281913,18.0,0.06682971678168961,0.1569637099004186
300.0,228.15229898524512,False,,25.423755324604215,,,228.39685619085574,245.15584987277742,224.00110794932328,201.05578430154992,0.8906439531761597,122.64289175073269,0.7284480454136867,True,2.4583089107695715,-0.38252210271448583,True,-4.316014769540317,-0.4088952140823699,9.585915190669448,33,8.0,18.0,0.06682971678168961,0.1569637099004186
500.0,380.88580812995247,True,50.0,49.85671822723607,50.0,0.0,167.9485021446589,260.18008388109166,255.20913135074693,247.11695575529419,0.8613998216180898,238.9735499024497,0.9047342664613037,True,5.751399066800089,-0.0318258111122961,True,-18.308923597915367,0.023702253443237828,21.860646555152023,33,8.0,18.0,0.06682971678168961,0.1569637099004186
800.0,606.2950294894458,False,,30.365854121076133,,,115.32342030994256,0.4633509088371426,0.3784590189253976,0.10396954508441314,0.09648838046074693,0.09331522838539302,0.02929413756704031,False,0.0408998972177922,1.0,False,-65.5581658286713,-3.5584513269708316,46.758905474456455,33,8.0,18.0,0.06682971678168961,0.1569637099004186
300.0,228.15229898524512,False,,18.14185371390236,,,310.63450020988523,100.40557223425273,71.04948813870124,45.57595829309131,0.6699727829617359,17.320936101645792,0.062257665025032834,False,0.7797353834361419,-0.5593808412213306,True,77.92162924948917,-2.8685298592692106,16.33176257725875,34,12.0,18.0,0.06682971678168961,0.1569637099004186
500.0,380.88580812995247,False,,34.18824252802643,33.333333333333336,0.16666666666666666,187.60496090259483,346.5057071742078,296.70047422419975,218.42377351471268,0.5707386941612475,142.24884891448258,0.938700229324295,True,6.686448958704988,-0.33609400786861454,True,1.3475351600205556,0.06055716472286541,28.420313718417464,34,12.0,18.0,0.06682971678168961,0.1569637099004186
800.0,606.2950294894458,True,71.42857142857143,71.4677251750514,71.42857142857143,0.0,116.36733944121367,113.62633392458326,111.71794339446761,112.44279598297722,0.949088513476161,111.5262069431385,0.844749229129918,True,12.073308267803629,0.1395714791967495,True,-64.5142466974002,-0.1967989268866918,40.73308315040879,34,12.0,18.0,0.06682971678168961,0.1569637099004186
300.0,228.15229898524512,False,,26.442913648631585,,,318.04559284602385,3.4959833745431865,2.851089388686489,0.4061034841555788,0.020495711049412835,0.2210364742424728,0.08381412453633406,False,0.031289391886375,1.0,False,85.33272188562779,-2.5712099761281433,91.028836880494,35,0.0,24.0,0.0891062890422528,0.1569637099004186
500.0,380.88580812995247,False,,11.154430233251919,,,225.84918061632868,1.6190656403196613,1.4091399981047346,0.17517428378383043,0.0177996380717651,0.1465603398825026,0.5588453686232201,False,0.031756412582870264,1.0,False,39.59175487375441,-0.4580662054569594,68.4887761080022,35,0.0,24.0,0.0891062890422528,0.1569637099004186
800.0,606.2950294894458,False,,10.00000611858057,,,153.35965996390294,1.240430478178638,1.0234115980723857,0.22766965585341853,0.02265953312071689,0.2312077394306386,0.7948266670009302,False,0.11059963451659224,1.0,False,-27.521926174710927,-0.2577146779854835,34.83563989685797,35,0.0,24.0,0.0891062890422528,0.1569637099004186
300.0,228.15229898524512,False,,26.774504171157915,,,318.04484961923794,2.4227806795982474,2.1329845297969996,0.43454017715796583,0.05416796912113675,0.22689739411110355,0.06289375389688007,False,0.0234085220565957,1.0,False,85.33197865884188,-2.858364663306806,97.44029799862837,36,0.39,24.0,0.0891062890422528,0.1569637099004186
500.0,380.88580812995247,False,,11.414122221084853,,,225.848831033891,1.5521398659291492,1.2947994964775944,0.17891930944923368,0.018236904077986282,0.023769768143192135,0.5755658264926642,False,0.029179632312998218,1.0,False,39.59140529131673,-0.4285854159043191,69.41874012025247,36,0.39,24.0,0.0891062890422528,0.1569637099004186
800.0,606.2950294894458,False,,10.000006330904275,,,153.36438589922966,1.2773127766451182,1.0649115938831528,0.24395447886939498,0.023092780472120267,0.24401443235129514,0.7809655598291537,False,0.11508452053679769,1.0,False,-27.51720023938421,-0.2753076886009369,34.66925035487639,36,0.39,24.0,0.0891062890422528,0.1569637099004186
300.0,228.15229898524512,False,,26.546940312318434,,,318.0666525549474,1.2167696520340883,0.9885753331024603,0.5498896818232937,0.4731712296901216,0.3260046910197159,0.021528489327884717,False,0.010849158616137626,1.0,False,85.35378159455132,-3.930434376964906,112.74541825881688,37,2.0,24.0,0.0891062890422528,0.1569637099004186
500.0,380.88580812995247,False,,10.662689735011815,,,222.66804653796854,0.986725474869047,0.8006986537907324,0.20685835677773948,0.08570694090215203,0.14777793169761516,0.5025587644915274,False,0.018044563945758783,1.0,False,36.410620795394266,-0.5642264415623987,73.8633913044278,37,2.0,24.0,0.0891062890422528,0.1569637099004186
800.0,606.2950294894458,False,,10.000006012418718,,,149.62822653973677,1.2038200180043361,0.9708132825863629,0.2487514576162936,0.03233144412022637,0.19417449248584912,0.9931606947440058,False,0.10491535804376388,1.0,False,-31.253359598877097,-0.034946261449133,35.16052563062691,37,2.0,24.0,0.0891062890422528,0.1569637099004186
300.0,228.15229898524512,False,,26.01026854576342,,,316.9472501114079,1.0769367760224782,0.8788118677989019,0.5980267689449298,0.6614021641268173,0.46143218544279624,0.006821540743553658,False,0.009644555177775484,1.0,False,84.23437915101186,-5.079726158148657,119.34778074984091,38,4.0,24.0,0.0891062890422528,0.1569637099004186
500.0,380.88580812995247,False,,10.000006390004103,,,214.0593238105775,0.6223927793232349,0.5426860307198922,0.21547865096254099,0.2513319974873055,0.24751980524919626,0.006765823821762579,False,0.012229985322735974,1.0,False,27.801898068003226,-4.872054987658543,88.40847655230446,38,4.0,24.0,0.0891062890422528,0.1569637099004186
800.0,606.2950294894458,False,,10.000006018540063,,,115.38369591538597,0.7507717041458051,0.5852360660273774,0.1959274494896971,0.06005324850272442,0.1961762976577205,0.917334694069501,False,0.06324620038552473,1.0,False,-65.4978902232279,-0.11436634619373319,39.04722552708113,38,4.0,24.0,0.0891062890422528,0.1569637099004186
300.0,228.15229898524512,False,,16.973053531568006,,,318.07260135752995,8.563878716716033,5.46779914050785,3.3663960975531237,0.5280944340440712,0.9438045582286038,0.006813106422166302,False,0.060006575290911454,-0.5877680039248789,True,85.35973039713389,-5.080963347840574,70.24390643964512,39,6.835494476281913,24.0,0.0891062890422528,0.1569637099004186
500.0,380.88580812995247,True,50.0,52.19277152403762,,,167.5090468321066,8.723736306879772,4.652438332503664,2.8729791206125275,0.5145392332022256,0.7585890001494113,0.0044622280247095195,False,0.10484746114797754,1.0,False,-18.748378910467665,-5.288290820515311,64.76668112019657,39,6.835494476281913,24.0,0.0891062890422528,0.1569637099004186
800.0,606.2950294894458,False,,31.54853319739354,,,115.43558764130466,0.5208395839238307,0.39071700292177525,0.09796704858851217,0.07541576509276537,0.08360671542510498,0.18693571206861598,False,0.042224612075883655,1.0,False,-65.4459984973092,-1.7050739679210063,41.603540201699566,39,6.835494476281913,24.0,0.0891062890422528,0.1569637099004186
300.0,228.15229898524512,False,,10.000005559546457,,,316.74403299209547,24.653762673894164,21.88053327964417,20.53606153506899,0.8856484055334772,17.671466590942444,0.018557702797548432,False,0.24012876733586672,-0.7571254786354689,True,84.03116203169941,-4.07892657195215,40.714757869997186,40,8.0,24.0,0.0891062890422528,0.1569637099004186
500.0,380.88580812995247,True,47.61904761904762,47.00059345819522,47.61904761904762,0.02037706832433973,168.29603244098718,74.26712442689771,60.76484401345414,54.93355604983912,0.9487678555780011,44.64564906442269,0.18934877459097696,False,1.3693979729624994,-0.08728927481291326,True,-17.961393301587094,-1.5403483362541328,2.290752408026072,40,8.0,24.0,0.0891062890422528,0.1569637099004186
800.0,606.2950294894458,False,,31.060251954635923,,,115.35385695398905,0.4262920059411499,0.35269747676356644,0.09856124190364651,0.09944386744230627,0.07513282155774352,0.049153696218289404,False,0.038115858857225585,1.0,False,-65.52772918462482,-3.0408866933592003,45.127917286030396,40,8.0,24.0,0.0891062890422528,0.1569637099004186
300.0,228.15229898524512,False,,16.551232163490436,,,224.98676970191744,258.05008773883907,252.9249040885921,225.34916402815986,0.8735061832324271,107.7507686760919,0.6379678932227153,True,2.7757342415341544,-0.5980129645164627,True,-7.7261012584786215,-0.541523561989882,16.655899690979535,41,12.0,24.0,0.0891062890422528,0.1569637099004186
500.0,380.88580812995247,True,33.333333333333336,33.460959094029604,33.333333333333336,0.0,165.59767519976705,292.34625520107664,287.38769628557435,283.4357007258507,0.8239312069430137,181.11479032787986,0.9338474237406721,True,6.4765759731184565,-0.35021722082442996,True,-20.659750542807217,0.05537404808519658,28.05955125160881,41,12.0,24.0,0.0891062890422528,0.1569637099004186
800.0,606.2950294894458,False,,10.000005387772973,,,115.34250808677764,0.6205207105011681,0.36506315702639824,0.27753949207336187,0.31207302360208855,0.7714963776357947,0.004064819689545841,False,0.03945221240275332,1.0,False,-65.53907805183623,-5.533469354737715,56.1780865215135,41,12.0,24.0,0.0891062890422528,0.1569637099004186
300.0,228.15229898524512,False,,25.77083996729881,,,318.7519612138635,3.1430624863786534,2.688927641294242,0.22810366074042315,0.007122463007130597,0.058308604559194954,1.0000365921048555,False,0.029509741454063244,1.0,False,86.03909025346746,-0.09201964954852689,88.84920061294106,42,0.0,6.0,0.0222765722605632,0.5
500.0,380.88580812995247,False,,10.692419817850258,,,226.1740702564708,1.513188071519977,1.317423480786175,0.1530508341328382,0.017975282560631745,0.13274554329179952,0.6581874161624961,False,0.029689486962598672,1.0,False,39.91664451389653,-0.294449301155444,69.19492617615634,42,0.0,6.0,0.0222765722605632,0.5
800.0,606.2950294894458,False,,30.362102617238488,,,153.52342699085267,1.168935486626765,0.9402172762725627,0.1195092863268749,0.020840850961851842,0.08472103991389669,0.9805582503250903,False,0.10160886130056955,1.0,False,-27.3581591477612,-0.04771668727001271,35.149938567551565,42,0.0,6.0,0.0222765722605632,0.5
300.0,228.15229898524512,False,,26.665416815748763,,,318.7649730295887,2.3418341168963934,2.136285877546868,0.21707899203674172,0.01255757806378055,0.07029866198131962,1.0118062939892871,False,0.023444752826458172,1.0,False,86.05210206919264,-0.0803190975411888,93.24133641167609,43,0.39,6.0,0.0222765722605632,0.5
500.0,380.88580812995247,False,,10.965145114130136,,,226.35393878468554,1.8452156020286736,1.6415743071849533,0.1482627562436563,0.010945621004451511,0.10967158525475008,0.7399026700819918,False,0.036994557712164367,1.0,False,40.09651304211127,-0.17742036828836347,66.60616996272623,43,0.39,6.0,0.0222765722605632,0.5
800.0,606.2950294894458,False,,30.35058753684131,,,153.57430530224315,1.3629196591474226,1.105234052280764,0.12254641170192838,0.01582972987921727,0.08547643399503214,0.994113391670933,False,0.11944215061445766,1.0,False,-27.307280836370722,-0.03398746366031876,34.46012771033829,43,0.39,6.0,0.0222765722605632,0.5
300.0,228.15229898524512,False,,26.92359687061496,,,314.0168733903295,0.8672185468690827,0.655499499493601,0.23746537069483595,0.16697658924783376,0.04666670472809481,0.30747300463824434,False,0.007193804867137853,1.0,False,81.30400242993346,-1.271424226367549,109.32980794616715,44,2.0,6.0,0.0222765722605632,0.5
500.0,380.88580812995247,False,,12.705885019110363,,,183.8410422812367,1.1899173651631543,1.0613203261289073,0.12250750965360496,0.018655048723192014,0.12255607700005292,0.4936161835546843,False,0.023917940165254586,1.0,False,-2.416383461337574,-0.5821807600860704,70.56541062194805,44,2.0,6.0,0.0222765722605632,0.5
800.0,606.2950294894458,False,,16.414828677179777,,,124.30473367350807,1.2757328213019008,1.0759384520276143,0.09465994118182315,0.006746200248123335,0.05974556638275577,0.7915581872140129,False,0.11627618817369062,1.0,False,-56.5768524651058,-0.26183534820382265,36.147918533799896,44,2.0,6.0,0.0222765722605632,0.5
300.0,228.15229898524512,False,,47.3950011473199,,,299.9715347976766,0.8876326689768916,0.67755883138733,0.3982067916369049,0.4763433408341138,0.2174094282582985,0.00584684587327716,False,0.007435895866849541,1.0,False,67.25866383728055,-5.233909171086221,121.14499409797696,45,4.0,6.0,0.0222765722605632,0.5
500.0,380.88580812995247,True,83.33333333333333,83.12086630819823,83.33333333333333,0.0,168.9888334166798,362.2670909205918,356.23680983712717,351.9045803767485,0.8062641557228444,346.74649409809206,0.9884866394911913,True,8.028161237072826,0.6141350690350975,True,-17.268592325894474,0.11223610765725871,40.490011716217744,45,4.0,6.0,0.0222765722605632,0.5
800.0,606.2950294894458,False,,10.000006543227983,,,129.48574864120397,1.4125696618913253,1.2034478839613882,0.16920103283639354,0.010264786106220836,0.12902724879915942,0.9283110333982717,False,0.13005607555805876,1.0,False,-51.3958374974099,-0.10247189800768507,35.265216424992175,45,4.0,6.0,0.0222765722605632,0.5
300.0,228.15229898524512,True,28.571428571428573,28.269297849894976,,,227.70151663172973,358.22655673713035,357.1762645001577,311.8704343066654,0.7477303788445477,296.1437526196168,1.0141615388158296,True,3.9198448694047165,-0.3134111632517924,True,-5.011354328666329,-0.07799404000629395,16.019676759925936,46,6.835494476281913,6.0,0.0222765722605632,0.5
500.0,380.88580812995247,True,52.63157894736842,51.58593265588197,51.282051282051285,0.02564102564102564,175.56887420120907,405.2614787817719,399.404775625882,392.06550745980434,0.815280997802795,384.3462888162906,0.9984358751151962,True,9.000995542957767,0.0017540320140927435,True,-10.6885515413652,0.12225091065704219,34.502118718109735,46,6.835494476281913,6.0,0.0222765722605632,0.5
800.0,606.2950294894458,True,83.33333333333333,85.46275384364883,83.33333333333333,0.041644982217284056,132.40911854386974,337.47182978400866,330.1977978916496,313.41625324229835,0.7959987844789845,308.05133096480625,0.9999336645851646,True,35.684328606189005,0.36272585387722245,True,-48.47246759474413,-0.02814979857139464,86.80569834593199,46,6.835494476281913,6.0,0.0222765722605632,0.5
300.0,228.15229898524512,True,25.974025974025974,26.04953280005516,,,229.30179323468622,356.9977761675734,356.4278530549777,324.3089247858618,0.7332287928621006,295.69107702379574,1.0021903218761359,True,3.911631398759633,-0.367323570681095,True,-3.411077725709845,-0.08986831436577926,16.887835241933846,47,8.0,6.0,0.0222765722605632,0.5
500.0,380.88580812995247,True,45.45454545454545,45.90518244540782,45.45454545454545,0.021757131728816846,191.9657665513237,408.6580686618166,403.7797778171888,383.3315641788691,0.8183124058285498,380.169027251286,0.9941134929591119,True,9.099590696615293,-0.10856120578860151,True,5.708340808749426,0.11791235924610638,35.09395681556847,47,8.0,6.0,0.0222765722605632,0.5
800.0,606.2950294894458,True,71.42857142857143,69.95012031758043,71.42857142857143,0.03288868749704872,137.32354486561434,375.7661058843461,369.5018198794302,341.07091119831586,0.7770659715635637,335.4266029234627,0.982865248930278,True,39.93189671570458,0.1153728747493803,True,-43.55804127299953,-0.045366710642207715,89.20048259449368,47,8.0,6.0,0.0222765722605632,0.5
300.0,228.15229898524512,False,,20.039174714402794,,,219.76935685475337,352.3798742741796,351.4815250026281,306.94773132581906,0.7273030024895164,344.4945111834801,0.9966766575896309,True,3.8573477282992554,-0.5132997738531725,True,-12.943514105642691,-0.09538511796224335,19.921708392060122,48,12.0,6.0,0.0222765722605632,0.5
500.0,380.88580812995247,True,34.48275862068966,34.026995415493815,34.48275862068966,0.016070608663330627,192.81435545495196,412.0758926495756,408.6380646370085,394.9812392967139,0.767995569729468,357.02389432264204,1.0031454154619426,True,9.209077164179638,-0.3392252868203339,True,6.556929712377695,0.12695673905372876,38.068869420130675,48,12.0,6.0,0.0222765722605632,0.5
800.0,606.2950294894458,True,47.61904761904762,47.78400695603051,47.61904761904762,0.0,159.83999969108876,422.4359039419968,410.5334145774921,388.35240272486215,0.7634827320077577,370.0221672979808,1.0054174445596902,True,44.366162836770776,-0.23807157209139063,True,-21.041586447525106,-0.02268063796543604,94.82368781719971,48,12.0,6.0,0.0222765722605632,0.5
300.0,228.15229898524512,False,,26.042840758939807,,,318.32184324608596,3.241291132320555,2.704914068489643,0.289988283600394,0.011014106446642913,0.06419985816161428,0.9177359755558292,False,0.029685185123898634,1.0,False,85.6089722856899,-0.1779017790397445,88.69673841249224,49,0.0,9.0,0.03341485839084481,0.5
500.0,380.88580812995247,False,,11.047044625695131,,,226.1021084810046,1.5681916495348105,1.366479485756173,0.14891587177863214,0.014473743414465279,0.10158995366223807,0.6875544116009147,False,0.030795014259808216,1.0,False,39.84468273843032,-0.25079804836414965,68.77283016108905,49,0.0,9.0,0.03341485839084481,0.5
800.0,606.2950294894458,False,,10.000006649389835,,,153.44619972695898,1.2393136342059563,1.0043227241003478,0.1808082991785082,0.01619285438414575,0.2364361807985204,0.8747844262683968,False,0.10853670842838178,1.0,False,-27.43538641165489,-0.16186125391383493,34.891575327454916,49,0.0,9.0,0.03341485839084481,0.5
300.0,228.15229898524512,False,,26.46105356281455,,,318.247932150876,2.300376534112729,2.1175717321959837,0.29433912339463447,0.024574042692780074,0.05559159753191014,0.9185646574713393,False,0.023239373707155227,1.0,False,85.53506119047995,-0.17699922315443914,93.35860817367072,50,0.39,9.0,0.03341485839084481,0.5
500.0,380.88580812995247,False,,11.861886542331009,,,226.2597338787327,1.5741200501777826,1.401196931078971,0.14586176588545627,0.012009452786555186,0.05056561429508903,0.6703232871871849,False,0.03157740743506181,1.0,False,40.00230813615843,-0.2761789047195564,68.50413010916931,50,0.39,9.0,0.03341485839084481,0.5
800.0,606.2950294894458,False,,15.57532128818218,,,153.475522155034,1.3463346001621233,1.0990203530072336,0.1190487737900175,0.013467937548628295,0.08332843205653731,0.8658814463143725,False,0.11877063890798209,1.0,False,-27.406063983579855,-0.1720907387677147,34.50324726095605,50,0.39,9.0,0.03341485839084481,0.5
300.0,228.15229898524512,False,,26.90468980509003,,,314.7894422377251,0.9129947383888748,0.7544780414457932,0.3367491097103973,0.2863749200636496,0.10282143942711001,0.2605443909878587,False,0.008280048742820385,1.0,False,82.07657127732904,-1.4370382664270422,108.34209517196223,51,2.0,9.0,0.03341485839084481,0.5
500.0,380.88580812995247,False,,11.90531516693592,,,184.11421771432134,0.971645459429169,0.8347483228469059,0.1261982239094746,0.032115099610780184,0.1273619334822455,0.6641597579914128,False,0.018811908099151887,1.0,False,-2.1432080282529284,-0.28541629899822685,72.5765585360966,51,2.0,9.0,0.03341485839084481,0.5
800.0,606.2950294894458,False,,10.000006224742423,,,119.39723805746557,0.9327000319590297,0.7898227833321556,0.1579653532290069,0.015040774231232845,0.13058832840338766,0.9103210721191686,False,0.08535579558991425,1.0,False,-61.4843480811483,-0.1220413761515632,37.7269389673612,51,2.0,9.0,0.03341485839084481,0.5
300.0,228.15229898524512,False,,28.135530229701615,,,292.1370489493883,0.7398711855555007,0.5948845685899755,0.3853267637018951,0.6250220431180946,0.38623910700549574,0.0064921740481668115,False,0.006528583939749514,1.0,False,59.424177988992255,-5.1292140610355474,121.07290866990931,52,4.0,9.0,0.03341485839084481,0.5
500.0,380.88580812995247,True,90.9090909090909,12.154153992554267,,,182.45739278900456,0.7102790914983643,0.4272910795236555,0.13425743861939857,0.11730702432371742,0.14413003861082976,0.005883128464722222,False,0.009629441952242915,1.0,False,-3.800032953569712,-5.011850346675272,89.9532959297755,52,4.0,9.0,0.03341485839084481,0.5
800.0,606.2950294894458,False,,30.20575977981009,,,120.77091279975406,0.8906416035718792,0.7330868939943826,0.08131875421590275,0.015274940639460777,0.0653888720451649,0.8958693649512471,False,0.07922437335808638,1.0,False,-60.11067333885981,-0.13804413563852624,37.89266395138351,52,4.0,9.0,0.03341485839084481,0.5
300.0,228.15229898524512,True,28.169014084507044,28.09903841628546,,,302.293797600466,23.988872257496098,21.116999392577156,12.787528371509504,0.7118933931225276,6.144436247537576,0.019948344477622493,False,0.23174933486147017,-0.31754632879739864,True,69.58092664006995,-4.00666536365132,27.84439481045878,53,6.835494476281913,9.0,0.03341485839084481,0.5
500.0,380.88580812995247,True,50.0,49.801587124848524,50.0,0.021383343303319473,178.052682193215,379.95813011070356,377.15957469455157,369.97011969752936,0.8219808649467856,362.6725409813883,0.984503990346814,True,8.499677164574988,-0.032896409263046156,True,-8.204743549359279,0.10819893232200167,32.69241291971411,53,6.835494476281913,9.0,0.03341485839084481,0.5
800.0,606.2950294894458,False,,30.98586530371684,,,123.44111128225408,0.5514836967312959,0.4123325332739114,0.08448706601890132,0.044927379699805425,0.0700912421440618,0.09996283816767296,False,0.044560592791102666,1.0,False,-57.440474856359785,-2.3310402413407854,42.1808144700901,53,6.835494476281913,9.0,0.03341485839084481,0.5
300.0,228.15229898524512,False,,22.20698555164822,,,227.99550066231197,356.9442199954802,347.12275830072525,306.1369634412212,0.7872807448852245,239.56538058166768,0.9760718403411965,True,3.8095122728350015,-0.4606492011740203,True,-4.7173702980840915,-0.116275329354844,18.305600139181735,54,8.0,9.0,0.03341485839084481,0.5
500.0,380.88580812995247,True,43.47826086956522,42.92182470180588,43.47826086956522,0.020203050891044214,185.4418349261781,393.06084007601646,389.98587592044373,391.5426186569809,0.7969326702184469,371.88878422885193,1.0010982777542885,True,8.788730994705025,-0.16649542340815904,True,-0.8155908163961669,0.12491393515070699,34.36645760014727,54,8.0,9.0,0.03341485839084481,0.5
800.0,606.2950294894458,True,100.0,104.62124380216486,100.0,0.05200158087208813,132.34216057146855,37.04837006428028,31.119240126356445,26.460042800836007,0.932227112559556,20.617392298045086,0.25989163666586873,False,3.3630423877272286,0.6682129627466631,True,-48.539425567145315,-1.3755739778550096,21.507003235700132,54,8.0,9.0,0.03341485839084481,0.5
300.0,228.15229898524512,False,,17.635565747386227,,,234.85593434177414,356.7005988159481,356.3335345942306,328.25293270196994,0.7300498612087873,296.5517495658668,0.9771851517761526,True,3.910596297127203,-0.5716772791390916,True,2.1430633813780844,-0.11513537536004365,21.67804739837507,55,12.0,9.0,0.03341485839084481,0.5
500.0,380.88580812995247,True,30.303030303030305,30.903632399941664,30.76923076923077,0.015384615384615385,181.6873586124943,408.172925860153,405.37206495465193,384.70336778905596,0.7948152574304083,361.59014965177084,1.0166667251909756,True,9.13547451749589,-0.39987828528688985,True,-4.570067130079963,0.14034561957831157,38.91905550464708,55,12.0,9.0,0.03341485839084481,0.5
800.0,606.2950294894458,True,47.61904761904762,47.27128826719669,47.61904761904762,0.0,136.84785069710293,374.22069096386963,362.34311866252716,336.30398593614024,0.79624957908652,334.6726115528489,1.0218337007995844,True,39.15825907109099,-0.24624700503283448,True,-44.03373544151094,-0.006484701789173018,89.41486035439668,55,12.0,9.0,0.03341485839084481,0.5
300.0,228.15229898524512,False,,26.005457387721897,,,318.2757440680234,3.2540168340569835,2.7503465868139187,0.34443834399282014,0.015127204131470062,0.06316088419683061,0.7798378413737326,False,0.030183786071267774,1.0,False,85.56287310762735,-0.34072551757041053,88.40175651046872,56,0.0,11.90870637629186,0.0442141930202159,0.5
500.0,380.88580812995247,False,,11.399932769467673,,,226.00847768523087,1.5577322456520903,1.3690383170323912,0.1376437173158121,0.011448972625536236,0.12147230540762594,0.6241042542052534,False,0.030852680142436504,1.0,False,39.7510519426566,-0.3476215904589345,68.77731522385295,56,0.0,11.90870637629186,0.0442141930202159,0.5
800.0,606.2950294894458,False,,10.00000611858057,,,153.41374021606512,1.2284059193030998,1.0068673660938714,0.2051121238349744,0.019107475861866008,0.18992007314534096,0.7995089277472573,False,0.1088117067526038,1.0,False,-27.467845922548747,-0.251841041063507,34.901374778903346,56,0.0,11.90870637629186,0.0442141930202159,0.5
300.0,228.15229898524512,False,,26.6984322572173,,,318.0051352247557,2.5172957173699615,2.1544371677005074,0.357216712021794,0.03575805292170142,0.1336359539117275,0.8348391513278522,False,0.02364395486940856,1.0,False,85.29226426435963,-0.2725724468116323,93.04104330030339,57,0.39,11.90870637629186,0.0442141930202159,0.5
500.0,380.88580812995247,False,,11.999101231052666,,,226.11330581036685,1.480331008881734,1.258932392714911,0.14210744429953912,0.012329010945107077,0.02167136996137643,0.6165341265521928,False,0.028371330407742288,1.0,False,39.85588006779258,-0.35982534253177506,69.7070218325182,57,0.39,11.90870637629186,0.0442141930202159,0.5
800.0,606.2950294894458,False,,10.000006224742423,,,153.5182707717433,1.2458560279924882,1.041367978379725,0.20723583348543453,0.01741458365172499,0.14189113843502396,0.7899256898422704,False,0.1125401725200439,1.0,False,-27.36331536687058,-0.2638998623923828,34.757432643435266,57,0.39,11.90870637629186,0.0442141930202159,0.5
300.0,228.15229898524512,False,,26.761506862130574,,,315.8557516284099,0.9395186433833942,0.7815369540922461,0.40633156406484494,0.3612439222599665,0.17965164772362072,0.12505270886384937,False,0.008577007836833257,1.0,False,83.14288066801385,-2.171076200631143,109.48272345728374,58,2.0,11.90870637629186,0.0442141930202159,0.5
500.0,380.88580812995247,False,,11.456376706534437,,,197.56468056719945,0.9241257322466936,0.7897318001132305,0.14192779669039243,0.04465936525440484,0.1306379492551122,0.5637015266533009,False,0.017797414669897527,1.0,False,11.307254824625176,-0.44941411556340216,73.16387979124771,58,2.0,11.90870637629186,0.0442141930202159,0.5
800.0,606.2950294894458,False,,10.000005906256865,,,117.20462123639165,0.8966851602934724,0.7551174099460951,0.16343326152910298,0.021249961432315834,0.08551667520269113,0.992095955642131,False,0.08160520138178738,1.0,False,-63.676964902222224,-0.03601890785357228,38.05440338089381,58,2.0,11.90870637629186,0.0442141930202159,0.5
300.0,228.15229898524512,False,,27.420388407637276,,,302.1683271328726,0.8973484350947842,0.6858424227647788,0.5218240769058767,0.7489169508481337,0.46485104012403655,0.007545520222777756,False,0.007526804464055959,1.0,False,69.45545617247654,-4.978857480782141,119.86763241741471,59,4.0,11.90870637629186,0.0442141930202159,0.5
500.0,380.88580812995247,False,,11.144765539571308,,,180.00050746552392,0.5992654676360587,0.4232980563175488,0.1386451342884314,0.1415823531199487,0.0914754796290402,0.0064387115900366955,False,0.009539455086099984,1.0,False,-6.256918277050346,-4.921610562477968,89.54836897238603,59,4.0,11.90870637629186,0.0442141930202159,0.5
800.0,606.2950294894458,False,,30.571970711878304,,,118.0632421461913,0.7660007306132144,0.630914380173806,0.08280312883210655,0.021721971310717736,0.06734775374933404,0.906810144338123,False,0.06818263540291618,1.0,False,-62.81834399242257,-0.12590563440452285,38.60094800904408,59,4.0,11.90870637629186,0.0442141930202159,0.5
300.0,228.15229898524512,False,,26.054999751140624,,,289.5931703719939,20.879208928247806,19.1329142085404,12.66623511370597,0.7726009386831274,6.941987335219937,0.023713733982429496,False,0.20997491449232225,-0.3671907924420932,True,56.88029941159783,-3.8337571467366334,28.79876689588172,60,6.835494476281913,11.90870637629186,0.0442141930202159,0.5
500.0,380.88580812995247,True,58.8235294117647,58.50350945485126,58.8235294117647,0.023255813953488372,187.98085589841403,153.81282556469552,143.19546656744424,137.64629013875722,0.9527338954041602,113.2654288096381,0.5308229563551944,True,3.227056447498824,0.13608736851420322,True,1.7234301558397647,-0.5095104688002451,10.150344330203891,60,6.835494476281913,11.90870637629186,0.0442141930202159,0.5
800.0,606.2950294894458,False,,30.4499004011889,,,121.72001098105568,0.4992775498576236,0.3966980423712414,0.09118213048315002,0.060398936258871605,0.0783060127493653,0.2604551173251134,False,0.04287098033904017,1.0,False,-59.16157515755819,-1.3734081879267348,40.54879299332773,60,6.835494476281913,11.90870637629186,0.0442141930202159,0.5
300.0,228.15229898524512,False,,21.604959291224223,,,302.6749511849031,17.28603195887308,15.73077032773125,9.746412458970942,0.7246365998566655,4.4522104787352506,0.015028504904588492,False,0.1726379535528013,-0.4752708770299674,True,69.96208022450702,-4.289862795228311,37.88349489103785,61,8.0,11.90870637629186,0.0442141930202159,0.5
500.0,380.88580812995247,True,41.666666666666664,42.61992810482015,43.47826086956522,0.020203050891044214,184.54932867926172,355.96968729875846,350.2058984944889,325.75517340300496,0.8307385652032009,319.047309574687,0.9697290420992639,True,7.892248475313794,-0.172357993254462,True,-1.7080970633125503,0.09307767551336632,31.103272600951286,61,8.0,11.90870637629186,0.0442141930202159,0.5
800.0,606.2950294894458,False,,35.125520566095624,,,123.77936823598598,0.4521973633721501,0.36369187212105203,0.08552146587919793,0.06749442200205269,0.05405744544178818,0.036998077379008475,False,0.039304018255222575,1.0,False,-57.102217902627885,-3.324972791373791,45.35942680370236,61,8.0,11.90870637629186,0.0442141930202159,0.5
300.0,228.15229898524512,False,,15.772676379118726,,,257.1201232517445,358.7950451202209,354.52926353394645,290.68397089637233,0.7828847464626023,109.14936986932652,0.9509899163019214,True,3.8907952538844,-0.6169220903523329,True,24.407252291348414,-0.14230806073457553,23.29434168092534,62,12.0,11.90870637629186,0.0442141930202159,0.5
500.0,380.88580812995247,True,29.41176470588235,28.440607347299675,,,182.63592409721778,399.83975304341664,397.1826940047151,374.5165996868737,0.8317046964434957,374.55342005626136,1.0166020753951186,True,8.950918658581838,-0.4477080937328267,True,-3.6215016453564886,0.14028202759690703,39.27440248763196,62,12.0,11.90870637629186,0.0442141930202159,0.5
800.0,606.2950294894458,False,,75.6877037406177,76.92307692307692,0.0,118.79705068814964,45.36678968027839,21.892225632355036,16.18493179226467,0.6093594591865603,6.727348365028229,0.02760285526747322,False,2.3658830506257202,0.20686013578071116,True,-62.08453545046423,-3.617919520846017,14.067777465741589,62,12.0,11.90870637629186,0.0442141930202159,0.5
300.0,228.15229898524512,False,,26.248438192285025,,,318.31294623521245,3.2744310326406776,2.7774067309620136,0.35336815102962194,0.015767275627552424,0.07157893954240137,0.6208905601435797,False,0.030480758680443528,1.0,False,85.60007527481639,-0.5686566852160392,88.3163599341285,63,0.0,13.026,0.04836243837768271,0.5
500.0,380.88580812995247,False,,10.352090740518276,,,225.89107098559327,1.5712923564216794,1.3438716450118307,0.1393759438483331,0.010998448488087953,0.19070156388668066,0.600930402528953,False,0.030285523421956204,1.0,False,39.633645243019004,-0.38545989387082463,68.99328699905719,63,0.0,13.026,0.04836243837768271,0.5
800.0,606.2950294894458,False,,10.00000611858057,,,153.4105626037965,1.2125206037859186,1.018549504219493,0.2016384806689609,0.01817626031279973,0.12469776121515046,0.8358698144910843,False,0.11007419020452058,1.0,False,-27.471023534817363,-0.20736586327295176,34.84197223401693,63,0.0,13.026,0.04836243837768271,0.5
300.0,228.15229898524512,False,,26.463748265722934,,,318.12312350849675,2.332001819414586,2.132948453369181,0.374268763095778,0.04026502073301974,0.1295214645168262,0.6647872603642874,False,0.023408126134429122,1.0,False,85.41025254810069,-0.5003444397186987,93.32789780759703,64,0.39,13.026,0.04836243837768271,0.5
500.0,380.88580812995247,False,,11.669672560836378,,,226.07142529083404,1.4863065984974924,1.227118456488796,0.14817861806717,0.013523227673254867,0.013998049159866842,0.5998497487829558,False,0.027654370782694063,1.0,False,39.81399954825977,-0.3872598137588526,69.98771949123079,64,0.39,13.026,0.04836243837768271,0.5
800.0,606.2950294894458,False,,10.00000643706613,,,153.39358510624163,1.2136996986908457,1.032798911981729,0.205766617177812,0.01705595458183673,0.12176059019651063,0.7561297930240355,False,0.11161411733994642,1.0,False,-27.48800103237224,-0.30762569460063877,34.81015854676919,64,0.39,13.026,0.04836243837768271,0.5
300.0,228.15229898524512,False,,26.660599176361593,,,316.19298733083053,0.9410385641438666,0.8039190974066628,0.42308704836384736,0.37596440787287466,0.19476311445452768,0.10459025319964645,False,0.008822641543093316,1.0,False,83.48011637043447,-2.349761154324641,109.65310824891242,65,2.0,13.026,0.04836243837768271,0.5
500.0,380.88580812995247,False,,11.446391021162581,,,199.4201946809636,0.904172381465628,0.7631780546921618,0.14456914858900802,0.04819001846371662,0.15481522984577598,0.5060435872702946,False,0.017198998830203732,1.0,False,13.16276893838932,-0.557316212491988,73.51628801091675,65,2.0,13.026,0.04836243837768271,0.5
800.0,606.2950294894458,False,,10.000005906256865,,,116.80748207221436,0.8895175592486169,0.743419218889656,0.1669527860791685,0.02368567282452194,0.08001765625167917,1.0063358535910458,False,0.08034098309680374,1.0,False,-64.07410406639951,-0.021767594506277924,38.14126243431431,65,2.0,13.026,0.04836243837768271,0.5
300.0,228.15229898524512,False,,26.739370279535457,,,304.12588117087205,0.8538370507587274,0.7228560526783667,0.5235693775776332,0.7478177683258683,0.47062370179534413,0.009145757707333523,False,0.007933011991641427,1.0,False,71.41301021047599,-4.786521386734981,118.57643721533485,66,4.0,13.026,0.04836243837768271,0.5
500.0,380.88580812995247,False,,11.10341261814856,,,178.11231449631063,0.578731672036497,0.43453300850453047,0.1394030312345575,0.14496612335117331,0.09688938259909813,0.008497268061399565,False,0.009792646236360763,1.0,False,-8.145111246263639,-4.644194311626395,88.0551161564742,66,4.0,13.026,0.04836243837768271,0.5
800.0,606.2950294894458,False,,30.816111333257112,,,117.54583752533884,0.7462715697364359,0.6094720258961956,0.08381036782717463,0.023934331534331887,0.06645739538015878,0.8998162002677637,False,0.06586536974875926,1.0,False,-63.33574861327503,-0.13364821939493857,38.7514158583854,66,4.0,13.026,0.04836243837768271,0.5
300.0,228.15229898524512,True,26.31578947368421,26.603733936110867,,,277.4635618493821,30.97857764958229,25.635776906289323,17.624296908968198,0.7656697250786296,9.518467965149151,0.03367934316387041,False,0.28134083523144565,-0.3538634445983937,True,44.750690888986014,-3.48292683304247,21.342938805933972,67,6.835494476281913,13.026,0.04836243837768271,0.5
500.0,380.88580812995247,True,52.63157894736842,52.167561814713395,52.63157894736842,0.02249416633206334,208.51775860677043,217.7443250291014,211.93571294254707,203.34927353237987,0.9390094408511102,195.85542530448316,0.9069556947274022,True,4.7761882781699665,0.01304876538419708,True,22.260332864196158,0.026154581851494493,17.51426817843708,67,6.835494476281913,13.026,0.04836243837768271,0.5
800.0,606.2950294894458,False,,31.670603508082944,,,120.57499637791967,0.49495621443715265,0.3896423858425351,0.08312223141019821,0.05457567859924173,0.06414920531986794,0.36295657874725323,False,0.0421084786878772,1.0,False,-60.306589760694195,-1.0415555306044932,40.2574406220207,67,6.835494476281913,13.026,0.04836243837768271,0.5
300.0,228.15229898524512,True,22.727272727272727,21.571023713333666,,,296.19004389764945,21.84602581921274,20.055585314357813,13.296979092183328,0.7392229976428888,6.289161548783119,0.020181589885917756,False,0.22010080459128423,-0.47609508529548483,True,63.477172937253385,-3.995040722915147,31.371252608490146,68,8.0,13.026,0.04836243837768271,0.5
500.0,380.88580812995247,True,52.63157894736842,53.323093078313434,52.63157894736842,0.02309401076758503,175.17293498027288,69.16262757901362,60.79048706979876,62.11989887847208,0.9911103194987184,60.653695817454924,0.1957042195262084,False,1.3699758654914609,0.035488179442124235,True,-11.084490762301385,-1.5073345835535645,1.9563549585411466,68,8.0,13.026,0.04836243837768271,0.5
800.0,606.2950294894458,False,,30.4499004011889,,,122.47234718049165,0.44934381256919664,0.36305948186843295,0.09754435626714496,0.09089840165154994,0.08974300344240584,0.0396309844009335,False,0.03923567612294338,1.0,False,-58.409238958122216,-3.256227493253156,45.22202647020777,68,8.0,13.026,0.04836243837768271,0.5
300.0,228.15229898524512,False,,16.240870245744148,,,244.25262574725303,358.0194303486655,347.27717153251893,289.0028038609241,0.8123551948717637,118.06381727765397,0.9096811902336057,True,3.8112068868801474,-0.6055508605479751,True,11.539754786856975,-0.1867173222413161,22.257094560065713,69,12.0,13.026,0.04836243837768271,0.5
500.0,380.88580812995247,True,28.985507246376812,28.7630713311192,,,176.1354768528824,395.00213283235576,387.9813762267428,374.99156448165326,0.8056541354520652,361.98062999623676,1.003593453020462,True,8.743557541832336,-0.44144612308812803,True,-10.121948889691879,0.1274032720561047,38.44670958527813,69,12.0,13.026,0.04836243837768271,0.5
800.0,606.2950294894458,True,71.42857142857143,71.55302529498763,71.42857142857143,0.0,126.91169434647232,14.64519956980375,9.671230966376754,7.503555278504054,0.8110334622533222,4.494170714328054,0.05932733774892162,False,1.045165612957186,0.14093161181064362,True,-53.96989179214155,-2.85276853259572,6.560166257158383,69,12.0,13.026,0.04836243837768271,0.5
300.0,228.15229898524512,False,,26.283624731354738,,,318.0543829669521,3.5000636745865563,2.7984573501015007,0.4280109272127339,0.023141882276506043,0.16192780667344123,0.21780852612828272,False,0.03071177952262403,1.0,False,85.34151200655606,-1.6161951636388898,89.32708698092266,70,0.0,18.0,0.06682971678168961,0.5
500.0,380.88580812995247,False,,11.671954901474896,,,225.84409847396537,1.6436064552529501,1.4222983059680132,0.1757133509559608,0.01904148279491502,0.1059695755196557,0.6112178428092204,False,0.03205294852249352,1.0,False,39.586672731391104,-0.3684855884158142,68.34363876109394,70,0.0,18.0,0.06682971678168961,0.5
800.0,606.2950294894458,False,,10.000005693933158,,,153.3870542816259,1.2139332997259658,1.045077254633128,0.23065650224742631,0.02273316522929858,0.34506849575733745,0.7960191656006161,False,0.11294103234879721,1.0,False,-27.494531856987976,-0.2562154769961693,34.7445518998847,70,0.0,18.0,0.06682971678168961,0.5
300.0,228.15229898524512,False,,25.846593896402947,,,318.1773844019031,2.4493935624303163,2.161023433551236,0.47012998825334407,0.06285224263023304,0.20191031801053974,0.18135502158217062,False,0.023716236101308567,1.0,False,85.46451344150705,-1.7993549646167966,94.64968733210925,71,0.39,18.0,0.06682971678168961,0.5
500.0,380.88580812995247,False,,13.27814919793767,,,225.89719123844986,1.5658639022380214,1.2722426216485019,0.14130748110536034,0.011352610193747337,0.11477079467264872,0.5497526192919757,False,0.028671290044227006,1.0,False,39.639765495875594,-0.4744706249816727,69.63305771387259,71,0.39,18.0,0.06682971678168961,0.5
800.0,606.2950294894458,False,,10.00000580009501,,,153.40649790670383,1.1788888900807137,1.0399363435102487,0.2329628993617179,0.023577711369870746,0.12501624134164496,0.7693184662077324,False,0.11238545637883197,1.0,False,-27.475088231910036,-0.2903337258519055,34.774799169635585,71,0.39,18.0,0.06682971678168961,0.5
300.0,228.15229898524512,False,,26.536595011397928,,,317.4873308110386,1.0394465518656375,0.8793769975169425,0.4823025834309695,0.41621633405326053,0.21990704866246588,0.12401268212390884,False,0.009650757215945377,1.0,False,84.77445985064253,-2.1794276843979454,108.44270541577188,72,2.0,18.0,0.06682971678168961,0.5
500.0,380.88580812995247,False,,11.067455203805869,,,205.6973667731664,0.8861432576710229,0.7376816464353624,0.15895682854731752,0.05953134415193306,0.08437266676073867,0.5738234103281883,False,0.016624411166044586,1.0,False,19.439941030592138,-0.43161731744543297,73.83885753920768,72,2.0,18.0,0.06682971678168961,0.5
800.0,606.2950294894458,False,,10.000005559546457,,,132.011193956082,1.0029372701419277,0.8135581877448033,0.21179511795387929,0.035422620458784415,0.1367381490404614,0.9982845693592471,False,0.08792087014846607,1.0,False,-48.87039218253187,-0.029800364632997886,36.73973605462948,72,2.0,18.0,0.06682971678168961,0.5
300.0,228.15229898524512,False,,26.409102842274432,,,309.7230063494833,0.9201169177625275,0.7182069076901598,0.5338411395392426,0.6843277342605397,0.4338881492278544,0.010397933683858069,False,0.007881989768329236,1.0,False,77.01013538908722,-4.658204417803463,118.52576295864074,73,4.0,18.0,0.06682971678168961,0.5
500.0,380.88580812995247,False,,10.000004013585107,,,173.0348926806639,0.5347585959261494,0.44113453255263835,0.14838693566111077,0.14255032381342958,0.04937024672588777,0.007195144473206476,False,0.0099414183396503,1.0,False,-13.222533061910383,-4.810532599114856,88.86548904296671,73,4.0,18.0,0.06682971678168961,0.5
800.0,606.2950294894458,False,,31.060251954635923,,,116.16356890246746,0.7009645252119299,0.5491682706507675,0.08724514468426203,0.0305731466636443,0.07134673373411209,0.8895222130754133,False,0.05934836984111247,1.0,False,-64.71801723614641,-0.14515426060310635,39.175591476188835,73,4.0,18.0,0.06682971678168961,0.5
300.0,228.15229898524512,False,,21.84984964284166,,,289.8433280687949,9.921582899383566,6.882157193944977,3.9883895117031525,0.5839891790599248,1.5945241188248418,0.0066989376620600165,False,0.07552850300641988,-0.4693231176430642,True,57.13045710839884,-5.097862564042248,59.273400231823175,74,6.835494476281913,18.0,0.06682971678168961,0.5
500.0,380.88580812995247,False,,51.731241807700734,,,181.91181321480505,1.616284962559405,0.5996836838319837,0.4121974546700934,0.40082557706811983,0.11302690839363108,0.0012058193800107539,False,0.013514485791757765,1.0,False,-4.3456125277692195,-6.596779699649867,97.60921904379583,74,6.835494476281913,18.0,0.06682971678168961,0.5
800.0,606.2950294894458,False,,31.30439257601473,,,117.88619918639867,0.4846368516370916,0.3780061673526802,0.0971996030050601,0.07866667747291534,0.08406923574342715,0.39946657044076395,False,0.040850957750497574,1.0,False,-62.9953869522152,-0.9457086567295271,40.43209711063055,74,6.835494476281913,18.0,0.06682971678168961,0.5
300.0,228.15229898524512,False,,22.08925585716111,,,262.8500122804232,34.32426130200449,27.36769932625222,17.67763862616532,0.7326023614113045,9.226965772448315,0.026169299597395394,False,0.3003478854944274,-0.46350855390424484,True,30.137141320027126,-3.735224567351289,22.82198610252769,75,8.0,18.0,0.06682971678168961,0.5
500.0,380.88580812995247,True,45.45454545454545,45.12379173761227,,,181.09797254619806,9.087628692392457,6.381246045197713,3.4051688463990555,0.568613491633181,1.1881519214372072,0.00515168397471144,False,0.14380791296582449,-0.12373513503272615,True,-5.159453196376205,-5.14461537231149,33.893037393755215,75,8.0,18.0,0.06682971678168961,0.5
800.0,606.2950294894458,False,,31.30439257601473,,,118.87911036709131,0.4535608640402984,0.35124948492365604,0.10671040992642453,0.11358683197624997,0.08907939573586644,0.13697750956331872,False,0.03795937502552118,1.0,False,-62.002475771522555,-2.0160219913580235,42.15860443292374,75,8.0,18.0,0.06682971678168961,0.5
300.0,228.15229898524512,False,,13.925398559218543,,,297.81921570981615,52.24388887445423,50.477621419100615,39.574282354807586,0.9572706785601013,27.858514522577302,0.07027786004768677,False,0.5539686283922369,-0.6617877370426253,True,65.10634474942009,-2.7473547060622527,19.929308338265397,76,12.0,18.0,0.06682971678168961,0.5
500.0,380.88580812995247,True,28.985507246376812,30.05841501278696,29.41176470588235,0.029411764705882353,188.60705976085578,349.2426913909154,327.6960919563817,278.7689569137804,0.7674916398656586,216.12088450403462,0.7373800381896818,True,7.384966938670056,-0.41629167323819005,True,2.349634018281506,-0.18083560401832674,32.749883351105645,76,12.0,18.0,0.06682971678168961,0.5
800.0,606.2950294894458,False,,32.647165993598186,,,123.41624978657356,0.41814849354089745,0.3275269371010978,0.11327020831394247,0.17944291966706616,0.0785756254761513,0.0028260789551653844,False,0.03539568987292068,1.0,False,-57.46533635204031,-5.8969485172250975,57.93827156795621,76,12.0,18.0,0.06682971678168961,0.5
300.0,228.15229898524512,False,,26.442913648631585,,,318.04559284602385,3.4959833745431865,2.851089388686489,0.4061034841555788,0.020495711049412835,0.2210364742424728,0.08381412453633406,False,0.031289391886375,1.0,False,85.33272188562779,-2.5712099761281433,91.028836880494,77,0.0,24.0,0.0891062890422528,0.5
500.0,380.88580812995247,False,,11.154430233251919,,,225.84918061632868,1.6190656403196613,1.4091399981047346,0.17517428378383043,0.0177996380717651,0.1465603398825026,0.5588453686232201,False,0.031756412582870264,1.0,False,39.59175487375441,-0.4580662054569594,68.4887761080022,77,0.0,24.0,0.0891062890422528,0.5
800.0,606.2950294894458,False,,10.00000611858057,,,153.35965996390294,1.240430478178638,1.0234115980723857,0.22766965585341853,0.02265953312071689,0.2312077394306386,0.7948266670009302,False,0.11059963451659224,1.0,False,-27.521926174710927,-0.2577146779854835,34.83563989685797,77,0.0,24.0,0.0891062890422528,0.5
300.0,228.15229898524512,False,,26.774504171157915,,,318.04484961923794,2.4227806795982474,2.1329845297969996,0.43454017715796583,0.05416796912113675,0.22689739411110355,0.06289375389688007,False,0.0234085220565957,1.0,False,85.33197865884188,-2.858364663306806,97.44029799862837,78,0.39,24.0,0.0891062890422528,0.5
500.0,380.88580812995247,False,,11.414122221084853,,,225.848831033891,1.5521398659291492,1.2947994964775944,0.17891930944923368,0.018236904077986282,0.023769768143192135,0.5755658264926642,False,0.029179632312998218,1.0,False,39.59140529131673,-0.4285854159043191,69.41874012025247,78,0.39,24.0,0.0891062890422528,0.5
800.0,606.2950294894458,False,,10.000006330904275,,,153.36438589922966,1.2773127766451182,1.0649115938831528,0.24395447886939498,0.023092780472120267,0.24401443235129514,0.7809655598291537,False,0.11508452053679769,1.0,False,-27.51720023938421,-0.2753076886009369,34.66925035487639,78,0.39,24.0,0.0891062890422528,0.5
300.0,228.15229898524512,False,,26.707654815059158,,,318.084259532258,1.2763153380781205,1.0149793818647481,0.5984744515881666,0.49248644656976126,0.1595387275445261,0.02305466124910885,False,0.011138930880868618,1.0,False,85.37138857186193,-3.86194354757911,112.1561841546119,79,2.0,24.0,0.0891062890422528,0.5
500.0,380.88580812995247,False,,10.718579809352347,,,210.84183419416289,0.8805253253405567,0.7489179599365627,0.17888488776155137,0.06666610182471577,0.0599683130615495,0.2751696502302921,False,0.016877632994915043,1.0,False,24.584408451588615,-1.1665512015357276,74.47697924082254,79,2.0,24.0,0.0891062890422528,0.5
800.0,606.2950294894458,False,,10.000005215999492,,,136.18121800011102,1.0046356549354414,0.7964967142848991,0.2314849120549975,0.04593649900268493,0.26247034845194117,0.9911075748095198,False,0.08607704432849869,1.0,False,-44.70036813850285,-0.037015659724235754,36.57499259114224,79,2.0,24.0,0.0891062890422528,0.5
300.0,228.15229898524512,False,,26.471779263402972,,,313.33539777371556,0.961840810578849,0.7894351251798071,0.5078931960405466,0.6095073485716409,0.4102545590403846,0.006880393893228838,False,0.008663686624010177,1.0,False,80.6225268133195,-5.071135617736825,120.05257694068676,80,4.0,24.0,0.0891062890422528,0.5
500.0,380.88580812995247,False,,10.000006224742423,,,169.56247818044466,0.5203491707330272,0.4356357095746546,0.15893071113474913,0.13986456633555322,0.059542132075164615,0.003913405710932819,False,0.009817496733958967,1.0,False,-16.694947562129613,-5.419530998231483,92.23529622980512,80,4.0,24.0,0.0891062890422528,0.5
800.0,606.2950294894458,False,,30.816111333257112,,,115.63165556538164,0.677293981384878,0.5133520339164619,0.093272849152451,0.037668009308532535,0.08222823755747863,0.904160800441117,False,0.05547772512686939,1.0,False,-65.24993057323223,-0.12883151877023852,39.40628290745714,80,4.0,24.0,0.0891062890422528,0.5
300.0,228.15229898524512,False,,16.951605783679533,,,301.94570696383346,4.795463449680369,3.1928691943317062,1.7741803579065094,0.485952995036096,0.49615105383095454,0.0036620472067571052,False,0.03504026771654639,1.0,False,69.2328360034374,-5.701789182819996,100.60211609328555,81,6.835494476281913,24.0,0.0891062890422528,0.5
500.0,380.88580812995247,False,,10.000005559546457,,,176.23196667464507,0.40644473508973533,0.356674686244304,0.18051209285408343,0.34764225700460916,0.058967564663959124,0.0011033001293495074,False,0.008038029230221353,1.0,False,-10.025459067929205,-6.685633212897067,101.02059504148609,81,6.835494476281913,24.0,0.0891062890422528,0.5
800.0,606.2950294894458,False,,30.816111333257112,,,116.58986933905467,0.46661391697264776,0.36086812290403714,0.10946212089452999,0.10101157113637615,0.09169578895499367,0.44264824288221266,False,0.03899885693796118,1.0,False,-64.2917167995592,-0.8430633194312736,40.5384603716361,81,6.835494476281913,24.0,0.0891062890422528,0.5
300.0,228.15229898524512,False,,10.00000580009501,,,295.15728141820085,13.901771069148424,11.82785313934454,10.56886788219468,0.8032069980587864,7.520748202458941,0.008016394950373509,False,0.12980523638437821,-0.7571254727931607,True,62.44441045780479,-4.918322706581098,55.04113197369267,82,8.0,24.0,0.0891062890422528,0.5
500.0,380.88580812995247,False,,22.77661224496612,,,179.1671950406601,1.311823474003063,1.1023882215137917,0.36436516753005604,0.26991332329487805,0.030537859681733778,0.000918930869002557,False,0.02484344723446462,1.0,False,-7.09023070191418,-6.868483402529766,94.59351435924287,82,8.0,24.0,0.0891062890422528,0.5
800.0,606.2950294894458,False,,31.30439257601473,,,117.17368957479742,0.4314251974509915,0.35174201669997274,0.10935698653779903,0.1197276729385588,0.09221082181438356,0.05125658085723651,False,0.03801260271470414,1.0,False,-63.70789656381645,-2.998994723192889,44.854823923484446,82,8.0,24.0,0.0891062890422528,0.5
300.0,228.15229898524512,False,,15.627457307594561,,,266.02872369831755,132.03472309507802,103.9372538760299,92.39428450315539,0.8536978931114201,59.60675120231579,0.15564414027949622,False,1.1406634534243847,-0.6204490896404247,True,33.31585273792149,-1.952239270561925,12.423380791370993,83,12.0,24.0,0.0891062890422528,0.5
500.0,380.88580812995247,True,31.25,30.884804777538445,31.25,0.0,195.69182084874393,138.58487874444288,120.66162684610947,115.463789505395,0.9520311591724412,100.93217609191832,0.32747844202731735,False,2.719233298465061,-0.40024390137027976,True,9.43439510616966,-0.9925167918820262,11.496871855117021,83,12.0,24.0,0.0891062890422528,0.5
800.0,606.2950294894458,False,,37.78971557327427,,,119.77323594889722,0.41948963379610404,0.3130063153910072,0.11549725513820952,0.17802951260541067,0.11792358496173154,0.00539216921607775,False,0.033826452767229676,1.0,False,-61.108350189716646,-5.250890984017093,54.546564381615234,83,12.0,24.0,0.0891062890422528,0.5
300.0,228.15229898524512,False,,26.204902546556102,,,320.09762526918655,3.03490717191562,2.616279277392664,0.2964346834041779,0.010710351571932564,0.022454454299964375,0.9999032304367808,False,0.028712459146100357,1.0,False,87.38475430879049,-0.09215301522960316,89.53877804606078,84,0.0,6.0,0.0222765722605632,0.956269682
500.0,380.88580812995247,False,,10.000003740122677,,,227.388966422217,1.3668770456324353,1.239294233512794,0.04607007796110127,0.0012321845414867694,0.07116476376571704,0.8128798948905503,False,0.027928764383905555,1.0,False,41.13154067964274,-0.08335565104731225,69.87546903640049,84,0.0,6.0,0.0222765722605632,0.956269682
800.0,606.2950294894458,False,,30.675324022937662,,,153.41764935773585,0.8687720918974833,0.7127470834284679,0.1342411131025361,0.04791398916415657,0.11114654984155367,0.8209699019428454,False,0.07702625911063794,1.0,False,-27.463936780878015,-0.2253522913981199,36.22018096631417,84,0.0,6.0,0.0222765722605632,0.956269682
300.0,228.15229898524512,False,,26.658987755439917,,,320.0163750331464,2.3000878240974316,2.048074033226385,0.30314066622397,0.026630084444309587,0.04055499462102163,1.0140725306294356,False,0.022476668494582807,1.0,False,87.30350407275034,-0.07808180915265824,94.13680139615944,85,0.39,6.0,0.0222765722605632,0.956269682
500.0,380.88580812995247,False,,10.000003749854109,,,227.2955652175686,1.1378509764846,1.0192826042278398,0.04772283618052857,0.0017349184388373295,0.0973283245419378,0.6630878917162377,False,0.02297057706256091,1.0,False,41.038139474994324,-0.28703147082909514,71.86612203236376,85,0.39,6.0,0.0222765722605632,0.956269682
800.0,606.2950294894458,False,,30.694041022567706,,,154.2428528927926,1.1011650425804191,0.9494480057233261,0.057109463626439254,0.00344449284677395,0.03292215985144439,0.9222170615793626,False,0.10260642211138984,1.0,False,-26.63873324582127,-0.10905811938339215,35.09077182695131,85,0.39,6.0,0.0222765722605632,0.956269682
300.0,228.15229898524512,False,,26.506451231905686,,,305.8625079918091,0.9384131704248944,0.7190694097689061,0.30208993764235337,0.23919066891796958,0.040484004901450724,0.9804139426330625,False,0.00789145533108984,1.0,False,73.14963703141302,-0.11183664704125719,106.86785307886403,86,2.0,6.0,0.0222765722605632,0.956269682
500.0,380.88580812995247,False,,10.000006496423973,,,192.83612065529042,0.6432240970028431,0.5431022671402843,0.06093188729470468,0.010855001457467206,0.1316550427304318,0.7577014742414124,False,0.012239365636626552,1.0,False,6.578694912716145,-0.1536495443049205,75.6088148456047,86,2.0,6.0,0.0222765722605632,0.956269682
800.0,606.2950294894458,False,,40.59502162428745,,,149.48626127826344,0.8826990525403744,0.778317982829094,0.055751987041613514,0.006656832303868043,0.023290696621907803,0.977209535860921,False,0.08411247693569775,1.0,False,-31.395324860350428,-0.05113764225110113,36.02762219943464,86,2.0,6.0,0.0222765722605632,0.956269682
300.0,228.15229898524512,True,38.46153846153846,38.66837420603831,38.46153846153846,0.018366409900949284,252.86995762409373,367.92648859001656,364.953526526743,319.84943618100976,0.7679754948087971,317.1054117078364,1.0054533171180622,True,4.00519673536812,-0.06084423440439746,True,20.15708666369767,-0.08661773936164903,14.33022023631136,87,4.0,6.0,0.0222765722605632,0.956269682
500.0,380.88580812995247,True,71.42857142857143,70.10117483277402,71.42857142857143,0.026306682088232818,185.33729875250597,406.3748876254996,402.1762265291949,400.8563163075654,0.816935090296284,396.90818393388474,0.9904684329705645,True,9.063453026569862,0.36130396257649267,True,-0.9201269900682973,0.11423897691836075,37.914920737834144,87,4.0,6.0,0.0222765722605632,0.956269682
800.0,606.2950294894458,False,,40.839162252908636,,,133.7675073684835,0.5633374116066534,0.4591357496563262,0.0567716529462231,0.01618418359777052,0.03713880922005355,0.8652493611459328,False,0.04961859549094107,1.0,False,-47.11407877013036,-0.17282099576944476,38.43359452522723,87,4.0,6.0,0.0222765722605632,0.956269682
300.0,228.15229898524512,True,28.571428571428573,28.225016737867442,,,228.66654109836207,365.9817184842132,364.8777132945317,315.61780482053035,0.7385504440109161,299.6707374629566,1.0043467373047694,True,4.004364720089243,-0.31448663804279486,True,-4.046329862033986,-0.0877189234547414,16.462380660568243,88,6.835494476281913,6.0,0.0222765722605632,0.956269682
500.0,380.88580812995247,True,47.61904761904762,48.39818047019632,47.61904761904762,0.020868082018902136,188.88020673335933,433.1000628095075,428.2532284656219,413.5047524258756,0.7908691159478919,394.10386052834224,0.9888948553853208,True,9.651124963731021,-0.06014934824219542,True,2.62278099078506,0.11264899298159943,36.788308512195805,88,6.835494476281913,6.0,0.0222765722605632,0.956269682
800.0,606.2950294894458,True,71.42857142857143,70.8751468615917,71.42857142857143,0.0,149.61201573938644,388.33705912789924,378.59682106432774,364.2265668739971,0.7828596055205075,333.8468474297133,0.9786903213380401,True,40.91478943342664,0.1301226637551618,True,-31.269570399227433,-0.049623468859669166,89.95980702812629,88,6.835494476281913,6.0,0.0222765722605632,0.956269682
300.0,228.15229898524512,True,25.641025641025642,26.062212307803836,,,229.2097085215249,363.1407146988693,362.2991678313622,328.1919673734126,0.7311681253555165,298.6934515056491,1.002491650510937,True,3.9760663721615703,-0.367015617914743,True,-3.5031624388711577,-0.08956768948739864,17.211099390950036,89,8.0,6.0,0.0222765722605632,0.956269682
500.0,380.88580812995247,True,43.47826086956522,43.3832416392376,43.47826086956522,0.0,175.36646319625072,432.1350615221895,425.8496557559672,404.2395612239922,0.7902823527903146,398.18798115739014,0.996258087541796,True,9.596957991859254,-0.1575351070251011,True,-10.89096254632355,0.12006732913578279,37.203583676287046,89,8.0,6.0,0.0222765722605632,0.956269682
800.0,606.2950294894458,True,58.8235294117647,60.73072059078261,62.5,0.029871826131502174,147.24419481481073,424.3383177438328,410.3666879416479,378.9789867240946,0.7643297178950617,373.397446607415,1.0069778739236195,True,44.348144763667754,-0.031632853476046496,True,-33.63739132380314,-0.021129819731724134,93.84082676489032,89,8.0,6.0,0.0222765722605632,0.956269682
300.0,228.15229898524512,False,,20.03806339766571,,,221.11756931254678,354.3177792450766,353.18871975620533,306.78724785934656,0.7165814529919279,346.0376575237045,1.0021477365659366,True,3.876083403821394,-0.5133267648902271,True,-11.595301647849283,-0.0899108075071197,19.997201875612898,90,12.0,6.0,0.0222765722605632,0.956269682
500.0,380.88580812995247,True,33.333333333333336,33.563987587492,33.333333333333336,0.015890040026663988,204.50485599185058,420.9447518659845,414.1484570422638,392.62175566947275,0.7667559824213278,364.2527538446551,0.9924214162234243,True,9.333259498759707,-0.34821649691725987,True,18.247430249276306,0.11620881289806428,38.8370540930589,90,12.0,6.0,0.0222765722605632,0.956269682
800.0,606.2950294894458,True,45.45454545454545,44.41639186764435,45.45454545454545,0.021107665110046196,147.80156124028073,456.48981381376626,440.376983504389,399.82701388556796,0.7696373693992491,393.9632281242732,1.0131323423899163,True,47.5913440074771,-0.2917690711825913,True,-33.080024898333136,-0.015036600205222163,99.6668542940542,90,12.0,6.0,0.0222765722605632,0.956269682
300.0,228.15229898524512,False,,25.88720857985289,,,319.0457676274024,3.059284902340039,2.7226731192285456,0.3667817309278453,0.016290304084020435,0.04112245702798665,0.9755220053786621,False,0.029880082520067453,1.0,False,86.33289666700637,-0.11683880210639849,88.63418767528275,91,0.0,9.0,0.03341485839084481,0.956269682
500.0,380.88580812995247,False,,11.335069848619876,,,227.1664843298383,1.3780373638438164,1.2444206421836554,0.059715808184876186,0.0021254965436220408,0.09017077118633471,0.7913502016537054,False,0.02804429325189542,1.0,False,40.90905858726404,-0.11019841631826968,69.82289952176288,91,0.0,9.0,0.03341485839084481,0.956269682
800.0,606.2950294894458,False,,28.496775430158422,,,153.77286031923674,1.2319489936719492,1.038219689439444,0.09266300286045999,0.008065061350841174,0.0788708076436954,0.8563099071437974,False,0.11219993833977514,1.0,False,-27.108725819377128,-0.18320638826187452,34.74299891885224,91,0.0,9.0,0.03341485839084481,0.956269682
300.0,228.15229898524512,False,,25.86558052384557,,,318.5873680950404,2.368750553362702,2.1318505500252627,0.3959100176153704,0.04555820998015425,0.03768616237846094,1.0138665930759376,False,0.02339607715128691,1.0,False,85.87449713464434,-0.0782849094842201,93.2598807602628,92,0.39,9.0,0.03341485839084481,0.956269682
500.0,380.88580812995247,False,,10.597025854469557,,,227.55416659033008,1.1654183831501257,1.0074271774938381,0.068063867313908,0.0035902501720093127,0.14919351886696436,0.6561484389933844,False,0.02270340288312004,1.0,False,41.296740847755814,-0.29755197661973043,71.99230915288572,92,0.39,9.0,0.03341485839084481,0.956269682
800.0,606.2950294894458,False,,28.98505667291604,,,153.91876034511705,1.10833543357748,0.9526904658924309,0.08798380703206532,0.008519892593867762,0.07816062402358896,0.9349348472256026,False,0.10295683333431624,1.0,False,-26.96282579349682,-0.09536189518928448,35.08620140768571,92,0.39,9.0,0.03341485839084481,0.956269682
300.0,228.15229898524512,False,,26.541908920264603,,,308.1469569151762,1.0065711014925114,0.7659478699103488,0.37200815124953984,0.31678592110468984,0.07099136486933677,0.2623483214601649,False,0.008405924823423496,1.0,False,75.43408595478013,-1.4301384279473122,107.53014407907413,93,2.0,9.0,0.03341485839084481,0.956269682
500.0,380.88580812995247,False,,10.586874922788585,,,202.2259432200366,0.6415850700383601,0.5522522775219159,0.07567440741521435,0.017997403331337147,0.15147187903982742,0.7931084892291865,False,0.012445570488669252,1.0,False,15.968517477462342,-0.10797899803068833,75.63437215377502,93,2.0,9.0,0.03341485839084481,0.956269682
800.0,606.2950294894458,False,,29.839548847741874,,,136.3085713098704,0.8151675112272017,0.7115162757145015,0.07763847754023702,0.015129514818106982,0.06715004533493231,0.9962094115622805,False,0.07689324627046563,1.0,False,-44.57301482874348,-0.031881251881210944,36.97054432507684,93,2.0,9.0,0.03341485839084481,0.956269682
300.0,228.15229898524512,False,,26.63328355760175,,,289.2183782674693,0.8087144769099268,0.5962832788018204,0.3548046963106088,0.5556816299513818,0.26973439258494364,0.004239196842334873,False,0.006543934139616117,1.0,False,56.50550730707323,-5.555437692642791,123.2119947754423,94,4.0,9.0,0.03341485839084481,0.956269682
500.0,380.88580812995247,False,,11.825711077299996,,,196.33384166021025,0.34940230960967256,0.2897531960884123,0.0709853579327102,0.05934965315445373,0.11965085726555175,0.0009293305600574937,False,0.0065298849330547686,1.0,False,10.076415917635984,-6.857229798850425,103.03535377892231,94,4.0,9.0,0.03341485839084481,0.956269682
800.0,606.2950294894458,False,,30.083689469120685,,,138.55540183370695,0.5727995671136057,0.46591533363150006,0.08305777453427667,0.034369327666947225,0.0686562623264785,0.8798367488866538,False,0.050351262104492325,1.0,False,-42.32618430490692,-0.156102362304552,38.12586854439001,94,4.0,9.0,0.03341485839084481,0.956269682
300.0,228.15229898524512,False,,24.51675392701214,,,261.81245802489684,369.68117226486874,366.98310252512965,315.27902198603846,0.7698428114821673,304.30507580025767,0.9938830956956138,True,4.027470396456648,-0.40455084349921866,True,29.09958706450078,-0.09819193019023602,18.71864903481882,95,6.835494476281913,9.0,0.03341485839084481,0.956269682
500.0,380.88580812995247,True,43.47826086956522,42.90895013031664,43.47826086956522,0.0,182.88333238773959,417.86352578072695,415.7413152134635,415.03742843115333,0.7958901014835502,396.49658292136576,1.0007270099100658,True,9.369156188470203,-0.16674543641046013,True,-3.3740933548346845,0.12454300582858543,36.42565623085186,95,6.835494476281913,9.0,0.03341485839084481,0.956269682
800.0,606.2950294894458,False,,30.20575977981009,,,130.5071243346923,0.3692346004482374,0.3083340847054217,0.08256228220350083,0.07538320389923103,0.07269809959794198,0.001716761375597226,False,0.03332152688288728,1.0,False,-50.37446180392158,-6.395399145201881,60.762225742639856,95,6.835494476281913,9.0,0.03341485839084481,0.956269682
300.0,228.15229898524512,False,,22.314341749780787,,,228.37809900701276,368.6945769903233,367.1906061668447,319.4066869457875,0.7567853235782427,271.90052513629155,1.0005933109941967,True,4.029747653279684,-0.45804179409992407,True,-4.334771953383296,-0.0914631059290911,19.365557265375323,96,8.0,9.0,0.03341485839084481,0.956269682
500.0,380.88580812995247,True,38.46153846153846,38.34231847069058,38.46153846153846,0.01790143749839361,198.0473541582328,427.8960197376061,422.46037199837644,414.7995372097273,0.8067930064996962,414.4573712867967,0.9931161461919165,True,9.520577012317665,-0.2554254590877666,True,11.789928415658522,0.11690860323192044,37.96410118686907,96,8.0,9.0,0.03341485839084481,0.956269682
800.0,606.2950294894458,True,66.66666666666667,65.18332483779133,66.66666666666667,0.030743773095067282,135.3451162710912,300.2534399935194,296.43836572700576,295.4976262050515,0.8183555614525204,289.34210666992226,1.002309503644915,True,32.03596184355905,0.03936508014522344,True,-45.53646986752267,-0.025776620115846572,78.161081984815,96,8.0,9.0,0.03341485839084481,0.956269682
300.0,228.15229898524512,False,,17.706529282572802,,,234.57724959798998,362.8854071293377,362.23626873214386,332.3641949334297,0.7254826585731065,298.44977802518,0.9934228227757509,True,3.9753760835397713,-0.5699537566330145,True,1.8643786375939158,-0.09865514314986618,21.9566498754287,97,12.0,9.0,0.03341485839084481,0.956269682
500.0,380.88580812995247,True,29.41176470588235,29.083746507676974,28.985507246376812,0.014492753623188406,195.0147334723607,432.2667472848337,426.8957241447355,401.7778082750197,0.7869603259300679,378.6683919295179,1.0301647666808953,True,9.620532214000633,-0.43521888952764387,True,8.757307729786419,0.15353501716164744,41.3778772131469,97,12.0,9.0,0.03341485839084481,0.956269682
800.0,606.2950294894458,True,41.666666666666664,40.99010968661704,40.0,0.019110994086122907,145.67901428464458,423.00251314231343,414.1730438465547,377.25033864743716,0.7753222346158964,373.82389944882686,1.003648159160251,True,44.759495947019296,-0.3464020323355479,True,-35.20257185396929,-0.024441940188271047,97.36883030523373,97,12.0,9.0,0.03341485839084481,0.956269682
300.0,228.15229898524512,False,,26.0502424459401,,,318.89756892561473,3.0484363304911994,2.7494018116787515,0.4047098002113334,0.019567457677159394,0.06430130524005673,0.816924138486803,False,0.03017341759963512,1.0,False,86.18469796521867,-0.29426528316654127,88.4600624023901,98,0.0,11.90870637629186,0.0442141930202159,0.956269682
500.0,380.88580812995247,False,,13.444036140633019,,,226.501619430034,1.5150292616499996,1.274296553961591,0.10070035294533247,0.005600888379425295,0.08244634394286755,0.6672011397110882,False,0.028717577511788404,1.0,False,40.24419368745973,-0.28084745967677804,69.56974441587616,98,0.0,11.90870637629186,0.0442141930202159,0.956269682
800.0,606.2950294894458,False,,28.13056449809021,,,153.648855727362,1.2310698373962623,1.0392606375179128,0.10162387649137769,0.009646262514999338,0.08036262734350295,0.8960756754376359,False,0.11231243313389926,1.0,False,-27.23273041125188,-0.13781387133616177,34.73532540155383,98,0.0,11.90870637629186,0.0442141930202159,0.956269682
300.0,228.15229898524512,False,,25.48261499736255,,,318.5339726767719,2.515556913337946,2.1173382694561838,0.43080059385258046,0.0540701946250326,0.04250846814505017,0.868465156845806,False,0.02323681156119605,1.0,False,85.82110171637584,-0.2330840538624843,93.40320820025991,99,0.39,11.90870637629186,0.0442141930202159,0.956269682
500.0,380.88580812995247,False,,13.204706465650586,,,226.84028670638833,1.249547947890079,1.0209661932528036,0.09547938552984538,0.007371217097901339,0.1174939239634657,0.4901203977072434,False,0.023008518464954324,1.0,False,40.582860963814056,-0.5892879483902983,71.9651828548471,99,0.39,11.90870637629186,0.0442141930202159,0.956269682
800.0,606.2950294894458,False,,30.527279116657688,,,153.421119877624,1.1443666361988676,0.9022065093886624,0.14709684192947076,0.02781756315411965,0.1102425941069082,0.9381732546058213,False,0.09750105469277556,1.0,False,-27.460466260989875,-0.09190410158551351,35.32278946077379,99,0.39,11.90870637629186,0.0442141930202159,0.956269682
300.0,228.15229898524512,False,,26.556009507652828,,,311.5202956528625,1.0634637278076866,0.8060919751196138,0.41302167803881273,0.3548187568740895,0.08503851847231492,0.1645565404277028,False,0.008846487874447037,1.0,False,78.80742469246644,-1.896557298008942,108.15022925580745,100,2.0,11.90870637629186,0.0442141930202159,0.956269682
500.0,380.88580812995247,False,,10.06415915076775,,,184.28174892248703,0.6246567932925018,0.5461132413042549,0.08298328386418029,0.014585941616359399,0.16355206335545222,0.2024205600376946,False,0.012307221022149647,1.0,False,-1.9756768200872443,-1.473591505451734,76.66870275449338,100,2.0,11.90870637629186,0.0442141930202159,0.956269682
800.0,606.2950294894458,False,,29.47333791567366,,,128.64567732471727,0.7759923619932181,0.6696121193639897,0.08550162207600072,0.020481477499768586,0.06847504375840173,0.9675858208182229,False,0.07236468280116153,1.0,False,-52.2359088138966,-0.061034615280322474,37.64055538197932,100,2.0,11.90870637629186,0.0442141930202159,0.956269682
300.0,228.15229898524512,False,,26.621280509743126,,,275.17281283335865,0.7704185132095631,0.584094536360567,0.3638867447037047,0.5576738369825348,0.026638149650916484,0.010685874751261487,False,0.006410168309488226,1.0,False,42.45994187296259,-4.630888767324395,117.60957369699307,101,4.0,11.90870637629186,0.0442141930202159,0.956269682
500.0,380.88580812995247,False,,12.007648644515333,,,192.89204491995847,0.3633199683827968,0.3063529149361841,0.08469715246594152,0.08545881144460399,0.13248453757736667,0.003443152406578271,False,0.006903976592647494,1.0,False,6.634619177384195,-5.547551569909117,94.34404484318043,101,4.0,11.90870637629186,0.0442141930202159,0.956269682
800.0,606.2950294894458,False,,29.71747853705247,,,130.86161951778652,0.5581963923270052,0.46610685189116907,0.09084658214006969,0.04394765309974069,0.06534131914845992,0.8457590670034169,False,0.05037195939731424,1.0,False,-50.01996662082735,-0.19560421166887926,38.576105123744355,101,4.0,11.90870637629186,0.0442141930202159,0.956269682
300.0,228.15229898524512,False,,14.867019354498746,,,273.6671093623759,134.8545058990985,116.65393111957712,62.410601368922265,0.49158099895173013,18.08567984604053,0.03506739202372348,False,1.2802231246661233,-0.6389181797610051,True,40.954238401979865,-3.4425398234573072,17.853627365735672,102,6.835494476281913,11.90870637629186,0.0442141930202159,0.956269682
500.0,380.88580812995247,True,40.0,40.538388071725706,40.0,0.0,184.94450840226042,384.3526616940833,381.8800005579322,382.677601527517,0.826949961296539,385.82804195896443,0.9991257908636302,True,8.60605679433923,-0.21277969377620976,True,-1.3129173403138452,0.12294166858218347,34.14572172756927,102,6.835494476281913,11.90870637629186,0.0442141930202159,0.956269682
800.0,606.2950294894458,False,,29.839548847741874,,,132.7449494434931,0.38361503859349,0.3269608610100363,0.09624063761393821,0.09902293019745068,0.07433768180721834,0.7814365984574968,False,0.035334514282476026,1.0,False,-48.13663669512076,-0.27470472138136925,39.27078627787643,102,6.835494476281913,11.90870637629186,0.0442141930202159,0.956269682
300.0,228.15229898524512,False,,19.93911054641313,,,247.67155756500733,367.0023668608578,362.6263104779057,324.73319448815516,0.7753761437648387,367.70949945582356,0.972725206431589,True,3.9796566119173153,-0.5157300761926575,True,14.958686604611273,-0.11970989654588152,20.646755060561073,103,8.0,11.90870637629186,0.0442141930202159,0.956269682
500.0,380.88580812995247,True,35.714285714285715,35.84176885423166,35.714285714285715,0.0,170.62145863308234,405.5828102048995,400.9679484546326,399.8597060984615,0.8174418830930035,381.3173886695916,0.997145622441188,True,9.036223243083308,-0.3039839619891074,True,-15.63596710949193,0.12095780099915296,37.01830978568586,103,8.0,11.90870637629186,0.0442141930202159,0.956269682
800.0,606.2950294894458,False,,29.839548847741874,,,131.02086440778635,0.3459001762652463,0.2945662071287529,0.0961855558195049,0.12325992694138954,0.07310416112811735,0.029409102978091996,False,0.0318336384996436,1.0,False,-49.86072173082752,-3.5545344884125605,46.1040945978383,103,8.0,11.90870637629186,0.0442141930202159,0.956269682
300.0,228.15229898524512,False,,15.781108636379203,,,258.5091826653155,367.69128770750393,363.48147810697657,296.07364924847224,0.7637561965695898,102.4321330536777,0.9703799250277062,True,3.989041682473405,-0.6167172924215751,True,25.796311704919447,-0.12212384986706304,23.829908450729846,104,12.0,11.90870637629186,0.0442141930202159,0.956269682
500.0,380.88580812995247,True,27.027027027027028,26.967627347196668,,,180.37973834918438,431.62254475018716,428.16655494453096,422.3661448952422,0.793493179479011,388.90331698882545,1.0064457494310497,True,9.649171687193931,-0.476312086686147,True,-5.877687393389891,0.1302413244897126,42.38252885544267,104,12.0,11.90870637629186,0.0442141930202159,0.956269682
800.0,606.2950294894458,True,41.666666666666664,42.58497543473891,41.666666666666664,0.019918500878494297,131.89108512368307,344.3999097288502,337.86305773436555,319.0957713222939,0.8008422537905264,315.850270888673,0.9978523824851345,True,36.51270981534854,-0.32097148287765187,True,-48.9905010149308,-0.03023338790874719,87.2575054543518,104,12.0,11.90870637629186,0.0442141930202159,0.956269682
300.0,228.15229898524512,False,,24.63699070293852,,,318.70261977940027,3.3537625150084978,2.769401036844613,0.48598130987986154,0.02909052983176419,0.16556955203421087,0.6466800843282438,False,0.030392899877574778,1.0,False,85.9897488190042,-0.5279598078308356,88.39314722901545,105,0.0,13.026,0.04836243837768271,0.956269682
500.0,380.88580812995247,False,,20.130706634157985,,,225.98996846353043,1.7830117125168954,1.3671740208942822,0.22552502794727575,0.0266083156462521,0.08638759532608442,0.6799337797706826,False,0.03081066632023426,1.0,False,39.73254272095616,-0.2619436081819507,68.76452305177168,105,0.0,13.026,0.04836243837768271,0.956269682
800.0,606.2950294894458,False,,26.812897952690516,,,153.56776209433812,1.2765347312354436,1.0642981027347105,0.14101581274097688,0.019242653700042633,0.09064868349541375,0.9156092698382833,False,0.11501822082226965,1.0,False,-27.313824044275748,-0.11624902757934921,34.63237884004214,105,0.0,13.026,0.04836243837768271,0.956269682
300.0,228.15229898524512,False,,25.239885916332625,,,318.3296169854086,2.6710596665698176,2.090189117904572,0.45924712041522797,0.05981965395356548,0.15174697671517345,0.7153565887374338,False,0.02293886213679294,1.0,False,85.61674602501256,-0.42703037608736893,93.6811351292865,106,0.39,13.026,0.04836243837768271,0.956269682
500.0,380.88580812995247,False,,16.414162999712133,,,226.9025520662387,1.282433105391675,1.0419473315638186,0.08822185561260856,0.005288699834737898,0.09626231201835003,0.6266751958575515,False,0.02348134989799788,1.0,False,40.64512632366444,-0.34351064144567744,71.65616796288434,106,0.39,13.026,0.04836243837768271,0.956269682
800.0,606.2950294894458,False,,26.050507434060016,,,153.52340049447434,1.223073375263084,0.9599629749779979,0.1494882620170126,0.02554880212804811,0.07740661742692775,0.7832066080694485,False,0.10374277014448849,1.0,False,-27.358185644139525,-0.2724422114882288,35.102257344846386,106,0.39,13.026,0.04836243837768271,0.956269682
300.0,228.15229898524512,False,,26.56565048507185,,,312.5543542083592,1.0847127836701134,0.8057323524478193,0.4248238696643268,0.36472703658862926,0.08684104986218548,0.16387936453107957,False,0.008842541181385201,1.0,False,79.84148324796314,-1.9006809449426862,108.26546919691906,107,2.0,13.026,0.04836243837768271,0.956269682
500.0,380.88580812995247,False,,11.442622803419807,,,179.90710762014166,0.617519561902867,0.5372908933521785,0.07807015920774774,0.022943890039772707,0.13125900870316073,0.20350273379437644,False,0.012108400378428941,1.0,False,-6.350318122432611,-1.4682595802485128,76.78047818127332,107,2.0,13.026,0.04836243837768271,0.956269682
800.0,606.2950294894458,False,,29.35126760498426,,,125.86742013923389,0.7611358962470405,0.6584234092883463,0.0878556583899319,0.022391950257663606,0.06904225371011856,0.9830310248637939,False,0.07115552389832218,1.0,False,-55.01416599937998,-0.04519805888156443,37.88136111031115,107,2.0,13.026,0.04836243837768271,0.956269682
300.0,228.15229898524512,False,,26.64907795639692,,,277.0067730984697,0.8141086972620997,0.5989085945760735,0.36835624428173547,0.5554684751998274,0.1632539042748946,0.0144346675955209,False,0.006572745770150062,1.0,False,44.29390213807363,-4.3301787347906275,116.10422330850318,108,4.0,13.026,0.04836243837768271,0.956269682
500.0,380.88580812995247,False,,12.01378601528171,,,198.09704988265068,0.3682671547451264,0.3115680676992554,0.0901132862755338,0.09728804454584283,0.13841517737353728,0.0038656767805474858,False,0.007021505399614534,1.0,False,11.83962414007641,-5.431802247281423,93.67977211905743,108,4.0,13.026,0.04836243837768271,0.956269682
800.0,606.2950294894458,False,,29.35126760498426,,,128.47792398518533,0.5559910395594159,0.4656928646177221,0.09525280011743847,0.04892157772372796,0.06616964081681523,0.8267887154175482,False,0.050327219977491365,1.0,False,-52.40366215342854,-0.2182895607271412,38.73585136107168,108,4.0,13.026,0.04836243837768271,0.956269682
300.0,228.15229898524512,False,,10.000003498264658,,,284.5890783132836,19.806567544286224,14.801943825746434,11.760799440360655,0.71201584225695,0.6616972947931776,0.0012199023208268355,False,0.1624445108181128,-0.7571255286987241,True,51.87620735288755,-6.801040729322281,60.936861776161045,109,6.835494476281913,13.026,0.04836243837768271,0.956269682
500.0,380.88580812995247,True,40.0,39.40572936915313,40.0,0.018608073189119674,186.40355305433897,367.89914116738044,365.9240529874231,368.20478448168643,0.8306948880114227,368.347667418599,0.9945363915888042,True,8.246473179594608,-0.23477494255395093,True,0.14612731176470106,0.11833767155407302,33.0694974668583,109,6.835494476281913,13.026,0.04836243837768271,0.956269682
800.0,606.2950294894458,False,,29.71747853705247,,,135.49280618847604,0.39045465258763556,0.32867448650222286,0.1010627435835111,0.10709541899266206,0.077114317159008,0.24856275900354619,False,0.03551970502439367,1.0,False,-45.38877995013783,-1.4201433749653214,40.11023220123559,109,6.835494476281913,13.026,0.04836243837768271,0.956269682
300.0,228.15229898524512,False,,18.903870298563643,,,247.3855089553557,354.95302045633787,350.76413186716593,318.5013849802141,0.7958298574674599,324.98271510760316,0.923985883460118,True,3.849474669306036,-0.5408734101834785,True,14.672637994959643,-0.17111472608162984,20.64836215877871,110,8.0,13.026,0.04836243837768271,0.956269682
500.0,380.88580812995247,True,34.48275862068966,35.017015084565536,35.08771929824562,0.017543859649122806,183.16386457593987,394.2347852356225,392.61971994760796,399.6407808811141,0.8082394029671022,366.80933625328214,0.9959995082922783,True,8.848087366476497,-0.319999964252617,True,-3.0935611666344016,0.11980774498209658,36.4512649608039,110,8.0,13.026,0.04836243837768271,0.956269682
800.0,606.2950294894458,False,,29.71747853705247,,,130.13629282444126,0.3537381894054761,0.29933522022534476,0.09905348465355956,0.12984889810090905,0.07340686633461728,0.04508418740136946,False,0.03234902361593636,1.0,False,-50.74529331417261,-3.127307166851538,44.64574913777423,110,8.0,13.026,0.04836243837768271,0.956269682
300.0,228.15229898524512,False,,16.40764262662373,,,244.4455407177961,368.3423658523648,364.9525877440532,300.0094212949772,0.7897042303476174,103.79915545079183,0.9232797202345597,True,4.005186432660813,-0.6015003865815598,True,11.732669757400032,-0.17187927586650537,23.12624565864252,111,12.0,13.026,0.04836243837768271,0.956269682
500.0,380.88580812995247,True,26.31578947368421,26.25885298530675,26.31578947368421,0.0,192.61987970659825,428.999084205583,425.8917631099127,419.2285944012366,0.7951866333314812,387.1715433820524,1.0053747673069307,True,9.59790692419136,-0.4900758695288031,True,6.3624539640239846,0.12917663485524705,42.5431121865352,111,12.0,13.026,0.04836243837768271,0.956269682
800.0,606.2950294894458,True,43.47826086956522,43.635944771865894,43.47826086956522,0.0,132.31418743084407,309.541668959511,307.90480221024546,293.3879771571781,0.8349636542891945,292.81291960372994,0.9924061468504946,True,33.275134515280456,-0.3042135032558474,True,-48.5673987077698,-0.03570629421562236,82.43174665555277,111,12.0,13.026,0.04836243837768271,0.956269682
300.0,228.15229898524512,False,,25.394300852537754,,,318.15906518779065,3.2921921874734608,2.8068939638409347,0.5028223180950253,0.031079539606302165,0.1656283610449712,0.2216836165187051,False,0.03080436746972054,1.0,False,85.44619422739459,-1.5985603054037196,89.24782864979576,112,0.0,18.0,0.06682971678168961,0.956269682
500.0,380.88580812995247,False,,11.671954901474896,,,225.84409847396537,1.6436064552529501,1.4222983059680132,0.1757133509559608,0.01904148279491502,0.1059695755196557,0.6112178428092204,False,0.03205294852249352,1.0,False,39.586672731391104,-0.3684855884158142,68.34363876109394,112,0.0,18.0,0.06682971678168961,0.956269682
800.0,606.2950294894458,False,,10.000003670038142,,,153.4726608503219,1.4038520450229441,1.1025216636179493,0.2975492700470199,0.03941013548735417,0.5519920218769712,0.9003997933104085,False,0.1191490239825734,1.0,False,-27.408925288291982,-0.13299986045893258,34.483081579973835,112,0.0,18.0,0.06682971678168961,0.956269682
300.0,228.15229898524512,False,,27.89982538153215,,,318.0932478844611,2.696067554620754,2.1991214484246484,0.38859997738827157,0.03904420430620836,0.17281446688885382,0.18241065361587872,False,0.024134344254001853,1.0,False,85.38037692406505,-1.7935510360497022,94.30906019756317,113,0.39,18.0,0.06682971678168961,0.956269682
500.0,380.88580812995247,False,,19.514868297939664,,,225.97558131290552,1.9079500717179485,1.3745180764543647,0.2375944978960479,0.02535321805063817,0.040259901529415686,0.6524747815204771,False,0.030976172131375226,1.0,False,39.71815557033125,-0.3031665294807352,68.7157009882001,113,0.39,18.0,0.06682971678168961,0.956269682
800.0,606.2950294894458,False,,10.000003498264658,,,153.57618304724065,1.1405799314369176,1.005663233215472,0.2003407959235219,0.024311779227891073,0.38282674561349483,0.7900529529471619,False,0.10868157665000264,1.0,False,-27.305403091373222,-0.26373876767664406,34.90405984571427,113,0.39,18.0,0.06682971678168961,0.956269682
300.0,228.15229898524512,False,,26.858590848199256,,,316.3898667710597,1.086739355838347,0.8209353003598494,0.44933459398219827,0.38305836299050755,0.0757740330192099,0.12507667686750296,False,0.009009386527215207,1.0,False,83.67699581066364,-2.1708845557857614,109.03764971649524,114,2.0,18.0,0.06682971678168961,0.956269682
500.0,380.88580812995247,False,,11.76077895552492,,,174.98084907790073,0.6108430883407721,0.5460830510444339,0.09936395547303947,0.044406580534834816,0.12895098319070233,0.6074105448172629,False,0.012306540653734764,1.0,False,-11.276576664673541,-0.3747341058773747,75.68923170829518,114,2.0,18.0,0.06682971678168961,0.956269682
800.0,606.2950294894458,False,,29.407405040134467,,,118.52990643662598,0.7124396217301694,0.6268862555910459,0.09184483398920816,0.027131636285150806,0.0767100442788823,0.9381907474946963,False,0.06774731777755441,1.0,False,-62.35167970198789,-0.09188545606805967,38.580902135991465,114,2.0,18.0,0.06682971678168961,0.956269682
300.0,228.15229898524512,False,,26.819559863761057,,,290.91437885861563,0.9240792241351414,0.6174175041942931,0.3910705646530275,0.5487687302916968,0.16494615337664117,0.010378551047215379,False,0.0067758725218864495,1.0,False,58.201507898219575,-4.660070242799043,118.28672779114511,115,4.0,18.0,0.06682971678168961,0.956269682
500.0,380.88580812995247,False,,12.017284058965647,,,195.0777928345908,0.42501080100697664,0.38258796570622167,0.08827842421611369,0.06600346757320963,0.1304083858236652,0.009849785392045757,False,0.008622011513794794,1.0,False,8.82036709201654,-4.496489351582852,87.96304252652328,115,4.0,18.0,0.06682971678168961,0.956269682
800.0,606.2950294894458,False,,29.3967888964097,,,120.74951210914386,0.5378862123813803,0.4736110596985128,0.09760453273462406,0.05475710340836493,0.07500866055853274,0.6209405381758073,False,0.05118293578491042,1.0,False,-60.132074029470004,-0.5046034143191951,39.34381372963954,115,4.0,18.0,0.06682971678168961,0.956269682
300.0,228.15229898524512,False,,10.000003498264658,,,288.6327643661212,3.669410761138238,2.700507646022686,1.999795312866262,0.7910966579388609,0.9059811633490653,0.0019931030674993915,False,0.029636826668378916,1.0,False,55.919893405725134,-6.310118765321223,106.80547043828221,116,6.835494476281913,18.0,0.06682971678168961,0.956269682
500.0,380.88580812995247,False,,12.007030414987325,,,191.44770907638753,0.2827643477498043,0.23521485172511802,0.0971311113488254,0.23095378596761262,0.15001828433468412,0.0008734744141429026,False,0.005300807504611279,1.0,False,5.190283333813255,-6.919215459949963,104.10586461503888,116,6.835494476281913,18.0,0.06682971678168961,0.956269682
800.0,606.2950294894458,False,,29.367145133620916,,,130.07695141243326,0.40340375931285166,0.336944111309748,0.10788662341574876,0.12119944287447681,0.06633904360780495,0.11676115544726515,False,0.03641339968549027,1.0,False,-50.80463472618061,-2.175708298084488,41.80096267694923,116,6.835494476281913,18.0,0.06682971678168961,0.956269682
300.0,228.15229898524512,False,,10.000003498264658,,,285.73339933593513,18.886478563659693,16.169544264226204,11.774626459227868,0.90168452235768,1.761544561968523,0.0027410355643598975,False,0.17745329526148165,-0.7571255286987241,True,53.02052837553907,-5.991475727771563,53.810279223644194,117,8.0,18.0,0.06682971678168961,0.956269682
500.0,380.88580812995247,False,,10.000003498264658,,,188.92915326778328,119.33702630229543,105.5453955044128,72.75083005661068,0.5785428975533804,2.8063494440967163,0.003905596689957191,False,2.378573548666833,-0.8058086127594821,True,2.6717275252090076,-5.421528445775714,36.701996605591226,117,8.0,18.0,0.06682971678168961,0.956269682
800.0,606.2950294894458,False,,29.422330631163888,,,134.00077236145762,0.3749872013556512,0.32274391857311,0.11045546573074398,0.15122283914990298,0.08406873667017871,0.053148300799949755,False,0.034878791195909475,1.0,False,-46.88081377715625,-2.9627526055589612,43.7493394298032,117,8.0,18.0,0.06682971678168961,0.956269682
300.0,228.15229898524512,False,,12.067403352306311,,,217.901642078411,366.05223286082315,364.00616835780437,355.7046074770106,0.7714558766761723,127.99397181643167,0.9380389231084286,True,3.9947999161304266,-0.706913681612287,True,-14.811228881985073,-0.15602007596954584,26.56995302086553,118,12.0,18.0,0.06682971678168961,0.956269682
500.0,380.88580812995247,False,,24.201192112818752,,,191.99457060795757,404.55911966422866,401.63660731385136,378.99561056506906,0.8232707484928062,347.06782724252605,0.9999406660822214,True,9.051292155071543,-0.5300338574803394,True,5.7371448653833,0.12375692438410368,41.65301497471032,118,12.0,18.0,0.06682971678168961,0.956269682
800.0,606.2950294894458,False,,29.48704367323952,,,129.66751402975478,0.3230870526402896,0.26282728288614976,0.10719935239609271,0.22602566162605942,0.025066879433692374,0.0017703709077720798,False,0.02840362712612247,1.0,False,-51.214072108859085,-6.364649662892104,60.885599079637345,118,12.0,18.0,0.06682971678168961,0.956269682
300.0,228.15229898524512,False,,26.442913648631585,,,318.04559284602385,3.4959833745431865,2.851089388686489,0.4061034841555788,0.020495711049412835,0.2210364742424728,0.08381412453633406,False,0.031289391886375,1.0,False,85.33272188562779,-2.5712099761281433,91.028836880494,119,0.0,24.0,0.0891062890422528,0.956269682
500.0,380.88580812995247,False,,11.154430233251919,,,225.84918061632868,1.6190656403196613,1.4091399981047346,0.17517428378383043,0.0177996380717651,0.1465603398825026,0.5588453686232201,False,0.031756412582870264,1.0,False,39.59175487375441,-0.4580662054569594,68.4887761080022,119,0.0,24.0,0.0891062890422528,0.956269682
800.0,606.2950294894458,False,,10.00000611858057,,,153.35965996390294,1.240430478178638,1.0234115980723857,0.22766965585341853,0.02265953312071689,0.2312077394306386,0.7948266670009302,False,0.11059963451659224,1.0,False,-27.521926174710927,-0.2577146779854835,34.83563989685797,119,0.0,24.0,0.0891062890422528,0.956269682
300.0,228.15229898524512,False,,26.774504171157915,,,318.04484961923794,2.4227806795982474,2.1329845297969996,0.43454017715796583,0.05416796912113675,0.22689739411110355,0.06289375389688007,False,0.0234085220565957,1.0,False,85.33197865884188,-2.858364663306806,97.44029799862837,120,0.39,24.0,0.0891062890422528,0.956269682
500.0,380.88580812995247,False,,11.414122221084853,,,225.848831033891,1.5521398659291492,1.2947994964775944,0.17891930944923368,0.018236904077986282,0.023769768143192135,0.5755658264926642,False,0.029179632312998218,1.0,False,39.59140529131673,-0.4285854159043191,69.41874012025247,120,0.39,24.0,0.0891062890422528,0.956269682
800.0,606.2950294894458,False,,10.000006330904275,,,153.36438589922966,1.2773127766451182,1.0649115938831528,0.24395447886939498,0.023092780472120267,0.24401443235129514,0.7809655598291537,False,0.11508452053679769,1.0,False,-27.51720023938421,-0.2753076886009369,34.66925035487639,120,0.39,24.0,0.0891062890422528,0.956269682
300.0,228.15229898524512,False,,27.070492711475186,,,318.1089833636142,1.2844804023366692,1.0396536482765555,0.6250066648670093,0.4821677986369779,0.10304873625663562,0.025637857930419335,False,0.011409719581612772,1.0,False,85.39611240321813,-3.7557414354589826,111.44743118138119,121,2.0,24.0,0.0891062890422528,0.956269682
500.0,380.88580812995247,False,,11.904553407462988,,,178.7480185690996,0.621661328527864,0.5485862874325278,0.11537060374713358,0.060072004008781876,0.13513500631647568,0.04798440699153833,False,0.012362953648639232,1.0,False,-7.509407173474671,-2.913062915131591,79.96001085159861,121,2.0,24.0,0.0891062890422528,0.956269682
800.0,606.2950294894458,False,,29.510692056517662,,,116.87544437363363,0.7069916295018857,0.628390863201858,0.09534984083932985,0.03022083752354976,0.08077551606100455,1.009704702445663,False,0.0679099200503449,1.0,False,-64.00614176498024,-0.018425546668832574,38.69975065074446,121,2.0,24.0,0.0891062890422528,0.956269682
300.0,228.15229898524512,False,,10.000006456994702,,,302.91088296045154,0.9759054279535917,0.6815222711319961,0.510095686303063,0.45694634709170046,1.2808172813757006,0.007334400520795731,False,0.00747939279117643,1.0,False,70.19801200005548,-5.007235840300602,120.13707128532965,122,4.0,24.0,0.0891062890422528,0.956269682
500.0,380.88580812995247,False,,12.415233704121128,,,184.08143622610726,0.4176794327383675,0.3283026559159339,0.10100707716175943,0.12121779397558397,0.10285871700406485,0.004229187098273951,False,0.00739863647851943,1.0,False,-2.1759895164670127,-5.341929219678738,92.88975339618713,122,4.0,24.0,0.0891062890422528,0.956269682
800.0,606.2950294894458,False,,29.510811141652713,,,117.24121826763319,0.5426407403244298,0.4701913858760065,0.09955098354756517,0.05892286605945951,0.07920408625378687,0.706434695283468,False,0.05081337316157536,1.0,False,-63.64036787098068,-0.3756079762213399,39.574809697288366,122,4.0,24.0,0.0891062890422528,0.956269682
300.0,228.15229898524512,False,,10.000003498264658,,,273.11314392659426,1.1320718513285897,0.7747410684047509,0.5722709953965374,0.7378371713134979,0.7140151758761611,0.00264501818819311,False,0.008502426123844942,1.0,False,40.4002729661982,-6.027133578235905,122.71882787643072,123,6.835494476281913,24.0,0.0891062890422528,0.956269682
500.0,380.88580812995247,False,,12.55189013072776,,,199.86518205539943,0.3241597595103656,0.2545266731572724,0.1373049000360753,0.40910934048171976,0.09878867328952985,0.0011419059542896186,False,0.005736019172686171,1.0,False,13.60775631282516,-6.651240262837606,102.07250857277674,123,6.835494476281913,24.0,0.0891062890422528,0.956269682
800.0,606.2950294894458,False,,29.462509806393353,,,123.35061364556503,0.42298387199875265,0.33282447283878014,0.10666784849753322,0.1210695643859857,0.06944096284841114,0.06644602507372312,False,0.035968192195084916,1.0,False,-57.530972493048836,-2.739448774871977,43.72238433546721,123,6.835494476281913,24.0,0.0891062890422528,0.956269682
300.0,228.15229898524512,False,,10.000003498264658,,,276.8360657061423,6.194594131955682,3.977416435040709,3.332973912705122,0.7563733185753414,0.43698978625040624,0.0025132168047463654,False,0.04365031206146521,-0.7571255286987241,True,44.12319474574622,-6.078247991848412,85.68647083175601,124,8.0,24.0,0.0891062890422528,0.956269682
500.0,380.88580812995247,False,,15.44347132086141,,,194.2180001708853,0.3241898445197364,0.250547146494597,0.12269865772891449,0.39666865632906256,0.10341694886893263,0.0009506267234439034,False,0.005646336464967686,1.0,False,7.96057442831102,-6.834572821931411,103.33216804661637,124,8.0,24.0,0.0891062890422528,0.956269682
800.0,606.2950294894458,False,,29.439586599936817,,,126.62897508535987,0.4006470775740354,0.32231225169041977,0.10940774309976167,0.15025577399319934,0.06434264463397774,0.028934477768653252,False,0.03483214114860849,1.0,False,-54.252611053254,-3.5708048535063317,46.2850359557579,124,8.0,24.0,0.0891062890422528,0.956269682
300.0,228.15229898524512,False,,11.394217003368432,,,280.65571862364743,148.95896586838512,147.40818644614393,110.19002155261134,0.9745427610021266,39.758548343489615,0.16105631304423634,False,1.6177369012965757,-0.7232636537511863,True,47.94284766325137,-1.9180574456759143,18.081387737622062,125,12.0,24.0,0.0891062890422528,0.956269682
500.0,380.88580812995247,False,,21.675680586003796,,,167.83310059349697,356.1351955177304,354.1442393545404,363.36533444220726,0.8442547415483832,228.51002125609395,0.9833081146540892,True,7.98100301880272,-0.5790770990121269,True,-18.424325149077305,0.10698349530247475,39.29163539619089,125,12.0,24.0,0.0891062890422528,0.956269682
800.0,606.2950294894458,False,,29.440734901982644,,,135.39660596488616,0.3524865957449492,0.2744640009726993,0.11747984184985255,0.2498398632129426,0.11093914852423685,0.003337984305612271,False,0.029661202054693848,1.0,False,-45.484980173727706,-5.730471616443706,56.477324186005575,125,12.0,24.0,0.0891062890422528,0.956269682
