window,start_ns,stop_ns,mean_mV,vpp_mV,robust_vpp_mV,periodic_vpp_mV,coherence,source_setting_mV,current_uA,candidate,dt_ns
0,50.0,100.0,94.25061815042747,4.078932265043136,3.428573715380068,3.3568772248557184,0.9350996064760029,50.0,37.99008122008859,reference,0.025
1,100.0,150.0,95.71986408107551,0.5303925257670699,0.42395924875567914,1.1000818928919587,0.576385601457668,50.0,37.99008122008859,reference,0.025
2,150.0,200.0,95.64819236197759,0.23075272429430527,0.18944315305147086,0.41830602153695956,0.15269625673798182,50.0,37.99008122008859,reference,0.025
3,200.0,250.0,95.92098461581664,0.4774339694664036,0.43239093104277515,0.3264427968665452,0.3327210382923631,50.0,37.99008122008859,reference,0.025
0,50.0,100.0,177.24668642085322,7.523716280315142,6.006634474733261,9.115558281230133,0.9876279739676933,100.0,76.17083384633712,reference,0.025
1,100.0,150.0,178.66059166084037,0.38896543870612277,0.34862825790270335,0.49873198012464104,0.3155231066435066,100.0,76.17083384633712,reference,0.025
2,150.0,200.0,178.70901930825713,0.23700263666773935,0.20293927267360345,0.27288321993087444,0.05925043885461123,100.0,76.17083384633712,reference,0.025
3,200.0,250.0,178.7913877756539,0.3986211705292533,0.3521229383924833,0.44452213581651356,0.14088443392083005,100.0,76.17083384633712,reference,0.025
0,50.0,100.0,245.41045206297696,4.527285960982823,3.0625052076445627,3.112370481549041,0.7993434557584651,150.0,114.17150902555795,reference,0.025
1,100.0,150.0,243.53678884662384,0.41905054452249146,0.34201053668513737,0.2938821085693189,0.6052149685266249,150.0,114.17150902555795,reference,0.025
2,150.0,200.0,243.6282788462104,0.310316725607521,0.25844302935433916,0.22743703646371335,0.6639770226481405,150.0,114.17150902555795,reference,0.025
3,200.0,250.0,243.72351172559186,0.2951630763909634,0.2500373971660963,0.015739877857307138,0.03913078523648572,150.0,114.17150902555795,reference,0.025
0,50.0,100.0,296.68575946295323,12.90974005186473,12.764842716377643,3.427466880396203,0.9471551373291137,200.0,152.16154020295048,reference,0.025
1,100.0,150.0,291.36351763125225,0.5100071790741936,0.45628080274411786,0.04865798610648608,0.09242869955443922,200.0,152.16154020295048,reference,0.025
2,150.0,200.0,291.6248082285776,0.5154614950193945,0.4656806965307396,0.27057329381645445,0.8069328664943737,200.0,152.16154020295048,reference,0.025
3,200.0,250.0,291.91374850907977,0.6281124284452062,0.5493106938776577,0.3441775168124187,0.8842320587659792,200.0,152.16154020295048,reference,0.025
0,50.0,100.0,327.3978285030092,35.83186890691502,33.94867887197586,18.528967555889917,0.9955088864541324,250.0,189.60094286792295,reference,0.025
1,100.0,150.0,321.08350342106866,1.8976635627595329,1.4110402266982192,1.4310227703354024,0.9579630840941978,250.0,189.60094286792295,reference,0.025
2,150.0,200.0,321.0645649948442,0.3896647702641758,0.3569374262573888,0.3403261941133074,0.38047693428042806,250.0,189.60094286792295,reference,0.025
3,200.0,250.0,321.1509989561811,0.33566554050696595,0.3009504326478236,0.1950572390207081,0.49224488697590063,250.0,189.60094286792295,reference,0.025
0,50.0,100.0,210.4983701059326,360.346486870445,310.84223927817493,250.76020243768534,0.6833660340334256,300.0,228.15229898524512,reference,0.025
1,100.0,150.0,251.8027297866496,289.0497816845177,271.06761526319724,227.8459191631494,0.7735976585203015,300.0,228.15229898524512,reference,0.025
2,150.0,200.0,225.42431380559768,193.6667516575689,166.13438573213023,148.1931453029418,0.876910317412332,300.0,228.15229898524512,reference,0.025
3,200.0,250.0,227.24605500563416,247.79703459468845,240.49898792715663,230.95956400889315,0.8347644648071941,300.0,228.15229898524512,reference,0.025
0,50.0,100.0,242.8013888594018,351.32798591334364,337.5136288148374,189.30418868868713,0.7361715801749538,350.0,266.70376233691485,reference,0.025
1,100.0,150.0,204.91784375074008,341.87383461497035,300.02538836340227,246.37736765497348,0.6966725902009352,350.0,266.70376233691485,reference,0.025
2,150.0,200.0,238.65568476718622,325.06589676369424,300.64631847994974,228.6714204431526,0.7355201688419513,350.0,266.70376233691485,reference,0.025
3,200.0,250.0,215.85799891763196,349.42094118297405,319.23193512278635,266.93162094804615,0.7246197227071791,350.0,266.70376233691485,reference,0.025
0,50.0,100.0,219.87094663796375,373.89257755425916,354.85579316598387,282.59899634810796,0.6806133409826793,400.0,303.2005083702369,reference,0.025
1,100.0,150.0,217.98870608968926,374.1106289157908,353.4519311651304,278.6988387268175,0.6347565277388146,400.0,303.2005083702369,reference,0.025
2,150.0,200.0,220.15381618231422,373.37611858795015,358.6348832668843,273.6171316133201,0.6179003000395856,400.0,303.2005083702369,reference,0.025
3,200.0,250.0,219.65156878510615,374.4566307735951,354.8585282361788,263.2607009160915,0.5983712568380213,400.0,303.2005083702369,reference,0.025
0,50.0,100.0,202.33862259064517,382.01496067705733,364.58834349134565,259.28316549670564,0.5668344359596695,450.0,341.5718172250129,reference,0.025
1,100.0,150.0,219.59048715591095,381.5935915190982,368.4237378025383,298.3304966219536,0.6882193313835705,450.0,341.5718172250129,reference,0.025
2,150.0,200.0,199.8377125973031,380.71975217627914,365.4822468450347,257.8784248739573,0.5718551345797482,450.0,341.5718172250129,reference,0.025
3,200.0,250.0,224.96925822046407,381.61842294074523,368.6070386228764,299.0870452156667,0.6949990230614969,450.0,341.5718172250129,reference,0.025
0,50.0,100.0,189.8658446212098,344.41448025519514,317.31469063876807,116.31603964117204,0.1513487340720413,500.0,380.88580812995247,reference,0.025
1,100.0,150.0,182.9434743107556,319.8064540083554,289.00384172347526,237.0083276899222,0.800261273833152,500.0,380.88580812995247,reference,0.025
2,150.0,200.0,172.35681843273377,277.6957242614278,253.99326388539492,184.9638474936608,0.6701074995977825,500.0,380.88580812995247,reference,0.025
3,200.0,250.0,200.74249785474333,315.11921914679345,294.67189432525396,251.051439866469,0.8070675259794146,500.0,380.88580812995247,reference,0.025
0,50.0,100.0,167.68216517928934,294.32750876714795,265.63530904227923,220.48519298991033,0.7617725617176617,550.0,419.0559644140832,reference,0.025
1,100.0,150.0,153.60612177397627,287.8285595499598,277.6541739065612,265.04853164466385,0.7874078439559199,550.0,419.0559644140832,reference,0.025
2,150.0,200.0,150.8940276023366,292.84525053244795,272.5684903761156,244.9724069447519,0.8024175196408772,550.0,419.0559644140832,reference,0.025
3,200.0,250.0,165.3148668147744,289.28898936802415,273.3663116638289,242.0090232584573,0.8163535469986577,550.0,419.0559644140832,reference,0.025
0,50.0,100.0,144.92953432426785,266.0482200920828,260.6386872718008,249.13535159005676,0.8267769797039748,600.0,457.8085803363978,reference,0.025
1,100.0,150.0,146.4239508314763,261.95845706824844,260.1118238089052,248.5196374484549,0.819340474567346,600.0,457.8085803363978,reference,0.025
2,150.0,200.0,148.45129617844378,260.6340338785993,259.23354892956365,243.85742894412687,0.834347446642206,600.0,457.8085803363978,reference,0.025
3,200.0,250.0,147.1298601386023,258.68881238728613,256.2062670847659,238.74828062719865,0.8583106569264701,600.0,457.8085803363978,reference,0.025
0,50.0,100.0,141.12773842930795,227.68555746311424,219.40646647790345,213.8805884862016,0.8473556499272893,650.0,494.4853744265939,reference,0.025
1,100.0,150.0,129.80619759578715,220.4772512847529,215.31427249566926,206.92019581410528,0.8733317640954305,650.0,494.4853744265939,reference,0.025
2,150.0,200.0,140.85695843456907,219.31634839050253,214.87738780715011,204.9009504036158,0.8727866803371784,650.0,494.4853744265939,reference,0.025
3,200.0,250.0,134.5956022271481,219.2024327800488,216.08086539916314,213.1691463999955,0.862169534441974,650.0,494.4853744265939,reference,0.025
0,50.0,100.0,127.81859560918856,184.82408745854974,164.15693052582668,163.24313466012788,0.894414864366088,700.0,532.8566832813709,reference,0.025
1,100.0,150.0,128.33315783063617,162.77471063371686,162.30761636032292,158.64036110074298,0.912286704060159,700.0,532.8566832813709,reference,0.025
2,150.0,200.0,128.21179357369178,162.04683417765014,160.8958727350259,157.40681215953526,0.9171808984858887,700.0,532.8566832813709,reference,0.025
3,200.0,250.0,128.2548698869233,159.9717220277849,159.3839553330252,156.7322817960667,0.9211434255996933,700.0,532.8566832813709,reference,0.025
0,50.0,100.0,119.18070187344308,101.19341838088768,90.28304759228624,90.28224836115234,0.9451668190851579,750.0,570.0736739678696,reference,0.025
1,100.0,150.0,123.95030198826247,75.54319136464733,71.11849159105162,73.5678926288631,0.9778145888334483,750.0,570.0736739678696,reference,0.025
2,150.0,200.0,119.99233635889188,65.4400024032492,62.14442013419618,63.521548066717216,0.9838746778397705,750.0,570.0736739678696,reference,0.025
3,200.0,250.0,122.56177275275093,57.71309042237563,55.05162570150807,56.972928308213774,0.9872652788392631,750.0,570.0736739678696,reference,0.025
0,50.0,100.0,115.17761300991711,50.15195376326656,34.84145907121898,26.68287084734665,0.7781717232492016,800.0,606.2950294894458,reference,0.025
1,100.0,150.0,115.26550326239482,7.150790772818127,4.938615356350198,3.590266860846474,0.7532149021166632,800.0,606.2950294894458,reference,0.025
2,150.0,200.0,115.2804216946117,1.265176613487398,0.8398309384136695,0.543372437110808,0.507004246187284,800.0,606.2950294894458,reference,0.025
3,200.0,250.0,115.34825496899603,0.49426553890509695,0.43578611970163195,0.07424185628427034,0.03251197510094672,800.0,606.2950294894458,reference,0.025
0,50.0,100.0,109.7896102090056,16.905868275795044,9.296209729488993,2.790030286496608,0.1303254841771927,850.0,645.4819548424252,reference,0.025
1,100.0,150.0,109.64443127342405,0.6456982508845925,0.4188447742620127,0.09416720806596197,0.0530190987163921,850.0,645.4819548424252,reference,0.025
2,150.0,200.0,109.59168357099473,0.4566161083238569,0.3259949051678035,0.027270395552771116,0.008050967391737496,850.0,645.4819548424252,reference,0.025
3,200.0,250.0,109.53755147742253,0.4424426752543553,0.3148968049574563,0.07008904401563151,0.05107275225867114,850.0,645.4819548424252,reference,0.025
0,50.0,100.0,104.84011313115825,4.2435910637418175,2.002123466723191,0.6330051554706289,0.11612359702367347,900.0,682.444649204679,reference,0.025
1,100.0,150.0,104.74218482092027,0.40432761915910476,0.3525595077513941,0.020051158881763637,0.005094357193037968,900.0,682.444649204679,reference,0.025
2,150.0,200.0,104.72471680201078,0.3910050864926262,0.32059850464209205,0.048897798228142275,0.02389418252342912,900.0,682.444649204679,reference,0.025
3,200.0,250.0,104.67461662583165,0.5022018558366454,0.36878167083618507,0.027301002390538894,0.005903380086641374,900.0,682.444649204679,reference,0.025
0,50.0,100.0,100.22134997537964,1.124703693720022,0.5360557915492734,0.11382941914001818,0.050447717970545924,950.0,721.2714260182299,reference,0.025
1,100.0,150.0,100.03488136130946,0.4887210549422889,0.43951047618510586,0.06913571089997268,0.030567273244672788,950.0,721.2714260182299,reference,0.025
2,150.0,200.0,100.017171464393,0.4706361248902482,0.37991804655629835,0.053894923565438096,0.023101095103907898,950.0,721.2714260182299,reference,0.025
3,200.0,250.0,100.04528478544027,0.5224767666162933,0.4102521553515004,0.036587272204061355,0.007055000425029823,950.0,721.2714260182299,reference,0.025
0,50.0,100.0,96.27029501138324,1.4751771215681089,1.2948742335611456,0.11253996810667033,0.005408461979110046,1000.0,756.6243660265701,reference,0.025
1,100.0,150.0,96.0193769571098,1.705110444722763,1.3713795153882131,0.20172723548391955,0.025935961709516397,1000.0,756.6243660265701,reference,0.025
2,150.0,200.0,96.02232998750915,1.409962401407384,1.1266658789687511,0.13289426659615655,0.01080460599923383,1000.0,756.6243660265701,reference,0.025
3,200.0,250.0,95.9990621968679,1.3598284273273578,1.1596708613165987,0.1173760864018149,0.005689047174434969,1000.0,756.6243660265701,reference,0.025
0,50.0,100.0,88.9757090419028,1.007013490389454,0.8619755233109316,0.09323046894754335,0.005710319400326513,1100.0,834.7865599618726,reference,0.025
1,100.0,150.0,88.83495948696769,1.010656048591855,0.8668413406156361,0.3663535186814168,0.0213858702420634,1100.0,834.7865599618726,reference,0.025
2,150.0,200.0,88.88714495723474,0.9530381109442061,0.7662408003211993,0.09765904996613498,0.0069125232227404965,1100.0,834.7865599618726,reference,0.025
3,200.0,250.0,88.69966376360739,0.9458165953508342,0.796346505544193,0.2841411134641129,0.0392098843773967,1100.0,834.7865599618726,reference,0.025
0,50.0,100.0,83.24791877920259,1.1785469808904878,1.056929529504572,0.1812863685205449,0.03244779145792953,1200.0,906.8051472486442,reference,0.025
1,100.0,150.0,83.13224874817233,1.0327772047172772,0.9233824136436226,0.07584303616804071,0.0069350156318668255,1200.0,906.8051472486442,reference,0.025
2,150.0,200.0,83.07595428714978,1.1182787042422007,0.9840671052788537,0.13181202103137227,0.018477944146457426,1200.0,906.8051472486442,reference,0.025
3,200.0,250.0,83.04279403338772,1.1295683308358093,0.9820166946260542,0.05548029890551846,0.0030206253528556326,1200.0,906.8051472486442,reference,0.025
0,50.0,100.0,94.2522195777571,4.078507583037521,3.4267900490241914,3.3380255761024276,0.93458003200791,50.0,37.99008122008859,reference,0.0125
1,100.0,150.0,95.73028073899182,0.5428871649094589,0.43549961200504583,1.095356494670096,0.5830262431258194,50.0,37.99008122008859,reference,0.0125
2,150.0,200.0,95.6643325558748,0.2304770622952077,0.18933325930994727,0.41670023333413697,0.1521620031483253,50.0,37.99008122008859,reference,0.0125
3,200.0,250.0,95.93768136555654,0.4780970761063372,0.4327388726568415,0.3252563803281344,0.33172343586284436,50.0,37.99008122008859,reference,0.0125
0,50.0,100.0,177.2446017483979,7.525637879240236,6.0113797712102155,8.82580675932398,0.9871703303938452,100.0,76.17083384633712,reference,0.0125
1,100.0,150.0,178.67007267434371,0.40021583302851127,0.3596253081363443,0.5014773682818191,0.31416328006701355,100.0,76.17083384633712,reference,0.0125
2,150.0,200.0,178.73646396609874,0.23081866031165532,0.20186340905007683,0.2649084869421573,0.05971137857872788,100.0,76.17083384633712,reference,0.0125
3,200.0,250.0,178.8195360676201,0.3961624864434157,0.34872340117397016,0.4301053106033952,0.1428960991152921,100.0,76.17083384633712,reference,0.0125
0,50.0,100.0,245.40635036749208,4.525840542825165,3.061704267869686,3.061092664423318,0.7919950215391289,150.0,114.17150902555795,reference,0.0125
1,100.0,150.0,243.53491189860145,0.4096926171579298,0.33638777686024923,0.2782611701574033,0.5799125277233975,150.0,114.17150902555795,reference,0.0125
2,150.0,200.0,243.64137517635746,0.31188136463890714,0.2618434410519228,0.21692755800671046,0.6614692968282918,150.0,114.17150902555795,reference,0.0125
3,200.0,250.0,243.75826987507173,0.2955356322801208,0.2526480311940418,0.011373253718038826,0.020364944686076525,150.0,114.17150902555795,reference,0.0125
0,50.0,100.0,296.67886439616973,12.882649737873749,12.739665714887565,3.425280201875522,0.9473490084879486,200.0,152.16154020295048,reference,0.0125
1,100.0,150.0,291.3661259315342,0.48583746893598345,0.4276333221042705,0.03518675750523056,0.06769914206118899,200.0,152.16154020295048,reference,0.0125
2,150.0,200.0,291.6382019855671,0.4899507131329983,0.45070055499627415,0.2506354976782989,0.7747650294944531,200.0,152.16154020295048,reference,0.0125
3,200.0,250.0,291.9151903452416,0.6112145230757164,0.5381751084146345,0.3334838948589933,0.8717857156298017,200.0,152.16154020295048,reference,0.0125
0,50.0,100.0,327.3942927543543,35.77554252141539,33.89285614108098,18.693165316352143,0.9951183507121172,250.0,189.60094286792295,reference,0.0125
1,100.0,150.0,321.0844922638936,1.8974847619734874,1.4141590387769725,1.4504181576843462,0.9593393354232038,250.0,189.60094286792295,reference,0.0125
2,150.0,200.0,321.06696408366656,0.4113310601860576,0.3669002558874581,0.3576733035039041,0.40673320067696994,250.0,189.60094286792295,reference,0.0125
3,200.0,250.0,321.16248476855725,0.30887290226451114,0.28301250505194275,0.1846665009673402,0.45017875761086246,250.0,189.60094286792295,reference,0.0125
0,50.0,100.0,209.46596157394396,358.9710505339637,308.2384915380991,250.65242444345944,0.6797793375721568,300.0,228.15229898524512,reference,0.0125
1,100.0,150.0,253.90898783351113,275.12141445102804,254.8236417726532,220.43609048649225,0.7753343709648157,300.0,228.15229898524512,reference,0.0125
2,150.0,200.0,215.09768358754397,238.60816044068986,222.63066415087502,193.81621109538767,0.8479137693551551,300.0,228.15229898524512,reference,0.0125
3,200.0,250.0,236.49008447678494,232.352191429303,222.52946401307494,152.93818201321074,0.791347808723591,300.0,228.15229898524512,reference,0.0125
0,50.0,100.0,244.0031486859628,348.6832083827184,333.9373516189598,178.31943096875582,0.6067894458297822,350.0,266.70376233691485,reference,0.0125
1,100.0,150.0,201.67826585255253,337.10461583272996,298.92636697755535,231.91421400228046,0.6746096266929844,350.0,266.70376233691485,reference,0.0125
2,150.0,200.0,225.3656113519122,283.6599153033469,256.35109675027303,210.53098562480605,0.7325497578537825,350.0,266.70376233691485,reference,0.0125
3,200.0,250.0,273.8626514679956,212.67200295833163,196.1752482650449,127.61490562805987,0.6058850543616707,350.0,266.70376233691485,reference,0.0125
0,50.0,100.0,219.48445895371395,371.72555826030066,354.32096272160624,277.9118911339076,0.6463792710382246,400.0,303.2005083702369,reference,0.0125
1,100.0,150.0,219.91891078843568,370.18158352421545,352.999916106716,275.4928284038862,0.644339485004342,400.0,303.2005083702369,reference,0.0125
2,150.0,200.0,218.9797082617724,370.8162463858481,347.0352604478748,265.42593632842284,0.5933023852129191,400.0,303.2005083702369,reference,0.0125
3,200.0,250.0,221.81163314246507,370.6419815487585,352.5404948167327,256.8853930810225,0.5872512708492663,400.0,303.2005083702369,reference,0.0125
0,50.0,100.0,207.4873961511637,378.2855936764141,361.52637348916267,256.10934685221497,0.5860444232308737,450.0,341.5718172250129,reference,0.0125
1,100.0,150.0,215.63867165861143,374.6849201313202,362.3161010468947,300.11765254887337,0.6914403428666698,450.0,341.5718172250129,reference,0.0125
2,150.0,200.0,203.55906637627191,374.677904944458,359.74989917696536,255.73174693255714,0.5713161979541488,450.0,341.5718172250129,reference,0.0125
3,200.0,250.0,228.48237048641968,375.55790220285866,359.79983028264235,295.6694759102832,0.6982799147148612,450.0,341.5718172250129,reference,0.0125
0,50.0,100.0,205.7501116330247,302.20641799699337,283.96563842436933,246.83325144724927,0.8007650399329882,500.0,380.88580812995247,reference,0.0125
1,100.0,150.0,180.5384151527495,309.29525446086336,270.92121079177736,203.12761076734023,0.7667643867924269,500.0,380.88580812995247,reference,0.0125
2,150.0,200.0,184.67049045960863,312.51389013128613,282.6755346093755,228.1457062194755,0.7017669110403686,500.0,380.88580812995247,reference,0.0125
3,200.0,250.0,208.31046741022394,364.81768819863356,336.7864932358997,249.92450550721438,0.721812516662391,500.0,380.88580812995247,reference,0.0125
0,50.0,100.0,166.86460149445784,287.1841279502912,274.0527826207708,243.8826228686917,0.7944502113726178,550.0,419.0559644140832,reference,0.0125
1,100.0,150.0,150.95788597638833,292.3022315515084,274.30020877000294,264.52454619616196,0.7970567195021686,550.0,419.0559644140832,reference,0.0125
2,150.0,200.0,153.44581634572498,286.7193016483333,275.99437170587,252.51855694304984,0.817872613680654,550.0,419.0559644140832,reference,0.0125
3,200.0,250.0,168.08954147512242,289.07549394595844,278.1432879599612,259.1977008564651,0.824925993039177,550.0,419.0559644140832,reference,0.0125
0,50.0,100.0,143.1275299920952,263.7038002006861,258.9483508659155,247.60292175435615,0.816110291062987,600.0,457.8085803363978,reference,0.0125
1,100.0,150.0,146.75039170958044,258.0791840067639,256.33287360101224,244.47201203186438,0.8233290923270055,600.0,457.8085803363978,reference,0.0125
2,150.0,200.0,147.95147853857065,259.0081771464402,255.35135540988728,243.09228040610816,0.8517343653989357,600.0,457.8085803363978,reference,0.0125
3,200.0,250.0,148.34496095483675,258.5548950328755,255.12228495732185,242.68488593447063,0.817079070055901,600.0,457.8085803363978,reference,0.0125
0,50.0,100.0,138.61883462565524,222.26458698117744,216.26655014231434,211.71778258049167,0.857932692559082,650.0,494.4853744265939,reference,0.0125
1,100.0,150.0,132.3575521860434,215.34718117933113,210.56312789044216,200.97487114046245,0.8778917243623754,650.0,494.4853744265939,reference,0.0125
2,150.0,200.0,144.6062849756763,214.87635304572802,211.02829393013346,203.6568041212827,0.8731788265878704,650.0,494.4853744265939,reference,0.0125
3,200.0,250.0,128.81854676993072,214.08806979145726,210.3648782210335,202.6257091142616,0.8685899779076149,650.0,494.4853744265939,reference,0.0125
0,50.0,100.0,128.45558229295207,177.04083886876666,161.0171634662298,157.4449444505646,0.8969025489569271,700.0,532.8566832813709,reference,0.0125
1,100.0,150.0,129.19263909034743,155.59148190308588,153.64341454750397,151.69798555509936,0.9213461135182706,700.0,532.8566832813709,reference,0.0125
2,150.0,200.0,129.35872446731253,150.95149258196597,148.4650863091966,150.09841434715113,0.927722992341781,700.0,532.8566832813709,reference,0.0125
3,200.0,250.0,129.16243567172668,152.52713207602446,150.30170105209518,150.02581321752385,0.9283537338867603,700.0,532.8566832813709,reference,0.0125
0,50.0,100.0,119.35666942279518,94.44645630118376,82.62728008482988,79.91159444963715,0.9359393899172956,750.0,570.0736739678696,reference,0.0125
1,100.0,150.0,123.01001560691462,61.764281983104055,57.40478591782875,57.31017264889186,0.9787039239666495,750.0,570.0736739678696,reference,0.0125
2,150.0,200.0,121.3557643372093,47.04063871729454,41.10357368622245,41.997957616716896,0.9856370995286132,750.0,570.0736739678696,reference,0.0125
3,200.0,250.0,121.1723496086906,33.07197482860971,31.154192124969015,30.823574809226713,0.9861121528659719,750.0,570.0736739678696,reference,0.0125
0,50.0,100.0,115.42604425264304,42.96792910705983,28.250204141629283,8.740515670303756,0.011811350807140797,800.0,606.2950294894458,reference,0.0125
1,100.0,150.0,115.3106687127714,4.366531003212543,2.544722206946858,1.1953012674155206,0.029441364965019923,800.0,606.2950294894458,reference,0.0125
2,150.0,200.0,115.29122130027909,0.5183590939582814,0.45991686845694346,0.24733928517567838,0.051098938480210965,800.0,606.2950294894458,reference,0.0125
3,200.0,250.0,115.35606794541116,0.5530952670059861,0.4429370638455339,0.3193983829625487,0.059969101540544356,800.0,606.2950294894458,reference,0.0125
0,50.0,100.0,109.87770934471904,11.398637017830069,6.707042108243044,3.620123977346872,0.3859298765069926,850.0,645.4819548424252,reference,0.0125
1,100.0,150.0,109.64701709419336,0.5886042766643556,0.3973751783663886,0.1400242270883502,0.12684997154744249,850.0,645.4819548424252,reference,0.0125
2,150.0,200.0,109.59338245521312,0.4838850419317282,0.3184108922775408,0.06939315069703823,0.05408634311903571,850.0,645.4819548424252,reference,0.0125
3,200.0,250.0,109.54449585323418,0.46182924866226926,0.33678275154191795,0.059625124000630976,0.035540269936301105,850.0,645.4819548424252,reference,0.0125
0,50.0,100.0,104.85219217408583,3.0936373278178735,1.310901619324838,0.3623504529907363,0.0727253447882491,900.0,682.444649204679,reference,0.0125
1,100.0,150.0,104.74534192014454,0.4116068085272815,0.3691409698833894,0.020571122090440857,0.005073985286071503,900.0,682.444649204679,reference,0.0125
2,150.0,200.0,104.72621421607852,0.41885532618181287,0.3176014834864702,0.05958794819531157,0.0354345538766031,900.0,682.444649204679,reference,0.0125
3,200.0,250.0,104.67297615564762,0.511052788468561,0.37180852808423026,0.0771379166502089,0.04483254254885105,900.0,682.444649204679,reference,0.0125
0,50.0,100.0,100.20973409124929,1.0486557611248344,0.532883534226869,0.11385590003432748,0.04625088567246738,950.0,721.2714260182299,reference,0.0125
1,100.0,150.0,100.02331419103761,0.5410692042431862,0.4185578290782672,0.08332088770812336,0.04370573290343105,950.0,721.2714260182299,reference,0.0125
2,150.0,200.0,100.00402461004582,0.46325284774943043,0.40088566871916953,0.04922320246147347,0.019331453893295714,950.0,721.2714260182299,reference,0.0125
3,200.0,250.0,100.03296181589332,0.5132231746846685,0.416311971715956,0.03914031924760628,0.00817224412566242,950.0,721.2714260182299,reference,0.0125
0,50.0,100.0,96.27801724759053,1.3792807958644886,1.206474891174878,0.1016483048419032,0.006059126807715254,1000.0,756.6243660265701,reference,0.0125
1,100.0,150.0,96.02427523405682,1.5202916328199763,1.3452452844783949,0.17992283188533859,0.022254426270037264,1000.0,756.6243660265701,reference,0.0125
2,150.0,200.0,96.02473170422235,1.4043294413423695,1.0876915909098983,0.1231121242872832,0.0107099711809302,1000.0,756.6243660265701,reference,0.0125
3,200.0,250.0,95.99912732943912,1.3395697896923906,1.228816690487747,0.1230069892195632,0.005863041454392093,1000.0,756.6243660265701,reference,0.0125
0,50.0,100.0,88.97370394618206,0.9965007239093211,0.8581980945423027,0.08676103952274204,0.00543543690026993,1100.0,834.7865599618726,reference,0.0125
1,100.0,150.0,88.8353871600731,1.0100377575241026,0.8575977019690981,0.374585050117956,0.02430597091086084,1100.0,834.7865599618726,reference,0.0125
2,150.0,200.0,88.88452043404357,0.9073208827134067,0.784017532616943,0.10106403581969922,0.007497584143555613,1100.0,834.7865599618726,reference,0.0125
3,200.0,250.0,88.69590552034488,0.9359893038436695,0.7886147672511612,0.27103824600395704,0.03998850891255967,1100.0,834.7865599618726,reference,0.0125
0,50.0,100.0,83.2526281434561,1.1587432911984052,1.0379711459460168,0.26244871422091115,0.028094469424833735,1200.0,906.8051472486442,reference,0.0125
1,100.0,150.0,83.13792611038802,1.0206624023798838,0.9036787419748293,0.14325180671424004,0.010380633536790862,1200.0,906.8051472486442,reference,0.0125
2,150.0,200.0,83.08041706884461,1.0906966052467482,0.9639803023858207,0.2533658578238822,0.023151979194351302,1200.0,906.8051472486442,reference,0.0125
3,200.0,250.0,83.04877729346896,1.1024930148650185,0.9545081374585749,0.08578419482967335,0.0020869125913647313,1200.0,906.8051472486442,reference,0.0125
0,50.0,100.0,94.25517269013056,4.095621566540117,3.439859114353453,3.34220493973818,0.9352381270104358,50.0,37.99008122008859,reference,0.00625
1,100.0,150.0,95.75931818542416,0.5569985743755268,0.44552436836225695,1.0824911046446228,0.5867831213495626,50.0,37.99008122008859,reference,0.00625
2,150.0,200.0,95.69854219568448,0.22995552797542018,0.18966965302389838,0.41283585736623657,0.15100497905214982,50.0,37.99008122008859,reference,0.00625
3,200.0,250.0,95.97231613360776,0.4783056906219798,0.43295004942338267,0.3227474849052371,0.33137636277304217,50.0,37.99008122008859,reference,0.00625
0,50.0,100.0,177.2529174905038,7.516324656264857,6.002270026328574,8.743033748600546,0.9869920489105174,100.0,76.17083384633712,reference,0.00625
1,100.0,150.0,178.70644283237914,0.4414163003306726,0.39979868232700255,0.5086342954401368,0.3561532435792709,100.0,76.17083384633712,reference,0.00625
2,150.0,200.0,178.79509645811254,0.22834530652448848,0.20148767076295826,0.26273004327304583,0.05993624937799635,100.0,76.17083384633712,reference,0.00625
3,200.0,250.0,178.87877235502467,0.395447230706111,0.3470522474893585,0.42358220219266524,0.14238583597846122,100.0,76.17083384633712,reference,0.00625
0,50.0,100.0,245.40918605778023,4.52284540896116,3.0561669918457426,3.1234002653059014,0.8014895522096956,150.0,114.17150902555795,reference,0.00625
1,100.0,150.0,243.49369290368085,0.436186889337705,0.33252666941248776,0.2851407486919875,0.6010000820160248,150.0,114.17150902555795,reference,0.00625
2,150.0,200.0,243.56008934100763,0.31031675459931307,0.26182034903297335,0.22210967315333968,0.6627343992879391,150.0,114.17150902555795,reference,0.00625
3,200.0,250.0,243.68381532838742,0.32036097866603086,0.2716596837021541,0.025072955111812175,0.08528609141922716,150.0,114.17150902555795,reference,0.00625
0,50.0,100.0,296.67909327613233,12.893050754691217,12.751315437769051,3.3080899253451492,0.9494108168210356,200.0,152.16154020295048,reference,0.00625
1,100.0,150.0,291.32129072335243,0.47996651281687264,0.4323465678085654,0.0413901503079733,0.0768223462312505,200.0,152.16154020295048,reference,0.00625
2,150.0,200.0,291.60325935832077,0.5735760517882795,0.49935132877311617,0.27670236682592614,0.8338990979908737,200.0,152.16154020295048,reference,0.00625
3,200.0,250.0,291.98795688447854,0.5773901812070221,0.5082461641122791,0.29144079777331017,0.8384553517529528,200.0,152.16154020295048,reference,0.00625
0,50.0,100.0,327.39794234562646,35.73131587573505,33.85041763926915,18.351819647824392,0.9957621206388996,250.0,189.60094286792295,reference,0.00625
1,100.0,150.0,321.1165023421148,1.91477010364639,1.430113715578102,1.3997206453915607,0.9604911446274224,250.0,189.60094286792295,reference,0.00625
2,150.0,200.0,321.1001895018397,0.4612201493916359,0.37615842600047245,0.295205421587472,0.4562123628348773,250.0,189.60094286792295,reference,0.00625
3,200.0,250.0,321.25370371669965,0.3052060839906403,0.27699707161457354,0.17537593133737503,0.4346247898183222,250.0,189.60094286792295,reference,0.00625
0,50.0,100.0,208.83970187178275,358.30825077482024,306.9940862416343,252.1718783543924,0.6863289025240323,300.0,228.15229898524512,reference,0.00625
1,100.0,150.0,255.11867946035704,265.34064385227464,244.56660869159504,216.62912048334707,0.7908150354276192,300.0,228.15229898524512,reference,0.00625
2,150.0,200.0,211.3008287232341,263.7978024763372,247.48039539782286,214.34587640088904,0.8343515820344155,300.0,228.15229898524512,reference,0.00625
3,200.0,250.0,241.92089859608416,210.9408365270382,203.46038176900342,134.421919794983,0.7610896024841104,300.0,228.15229898524512,reference,0.00625
0,50.0,100.0,244.76805682766337,347.34372993259177,331.76086166522856,165.11811104352498,0.5301179132405648,350.0,266.70376233691485,reference,0.00625
1,100.0,150.0,201.05022648541728,334.4028147071171,295.29278456664474,226.57379819607897,0.6461320868998853,350.0,266.70376233691485,reference,0.00625
2,150.0,200.0,233.1445272983693,287.5439793499954,254.41642430956185,221.12196274788522,0.8043500086594751,350.0,266.70376233691485,reference,0.00625
3,200.0,250.0,224.97608845201995,290.7085285385772,269.878925745108,209.87844808245868,0.6873984932515971,350.0,266.70376233691485,reference,0.00625
0,50.0,100.0,220.61063372603218,369.874811075143,353.6128995661841,277.2959027584169,0.6561056553849467,400.0,303.2005083702369,reference,0.00625
1,100.0,150.0,218.74915507522218,368.1671668208675,345.357592208191,271.7312819776802,0.6454906511923928,400.0,303.2005083702369,reference,0.00625
2,150.0,200.0,220.63289769311257,365.9371578502246,350.58653260834194,263.18626920895434,0.6020187127401484,400.0,303.2005083702369,reference,0.00625
3,200.0,250.0,220.0678794917261,366.5590048875062,342.1772285836311,248.72857222064417,0.5686451122019893,400.0,303.2005083702369,reference,0.00625
0,50.0,100.0,206.54019679180038,376.547889561538,354.3959654768631,251.97829240004185,0.5906222565498551,450.0,341.5718172250129,reference,0.00625
1,100.0,150.0,214.71955926936346,372.38536242268225,351.6493870470782,291.85816301305357,0.6935595460483033,450.0,341.5718172250129,reference,0.00625
2,150.0,200.0,206.54076547360083,370.79653719218305,349.0802845447991,252.43461652871252,0.5898764101290257,450.0,341.5718172250129,reference,0.00625
3,200.0,250.0,230.44787149363592,369.71045919651004,348.9431567170783,288.7082626063478,0.7224110165758997,450.0,341.5718172250129,reference,0.00625
0,50.0,100.0,201.18825169239645,390.1001787336164,366.7498577233906,227.88283872941517,0.4617670809819926,500.0,380.88580812995247,reference,0.00625
1,100.0,150.0,194.84035167621062,365.8338545454491,340.6803631156732,256.32760668327734,0.6591256333542279,500.0,380.88580812995247,reference,0.00625
2,150.0,200.0,168.55776099936222,297.8530335061636,255.36856268174301,208.26185405011955,0.7407063561766878,500.0,380.88580812995247,reference,0.00625
3,200.0,250.0,178.9257200959083,305.90836606912075,269.7877041637986,214.46497207799575,0.7490164800484143,500.0,380.88580812995247,reference,0.00625
0,50.0,100.0,168.72101621782036,293.83709011550474,274.7401341298932,254.34477403327486,0.8114609502515204,550.0,419.0559644140832,reference,0.00625
1,100.0,150.0,149.35192797223112,287.599895014828,280.76200539947854,265.2577928326206,0.8140413714605301,550.0,419.0559644140832,reference,0.00625
2,150.0,200.0,154.31754191425216,287.8866877067213,274.06759191657954,255.3556303041667,0.8116426376047535,550.0,419.0559644140832,reference,0.00625
3,200.0,250.0,167.84624880375654,286.60453500876184,278.4829595890723,264.8706301894954,0.8240214565691184,550.0,419.0559644140832,reference,0.00625
0,50.0,100.0,145.41624326003094,262.78760216628484,255.17107856168354,245.20606812322526,0.8317907856775052,600.0,457.8085803363978,reference,0.00625
1,100.0,150.0,145.12830326100473,258.1164376785046,254.20736282226127,241.7722053051131,0.8361805811245578,600.0,457.8085803363978,reference,0.00625
2,150.0,200.0,147.40917655710768,258.5547366991526,252.2174052597197,241.37939714427895,0.8419415124063309,600.0,457.8085803363978,reference,0.00625
3,200.0,250.0,147.9225747407429,256.87373534187446,252.88320699211354,242.21241194222796,0.8314818277216358,600.0,457.8085803363978,reference,0.00625
0,50.0,100.0,137.24982225307213,222.37041663613502,212.59564454343518,209.66547935961364,0.8614144516990554,650.0,494.4853744265939,reference,0.00625
1,100.0,150.0,134.24064651144644,213.74428943026234,208.4082604813816,197.77696889959302,0.8740507733355938,650.0,494.4853744265939,reference,0.00625
2,150.0,200.0,142.31374792342177,212.82730003224907,208.9617316313712,203.9002948428031,0.866253056992738,650.0,494.4853744265939,reference,0.00625
3,200.0,250.0,130.6897914411248,211.49243217851011,207.55776778376674,199.47233554777924,0.8804739386865619,650.0,494.4853744265939,reference,0.00625
0,50.0,100.0,128.72893984972927,170.41098404371905,155.6290791300552,153.9212581866497,0.9029699369604915,700.0,532.8566832813709,reference,0.00625
1,100.0,150.0,129.46749348037267,149.87185843364423,148.73995933777965,148.41229464263873,0.9284921788551697,700.0,532.8566832813709,reference,0.00625
2,150.0,200.0,129.49689736815802,149.53954240467394,146.6440931168102,146.69129072506468,0.9251779917392808,700.0,532.8566832813709,reference,0.00625
3,200.0,250.0,129.2199490855216,148.03872960298776,145.6495609182844,145.1768453639826,0.9299444034015079,700.0,532.8566832813709,reference,0.00625
0,50.0,100.0,119.84117792809607,90.1813368664288,76.69475476662224,74.1115996117704,0.9330334039387617,750.0,570.0736739678696,reference,0.00625
1,100.0,150.0,122.53353391233527,55.93917749738577,47.57914533327681,48.94910129124204,0.9746849814941326,750.0,570.0736739678696,reference,0.00625
2,150.0,200.0,121.69016692542468,37.08427240377087,33.18554897628583,32.16883229143525,0.9809029873581142,750.0,570.0736739678696,reference,0.00625
3,200.0,250.0,121.0358641675294,22.84491889332952,20.693686710480634,20.52419575456201,0.9814934899714525,750.0,570.0736739678696,reference,0.00625
0,50.0,100.0,115.53782452369974,39.713074278721095,25.799527934784052,12.72707814552171,0.005281020905446465,800.0,606.2950294894458,reference,0.00625
1,100.0,150.0,115.3348675756053,3.4371096672704198,1.9981582271086182,1.2229244496596439,0.012899413928001091,800.0,606.2950294894458,reference,0.00625
2,150.0,200.0,115.30602546018338,0.7405736269256948,0.47947434156334623,0.9755789057175169,0.12188010735317623,800.0,606.2950294894458,reference,0.00625
3,200.0,250.0,115.36046751491385,0.5926659895171014,0.46040119464059615,0.7372283762504264,0.04786485031821608,800.0,606.2950294894458,reference,0.00625
0,50.0,100.0,109.9178417118287,10.688356601159839,5.904485933737078,3.177743912786197,0.39136663789477755,850.0,645.4819548424252,reference,0.00625
1,100.0,150.0,109.65552372079493,0.6253580983842824,0.4391411221460402,0.135040129773236,0.10642416319872983,850.0,645.4819548424252,reference,0.00625
2,150.0,200.0,109.61975869674221,0.6452424710704605,0.30742417510178655,0.07227294771534756,0.051652137023690314,850.0,645.4819548424252,reference,0.00625
3,200.0,250.0,109.56736795040392,0.4969324821612986,0.39247301427178627,0.11451077675328811,0.1090786390110412,850.0,645.4819548424252,reference,0.00625
0,50.0,100.0,104.83974598013523,2.643048168580023,1.0723168821188551,0.6779351390501931,0.3188195638323241,900.0,682.444649204679,reference,0.00625
1,100.0,150.0,104.74624522678303,0.5742453667925957,0.4060987266635294,0.09833460546330852,0.09445547334553961,900.0,682.444649204679,reference,0.00625
2,150.0,200.0,104.73292034837486,0.5063918653258241,0.30727311667114066,0.09328494106233878,0.08305719095815389,900.0,682.444649204679,reference,0.00625
3,200.0,250.0,104.67821096451172,0.5562625120921467,0.410536615096035,0.08746711357803937,0.05464470305249458,900.0,682.444649204679,reference,0.00625
0,50.0,100.0,100.21032789056645,0.8398458696110822,0.5133612440805706,0.09174198095918495,0.030486233247233985,950.0,721.2714260182299,reference,0.00625
1,100.0,150.0,100.02214102635666,0.5999359705379703,0.4973140921895407,0.07173488478563621,0.022383606435148362,950.0,721.2714260182299,reference,0.00625
2,150.0,200.0,99.99870009881872,0.5934590644664439,0.4561237506974578,0.0571051898454226,0.02464563929356456,950.0,721.2714260182299,reference,0.00625
3,200.0,250.0,100.01835434675593,0.5845253797394037,0.43902338288529563,0.07056109977227208,0.021275245522446418,950.0,721.2714260182299,reference,0.00625
0,50.0,100.0,96.2674241551746,1.4521325010374113,1.300210630251371,0.09295872140900933,0.005219547534087821,1000.0,756.6243660265701,reference,0.00625
1,100.0,150.0,96.02406769625313,1.5797099396911563,1.3664055875018448,0.1963576069074479,0.024768750459392752,1000.0,756.6243660265701,reference,0.00625
2,150.0,200.0,96.02338815391069,1.430757124183856,1.1411913208153237,0.13423479875384603,0.013614691706334225,1000.0,756.6243660265701,reference,0.00625
3,200.0,250.0,95.99942354406045,1.3566540886940572,1.1954454922480267,0.11013776293049755,0.005187580574843809,1000.0,756.6243660265701,reference,0.00625
0,50.0,100.0,88.96531087479941,0.9992428994076334,0.8564025429776905,0.08545451368702361,0.005480925813612592,1100.0,834.7865599618726,reference,0.00625
1,100.0,150.0,88.82517004426607,1.002840612562295,0.8738851722489187,0.32642174681058966,0.02094562969802538,1100.0,834.7865599618726,reference,0.00625
2,150.0,200.0,88.87889019611409,0.9243233661932351,0.7546013509656575,0.11955594990330773,0.011081919281565211,1100.0,834.7865599618726,reference,0.00625
3,200.0,250.0,88.69157911493787,0.9388205489819512,0.759321152357316,0.2525822449212285,0.036150589231516705,1100.0,834.7865599618726,reference,0.00625
0,50.0,100.0,83.2502953661846,1.1463382313496169,1.0303376548387178,0.26431222176739777,0.029259401491401937,1200.0,906.8051472486442,reference,0.00625
1,100.0,150.0,83.13815201717273,1.0200142194700987,0.9029798989292743,0.132967423110687,0.010353401353447533,1200.0,906.8051472486442,reference,0.00625
2,150.0,200.0,83.08041350524155,1.0970075877661145,0.9541827839580606,0.252156331798256,0.023414511067020305,1200.0,906.8051472486442,reference,0.00625
3,200.0,250.0,83.04542064534081,1.0995052735036381,0.9359869883648315,0.07530493829682752,0.001732267546153854,1200.0,906.8051472486442,reference,0.00625
0,50.0,100.0,93.24466622496226,6.133385194506971,5.260847739917239,4.336594836344973,0.9683080735917716,50.0,37.99008122008859,best_features,0.025
1,100.0,150.0,95.61413557223645,0.7131923680015007,0.5883843826022286,0.9397665000839415,0.628848100748564,50.0,37.99008122008859,best_features,0.025
2,150.0,200.0,95.65122254936868,0.19754537015039375,0.16573671626959197,0.38850518930013556,0.16276045663702954,50.0,37.99008122008859,best_features,0.025
3,200.0,250.0,95.90766001678014,0.441030330299057,0.4058873801614311,0.3125495822812949,0.3264281949432857,50.0,37.99008122008859,best_features,0.025
0,50.0,100.0,175.58188602364925,12.601450459110936,10.454678989833553,12.487102763955999,0.9920664661852442,100.0,76.17083384633712,best_features,0.025
1,100.0,150.0,178.6906216985347,0.36548113698790985,0.33554076066715766,0.4418498456719021,0.4479110169387547,100.0,76.17083384633712,best_features,0.025
2,150.0,200.0,178.71900071979292,0.21800369697066913,0.18061581218645983,0.2518840539834979,0.05564945185801051,100.0,76.17083384633712,best_features,0.025
3,200.0,250.0,178.7874484907032,0.35950559023100936,0.31648899805702513,0.429657214758053,0.14391673366177316,100.0,76.17083384633712,best_features,0.025
0,50.0,100.0,244.7375590564695,10.302112142775968,7.590917393898053,5.494199906523413,0.8441347702092551,150.0,114.17150902555795,best_features,0.025
1,100.0,150.0,243.730563543833,0.8482639586878236,0.6878149037813444,0.39892987530668633,0.7468851490045023,150.0,114.17150902555795,best_features,0.025
2,150.0,200.0,243.60652287216743,0.28567021243404156,0.24344564170033323,0.1998432717678505,0.7053621374811299,150.0,114.17150902555795,best_features,0.025
3,200.0,250.0,243.72767510581625,0.2709038574714384,0.2308282498526637,0.012888327305301742,0.03483229751718564,150.0,114.17150902555795,best_features,0.025
0,50.0,100.0,298.1237541985187,11.394232473875775,11.01305915972921,5.47285327652696,0.808081894648364,200.0,152.16154020295048,best_features,0.025
1,100.0,150.0,291.3479971815583,0.7157029768744678,0.5166498930437342,0.4653280622813635,0.8381778944177819,200.0,152.16154020295048,best_features,0.025
2,150.0,200.0,291.6191863305006,0.47865555106125157,0.4222007228366351,0.21919983821622546,0.7837107569122995,200.0,152.16154020295048,best_features,0.025
3,200.0,250.0,291.9095988150725,0.5724418887245406,0.49783144422087844,0.31371315160127206,0.8985828318296625,200.0,152.16154020295048,best_features,0.025
0,50.0,100.0,331.42447686102366,35.27772413892495,34.86196240901063,14.433740847192487,0.9819050163372633,250.0,189.60094286792295,best_features,0.025
1,100.0,150.0,320.53451779650237,4.0853923796790355,3.5840719652317716,1.8349238538099313,0.9820832688368196,250.0,189.60094286792295,best_features,0.025
2,150.0,200.0,321.05551525310636,0.43103156519310915,0.32602966936360644,0.35249749679419007,0.6848454290077105,250.0,189.60094286792295,best_features,0.025
3,200.0,250.0,321.12968911867864,0.28696786723253354,0.2649717664332343,0.16674055628365808,0.5291218668483317,250.0,189.60094286792295,best_features,0.025
0,50.0,100.0,238.45442773073484,384.33065655872224,358.48723380128047,260.8927152192378,0.610401804899209,300.0,228.15229898524512,best_features,0.025
1,100.0,150.0,218.98867437775348,200.90465252252318,192.6831616869029,167.00630025812717,0.8840907014126324,300.0,228.15229898524512,best_features,0.025
2,150.0,200.0,259.6481029200088,207.9242821334935,197.91946956461499,162.0218087104419,0.8023244219251623,300.0,228.15229898524512,best_features,0.025
3,200.0,250.0,231.37992076758954,282.47258370603436,270.2045165925372,200.11588653823156,0.8238743350188908,300.0,228.15229898524512,best_features,0.025
0,50.0,100.0,202.93670872374642,357.09103482261247,349.88103741147086,224.2755838604534,0.8611587212937374,350.0,266.70376233691485,best_features,0.025
1,100.0,150.0,244.6515541585233,351.11805999833535,330.77200040839296,315.1100107753233,0.8057299799001596,350.0,266.70376233691485,best_features,0.025
2,150.0,200.0,220.8639429450873,353.79767663956073,337.19318468013364,276.2555974152227,0.7901955500462923,350.0,266.70376233691485,best_features,0.025
3,200.0,250.0,275.73791069673786,353.96946125647656,282.1409663208547,195.37558955462183,0.5423965171522583,350.0,266.70376233691485,best_features,0.025
0,50.0,100.0,234.32041028469718,381.2976205093915,365.1579713147027,207.71690052011982,0.8088742474854129,400.0,303.2005083702369,best_features,0.025
1,100.0,150.0,204.51249597183903,376.6932537529723,347.9525861852404,250.44805282492035,0.6859882163836446,400.0,303.2005083702369,best_features,0.025
2,150.0,200.0,211.00870893789562,381.5503240008941,369.0004406944292,313.7321426232277,0.7117736870908542,400.0,303.2005083702369,best_features,0.025
3,200.0,250.0,222.37061071474412,381.8636622280762,369.4208856453977,334.25445296660195,0.7309460829431071,400.0,303.2005083702369,best_features,0.025
0,50.0,100.0,206.08844768397384,393.01426426095236,380.619879642573,306.8615944203601,0.6889705389755427,450.0,341.5718172250129,best_features,0.025
1,100.0,150.0,202.8100834567751,393.55077276195044,380.98878932190996,306.0013542447637,0.6851655496219812,450.0,341.5718172250129,best_features,0.025
2,150.0,200.0,205.4975549801568,393.4386177437679,383.57754033840166,308.2702081748739,0.6967208533955866,450.0,341.5718172250129,best_features,0.025
3,200.0,250.0,204.478308414199,392.90204671552,380.8115175764407,307.83046348726737,0.6741223649679224,450.0,341.5718172250129,best_features,0.025
0,50.0,100.0,179.7977057516998,391.5267742107285,376.5343286340127,280.56633891492294,0.5689727065111551,500.0,380.88580812995247,best_features,0.025
1,100.0,150.0,203.98390316074975,389.8776925268312,375.45343001647893,271.6928887153867,0.6243900707325707,500.0,380.88580812995247,best_features,0.025
2,150.0,200.0,191.15818303471846,390.2283940479265,376.64360388543713,300.9046312894039,0.6260859996320625,500.0,380.88580812995247,best_features,0.025
3,200.0,250.0,192.9452304071603,388.30164426051186,375.95390690679096,264.23049885959114,0.5583304580741713,500.0,380.88580812995247,best_features,0.025
0,50.0,100.0,177.8322882194477,333.08690879545816,295.01673994933606,166.63865671016237,0.35514509377012415,550.0,419.0559644140832,best_features,0.025
1,100.0,150.0,182.20369364256175,300.66119708460735,292.4983361368935,214.47800900945194,0.6206187035943084,550.0,419.0559644140832,best_features,0.025
2,150.0,200.0,183.30487129364442,366.4102076964778,343.99534508435295,206.74044673753824,0.37937907170771856,550.0,419.0559644140832,best_features,0.025
3,200.0,250.0,169.24611159672182,363.4939399427584,343.0264385384278,238.16849629818594,0.5618831997502798,550.0,419.0559644140832,best_features,0.025
0,50.0,100.0,145.3789132755385,278.50136669514137,264.25156048935804,246.2000629935149,0.7974644557240362,600.0,457.8085803363978,best_features,0.025
1,100.0,150.0,151.7936492912181,274.71605747890237,267.2859158836054,246.5120147406206,0.8268067525574215,600.0,457.8085803363978,best_features,0.025
2,150.0,200.0,153.16996933608908,274.0086187806128,268.4458742394211,257.25233577958323,0.8139234598156072,600.0,457.8085803363978,best_features,0.025
3,200.0,250.0,137.05143067951983,274.22799802230674,268.742179581432,253.70790590202327,0.8149445572944266,600.0,457.8085803363978,best_features,0.025
0,50.0,100.0,144.63783443608142,247.54196350399343,240.65998415998146,230.85798553236066,0.8227721726421502,650.0,494.4853744265939,best_features,0.025
1,100.0,150.0,132.75073295001167,243.3445766925108,237.34113655183532,220.8030202591284,0.8489912585245396,650.0,494.4853744265939,best_features,0.025
2,150.0,200.0,131.80134977220078,242.66951204854735,238.96380931045135,231.13345276029443,0.8372258852545895,650.0,494.4853744265939,best_features,0.025
3,200.0,250.0,140.1728951182214,242.3696009111816,238.3397327170778,230.4627336742173,0.8418565600584532,650.0,494.4853744265939,best_features,0.025
0,50.0,100.0,129.21560972363878,205.94656501340916,194.03266144701695,188.99491699033007,0.8653829509450943,700.0,532.8566832813709,best_features,0.025
1,100.0,150.0,133.14137577066708,196.35183013683394,193.12080588800205,185.7124502541774,0.8854347936165348,700.0,532.8566832813709,best_features,0.025
2,150.0,200.0,129.08211109060593,194.99677973167445,190.8476488997972,189.96383336118458,0.8724112444616674,700.0,532.8566832813709,best_features,0.025
3,200.0,250.0,123.84763944173875,194.96469535057642,190.71022385803047,184.27264584616876,0.8878578825449374,700.0,532.8566832813709,best_features,0.025
0,50.0,100.0,124.8307393435476,142.66455145183005,135.66163926545192,135.11771292656297,0.9294401693668817,750.0,570.0736739678696,best_features,0.025
1,100.0,150.0,119.30068068019223,135.3319052675299,133.40713088918062,131.60875699610872,0.9339393507548488,750.0,570.0736739678696,best_features,0.025
2,150.0,200.0,119.90409088793913,134.22232749745984,131.53365248414406,133.33392950313,0.9371307140017731,750.0,570.0736739678696,best_features,0.025
3,200.0,250.0,122.56828308932535,133.52201305541422,131.08152678179619,132.11665459366247,0.938209208245353,750.0,570.0736739678696,best_features,0.025
0,50.0,100.0,116.29534750817078,85.80372019774723,70.79554342519832,68.52106624602327,0.9349172367752843,800.0,606.2950294894458,best_features,0.025
1,100.0,150.0,116.55037043796126,49.0910455967645,41.46398515517512,40.229583941538095,0.966565496790396,800.0,606.2950294894458,best_features,0.025
2,150.0,200.0,115.1681248953894,27.33112494683209,23.65296149515848,22.867292517173247,0.9684568725405228,800.0,606.2950294894458,best_features,0.025
3,200.0,250.0,115.2086513089155,15.589769690844932,13.272386129541417,12.12994289863831,0.9560202397676091,800.0,606.2950294894458,best_features,0.025
0,50.0,100.0,110.57433822787777,40.35908406313612,27.92338091536068,12.546385709116663,0.26398652343149864,850.0,645.4819548424252,best_features,0.025
1,100.0,150.0,109.59692467090578,3.961994953671052,2.570600575062386,1.6122301077703811,0.5394768955988087,850.0,645.4819548424252,best_features,0.025
2,150.0,200.0,109.58827823540483,0.5426713673672623,0.42138534363033386,0.30046344506467804,0.5339939528145772,850.0,645.4819548424252,best_features,0.025
3,200.0,250.0,109.53617197649517,0.5512409460372538,0.46896107873276094,0.14195561939685927,0.13352372286030967,850.0,645.4819548424252,best_features,0.025
0,50.0,100.0,105.0912014759289,18.296720446605875,10.947789753058274,5.555036114252046,0.40678105825693334,900.0,682.444649204679,best_features,0.025
1,100.0,150.0,104.74799069212432,0.5522215518577411,0.4441699999922548,0.12255273760602639,0.13618183747740598,900.0,682.444649204679,best_features,0.025
2,150.0,200.0,104.72628229241843,0.3788609870166084,0.2508075884045411,0.06399201715267727,0.06326586973273285,900.0,682.444649204679,best_features,0.025
3,200.0,250.0,104.67716125880776,0.39857041613029764,0.2869263790010024,0.06678485750709641,0.05569142995261511,900.0,682.444649204679,best_features,0.025
0,50.0,100.0,100.25281721737319,7.443615112373166,2.989807730614089,0.4138522753308099,0.01691323018014934,950.0,721.2714260182299,best_features,0.025
1,100.0,150.0,100.02452352022577,0.3880114452779111,0.34019031338640104,0.06159487263683899,0.03894505486452238,950.0,721.2714260182299,best_features,0.025
2,150.0,200.0,100.00421783390577,0.4142804325850449,0.3051635659129488,0.05634511642263168,0.03931172203224953,950.0,721.2714260182299,best_features,0.025
3,200.0,250.0,100.0339491191721,0.4064041703741168,0.33737702587028195,0.04052133134423886,0.013819809554414753,950.0,721.2714260182299,best_features,0.025
0,50.0,100.0,96.30522068154006,3.3275108617433062,1.3852670739372002,0.3782886151255724,0.02259454556756979,1000.0,756.6243660265701,best_features,0.025
1,100.0,150.0,96.0224197537355,1.3447343708229056,1.0891060909673769,0.1869705009814453,0.03650427278044632,1000.0,756.6243660265701,best_features,0.025
2,150.0,200.0,96.02224813871362,1.2075450283195721,0.8876721416840212,0.10770981008223694,0.012320972057584756,1000.0,756.6243660265701,best_features,0.025
3,200.0,250.0,96.00192700777035,1.0959661796518105,0.8789440440975511,0.11929165293595007,0.00992303334833422,1000.0,756.6243660265701,best_features,0.025
0,50.0,100.0,88.99725542306281,0.8254206779495092,0.6874409334961626,0.1914264807666236,0.02499505804533564,1100.0,834.7865599618726,best_features,0.025
1,100.0,150.0,88.85170325673322,0.8768582686928852,0.6976348593068735,0.34055393905660536,0.029139885052489434,1100.0,834.7865599618726,best_features,0.025
2,150.0,200.0,88.90045392233293,0.8054258417294733,0.6401846805206048,0.10589176559387282,0.014394732705666047,1100.0,834.7865599618726,best_features,0.025
3,200.0,250.0,88.71423986077416,0.7967235649977908,0.6419975825983784,0.30508979597108,0.06466955050124812,1100.0,834.7865599618726,best_features,0.025
0,50.0,100.0,83.02411525270485,1.1410414014136165,1.009507428350858,0.19625629652154858,0.05043846357796733,1200.0,906.8051472486442,best_features,0.025
1,100.0,150.0,82.90013588614256,0.9884767191390864,0.7972843687899882,0.08525719513900797,0.01254148479729067,1200.0,906.8051472486442,best_features,0.025
2,150.0,200.0,82.84657101638776,1.0106638924957139,0.8846845672006793,0.13516479386726707,0.027627459881082506,1200.0,906.8051472486442,best_features,0.025
3,200.0,250.0,82.81030539760917,1.0373083000126542,0.9255830460328411,0.05569435513934735,0.004377732504369236,1200.0,906.8051472486442,best_features,0.025
0,50.0,100.0,93.24997833969013,6.135635270619545,5.2618677255344295,4.287764672296721,0.9680623692278599,50.0,37.99008122008859,best_features,0.0125
1,100.0,150.0,95.62381074800001,0.719801043526644,0.5965438945016643,0.9508379382775252,0.6371970849279703,50.0,37.99008122008859,best_features,0.0125
2,150.0,200.0,95.66930615253919,0.19638308620571365,0.16598561970492653,0.3820693810213965,0.16057292734651551,50.0,37.99008122008859,best_features,0.0125
3,200.0,250.0,95.92672500780651,0.4414326634964425,0.40579096097333434,0.30872357487606156,0.32641183018589237,50.0,37.99008122008859,best_features,0.0125
0,50.0,100.0,175.58222070417563,12.598708645429923,10.453847505732199,11.77843867365314,0.9914262900077638,100.0,76.17083384633712,best_features,0.0125
1,100.0,150.0,178.695055688539,0.3631714785771578,0.33601978108632125,0.36460484138964666,0.4187642004152514,100.0,76.17083384633712,best_features,0.0125
2,150.0,200.0,178.7468351929165,0.20265551552932948,0.17574024004912303,0.2404146027306562,0.0573640205108491,100.0,76.17083384633712,best_features,0.0125
3,200.0,250.0,178.8201928975888,0.35703200498400633,0.31440433476890917,0.4002221291371319,0.14427347112997635,100.0,76.17083384633712,best_features,0.0125
0,50.0,100.0,244.73265895722525,10.297984519499124,7.588608455130924,5.579609950659983,0.8538584499248147,150.0,114.17150902555795,best_features,0.0125
1,100.0,150.0,243.7240553143132,0.8704666947573685,0.7144059519434052,0.3888734203103421,0.7437671872692642,150.0,114.17150902555795,best_features,0.0125
2,150.0,200.0,243.57432444102582,0.2859682547888269,0.2457024307259701,0.20600497660475078,0.7118247440725217,150.0,114.17150902555795,best_features,0.0125
3,200.0,250.0,243.70815160347271,0.2972491303804645,0.2526583944353433,0.024681422794290496,0.11379819901666943,150.0,114.17150902555795,best_features,0.0125
0,50.0,100.0,298.1146191894796,11.375218592181113,10.995031731924257,5.337831620863999,0.8024910072906195,200.0,152.16154020295048,best_features,0.0125
1,100.0,150.0,291.35457753459605,0.7023813430052428,0.5054635865168962,0.44510428585020584,0.8282458763002063,200.0,152.16154020295048,best_features,0.0125
2,150.0,200.0,291.61315016708136,0.47883437903999493,0.4278110134162034,0.2205673284291679,0.7850373333747716,200.0,152.16154020295048,best_features,0.0125
3,200.0,250.0,291.9195241799979,0.559328870059403,0.4901351926826578,0.2956883592836756,0.8811003566762937,200.0,152.16154020295048,best_features,0.0125
0,50.0,100.0,331.41912555500994,35.22679197379455,34.810149580894745,14.827002307753943,0.9806443723038614,250.0,189.60094286792295,best_features,0.0125
1,100.0,150.0,320.5425781330614,4.0733522569502725,3.5793915095139255,1.8606275808043076,0.984215072180754,250.0,189.60094286792295,best_features,0.0125
2,150.0,200.0,321.0562168017829,0.43144881036056404,0.354030435790321,0.3583865218532271,0.7087498733095201,250.0,189.60094286792295,best_features,0.0125
3,200.0,250.0,321.1648886409387,0.27018922294075765,0.24513682940431636,0.1505498118781587,0.4754222591792274,250.0,189.60094286792295,best_features,0.0125
0,50.0,100.0,238.72924528637424,383.621434940004,356.5558131983558,262.73518881347997,0.6275551070885492,300.0,228.15229898524512,best_features,0.0125
1,100.0,150.0,219.0037466639981,183.17369279516055,177.1855089955887,158.31721807319263,0.8911503994140861,300.0,228.15229898524512,best_features,0.0125
2,150.0,200.0,256.2769797805218,261.9481298953187,203.95818254729136,175.05393089631121,0.7780771850441282,300.0,228.15229898524512,best_features,0.0125
3,200.0,250.0,233.42652362636153,293.88908990387847,282.243073772139,200.0465292417885,0.8237239707080365,300.0,228.15229898524512,best_features,0.0125
0,50.0,100.0,204.42551203384951,356.40803253071925,348.17111580529485,216.98051487054164,0.7892917937852773,350.0,266.70376233691485,best_features,0.0125
1,100.0,150.0,243.3313210805832,350.0691933999914,324.05154525825634,305.3129282533645,0.7479214636348629,350.0,266.70376233691485,best_features,0.0125
2,150.0,200.0,229.09091392360938,338.221890605245,316.0808636033921,246.03811040732865,0.7772979409410429,350.0,266.70376233691485,best_features,0.0125
3,200.0,250.0,226.78354773207323,297.2235147664191,274.09101040934047,218.40798760833576,0.7345338488301041,350.0,266.70376233691485,best_features,0.0125
0,50.0,100.0,237.4883606969556,379.58280296193107,363.60294242800325,205.79520926925412,0.8057230261199754,400.0,303.2005083702369,best_features,0.0125
1,100.0,150.0,208.32950860357286,367.7950005457706,347.21552348701937,239.16801528243894,0.6962534118900272,400.0,303.2005083702369,best_features,0.0125
2,150.0,200.0,211.32561930701908,380.17585917363556,366.1836384742495,307.5730030478464,0.7198021966174373,400.0,303.2005083702369,best_features,0.0125
3,200.0,250.0,221.75641120034587,380.11406415447914,367.60494297974793,323.95531359531753,0.7177448265703026,400.0,303.2005083702369,best_features,0.0125
0,50.0,100.0,203.42653108249542,392.9678137735682,379.2154568820673,303.76880985324044,0.6879286536779601,450.0,341.5718172250129,best_features,0.0125
1,100.0,150.0,202.35904292283075,392.66600716185843,378.54636669511353,303.4082930949094,0.6754523270931211,450.0,341.5718172250129,best_features,0.0125
2,150.0,200.0,202.74678728602018,392.63079624647054,377.74215478796356,302.70780093787334,0.6602823698628482,450.0,341.5718172250129,best_features,0.0125
3,200.0,250.0,203.78319177844853,391.86776694665576,377.31224635284514,300.37039145247184,0.6395505887556745,450.0,341.5718172250129,best_features,0.0125
0,50.0,100.0,183.78258973137403,387.08073688525633,374.1435405095423,274.0159975662078,0.5840806835007268,500.0,380.88580812995247,best_features,0.0125
1,100.0,150.0,208.05640276975646,386.95010675895253,371.68300298571455,278.4443699975671,0.6278131503750988,500.0,380.88580812995247,best_features,0.0125
2,150.0,200.0,187.21419170268143,386.40012574137995,370.66903724584597,281.79852969925753,0.617152278878877,500.0,380.88580812995247,best_features,0.0125
3,200.0,250.0,201.1407549551143,386.221993641772,370.5683162755587,277.58428694255247,0.5727328167310891,500.0,380.88580812995247,best_features,0.0125
0,50.0,100.0,197.46716263838823,380.93282761664614,362.26494150263727,268.7736278982019,0.6621795448722968,550.0,419.0559644140832,best_features,0.0125
1,100.0,150.0,191.988072708349,372.41237159253836,341.60063933349,201.5344363833452,0.4900086758800797,550.0,419.0559644140832,best_features,0.0125
2,150.0,200.0,185.65289804905612,363.2604945182398,343.1929917361111,183.2999680064936,0.579512069457121,550.0,419.0559644140832,best_features,0.0125
3,200.0,250.0,169.283539510866,361.29623249957837,317.0178184612323,166.3359885264864,0.4877556031155975,550.0,419.0559644140832,best_features,0.0125
0,50.0,100.0,145.89550581911084,276.64786693978016,267.43211812169784,248.77588003001628,0.8089665971917361,600.0,457.8085803363978,best_features,0.0125
1,100.0,150.0,155.2541224766253,274.56900184448267,268.14440607790965,251.78665242994904,0.8314003768688356,600.0,457.8085803363978,best_features,0.0125
2,150.0,200.0,144.18506375426026,274.4874275146431,269.8009695400411,261.23773125280786,0.8074383787593545,600.0,457.8085803363978,best_features,0.0125
3,200.0,250.0,138.52760849590413,274.13751720141283,267.1312857333812,247.64278227395283,0.8257405735327056,600.0,457.8085803363978,best_features,0.0125
0,50.0,100.0,143.52184479207943,242.18575898678773,239.23937346542962,230.44165307573203,0.8369065900069161,650.0,494.4853744265939,best_features,0.0125
1,100.0,150.0,139.21718573629747,240.35536926926886,235.93106966859932,219.3320344491127,0.8540531370598884,650.0,494.4853744265939,best_features,0.0125
2,150.0,200.0,129.93297678574206,239.7034218771049,234.40500935636857,222.68165800802367,0.8299586580392794,650.0,494.4853744265939,best_features,0.0125
3,200.0,250.0,135.77242566553426,239.93080119337088,235.8753378822925,225.44082240446596,0.8428999345108765,650.0,494.4853744265939,best_features,0.0125
0,50.0,100.0,130.77810474530108,198.0307189710174,193.57016417723764,184.24882812013075,0.8788535482095523,700.0,532.8566832813709,best_features,0.0125
1,100.0,150.0,134.7963151710131,191.52808004185582,187.39647766440714,184.21797630248307,0.8876587353786257,700.0,532.8566832813709,best_features,0.0125
2,150.0,200.0,123.89915844605315,190.08913682590622,187.47130374166858,183.20196647468077,0.8854119649784514,700.0,532.8566832813709,best_features,0.0125
3,200.0,250.0,126.67717799028185,189.98838459704032,185.72820032755658,178.88229693294502,0.8881147976262157,700.0,532.8566832813709,best_features,0.0125
0,50.0,100.0,124.77987139517695,135.68070890945194,128.57414112334592,129.31686063389472,0.9339619565193247,750.0,570.0736739678696,best_features,0.0125
1,100.0,150.0,122.16824979707918,127.27943181620584,123.88121446037825,124.55061628170088,0.945349794908514,750.0,570.0736739678696,best_features,0.0125
2,150.0,200.0,119.69027368712419,125.10503564255568,122.32230484664251,122.1871146791798,0.9436549005579455,750.0,570.0736739678696,best_features,0.0125
3,200.0,250.0,120.6579874287714,123.96054493954523,121.31083363058177,123.68732387322495,0.9464694935947976,750.0,570.0736739678696,best_features,0.0125
0,50.0,100.0,116.79268839327644,78.47223262754913,64.72820025708089,59.916215079259594,0.915082131282137,800.0,606.2950294894458,best_features,0.0125
1,100.0,150.0,116.04363244610663,39.27745277154776,31.81455113764403,29.423395352189193,0.9430704288213756,800.0,606.2950294894458,best_features,0.0125
2,150.0,200.0,115.03469546396609,17.006346153691283,14.026952546641908,12.635839056167327,0.9318884757415348,800.0,606.2950294894458,best_features,0.0125
3,200.0,250.0,115.40011603447894,6.734755577903712,5.448184277009503,4.798906279071685,0.892934044612638,800.0,606.2950294894458,best_features,0.0125
0,50.0,100.0,110.36643956936894,38.01426418854747,26.621183786000813,3.6530536296954086,0.0272484537456138,850.0,645.4819548424252,best_features,0.0125
1,100.0,150.0,109.62708175736434,2.6058402504441602,1.722760067633459,0.21129647914646513,0.02146848887724706,850.0,645.4819548424252,best_features,0.0125
2,150.0,200.0,109.59706161211584,0.3969517272890357,0.27610730364453673,0.052943318265441415,0.04537593706742993,850.0,645.4819548424252,best_features,0.0125
3,200.0,250.0,109.5472517355791,0.3566862095385659,0.2641776177697466,0.06803574416126844,0.0643238482134052,850.0,645.4819548424252,best_features,0.0125
0,50.0,100.0,104.97671500322147,16.393757505268354,8.078687967987307,4.811231253083445,0.41364932779722297,900.0,682.444649204679,best_features,0.0125
1,100.0,150.0,104.76142020692268,0.4563920770330725,0.3667766271856294,0.0818936641196897,0.10482080973183583,900.0,682.444649204679,best_features,0.0125
2,150.0,200.0,104.7381515217349,0.35712655201724886,0.2539768529313591,0.044403123870902145,0.03036012752516637,900.0,682.444649204679,best_features,0.0125
3,200.0,250.0,104.69010394601928,0.46451569821986993,0.2992794928844802,0.054623586125040265,0.03496155242419108,900.0,682.444649204679,best_features,0.0125
0,50.0,100.0,100.20023580876688,5.800039050296448,2.1968139158265387,0.2260838819544781,0.00951953067294764,950.0,721.2714260182299,best_features,0.0125
1,100.0,150.0,100.02569310507496,0.3919604795628544,0.338479190369938,0.05556083627074944,0.031422784040689655,950.0,721.2714260182299,best_features,0.0125
2,150.0,200.0,100.00617464744738,0.3849027320167693,0.3239307037493546,0.0577911449796633,0.042219427297111145,950.0,721.2714260182299,best_features,0.0125
3,200.0,250.0,100.03158684310858,0.4166785479919639,0.34678598645758996,0.034640913779350184,0.010033459961540925,950.0,721.2714260182299,best_features,0.0125
0,50.0,100.0,96.27082359856504,2.566441483125871,1.10972697058601,0.108646403942937,0.004569193323238574,1000.0,756.6243660265701,best_features,0.0125
1,100.0,150.0,96.02008370513178,1.2828562224308797,1.1733601402622895,0.16829640368531584,0.02950369604357539,1000.0,756.6243660265701,best_features,0.0125
2,150.0,200.0,96.0231471200211,1.2062337656317794,0.9050789604903144,0.10103463669331321,0.010299671190156845,1000.0,756.6243660265701,best_features,0.0125
3,200.0,250.0,96.00417588997009,1.0945356366656114,0.8818389554189565,0.11543261128578891,0.008967967630990392,1000.0,756.6243660265701,best_features,0.0125
0,50.0,100.0,88.99050445108337,0.8582105846290062,0.69870764292682,0.10451490905389278,0.00973080742397514,1100.0,834.7865599618726,best_features,0.0125
1,100.0,150.0,88.84875566982872,0.9146178696109644,0.6989375833170612,0.3736132304825066,0.030497600396374724,1100.0,834.7865599618726,best_features,0.0125
2,150.0,200.0,88.89934319166451,0.8125039686204332,0.6454132587534502,0.12349788452691583,0.017670955711545422,1100.0,834.7865599618726,best_features,0.0125
3,200.0,250.0,88.71439795714281,0.7891686746147855,0.6504397299321738,0.305101535127235,0.06702567860302489,1100.0,834.7865599618726,best_features,0.0125
0,50.0,100.0,83.02451534459595,1.104749712783601,0.9773027284195734,0.1890706955844047,0.04993738229041522,1200.0,906.8051472486442,best_features,0.0125
1,100.0,150.0,82.90313789398168,0.9900413244508712,0.7856381635828456,0.09213528835924095,0.014776817439010936,1200.0,906.8051472486442,best_features,0.0125
2,150.0,200.0,82.84611236860437,1.0470523453399068,0.8740049911491781,0.1450133484008964,0.03162746922111104,1200.0,906.8051472486442,best_features,0.0125
3,200.0,250.0,82.80856941760956,1.0223846466805497,0.9074296772179764,0.06015833832144358,0.005210891360327929,1200.0,906.8051472486442,best_features,0.0125
0,50.0,100.0,93.2550442871679,6.136052502789482,5.260056864156965,4.250487240797893,0.9686185587975948,50.0,37.99008122008859,best_features,0.00625
1,100.0,150.0,95.64852089727367,0.7484261794513003,0.6216415494179159,0.9353803523287612,0.6486140419106632,50.0,37.99008122008859,best_features,0.00625
2,150.0,200.0,95.70597239725079,0.19504943860086144,0.16651721678088904,0.3757011025837043,0.15819612767667923,50.0,37.99008122008859,best_features,0.00625
3,200.0,250.0,95.96435789007404,0.44168598602168174,0.4057507300221488,0.30443711423369396,0.3260879004050582,50.0,37.99008122008859,best_features,0.00625
0,50.0,100.0,175.58591500018076,12.59732283830516,10.453827385565148,11.376415451367812,0.9909750784956415,100.0,76.17083384633712,best_features,0.00625
1,100.0,150.0,178.715287889052,0.3985755765758654,0.36814791395499924,0.4046072228834683,0.3792926647278223,100.0,76.17083384633712,best_features,0.00625
2,150.0,200.0,178.80975653621485,0.19830457602603246,0.17442565472046567,0.23442370667658521,0.05942047175141252,100.0,76.17083384633712,best_features,0.00625
3,200.0,250.0,178.88611861334851,0.3563167567578489,0.3134700346628847,0.3828257687449269,0.14422832332317936,100.0,76.17083384633712,best_features,0.00625
0,50.0,100.0,244.7371972540919,10.291979351085729,7.583129298823479,5.516461669297428,0.8471692530416814,150.0,114.17150902555795,best_features,0.00625
1,100.0,150.0,243.72272791968018,0.8700792681834457,0.7117155510127873,0.38325819697176006,0.7361792836222132,150.0,114.17150902555795,best_features,0.00625
2,150.0,200.0,243.54572345047694,0.2626032340368738,0.2219364308508318,0.1964959879977932,0.7037996228495027,150.0,114.17150902555795,best_features,0.00625
3,200.0,250.0,243.6524346723589,0.29288309766184284,0.24837208410519906,0.025655520480771465,0.12443217083963809,150.0,114.17150902555795,best_features,0.00625
0,50.0,100.0,298.12022500582026,11.385828215828099,11.006620362387252,4.968762181309029,0.7829416640985662,200.0,152.16154020295048,best_features,0.00625
1,100.0,150.0,291.3138657759936,0.7581116908659169,0.5566476445400212,0.4729019421459633,0.8423650206141013,200.0,152.16154020295048,best_features,0.00625
2,150.0,200.0,291.5710210076359,0.5469326998075417,0.472368449330304,0.2425087708189733,0.8437695464654358,200.0,152.16154020295048,best_features,0.00625
3,200.0,250.0,291.9962407216729,0.5347419312410011,0.4713523049774153,0.2448021407802707,0.8365924282066122,200.0,152.16154020295048,best_features,0.00625
0,50.0,100.0,331.4146307690374,35.19994008444888,34.78189697767522,13.4585339946184,0.9848316607306862,250.0,189.60094286792295,best_features,0.00625
1,100.0,150.0,320.54711941332596,4.053325067676894,3.564322147266182,1.7124379442567066,0.972011404654462,250.0,189.60094286792295,best_features,0.00625
2,150.0,200.0,321.0737220902849,0.43332638343878216,0.3119078203649224,0.29214415315207926,0.6780011735892343,250.0,189.60094286792295,best_features,0.00625
3,200.0,250.0,321.2513404099553,0.2665526529468707,0.24666602134834648,0.08682639904041632,0.2357607534016568,250.0,189.60094286792295,best_features,0.00625
0,50.0,100.0,238.8050059164217,383.2319456143594,355.5504012684961,262.72753024220304,0.6322711282613667,300.0,228.15229898524512,best_features,0.00625
1,100.0,150.0,218.31331743637588,178.3147945136352,172.88191829751167,155.77588968646313,0.8907894884680663,300.0,228.15229898524512,best_features,0.00625
2,150.0,200.0,255.31809461249642,270.56665385530954,204.55739948923534,178.39115069256368,0.7745537050901956,300.0,228.15229898524512,best_features,0.00625
3,200.0,250.0,234.03900173117742,295.66331836947484,280.9754485051932,199.7263638911679,0.8259038596522715,300.0,228.15229898524512,best_features,0.00625
0,50.0,100.0,205.1615706661323,356.2635626214605,347.0763702414948,223.14635929704946,0.9312080944810405,350.0,266.70376233691485,best_features,0.00625
1,100.0,150.0,243.1692481356601,349.17542205137875,328.7631462087047,301.7852196083368,0.8207431525730043,350.0,266.70376233691485,best_features,0.00625
2,150.0,200.0,255.34867811806964,211.15690853614296,204.7694582435926,192.53354530926725,0.9470823343678214,350.0,266.70376233691485,best_features,0.00625
3,200.0,250.0,243.47470467561232,372.99590087144605,361.7248004176967,338.26168265377856,0.8332442283554042,350.0,266.70376233691485,best_features,0.00625
0,50.0,100.0,238.8273367564343,378.99878849062964,362.3408453914024,205.20396374715756,0.8074371918273243,400.0,303.2005083702369,best_features,0.00625
1,100.0,150.0,207.10602769636873,361.77054940537016,345.7741283764673,226.54069318381855,0.7137680815361371,400.0,303.2005083702369,best_features,0.00625
2,150.0,200.0,212.66638589455005,378.86604980370794,366.1331080630802,305.32060416713745,0.7057799583535546,400.0,303.2005083702369,best_features,0.00625
3,200.0,250.0,220.2723488309912,379.7524739546575,365.27988456720584,318.0164431152062,0.7231486872846271,400.0,303.2005083702369,best_features,0.00625
0,50.0,100.0,204.56560423115235,391.32367058543633,376.03369301170125,303.95128437304686,0.6820865523458122,450.0,341.5718172250129,best_features,0.00625
1,100.0,150.0,205.16999984016695,391.35612483805977,379.1155071501744,303.94655092511493,0.6769237777523666,450.0,341.5718172250129,best_features,0.00625
2,150.0,200.0,204.45106348087475,392.07867381528905,379.11818277089844,299.5467282894413,0.6702502194099176,450.0,341.5718172250129,best_features,0.00625
3,200.0,250.0,203.65016986221318,391.5100244163598,375.37315223429727,294.3704710358952,0.6214202503605737,450.0,341.5718172250129,best_features,0.00625
0,50.0,100.0,183.61510526123652,386.8062842166462,372.6952537667304,266.8260313992207,0.5534078603089287,500.0,380.88580812995247,best_features,0.00625
1,100.0,150.0,207.87376406546716,385.4598257082236,371.10148437078414,277.5050127113554,0.60794103997056,500.0,380.88580812995247,best_features,0.00625
2,150.0,200.0,184.29978465381942,384.8699030921271,368.3107532278633,267.85395103428306,0.5926764484627939,500.0,380.88580812995247,best_features,0.00625
3,200.0,250.0,204.35404691775238,384.5959195889799,367.5550950391244,284.6982155105001,0.5943590916855306,500.0,380.88580812995247,best_features,0.00625
0,50.0,100.0,191.65212068351644,370.0878537437611,341.8970500073147,228.51386597471233,0.5237354299844917,550.0,419.0559644140832,best_features,0.00625
1,100.0,150.0,171.2720026399271,298.4532199661953,245.03254684319074,114.87865401182967,0.22307660280226083,550.0,419.0559644140832,best_features,0.00625
2,150.0,200.0,178.77408797764463,362.383612570545,344.6678303057517,181.69696110634905,0.3231679742246699,550.0,419.0559644140832,best_features,0.00625
3,200.0,250.0,160.64761419945876,273.65994031276404,248.59123675030048,193.68275571227596,0.7135852187800014,550.0,419.0559644140832,best_features,0.00625
0,50.0,100.0,148.14280984605443,277.3894515419768,266.4266727661045,249.44058924013115,0.8145492184823211,600.0,457.8085803363978,best_features,0.00625
1,100.0,150.0,156.61851218778457,274.3741766919261,268.8674547250544,254.10222025675068,0.8305967917412913,600.0,457.8085803363978,best_features,0.00625
2,150.0,200.0,139.47170963842137,274.4929070026586,267.2521615359475,257.2401680227473,0.8068947229562652,600.0,457.8085803363978,best_features,0.00625
3,200.0,250.0,141.61956323852843,272.7989957591172,266.590457559992,247.21490537712117,0.8252916314258258,600.0,457.8085803363978,best_features,0.00625
0,50.0,100.0,142.33816397588487,242.89842666777253,237.37119801137345,229.60706898815596,0.8388344947215007,650.0,494.4853744265939,best_features,0.00625
1,100.0,150.0,142.28326253437498,238.90019713022696,233.69397409381074,218.79117858957423,0.8455537974786022,650.0,494.4853744265939,best_features,0.00625
2,150.0,200.0,130.28193843980847,238.30795586684596,232.47032902062293,217.13667499127425,0.8412785630668012,650.0,494.4853744265939,best_features,0.00625
3,200.0,250.0,134.28239445153736,238.0725184236613,233.64166328140362,225.78255131024846,0.8432562631240981,650.0,494.4853744265939,best_features,0.00625
0,50.0,100.0,131.62360071684833,201.01655370660012,188.23443689747938,182.2508922406666,0.8786333229931304,700.0,532.8566832813709,best_features,0.00625
1,100.0,150.0,134.00587299706203,189.5265140631861,186.08114730334285,182.83656132664552,0.8871973299602741,700.0,532.8566832813709,best_features,0.00625
2,150.0,200.0,123.1746612826664,187.70854828741824,184.78038016043192,179.8965020597966,0.8884549528143783,700.0,532.8566832813709,best_features,0.00625
3,200.0,250.0,128.7479659977074,187.09448278173753,182.88958237369994,176.8792426223235,0.8887148652796308,700.0,532.8566832813709,best_features,0.00625
0,50.0,100.0,124.4939758970842,132.79501244960971,125.2728340698192,126.56253466726041,0.9375860695949387,750.0,570.0736739678696,best_features,0.00625
1,100.0,150.0,123.31529315329452,122.4688273397205,119.69763944546044,120.03592520001598,0.9485357408261333,750.0,570.0736739678696,best_features,0.00625
2,150.0,200.0,120.37073892075196,119.366407157565,116.88398049597832,117.26714455676063,0.9510077897926976,750.0,570.0736739678696,best_features,0.00625
3,200.0,250.0,120.29749925090081,118.51257854616384,116.42501873848839,118.3142108527013,0.9483793488445363,750.0,570.0736739678696,best_features,0.00625
0,50.0,100.0,116.94338143305784,76.96375499497007,61.01791039249119,55.815322487160294,0.9002100014157091,800.0,606.2950294894458,best_features,0.00625
1,100.0,150.0,115.76823887639064,34.26530743817936,26.143861797483112,24.56788011160731,0.926552401731996,800.0,606.2950294894458,best_features,0.00625
2,150.0,200.0,115.07564491229031,13.479906180569401,10.475960610311972,9.274832782259358,0.9070518759263297,800.0,606.2950294894458,best_features,0.00625
3,200.0,250.0,115.4242307733802,4.395709343953214,3.6215674532358975,3.1130098525167194,0.8839832185134634,800.0,606.2950294894458,best_features,0.00625
0,50.0,100.0,110.25616708802369,34.74862603998173,22.815189063762475,11.990014637792747,0.37084560001498923,850.0,645.4819548424252,best_features,0.00625
1,100.0,150.0,109.64989362627495,1.9620809333930822,1.3763437700489476,1.0203818218901737,0.7179241455430074,850.0,645.4819548424252,best_features,0.00625
2,150.0,200.0,109.61331461292372,0.4382964196036738,0.29465237848550885,0.149371742908002,0.2975116442747643,850.0,645.4819548424252,best_features,0.00625
3,200.0,250.0,109.53491687529359,0.5616598580710672,0.4783232331474636,0.3138029670219799,0.5351608126594833,850.0,645.4819548424252,best_features,0.00625
0,50.0,100.0,104.9043658844764,15.29020938182586,7.762931277973124,4.0880557576505785,0.3808822811419501,900.0,682.444649204679,best_features,0.00625
1,100.0,150.0,104.75151302166925,0.5518713752869786,0.3772585305748777,0.09799592744472599,0.11371930156254362,900.0,682.444649204679,best_features,0.00625
2,150.0,200.0,104.72654691577384,0.5074573816656454,0.36165137981549833,0.15649639941477306,0.24091767029921762,900.0,682.444649204679,best_features,0.00625
3,200.0,250.0,104.68071277611078,0.5202768661166033,0.3621150258352799,0.07394060856183424,0.05735145092753968,900.0,682.444649204679,best_features,0.00625
0,50.0,100.0,100.17908420041152,4.763522296588533,1.9326298595228906,0.1851152850572422,0.009540032873521342,950.0,721.2714260182299,best_features,0.00625
1,100.0,150.0,100.05044483360854,0.5537054304210898,0.39170959528036065,0.08132701469887114,0.04990547189982908,950.0,721.2714260182299,best_features,0.00625
2,150.0,200.0,100.01996242389137,0.4960576200604976,0.36311008184375737,0.10087962727534365,0.09626878008530226,950.0,721.2714260182299,best_features,0.00625
3,200.0,250.0,100.06628121120082,0.49304693858813664,0.30119251732142516,0.04572616001362308,0.018392634170638633,950.0,721.2714260182299,best_features,0.00625
0,50.0,100.0,96.25712898222187,2.0110157904315287,1.0596450684682708,0.10414681443644548,0.008381529660492548,1000.0,756.6243660265701,best_features,0.00625
1,100.0,150.0,96.0227522018843,1.2914930110200515,1.0819384034210202,0.2007798272313371,0.042600595638360605,1000.0,756.6243660265701,best_features,0.00625
2,150.0,200.0,96.02322889449721,1.2137364877146695,0.8855070472646673,0.13061982731700927,0.018412292162366395,1000.0,756.6243660265701,best_features,0.00625
3,200.0,250.0,96.00133707578911,1.1598100849489157,0.8536893048313203,0.11744380650419481,0.010446998228675342,1000.0,756.6243660265701,best_features,0.00625
0,50.0,100.0,88.9817477841119,0.8482194347087528,0.7151230327259555,0.08544216445744295,0.006767606171038776,1100.0,834.7865599618726,best_features,0.00625
1,100.0,150.0,88.84556683061761,0.9129116193997362,0.7021006162032393,0.2921746744461331,0.02643027022482025,1100.0,834.7865599618726,best_features,0.00625
2,150.0,200.0,88.89552598203512,0.8599420127984416,0.6469826267536121,0.1036053426674196,0.014224000966950423,1100.0,834.7865599618726,best_features,0.00625
3,200.0,250.0,88.70727473721254,0.7707213330541691,0.6638269404358823,0.2516956196606714,0.05477243546403643,1100.0,834.7865599618726,best_features,0.00625
0,50.0,100.0,83.05089427868351,1.05990456967794,0.9773581590063145,0.18393131458274795,0.049997133847405006,1200.0,906.8051472486442,best_features,0.00625
1,100.0,150.0,82.93003419813625,0.8845113836103877,0.7892040294875073,0.07810105147466481,0.01069491641042386,1200.0,906.8051472486442,best_features,0.00625
2,150.0,200.0,82.87537963987954,0.98659112228178,0.8780021715846118,0.14426523362665905,0.03186959429073433,1200.0,906.8051472486442,best_features,0.00625
3,200.0,250.0,82.83804850080084,1.0186522658913049,0.8845670374423236,0.05358427984731327,0.00415905909081371,1200.0,906.8051472486442,best_features,0.00625
0,50.0,100.0,93.15631232284473,6.183460544208913,5.310945445266768,4.229631463739494,0.9677766878578281,50.0,37.99008122008859,best_sustained,0.025
1,100.0,150.0,95.58851272739764,0.7503782149323683,0.6212041887838069,0.9349965175179086,0.6438127478857368,50.0,37.99008122008859,best_sustained,0.025
2,150.0,200.0,95.6441263182689,0.19539215077737992,0.1672897907150741,0.38053773330195173,0.15998981115419875,50.0,37.99008122008859,best_sustained,0.025
3,200.0,250.0,95.90204242802167,0.441030330299057,0.40580723342363,0.3074446333587502,0.3266869716789689,50.0,37.99008122008859,best_sustained,0.025
0,50.0,100.0,174.899582716606,12.906343142784806,10.741885627371659,10.9822474983137,0.9908108576794139,100.0,76.17083384633712,best_sustained,0.025
1,100.0,150.0,178.53440716334418,0.6607764624176582,0.5707932496079593,0.4716578844032928,0.6480252738077966,100.0,76.17083384633712,best_sustained,0.025
2,150.0,200.0,178.70299985257773,0.19998839321010564,0.17383407949424168,0.237613591531122,0.059692076941831096,100.0,76.17083384633712,best_sustained,0.025
3,200.0,250.0,178.77971985450964,0.3583283984966954,0.3155830074564392,0.38533078551364675,0.14304859233034795,100.0,76.17083384633712,best_sustained,0.025
0,50.0,100.0,242.76334295849247,10.236025484219994,7.68130258284296,4.849755967829568,0.8428024464183753,150.0,114.17150902555795,best_sustained,0.025
1,100.0,150.0,243.54374440663102,0.33332432103722454,0.27966285278404257,0.22252180995403759,0.5741639811760804,150.0,114.17150902555795,best_sustained,0.025
2,150.0,200.0,243.62359304626355,0.2724975753458523,0.22812868042612422,0.19878882409159856,0.6787756264115268,150.0,114.17150902555795,best_sustained,0.025
3,200.0,250.0,243.7147459642865,0.26798322612185643,0.22680880634084133,0.016585817088985627,0.059311514247316066,150.0,114.17150902555795,best_sustained,0.025
0,50.0,100.0,294.37898927163735,6.318241014610578,6.170742061588214,3.543673824713153,0.7290150430780054,200.0,152.16154020295048,best_sustained,0.025
1,100.0,150.0,291.41425608658,0.3201664561257189,0.2851857023712796,0.03322575189216201,0.05890269311522678,200.0,152.16154020295048,best_sustained,0.025
2,150.0,200.0,291.5957217713991,0.469178410994175,0.41632805179278876,0.24392923362955615,0.8278938853715277,200.0,152.16154020295048,best_sustained,0.025
3,200.0,250.0,291.88298891794136,0.5767036157725443,0.5031885677325363,0.3046882099032217,0.8953860479386063,200.0,152.16154020295048,best_sustained,0.025
0,50.0,100.0,324.9565949626897,26.317894808387905,26.027288717597628,12.85207420807519,0.9759463162192202,250.0,189.60094286792295,best_sustained,0.025
1,100.0,150.0,318.2203156213932,1.5933220623717261,1.2933286262199886,0.7826766854195141,0.946714326119833,250.0,189.60094286792295,best_sustained,0.025
2,150.0,200.0,318.49501713116376,0.35175632300939697,0.29989302729319434,0.25422743501295975,0.3977935680702359,250.0,189.60094286792295,best_sustained,0.025
3,200.0,250.0,318.61806144509194,0.29197499473087873,0.2651071140408021,0.16151814070192977,0.47509320807601874,250.0,189.60094286792295,best_sustained,0.025
0,50.0,100.0,240.55522401737935,367.87440931251496,366.47149145801694,271.90052513629155,0.5068009989078787,300.0,228.15229898524512,best_sustained,0.025
1,100.0,150.0,217.91840356416154,368.307234683746,367.37548176919387,336.99386836771816,0.7270580616344527,300.0,228.15229898524512,best_sustained,0.025
2,150.0,200.0,223.40054853890288,368.6945769903233,366.3389943808799,327.76111299397974,0.7848592412076525,300.0,228.15229898524512,best_sustained,0.025
3,200.0,250.0,233.49110543719655,368.6088535639908,366.6889230229593,299.41291805531284,0.698383043015405,300.0,228.15229898524512,best_sustained,0.025
0,50.0,100.0,197.35211604666537,392.93574397402676,390.1944523490945,363.64156463700016,0.8002066131120241,350.0,266.70376233691485,best_sustained,0.025
1,100.0,150.0,258.20246346333465,393.26993903432475,391.4718957585302,355.55843713520534,0.7923229578597227,350.0,266.70376233691485,best_sustained,0.025
2,150.0,200.0,195.50170985824124,393.4470662997799,393.1015819579436,403.574229794159,0.7452069911562411,350.0,266.70376233691485,best_sustained,0.025
3,200.0,250.0,224.18232458365645,393.67902995393115,390.56549142412325,340.37952670818686,0.7702065008105667,350.0,266.70376233691485,best_sustained,0.025
0,50.0,100.0,226.5891635505247,409.78158023096324,402.31774952124874,365.60649700834006,0.8159236462159671,400.0,303.2005083702369,best_sustained,0.025
1,100.0,150.0,185.97526035267177,410.5627498650162,408.6391935960207,417.4846924172738,0.776063682465406,400.0,303.2005083702369,best_sustained,0.025
2,150.0,200.0,255.95884856968084,410.476180580985,409.2126790816324,377.9623476762125,0.7604944655371656,400.0,303.2005083702369,best_sustained,0.025
3,200.0,250.0,168.13763277402563,410.8747139867998,404.4305393048125,387.23496459935006,0.8031751282596911,400.0,303.2005083702369,best_sustained,0.025
0,50.0,100.0,223.99841678656733,422.10205697481456,419.30907053358055,414.4418561001278,0.7742754544220911,450.0,341.5718172250129,best_sustained,0.025
1,100.0,150.0,202.72053637464873,421.3128377485784,411.28227679444876,387.67530753217403,0.8559224868338913,450.0,341.5718172250129,best_sustained,0.025
2,150.0,200.0,176.3878992605422,421.87067936299974,419.02532855422044,415.0123097755733,0.7799576988527932,450.0,341.5718172250129,best_sustained,0.025
3,200.0,250.0,196.28016944066118,422.1751140729942,419.47854198101004,415.35110542521346,0.7853298273180196,450.0,341.5718172250129,best_sustained,0.025
0,50.0,100.0,191.11114298523935,426.8460040164611,424.5451134511509,418.19498252533157,0.7736270220341132,500.0,380.88580812995247,best_sustained,0.025
1,100.0,150.0,192.5771884443758,427.4991230316149,424.26167484016236,414.4573712867967,0.8019938385538703,500.0,380.88580812995247,best_sustained,0.025
2,150.0,200.0,198.46941062126098,427.8960197376061,422.7902108031701,415.3485839579132,0.8179342635894524,500.0,380.88580812995247,best_sustained,0.025
3,200.0,250.0,201.44577326405476,427.60496063669643,421.62260695521,417.50661958640273,0.7910988142900016,500.0,380.88580812995247,best_sustained,0.025
0,50.0,100.0,181.77704823959408,425.6297273694172,422.33969983884,406.8279318623917,0.7759333820938366,550.0,419.0559644140832,best_sustained,0.025
1,100.0,150.0,182.2868857942875,426.6224997674816,419.5174785737968,399.4789785453719,0.8176505305844544,550.0,419.0559644140832,best_sustained,0.025
2,150.0,200.0,189.0673851520257,426.04201127322415,415.46008731315203,404.7185649403634,0.801915772286902,550.0,419.0559644140832,best_sustained,0.025
3,200.0,250.0,187.029967032789,424.42078980526077,422.11484196863137,413.19615653860706,0.8025274213022057,550.0,419.0559644140832,best_sustained,0.025
0,50.0,100.0,188.0997589157366,420.4339017822688,409.999091126871,396.67335062900764,0.8135361232361744,600.0,457.8085803363978,best_sustained,0.025
1,100.0,150.0,171.8642612271025,417.8931134357182,413.9754515863612,416.12256699380464,0.7483137440197957,600.0,457.8085803363978,best_sustained,0.025
2,150.0,200.0,153.24826239781257,418.1761400074713,406.89849308368355,389.6203239919007,0.8136072693196366,600.0,457.8085803363978,best_sustained,0.025
3,200.0,250.0,162.23066502167197,417.9474309728549,411.3531360359343,390.5954059898506,0.7912049808639041,600.0,457.8085803363978,best_sustained,0.025
0,50.0,100.0,171.9674330428078,405.42140173697015,398.6234526782859,396.3794734450161,0.7848043921514878,650.0,494.4853744265939,best_sustained,0.025
1,100.0,150.0,140.82574874024655,401.3856922209938,389.066044253644,372.3501107857868,0.8275537598525635,650.0,494.4853744265939,best_sustained,0.025
2,150.0,200.0,184.98446469292057,401.36809456322175,396.5195061221321,385.96695561595766,0.7993153262931658,650.0,494.4853744265939,best_sustained,0.025
3,200.0,250.0,139.2694339077743,401.1535930013652,394.2367159348929,374.40645325053055,0.7769899320589135,650.0,494.4853744265939,best_sustained,0.025
0,50.0,100.0,142.80712236337885,381.0806607200666,374.596759912171,360.93713911254434,0.7784040902117981,700.0,532.8566832813709,best_sustained,0.025
1,100.0,150.0,165.53649736802797,375.1307646820735,371.01510166572865,358.5449418159266,0.7714564854665982,700.0,532.8566832813709,best_sustained,0.025
2,150.0,200.0,130.52535485206556,371.24070935079504,368.7022987800419,345.05731433758797,0.7908156621854181,700.0,532.8566832813709,best_sustained,0.025
3,200.0,250.0,157.56740321776243,374.07045763273743,366.45239177567214,364.93810411994565,0.7995625733228988,700.0,532.8566832813709,best_sustained,0.025
0,50.0,100.0,133.31972881578736,339.8123942828051,335.09651275959885,319.24550177520865,0.7813419339682884,750.0,570.0736739678696,best_sustained,0.025
1,100.0,150.0,135.30583373295664,341.1951995374634,335.6230781803493,322.81791697569264,0.8101411831913367,750.0,570.0736739678696,best_sustained,0.025
2,150.0,200.0,137.9294989250031,338.3887418437924,335.8971998582539,329.3456394238095,0.7876227538188946,750.0,570.0736739678696,best_sustained,0.025
3,200.0,250.0,134.81303058998282,340.28646415430484,335.1240286401818,324.17490705714874,0.7886351386272629,750.0,570.0736739678696,best_sustained,0.025
0,50.0,100.0,122.91769799249447,299.9488185494796,296.67664843723554,291.5325468138859,0.8259316739285137,800.0,606.2950294894458,best_sustained,0.025
1,100.0,150.0,126.89412511800468,299.5354755249919,294.683988285008,290.41178739192594,0.8186561672560929,800.0,606.2950294894458,best_sustained,0.025
2,150.0,200.0,139.2339258775959,298.6391183980544,295.7033180671395,289.34210666992226,0.8341939353184957,800.0,606.2950294894458,best_sustained,0.025
3,200.0,250.0,133.93684477976026,300.23388220718573,297.3618242381648,302.336870869205,0.7993381357372138,800.0,606.2950294894458,best_sustained,0.025
0,50.0,100.0,125.64567498928552,254.5139234753906,250.29499642173167,249.57151897971525,0.8502761703182761,850.0,645.4819548424252,best_sustained,0.025
1,100.0,150.0,114.48490200198644,253.52129980309843,251.04822784459543,256.134951693813,0.849107686213284,850.0,645.4819548424252,best_sustained,0.025
2,150.0,200.0,132.2081493773816,253.0452561253086,250.5395407852056,258.1674294711378,0.8484350517276688,850.0,645.4819548424252,best_sustained,0.025
3,200.0,250.0,117.08588099581752,252.22971815283026,248.2193529686481,246.92094854687053,0.8562262906221811,850.0,645.4819548424252,best_sustained,0.025
0,50.0,100.0,119.9617608591827,118.23333148755486,71.98055959727894,16.733345608513844,0.0783508360386489,900.0,682.444649204679,best_sustained,0.025
1,100.0,150.0,118.23814370034465,0.19658354211506435,0.17163567230940657,0.0354581029151941,0.050135918797099555,900.0,682.444649204679,best_sustained,0.025
2,150.0,200.0,118.22392496790042,0.22394115133417358,0.17693400875145926,0.05114719630255572,0.09167630747186228,900.0,682.444649204679,best_sustained,0.025
3,200.0,250.0,118.24204094539235,0.22049477943436102,0.196242921476383,0.0817795220660215,0.16885971580825998,900.0,682.444649204679,best_sustained,0.025
0,50.0,100.0,115.19850765399872,1.0870694513592412,0.9856532626315868,0.19630321665119457,0.118325337500227,950.0,721.2714260182299,best_sustained,0.025
1,100.0,150.0,115.29491082378496,0.2519642670584403,0.2105803253596008,0.054123899966575746,0.05813501026505119,950.0,721.2714260182299,best_sustained,0.025
2,150.0,200.0,115.27861966378781,0.23232991996840724,0.18453437657797167,0.04688457899997239,0.05968972290541086,950.0,721.2714260182299,best_sustained,0.025
3,200.0,250.0,115.28785309583138,0.2427219144559558,0.21009992904180308,0.04580716538771259,0.04248660569453244,950.0,721.2714260182299,best_sustained,0.025
0,50.0,100.0,107.07532836521327,1.054562000952501,0.7044778648076004,0.37180991804279473,0.15266032486906844,1000.0,756.6243660265701,best_sustained,0.025
1,100.0,150.0,107.02868021160877,0.8202199688795702,0.7084721325557126,0.23998237382894377,0.08194773871605865,1000.0,756.6243660265701,best_sustained,0.025
2,150.0,200.0,107.02138707181933,0.6897226844091477,0.5446414613193582,0.1616350000359558,0.03793662582947621,1000.0,756.6243660265701,best_sustained,0.025
3,200.0,250.0,107.02377895771464,0.6253131495460877,0.5676353850374625,0.04818540694084734,0.002881946890483822,1000.0,756.6243660265701,best_sustained,0.025
0,50.0,100.0,103.5707383389369,0.4712267277500928,0.3976495936192208,0.14240872968857984,0.028352059003312835,1100.0,834.7865599618726,best_sustained,0.025
1,100.0,150.0,103.53817039390853,0.5232987283122839,0.42048912856392917,0.14617831543587675,0.06645741895809232,1100.0,834.7865599618726,best_sustained,0.025
2,150.0,200.0,103.55069155648795,0.5930971621606886,0.41897031273569496,0.3319967405042137,0.11734232113475895,1100.0,834.7865599618726,best_sustained,0.025
3,200.0,250.0,103.55549589379429,0.49844063929047877,0.44765419016395924,0.19689378990898687,0.031022824042210573,1100.0,834.7865599618726,best_sustained,0.025
0,50.0,100.0,97.11576237628589,0.73357718213407,0.5744714057947675,0.17384366998207143,0.10267763626739634,1200.0,906.8051472486442,best_sustained,0.025
1,100.0,150.0,97.0993824138894,0.580436404559407,0.49087973285791975,0.05333545523162891,0.012150071799270745,1200.0,906.8051472486442,best_sustained,0.025
2,150.0,200.0,97.10806081843944,0.6967403134577665,0.5467349819318059,0.1251343157849092,0.05815105512863383,1200.0,906.8051472486442,best_sustained,0.025
3,200.0,250.0,97.08939169170357,0.7083342774371886,0.5900414157553087,0.04642948881774596,0.007589297487263891,1200.0,906.8051472486442,best_sustained,0.025
0,50.0,100.0,93.15873629437209,6.1844216708240225,5.310831080413379,4.184703338878745,0.9674254728386978,50.0,37.99008122008859,best_sustained,0.0125
1,100.0,150.0,95.59527368336465,0.7588122856220423,0.6302089684487555,0.9295556215133873,0.651453696627923,50.0,37.99008122008859,best_sustained,0.0125
2,150.0,200.0,95.65665327854116,0.19459494686245193,0.16711736281435208,0.3746716310222104,0.15793011604193408,50.0,37.99008122008859,best_sustained,0.0125
3,200.0,250.0,95.91516766718456,0.4414624658188302,0.4057518454252005,0.30421357892071443,0.3266550200466901,50.0,37.99008122008859,best_sustained,0.0125
0,50.0,100.0,174.899795803551,12.901604570207724,10.740458838983216,10.544137844709466,0.9902548757513598,100.0,76.17083384633712,best_sustained,0.0125
1,100.0,150.0,178.53265925742505,0.6726675916661691,0.575158762017594,0.43174623691925185,0.6231651374948852,100.0,76.17083384633712,best_sustained,0.0125
2,150.0,200.0,178.72245748876014,0.1983343728090574,0.17108048408991294,0.23115218172673224,0.0633331212535494,100.0,76.17083384633712,best_sustained,0.0125
3,200.0,250.0,178.80136319425782,0.35634655156908934,0.3137255868765294,0.3665713943357496,0.14331319820264088,100.0,76.17083384633712,best_sustained,0.0125
0,50.0,100.0,242.7604858084027,10.232553511853467,7.679665688162061,4.840210368377045,0.8419391633062817,150.0,114.17150902555795,best_sustained,0.0125
1,100.0,150.0,243.5383320091482,0.35071398354889993,0.29047667943936517,0.22363045732133158,0.5870740942833814,150.0,114.17150902555795,best_sustained,0.0125
2,150.0,200.0,243.64372808922988,0.2672225759212665,0.2248325519183254,0.18992131897066356,0.6604424984910665,150.0,114.17150902555795,best_sustained,0.0125
3,200.0,250.0,243.7391802918707,0.2680875611095246,0.22786890022672424,0.016009325378727828,0.055564205073518225,150.0,114.17150902555795,best_sustained,0.0125
0,50.0,100.0,294.3737488299554,6.306588303468914,6.160209918195676,3.5559542949523646,0.7296635040837951,200.0,152.16154020295048,best_sustained,0.0125
1,100.0,150.0,291.40548168822073,0.31781207015075097,0.2819283048597754,0.029326874237369228,0.05423581118262211,200.0,152.16154020295048,best_sustained,0.0125
2,150.0,200.0,291.6114478592451,0.44527699238886953,0.4007801747379176,0.22441141339167014,0.7951817759915031,200.0,152.16154020295048,best_sustained,0.0125
3,200.0,250.0,291.8808514938859,0.5607295792116247,0.49131387591978637,0.2973186976477288,0.887253674261428,200.0,152.16154020295048,best_sustained,0.0125
0,50.0,100.0,324.9647321880112,26.246875879054755,25.95636366252677,12.862183663735212,0.975597428521246,250.0,189.60094286792295,best_sustained,0.0125
1,100.0,150.0,318.2513261321864,1.5838747419056176,1.2872236241380506,0.7758719117065634,0.9458314778361316,250.0,189.60094286792295,best_sustained,0.0125
2,150.0,200.0,318.5296998822275,0.35056422501287443,0.29796331419458966,0.24805049437793636,0.4010356283323314,250.0,189.60094286792295,best_sustained,0.0125
3,200.0,250.0,318.65614940695525,0.27692485864957916,0.25499097478859767,0.15265654985750532,0.4399880176970733,250.0,189.60094286792295,best_sustained,0.0125
0,50.0,100.0,240.1827563978351,367.82441740232923,366.6764695421194,276.2078048299104,0.5230082690896977,300.0,228.15229898524512,best_sustained,0.0125
1,100.0,150.0,218.08201127166365,368.09356502101843,367.0857211773529,337.57585329846637,0.7439822729756875,300.0,228.15229898524512,best_sustained,0.0125
2,150.0,200.0,223.14778201425872,368.5422602805277,366.37319073829843,321.69808327509645,0.7847416169128275,300.0,228.15229898524512,best_sustained,0.0125
3,200.0,250.0,233.93096223595313,368.6213850472331,365.92523982703324,303.31928231675766,0.6825269664449911,300.0,228.15229898524512,best_sustained,0.0125
0,50.0,100.0,196.90931654624146,392.63639277608087,389.9436001226641,361.29078752795607,0.8079300168944417,350.0,266.70376233691485,best_sustained,0.0125
1,100.0,150.0,259.1507889154383,393.02434290221197,391.71146083606664,356.23843785497536,0.7980362437700115,350.0,266.70376233691485,best_sustained,0.0125
2,150.0,200.0,190.39644706409896,393.30456077234317,392.3538757533378,393.21862154294354,0.7396560578390254,350.0,266.70376233691485,best_sustained,0.0125
3,200.0,250.0,233.2706255437865,393.7027020280655,390.45842302676834,335.4417757532572,0.7646013001715678,350.0,266.70376233691485,best_sustained,0.0125
0,50.0,100.0,232.85324567816636,409.7694484820524,403.6444770619529,362.512990352506,0.8104351348338393,400.0,303.2005083702369,best_sustained,0.0125
1,100.0,150.0,184.49507298869918,410.3003471786632,408.3893281973945,415.4847711639749,0.7672602352329252,400.0,303.2005083702369,best_sustained,0.0125
2,150.0,200.0,249.27639595585995,410.36142460313766,409.26441537621275,392.00127388492507,0.7391055571133361,400.0,303.2005083702369,best_sustained,0.0125
3,200.0,250.0,183.14060103980682,410.51238076797966,405.174977054228,379.2390353660022,0.8106809624832978,400.0,303.2005083702369,best_sustained,0.0125
0,50.0,100.0,221.17465061407896,421.53915633745896,418.36514439773,414.5541371281487,0.7700349599202538,450.0,341.5718172250129,best_sustained,0.0125
1,100.0,150.0,213.4520402568538,421.2378905004359,415.880755217018,385.5135982343883,0.8367152876022221,450.0,341.5718172250129,best_sustained,0.0125
2,150.0,200.0,179.34174789910338,421.9277474003507,414.8530741121849,399.96855848432904,0.7563772373176878,450.0,341.5718172250129,best_sustained,0.0125
3,200.0,250.0,190.29863263106483,421.80665944595046,417.6871595593383,419.25725076577856,0.7751013864563696,450.0,341.5718172250129,best_sustained,0.0125
0,50.0,100.0,194.4753765712294,427.65692382474634,422.1740798570328,416.3827441799947,0.795035910485405,500.0,380.88580812995247,best_sustained,0.0125
1,100.0,150.0,192.20826528910064,426.19108556307737,423.7996289483349,415.7964897556407,0.7813106292487375,500.0,380.88580812995247,best_sustained,0.0125
2,150.0,200.0,198.15106576729835,427.2728193702615,420.7465931054357,412.9151589401239,0.7949854213097919,500.0,380.88580812995247,best_sustained,0.0125
3,200.0,250.0,194.2559162973588,426.3086002247211,423.3890776427693,410.6079999935127,0.7885504839138634,500.0,380.88580812995247,best_sustained,0.0125
0,50.0,100.0,184.68404222462974,426.960856444786,418.94883556263704,398.9972210097424,0.8179179848284148,550.0,419.0559644140832,best_sustained,0.0125
1,100.0,150.0,186.6388590557248,425.62956922727034,421.5865831150274,398.12685556140366,0.8009467982376424,550.0,419.0559644140832,best_sustained,0.0125
2,150.0,200.0,194.1138256908156,425.19423902666153,417.56957053197704,414.4743911562703,0.8049061092399757,550.0,419.0559644140832,best_sustained,0.0125
3,200.0,250.0,191.50952063350368,425.97363144726614,423.08695580076784,409.30005013137213,0.7832987023856461,550.0,419.0559644140832,best_sustained,0.0125
0,50.0,100.0,194.31909507811568,416.1529970724809,413.8831644471839,402.19390013349454,0.8012242056101508,600.0,457.8085803363978,best_sustained,0.0125
1,100.0,150.0,158.07053377342575,416.69466539311435,413.796338716608,402.2296034064238,0.7494220505973621,600.0,457.8085803363978,best_sustained,0.0125
2,150.0,200.0,152.553277060098,417.0365461509665,409.6396229572473,382.20827974868826,0.804964891199714,600.0,457.8085803363978,best_sustained,0.0125
3,200.0,250.0,175.46730671175183,416.8745180245622,409.13474152362625,383.30286750756403,0.7937616098885749,600.0,457.8085803363978,best_sustained,0.0125
0,50.0,100.0,171.57093744585046,402.3127484918153,397.8388415363652,398.73450590248393,0.7861332717496856,650.0,494.4853744265939,best_sustained,0.0125
1,100.0,150.0,146.9833047532243,400.8488550655359,386.91862520243734,365.57231566286293,0.8098144115161883,650.0,494.4853744265939,best_sustained,0.0125
2,150.0,200.0,180.86307628443504,399.98224417110913,395.53935328968953,389.26712044011236,0.7781905136215289,650.0,494.4853744265939,best_sustained,0.0125
3,200.0,250.0,137.9070645588746,399.69074825660647,389.81004626921003,367.41327205752464,0.8241038636446069,650.0,494.4853744265939,best_sustained,0.0125
0,50.0,100.0,144.65675391764165,378.0504645839341,370.119085385067,363.07034895578477,0.7964816178075688,700.0,532.8566832813709,best_sustained,0.0125
1,100.0,150.0,165.36899846223997,373.8490175020137,369.0979946806682,365.9850023525293,0.7852845560456072,700.0,532.8566832813709,best_sustained,0.0125
2,150.0,200.0,146.82203019745887,372.94184548502204,359.8264956077038,342.5123951975691,0.8273690813317227,700.0,532.8566832813709,best_sustained,0.0125
3,200.0,250.0,139.18746458847002,373.1762326563261,367.8873169587042,360.76122145673713,0.7808720813555332,700.0,532.8566832813709,best_sustained,0.0125
0,50.0,100.0,138.34483337511153,337.14915371873974,334.3609765276529,315.2220276109305,0.7852481591864386,750.0,570.0736739678696,best_sustained,0.0125
1,100.0,150.0,140.55662905789768,338.5117478002856,327.5479523014332,322.13524786695194,0.8170599380154723,750.0,570.0736739678696,best_sustained,0.0125
2,150.0,200.0,137.43529972049328,337.7215349380285,333.11121964281773,319.5185831874461,0.7886196907832549,750.0,570.0736739678696,best_sustained,0.0125
3,200.0,250.0,139.7635884406252,337.70381356166564,331.67635441012465,323.9118183683072,0.818573678456656,750.0,570.0736739678696,best_sustained,0.0125
0,50.0,100.0,121.27793033493572,297.02503348013835,293.529626819047,286.0739442319197,0.8208165339771587,800.0,606.2950294894458,best_sustained,0.0125
1,100.0,150.0,134.55696274545963,296.56377417515154,293.1221408242081,284.63469666251115,0.8460904026194015,800.0,606.2950294894458,best_sustained,0.0125
2,150.0,200.0,142.37460026152934,296.9996526089138,293.0628346890366,299.0783119727316,0.7997927100871076,800.0,606.2950294894458,best_sustained,0.0125
3,200.0,250.0,118.55689299324939,296.47103635656606,293.0958443795863,284.3438100902153,0.8367356656196984,800.0,606.2950294894458,best_sustained,0.0125
0,50.0,100.0,130.79494259048005,249.95470154916435,247.47912110300314,248.71168947952427,0.8595451326613314,850.0,645.4819548424252,best_sustained,0.0125
1,100.0,150.0,112.51502540265176,247.81330637631243,245.05876519052873,245.75339473931595,0.8607956740574494,850.0,645.4819548424252,best_sustained,0.0125
2,150.0,200.0,126.00718950299982,247.19681808967783,245.61294538723212,251.68312819415834,0.8497188882112652,850.0,645.4819548424252,best_sustained,0.0125
3,200.0,250.0,129.63794744103313,246.5298185003599,244.4477121989739,245.49854006109436,0.8663326235087407,850.0,645.4819548424252,best_sustained,0.0125
0,50.0,100.0,122.39536409357373,78.38098237867267,30.915792261312177,10.728969034469436,0.0922022530717036,900.0,682.444649204679,best_sustained,0.0125
1,100.0,150.0,121.01391114383259,0.20550188842705097,0.17739423458004921,0.04213508198100911,0.06811758257541778,900.0,682.444649204679,best_sustained,0.0125
2,150.0,200.0,121.00038129467649,0.22570692675249404,0.17894722803569607,0.050644976961145484,0.08765804441973424,900.0,682.444649204679,best_sustained,0.0125
3,200.0,250.0,121.01717196340236,0.22361657492997722,0.1928220552499198,0.080382609994457,0.1613373269906032,900.0,682.444649204679,best_sustained,0.0125
0,50.0,100.0,114.67961391498707,0.6490422864039544,0.5343344713205624,0.0833865314655405,0.06898639148240493,950.0,721.2714260182299,best_sustained,0.0125
1,100.0,150.0,114.71765905862829,0.24962478424826884,0.2083751728157779,0.052291859750362595,0.05476060043336595,950.0,721.2714260182299,best_sustained,0.0125
2,150.0,200.0,114.70125256551141,0.237284539309087,0.18783907525720167,0.05020333251726151,0.0671885557022871,950.0,721.2714260182299,best_sustained,0.0125
3,200.0,250.0,114.71071637062141,0.24486764517354231,0.2138408934346785,0.04625285900949162,0.042930411685879855,950.0,721.2714260182299,best_sustained,0.0125
0,50.0,100.0,107.08568615945505,0.9659149778075147,0.6487936939539054,0.3099638646160008,0.11962695146849767,1000.0,756.6243660265701,best_sustained,0.0125
1,100.0,150.0,107.04696348719763,0.8191768866250726,0.709490627267499,0.23526302261278545,0.08111494995613422,1000.0,756.6243660265701,best_sustained,0.0125
2,150.0,200.0,107.04028784678266,0.6931499669209131,0.5465909164193761,0.16109947734425517,0.03843997126610499,1000.0,756.6243660265701,best_sustained,0.0125
3,200.0,250.0,107.0427338346362,0.6311320526751558,0.5685910100195741,0.04431290918124135,0.0026235646198964346,1000.0,756.6243660265701,best_sustained,0.0125
0,50.0,100.0,103.7642552445334,0.4721133468129892,0.3967790268984288,0.13809492243491805,0.02673782254236934,1100.0,834.7865599618726,best_sustained,0.0125
1,100.0,150.0,103.72865045273166,0.5307269327529127,0.42495217787444517,0.1443862632274951,0.06471480380171812,1100.0,834.7865599618726,best_sustained,0.0125
2,150.0,200.0,103.74252433631447,0.5995495879751758,0.426048364330498,0.3350209834430743,0.1172923045646066,1100.0,834.7865599618726,best_sustained,0.0125
3,200.0,250.0,103.74661416032872,0.5036932662658984,0.4524594337582073,0.20354262209583265,0.03248824661784444,1100.0,834.7865599618726,best_sustained,0.0125
0,50.0,100.0,97.0902156766699,0.7363487961625736,0.575898567934729,0.17517802799940355,0.10385635982925889,1200.0,906.8051472486442,best_sustained,0.0125
1,100.0,150.0,97.07333250559823,0.5795646918162305,0.4923422930043273,0.05207294450854561,0.011576226096010278,1200.0,906.8051472486442,best_sustained,0.0125
2,150.0,200.0,97.0813469101871,0.6967105358575765,0.5476789760380285,0.12426164799315596,0.05733922518117973,1200.0,906.8051472486442,best_sustained,0.0125
3,200.0,250.0,97.06333342969117,0.7082672496791531,0.590475426451178,0.04657573929219049,0.007634830304310336,1200.0,906.8051472486442,best_sustained,0.0125
0,50.0,100.0,93.16267675765565,6.192349087887905,5.316009609234044,4.1819941042205295,0.9681699129576268,50.0,37.99008122008859,best_sustained,0.00625
1,100.0,150.0,95.61568097342314,0.7713888702434986,0.6410015103187447,0.9234894120661021,0.6563517590960046,50.0,37.99008122008859,best_sustained,0.00625
2,150.0,200.0,95.68212338667212,0.19403615331768265,0.1673095860273719,0.37191318168449655,0.1569354089270717,50.0,37.99008122008859,best_sustained,0.00625
3,200.0,250.0,95.94116661686161,0.4416040296351156,0.40560358105535954,0.302021790576343,0.32639848471481303,50.0,37.99008122008859,best_sustained,0.00625
0,50.0,100.0,174.9028183552876,12.906089823529612,10.743280380044752,10.405385612752703,0.9901081086551562,100.0,76.17083384633712,best_sustained,0.00625
1,100.0,150.0,178.55778440299142,0.7048540932203196,0.6089247962778188,0.4469509150050468,0.6342843243968426,100.0,76.17083384633712,best_sustained,0.00625
2,150.0,200.0,178.76607944448378,0.19742540751559545,0.1707221156979415,0.22847606872021703,0.06455995557851812,100.0,76.17083384633712,best_sustained,0.00625
3,200.0,250.0,178.84616800417166,0.35642106488620584,0.31351473814646624,0.36036281330539477,0.14367219620589122,100.0,76.17083384633712,best_sustained,0.00625
0,50.0,100.0,242.76314953980628,10.230526951975634,7.678619625062481,4.860514868471746,0.8447506630881454,150.0,114.17150902555795,best_sustained,0.00625
1,100.0,150.0,243.53943022503609,0.3248604654320957,0.2769612697830155,0.21732622796296241,0.5833725400338201,150.0,114.17150902555795,best_sustained,0.00625
2,150.0,200.0,243.63699782985074,0.2722889888128748,0.2335966358319297,0.19076928355036937,0.6706673799649657,150.0,114.17150902555795,best_sustained,0.00625
3,200.0,250.0,243.75830235672035,0.29364305688272907,0.24978098889607736,0.02468759974333426,0.11465410195325099,150.0,114.17150902555795,best_sustained,0.00625
0,50.0,100.0,294.3697290920164,6.291687148584344,6.146472535555745,3.3968211547652647,0.7204203012580981,200.0,152.16154020295048,best_sustained,0.00625
1,100.0,150.0,291.386449926016,0.2854765504829402,0.24820398950657818,0.015520961352160424,0.020338988078227316,200.0,152.16154020295048,best_sustained,0.00625
2,150.0,200.0,291.5784394015933,0.5102162590594048,0.4434675115126083,0.248972247182494,0.845149847749617,200.0,152.16154020295048,best_sustained,0.00625
3,200.0,250.0,291.9338084341405,0.5371559193544044,0.4702689905586226,0.26322053305987053,0.8606230330800786,200.0,152.16154020295048,best_sustained,0.00625
0,50.0,100.0,324.97544671855815,26.213556874380345,25.923602251524926,12.970484491576643,0.9747879090859192,250.0,189.60094286792295,best_sustained,0.00625
1,100.0,150.0,318.2622802741951,1.5631323341037842,1.270555154095689,0.7712084591882695,0.9456547258032486,250.0,189.60094286792295,best_sustained,0.00625
2,150.0,200.0,318.5972832051519,0.3353054344217412,0.28428852437320984,0.21614630668089155,0.30982655504853585,250.0,189.60094286792295,best_sustained,0.00625
3,200.0,250.0,318.7197410059731,0.2729612129186876,0.2503731046401185,0.1460353540650543,0.4173564155099314,250.0,189.60094286792295,best_sustained,0.00625
0,50.0,100.0,238.91690410007476,367.77661405157664,366.6350978982535,286.4679201231353,0.5356612483168903,300.0,228.15229898524512,best_sustained,0.00625
1,100.0,150.0,216.69684842745207,368.0326376482353,367.0380975228509,342.1931360987388,0.7464874023163657,300.0,228.15229898524512,best_sustained,0.00625
2,150.0,200.0,224.43480527749026,368.5429437720518,365.5685699883593,318.14612299602663,0.7738999773240406,300.0,228.15229898524512,best_sustained,0.00625
3,200.0,250.0,236.29467861066487,368.514860380131,366.3466879165874,301.2505996227014,0.679698451659444,300.0,228.15229898524512,best_sustained,0.00625
0,50.0,100.0,198.12899423645354,392.43553188112554,389.6663135937645,359.9212642013109,0.7963359829412078,350.0,266.70376233691485,best_sustained,0.00625
1,100.0,150.0,261.45327695097694,393.19859554710456,391.93342986658405,355.75092126438676,0.7835247082615473,350.0,266.70376233691485,best_sustained,0.00625
2,150.0,200.0,192.06307133267853,393.4529628763752,391.9660722005261,387.9710555099384,0.746894361637221,350.0,266.70376233691485,best_sustained,0.00625
3,200.0,250.0,234.99114174319323,393.46733579219205,390.46195094724,335.9545178044945,0.7706367079973531,350.0,266.70376233691485,best_sustained,0.00625
0,50.0,100.0,235.4602739438434,409.8561541849741,404.3498710367044,360.9470875647714,0.816809125605674,400.0,303.2005083702369,best_sustained,0.00625
1,100.0,150.0,184.33386055297805,409.9122054962876,409.08168179946614,413.2246264652782,0.748090795667802,400.0,303.2005083702369,best_sustained,0.00625
2,150.0,200.0,247.10512778784567,410.35771533234305,408.0668502805404,395.71273791410454,0.759699853638696,400.0,303.2005083702369,best_sustained,0.00625
3,200.0,250.0,189.48526414248474,410.314769159492,404.2410008900237,374.21545759515624,0.8062541997468987,400.0,303.2005083702369,best_sustained,0.00625
0,50.0,100.0,223.16713171940475,421.6447313138996,417.26926048110676,415.186538628044,0.7573503987686059,450.0,341.5718172250129,best_sustained,0.00625
1,100.0,150.0,216.6891353727862,421.45657293165465,416.2695431916849,382.7953748543478,0.8066610324852319,450.0,341.5718172250129,best_sustained,0.00625
2,150.0,200.0,176.58577281160512,421.3811610112711,416.17828162847263,387.0556509351151,0.7643328194376597,450.0,341.5718172250129,best_sustained,0.00625
3,200.0,250.0,188.91970399962167,421.59490760521686,416.8153681084078,421.36490067925837,0.7727184568444658,450.0,341.5718172250129,best_sustained,0.00625
0,50.0,100.0,191.39405709177976,427.2926964199487,423.6602065812156,417.4891305721064,0.7903354736588901,500.0,380.88580812995247,best_sustained,0.00625
1,100.0,150.0,194.0510945564713,426.8494519639129,421.7201854332753,411.60851995906705,0.7804671431483844,500.0,380.88580812995247,best_sustained,0.00625
2,150.0,200.0,195.71489287205796,427.0952492706853,421.4624225816636,412.6500862288398,0.794262537037322,500.0,380.88580812995247,best_sustained,0.00625
3,200.0,250.0,196.61807229029628,426.87837597915143,422.33404003034053,412.24006926270624,0.7833417894737598,500.0,380.88580812995247,best_sustained,0.00625
0,50.0,100.0,186.0884426290309,426.63668402688364,421.88838580920117,398.68903097634626,0.7887425980717367,550.0,419.0559644140832,best_sustained,0.00625
1,100.0,150.0,192.11710497709643,425.6907436413178,416.88706291466656,400.60693078400647,0.8148760590518404,550.0,419.0559644140832,best_sustained,0.00625
2,150.0,200.0,196.93095306914583,425.01201562163106,421.1850553913443,417.0662988637962,0.7953330203254436,550.0,419.0559644140832,best_sustained,0.00625
3,200.0,250.0,182.29805076377315,425.30610346373527,421.4418008100752,403.6032459942293,0.7443018943103248,550.0,419.0559644140832,best_sustained,0.00625
0,50.0,100.0,201.43754922213284,417.6609612280296,410.80651826333013,405.5891042820992,0.808348142593971,600.0,457.8085803363978,best_sustained,0.00625
1,100.0,150.0,154.23302382584654,416.5782961674338,407.3631260779305,394.50079056473066,0.7960775312119903,600.0,457.8085803363978,best_sustained,0.00625
2,150.0,200.0,158.03673022298028,416.0250337246948,411.40299258358004,385.5432319708457,0.792971891071897,600.0,457.8085803363978,best_sustained,0.00625
3,200.0,250.0,190.02765021081174,415.16081274286995,405.0728984996159,389.66968137757607,0.8024892445624943,600.0,457.8085803363978,best_sustained,0.00625
0,50.0,100.0,168.3573827536115,400.8562944346439,397.0797354652251,396.8490848147242,0.7846272513176815,650.0,494.4853744265939,best_sustained,0.00625
1,100.0,150.0,154.90261934605098,398.50505703017643,387.4372323155085,367.35493541297814,0.8112516628006732,650.0,494.4853744265939,best_sustained,0.00625
2,150.0,200.0,172.42679739418185,399.58912078835397,396.1975251883293,391.5966040543726,0.7830039005485229,650.0,494.4853744265939,best_sustained,0.00625
3,200.0,250.0,149.67659818005004,398.4550393524316,384.4464854844648,368.81495028836724,0.8214653884995516,650.0,494.4853744265939,best_sustained,0.00625
0,50.0,100.0,143.64188546982558,379.45321740949254,369.58174840619864,363.6532254092078,0.7958504120878811,700.0,532.8566832813709,best_sustained,0.00625
1,100.0,150.0,164.14928564798302,372.0716629227561,368.3145167423849,365.48967950387413,0.7872845393256996,700.0,532.8566832813709,best_sustained,0.00625
2,150.0,200.0,156.39159741893042,372.3469774679754,363.0399794517956,343.0639763331755,0.8310699709642522,700.0,532.8566832813709,best_sustained,0.00625
3,200.0,250.0,134.20834587652797,371.9431418311049,367.63636835872444,349.94122514887533,0.7669047740773709,700.0,532.8566832813709,best_sustained,0.00625
0,50.0,100.0,140.7165039984468,338.2270328249766,332.17592006326015,313.8300145184066,0.8021017931975825,750.0,570.0736739678696,best_sustained,0.00625
1,100.0,150.0,141.65031825490271,337.2884910472556,332.5665664056803,315.7764828656459,0.7974582484167839,750.0,570.0736739678696,best_sustained,0.00625
2,150.0,200.0,141.04302821662753,337.2264857008915,331.5133949579573,314.5291816350834,0.7990382469272126,750.0,570.0736739678696,best_sustained,0.00625
3,200.0,250.0,141.16914950734702,336.42185633413993,332.1105699142643,314.7160170255347,0.7993685864553,750.0,570.0736739678696,best_sustained,0.00625
0,50.0,100.0,121.42783043088926,296.26385337422505,292.9755006162955,281.23378130962163,0.8637840439298374,800.0,606.2950294894458,best_sustained,0.00625
1,100.0,150.0,140.2397308291963,295.4806511373576,290.4753731260143,284.27004100300144,0.8699981567644957,800.0,606.2950294894458,best_sustained,0.00625
2,150.0,200.0,137.55304545771776,296.0545469412325,294.32192830289756,300.83227474557475,0.8476399473312319,800.0,606.2950294894458,best_sustained,0.00625
3,200.0,250.0,124.68549792782545,295.37839082127954,290.31427910166775,284.4996315639618,0.8655974222139878,800.0,606.2950294894458,best_sustained,0.00625
0,50.0,100.0,132.79885305615736,248.20263444906854,244.66400200646186,246.7929764873895,0.8554157092083394,850.0,645.4819548424252,best_sustained,0.00625
1,100.0,150.0,113.44389860593667,244.71857508833895,240.8620554118004,241.1608684567998,0.8560581149189286,850.0,645.4819548424252,best_sustained,0.00625
2,150.0,200.0,123.05944473885255,244.20142278660535,241.7084432235513,247.4557769814086,0.8579389185865787,850.0,645.4819548424252,best_sustained,0.00625
3,200.0,250.0,131.99689339231844,243.85219252543945,240.9491788614217,244.6646143803166,0.8608048283518973,850.0,645.4819548424252,best_sustained,0.00625
0,50.0,100.0,121.89062569689291,62.807205198511895,20.561665967786396,16.549579842823373,0.06928448763342432,900.0,682.444649204679,best_sustained,0.00625
1,100.0,150.0,120.94982735698781,0.2107921151778953,0.18323602063925648,0.06444383483099089,0.08798734301417122,900.0,682.444649204679,best_sustained,0.00625
2,150.0,200.0,120.94047922374394,0.22416464862064345,0.18162056194832132,0.09920286412097716,0.05772340109585661,900.0,682.444649204679,best_sustained,0.00625
3,200.0,250.0,120.95091335728483,0.24004426948690138,0.18780863716997942,0.1042507217526936,0.14307030619165617,900.0,682.444649204679,best_sustained,0.00625
0,50.0,100.0,114.39619815361637,0.5331112317157078,0.4033462347048413,0.048449744506334526,0.03630411498577435,950.0,721.2714260182299,best_sustained,0.00625
1,100.0,150.0,114.4205935314571,0.24996740956885333,0.21407517816592758,0.05144214995320373,0.05255237161023962,950.0,721.2714260182299,best_sustained,0.00625
2,150.0,200.0,114.40659506644566,0.23174876310719128,0.18588522113581973,0.037235074047581654,0.040060883673360026,950.0,721.2714260182299,best_sustained,0.00625
3,200.0,250.0,114.41358557824677,0.24646209379049822,0.20738986775897672,0.04047718750181818,0.033582184320883335,950.0,721.2714260182299,best_sustained,0.00625
0,50.0,100.0,107.09024636015575,0.9323203018779651,0.6183000587135723,0.30279804686318335,0.10908593720622473,1000.0,756.6243660265701,best_sustained,0.00625
1,100.0,150.0,107.05510443699013,0.8245562045435264,0.710515450605314,0.24720055212385078,0.08115690821908628,1000.0,756.6243660265701,best_sustained,0.00625
2,150.0,200.0,107.04630105900775,0.686906390670714,0.5501552782925074,0.16985582507359254,0.039175501439670746,1000.0,756.6243660265701,best_sustained,0.00625
3,200.0,250.0,107.051425683491,0.625000228848549,0.5740089449757022,0.04308253071410267,0.0020831269426315746,1000.0,756.6243660265701,best_sustained,0.00625
0,50.0,100.0,103.82414181664953,0.4761068580018559,0.39607619405215644,0.1538263141852092,0.031606841261433205,1100.0,834.7865599618726,best_sustained,0.00625
1,100.0,150.0,103.78798583460672,0.5327236839630274,0.4260988265762933,0.14552395559464112,0.06129431057911805,1100.0,834.7865599618726,best_sustained,0.00625
2,150.0,200.0,103.79953409263243,0.5989831129722347,0.4257987617358765,0.32244962231056373,0.11141411992573957,1100.0,834.7865599618726,best_sustained,0.00625
3,200.0,250.0,103.80498647821506,0.5014729952930708,0.4474671598840416,0.18472660794321355,0.026628141379071435,1100.0,834.7865599618726,best_sustained,0.00625
0,50.0,100.0,97.21466093671461,0.7386510251848364,0.5793016182962134,0.17373845184770959,0.10209340756529584,1200.0,906.8051472486442,best_sustained,0.00625
1,100.0,150.0,97.19825177140123,0.5849142149457691,0.4908264752667577,0.0537459037542981,0.012288638033403965,1200.0,906.8051472486442,best_sustained,0.00625
2,150.0,200.0,97.20473567620088,0.6985284862724228,0.5507109574339637,0.12524595044846026,0.05796838031037055,1200.0,906.8051472486442,best_sustained,0.00625
3,200.0,250.0,97.18725535826202,0.7101969563879607,0.5888221418237549,0.045557555590605446,0.007292243903953777,1200.0,906.8051472486442,best_sustained,0.00625
0,50.0,100.0,95.44956838219656,6.106562925660413,5.4197060020202485,0.429146323776365,0.002507385433449416,50.0,37.99008122008859,best_timing_bound,0.025
1,100.0,150.0,95.84612102850473,5.618998199221409,4.482833225735902,0.8286103959687876,0.015463889198604308,50.0,37.99008122008859,best_timing_bound,0.025
2,150.0,200.0,95.58192039311935,6.087670211065884,5.216183083778475,0.43537659729425,0.005884985627683359,50.0,37.99008122008859,best_timing_bound,0.025
3,200.0,250.0,96.08037814393344,4.243195905596366,4.234746741818597,0.043458005774875866,3.526572848988607e-05,50.0,37.99008122008859,best_timing_bound,0.025
0,50.0,100.0,178.51631278072753,4.176847991950837,3.9739943808037594,0.23546238480920534,0.003054567763009497,100.0,76.17083384633712,best_timing_bound,0.025
1,100.0,150.0,178.6721837111787,4.793734958489836,4.32429564251396,0.2501124727167201,0.002546361960825805,100.0,76.17083384633712,best_timing_bound,0.025
2,150.0,200.0,178.69136722121627,4.834384642071285,4.812489709992974,0.272269231735173,0.002608339197478271,100.0,76.17083384633712,best_timing_bound,0.025
3,200.0,250.0,178.82832022321733,5.771419376130041,5.094198556002738,0.22136536023884615,0.0017388688699707666,100.0,76.17083384633712,best_timing_bound,0.025
0,50.0,100.0,243.66481299711376,7.107010285899236,6.506780224670223,0.2417669194148557,0.0013936666202727377,150.0,114.17150902555795,best_timing_bound,0.025
1,100.0,150.0,243.5530044024838,7.093080966371758,6.581222951243689,0.38219109331280604,0.003424795745062492,150.0,114.17150902555795,best_timing_bound,0.025
2,150.0,200.0,243.6166036584575,7.1741267755507465,6.576755628898212,0.4238725578336092,0.004307070281026504,150.0,114.17150902555795,best_timing_bound,0.025
3,200.0,250.0,243.75548273522688,5.993926583930801,5.279585853000071,0.12181906931516091,0.0004180186198006197,150.0,114.17150902555795,best_timing_bound,0.025
0,50.0,100.0,291.78634673539005,6.070639936340854,5.071318361771716,0.9114973301063705,0.026430472530401983,200.0,152.16154020295048,best_timing_bound,0.025
1,100.0,150.0,291.5396631655565,5.758174035144009,5.362541356739371,0.33681655665814975,0.0018152502262650527,200.0,152.16154020295048,best_timing_bound,0.025
2,150.0,200.0,291.68520211725763,5.989904944250611,5.645076344959705,0.19688238781506223,0.0008104864227593822,200.0,152.16154020295048,best_timing_bound,0.025
3,200.0,250.0,291.9477066902884,6.1950961709993635,5.7152271320438786,0.3051683246210708,0.001483884717369488,200.0,152.16154020295048,best_timing_bound,0.025
0,50.0,100.0,321.92634410658917,6.721375585512874,5.062387261343247,0.7874876333013525,0.0364408648822272,250.0,189.60094286792295,best_timing_bound,0.025
1,100.0,150.0,321.40836946280336,3.933750081318408,3.592321915706691,0.032172468783440065,6.114594321926514e-05,250.0,189.60094286792295,best_timing_bound,0.025
2,150.0,200.0,321.39801486131887,3.707250716030387,3.1199032760688965,0.2084358306128616,0.004257444710196956,250.0,189.60094286792295,best_timing_bound,0.025
3,200.0,250.0,321.5523152191773,3.6194829098948276,3.426757596936625,0.025259235794626887,4.389028950491092e-05,250.0,189.60094286792295,best_timing_bound,0.025
0,50.0,100.0,318.90395117869963,4.64087222395824,3.368829680968645,1.0252631291457182,0.12188356792028965,300.0,228.15229898524512,best_timing_bound,0.025
1,100.0,150.0,318.203786329331,2.672905950380425,2.2460536018646167,0.11401630003432145,0.0020450913063522203,300.0,228.15229898524512,best_timing_bound,0.025
2,150.0,200.0,318.0966762512518,2.988356420424111,2.762459214939099,0.3003627646220191,0.011520723641594288,300.0,228.15229898524512,best_timing_bound,0.025
3,200.0,250.0,317.9181178640947,3.3456590960437893,2.6645443698701,0.3586596554521043,0.015738915585884694,300.0,228.15229898524512,best_timing_bound,0.025
0,50.0,100.0,294.9524845683365,3.596662246482083,2.8268372248573996,0.15826609952614826,0.0041316415448195976,350.0,266.70376233691485,best_timing_bound,0.025
1,100.0,150.0,294.1526947858712,2.551075168556906,2.1685518989997945,0.07128820351229127,0.0011258967339468073,350.0,266.70376233691485,best_timing_bound,0.025
2,150.0,200.0,293.89826119249,2.33863946229161,2.008486386395532,0.20626367942741886,0.008628296906806776,350.0,266.70376233691485,best_timing_bound,0.025
3,200.0,250.0,293.4619252657159,2.708008632301812,2.2587384798229664,0.0750019563658947,0.0007919284236316271,350.0,266.70376233691485,best_timing_bound,0.025
0,50.0,100.0,270.08032631243634,2.79995709235061,2.4571787309832303,0.16869180300510148,0.007515338561585039,400.0,303.2005083702369,best_timing_bound,0.025
1,100.0,150.0,269.5429571981854,1.8950051383036453,1.6976688045373862,0.1780719506297606,0.010503768122513413,400.0,303.2005083702369,best_timing_bound,0.025
2,150.0,200.0,269.3087327030746,2.013678549744327,1.7321383459527055,0.09198574852847116,0.0031867197238744094,400.0,303.2005083702369,best_timing_bound,0.025
3,200.0,250.0,269.114107682381,2.1112227050894603,1.924756095850796,0.2413928369800357,0.01660717223811503,400.0,303.2005083702369,best_timing_bound,0.025
0,50.0,100.0,246.98385926107377,2.198874576779673,1.8029323054559825,0.8928018676761369,0.005479602078182322,450.0,341.5718172250129,best_timing_bound,0.025
1,100.0,150.0,246.36781465508946,1.6308981761220025,1.3824498755393222,0.9222548078239389,0.02378416015817819,450.0,341.5718172250129,best_timing_bound,0.025
2,150.0,200.0,246.1727786625146,1.8803826306352107,1.6081934231784487,0.2076491527164422,0.0031292602796910707,450.0,341.5718172250129,best_timing_bound,0.025
3,200.0,250.0,245.9102763395024,1.7526812522233683,1.6756132269438808,0.6839177032462838,0.025177244604867033,450.0,341.5718172250129,best_timing_bound,0.025
0,50.0,100.0,226.77843442359546,2.2793549058945644,1.9462782562978873,0.8478175580280601,0.08657051897868184,500.0,380.88580812995247,best_timing_bound,0.025
1,100.0,150.0,226.2465139662527,1.530140351088221,1.3213202890789262,0.3801843423909432,0.004466276382636081,500.0,380.88580812995247,best_timing_bound,0.025
2,150.0,200.0,225.96522103152108,1.5932742212885955,1.450335964497981,0.09967530727984006,0.00014804632243814453,500.0,380.88580812995247,best_timing_bound,0.025
3,200.0,250.0,225.74480288216247,1.3130370036354577,1.2188427998117959,0.18789286436943184,0.0006943133153771708,500.0,380.88580812995247,best_timing_bound,0.025
0,50.0,100.0,209.87786476168483,2.4398853340837263,1.8553960800942662,0.3175040297451552,0.045996916297335266,550.0,419.0559644140832,best_timing_bound,0.025
1,100.0,150.0,209.34554349939108,1.6493615115808211,1.555225727898204,0.22019872191428191,0.010550329554904425,550.0,419.0559644140832,best_timing_bound,0.025
2,150.0,200.0,209.1255588856663,1.4931649525912292,1.259821215162134,0.03943875917801222,0.0004470655846404714,550.0,419.0559644140832,best_timing_bound,0.025
3,200.0,250.0,208.96644591292477,1.5341716431764212,1.4696981796075193,0.12202605508333464,0.004532944001023886,550.0,419.0559644140832,best_timing_bound,0.025
0,50.0,100.0,195.04950249186007,2.000674665758453,1.489407426202348,0.8875764172426692,0.12189940574210045,600.0,457.8085803363978,best_timing_bound,0.025
1,100.0,150.0,194.5185556469024,0.9801073239657967,0.8518794145863353,0.2213901715660345,0.001208071871308114,600.0,457.8085803363978,best_timing_bound,0.025
2,150.0,200.0,194.42453664673678,1.2316255461541914,1.0663197720840571,0.2680562316834949,0.00295292123205404,600.0,457.8085803363978,best_timing_bound,0.025
3,200.0,250.0,194.23919164131294,0.8343731366017835,0.772916314440522,0.15560836644622486,0.009141051403501299,600.0,457.8085803363978,best_timing_bound,0.025
0,50.0,100.0,182.7824940468812,1.7699152842881176,1.2179686781909993,0.4863074748471763,0.13920623745446514,650.0,494.4853744265939,best_timing_bound,0.025
1,100.0,150.0,182.38121821104357,0.7995497324779137,0.7209443676302953,0.056617772615261706,0.0010845836692162658,650.0,494.4853744265939,best_timing_bound,0.025
2,150.0,200.0,182.17601103489176,0.9450471915646403,0.7181646944466422,0.08948744658939528,0.011318899534685012,650.0,494.4853744265939,best_timing_bound,0.025
3,200.0,250.0,182.09016998996427,0.747306740263781,0.7167436960509974,0.14639582529281647,0.014886863106896464,650.0,494.4853744265939,best_timing_bound,0.025
0,50.0,100.0,171.71335913677294,1.8083452623252185,1.2058034626721792,0.7347493877379526,0.11941068749993489,700.0,532.8566832813709,best_timing_bound,0.025
1,100.0,150.0,171.3172715996847,0.9879438058961227,0.8274645397317215,0.6102939252811151,0.008931175476087239,700.0,532.8566832813709,best_timing_bound,0.025
2,150.0,200.0,171.1162160948978,0.9826989250001077,0.9008283699745903,0.09143820877904488,0.0018501110073089189,700.0,532.8566832813709,best_timing_bound,0.025
3,200.0,250.0,171.0804985653336,0.803972232765318,0.7290760876071829,0.740967696392572,0.014697287000819736,700.0,532.8566832813709,best_timing_bound,0.025
0,50.0,100.0,161.9953409255212,1.4915909097577469,1.3785668810526772,0.02606266163138789,0.000361765759924082,750.0,570.0736739678696,best_timing_bound,0.025
1,100.0,150.0,161.90640625951215,1.4725579057705431,1.414201292317074,0.02830951614176899,0.0003815868668858302,750.0,570.0736739678696,best_timing_bound,0.025
2,150.0,200.0,161.68493187541017,1.8498095494520044,1.5652193907237404,0.2869243913690955,0.040688748068213876,750.0,570.0736739678696,best_timing_bound,0.025
3,200.0,250.0,161.73590032996466,1.5028114269811965,1.396066398358812,0.05607326368725368,0.0015640303912622944,750.0,570.0736739678696,best_timing_bound,0.025
0,50.0,100.0,153.59630577366113,1.2159197778537418,1.137182801222906,0.20042033494640432,0.009386286980226366,800.0,606.2950294894458,best_timing_bound,0.025
1,100.0,150.0,153.4028257207814,1.1742807337089118,0.9219214604043486,0.11810137933108257,0.00673416570103913,800.0,606.2950294894458,best_timing_bound,0.025
2,150.0,200.0,153.32740297985262,1.0823455869757197,0.9523827027850018,0.24415667597458873,0.03788880825856822,800.0,606.2950294894458,best_timing_bound,0.025
3,200.0,250.0,153.39733270564847,1.1941033790236304,0.9729834282504441,0.38563874114762764,0.04305780701935935,800.0,606.2950294894458,best_timing_bound,0.025
0,50.0,100.0,145.63974314852717,1.2185221592482378,1.0570552343691304,0.03147836151341965,0.000692957349091472,850.0,645.4819548424252,best_timing_bound,0.025
1,100.0,150.0,145.4946482565491,1.3578739491959766,1.1523103401160881,0.2557885576084975,0.02891195095880872,850.0,645.4819548424252,best_timing_bound,0.025
2,150.0,200.0,145.41027601498286,1.1286685568782673,1.064675857759653,0.09907997153152599,0.00789528426598074,850.0,645.4819548424252,best_timing_bound,0.025
3,200.0,250.0,145.33083233837215,1.2382418719081727,1.0754098564292747,0.1452955126142355,0.009469796719168366,850.0,645.4819548424252,best_timing_bound,0.025
0,50.0,100.0,138.77039747652208,1.1332402355074862,1.01095554884904,0.25483975097305184,0.011451681313717543,900.0,682.444649204679,best_timing_bound,0.025
1,100.0,150.0,138.67361455114,0.9676957466343197,0.8995482395477268,0.0746666960003485,0.0012390728237642312,900.0,682.444649204679,best_timing_bound,0.025
2,150.0,200.0,138.65797013725643,1.086979639914432,0.8945457470421445,0.09439287929513941,0.006171140565528699,900.0,682.444649204679,best_timing_bound,0.025
3,200.0,250.0,138.57646533185755,1.1962906905454531,1.1406538108980726,0.3643614056888149,0.014658651678168821,900.0,682.444649204679,best_timing_bound,0.025
0,50.0,100.0,132.3842572678972,1.2917905648776298,1.096873105862585,0.10621853802317799,0.015146119835946714,950.0,721.2714260182299,best_timing_bound,0.025
1,100.0,150.0,132.134369455257,0.9702594264819879,0.9006500932219126,0.0994391054720792,0.012413159980518063,950.0,721.2714260182299,best_timing_bound,0.025
2,150.0,200.0,132.11604744183182,1.0241200937471717,0.9252149207038372,0.05739757892984129,0.0033782528582618765,950.0,721.2714260182299,best_timing_bound,0.025
3,200.0,250.0,132.14940923592832,0.9837430371875371,0.9417137453998521,0.045052455934722034,0.0020537934034441374,950.0,721.2714260182299,best_timing_bound,0.025
0,50.0,100.0,126.95615816125208,1.8610805619480004,1.5695833419530913,0.1204091354767399,0.0059465984285578255,1000.0,756.6243660265701,best_timing_bound,0.025
1,100.0,150.0,126.61856876143811,1.7727912490740039,1.6242054054792021,0.29176380267196034,0.029634670096328142,1000.0,756.6243660265701,best_timing_bound,0.025
2,150.0,200.0,126.62374822413415,1.632906539720807,1.400574445756078,0.22421409537477335,0.015379842790526843,1000.0,756.6243660265701,best_timing_bound,0.025
3,200.0,250.0,126.5877735012765,1.6735776469733423,1.4582096053707545,0.13977279384116037,0.004976019218844718,1000.0,756.6243660265701,best_timing_bound,0.025
0,50.0,100.0,116.81954033813574,1.6973913640963616,1.5955780675493543,0.37984305401161844,0.0018100304673785983,1100.0,834.7865599618726,best_timing_bound,0.025
1,100.0,150.0,116.65804867048502,1.95514454291299,1.7871777745906456,0.22829483771366427,0.0008138356119351542,1100.0,834.7865599618726,best_timing_bound,0.025
2,150.0,200.0,116.69360352342883,1.8849250991499105,1.5784159013658865,0.5814428955087694,0.017250825432021166,1100.0,834.7865599618726,best_timing_bound,0.025
3,200.0,250.0,116.4617523378946,1.7507217695297044,1.6122545757641262,0.4933822337742038,0.02777122226434592,1100.0,834.7865599618726,best_timing_bound,0.025
0,50.0,100.0,108.65913621166125,1.2789967583017727,1.1719795679910021,0.3627311852626943,0.039476154509573314,1200.0,906.8051472486442,best_timing_bound,0.025
1,100.0,150.0,108.52470331937842,1.1904126713560004,0.9609974176269986,0.22897244103289663,0.03430741240699575,1200.0,906.8051472486442,best_timing_bound,0.025
2,150.0,200.0,108.41893978224833,1.166906439175392,0.9722531278014088,0.3818947946971387,0.04093899284652902,1200.0,906.8051472486442,best_timing_bound,0.025
3,200.0,250.0,108.40689174622887,1.4005066454280808,1.100059397485495,0.13132639493789,0.007433803375821002,1200.0,906.8051472486442,best_timing_bound,0.025
0,50.0,100.0,95.45050700505156,6.105095160733413,5.420824354543555,0.4245770096706246,0.002443149192725813,50.0,37.99008122008859,best_timing_bound,0.0125
1,100.0,150.0,95.84571392770924,5.621941165116411,4.4835305885518295,0.8301482083075321,0.015585333878747054,50.0,37.99008122008859,best_timing_bound,0.0125
2,150.0,200.0,95.58121496912794,6.087156114363964,5.216597377811851,0.4327891075357147,0.005826108084861392,50.0,37.99008122008859,best_timing_bound,0.0125
3,200.0,250.0,96.08236879480964,4.2427488864061615,4.234503889092224,0.04301657977798954,3.533955045109671e-05,50.0,37.99008122008859,best_timing_bound,0.0125
0,50.0,100.0,178.5169639602969,4.180558359413652,3.975859995480249,0.23476948726592317,0.0030375588886377702,100.0,76.17083384633712,best_timing_bound,0.0125
1,100.0,150.0,178.66923417927063,4.791574348036107,4.323947685455323,0.25017438721300217,0.002547895410887069,100.0,76.17083384633712,best_timing_bound,0.0125
2,150.0,200.0,178.69145572732955,4.835605459766612,4.811485327759328,0.2721939381577287,0.002607898663010255,100.0,76.17083384633712,best_timing_bound,0.0125
3,200.0,250.0,178.82804485533433,5.769348158842604,5.09299529297806,0.2217532647408777,0.0017452208906763023,100.0,76.17083384633712,best_timing_bound,0.0125
0,50.0,100.0,243.6643513631834,7.106980483841198,6.504859503230705,0.2422091093994098,0.0013992115066127075,150.0,114.17150902555795,best_timing_bound,0.0125
1,100.0,150.0,243.55260773497383,7.091352451091666,6.57948399450413,0.38069986279315393,0.0033993542522574582,150.0,114.17150902555795,best_timing_bound,0.0125
2,150.0,200.0,243.61614947124286,7.172860267923113,6.575979315433699,0.4246542129483412,0.004323707949232536,150.0,114.17150902555795,best_timing_bound,0.0125
3,200.0,250.0,243.75643014872583,5.993032538178511,5.2775428234236585,0.12154426303831865,0.0004161746442858938,150.0,114.17150902555795,best_timing_bound,0.0125
0,50.0,100.0,291.7868605323414,6.069418043696999,5.070667181890599,0.9113807705852948,0.026400227086506245,200.0,152.16154020295048,best_timing_bound,0.0125
1,100.0,150.0,291.53978952468947,5.756445562992042,5.361101958923541,0.33824391305036,0.0018296651807007125,200.0,152.16154020295048,best_timing_bound,0.0125
2,150.0,200.0,291.6855365062311,5.98838508411751,5.643185365423278,0.19640205352343934,0.0008090938387942392,200.0,152.16154020295048,best_timing_bound,0.0125
3,200.0,250.0,291.94870506907887,6.196258764573884,5.715860517306908,0.30636001063202406,0.0014900146967946615,200.0,152.16154020295048,best_timing_bound,0.0125
0,50.0,100.0,321.9285143083673,6.7152065103523455,5.061151972670018,0.7820180782429521,0.03610442510815226,250.0,189.60094286792295,best_timing_bound,0.0125
1,100.0,150.0,321.4105754299103,3.941886087587534,3.5972005159321156,0.03845642376139025,8.762867210210246e-05,250.0,189.60094286792295,best_timing_bound,0.0125
2,150.0,200.0,321.4026455556336,3.7064761511632014,3.1210298316428293,0.2081528073338554,0.004245370445410401,250.0,189.60094286792295,best_timing_bound,0.0125
3,200.0,250.0,321.554849612145,3.618618703143568,3.4221972089324595,0.021731174120325394,3.20849856467742e-05,250.0,189.60094286792295,best_timing_bound,0.0125
0,50.0,100.0,318.9085621842145,4.641974949365704,3.3769807280553437,1.0297308952137152,0.12306396187108137,300.0,228.15229898524512,best_timing_bound,0.0125
1,100.0,150.0,318.22566128570776,2.697373195741875,2.2469999810309673,0.1051158013938473,0.001699290897837158,300.0,228.15229898524512,best_timing_bound,0.0125
2,150.0,200.0,318.07967464253346,2.97780634097802,2.7332669183279563,0.34649798743481847,0.0154112653462386,300.0,228.15229898524512,best_timing_bound,0.0125
3,200.0,250.0,317.92441506599613,3.3236650016851854,2.6391658409357888,0.33904159737955103,0.014306310597018035,300.0,228.15229898524512,best_timing_bound,0.0125
0,50.0,100.0,294.9542095210761,3.577290794530029,2.823591778511002,0.05382221283400415,0.000418031792836282,350.0,266.70376233691485,best_timing_bound,0.0125
1,100.0,150.0,294.1549318231254,2.518471698119754,2.1359511272381724,0.11073463268687392,0.002736779081004448,350.0,266.70376233691485,best_timing_bound,0.0125
2,150.0,200.0,293.90518729495153,2.331158953617887,2.0010062560236292,0.09929202062182003,0.0022219031877249718,350.0,266.70376233691485,best_timing_bound,0.0125
3,200.0,250.0,293.45970197190195,2.7342942028639072,2.2616796312788665,0.14328896719550432,0.0033812244975545136,350.0,266.70376233691485,best_timing_bound,0.0125
0,50.0,100.0,270.0475348130181,2.8492500737954742,2.4718467738386494,0.18168462481347142,0.008855737002118613,400.0,303.2005083702369,best_timing_bound,0.0125
1,100.0,150.0,269.47691420412696,1.872891668569082,1.722599909362259,0.1944892769036517,0.01265724894684439,400.0,303.2005083702369,best_timing_bound,0.0125
2,150.0,200.0,269.23815528790544,1.9990738986041379,1.7255521228156567,0.09088668559096977,0.0031618964819397632,400.0,303.2005083702369,best_timing_bound,0.0125
3,200.0,250.0,269.035538012056,2.1038615295337877,1.9256807807398104,0.22542529705123426,0.01446437108727916,400.0,303.2005083702369,best_timing_bound,0.0125
0,50.0,100.0,246.97630229986135,2.180799552460684,1.8035656060160363,0.8260012154352446,0.0048075376197700415,450.0,341.5718172250129,best_timing_bound,0.0125
1,100.0,150.0,246.36243811462086,1.6257126654586216,1.3852818083466047,0.9356909782335002,0.023147301573046675,450.0,341.5718172250129,best_timing_bound,0.0125
2,150.0,200.0,246.16927590558512,1.9762702888871786,1.5885427209200031,0.15502144842035534,0.001931310106562445,450.0,341.5718172250129,best_timing_bound,0.0125
3,200.0,250.0,245.90644289063962,1.7983806062236738,1.655510889827923,0.733933588239475,0.026702894855889725,450.0,341.5718172250129,best_timing_bound,0.0125
0,50.0,100.0,226.77147467616282,2.2899499466730333,1.9252202411063308,0.9069202085826542,0.09219784962547706,500.0,380.88580812995247,best_timing_bound,0.0125
1,100.0,150.0,226.22455613502228,1.5145819224129013,1.275779211852381,0.4640277530692424,0.005742815462751905,500.0,380.88580812995247,best_timing_bound,0.0125
2,150.0,200.0,225.95934486438608,1.5309273705560997,1.353653543827079,0.2968553113091719,0.0017170862917457175,500.0,380.88580812995247,best_timing_bound,0.0125
3,200.0,250.0,225.7490751725465,1.3211748926555913,1.242167604277995,0.2370364323783108,0.0008522829617091388,500.0,380.88580812995247,best_timing_bound,0.0125
0,50.0,100.0,209.87709228125485,2.420886424751842,1.842115409806894,0.30544095756132383,0.04462504585866045,550.0,419.0559644140832,best_timing_bound,0.0125
1,100.0,150.0,209.34467088136287,1.630138998141888,1.533454952891816,0.20539215771702954,0.01028011508779092,550.0,419.0559644140832,best_timing_bound,0.0125
2,150.0,200.0,209.1252838469741,1.4766694770905815,1.2485833269155364,0.038789421003771966,0.0005366719591484159,550.0,419.0559644140832,best_timing_bound,0.0125
3,200.0,250.0,208.9674705064765,1.523353039356067,1.4541987813841786,0.12352012686835401,0.004940351431812595,550.0,419.0559644140832,best_timing_bound,0.0125
0,50.0,100.0,195.04644271961632,2.000644931138254,1.4719522289094584,0.9856049915200131,0.13544286866060473,600.0,457.8085803363978,best_timing_bound,0.0125
1,100.0,150.0,194.51957036026434,0.9696311293714643,0.8394787466758089,0.19779416196887317,0.001145586946807442,600.0,457.8085803363978,best_timing_bound,0.0125
2,150.0,200.0,194.42742932408265,1.220941990347768,1.050561074587165,0.25957008221327166,0.002598032887903834,600.0,457.8085803363978,best_timing_bound,0.0125
3,200.0,250.0,194.23736864933994,0.8201286274280619,0.7577800489470405,0.1454171913688796,0.008184596029181423,600.0,457.8085803363978,best_timing_bound,0.0125
0,50.0,100.0,182.77690014632216,1.7384737420289298,1.1928721179773163,0.4807229955817391,0.15141705821108853,650.0,494.4853744265939,best_timing_bound,0.0125
1,100.0,150.0,182.38078044132578,0.783740429732461,0.7085719876776295,0.040781340967555105,0.001023446809637063,650.0,494.4853744265939,best_timing_bound,0.0125
2,150.0,200.0,182.16928260279124,0.9424389397860864,0.7154104194862043,0.08113456779340508,0.010204687459995254,650.0,494.4853744265939,best_timing_bound,0.0125
3,200.0,250.0,182.08706188599703,0.7289791589071797,0.7180281888275317,0.12729023094988115,0.013375620034830282,650.0,494.4853744265939,best_timing_bound,0.0125
0,50.0,100.0,171.71258756690048,1.7981230992029111,1.2071886425087257,0.7393064818649459,0.12264327936463126,700.0,532.8566832813709,best_timing_bound,0.0125
1,100.0,150.0,171.31736692807385,0.975189160107135,0.8179220499630446,0.59697449320588,0.008776785761837602,700.0,532.8566832813709,best_timing_bound,0.0125
2,150.0,200.0,171.11486720773533,0.9675155675690803,0.892626724371496,0.09070048167474949,0.0018909907808368764,700.0,532.8566832813709,best_timing_bound,0.0125
3,200.0,250.0,171.08048481514868,0.7962980756424827,0.7164200572320851,0.7525900650668665,0.015592723122848207,700.0,532.8566832813709,best_timing_bound,0.0125
0,50.0,100.0,162.01308699825682,1.4501805848622382,1.332329709390308,0.02619382234723197,0.00038825452200397237,750.0,570.0736739678696,best_timing_bound,0.0125
1,100.0,150.0,161.91940155950178,1.3264520208904855,1.2990335412718252,0.02764922289083645,0.00041641463497765763,750.0,570.0736739678696,best_timing_bound,0.0125
2,150.0,200.0,161.67663704719206,1.7932437787338529,1.5911778903320908,0.2743204316382206,0.04003378610137098,750.0,570.0736739678696,best_timing_bound,0.0125
3,200.0,250.0,161.7359958285194,1.5083395192221474,1.4237614880447609,0.0734213898948461,0.002636752110949714,750.0,570.0736739678696,best_timing_bound,0.0125
0,50.0,100.0,153.60258803046855,1.1857746684632389,1.0842738448431533,0.08842987192848846,0.008986735128228562,800.0,606.2950294894458,best_timing_bound,0.0125
1,100.0,150.0,153.4034154655619,1.2256588767339167,0.9319695664501921,0.15155733604990104,0.030837559891356947,800.0,606.2950294894458,best_timing_bound,0.0125
2,150.0,200.0,153.32304260898883,1.1620220870095181,1.0044691296272106,0.1402082259254759,0.022701167383919252,800.0,606.2950294894458,best_timing_bound,0.0125
3,200.0,250.0,153.39718809932845,1.2128036980979573,0.9950175725779502,0.1131211094682024,0.015360198436164985,800.0,606.2950294894458,best_timing_bound,0.0125
0,50.0,100.0,145.63752917293883,1.1143032802759478,1.0356279009994012,0.1517856511481035,0.021952573608574832,850.0,645.4819548424252,best_timing_bound,0.0125
1,100.0,150.0,145.48790669862777,1.4132219869822222,1.127416290844252,0.048234559543906715,0.0019518102597481102,850.0,645.4819548424252,best_timing_bound,0.0125
2,150.0,200.0,145.39616296512767,1.1489335795903628,1.0422136455275108,0.05124948353718663,0.002483780155262405,850.0,645.4819548424252,best_timing_bound,0.0125
3,200.0,250.0,145.34217750663896,1.2166943306947076,1.0572853415778525,0.03355325589951014,0.000902984018550046,850.0,645.4819548424252,best_timing_bound,0.0125
0,50.0,100.0,138.77026066627246,1.1187850579682674,0.9999682158493215,0.22242337392000433,0.011680693291663657,900.0,682.444649204679,best_timing_bound,0.0125
1,100.0,150.0,138.67216017846104,0.9546125382820492,0.8917077913004903,0.06579943198973652,0.001243717554666457,900.0,682.444649204679,best_timing_bound,0.0125
2,150.0,200.0,138.66197751132856,1.0436320452195957,0.9050005608196443,0.07295440598217805,0.004573537999089328,900.0,682.444649204679,best_timing_bound,0.0125
3,200.0,250.0,138.57588389639147,1.164953315147585,1.0693767131463972,0.34767438840857373,0.01877402971044484,900.0,682.444649204679,best_timing_bound,0.0125
0,50.0,100.0,132.38370501354422,1.2812407948104578,1.0851659439223624,0.10337127414007487,0.014756542268157813,950.0,721.2714260182299,best_timing_bound,0.0125
1,100.0,150.0,132.13034583438156,0.9575934295108084,0.887512237001232,0.10045979429714982,0.013051744322986947,950.0,721.2714260182299,best_timing_bound,0.0125
2,150.0,200.0,132.11587218804257,1.0094122059937547,0.9135990105231997,0.05669915901924882,0.0033876928137234197,950.0,721.2714260182299,best_timing_bound,0.0125
3,200.0,250.0,132.14930992753517,0.9753238957949009,0.9265410141307484,0.046569837778221955,0.0022490671337220824,950.0,721.2714260182299,best_timing_bound,0.0125
0,50.0,100.0,126.95350603866551,1.8263160853367566,1.550517246986331,0.136704733328561,0.008099882831431149,1000.0,756.6243660265701,best_timing_bound,0.0125
1,100.0,150.0,126.62094134766183,1.7854403575610718,1.6118829339244911,0.28403507098202246,0.029529841049266037,1000.0,756.6243660265701,best_timing_bound,0.0125
2,150.0,200.0,126.624216089168,1.6400433806178825,1.3975749091625858,0.21694601898360288,0.016693205808465006,1000.0,756.6243660265701,best_timing_bound,0.0125
3,200.0,250.0,126.59080235849888,1.664412102877435,1.4732488870577214,0.10266998014770813,0.0026525349412324095,1000.0,756.6243660265701,best_timing_bound,0.0125
0,50.0,100.0,116.82168431034628,1.6905593284995035,1.581217838508394,0.37083333073406616,0.0017079500009469228,1100.0,834.7865599618726,best_timing_bound,0.0125
1,100.0,150.0,116.6553758483062,1.9420688498324097,1.7763858886552697,0.22854570358336398,0.0007139665857968103,1100.0,834.7865599618726,best_timing_bound,0.0125
2,150.0,200.0,116.69472213804428,1.8627520566542444,1.5597835738153094,0.5663955526990748,0.016929171595713832,1100.0,834.7865599618726,best_timing_bound,0.0125
3,200.0,250.0,116.46008860263183,1.7391883046015408,1.5991417039065396,0.5016658484949215,0.029131704124627733,1100.0,834.7865599618726,best_timing_bound,0.0125
0,50.0,100.0,108.6594898013921,1.306288680682485,1.187956027923164,0.26673912821143764,0.0739300209445426,1200.0,906.8051472486442,best_timing_bound,0.0125
1,100.0,150.0,108.52894896769914,1.1483680112929306,0.9588813560762475,0.07389137091555179,0.007171926565122666,1200.0,906.8051472486442,best_timing_bound,0.0125
2,150.0,200.0,108.41690494770717,1.1826266816593858,0.9737874885362459,0.19317601998064443,0.042645480272560654,1200.0,906.8051472486442,best_timing_bound,0.0125
3,200.0,250.0,108.40694318617997,1.4003220486475385,1.0772278998987304,0.07850317273825415,0.006386132998074889,1200.0,906.8051472486442,best_timing_bound,0.0125
0,50.0,100.0,95.44668113554211,6.106503279912346,5.415823117365022,0.43257571836966635,0.0025305406315012657,50.0,37.99008122008859,best_timing_bound,0.00625
1,100.0,150.0,95.84844502201999,5.606466235879907,4.482813858177181,0.8139558644147297,0.014930809446551563,50.0,37.99008122008859,best_timing_bound,0.00625
2,150.0,200.0,95.58459574364768,6.088430127071817,5.2182365940360995,0.43747774105511417,0.005938203227750072,50.0,37.99008122008859,best_timing_bound,0.00625
3,200.0,250.0,96.07681692195092,4.241951753494064,4.234490134800851,0.038370245903086284,2.4457973418212653e-05,50.0,37.99008122008859,best_timing_bound,0.00625
0,50.0,100.0,178.517871739804,4.16604464239856,3.9647434159114425,1.4871760334336295,0.004021013444202137,100.0,76.17083384633712,best_timing_bound,0.00625
1,100.0,150.0,178.67636319392608,4.798324557957557,4.325288901236405,2.3007908294228114,0.010740481311927619,100.0,76.17083384633712,best_timing_bound,0.00625
2,150.0,200.0,178.68778797287897,4.837169999571842,4.806119567133635,0.4515694329729924,0.00034951026030183296,100.0,76.17083384633712,best_timing_bound,0.00625
3,200.0,250.0,178.82383229647206,5.767932425212308,5.093400639619318,1.45213331227928,0.0032006364546265376,100.0,76.17083384633712,best_timing_bound,0.00625
0,50.0,100.0,243.6622315153876,7.10508802688031,6.5070783224178115,0.2435334144478834,0.001415932740597703,150.0,114.17150902555795,best_timing_bound,0.00625
1,100.0,150.0,243.55263901541454,7.091575953217159,6.581241569732043,0.38232506127493865,0.0034283268814396806,150.0,114.17150902555795,best_timing_bound,0.00625
2,150.0,200.0,243.61601656585387,7.17174260240202,6.573858154333266,0.4213845826242635,0.004259175121222647,150.0,114.17150902555795,best_timing_bound,0.00625
3,200.0,250.0,243.75469239392834,5.993151798166053,5.282607984768617,0.12093402890878714,0.00041302689074462773,150.0,114.17150902555795,best_timing_bound,0.00625
0,50.0,100.0,291.7873492837891,6.071146628959468,5.071766877755351,0.9139803644046239,0.026502296447739604,200.0,152.16154020295048,best_timing_bound,0.00625
1,100.0,150.0,291.5382725934107,5.75611771007982,5.359719148624379,0.3386440487215684,0.001827571770885661,200.0,152.16154020295048,best_timing_bound,0.00625
2,150.0,200.0,291.6854798683706,5.988742772485921,5.6412716477361755,0.1953625621707298,0.0007865378732576644,200.0,152.16154020295048,best_timing_bound,0.00625
3,200.0,250.0,291.9477561614387,6.192711897970128,5.711104726945905,0.3041216321252801,0.0014637955592332608,200.0,152.16154020295048,best_timing_bound,0.00625
0,50.0,100.0,321.93280346125323,6.710348720023092,5.06110884521371,0.7890094355786774,0.03659659477020227,250.0,189.60094286792295,best_timing_bound,0.00625
1,100.0,150.0,321.4025544046715,3.8933976598407867,3.6006769372640974,0.026004480099436844,4.010071905691248e-05,250.0,189.60094286792295,best_timing_bound,0.00625
2,150.0,200.0,321.3897965617016,3.714731147704015,3.109235869917768,0.2140906198177037,0.00451034604019851,250.0,189.60094286792295,best_timing_bound,0.00625
3,200.0,250.0,321.54216217781243,3.6198108749480866,3.432114600371335,0.028482612605852078,5.66132575654521e-05,250.0,189.60094286792295,best_timing_bound,0.00625
0,50.0,100.0,318.89583718466764,4.64596828901017,3.4035408478692943,1.0190089420907291,0.1210886615119966,300.0,228.15229898524512,best_timing_bound,0.00625
1,100.0,150.0,318.2118931415192,2.6497210028360314,2.2512166902537274,0.11985730404174395,0.002282083279563585,300.0,228.15229898524512,best_timing_bound,0.00625
2,150.0,200.0,318.0869773474024,3.025042521125158,2.7352261711686765,0.39206372889774976,0.01962924772934571,300.0,228.15229898524512,best_timing_bound,0.00625
3,200.0,250.0,317.9353477397936,3.347119487141754,2.6721764088309783,0.3775643147245504,0.017529719960111767,300.0,228.15229898524512,best_timing_bound,0.00625
0,50.0,100.0,294.94983217542807,3.5232292944987194,2.8473275668583256,0.31854004556784654,0.013752180144476767,350.0,266.70376233691485,best_timing_bound,0.00625
1,100.0,150.0,294.15260778420094,2.5746787757354923,2.1900232547287715,0.13053973430333904,0.0011652793585553711,350.0,266.70376233691485,best_timing_bound,0.00625
2,150.0,200.0,293.9002937116158,2.320012830654889,1.9799506598477592,0.1989935401409795,0.004487677124828893,350.0,266.70376233691485,best_timing_bound,0.00625
3,200.0,250.0,293.4953749058868,2.5800376007910586,2.21314351651057,0.2043269892379981,0.0028423649935730433,350.0,266.70376233691485,best_timing_bound,0.00625
0,50.0,100.0,270.05484529307614,2.8872183614805635,2.443930057383909,0.1614463198039171,0.007182176088054382,400.0,303.2005083702369,best_timing_bound,0.00625
1,100.0,150.0,269.48101711671677,1.9264185286507995,1.7016643212967892,0.2029368120048425,0.013888166780540168,400.0,303.2005083702369,best_timing_bound,0.00625
2,150.0,200.0,269.23931349006205,1.9888230620721856,1.7026852649697162,0.11274419322542814,0.0048983557962787305,400.0,303.2005083702369,best_timing_bound,0.00625
3,200.0,250.0,269.01882980017166,2.108747719690257,1.9149559317511375,0.23402959243819318,0.015845311588087774,400.0,303.2005083702369,best_timing_bound,0.00625
0,50.0,100.0,246.9611922343334,2.183392394412806,1.7837791017851146,1.1084127896325264,0.008888840696790634,450.0,341.5718172250129,best_timing_bound,0.00625
1,100.0,150.0,246.3505783282645,1.6637732431587722,1.3594571610814512,1.3766568240718353,0.03467155510632558,450.0,341.5718172250129,best_timing_bound,0.00625
2,150.0,200.0,246.15328468838953,1.790318598139919,1.6048644884509429,0.5260092559604632,0.004969724827627919,450.0,341.5718172250129,best_timing_bound,0.00625
3,200.0,250.0,245.88740497622805,1.8373218228268797,1.6741405647414638,0.772886279983911,0.02865662682235459,450.0,341.5718172250129,best_timing_bound,0.00625
0,50.0,100.0,226.7466692865316,2.292375414803871,1.9174001603513489,0.9783329779950385,0.0983327963146069,500.0,380.88580812995247,best_timing_bound,0.00625
1,100.0,150.0,226.25261760580386,1.4463197514354533,1.2454361190611962,0.5885340049233262,0.00983406405029097,500.0,380.88580812995247,best_timing_bound,0.00625
2,150.0,200.0,225.9901536957907,1.4706527334874409,1.36683676287808,0.1656301804606914,0.00045770879960504995,500.0,380.88580812995247,best_timing_bound,0.00625
3,200.0,250.0,225.79715888600666,1.2717752372749658,1.163144432817461,0.05813347871116481,6.550467944865801e-05,500.0,380.88580812995247,best_timing_bound,0.00625
0,50.0,100.0,209.87135024375442,2.4208862746035322,1.824418791607286,0.5092665919566611,0.05798569130572406,550.0,419.0559644140832,best_timing_bound,0.00625
1,100.0,150.0,209.33604927876334,1.6654534186498893,1.5404956333132134,0.5577246349668695,0.013708865089351652,550.0,419.0559644140832,best_timing_bound,0.00625
2,150.0,200.0,209.1242225128986,1.468698238693122,1.230063452245929,0.1504355108475718,0.0010672561819009552,550.0,419.0559644140832,best_timing_bound,0.00625
3,200.0,250.0,208.96706669251526,1.501508528684269,1.427257153925865,0.17832159823955873,0.004241182666142929,550.0,419.0559644140832,best_timing_bound,0.00625
0,50.0,100.0,195.04986343114763,1.9387155890619852,1.4182618313637079,0.7480898718701267,0.12740395986517705,600.0,457.8085803363978,best_timing_bound,0.00625
1,100.0,150.0,194.51375746623594,0.9693347371092784,0.8156397854902764,0.15760341742548206,0.002417421065201597,600.0,457.8085803363978,best_timing_bound,0.00625
2,150.0,200.0,194.42893220470884,1.1778478320042893,1.0447364747151369,0.15890390984113087,0.0007813776792082727,600.0,457.8085803363978,best_timing_bound,0.00625
3,200.0,250.0,194.2328235632118,0.8048534889787504,0.7458220847593395,0.2109428809864205,0.016166230019712735,600.0,457.8085803363978,best_timing_bound,0.00625
0,50.0,100.0,182.75351604232853,1.7385929896094865,1.1624163550154094,0.4697135297792267,0.18528758381181087,650.0,494.4853744265939,best_timing_bound,0.00625
1,100.0,150.0,182.3646820772816,0.7416887768352183,0.7172875898066025,0.014555342684027962,0.0003741201585462095,650.0,494.4853744265939,best_timing_bound,0.00625
2,150.0,200.0,182.13860261632726,0.908122777147554,0.6982437876321228,0.10096862966827803,0.020983009805857322,650.0,494.4853744265939,best_timing_bound,0.00625
3,200.0,250.0,182.05563506107268,0.746803106083263,0.6980750142892873,0.11133618212265949,0.010738326703281786,650.0,494.4853744265939,best_timing_bound,0.00625
0,50.0,100.0,171.71155700410122,1.8083153721537428,1.1822633581974742,0.7898270236683429,0.13897295723627323,700.0,532.8566832813709,best_timing_bound,0.00625
1,100.0,150.0,171.3139878835707,0.9547150247406648,0.7906695151538656,0.592348872090566,0.009281579278126895,700.0,532.8566832813709,best_timing_bound,0.00625
2,150.0,200.0,171.12179144224362,0.9547293359360651,0.8832624050886579,0.18245348147510868,0.0017937924533918403,700.0,532.8566832813709,best_timing_bound,0.00625
3,200.0,250.0,171.07797423532284,0.7789991693679497,0.698407690076948,0.6519242110750368,0.012395057436462742,700.0,532.8566832813709,best_timing_bound,0.00625
0,50.0,100.0,161.99103503114048,1.4569159296093517,1.348700140780295,0.039496818523226465,0.000876472037750653,750.0,570.0736739678696,best_timing_bound,0.00625
1,100.0,150.0,161.90430964118386,1.3718115896136283,1.331163283437803,0.015271792474608489,0.00012450737267777345,750.0,570.0736739678696,best_timing_bound,0.00625
2,150.0,200.0,161.68155589332346,1.718054393248707,1.5559773910198373,0.2871157356180585,0.044328949017445884,750.0,570.0736739678696,best_timing_bound,0.00625
3,200.0,250.0,161.72972192076656,1.5563659968037769,1.452101557890444,0.04486075687666393,0.0009846566648404886,750.0,570.0736739678696,best_timing_bound,0.00625
0,50.0,100.0,153.59583851913538,1.1956541863378334,1.1143278229336318,0.06988259315719807,0.005430848134516997,800.0,606.2950294894458,best_timing_bound,0.00625
1,100.0,150.0,153.4086270662389,1.100045089002947,0.9187453700486117,0.12327739786586395,0.021139916509095413,800.0,606.2950294894458,best_timing_bound,0.00625
2,150.0,200.0,153.31292648530044,1.1764162284368354,0.946518215221289,0.14616499578220313,0.025796459072906952,800.0,606.2950294894458,best_timing_bound,0.00625
3,200.0,250.0,153.39114345166422,1.1807226721671498,0.9733271268775354,0.10589637147104751,0.01405863902483584,800.0,606.2950294894458,best_timing_bound,0.00625
0,50.0,100.0,145.63823007038766,1.2582650615028115,1.0262008052529552,0.15700663355860026,0.02312599381811775,850.0,645.4819548424252,best_timing_bound,0.00625
1,100.0,150.0,145.49214647731736,1.3486058750161476,1.1615935124191026,0.04225744630414523,0.0012876148156619749,850.0,645.4819548424252,best_timing_bound,0.00625
2,150.0,200.0,145.41109277793024,1.1286834789709985,1.0664402852357,0.06205184778601451,0.0036371713285529017,850.0,645.4819548424252,best_timing_bound,0.00625
3,200.0,250.0,145.344652078406,1.1914661697614974,1.0201320181321307,0.058302227374088106,0.0031212955428184808,850.0,645.4819548424252,best_timing_bound,0.00625
0,50.0,100.0,138.7690611352966,1.1012463574092237,0.9819278127957887,0.2323872561851478,0.013128868635584046,900.0,682.444649204679,best_timing_bound,0.00625
1,100.0,150.0,138.67176625707896,0.9414547938502551,0.8809611602066809,0.05815780694116086,0.0009315765687223365,900.0,682.444649204679,best_timing_bound,0.00625
2,150.0,200.0,138.6602064709579,1.0501729218640037,0.9009283023300156,0.0820807760319956,0.006241317477662767,900.0,682.444649204679,best_timing_bound,0.00625
3,200.0,250.0,138.573641956841,1.1432291672082044,1.0590603985000655,0.3409313474395284,0.01895395300613223,900.0,682.444649204679,best_timing_bound,0.00625
0,50.0,100.0,132.38316911504174,1.2686493242035795,1.0765131143114957,0.10410571200960018,0.015078406458710392,950.0,721.2714260182299,best_timing_bound,0.00625
1,100.0,150.0,132.13046311327452,1.0483949518120141,0.971484991666614,0.10210387276924185,0.012016301030301824,950.0,721.2714260182299,best_timing_bound,0.00625
2,150.0,200.0,132.11817945435394,1.1494779255344554,1.0212340597452112,0.06281054714321845,0.0036228000057325627,950.0,721.2714260182299,best_timing_bound,0.00625
3,200.0,250.0,132.1458663538901,1.0743390774842112,1.0149449116750304,0.042293690571923455,0.001702329662484181,950.0,721.2714260182299,best_timing_bound,0.00625
0,50.0,100.0,126.95221174149013,1.809984267158697,1.5254452444617925,0.12830745816705696,0.0072357292688057795,1000.0,756.6243660265701,best_timing_bound,0.00625
1,100.0,150.0,126.62403363290834,1.7585157934566809,1.5990332433109131,0.2880095838432439,0.03137803516654614,1000.0,756.6243660265701,best_timing_bound,0.00625
2,150.0,200.0,126.62381421273382,1.6280763032171706,1.4227798432887084,0.20914779601539787,0.016289597961357094,1000.0,756.6243660265701,best_timing_bound,0.00625
3,200.0,250.0,126.59149197857329,1.636339800758364,1.4751847131121139,0.08991613519473668,0.0016968793901446233,1000.0,756.6243660265701,best_timing_bound,0.00625
0,50.0,100.0,116.82476587439622,1.6983453498324081,1.5549648028993914,0.2704187148026012,0.0010522742246492633,1100.0,834.7865599618726,best_timing_bound,0.00625
1,100.0,150.0,116.6553751659881,1.897737609221025,1.7787492254714863,0.23295930223570385,0.0009772666529053176,1100.0,834.7865599618726,best_timing_bound,0.00625
2,150.0,200.0,116.69604294880581,1.8371293327677876,1.5337793605072108,0.5233986239113714,0.018711343731374175,1100.0,834.7865599618726,best_timing_bound,0.00625
3,200.0,250.0,116.4597611934081,1.7350540996897053,1.5982604712056343,0.4778804328054396,0.029186231346986835,1100.0,834.7865599618726,best_timing_bound,0.00625
0,50.0,100.0,108.66945881017507,1.263529973038672,1.1528805633146817,0.3691211374595243,0.04722099023916959,1200.0,906.8051472486442,best_timing_bound,0.00625
1,100.0,150.0,108.52150892945609,1.1418413460930594,0.950863826201612,0.22795251852656281,0.04383998542707035,1200.0,906.8051472486442,best_timing_bound,0.00625
2,150.0,200.0,108.42164170892447,1.1132555542540672,0.9682635621063582,0.35212497352915945,0.037314669347040974,1200.0,906.8051472486442,best_timing_bound,0.00625
3,200.0,250.0,108.399375726828,1.2819083229452986,1.1025700634147029,0.10791380118242756,0.005242480113419101,1200.0,906.8051472486442,best_timing_bound,0.00625
