R0_ohm,Ea_over_k_K,Ea_eV,Rm_ohm,w_K,Tc_K,beta_per_K,T_cooling_transition_K,T_heating_transition_K,bootstrap_sample
1.64445209534367,2321.5391747801964,0.2000547674986942,18.48654088871256,6.560412647657845,333.186419970497,0.29826159933349694,329.9062136466681,336.4666262943259,0.0
0.37744844419107687,2768.723964575606,0.23859017113233877,17.893407039879268,6.8294750634500385,333.4765124280757,0.29536544864229025,330.0617748963507,336.8912499598007,1.0
0.803398600323489,2538.562935683379,0.21875642823344746,18.118060336409282,6.963702125443617,333.5273430070196,0.3020662810783756,330.0454919442978,337.00919406974145,2.0
0.46575597406246194,2709.9695177441927,0.23352710464263132,17.852607209369786,6.940664457177053,333.152699058558,0.27471390493063663,329.6823668299695,336.62303128714655,3.0
1.0207045525355691,2450.316435922979,0.2111519332570438,17.946772391484476,6.892494197966229,333.581259155306,0.2920669056449252,330.13501205632286,337.0275062542891,4.0
0.4844107850481868,2687.330221466574,0.23157620103421736,18.275785080174355,7.229886643826906,333.65042548223795,0.3057964993974704,330.0354821603245,337.2653688041514,5.0
0.47522869880998414,2693.0744662700295,0.23207120175231621,18.425745826306112,7.066736163577774,333.5187764593658,0.29388023871439134,329.98540837757696,337.0521445411547,6.0
0.9694133477564538,2479.2813194106325,0.2136479337961249,17.86331918074427,6.81604233276458,333.3036341602302,0.2864890160895793,329.8956129938479,336.7116553266125,7.0
1.492128823239053,2332.839317406885,0.20102853844791727,18.112085608420372,6.974699365430018,333.38933430262006,0.29792825738330886,329.901984619905,336.8766839853351,8.0
0.577911796500134,2636.007749124495,0.22715357255420263,18.067985896635626,6.641797751210531,333.9655949612976,0.33014540895637884,330.6446960856923,337.2864938369029,9.0
0.7177310233055602,2576.180041338135,0.22199801959123647,18.227366338204387,7.268129968100009,333.35479970920727,0.2961797430066698,329.7207347251573,336.98886469325726,10.0
0.7503390400950679,2552.761371479511,0.2199799547639913,17.95313228581253,6.897642861217415,333.4011392238839,0.2922220693492001,329.9523177932752,336.8499606544926,11.0
0.8713468056465115,2503.1641158377624,0.21570599395653572,18.510919399030286,6.825888682596152,333.42100551258534,0.29367604768991123,330.00806117128724,336.83394985388344,12.0
0.330734691874622,2817.8934362449468,0.24282726836925056,18.354067892160813,6.667407716632634,333.62200835455263,0.3060676787945228,330.2883044962363,336.95571221286895,13.0
1.3060350245229277,2371.962240225195,0.20439989108900605,18.614447244349805,6.629212725886092,333.49735978882927,0.29812526907914594,330.18275342588623,336.8119661517723,14.0
1.4279638225627276,2354.0808814325296,0.20285899481006817,17.8898874448486,6.845727852199561,333.36578962729476,0.2898008436863567,329.94292570119495,336.78865355339457,15.0
0.5271036655578111,2653.453503063297,0.22865693131117767,18.137183413877512,6.90188879006592,333.4124525141117,0.2916394191042384,329.96150811907876,336.8633969091446,16.0
0.7937409714572828,2538.525724843905,0.21875322165140043,18.682340581275508,6.419407001481546,333.6774540782025,0.31811904404255004,330.46775057746174,336.8871575789433,17.0
1.840325604925108,2272.5702782160015,0.19583495448703345,18.36096721098293,7.140888931518457,333.34190629458584,0.2903571111807919,329.7714618288266,336.9123507603451,18.0
0.9434782551072195,2494.0057865304825,0.21491679019889598,18.44680916771409,6.859404600201963,333.8071060243925,0.33353636250675983,330.3774037242915,337.2368083244935,19.0
1.1179039598501548,2438.5195511119787,0.21013535637834563,18.605947026600017,7.115513089857758,333.4641588084933,0.3030446209613754,329.9064022635644,337.02191535342223,20.0
0.3872546582371294,2768.3652357457245,0.23855925827356103,17.816030820755522,7.062157628798677,333.6227910561472,0.30243615359604803,330.09171224174787,337.15386987054654,21.0
1.2697087027240297,2385.167933432202,0.20553786968221116,18.7637934113227,7.2396123188226005,333.4309945702771,0.2946119547409825,329.8111884108658,337.05080072968843,22.0
1.663428415440843,2310.7376550839667,0.1991239645491095,18.430170154082493,6.934650707837592,333.6621366243261,0.31381751969438987,330.1948112704073,337.1294619782449,23.0
0.4578324103786059,2699.400759784979,0.2326163595476317,17.793962158961133,6.7944765571704515,333.6659362019515,0.3024088138839369,330.2686979233663,337.06317448053676,24.0
1.812770108898884,2280.702611059994,0.19653574471017535,18.46624116796325,6.7673519934812,333.3423501172634,0.3032713651690625,329.9586741205228,336.72602611400396,25.0
0.40823504628874285,2753.1569985711153,0.2372487137929496,17.965302813725934,6.82797554017413,333.0559916289702,0.27702763210300324,329.64200385888313,336.4699793990573,26.0
0.5351546279387216,2660.4031176024087,0.22925580275643734,18.004743684181076,6.84910695155691,333.62469978127257,0.3108104762605238,330.2001463054941,337.049253257051,27.0
0.6892447930543361,2587.8601349976825,0.2230045321871934,18.304589168519826,6.959469698402791,333.5402622440593,0.304855583274104,330.0605273948579,337.0199970932607,28.0
0.9035969702723022,2500.7901647264325,0.21550142267779546,18.344314190944036,6.906270644995271,333.36097231171703,0.2879386892687013,329.9078369892194,336.8141076342147,29.0
0.9849685758977847,2466.9388415249705,0.21258434134392876,18.03917846025351,7.090359369880808,333.2969865145648,0.2926113185121812,329.7518068296244,336.84216619950524,30.0
0.4784066001193679,2692.479545585805,0.23201993545431204,18.42302422793189,7.033792798020208,333.6624505980711,0.3095007339279314,330.145554199061,337.17934699708115,31.0
0.9792571988787994,2472.8915421364236,0.21309730539370678,18.16957311676378,6.840577430869328,333.3623208480082,0.29684344609255137,329.94203213257356,336.78260956344286,32.0
1.0094506195058088,2465.9738290235496,0.21250118300066134,18.34805321164329,6.939440456203634,333.637504798881,0.3165557182955582,330.1677845707792,337.10722502698286,33.0
1.1202144151085112,2436.361896445609,0.20994942408510148,18.5572133815138,7.027050430177785,333.3616650407902,0.2954225226231232,329.84813982570125,336.8751902558791,34.0
1.0677612018604423,2448.6659913560925,0.21100970894841062,18.09512993077219,6.927320488852897,333.0742971114869,0.2848912573804834,329.61063686706046,336.5379573559133,35.0
0.6755365580498761,2584.8513143552545,0.22274525208517953,17.870314865171068,7.061603299866306,333.6746799388035,0.30605091005838125,330.1438782888703,337.20548158873663,36.0
0.6202292255370492,2616.633380110129,0.22548401860882505,17.90942551843448,7.040958443156904,333.60400700329893,0.3170645835764759,330.0835277817205,337.1244862248774,37.0
0.7758435018326655,2543.2812003536014,0.21916301682426376,18.113088187530607,6.802410060331493,333.507850120905,0.2889451486255634,330.1066450907393,336.90905515107073,38.0
1.2317218165473198,2397.8384228945374,0.2066297279851072,17.86328019183959,6.7310359008504275,333.38858743958343,0.3104537245341758,330.0230694891582,336.75410539000865,39.0
0.687073633155149,2583.551593061976,0.22263325076986054,18.173205969660323,7.099835241823341,333.41813051041515,0.2942558536835406,329.86821288950347,336.96804813132684,40.0
0.8118116414391794,2541.794451043722,0.21903489868146095,18.99137238949239,6.833918894941116,333.2761973537388,0.3006708328766198,329.8592379062682,336.69315680120934,41.0
0.8821888976774557,2506.1951350331415,0.21596718698183673,17.710449325722802,7.293887985362239,333.5246999595857,0.30707671195574,329.87775596690454,337.17164395226683,42.0
0.4057138294009177,2744.1999775972035,0.23647685744528038,18.277224792906086,6.980153970341628,333.6325058540597,0.30108515138848535,330.1424288688889,337.12258283923046,43.0
0.4769693660744915,2691.743650587039,0.23195652092980998,17.760425034304642,6.9602417173855065,333.8014721061244,0.3112301402502918,330.3213512474316,337.28159296481715,44.0
1.522846949283247,2341.7873265936882,0.20179961821985848,17.66853975310745,6.740917900811533,332.8874916237317,0.27988086727864114,329.51703267332596,336.25795057413745,45.0
0.9020250477444071,2502.9332158093216,0.2156860965315829,17.799974054547608,7.160067220631292,333.44562435637556,0.2959274292992165,329.8655907460599,337.0256579666912,46.0
0.798545368022385,2538.620987654213,0.2187614307652394,18.573978056870015,6.7418979731702695,333.5159315480792,0.31552552890230123,330.1449825614941,336.88688053466433,47.0
0.8026258790319202,2535.8702764861855,0.21852439281681543,18.07193452570839,7.042988646664543,333.59872993061373,0.3066737516476389,330.07723560728147,337.120224253946,48.0
0.38936893695747465,2748.935815477304,0.23688496037815665,17.942565055179966,7.02893012557924,333.88128112496474,0.31705171591197223,330.36681606217513,337.39574618775436,49.0
0.5009826882479566,2686.458450006955,0.23150107758225896,17.90669580884259,7.113107880946645,333.5837406283964,0.2929753758194684,330.02718668792306,337.14029456886976,50.0
0.25923122440635354,2881.365272551494,0.24829684803129684,18.244293416610535,7.159093742325407,333.8985212196956,0.30266795344539144,330.31897434853295,337.4780680908583,51.0
1.0812998542819545,2450.222266503084,0.21114381836430055,17.990976185389982,6.680292617228603,333.44563000815293,0.3115887324372637,330.10548369953864,336.7857763167672,52.0
1.3612768349427165,2383.4393210452467,0.205388909392019,18.273744250651603,6.827090449916715,333.35406340412806,0.2891719548444712,329.9405181791697,336.7676086290864,53.0
0.8229077362030655,2531.019346103742,0.21810637197945265,18.25117825327793,6.829063121071108,333.2903514134094,0.2940805178292617,329.8758198528738,336.70488297394496,54.0
1.1177368865532662,2433.865427913658,0.2097342950719223,17.783278035132373,6.950470118357914,333.36501667281465,0.29439925760783003,329.8897816136357,336.8402517319936,55.0
1.3265791689610422,2388.902987401535,0.20585973173026414,18.61829878056449,6.709929815288454,333.33911401086124,0.30187189618030763,329.984149103217,336.69407891850545,56.0
2.2689709650268424,2216.8812568533567,0.19103604592586795,18.354023584993577,6.999050938203763,333.396831335826,0.30614045575995746,329.89730586672414,336.89635680492785,57.0
0.42214082115032764,2732.884569837719,0.23550177104869138,18.34448173588109,7.056137025375423,333.84444085507937,0.31939221066901335,330.3163723423917,337.37250936776707,58.0
1.4948373215050206,2335.5044368191434,0.2012582006695018,17.96458845382025,6.925253385495359,333.55041671306594,0.294570906279125,330.08779002031827,337.0130434058136,59.0
0.5606132286616374,2641.7645704251972,0.22764965703098194,18.48962977175715,6.89785346836553,333.695486725405,0.30608222361100407,330.2465599912222,337.1444134595877,60.0
0.5342432634858005,2665.5137546211345,0.2296962033801521,18.257656042419935,6.8668366557253435,333.71064565176664,0.31645829070687814,330.27722732390396,337.1440639796293,61.0
1.2695132681226897,2391.09671511567,0.20604877255825202,18.358693566083762,7.184530142830371,333.5008711669345,0.3023836514462425,329.9086060955193,337.09313623834964,62.0
0.9762012647079181,2480.867212879263,0.2137845955214971,17.937286596578144,7.065642242740696,333.40528910115046,0.2906334187104332,329.8724679797801,336.93811022252083,63.0
1.3969012767196656,2366.7394983781287,0.20394983001863043,17.97090842074425,7.020435635510795,333.0987268343037,0.2937457384438546,329.5885090165483,336.6089446520591,64.0
1.2203610341914326,2397.0972238271256,0.20656585639133349,18.467431911466967,6.949354159734094,333.53747559921396,0.30618396444040763,330.0627985193469,337.012152679081,65.0
0.28722718628232724,2854.4635512376085,0.24597863705246484,18.20120562410934,7.167871568474589,333.56726309352297,0.29000233035377554,329.9833273092857,337.15119887776024,66.0
0.9625411692118476,2467.1699763811484,0.21260425900477026,18.167848454675898,6.985867737559107,333.69733484780204,0.30804958617070755,330.20440097902247,337.1902687165816,67.0
0.4229352843860917,2731.89263767074,0.23541629294812982,18.597593082033146,7.087869904555355,333.79518631318854,0.3132811483801022,330.2512513609109,337.3391212654662,68.0
1.0737686884001951,2444.6708456372303,0.21066543392751372,17.856202861245816,6.943981235891566,333.373401869829,0.28922072179702474,329.90141125188325,336.8453924877748,69.0
0.6976064502587666,2569.947231845205,0.2214609176256451,17.723840033149216,6.756836670027077,333.5396756453341,0.29761726867550836,330.1612573103206,336.91809398034763,70.0
0.7337494823487856,2557.5386425769707,0.2203916281352886,17.83558857174626,6.967563838810638,333.7761013106304,0.30915111345462887,330.2923193912251,337.2598832300357,71.0
0.5518467940537831,2653.672285939037,0.2286757845607004,18.29492884102732,6.717499827712896,333.40475780852023,0.293568927821906,330.0460078946638,336.7635077223767,72.0
0.45241386757638075,2698.1411879282073,0.23250781804305934,18.75105850014091,6.799877821315816,333.80497070816654,0.3233892763571811,330.4050317975086,337.20490961882444,73.0
0.27671458335329885,2869.827941343895,0.2473026377515973,18.65506632823628,7.1567238907493085,333.6922757003216,0.31618489548120027,330.11391375494696,337.27063764569624,74.0
1.116600042207827,2434.986944288563,0.20983093987553575,18.37096934199547,7.083960193772463,333.3247873618801,0.28903687442707454,329.7828072649939,336.86676745876633,75.0
0.825834089669198,2529.3916662619113,0.21796610938304373,17.959597100271317,6.969908703542836,333.3373501078215,0.29357973225137873,329.8523957560501,336.82230445959294,76.0
1.0235649961564974,2462.9386796944495,0.21223963406797344,18.172989305109702,6.4121829046163406,333.18055298173886,0.2859080169863447,329.9744615294307,336.386644434047,77.0
0.4288886715961666,2726.7373557259084,0.23497204512234796,18.485153787910452,7.122421104400468,333.85798916245307,0.3162977679323305,330.29677861025283,337.4191997146533,78.0
0.714845030934161,2577.932262606278,0.2221490143374,17.9413646998511,7.092260913002632,333.3806399015177,0.28738672582906144,329.8345094450164,336.92677035801904,79.0
1.228522863823991,2411.1874654484654,0.20778005946926537,17.876856426912198,6.765471902530125,333.03862593743884,0.26881020468377065,329.65588998617375,336.4213618887039,80.0
0.6709775578262579,2586.260553513779,0.2228666909199282,18.049502791400364,6.89350742855682,333.7665473534894,0.31234404729099274,330.31979363921096,337.2133010677678,81.0
0.7244233541123228,2555.828010703827,0.22024421728589383,18.980460493418075,7.096023619750497,333.6033342999961,0.2986075666044909,330.05532249012083,337.1513461098714,82.0
1.3416611487889412,2376.7821387302715,0.2048152378060787,17.666334565172484,6.872444348521697,333.499618674659,0.30524278411530364,330.0633965003982,336.93584084891984,83.0
0.5852244594238379,2633.2559102369673,0.22691643742643106,18.275281317729185,7.083059154220394,333.83704783847924,0.31052055106111476,330.295518261369,337.37857741558946,84.0
1.1679818138725515,2416.5012200322217,0.20823796341047246,18.0626764397482,6.883629856490187,333.458538888084,0.3074681191727839,330.0167239598389,336.9003538163291,85.0
0.7911191614580141,2538.026481073844,0.2187102001519445,18.52337098729995,6.888259672597804,333.7241827821133,0.3222822363774148,330.2800529458144,337.1683126184122,86.0
0.9102766572774363,2498.0719976689243,0.21526718916383208,18.368749234323975,6.843070146097641,333.5728466276375,0.31141726556158433,330.1513115545887,336.9943817006863,87.0
0.7266284322917144,2579.9629171188512,0.22232400260414825,18.2859484388738,6.896502670288139,333.4047719480883,0.30802746597515934,329.95652061294425,336.85302328323235,88.0
0.8039459468084797,2529.0475060926433,0.21793645195430283,18.281046208982524,6.987568537842798,333.6433465900173,0.30507040480662784,330.1495623210959,337.1371308589387,89.0
0.5503593047205941,2657.860598461512,0.22903670540881613,17.680725398810324,6.8631529531039455,333.63328404972015,0.31167137727335487,330.20170757316816,337.0648605262721,90.0
0.3730734451053298,2774.164882069788,0.2390590331253229,18.174162474977845,6.732227608397769,333.5696075597064,0.30040724708642297,330.2034937555075,336.9357213639053,91.0
0.5176910417541241,2670.6814112204383,0.23014151757114984,18.37796517999527,7.196624625221394,333.6329355165366,0.29838524714480114,330.0346232039259,337.23124782914726,92.0
0.6198145820923183,2616.4438569737745,0.22546768676855677,18.168222997662806,6.737559561585612,333.5645076440889,0.3105143345503004,330.1957278632961,336.9332874248817,93.0
1.5112633706860876,2340.890387750383,0.20172232601057455,18.283447534029797,6.726097180690619,333.3455696797865,0.3010103174119127,329.98252108944115,336.7086182701318,94.0
0.9135705528674389,2497.1885637784135,0.2151910607213373,18.12859445776014,7.288215219522336,333.3694429035782,0.29122188659431747,329.725335293817,337.0135505133394,95.0
1.2010631821536528,2410.1514953675796,0.20769078647490083,17.6453669673805,7.060831899071878,333.5406184596838,0.3070319799301905,330.01020251014785,337.07103440921975,96.0
1.0033237083798507,2464.364191042574,0.21236247513152895,18.22779735986255,6.797763359263158,333.3768074831447,0.3036692257809989,329.97792580351313,336.7756891627763,97.0
0.7315912093110644,2567.105227552997,0.2212160126444652,18.083147944242274,7.113916085849729,333.573560500689,0.30599245633695854,330.0166024577641,337.13051854361385,98.0
1.4252878927406922,2359.2401065323693,0.2033035824306581,18.210842656330797,7.180138381015031,333.3642685439208,0.295135190972921,329.7741993534133,336.9543377344283,99.0
1.1165294539060966,2440.809067188943,0.21033265160878473,18.36093212035213,6.512066784994179,333.3068650837034,0.2984376010651258,330.0508316912063,336.56289847620053,100.0
0.8323057757226021,2527.325178859266,0.21778803327674054,18.320241872289426,7.108136732708059,333.33199397126435,0.289514020053935,329.7779256049103,336.8860623376184,101.0
1.0505425250870775,2439.8330872606316,0.2102485481657919,18.315110204333322,6.7997028728163365,333.6039670729774,0.3061748047120381,330.20411563656927,337.00381850938555,102.0
1.1688557440215028,2423.473625641475,0.20883879883820017,18.76348089327586,6.902902772686332,333.5402316860715,0.3070054030512907,330.08878029972834,336.9916830724146,103.0
0.6087689523653781,2617.036021200027,0.22551871553339128,17.957557579794276,6.926249209424295,333.33018892094543,0.28417455768057126,329.86706431623327,336.7933135256576,104.0
2.050688064064982,2243.639049317413,0.19334185407605003,18.044992802385583,7.022417891982724,333.3828393310134,0.30763628855338504,329.871630385022,336.89404827700474,105.0
1.8108675997830006,2280.684810966422,0.19653421081679132,18.704173357394605,6.953190743049679,333.554077369228,0.31924017227075024,330.07748199770316,337.0306727407529,106.0
1.033420720662248,2466.806778910863,0.2125729610683566,18.487261718388368,6.801673753822921,333.21285756782993,0.2942520294804587,329.8120206909185,336.6136944447414,107.0
0.8923633713899889,2506.0079372017417,0.21595105552084576,17.730225619225944,7.271841291485845,333.18054601618206,0.27727382283378255,329.5446253704391,336.816466661925,108.0
0.9526676268759994,2480.16287413958,0.2137239003050052,18.311954802393767,7.160396563529125,333.424330398993,0.2887172378583021,329.8441321172284,337.0045286807576,109.0
1.2707750089749328,2398.1417049275674,0.20665586280861717,17.571579401324087,7.073301481287034,333.25632059324073,0.29645504987689697,329.71966985259724,336.7929713338842,110.0
0.5536319352151385,2661.3628667484436,0.22933850753883037,18.547604665066483,6.867325407024843,333.562047971912,0.3072215496053401,330.1283852683996,336.99571067542445,111.0
1.2341090619291126,2406.8070703219055,0.2074025862230173,17.804007277965706,6.880664143441452,333.2952802503713,0.29249535238041097,329.8549481786506,336.73561232209204,112.0
1.1096233742576194,2436.0395301450235,0.20992164470665564,18.336006960568238,6.758959737339855,333.3127106199735,0.2976513021445329,329.93323075130354,336.6921904886434,113.0
0.5419954443886048,2663.6174263279263,0.22953279045138475,18.38878258235435,6.931570363222678,333.6328401707131,0.29762459978034317,330.16705498910176,337.09862535232446,114.0
0.5905010961435232,2633.0600974047647,0.2268995635821104,18.578170412005562,7.03286552194944,333.4926145029455,0.29626125180331697,329.9761817419708,337.00904726392025,115.0
0.9883093321999432,2466.1099063561637,0.21251290923790675,18.02340598606339,6.8594452219715425,333.4392721569046,0.2977176033837349,330.00954954591884,336.8689947678904,116.0
0.4652912734964039,2692.67877220619,0.2320371034761372,18.439539440581488,6.950619417480963,333.74463313189307,0.3118035900004125,330.26932342315257,337.21994284063356,117.0
0.612335383587285,2623.9826037908742,0.22611732570556467,18.345058987874786,7.118957369998732,333.4931835293236,0.3007377416557455,329.9337048443242,337.05266221432294,118.0
1.3517334446321025,2379.211106903431,0.2050245500883877,17.988108642246978,6.843277110267548,333.4835750606009,0.30306626323786706,330.06193650546714,336.9052136157347,119.0
0.3030076524040494,2828.6069341774187,0.24375048619010914,18.215046233579038,6.8223681105453196,333.7316061655551,0.3041433108486716,330.32042211028244,337.14279022082775,120.0
0.8490115561770605,2513.5136441427644,0.21659784730162276,18.27515822568116,7.155853694909042,333.47659113399544,0.2969303605014184,329.8986642865409,337.05451798145,121.0
1.3699806453997592,2367.412931348019,0.20400786198194207,18.03175043308497,6.8382068105732206,333.34832808097366,0.28785277123753733,329.92922467568707,336.76743148626025,122.0
0.6711104431325426,2592.4860478882724,0.22340316251738535,17.776855181412508,7.233792407511343,333.620534239818,0.3077136640423946,330.00363803606234,337.2374304435737,123.0
0.4743029637438426,2695.457207748318,0.23227653052627226,18.35032821583239,6.850025903793532,333.6596935755836,0.31027996850477324,330.23468062368687,337.08470652748036,124.0
1.2122125922830143,2408.118312455084,0.20751558032750503,19.24397579665131,7.133600533139809,333.55747008876085,0.3069183654725003,329.99066982219097,337.12427035533074,125.0
0.4678926633851789,2702.645827399961,0.23289599783859197,18.357439881707087,6.950603393157618,333.41886430037897,0.28905422764832644,329.94356260380016,336.8941659969578,126.0
0.5710024148501411,2646.670325993121,0.22807240233728904,18.226295130691078,6.9263038604311395,333.5271272286381,0.29923611281496126,330.0639752984225,336.9902791588537,127.0
1.1546033090674548,2419.8957536045555,0.20853048168109092,18.389231618246285,6.890326623996311,333.3312275312686,0.29456575781091066,329.88606421927045,336.77639084326677,128.0
0.517400420959358,2675.5713326013547,0.2305628983927932,18.332487690731185,6.5724206166849,333.57545697401844,0.3018288346759595,330.289246665676,336.8616672823609,129.0
1.0773712424942041,2440.0202144499344,0.21026467353931794,18.181992569794005,6.873034112159273,333.43931034231076,0.2999679547376819,330.0027932862311,336.8758273983904,130.0
0.7673491943092423,2546.9058937402588,0.2194753687331177,18.032415802925033,6.665649217851816,333.3028391092646,0.2879125984748226,329.97001450033866,336.63566371819053,131.0
1.1871048912932791,2420.6485524077752,0.2085953528627567,17.68054761297485,6.66742775455411,333.16040321640224,0.28168617603247387,329.8266893391252,336.4941170936793,132.0
1.561829040623867,2328.215907106478,0.20063012377426154,17.993501478269295,6.970117956387265,333.3409325784306,0.29502305353421104,329.855873600237,336.8259915566243,133.0
0.5030262548788595,2684.479244223094,0.2313305228239229,18.013170244288453,6.926468952163092,333.5797991738584,0.29518231652645016,330.1165646977769,337.04303364993996,134.0
0.7544367162579257,2550.1103586418944,0.21975150815295547,18.311648065863803,6.6910558356211425,333.7131831260565,0.3141677853473524,330.36765520824594,337.05871104386705,135.0
1.4387125498850795,2348.9382090225768,0.2024158335899296,18.017296989793778,6.673964301533572,333.19610979786705,0.29190575006772745,329.85912764710025,336.53309194863385,136.0
0.9954047396119904,2471.059628162977,0.21293944326154174,17.776577425532476,6.699498981655098,333.3285739484955,0.2837329597824733,329.97882445766794,336.67832343932304,137.0
1.2419767534492565,2397.7517564489876,0.20662225964866784,17.758061142423916,7.062654036096002,333.15337960576267,0.28141479391574237,329.6220525877147,336.68470662381065,138.0
0.6290321446886072,2610.2033815493487,0.2249299242041008,18.79067981582889,6.96097953690086,333.4632815352074,0.29011346660817783,329.982791766757,336.9437713036578,139.0
0.5364463668240297,2648.6029695778384,0.22823894467575082,18.467273890488187,7.353447410998579,333.6859460415219,0.30440763377773034,330.0092223360226,337.3626697470212,140.0
1.356191957668601,2374.433961490686,0.20461288754776116,18.185380093537006,6.8884149794601885,333.2111477361893,0.29277934174640574,329.76694024645917,336.6553552259194,141.0
0.7367378975054877,2557.565494776077,0.22039394207877375,17.703534262113838,6.829674336747608,333.4872351059376,0.29632284099785183,330.0723979375638,336.9020722743114,142.0
0.9614911577197938,2479.610334975574,0.21367628616383977,18.19240949994351,6.899529242588188,333.46414956420625,0.3026187718742336,330.01438494291216,336.91391418550035,143.0
1.3788095904944768,2370.6795452369656,0.20428935698713538,17.87128617565736,7.002080396081344,333.31662989022055,0.2932362052792869,329.81558969217986,336.81767008826125,144.0
0.9058692208853134,2497.7000331126296,0.21523513573839964,17.80304156428287,7.227723364850029,333.40974891174955,0.29936589533166147,329.79588722932453,337.02361059417456,145.0
0.7128786938903519,2582.0063261752716,0.22250008997244589,18.849295660916244,6.803666792246487,333.42784858049026,0.30389926635907727,330.026015184367,336.82968197661353,146.0
0.7936776488157737,2547.489274607716,0.21952564060665325,18.061076508374278,6.836267241663531,333.4781779368699,0.3077196253888815,330.0600443160381,336.89631155770167,147.0
1.6027831421912275,2322.371094896726,0.20012645682760916,17.67093147547519,6.917854104151624,333.23547627760007,0.2912711584941288,329.77654922552426,336.6944033296759,148.0
0.968652016544563,2471.77549488672,0.21300113188283842,18.45067808991482,6.875162798410338,333.51327337918923,0.3123578836248164,330.0756919799841,336.9508547783944,149.0
1.6532305647175864,2314.7042273914903,0.199465777303927,18.638966834643046,7.092155653654611,333.1592842474722,0.2842068847173194,329.61320642064493,336.7053620742995,150.0
1.6248021632815488,2321.9798958262027,0.20009274589998433,17.864381714129784,7.055071911827943,333.25448682888555,0.2924163200969863,329.7269508729716,336.7820227847995,151.0
0.4034150290140091,2748.3819330098754,0.23683723048005856,18.698746922011356,6.9384325653761945,333.85128028022405,0.3062839194624681,330.38206399753597,337.3204965629121,152.0
0.7347515966405047,2561.174502420537,0.22070494229494794,18.52703222904576,7.085165656140195,333.47650629882526,0.295816270097277,329.93392347075513,337.0190891268954,153.0
0.80291788292534,2534.3210085985206,0.2183908872398142,18.554190378168958,7.160376129889713,333.46674113557407,0.3099164875942544,329.8865530706292,337.04692920051895,154.0
0.6657150445884201,2592.4801935518117,0.22340265802970224,18.710206330441878,7.216752073991595,333.44828197435163,0.2906772593083837,329.8399059373558,337.05665801134745,155.0
0.43961195688511867,2717.590963254394,0.23418387000162708,18.205659849151974,6.878229377090772,333.4870481089762,0.29177071108920105,330.0479334204308,336.92616279752156,156.0
0.5463476831341445,2653.7253915581896,0.2286803608488836,18.462461542800657,6.974383493276777,333.5543989932984,0.28724085628702306,330.06720724665996,337.0415907399368,157.0
0.7256246924669274,2571.342573353312,0.22158115885354174,17.67663068622928,6.887018459593871,333.5554889028955,0.2923974860697158,330.1119796730986,336.9989981326924,158.0
1.9293206033743158,2271.8737882090154,0.1957749356219949,18.412303068158327,6.421019313358118,333.13727441911567,0.2888116941458318,329.9267647624366,336.3477840757947,159.0
0.757904009713246,2551.2913205240407,0.2198532755740372,17.542437324837188,7.096717039321285,333.70525534052365,0.31728556392639834,330.156896820863,337.2536138601843,160.0
0.4772901475696521,2689.236676549916,0.23174048662223926,18.17174501220986,6.904612027753385,333.5527208310283,0.298047685352841,330.1004148171516,337.005026844905,161.0
0.4803066554861835,2698.9676593697586,0.23257903784149306,17.6214827024025,7.144266251507794,333.7552353184924,0.3109541450548623,330.1831021927385,337.3273684442463,162.0
0.6542987719734893,2598.5681778138573,0.22392727992250083,18.427547349693924,6.997559967707393,333.77442785292254,0.314484541876891,330.27564786906885,337.27320783677624,163.0
1.1356607178747125,2429.6783235662533,0.20937347833627873,17.40658192959731,6.722584236925171,333.2839323169535,0.2943864182753128,329.9226401984909,336.6452244354161,164.0
1.1410727796530495,2425.227130310621,0.2089899041793052,17.71309265006732,6.838049629274925,333.3152958337346,0.29513007674151426,329.8962710190971,336.73432064837203,165.0
0.672427318555914,2595.9464343219142,0.2237013555485253,18.502346709897388,7.145030246296033,333.53836120684974,0.3028962691920854,329.9658460837017,337.1108763299978,166.0
0.9066713768530008,2496.987986745892,0.21517377632999793,18.07822276188004,6.85969633196048,333.47499356443467,0.30007850008602216,330.04514539845445,336.9048417304149,167.0
0.592101249647699,2625.6374877405533,0.22625993257060786,18.357912164408347,6.939301939576784,333.72955469021167,0.30362208840243854,330.25990372042327,337.1992056600001,168.0
0.9862361510538264,2466.0067325731434,0.21250401840918487,18.07655215098667,7.201195165474396,333.647257317639,0.30643385118702227,330.0466597349018,337.2478549003762,169.0
0.43244179252914655,2723.297032096558,0.2346755809699155,17.625850462273743,6.735846410582399,333.612095421129,0.2985987483184983,330.2441722158378,336.98001862642025,170.0
0.9916452808958311,2472.1186023889845,0.21303069859975549,17.951435182368932,7.0953152132535795,333.41494136445084,0.2931089522995981,329.86728375782405,336.9625989710776,171.0
0.9742424631897928,2478.0164926066336,0.21353893945523722,18.059176132281806,6.84013886480008,333.5931622948665,0.29968962039576125,330.17309286246643,337.01323172726654,172.0
0.9101027319227235,2490.2838552475846,0.21459605897646605,18.196502162582963,6.8342917772185805,333.32951315392216,0.2863577847395506,329.91236726531287,336.74665904253146,173.0
0.8958614988953776,2501.7476084342543,0.2155839287928945,18.47535057424221,6.868128277109181,333.4908536559759,0.2973581338946489,330.0567895174213,336.92491779453053,174.0
0.5730247222521596,2644.6700578234622,0.22790003256297584,18.00648632692714,6.817663599545104,333.69123866556845,0.31531464892259325,330.2824068657959,337.100070465341,175.0
0.9400427051140512,2473.7371328246395,0.21317017276134279,18.29281487881865,7.111536658825641,333.6328718889013,0.3039953522145565,330.0771035594885,337.18864021831416,176.0
0.8001520708124826,2533.306281773702,0.21830344484762065,17.31640130392991,6.965427550852083,333.39086297036386,0.2887218452106118,329.90814919493783,336.8735767457899,177.0
0.9974702163769615,2463.843154824729,0.21231757570422152,18.181637962488807,6.945487780138328,333.4873000242305,0.30060383044460903,330.0145561341613,336.96004391429966,178.0
0.9839445610343084,2466.4736027300546,0.21254425016650674,17.624665204096594,6.913414209120926,333.40705393467783,0.29675674269494307,329.9503468301174,336.8637610392383,179.0
1.003993049693175,2463.186558016027,0.21226099456902803,18.04813759224914,6.941063333971639,333.5079283287359,0.3000889997940645,330.03739666175005,336.9784599957217,180.0
0.7670629052571959,2546.474986873418,0.21943823605235319,17.93200733075957,6.696711976037337,333.26598559286026,0.28567950955674964,329.9176296048416,336.61434158087894,181.0
1.0381795213520162,2453.4648191453084,0.2114232399316768,18.422059301352526,6.987581818001566,333.4118469385858,0.2944405478157686,329.91805602958505,336.9056378475866,182.0
0.653410804361608,2599.6277920866887,0.22401859041568242,18.103194004200464,6.488036846543006,333.31906404822433,0.2884546558088307,330.07504562495285,336.5630824714958,183.0
0.28646119158375,2860.332699597365,0.24648440112626627,18.454081500754143,7.07059829379338,333.7253684290385,0.30424168093975895,330.1900692821418,337.2606675759352,184.0
1.0418137154045073,2466.1008262670503,0.21251212677636735,18.248114498289254,6.724245723807781,333.22884719202347,0.2859085324052137,329.86672433011955,336.5909700539274,185.0
1.1604983151148767,2428.454468129342,0.20926801463463496,18.07587728093848,6.953085107673038,333.2240636965146,0.2961572763931613,329.74752114267807,336.7006062503511,186.0
1.0102211117745816,2466.6784784595347,0.212561904990889,18.173580528402166,6.935133589824671,333.3823546382764,0.29216482207314004,329.9147878433641,336.84992143318874,187.0
0.5384562231895128,2658.4121548715793,0.22908423486279955,17.81509062764519,6.983129178574309,333.7775058408341,0.3011926884000085,330.28594125154694,337.2690704301213,188.0
1.002451334560864,2462.444383700128,0.21219703893484204,18.382848189373917,6.992495916806939,333.69854129938483,0.3142957721071403,330.2022933409814,337.1947892577883,189.0
1.5449154605164654,2338.9767339608225,0.2015574200860472,18.018724451957493,6.893651957322344,333.20925539676034,0.2830969656952144,329.76242941809915,336.65608137542154,190.0
0.5019612380435784,2675.4581900891344,0.23055314852545417,17.830160115012493,6.622185844711039,333.6008850542787,0.3044232314019844,330.2897921319232,336.9119779766342,191.0
1.4516304116085608,2354.909745480077,0.20293042078733423,18.76385202942654,6.673039091431885,333.34785824390326,0.30003552762664387,330.01133869818733,336.6843777896192,192.0
0.7515064935678982,2555.99261384967,0.22025840168753083,18.30469464265226,7.030461433698534,333.36190184594693,0.29246445901926077,329.8466711290977,336.8771325627962,193.0
0.6601384999517558,2591.0600739450706,0.22328028159047036,18.28216608880376,7.029226847789111,333.69861224213753,0.30569111507890334,330.18399881824297,337.2132256660321,194.0
0.42155875844808743,2734.646959956253,0.235653642078582,18.25290023418021,7.316579321142952,333.7956605755838,0.323816263941298,330.1373709150123,337.45395023615526,195.0
0.6537479160263756,2601.9653519069466,0.22422002573559266,18.04035882275236,6.664726380607852,333.5290947617598,0.2928683913091196,330.19673157145587,336.8614579520637,196.0
0.7491931376611131,2551.5864549310763,0.2198787082894623,18.303778670364537,7.231395689207207,333.6920550576833,0.3109172525930351,330.0763572130797,337.30775290228695,197.0
0.5013832580653499,2677.7822175602,0.23075341771773633,18.557235240357556,6.940435884515501,333.7329951999915,0.31683020630258657,330.2627772577337,337.20321314224924,198.0
0.47444762084137354,2697.1988402740476,0.23242661280521376,18.72289547634764,7.456945627090861,333.58043228658426,0.3026285058435984,329.85195947303885,337.30890510012966,199.0
1.2208998319137152,2405.733682788688,0.20731008884208718,18.255144784710073,7.131108029150582,333.49909442670383,0.3020500251034943,329.93354041212854,337.06464844127913,200.0
1.0866637993778256,2444.0736006165953,0.2106139673336949,18.050310304338595,7.144838389070676,333.3816069227907,0.2918363892152531,329.8091877282554,336.954026117326,201.0
1.1726317188016222,2417.8623868043296,0.2083552596874766,18.447205592411144,7.1255529994597,333.2301988208707,0.29446673607727797,329.66742232114086,336.7929753206006,202.0
1.0848051431662242,2441.3062067786186,0.21037549178400441,18.877819111364722,7.018534116318004,333.279830878403,0.29038852657930875,329.770563820244,336.78909793656203,203.0
0.8388509275936692,2522.0990046284687,0.21733767642641996,17.941909024889387,7.103232579951509,333.54434598592564,0.30840464246012084,329.9927296959499,337.0959622759014,204.0
0.637843038370806,2606.663387400919,0.2246248711108753,18.951116483333102,6.654733904867093,333.5866272229337,0.3000569346794848,330.2592602705002,336.91399417536724,205.0
0.8147924732811874,2531.702328353605,0.21816522683604367,18.479748029647443,6.959159424855189,333.33106245335205,0.28738961629159365,329.85148274092444,336.81064216577965,206.0
0.8504519563861864,2518.8241182876604,0.21705546855648078,18.287258047419662,6.655741209779572,333.3721534989407,0.28986320296355744,330.0442828940509,336.70002410383046,207.0
1.0482229122578224,2455.43684946823,0.21159317635663064,17.70301649207377,6.840851848463395,333.2823646023724,0.28395938082174793,329.8619386781407,336.70279052660413,208.0
1.0616723665058385,2445.748948696768,0.2107583376610619,17.796137380028863,6.838932343630287,333.1550723600385,0.2892924461614578,329.73560618822336,336.57453853185365,209.0
0.8772697098642909,2506.2636835278727,0.21597309403407378,17.950283326696194,7.028586548783265,333.560979406832,0.30543744242596926,330.0466861324404,337.0752726812236,210.0
0.7636904948085123,2550.0800323248845,0.21974889483315263,18.017591290786623,6.691332640798797,333.18849581413616,0.28136325785073174,329.84282949373676,336.53416213453556,211.0
0.8545225637262748,2515.5463919233575,0.21677301595225237,17.961374477146357,7.105987830022892,333.501499937961,0.30381399778308016,329.9485060229496,337.0544938529724,212.0
1.0798362186077881,2441.1595819137938,0.2103628566307575,18.350842654787364,6.91999249629905,333.50836987955694,0.307021246772096,330.0483736314074,336.9683661277065,213.0
0.6677692852332332,2596.1685135659504,0.22372049285708964,18.939453808095394,6.823063335418451,333.5892943203756,0.31118090425818007,330.1777626526664,337.0008259880848,214.0
1.1133450168462737,2431.0972938116424,0.20949575573121254,17.83341061069804,6.799486299435414,333.60425088145695,0.301049167314344,330.2045077317392,337.00399403117467,215.0
1.064120777098148,2437.370812017768,0.21003636570228662,17.80535271018548,6.874376220226007,333.6597341382183,0.3024057548747544,330.2225460281053,337.09692224833134,216.0
1.265097234707435,2394.350864660378,0.20632919346936338,18.17494075664657,6.845441654287361,333.4228393271853,0.2984593334078547,330.0001185000416,336.84556015432895,217.0
0.8637001105223744,2520.0799679865536,0.21716368931030425,17.912946619748514,6.84060148435333,333.56665145926877,0.3169776590241266,330.1463507170921,336.98695220144543,218.0
0.8762087183444753,2507.252478475468,0.2160583017899859,18.22816742447458,6.729504312108173,333.3517769227102,0.297678125733402,329.98702476665613,336.71652907876427,219.0
0.508439462799167,2685.5057108708247,0.23141897687578114,18.12007829758498,7.268844697280689,333.36543763205816,0.29811406312158956,329.73101528341783,336.9998599806985,220.0
1.4867609801349708,2342.20359545503,0.20183548949490623,18.0475685782966,6.556319937600823,333.41476143428036,0.3076238463168998,330.13660146547994,336.6929214030808,221.0
0.6704254461966138,2581.0913984208087,0.2224212475987373,18.527217354297672,7.289203892668035,333.7595041886954,0.30928094905321446,330.1149022423614,337.40410613502945,222.0
0.6337332168310554,2615.674517984559,0.22540139026394157,18.202998112415095,6.741361192410828,333.3240817944233,0.2879212839489895,329.9534011982179,336.69476239062874,223.0
1.0053394788935996,2466.974669241433,0.2125874287376565,18.127824501456374,7.092985775362657,333.497434146986,0.29916479454553707,329.95094125930467,337.0439270346673,224.0
0.7310110496679593,2551.6740432485653,0.2198862560666789,18.40867141806807,7.1017718257127855,333.52353017685533,0.2936895521318475,329.9726442639989,337.07441608971175,225.0
0.9929750281993036,2468.9921859194765,0.21276128487341991,18.017265569472755,6.877950700934934,333.42864870768335,0.29918116616602664,329.9896733572159,336.8676240581508,226.0
0.39434088759550034,2745.6278741677006,0.23659990405139678,18.473302551367375,6.821932958852166,333.69988281559927,0.3019758197715029,330.2889163361732,337.11084929502533,227.0
1.4431168808166392,2353.4878111764688,0.2028078879696256,17.977290118283886,6.738312607123298,333.3844343708536,0.2945244278084683,330.015278067292,336.75359067441525,228.0
1.3798348652046266,2359.4022697687647,0.20331755657716674,18.590787104463132,6.8123834454213,333.3897257747404,0.2949122950303526,329.9835340520297,336.79591749745106,229.0
1.423631269638527,2350.405933190827,0.20254231227287464,18.0564460490407,6.751517481619722,333.42048059536586,0.29366635545590497,330.044721854556,336.79623933617574,230.0
1.0823111529078453,2447.1123073774506,0.21087582282213274,18.711748124346443,6.7919092688500875,333.46430779646624,0.30462918847214615,330.0683531620412,336.8602624308913,231.0
1.5188313599567727,2335.6313007607105,0.20126913295813598,18.840086773638788,6.593549483495766,333.21747164941496,0.2950591960873167,329.9206969076671,336.5142463911628,232.0
1.3758312975735085,2374.147268716051,0.20458818227593276,18.04901115026671,6.884476334204929,333.3119045314181,0.2920719310252245,329.86966636431566,336.7541426985206,233.0
1.5773834189295934,2330.01324852613,0.20078500667424895,18.01957183913046,7.008647578155025,333.3176099682073,0.29831414435816667,329.8132861791298,336.8219337572848,234.0
0.4546300360999784,2705.421821185493,0.23313521447442367,17.351492113781767,7.091979305909065,333.6686506237126,0.2943476169652484,330.1226609707581,337.2146402766671,235.0
1.0679063392408763,2449.6589219178663,0.2110952730839789,18.484610178330094,6.574844382684375,333.32689273565524,0.2863980698197,330.0394705443131,336.6143149269974,236.0
0.8595086309191531,2517.2034759182266,0.2169158124025215,16.93038622765856,6.839706762477163,333.29754514286117,0.2871839532259328,329.8776917616226,336.71739852409974,237.0
0.5210416615067954,2654.714178007384,0.2287655678724602,17.76009487564479,6.951779687597265,333.7188781952005,0.30249009335746013,330.24298835140183,337.19476803899914,238.0
0.9107472937157042,2502.813453848803,0.2156757762443239,17.756617242832366,6.637163548253453,333.33502782496515,0.30000650089369546,330.01644605083845,336.65360959909185,239.0
1.1924421844541948,2412.880236291968,0.20792593117421193,19.10155149630899,6.891658036061139,333.3971945478858,0.30493880424760283,329.95136552985525,336.8430235659164,240.0
0.65198402453228,2601.5038673408826,0.22418025807258224,18.430272325126122,6.735337825189985,333.8015288664463,0.3198437473627292,330.4338599538513,337.16919777904127,241.0
1.3135714083094996,2384.9227899002126,0.2055167448470894,18.251823724510956,7.331941186919081,333.36797095244907,0.2938957115674627,329.70200035898955,337.0339415459086,242.0
0.9584289555522814,2485.127587319529,0.21415172618522388,18.78722023450246,7.238798434029865,333.23577140495047,0.28900698775490924,329.61637218793555,336.8551706219654,243.0
0.7454150463201921,2563.72124724356,0.22092440378368056,18.537985758183478,7.015539470486895,333.34319662271025,0.2871843449263418,329.8354268874668,336.8509663579537,244.0
1.1244454961212744,2432.018982790447,0.20957518074215523,18.453746832745235,6.805778654973157,333.31068244359057,0.2938754677880961,329.90779311610396,336.71357177107717,245.0
0.44161680698055006,2720.867521571173,0.2344662219513077,18.75839917963595,7.228434166652317,333.7720658748442,0.3075258375685582,330.15784879151806,337.38628295817034,246.0
0.8544317305195296,2517.619732049356,0.21695168258056444,18.416504041424425,7.0329035950293415,333.4999586856838,0.30167056971840706,329.98350688816913,337.01641048319846,247.0
0.9569665958169467,2482.1480261128295,0.2138949674662973,17.166768015955146,6.881479700294634,333.2481832764014,0.28529748325786275,329.80744342625405,336.68892312654873,248.0
0.9440032976820354,2487.2094072010354,0.21433112354232786,18.286985767389364,6.7358696514574055,333.3656592885126,0.2903904437429618,329.9977244627839,336.73359411424127,249.0
0.5630491188614692,2639.2261108904795,0.22743090951315428,17.81194906231915,7.142467721298218,333.4059727737205,0.2963195018654125,329.8347389130714,336.9772066343696,250.0
0.8767802184074247,2512.212852280062,0.21648575373176873,18.598971742644416,7.050496454232773,333.41310131661794,0.29846074840289405,329.88785308950156,336.9383495437343,251.0
1.5198655822559684,2334.80258474125,0.20119771973694348,18.04972263672694,6.752385440655307,333.45124330720233,0.28910592898077375,330.0750505868747,336.82743602753,252.0
1.11139651172395,2428.5659227175006,0.2092776190479324,18.135858152950938,7.054394062784436,333.45462943125017,0.29780023131644534,329.92743239985793,336.9818264626424,253.0
0.8842658993620279,2505.828596772885,0.21593560115841767,17.97878451260829,6.8757415056733775,333.48730538701477,0.30381375840747976,330.04943463417806,336.9251761398515,254.0
0.898468866256299,2502.130105454928,0.2156168898358832,18.254366534279505,6.891723991358635,333.83663035274617,0.33192762749229204,330.39076835706686,337.2824923484255,255.0
0.34503609290552406,2788.414146183465,0.24028693970138104,18.17473794700594,7.0034919586270235,333.9942886777368,0.3202054917688188,330.4925426984233,337.4960346570503,256.0
1.572529981597581,2325.554943914098,0.20040081970799503,17.83401328882146,7.075779748017795,333.21210412415445,0.28409686543155604,329.67421425014555,336.74999399816335,257.0
1.2859766884689754,2400.016705635291,0.20681743786826656,17.96345592710258,7.092330840531157,332.9970836542571,0.2830074592924577,329.4509182339915,336.5432490745227,258.0
1.1705380849677065,2425.6606567856716,0.20902726260043933,18.574149234513147,6.932775121391756,333.361509547139,0.3040634772829444,329.89512198644314,336.8278971078349,259.0
0.542939879719368,2654.9581075746214,0.2287865880961936,18.307073543621986,6.865915431550284,333.69258744620896,0.30769995462664357,330.2596297304338,337.1255451619841,260.0
0.9019752705476446,2506.7585240714466,0.21601573609282904,18.872731254147997,6.667249044692046,333.4675270335865,0.30117123866195844,330.1339025112405,336.80115155593256,261.0
1.3141634067164585,2398.379528358405,0.20667635684622757,18.78532770834597,6.821936991340331,333.2745827003067,0.29442186859303937,329.8636142046366,336.68555119597687,262.0
0.9790973689006794,2470.7217292816163,0.2129103253888463,17.691198972305074,6.660671437835618,333.2604759401535,0.29255829258950045,329.9301402212357,336.59081165907133,263.0
0.4093804108649825,2748.9427193693673,0.2368855553095438,18.981836105088206,6.850306799011351,333.6486273275272,0.30184949078439716,330.2234739280215,337.0737807270329,264.0
0.8215712108835231,2529.1971800873057,0.21794934986122944,17.84044237576489,7.003909383600185,333.26993295982743,0.289132723833908,329.7679782680273,336.77188765162754,265.0
1.0606913808360545,2456.411509288484,0.21167716604151277,17.64247102840617,6.700446505724521,333.5143993978412,0.30740298778445524,330.16417614497897,336.86462265070344,266.0
1.2634603465706231,2400.4209164476006,0.2068522700610443,18.357390572720504,6.961882021175392,333.19989050889325,0.2893258809407169,329.71894949830556,336.68083151948093,267.0
0.28903280597822145,2854.869953285798,0.24601365807134096,18.34427666198006,6.9782532030809215,333.915326417647,0.31962908497892983,330.42619981610653,337.4044530191875,268.0
0.7663628171377557,2555.3288808687034,0.22020120560459114,17.732281831543258,6.988541762899828,333.68272503528107,0.2990341071587065,330.1884541538312,337.17699591673096,269.0
0.7684707006921256,2550.9250407743493,0.21982171202733508,18.31824221408547,6.844148511242828,333.38001889436134,0.2926123172105712,329.95794463873995,336.80209314998274,270.0
1.2702442196567238,2396.426473317175,0.20650805558453447,18.16843895792698,7.269993310741921,333.10934208020814,0.2825442208629068,329.47434542483717,336.7443387355791,271.0
0.6188988381927172,2617.315224453118,0.22554277540818848,18.074116371622793,7.166140880010615,333.4398269646423,0.28751695742887956,329.856756524637,337.0228974046476,272.0
1.41938299575309,2353.4550824811577,0.20280506762887834,18.07965961011183,7.008301608284938,333.363913057277,0.2902386328048952,329.85976225313453,336.86806386141944,273.0
1.6523408602761072,2311.903205072035,0.19922440387591653,18.465032621099155,6.928736226346709,333.4387867079886,0.31066836500758965,329.97441859481523,336.90315482116193,274.0
0.629963109979269,2604.5755387517424,0.2244449542347696,18.32844664681261,6.99699867571513,333.548623284389,0.3072126007522474,330.05012394653147,337.04712262224655,275.0
0.7407274078537884,2568.1822054334402,0.22130881941758102,18.51118754584938,7.14734214517789,333.4340071356567,0.29260171706814675,329.8603360630678,337.00767820824564,276.0
0.8644501484334306,2506.9160872648426,0.21602931383830223,17.99164579013736,6.999334257632068,333.61470220963474,0.32213886259956614,330.1150350808187,337.1143693384508,277.0
0.9892659552204766,2465.999087356624,0.2125033595953988,17.731095702941357,6.943120391944659,333.17762567060885,0.2755778185091949,329.70606547463655,336.64918586658115,278.0
0.5196236170640641,2660.171415226107,0.22923583619049545,18.626804534896575,6.889379819039412,333.59191007056154,0.3073826581561059,330.14722016104184,337.03659998008123,279.0
0.6145740080180405,2615.584342349363,0.2253936195289356,18.835905655367046,7.06774163474621,333.81274683292565,0.31386544561760127,330.27887601555256,337.34661765029875,280.0
0.621674001944866,2623.9148755087454,0.226111489333781,17.701343992871735,6.58185716681936,333.50881370541526,0.2958697803896622,330.2178851220056,336.7997422888249,281.0
0.597280141822505,2626.8365772531274,0.2263632621100161,17.77091000490012,6.938142882249882,333.70594247478414,0.3053219224524652,330.2368710336592,337.17501391590906,282.0
1.2986482204340268,2389.746521258231,0.20593242185387345,17.820726780971327,6.753191454241105,333.3964366572508,0.2889221957707775,330.0198409301302,336.77303238437133,283.0
0.2515829230670056,2888.002311746359,0.24886878381744792,17.934006517702436,7.0192428299409455,333.57062852721367,0.2934095273308285,330.0610071122432,337.08024994218414,284.0
0.6368318314034378,2606.006800769716,0.2245682908527108,18.512367965883517,7.165759161566591,333.67141830006227,0.29978756757767844,330.088538719279,337.25429788084557,285.0
0.46446080591076516,2700.1469866166713,0.2326806644006091,18.476739851671045,6.830179233902265,333.67187751712777,0.3171952839120037,330.2567879001766,337.0869671340789,286.0
0.843605676680127,2525.2474593158804,0.21760898925943728,17.65900875932134,7.072857095671557,333.4421006126059,0.2949524459342351,329.9056720647701,336.97852916044167,287.0
0.8837657354378489,2510.1704506527904,0.2163097531769982,17.765660906267257,6.790031408227989,333.5268209344671,0.29565140591208366,330.1318052303531,336.92183663858106,288.0
1.3141346230156652,2380.0153246305626,0.20509385221008675,17.50746569932597,6.840579644164847,333.1729627943825,0.28174537807534505,329.7526729723001,336.5932526164649,289.0
0.8967963458572884,2505.5779111258507,0.21591399874077274,18.409486460695526,6.844186932833877,333.3747081247108,0.2952720552300983,329.9526146582939,336.79680159112775,290.0
1.0693747484527263,2443.714333734655,0.21058300810917813,18.783492666151602,6.783989598118745,333.4849072617284,0.3038660830169489,330.092912462669,336.87690206078776,291.0
0.9568487097865264,2482.258365021251,0.21390447573775362,17.790304938708438,7.363392408628215,333.38296283626835,0.29191609209183017,329.70126663195424,337.06465904058246,292.0
2.999819500424925,2128.5743340003232,0.18342634409020483,19.02686437860974,6.890842835864548,333.1716198765979,0.29618238037785366,329.72619845866564,336.61704129453017,293.0
1.5864162329195526,2330.5538367976947,0.20083159096718495,18.233186653298837,7.086266642167478,333.47587055863977,0.3007206354339906,329.932737237556,337.0190038797235,294.0
0.7911871419523888,2532.240766078256,0.21821162580918516,18.02943447107257,6.838290838077484,333.68532117516025,0.31337515060147125,330.2661757561215,337.104466594199,295.0
1.1466506303158954,2419.4119108060872,0.20848878733468273,17.688644036473587,7.132677134985823,333.543705006105,0.3060671980376268,329.9773664386121,337.11004357359786,296.0
0.41243690624142915,2744.0986037953408,0.2364681217269335,18.088372081987483,7.1336687768739395,333.61201432283696,0.2957003752146954,330.0451799344,337.17884871127393,297.0
0.5732318138965387,2643.778235467585,0.2278231812584649,18.256794506757593,6.913467822623284,333.4382374162729,0.29575689520652904,329.98150350496127,336.8949713275845,298.0
0.7417357954106293,2565.64289616505,0.22108999867537096,17.75922548389121,6.773691751686518,333.51289783172507,0.2911297011426086,330.1260519558818,336.89974370756835,299.0
2.443112156612508,2191.8239101618724,0.18887677085484803,17.854710564622952,6.709265177469864,333.2249014697026,0.29011495476169424,329.87026888096767,336.57953405843756,300.0
1.4346659606467411,2355.077195103675,0.20294485047944563,18.15742848061094,7.078063270876602,333.3695790841604,0.29743456599762275,329.83054744872214,336.9086107195987,301.0
2.223141363611674,2222.256265096701,0.1914992282990569,17.898197413618057,6.948995069547001,333.0157373357476,0.2875592972021501,329.5412398009741,336.4902348705211,302.0
0.5328802047017286,2664.0127863880934,0.2295668599453542,18.015215434738728,7.185344661437273,333.63182930315384,0.29883020474111177,330.0391569724352,337.2245016338725,303.0
1.1490155740753398,2422.5596394636345,0.20876003760328707,18.894258612399312,6.660107716369512,333.27331828046783,0.2976223080640679,329.94326442228305,336.6033721386526,304.0
1.0058413833826567,2473.080157948917,0.21311355904685417,18.34036916722408,6.661181283807564,333.47238904378145,0.2956884197754653,330.1417984018777,336.8029796856852,305.0
0.5783423381102697,2637.0029075759,0.22723932867444513,18.157097642381107,6.702932828644795,333.3444085383202,0.2884323437251468,329.9929421239978,336.69587495264255,306.0
1.0693602526497774,2445.718472836944,0.2107557114546564,18.324280159903577,6.640070189868669,333.3506791041551,0.30063984904378555,330.0306440092208,336.67071419908945,307.0
1.5962122427932268,2322.8048148256626,0.20016383191930934,18.05107605080178,7.354686885882861,333.1303464503056,0.2849541152292289,329.45300300736415,336.807689893247,308.0
1.051627229181366,2457.8309555925507,0.21179948446000932,18.590466588703976,7.148253845219044,333.4675869695544,0.3109383105924796,329.8934600469449,337.04171389216395,309.0
1.9508749109546075,2267.83089666347,0.19542654618409405,18.540944380387476,6.9030676984752795,333.2134774674345,0.29480179949974,329.7619436181968,336.6650113166721,310.0
1.4295598938631193,2365.419404856296,0.20383607316048402,18.460241799601835,6.437316918385927,333.10572078508915,0.28039491481608686,329.8870623258962,336.3243792442821,311.0
0.7968239970152042,2526.948750566629,0.21775559519627152,17.73359603496755,7.1033403550365,333.5941565033352,0.29392602350913616,330.042486325817,337.1458266808535,312.0
0.55444580844972,2647.7855726646567,0.22816850685966863,18.03038758784079,6.844253861431711,333.6744531642957,0.3061253481202044,330.2523262335798,337.0965800950116,313.0
1.256020590137404,2395.02221029171,0.20638704555975512,17.934098325190604,6.865434193932925,333.15409405152366,0.28274532166069,329.7213769545572,336.58681114849014,314.0
0.7142234763076268,2574.98179502853,0.2218947627134382,18.187885620243602,6.940044763452301,333.4730208014469,0.3011071540943507,330.00299841972077,336.9430431831731,315.0
1.116293976588443,2426.452445956026,0.20909549371198122,17.93877213251896,6.950212567807061,333.10247162029174,0.28842779627817194,329.6273653363882,336.57757790419527,316.0
0.7637436250950025,2547.724516836347,0.2195459122134673,18.37827935510277,6.6923863634938625,333.5470120669494,0.2970568795678803,330.20081888520247,336.8932052486963,317.0
0.6342075701744296,2612.923325391803,0.22516431082954433,17.8060606870106,6.864316384925652,333.7735695319167,0.31202750382057104,330.3414113394538,337.2057277243795,318.0
1.3147302341447025,2388.8484789471913,0.20585503455509738,18.279360185251587,6.844491538519669,333.2407343700432,0.293011311385742,329.8184886007833,336.66298013930304,319.0
0.8599934675832388,2514.8421014787054,0.21671232489750428,18.221560541645086,6.848756898000877,333.5139184593947,0.30295035369862816,330.0895400103943,336.9382969083951,320.0
0.43710311702033644,2722.134907383573,0.23457543681047754,18.22152208108656,6.823536545785767,333.61505241424703,0.305103417275292,330.2032841413542,337.0268206871399,321.0
0.8860606485610779,2506.301961038454,0.21597639253472498,18.121730535039013,6.8566566905157735,333.4527976342856,0.3016812228519693,330.0244692890277,336.8811259795435,322.0
0.7024020574282616,2575.0258809680677,0.22189856174576983,17.929889317582592,7.093107681122091,333.4101056850594,0.30107878130977894,329.8635518444984,336.95665952562047,323.0
0.37795567673131714,2766.559558255026,0.2384036570265506,18.67272288742123,6.795663673696699,333.9345589086239,0.31662833186592754,330.53672707177554,337.33239074547225,324.0
1.7827947503177455,2293.669271894912,0.19765312508727348,18.271118848509456,7.051705351559813,333.3472724932441,0.29692110386936393,329.8214198174642,336.873125169024,325.0
1.2205871559890553,2412.6338679713426,0.20790470079497167,18.157883574587192,7.018964065029329,333.35595115114177,0.29935368993286676,329.8464691186271,336.8654331836564,326.0
0.9822024773219598,2466.262107091,0.2125260248824548,19.120611482319852,6.926911259108162,333.49391190155495,0.2957166376795235,330.0304562720009,336.957367531109,327.0
0.6463109452230611,2605.355447719556,0.22451216158966633,18.560896872760008,7.122932306788588,333.7130234873248,0.3062203726699321,330.1515573339305,337.2744896407191,328.0
0.8232488827374536,2525.462733310096,0.21762754013694527,18.159665112416885,6.868802743863368,333.48320358397154,0.2908166464899299,330.04880221203985,336.91760495590324,329.0
0.8750843834901912,2518.889114138989,0.21706106946559625,17.906586348417555,7.058648152672779,333.25373640732107,0.28726876889091846,329.7244123309847,336.78306048365744,330.0
1.260257343462137,2397.1467950837678,0.2065701281117205,17.29161875878832,6.659506711556772,333.45324248191605,0.2953427777284589,330.12348912613766,336.78299583769444,331.0
0.978748039928435,2462.4227627051605,0.21219517578165112,18.574442184475355,6.971493120789953,333.6547097444184,0.31295103911524147,330.1689631840234,337.1404563048134,332.0
0.9822136376369599,2475.7946951761596,0.2133474797662467,18.42307123473916,6.8802140550275706,333.32578676550185,0.29954078645382093,329.8856797379881,336.7658937930156,333.0
1.0827295712406826,2448.0468422291356,0.21095635480475197,17.87070413869858,7.035628467822617,333.38536592114826,0.2923455717785133,329.867551687237,336.90318015505954,334.0
1.1172821801645243,2423.5349456302188,0.20884408298598645,18.350098565176822,6.979118610194414,333.6503279162052,0.30348865486391446,330.160768611108,337.1398872213024,335.0
0.8262527204140117,2533.1152018882085,0.21828697885709106,18.312758299942438,7.197601620237082,333.5095757095103,0.30518295852322236,329.91077489939175,337.1083765196288,336.0
0.5176710866029195,2669.7795883290905,0.2300638044871694,18.041115162480086,6.927162280096241,333.8290901411679,0.31733773725189474,330.3655090011198,337.29267128121603,337.0
0.8635474274670261,2520.8490369807846,0.21722996254855184,17.80661580722717,6.940138612504865,333.59477664713484,0.30369183110985964,330.1247073408824,337.06484595338725,338.0
1.116270900702265,2430.904387620232,0.20947913236181565,18.167828780379622,6.947410610814191,333.54195597552024,0.3032575592840018,330.0682506701131,337.01566128092736,339.0
0.4455694314494183,2718.975739194338,0.23430320075930408,18.870365321599728,7.007103861918262,333.65471126234706,0.3026113511933815,330.15115933138793,337.1582631933062,340.0
0.6988628763244159,2581.8453939615156,0.2224862219072606,17.92075097344459,6.9014660262809855,333.6903590844762,0.30378775932231805,330.2396260713357,337.1410920976167,341.0
1.7208265798032678,2301.9879870278055,0.19836997649339133,18.263657326452222,6.960294726183635,332.8776921104014,0.27305758283452675,329.3975447473096,336.35783947349324,342.0
1.4704807777245972,2343.5664173422606,0.20195292839869636,18.244434425725835,6.80779138350653,333.25257385888654,0.28999712887734064,329.84867816713324,336.6564695506398,343.0
1.0818231421741518,2444.7601959882995,0.21067313354503614,18.76939953568824,7.202280626505051,333.17886011930676,0.28985895972602227,329.57771980605423,336.7800004325593,344.0
0.5863702370615503,2634.784280995987,0.22704814222821473,17.488579125856393,7.050951400982782,333.36301274641926,0.2800292809810189,329.8375370459279,336.8884884469106,345.0
2.2318486282253787,2221.1762904349316,0.1914061632833071,17.5478473427707,6.905267067467544,333.09747415481587,0.28731627981256774,329.6448406210821,336.55010768854964,346.0
1.3525105322404658,2376.892012814743,0.20482470602210615,19.015688404651236,6.943869486031992,333.49308784381526,0.3109872970330461,330.02115310079927,336.96502258683125,347.0
0.8198745751430422,2528.1603533639154,0.2178600030471254,17.95637817883094,6.8910817217594085,333.4921440685729,0.2958601083897289,330.0466032076932,336.9376849294526,348.0
1.775054757065787,2282.6409931098833,0.1967027815513051,17.801529669165596,6.806305254778979,333.57811728606805,0.31420602051258534,330.17496465867856,336.98126991345754,349.0
0.8755247940726397,2509.764872694838,0.2162748031727242,17.52664963353419,7.040621270956183,333.4344231822855,0.2867028082421439,329.9141125468074,336.9547338177636,350.0
0.6256056403550918,2608.3860082707242,0.2247733150920672,18.48795641567283,7.091616532360817,333.47413031282844,0.29567026311732975,329.928322046648,337.01993857900885,351.0
0.6997577674805264,2577.3258526308246,0.22209675796888115,17.581163343607948,6.745196952716432,333.4054245778556,0.2953867343361923,330.0328261014974,336.77802305421386,352.0
0.8812151141487272,2506.9259531809994,0.2160301640171768,17.98635804245677,7.004626752083776,333.49212621165606,0.2925211179187339,329.98981283561415,336.99443958769797,353.0
0.5773076364327977,2636.318173212169,0.227180322832363,17.367914264965687,7.087615118605986,333.60576726265623,0.29288029859845216,330.06195970335324,337.1495748219592,354.0
1.014382252763054,2469.91833488229,0.2128410942160481,18.489694523941555,7.156914507027761,333.23808120752955,0.2891858740222229,329.6596239540157,336.8165384610434,355.0
0.9572561376822706,2487.6325071912684,0.2143675834785177,18.089849153941387,6.839255413549726,333.4463049201017,0.30634307118652376,330.0266772133268,336.86593262687654,356.0
0.6215462928854073,2614.687353262301,0.2253163229899797,17.39167840952735,6.585821097298188,333.5988997831337,0.30238489525467266,330.30598923448457,336.8918103317828,357.0
0.7314166438871744,2555.7444719154128,0.2202370184700931,18.5243250105744,6.830120987207702,333.68689324634073,0.31097631416199834,330.2718327527369,337.1019537399446,358.0
0.9403331620541732,2488.7322572553403,0.21446235260658786,18.922490839635415,6.844511140318949,333.3823082788682,0.2944858441780446,329.96005270870876,336.80456384902766,359.0
1.0347999693938637,2465.686600353024,0.21247643154889814,18.178759068390164,6.896410449410329,333.4789836753213,0.2968685507786757,330.0307784506161,336.92718890002647,360.0
1.0371329691197857,2460.161778417667,0.21200033923059636,18.10359760109091,6.964759879191338,333.26381643117156,0.2826353810821114,329.7814364915759,336.7461963707672,361.0
0.8004861664670195,2526.2960387592143,0.2176993488445862,18.375815018931302,7.208984211458162,333.80425039468724,0.3237089562930591,330.19975828895815,337.40874250041634,362.0
0.6047049819957108,2623.857743945125,0.22610656611654606,17.563040095023396,7.0769343350684055,333.68171599040676,0.30589256530813913,330.1432488228726,337.22018315794094,363.0
0.6531079671314582,2601.365416955465,0.2241683273414683,18.772747984005896,6.778303423589451,333.42456322097024,0.29064375693721944,330.0354115091755,336.813714932765,364.0
1.309526969184954,2382.684087737269,0.20532382842096492,18.38396835504171,6.794013116365183,333.7319601862093,0.31108450016960587,330.3349536280267,337.12896674439185,365.0
1.419206385003553,2355.2856006237835,0.20296280947764977,18.389277082429537,7.136277182344154,333.41888644894743,0.2966249879222869,329.85074785777533,336.98702504011953,366.0
0.558208797542152,2655.700465432028,0.22885055954676298,18.228986095367055,6.9022367627060985,333.6537391473333,0.3132605160005583,330.2026207659802,337.10485752868635,367.0
1.1529374510361576,2418.255697023169,0.2083891525397875,17.84657404083731,6.841327508958274,333.4312863759941,0.2969926570138465,330.0106226215149,336.85195013047326,368.0
1.4663762283053907,2349.9074534621113,0.2024993566134077,18.683278577043644,6.9842510587727755,333.2259771607843,0.2873573316415411,329.7338516313979,336.71810269017067,369.0
0.7898224059042677,2540.5806253907786,0.21893029927972718,18.39600180442996,6.990759423566577,333.2814408382214,0.28934370807916143,329.7860611264381,336.7768205500047,370.0
0.764973242393269,2548.298863534402,0.219595405582518,17.62278753755709,6.861700443371311,333.832663831351,0.317862883688349,330.40181360966534,337.26351405303666,371.0
0.5152277630464692,2673.7751383781006,0.2304081143505426,17.987857345660174,6.752787013695204,333.7369683369007,0.3032931286842553,330.3605748300531,337.1133618437483,372.0
0.7089807175729531,2567.778902868958,0.2212740654915454,18.230693355586236,6.713935000383074,333.6434423892042,0.30372371738273835,330.28647488901265,337.00040988939577,373.0
1.935629738154362,2261.6556744578415,0.194894406706966,17.874355541470138,7.043006746397574,333.19199538558297,0.28683857162633086,329.67049201238416,336.7134987587818,374.0
0.7645393061301327,2557.5759733666605,0.2203948450538455,17.879745818877247,7.175669048161727,333.4525167932599,0.29332369524950774,329.86468226917907,337.04035131734076,375.0
1.2126874155274434,2404.5023823512206,0.20720398357993416,18.14281740144959,6.90342292217227,333.6024615323978,0.3066528841570212,330.1507500713117,337.0541729934839,376.0
0.5318007291290211,2665.707944450279,0.22971293736489035,18.116802840808738,7.14374554394479,333.66865190859926,0.3044194208570745,330.0967791366269,337.24052468057164,377.0
0.49898614924050655,2681.9029793046593,0.23110851749018937,18.506863208634137,6.870253126062724,333.45024499665965,0.28575755523007035,330.0151184336283,336.885371559691,378.0
1.402505330348557,2358.512917487506,0.20324091812721748,18.330973629221536,6.906841974728886,333.5846572066896,0.31904699939994224,330.13123621932516,337.03807819405404,379.0
0.6094574069729433,2620.152656355688,0.22578728637131526,18.612314539417905,7.033151175636219,333.5286807264455,0.2993398385010808,330.01210513862736,337.0452563142636,380.0
0.8065051594592485,2538.891703087972,0.2187847592163581,18.64096942874947,6.993873018632958,333.45044503779144,0.30513765072664273,329.95350852847497,336.9473815471079,381.0
0.5996446863158807,2632.590173539633,0.2268590686765743,18.57458052603382,7.001426641166022,333.4465021192792,0.2998315604258176,329.9457887986962,336.94721543986225,382.0
0.3695205528225416,2774.0806549240197,0.23905177499147498,18.065439632924313,6.938945115939544,333.58761368479975,0.2919280601374777,330.11814112683,337.0570862427695,383.0
0.7929201391667917,2542.012343832228,0.21905367522920038,18.688356147408125,6.822435213465319,333.4766538769059,0.2976013095974391,330.0654362701733,336.88787148363855,384.0
0.6367061713552296,2613.4728424974055,0.2252116645498658,18.157301775698826,6.834525977617769,333.2955897444671,0.2870367628929764,329.87832675565824,336.712852733276,385.0
0.9938193920578864,2468.6450922133313,0.21273137465202996,18.26975685713547,6.81952496698696,333.42947946132216,0.29358280139274523,330.0197169778287,336.8392419448156,386.0
1.0505657695065507,2451.9710725207156,0.21129451880694577,18.50172314679952,6.7372953186484,333.3084327559357,0.3047986034548912,329.9397850966115,336.6770804152599,387.0
0.905040192416115,2506.924491184834,0.21603003803209497,18.529249549910645,7.10950629453696,333.3422761273515,0.2875704551296841,329.78752298008305,336.89702927461997,388.0
0.5226582195824178,2671.4344070869797,0.23020640573441878,18.96050808769258,7.03694791927725,333.48843552266464,0.3004794233255339,329.969961563026,337.0069094823033,389.0
0.7235790475996009,2563.702601626444,0.22092279702871492,18.44078285063559,6.846508086040435,333.56989565352774,0.3102764900080147,330.1466416105075,336.99314969654796,390.0
0.9935945006010387,2465.20445133671,0.21243488316134293,18.09796207197628,6.714247956431123,333.32333630145604,0.2948613072445207,329.9662123232405,336.6804602796716,391.0
1.0099806046672795,2467.616302767369,0.2126427204369071,18.345538439244493,6.979179154117498,333.4200991199985,0.2969493016978123,329.9305095429398,336.9096886970572,392.0
0.9384536269752443,2486.388755814886,0.21426040527746412,18.16968602994893,6.8273779888417945,333.5137076217716,0.30211529420345434,330.10001862735066,336.9273966161925,393.0
0.7367111351908171,2568.389225230978,0.22132665900345316,18.727114853542616,6.989267032741076,333.4168275486821,0.2904895184150844,329.92219403231155,336.9114610650526,394.0
1.3004086831360981,2387.3515526023825,0.20572603942327855,17.74924909283767,6.9315672558079156,333.3751339813819,0.29407928277674933,329.909350353478,336.84091760928584,395.0
0.6307686597198416,2617.3504498369857,0.2255458108969092,18.184429212948825,7.139492729997174,333.326622121081,0.2935469838264432,329.7568757560824,336.8963684860796,396.0
1.1489445194981485,2426.5217674043515,0.20910146737220545,18.622915547773665,6.833032067382722,333.34114485075554,0.29719245827468016,329.92462881706416,336.7576608844469,397.0
0.8835606572819295,2511.788868839005,0.21644921766567712,17.78935332311289,7.055334817522335,333.31948251744933,0.2885416188736962,329.7918151086882,336.8471499262105,398.0
1.2818494745995037,2387.293179467077,0.2057210092156738,18.015128119148322,6.651859136799288,333.4755002289151,0.2910341625751012,330.14957066051545,336.80142979731477,399.0
1.0877523165259047,2443.6049019664188,0.2105735780090147,18.660295592093803,6.782229046832685,333.25639356601465,0.2853645694855113,329.86527904259833,336.64750808943097,400.0
1.2435929108369952,2403.3993104453803,0.2071089281976884,18.354081778345538,6.739018774478638,333.47746241660343,0.30868150059443955,330.1079530293641,336.84697180384273,401.0
0.4462133387345949,2727.1649255454267,0.2350088902386236,18.23996741555695,6.87605562068427,333.47620108516753,0.2996504826203755,330.0381732748254,336.91422889550967,402.0
0.5427913354783401,2646.2730418779875,0.228038167041091,17.984884077284136,7.114692343442364,333.7562971092733,0.29819598304303885,330.1989509375521,337.3136432809945,403.0
0.5346792798688587,2656.8202493422714,0.22894705505812288,18.36829726555409,6.904695717826214,333.6763912258108,0.30225003950053,330.22404336689766,337.1287390847239,404.0
0.7270635183892719,2563.3365437580524,0.22089125260226383,18.453860488897256,6.741455629844116,333.50460656789295,0.2910663128018921,330.1338787529709,336.875334382815,405.0
0.9751360429539578,2477.2276854728243,0.21347096531572243,17.991233891565695,6.714087416516367,333.4113942808917,0.297025211723753,330.05435057263355,336.7684379891499,406.0
1.302928704883665,2388.6100945107255,0.20583449217376237,17.1993487605141,7.005230421634088,333.30851365980266,0.2903131388112507,329.8058984489856,336.8111288706197,407.0
1.3017539374050702,2377.9999474457018,0.20492018044158097,18.570316508602232,7.1235386557336104,333.6644888536973,0.3126876661415838,330.10271952583054,337.2262581815641,408.0
0.8240007542310239,2521.4078851600652,0.21727812035858907,18.227173919411207,6.864623660275657,333.4586557718919,0.29787381559963083,330.0263439417541,336.8909676020298,409.0
1.847895160243364,2268.994138465161,0.19552678660678866,18.077548823258773,6.824915826259685,333.40412520477486,0.2969982257310633,329.991667291645,336.8165831179047,410.0
0.6164616869528646,2619.6259080444966,0.22574189471388795,18.29255134043995,6.991516092242748,333.62569166043056,0.3027476375439717,330.1299336143092,337.1214497065519,411.0
0.38855999887414716,2757.058872879221,0.2375849513055434,17.831521742066702,7.014251714883558,333.45843348137623,0.28203070829277854,329.95130762393444,336.965559338818,412.0
0.7063475006347554,2570.8483076793877,0.22153856633321997,18.049322981066233,7.02276530715238,333.39630157002165,0.2981568667085847,329.8849189164455,336.9076842235978,413.0
0.43939768279110836,2716.3597931871373,0.23407777597390958,18.406293116902784,7.16361644475566,333.8020895542627,0.30784229673846236,330.22028133188485,337.38389777664054,414.0
1.1872242204555379,2406.9928255844393,0.20741859337304153,18.8314371661354,7.012001328111276,333.5163838754573,0.3051752635304458,330.01038321140163,337.0223845395129,415.0
2.538862628766509,2179.1496290291752,0.18778458581108073,17.59000970906201,7.031096866227288,333.24027654322805,0.2884449854878787,329.7247281101144,336.75582497634167,416.0
0.7757697185372265,2555.9704860586103,0.2202564948620317,18.25740556853964,7.041245125630755,333.5626260750935,0.3113915249796703,330.0420035122781,337.08324863790887,417.0
0.9901908048089182,2457.9998064949136,0.21181403490498182,18.06816358354905,7.1947219511582885,333.4898521851435,0.288374034406841,329.89249120956435,337.0872131607226,418.0
0.23654999449048628,2914.575115447847,0.2511586508694622,17.79009903959314,7.021920231343698,333.8362594096153,0.30617473503381387,330.3252992939435,337.34721952528713,419.0
0.6745862107989111,2597.2929188151043,0.22381738660462464,17.349074025643233,6.919151625220554,333.3121280417592,0.2810613898407807,329.8525522291489,336.7717038543695,420.0
0.7776906754060497,2549.846178013572,0.21972874282779928,18.384934288233037,6.9539484335030695,333.35415945565586,0.29015265367152676,329.8771852389043,336.8311336724074,421.0
1.115378178809552,2428.1214944040935,0.20923932117905542,18.537138087352748,7.119133871538428,333.672082602661,0.31022917995680677,330.1125156668918,337.23164953843025,422.0
0.5085380883185561,2680.1331460475308,0.23095600506024092,18.372708638784392,6.788153586432904,333.35269021555916,0.2897255269798812,329.9586134223427,336.74676700877563,423.0
0.8390945727690337,2516.9341529418925,0.21689260394409965,18.39053025609845,6.92245444887931,333.8553033366504,0.3318176192428733,330.39407611221077,337.3165305610901,424.0
0.8361548713677502,2520.14519033964,0.21716930973783102,18.050840961573247,7.104805465238543,333.2508827382886,0.2881022279409074,329.69848000566935,336.8032854709079,425.0
1.1244767257334738,2431.941762291807,0.20956852639444087,18.849843014017104,6.988037565176725,333.48876053928103,0.3094279466109994,329.9947417566927,336.9827793218694,426.0
0.9418667215517805,2479.4166624755408,0.21365959675907506,18.562320740444765,6.740854373619665,333.6854086215265,0.3116667588373983,330.3149814347167,337.0558358083363,427.0
0.4928188903470227,2676.237898481571,0.2306203385961022,18.872394133930545,6.686015349691527,333.7329700917315,0.31200100277651044,330.38996241688574,337.07597776657724,428.0
1.052248170205808,2458.957837160363,0.21189659160017577,18.23265930636493,6.805089894073428,333.4931399537552,0.3023815752339116,330.0905950067185,336.8956849007919,429.0
1.1728647325470762,2416.1516227921193,0.20820783745121807,17.5136643352524,6.9593179880885785,333.6760602360962,0.30521757409238515,330.1964012420519,337.1557192301405,430.0
0.8248361140678012,2520.297562816084,0.21718244018192573,17.938256356670376,6.944038678715704,333.53026731325735,0.29566361239872807,330.0582479738995,337.0022866526152,431.0
0.6014791948411121,2619.4726202124184,0.22572868539054766,18.8279458017125,6.964446494461431,333.3961568092682,0.2972056560918787,329.91393356203747,336.8783800564989,432.0
0.6854618084653975,2583.6959437278388,0.22264568994780384,18.794718120046852,7.011063901303472,333.57767933392,0.3071000335633479,330.07214738326826,337.08321128457175,433.0
0.6121931451259822,2615.2409370223622,0.2253640271474685,17.525436039856732,6.959496221192899,333.3458996189082,0.29213216782427803,329.86615150831176,336.8256477295047,434.0
0.7045546142897147,2577.157569175158,0.22208225642268156,18.074822895255426,7.044953310347152,333.5338438986134,0.3022389146031677,330.0113672434398,337.056320553787,435.0
0.635184022091858,2611.5268219084096,0.2250439694703649,18.824446235128256,7.039219471469489,333.41044642485923,0.29427689845660504,329.8908366891245,336.93005616059395,436.0
1.3451070073369469,2377.6902299357216,0.20489349105157523,17.61975785311468,6.909650572100359,333.4408049690864,0.2846263614835475,329.98597968303625,336.89563025513655,437.0
0.9612311116776451,2479.1290371512523,0.2136348111263352,18.076238038975177,6.955841547187885,333.36751739332595,0.2963792040449629,329.889596619732,336.8454381669199,438.0
0.7702279194373978,2551.368448599096,0.21985992195730328,18.323325666163363,7.08845836718878,333.59924375053794,0.298552726082601,330.05501456694356,337.1434729341323,439.0
1.7029072471174873,2300.790209124086,0.1982667599796892,18.715297063426707,7.249830615535418,333.456868419526,0.296818084507909,329.8319531117583,337.0817837272937,440.0
0.4763090902426246,2693.6119437629613,0.23211751797909042,17.627817776106692,6.870220533234051,333.51827113698437,0.2937546708604476,330.08316087036735,336.9533814036014,441.0
1.5750946425082006,2326.9893153644057,0.200524424276083,18.145064422995063,6.883619671779489,333.35412445881025,0.30350910457172964,329.9123146229205,336.7959342947,442.0
0.5827965750584659,2631.6122219996582,0.22677479533323383,18.023593861567498,6.950680767767679,333.41102913204753,0.29729315652468963,329.93568874816367,336.8863695159314,443.0
0.5891922863747681,2625.3917169245,0.22623875368032784,18.469636106744222,7.06128762203966,333.57363938076463,0.2937936523991528,330.0429955697448,337.1042831917845,444.0
0.7339004162735097,2578.7914737941533,0.22222305542888357,17.813977909541816,6.9518535409979965,333.39062548209387,0.2908643907619327,329.9146987115949,336.86655225259284,445.0
0.7593430200175142,2554.5356240175406,0.2201328480181028,18.31361629041524,7.109333311789533,333.5115348224164,0.2935791913473539,329.95686816652164,337.0662014783112,446.0
0.9710344093011885,2476.702801149703,0.2134257342843591,19.032682829820317,6.901599220891801,333.5646222428857,0.305737103277693,330.1138226324398,337.01542185333165,447.0
0.5782968570375059,2644.480271097117,0.22788367800827963,18.270564110593632,7.078148277735107,333.53619222730435,0.29102430276804636,329.9971180884368,337.0752663661719,448.0
0.7200984319827562,2572.138408003677,0.2216497385775781,17.875757651197492,6.744651047745407,333.51962122278553,0.3056656915787206,330.14729569891284,336.8919467466582,449.0
1.175810597332227,2422.07996131142,0.20871870213832572,18.534232754767825,7.118587334663553,333.08616346241445,0.28864264243043036,329.5268697950827,336.6454571297462,450.0
0.52330478038562,2670.746461563436,0.230147123175994,17.844168404845718,7.2150562119795,333.55663605704495,0.2947990698800661,329.9491079510552,337.1641641630347,451.0
0.582684358616771,2638.9737279854653,0.22740916083713292,18.07122584392719,7.035391270574316,333.38503624051845,0.2934400455070188,329.8673406052313,336.9027318758056,452.0
0.9489727469568161,2483.3844226988717,0.21400151188055655,18.32281969261974,6.805781732802345,333.46818909002417,0.2921753264052159,330.065298223623,336.8710799564253,453.0
0.5916778587838977,2634.395513550119,0.22701464084179013,18.269614340956686,6.778340795722742,333.3721023042256,0.2912605240465353,329.98293190636423,336.761272702087,454.0
0.5591668817359285,2645.9586508601174,0.22801107491933534,18.668578500715,6.992005327411132,333.5327863204942,0.2975048379133894,330.03678365678866,337.02878898419976,455.0
0.7613962065508048,2557.1814749259156,0.2203608498084931,18.31510400906919,6.915870003607029,333.5187950597574,0.3156167778200621,330.0608600579539,336.9767300615609,456.0
1.0923385968784627,2445.2416279559334,0.21071462014211695,18.61212877586865,6.827231982393984,333.5227801389118,0.3202481685715359,330.1091641477148,336.9363961301088,457.0
0.9536750360557833,2480.763127920272,0.2137756261737052,17.850906103130317,7.229581657707523,333.5012611578207,0.29781392106160903,329.88647032896694,337.11605198667445,458.0
0.5605147619842435,2655.406726231285,0.2288252470609138,18.146497328568035,6.932953331660136,333.4666880509084,0.30022657398892577,330.00021138507833,336.9331647167384,459.0
1.1443589185201826,2427.6353391247594,0.2091974275584644,17.926663555951315,6.9569689219228925,333.3502032644058,0.28668878146245325,329.87171880344437,336.8286877253673,460.0
0.9241542524278704,2488.9347510584644,0.21447980217243795,18.4652221649525,7.090809391534061,333.61629760849934,0.3091939833492463,330.0708929127323,337.1617023042664,461.0
0.5372232232251205,2648.640103346869,0.22824214461638093,17.96175361179374,6.862752933497426,333.5427119945017,0.2988418846507435,330.111335527753,336.9740884612504,462.0
0.7535995594953135,2557.4473851140497,0.22038376417558225,18.07488049197497,7.010081436568036,333.69015923683276,0.30253844953708947,330.18511851854873,337.1951999551168,463.0
0.49292806825945157,2684.6031539028245,0.23134120053396914,18.214832982738233,6.95428124698506,333.4925609653846,0.2910733762248218,330.0154203418921,336.9697015888771,464.0
0.6087762859489837,2618.959979626825,0.22568450944285082,18.197184682669683,6.937423372764036,333.67599247120927,0.3117489515771102,330.2072807848273,337.14470415759126,465.0
0.9753356591494154,2472.467874029243,0.21306079650098622,17.914677754523506,7.070837759308274,333.41037232921303,0.29858582066358097,329.8749534495589,336.94579120886715,466.0
0.6441066215673579,2607.7123712049993,0.22471526554113733,18.458901577566802,7.06090259564538,333.54276864028543,0.30235214430242047,330.0123173424627,337.07321993810814,467.0
0.3366374091617185,2797.588872297945,0.2410775564265415,18.197036218282566,7.279188944009972,333.8395241865608,0.3109015937780425,330.1999297145558,337.4791186585658,468.0
1.4521506838486233,2351.6655817347114,0.20265086038583108,17.558693547512025,6.953960249648507,333.35023612015135,0.2847099994179375,329.8732559953271,336.8272162449756,469.0
1.155635869151219,2418.8529553523986,0.20844062028045227,18.65215757640011,6.950787038667695,333.35886557960976,0.2899898534022768,329.8834720602759,336.8342590989436,470.0
0.810793838543186,2541.0435676743728,0.2189701925591152,18.5418687802176,6.877566663229637,333.48307010049723,0.29685763017282574,330.0442867688824,336.9218534321121,471.0
1.1076151908024567,2435.399946563802,0.20986652965797276,18.085241545664644,6.9375806195262895,333.42420983976467,0.29571448107231807,329.9554195300015,336.89300014952784,472.0
0.7555801758637214,2553.5404889792085,0.22004709391544278,18.455715173059332,6.686565102445852,333.3874601063687,0.28727030094167727,330.0441775551458,336.7307426575916,473.0
1.3040358838264972,2386.5172682031625,0.20565414635624488,18.10134143008578,6.949915912211787,333.3928008811251,0.2959355120321619,329.9178429250192,336.86775883723095,474.0
1.2034365765848076,2399.763718075603,0.20679563708713683,18.486044139617015,7.0254724222122045,333.7511225994598,0.32062229307237156,330.23838638835366,337.2638588105659,475.0
0.37287506182062946,2779.2729965675007,0.23949921637499536,18.28680334914925,7.259053717168851,333.6942667036334,0.304125572043012,330.06473984504896,337.3237935622178,476.0
0.7155176613576363,2573.2115438711917,0.22174221427163593,18.17045850114145,6.833179096204318,333.4557482907024,0.29298294166488587,330.03915874260025,336.8723378388045,477.0
1.0210058982788595,2456.288323264784,0.21166655069131832,18.053018480175407,6.915912678489764,333.55025052064696,0.3096560658198705,330.09229418140205,337.00820685989186,478.0
0.9452172550734121,2492.1972600331233,0.21476094344348695,18.550057373293242,6.870330351695229,333.3845072597526,0.29634636399206077,329.949342083905,336.8196724356002,479.0
0.6065000059344485,2622.518975804224,0.2259912000042391,17.83627841167568,6.87627499016247,333.73982674647436,0.3059042299229238,330.30168925139316,337.17796424155557,480.0
0.7786892654251574,2545.844654946641,0.21938391824956605,17.88436890087456,6.930445506023669,333.64310266896285,0.3073921115525845,330.177879915951,337.1083254219747,481.0
0.610381327563456,2635.5296744940993,0.22711237527006034,17.527135259915582,6.417730665101145,333.2395849517412,0.2807432574764787,330.0307196191907,336.44845028429177,482.0
2.0134540515927366,2251.564148427716,0.19402478627772865,18.343457339595165,6.543159911469045,333.3933505161844,0.29518037120254703,330.1217705604499,336.6649304719189,483.0
0.841100921367704,2517.6032152210028,0.21695025927042091,18.12577022182786,6.769545320466935,333.3530032956092,0.2848842432599183,329.96823063537573,336.73777595584266,484.0
1.0144371118182447,2459.4329353961057,0.2119375323984716,18.697882807837647,7.096417318829326,333.51838175494686,0.297801164943697,329.9701730955322,337.06659041436154,485.0
0.964889551928993,2477.063684602958,0.21345683281421346,17.65155053761105,7.279363012361966,333.153028887663,0.28130054806259364,329.51334738148205,336.792710393844,486.0
0.8957296235996266,2499.544078139611,0.21539404324387598,18.104934375545028,6.972472808605049,333.42558132229243,0.29232763716222326,329.9393449179899,336.91181772659496,487.0
0.9214036614501483,2499.316690271594,0.21537444847349158,17.952149440232255,6.873647425977278,333.45611614792386,0.2923795373405546,330.0192924349352,336.8929398609125,488.0
1.4114101961136851,2361.6295246567583,0.20350948655345932,18.233800629312906,7.009752330382438,333.4312171374649,0.3018161249711786,329.9263409722737,336.9360933026561,489.0
0.967023661879236,2479.8955754121557,0.21370086628285798,17.269627752343926,6.87055362896191,333.64168075988107,0.2977245589162385,330.2064039454001,337.07695757436204,490.0
2.0505353713807275,2247.8128575038995,0.1937015250371962,18.37392500153013,6.390380343056955,333.1951641267277,0.2888527666690045,329.99997395519927,336.39035429825617,491.0
0.8175932167881399,2527.7332855443906,0.2178232011898622,18.632004795291028,6.91906982956574,333.44350211152664,0.2967194931734398,329.9839671967438,336.9030370263095,492.0
0.4347284496254219,2725.792602460396,0.23489063258495516,18.068538565648907,6.805903285274119,333.6219963685593,0.30874164897472267,330.21904472592223,337.02494801119633,493.0
0.7128413561067547,2576.219818706086,0.22200144733959562,17.935568365834772,7.124565854504689,333.37313775497967,0.287202375726813,329.8108548277273,336.935420682232,494.0
0.5408779898001974,2662.5327075437335,0.22943931661879532,18.034390834810704,6.832289848952083,333.5857484183425,0.30732967470210487,330.1696034938665,337.00189334281856,495.0
0.7028095300484976,2573.7411154732545,0.2217878492214466,17.42832522236436,7.026323131481938,333.380749192964,0.28986051228254,329.86758762722303,336.893910758705,496.0
0.972190669666503,2483.0093148037704,0.2139691875831436,18.28480459801975,6.874580156398309,333.42365737496334,0.29249432806074493,329.9863672967642,336.8609474531625,497.0
0.45291075243271905,2711.120666955735,0.2336263030065328,17.95689349166089,7.393892819755041,333.6319709984766,0.2960336170145849,329.9350245885991,337.32891740835413,498.0
1.1540753991685473,2421.9703185682683,0.20870925385775074,18.464628651967526,7.161459385293452,333.561446686071,0.30590130106709146,329.98071699342427,337.14217637871775,499.0
0.8995421353437139,2493.798181748602,0.2148989002029735,17.812958015734587,6.725915495059532,333.5966961184705,0.3014880721238149,330.2337383709407,336.9596538660003,500.0
0.7624836449608933,2548.384335590377,0.21960277099442724,18.641688504846968,7.128774287755879,333.65432824908896,0.3114638377308212,330.08994110521104,337.2187153929669,501.0
0.8774881004031997,2508.4541297272203,0.2161618520829964,18.903744351039652,7.053939180544598,333.4506615720103,0.29546330513450886,329.923691981738,336.9776311622826,502.0
0.7410202934373221,2560.0524209124637,0.22060824879192598,18.950538079946874,6.831707062148155,333.59419557167547,0.3096305985794931,330.17834204060136,337.0100491027496,503.0
1.02290403451108,2452.5859366225054,0.2113475036957054,18.770921032564715,7.036942986395439,333.6129068677641,0.3317906323295641,330.0944353745664,337.1313783609618,504.0
0.47247601695056024,2694.985261275189,0.23223586132586446,18.189029423230384,7.194030786366094,333.90115073953274,0.320455920265516,330.3041353463497,337.49816613271577,505.0
0.7942023179225765,2542.2316833311893,0.21907257644480108,18.662806448567117,7.006593401632234,333.5168481792001,0.2977721822889828,330.013551478384,337.02014488001623,506.0
1.8433706690661902,2280.8234484941772,0.19654615767458417,18.312472097062628,7.033476038068135,333.08215071569316,0.2820952465323701,329.5654126966591,336.5988887347272,507.0
0.702911168111326,2577.001761422163,0.22206882994935792,18.654257382312732,6.956606600652007,333.54443429816604,0.3038681581921075,330.06613099784005,337.02273759849203,508.0
0.8544908648392221,2519.1459676885056,0.21708320339195336,18.21460434843192,6.938175196891871,333.29112127132487,0.27879581526391756,329.82203367287894,336.7602088697708,509.0
0.5588041525951605,2651.6378144938376,0.22850046737614732,18.556932930183933,6.819207162439458,333.5870544178776,0.29613805288838624,330.17745083665784,336.99665799909735,510.0
0.45351784320605026,2705.5438406147714,0.23314572929528896,17.803227697438732,6.899950060254556,333.7748435920077,0.31368890327005416,330.3248685618804,337.224818622135,511.0
0.5657116740475546,2645.066770390086,0.22793421860693402,18.088415323147466,7.082204228168849,333.8044957839734,0.3117061132851044,330.26339366988896,337.3455978980578,512.0
1.3818368029576715,2367.884596555449,0.20404850694474724,18.36656790115282,7.100695786086168,333.38548404497993,0.2976014849234765,329.83513615193687,336.935831938023,513.0
0.7956669259140277,2541.056033779658,0.2189712668049524,18.042366654529246,6.785776890677142,333.28286172560905,0.2937905208496286,329.88997328027045,336.67575017094765,514.0
1.3651232673629456,2361.998141472091,0.2035412514928963,18.362975264988183,6.861432850914297,333.4443518310818,0.2990072439364607,330.01363540562465,336.87506825653895,515.0
0.47022992560824084,2703.297441596285,0.2329521496054717,17.97072784525675,7.043332334928888,333.5639661448231,0.29888852590897586,330.04229997735865,337.08563231228754,516.0
0.43875018355055706,2720.104712397657,0.23440048814267272,18.351870478141404,6.952968027301304,333.6397457692541,0.29980767214386206,330.16326175560346,337.1162297829047,517.0
1.134847787207426,2433.0376786696183,0.2096629651609897,17.733601392167206,7.090030335134415,333.4679338187075,0.3046594341551839,329.92291865114026,337.0129489862747,518.0
1.7635402715677626,2296.2388176998006,0.19787455141260046,18.089536245392868,6.737463017907083,333.3353439279323,0.2902818502476552,329.96661241897874,336.70407543688583,519.0
1.2625045960905976,2398.6499731313193,0.20669966197359924,17.9010074571869,6.8574564105706886,333.3691499759942,0.29503999752989807,329.9404217707089,336.79787818127954,520.0
0.5417001043746019,2650.1153388410253,0.22836927057531167,18.45900037555393,6.825576250957156,333.4671151248349,0.2887508753301305,330.0543269993563,336.8799032503135,521.0
1.3003630969273239,2391.8408528145833,0.20611289738369554,18.05702012879321,6.874985917991068,333.4571429805397,0.2890826182846462,330.0196500215442,336.8946359395352,522.0
0.5959231180093638,2620.2289005143843,0.22579385658456294,18.43946276477218,6.936085518543227,333.6006720427917,0.2970058726939395,330.1326292835201,337.0687148020633,523.0
1.1437208990297465,2421.989580408954,0.20871091371475506,18.555239393760615,7.128438257947477,333.73721205098053,0.3248526047771189,330.1729929220068,337.30143117995425,524.0
1.192537245418284,2419.3685038486656,0.20848504681250282,17.86992540780926,7.0508326380676,333.23967576596306,0.2885153139485139,329.71425944692925,336.76509208499687,525.0
1.0149240784612594,2460.2388000611877,0.2120069764423024,18.545350527550998,7.24810331300873,333.50038514642665,0.2970970033298223,329.8763334899223,337.12443680293103,526.0
1.2836859815259094,2390.32889972443,0.20598260734715193,18.20521542906064,7.000443990783623,333.4537187454426,0.2962861800362406,329.95349675005076,336.9539407408344,527.0
0.7670165543698368,2547.9728053071976,0.21956730805845165,18.167683306693036,7.0018660146467475,333.39863347055626,0.2949584533694236,329.89770046323287,336.89956647787966,528.0
0.6119797514633477,2621.428855478705,0.22589726070283234,17.90031035597401,6.786473214186722,333.41143779925955,0.29625472355576643,330.0182011921662,336.8046744063529,529.0
1.7514463878691715,2298.1826679279966,0.19804205946487827,18.228319935755458,6.799060225450373,333.10289613838785,0.29106607343212537,329.70336602566266,336.50242625111304,530.0
1.0706600486811186,2448.4098849290012,0.21098763940408274,18.049834334253724,7.046885749023815,333.3862140563621,0.29922688518098906,329.86277118185023,336.909656930874,531.0
0.7890564234749579,2549.0718654812968,0.21966201773640368,18.506671829202965,6.933966927231991,333.57143037681163,0.307930237838028,330.10444691319566,337.0384138404276,532.0
0.7373428937572591,2556.4745097835666,0.22029992826613073,17.597030190681306,6.878644264788868,333.442092219986,0.2904340018971914,330.0027700875916,336.88141435238043,533.0
0.6561047499618717,2602.74170358602,0.22428692654706353,18.36677947355939,6.814311086360336,333.4902959862326,0.306746957112056,330.0831404430524,336.89745152941276,534.0
0.8439558155336718,2515.5454731292,0.21677293677669784,17.72046828615442,6.962375769628473,333.4498901007072,0.29630207664076147,329.96870221589296,336.9310779855214,535.0
1.0072170064707624,2464.394136474186,0.2123650556291677,17.97621482880533,7.21131498152832,333.5045387002631,0.3004321929017671,329.89888120949894,337.1101961910272,536.0
1.3204302927689004,2380.2955926563195,0.20511800383989306,18.53604727351174,6.542302102893963,333.50874676406875,0.3073429585612553,330.2375957126218,336.7798978155157,537.0
0.7753895992521892,2541.647142754556,0.21902220463526098,17.896971042056393,7.07453300698299,333.6476481942742,0.31129065602641864,330.11038169078273,337.1849146977657,538.0
0.5109794197395883,2682.1330204551023,0.2311283409027628,17.993927803460476,6.858440402697198,333.6201365698084,0.29032809235541457,330.1909163684598,337.04935677115697,539.0
1.2402311516799125,2400.7444109595663,0.20688014666122467,18.230377775680715,6.722296596833707,333.38464798869484,0.3048702204848458,330.02349969027796,336.7457962871117,540.0
1.2488449286302206,2395.465004080779,0.20642520257622266,18.47549817193731,6.852287291567813,333.44118515216917,0.3022278311096592,330.0150415063853,336.86732879795306,541.0
0.8448975699644274,2520.500780827267,0.2171999521551978,18.890439583722678,6.986476117655382,333.22505157011756,0.2826615240033782,329.7318135112899,336.71828962894523,542.0
0.6894542340531272,2587.4515585407285,0.2229693237922676,18.24937075071534,7.057037108875144,333.53356077449735,0.2939485818448898,330.00504222005975,337.06207932893494,543.0
0.47119228894746934,2694.925343173651,0.23223069798337068,18.268194654461084,6.84268511954284,333.4902191042828,0.29519539388473903,330.0688765445114,336.9115616640542,544.0
0.8926584851084481,2507.0972004895084,0.21604492096845324,18.17964454630071,6.798727408170221,333.46124819480224,0.30701255329558214,330.06188449071715,336.8606118988873,545.0
0.3462126214930213,2791.6098218657803,0.24056232172489883,18.442851266211132,7.049043415855409,333.9017661813292,0.3153520493590589,330.3772444734015,337.4262878892569,546.0
0.8602242613395735,2510.0038458025274,0.21629539628182037,18.88312371544202,7.15533012328505,333.52157900248807,0.3119784517016365,329.94391394084556,337.0992440641306,547.0
0.9198573357047016,2497.5105594153315,0.21521880815845965,17.785853118179148,6.787938436679801,333.42647325134766,0.29708786583031466,330.03250403300774,336.8204424696876,548.0
0.8119461265645788,2516.7888531978842,0.21688008298092962,18.236600011799457,7.027037861682773,333.5955895775145,0.3154455962604066,330.0820706466731,337.10910850835586,549.0
0.7507095554897203,2558.9575881904284,0.22051390340760677,18.220898893261875,6.8032465988694595,333.46216311839146,0.30457086711888093,330.0605398189567,336.8637864178262,550.0
0.5691588020733706,2643.677366383097,0.2278144890332962,17.714609780204338,6.753228583827484,333.45441512254627,0.29306407912334653,330.0778008306325,336.83102941446003,551.0
1.2460879277804404,2406.6927563696568,0.20739273540878705,17.879012026478843,6.910464094420932,333.37270488913873,0.29223101178385896,329.91747284192826,336.8279369363492,552.0
0.6757833567099281,2595.0022043703775,0.22361998810684175,17.920292180684235,6.772162161526598,333.457606368475,0.2968480643244369,330.0715252877117,336.8436874492383,553.0
0.7577451647558135,2550.3305083355485,0.21977047918573292,18.084230229182392,6.728405678401549,333.4967269238207,0.29654173722292837,330.1325240846199,336.8609297630215,554.0
0.7174847193836088,2573.7282151986624,0.22178673756179326,18.240933190085816,7.110262300147442,333.8367834657447,0.3163438987740706,330.28165231567095,337.39191461581845,555.0
0.7421741496715804,2567.579133265802,0.22125685067908524,18.24819960962889,7.035077844470717,333.2848044068114,0.29751265788490255,329.76726548457606,336.8023433290468,556.0
0.9231208083905763,2499.2126051277346,0.215365479109769,17.948850843981067,7.028691570013937,333.3814882796362,0.29977834116716323,329.8671424946292,336.89583406464317,557.0
1.1933349114034586,2414.663828681764,0.20807962927447632,18.358545521667843,7.09237297011433,333.41315925132386,0.2957206738110173,329.8669727662667,336.959345736381,558.0
1.1007173823732108,2432.686882625475,0.20963273589679596,18.69690723749916,7.255977395533433,333.42391825594416,0.303304076604847,329.7959295581774,337.0519069537109,559.0
0.7719989171823056,2549.389514600994,0.21968939061965181,17.75983456286537,6.863387682582532,333.50027011429995,0.3008787283497634,330.06857627300866,336.93196395559124,560.0
0.717227335448381,2561.0540332707405,0.22069456106683208,17.678750594327592,6.84648435524636,333.4412388030615,0.30638240153519464,330.0179966254383,336.8644809806847,561.0
1.0616654024836434,2439.0160129148026,0.2101781381464135,18.03940679828779,7.4067811567426025,333.1739272687108,0.28504085705262483,329.47053669033954,336.8773178470821,562.0
1.0015296743223139,2465.541053760348,0.21246388931395577,17.750500232909406,7.139703726769492,333.5725686771124,0.30220612898657184,330.0027168137276,337.14242054049714,563.0
0.23737223857314857,2914.003496681335,0.25110939257536374,17.703346999576688,7.084382686423075,333.61671486500245,0.2989439899305769,330.0745235217909,337.158906208214,564.0
0.6895283857271741,2583.1053663293487,0.22259479792520592,18.073190257760693,7.129600603175858,333.6432269918721,0.30578037007821535,330.0784266902842,337.20802729346,565.0
1.1935982777565655,2418.5778789204487,0.2084169160275859,17.793129031088284,7.063741918318313,333.43363366424956,0.2910364196680265,329.9017627050904,336.9655046234087,566.0
0.5244695508328643,2669.5834023208313,0.23004689848502427,19.020513548070095,7.153985130755184,333.5452863413095,0.3045853428638464,329.96829377593195,337.1222789066871,567.0
0.41943190443225226,2732.005060959055,0.235425980837548,17.793738714471058,7.095783495399214,333.9651506656335,0.31723060565202443,330.41725891793385,337.5130424133331,568.0
0.8682775759519331,2512.0303584109824,0.2164700276268874,18.20903409411281,6.809961255664519,333.3800594901187,0.29374916357356323,329.9750788622864,336.785040117951,569.0
0.809664001982452,2532.6329118727263,0.21824541831916758,18.381186638862772,6.729849936837889,333.48140433319935,0.300692325363053,330.1164793647804,336.8463293016183,570.0
0.8954487981513657,2507.3947886618016,0.21607056513300804,18.74637360837245,7.209214599451751,333.39662969336564,0.30299817241240484,329.79202239363974,337.00123699309154,571.0
2.0408057082614874,2246.7674777774755,0.19361144118231685,18.007172657684706,6.8031916737703435,333.3945160236053,0.2942367686355468,329.99292018672014,336.7961118604905,572.0
0.49642754831484154,2685.0955640456837,0.2313836331569952,18.832534150186476,7.0284246618333155,333.5954159474874,0.31044838180136325,330.08120361657075,337.1096282784041,573.0
1.067733930552843,2446.477031587605,0.21082107899018893,18.541006724361093,6.974542731441993,333.28537226902193,0.28715523128092235,329.79810090330096,336.7726436347429,574.0
0.8668826994506028,2512.5524596640994,0.21651501883183358,18.763648619185982,6.8019622844667955,333.44146581956,0.3029017970067194,330.0404846773266,336.84244696179337,575.0
0.7166277164794935,2570.1047036290156,0.2214744874940497,18.58523076311556,6.844991868997336,333.5029337867319,0.30324880577578855,330.0804378522332,336.92542972123056,576.0
1.9039542675550556,2264.064306808199,0.19510196658365267,18.242303056070728,6.707777260608809,333.25059026277364,0.293981516525024,329.8967016324692,336.60447889307807,577.0
1.4863311205492058,2337.0556440786168,0.20139187336863498,18.2023842609264,6.888428512523323,333.3683745634887,0.29436766756716287,329.92416030722706,336.8125888197504,578.0
0.6252263973469868,2613.06482296248,0.22517650414676718,17.76299722488392,6.8971017868667035,333.47849914886274,0.30701122580932333,330.02994825542936,336.9270500422961,579.0
0.6120920642149187,2620.455801619096,0.22581340940893108,17.800744099705415,7.410364619619053,333.5188041076856,0.2990129283568483,329.81362179787607,337.2239864174951,580.0
0.8542644250277042,2530.912818188836,0.21809719211400813,18.705256505747407,7.092248435141765,333.53729207842946,0.30371697139182147,329.9911678608586,337.08341629600034,581.0
0.8590174738781333,2519.1821499740695,0.2170863213400822,18.444757113043035,7.136986799006717,333.67267327957137,0.3112669587371652,330.104179880068,337.24116667907475,582.0
1.1499133472900989,2418.1932702438266,0.2083837730161668,18.23253149579217,6.946404233259234,333.6157125129828,0.3060169044045549,330.14251039635315,337.0889146296124,583.0
1.13170140962466,2430.2605601418254,0.20942365160236903,18.062329999016864,6.705736486328903,333.4125617247642,0.2967189701178078,330.05969348159977,336.76542996792864,584.0
0.604834880822794,2622.9712682165396,0.2260301755487271,18.066189065417355,6.849265102547465,333.55922352939615,0.3066188623593949,330.1345909781224,336.9838560806699,585.0
0.441920828160189,2718.453659102999,0.23425821137793884,18.543088091975818,7.121427822480808,333.62930335452245,0.3093432285319395,330.06858944328206,337.19001726576283,586.0
0.8729315051358804,2512.3389464865763,0.21649661968976813,18.40292064252528,6.951124751910079,333.61043186497153,0.31669462644805224,330.13486948901647,337.0859942409266,587.0
0.9775395589033073,2468.6608136352866,0.2127327294193534,18.6846448448674,6.909448710269129,333.56195806943634,0.30834933547704246,330.1072337143018,337.0166824245709,588.0
1.15921917411368,2427.203705120009,0.20916023221780294,17.620917241305644,6.391289768318102,333.3068474437045,0.30355815368702405,330.11120255954546,336.50249232786354,589.0
0.9757167461707934,2475.228753706231,0.21329871070371512,18.67361131396141,6.78656691756642,333.6205785298026,0.30776753890049874,330.22729507101934,337.0138619885858,590.0
0.7230788574132644,2563.405072037535,0.22089715791248554,17.239820246387538,7.020041329067682,333.4470785099206,0.28266085112818135,329.93705784538673,336.9570991744544,591.0
1.4101572577745884,2366.5140906052584,0.20393040587964376,18.026877733290533,6.972231590707541,333.3160092011938,0.3010227250965386,329.82989340584004,336.8021249965476,592.0
0.7749438515375734,2552.207662962362,0.21993223985576849,17.653747596603942,6.739862813908493,333.2130387101705,0.2795976933707381,329.84310730321624,336.5829701171248,593.0
0.7023509676663166,2578.0803251030147,0.22216177337617982,18.75186288095606,6.879579583075688,333.4216857389609,0.28665515611281656,329.981895947423,336.86147553049875,594.0
0.7957669500259267,2540.064732773024,0.2188858430935812,18.130929398780854,6.6764021834873075,333.27951111969713,0.28948180779397137,329.9413100279535,336.6177122114408,595.0
0.3741251915797213,2763.6888815470993,0.23815628124775398,18.48043072118776,6.815042549792786,333.7926472851842,0.29842580948701,330.3851260102878,337.2001685600806,596.0
1.4523033989833118,2354.9628316830604,0.20293499540236143,18.317164128723984,7.005678763694476,333.51916869479845,0.30786121137765843,330.0163293129512,337.0220080766457,597.0
0.6877102528282094,2576.5611777866015,0.22203086338918376,17.88870670855872,6.803204571137322,333.38593418395243,0.28962338903904167,329.98433189838374,336.7875364695211,598.0
1.9941547408210263,2251.010879596939,0.1939771092587458,18.29470724816004,6.962189037593855,333.04474331322217,0.2809218792991925,329.56364879442526,336.5258378320191,599.0
0.8175188446478258,2531.707646384406,0.21816568510848075,18.04586572309305,7.111175404812188,333.39083370782447,0.29459706034406985,329.83524600541836,336.9464214102306,600.0
0.9559557420009481,2489.000084944226,0.21448543221110702,18.927903561500045,7.060530352459596,333.35764419011605,0.3001797287697871,329.82737901388623,336.88790936634587,601.0
0.845575908425165,2522.220660281763,0.21734815989949638,18.048702956398692,7.087632384949824,333.34522303846865,0.2930419893578413,329.8014068459937,336.8890392309436,602.0
0.4699844898680819,2703.1850375895388,0.23294246337761051,18.61505222725923,7.232003918343485,333.73468316246294,0.31134489825244,330.1186812032912,337.3506851216347,603.0
1.1429566451284876,2430.309789877741,0.20942789389277688,18.090464850314795,6.532100882784139,333.6736064078348,0.3150076334461604,330.40755596644277,336.9396568492269,604.0
1.113844337639043,2433.346219694358,0.20968955316934149,17.93839416337311,6.730749826122472,333.3084960022824,0.2883913814204407,329.94312108922117,336.6738709153437,605.0
1.4914252543213602,2349.903638549854,0.2024990278697048,17.759074186498086,7.044294897676037,333.1787358132709,0.2859723800637109,329.6565883644329,336.70088326210896,606.0
0.7559550469032954,2552.0563337264657,0.21991919931118845,17.490102342467587,6.884059158338265,333.38280222597814,0.2900622354972211,329.940772646809,336.82483180514726,607.0
0.3870042248414664,2763.255461031431,0.23811893195749295,18.58892953402786,6.9176592194486215,333.5907921214069,0.30715767062250504,330.13196251168256,337.0496217311312,608.0
0.6673278503506332,2586.2489094933153,0.22286568751587973,17.60014874870179,6.8730524154596155,333.8641324805825,0.31049725067835954,330.4276062728527,337.3006586883123,609.0
0.4834428318118475,2700.3608281601823,0.23269909183906606,17.975747271140506,6.998391317315296,333.4023949607124,0.29495230860702676,329.90319930205476,336.90159061937004,610.0
0.49140076851935477,2681.3025119170798,0.23105677321427204,17.967904465236924,6.729508312177089,333.58285763006853,0.3081824786680496,330.21810347397997,336.9476117861571,611.0
1.2281805597148452,2403.5446786795746,0.207121455062886,18.56655511671873,6.9795101096142576,333.4124997468037,0.29850416608968605,329.92274469199657,336.9022548016108,612.0
0.4339326968532258,2725.269933284682,0.2348455924402261,17.703923269295185,7.307609337416868,333.4939566821898,0.29387845252044575,329.8401520134813,337.14776135089824,613.0
0.5451935718278168,2659.1692017001205,0.22914947211096437,18.3210004918994,7.035810302382443,333.6206528692483,0.3022112103155981,330.1027477180571,337.1385580204395,614.0
0.5558165173842468,2659.246320735457,0.22915611771524774,18.130054694373428,6.681109316727928,333.2558990665109,0.29153979272731867,329.91534440814695,336.59645372487483,615.0
2.0460537296786008,2249.238308991857,0.19382436094240163,18.05613245642902,6.9840097933312935,333.1602677272412,0.2854312252095146,329.66826283057554,336.65227262390687,616.0
1.0049306332264059,2468.440646187528,0.21271375685664556,17.846772108190404,7.023417629720434,333.3100935125726,0.283487863121958,329.7983846977124,336.82180232743286,617.0
1.205188740439765,2415.64778874747,0.2081644203925032,18.08009675969725,6.887870480096379,333.47742438827197,0.3011377132642494,330.0334891482238,336.92135962832015,618.0
1.0627210397322069,2451.8646077838443,0.21128534438576307,18.108891681940317,6.872772388242307,333.3242022442564,0.3001953206524527,329.88781605013526,336.76058843837757,619.0
1.1619645469496025,2426.0316424157213,0.20905923166853485,18.173620224720008,7.102923144497632,333.2464834184834,0.29788181095091953,329.6950218462346,336.7979449907322,620.0
0.849016376850577,2522.7705448349593,0.21739554528400157,18.630814413054907,6.9307351519238996,333.47153836744474,0.2970432822456791,330.00617079148276,336.9369059434067,621.0
0.791082507682107,2533.8683886626354,0.21835188347152873,18.36166165582712,7.277712586774105,333.4177071228255,0.29325150812148953,329.77885082943845,337.05656341621255,622.0
0.7633329642273434,2556.5431540145196,0.2203058435682771,18.19981248140763,6.9180946958472305,333.46740266184264,0.2944727835005989,330.008355313919,336.92645000976626,623.0
1.11265528789124,2432.757640323085,0.20963883332340755,18.158338235149753,6.994194144845256,333.3158116648485,0.2900975255793061,329.8187145924259,336.81290873727113,624.0
1.2130785459219278,2402.844475598173,0.20706111622985085,17.581602523718203,7.169632920914056,333.61489897138904,0.30257638346787036,330.030082510932,337.1997154318461,625.0
0.42552908943685114,2732.330458655138,0.23545402144144637,18.164843425393013,7.113180492204338,333.8431813238433,0.3188131227400339,330.2865910777411,337.3997715699455,626.0
0.5403791476841155,2661.7430878744403,0.22937127246039005,18.385156392140928,7.055542350074448,333.63343072856765,0.30679249479573795,330.1056595535304,337.1612019036049,627.0
1.1197632130246638,2429.2616935363676,0.2093375759381339,18.618131689239824,6.748596926393828,333.23645406890097,0.289658744233512,329.86215560570406,336.6107525320979,628.0
0.8693667274575565,2518.0967929664807,0.21699279250965584,18.13505171207658,7.075054818865174,333.4611270052772,0.2970553221761967,329.9235995958446,336.9986544147098,629.0
0.869365642739162,2518.2540483303464,0.2170063437284325,18.21946238006377,6.916020114391136,333.4339214570939,0.2947453197548383,329.97591139989834,336.89193151428947,630.0
0.6339803260386218,2616.967639213645,0.22551282282973356,18.390337309603076,7.167188150929515,333.24040993689874,0.2805510708623043,329.656815861434,336.8240040123635,631.0
1.2925259219450471,2391.3677694196494,0.20607213021094692,18.38458544412936,6.73194185258514,333.4365895313967,0.31086663988463986,330.07061860510413,336.80256045768925,632.0
1.3048313768174364,2384.0033398568034,0.20543751277267122,18.660571049483835,6.749757230541416,333.2846021851945,0.29025861420159166,329.9097235699238,336.6594808004652,633.0
0.7370529225059387,2558.817518286288,0.22050183311716723,18.76143049219984,7.118215921586275,333.37084476752307,0.2855714099397824,329.8117368067299,336.9299527283162,634.0
0.5034183237144645,2682.1829152844234,0.2311326405064859,18.265922893566135,6.967032034847001,333.6931136821016,0.3092670697877854,330.20959766467814,337.1766296995251,635.0
1.492774263373939,2343.2609255753573,0.20192660315505434,18.188880213839983,6.869083672874748,333.1797502088198,0.29125303316302337,329.7452083723825,336.6142920452572,636.0
0.527568436084958,2670.384483179377,0.23011593029230326,18.303504021871227,7.055647148145769,333.71179608557946,0.3078981703904773,330.18397251150657,337.23961965965236,637.0
0.4076344120965875,2742.55584810602,0.23633517732776627,18.081051981935815,7.062548028624796,333.72692978622473,0.30308348501340043,330.19565577191236,337.2582038005371,638.0
0.5959920517296652,2630.6880030120165,0.22669515230299805,17.906187954147438,7.411734735983182,333.60286111519446,0.3034874414871409,329.8969937472029,337.30872848318603,639.0
0.8518265418862428,2520.168794424167,0.21717134378045816,18.06386862463359,6.77432403331034,333.26466726950514,0.2931403845648372,329.87750525284997,336.6518292861603,640.0
0.8787963065894411,2501.644057228608,0.21557500544040714,18.26411262349476,7.0346030684876055,333.6882791885656,0.31725727156278305,330.1709776543218,337.20558072280943,641.0
0.9078383083313407,2495.437487786693,0.2150401646674599,18.570615409125107,6.759372251174661,333.6022399318236,0.3001254780264449,330.22255380623625,336.98192605741093,642.0
0.9307600356055724,2499.0234347506725,0.21534917766794456,18.606433169266666,6.886831440954545,333.5596539387954,0.3037726293116863,330.11623821831813,337.0030696592727,643.0
0.6371306324578412,2600.9404562063887,0.22413170705748767,18.88331091283208,6.894247387526756,333.90104969444866,0.32690049563589646,330.45392600068527,337.34817338821205,644.0
0.5094426698627141,2680.708528406833,0.23100558767567275,17.82204240790043,6.961536985150514,333.37252807518735,0.2898910543682366,329.8917595826121,336.8532965677626,645.0
0.9291031178635564,2498.932448428606,0.2153413370733493,17.706362131185127,6.896048308217284,333.2405798807294,0.28279892305672155,329.7925557266208,336.688604034838,646.0
0.710402056787384,2574.37617945348,0.22184257480104952,18.079008567115242,7.148970344055373,333.46114257260854,0.2964156107238845,329.8866574005809,337.0356277446362,647.0
0.6998793331468298,2574.539404292713,0.22185664042941258,18.223373102338705,6.951221555404884,333.5736169524261,0.2987635283434253,330.09800617472365,337.04922773012856,648.0
1.3885711935619998,2366.7284504331105,0.20394887798038963,17.868680662510087,6.954919269094663,333.5252460515345,0.3112050451452782,330.04778641698715,337.00270568608187,649.0
0.8864080905315439,2508.2290117496486,0.21614245291663636,17.49327417819811,7.0942116746693875,333.51752133162324,0.3023436357737381,329.97041549428855,337.06462716895794,650.0
1.1006537896896555,2437.7034608077997,0.21006503115711567,18.125793791829405,6.800420511110692,333.4198042942416,0.2995970536727812,330.01959403868625,336.82001454979695,651.0
0.8708759283041954,2504.425211414253,0.21581466676511427,18.092600202012243,7.023214442468707,333.53035473671594,0.3011159361137812,330.0187475154816,337.04196195795026,652.0
0.8737967456156652,2509.268480246862,0.21623202738119474,17.7223620333063,6.994666977804246,333.464987503586,0.2994453996135046,329.96765401468383,336.9623209924881,653.0
1.5408796744198536,2336.0897761705733,0.20130864131212817,18.427074825090244,6.725780548513299,333.2996930289761,0.286694222050278,329.93680275471945,336.66258330323274,654.0
0.8217012763300541,2518.7976760962742,0.21705318994472728,18.262584735948106,6.9135430860669205,333.7404204253913,0.31767234027830005,330.2836488823578,337.19719196842476,655.0
0.572395716740703,2644.5934630391375,0.2278934321351493,18.144790348563138,6.892793517214671,333.5334353786588,0.30671875230596274,330.08703862005143,336.97983213726616,656.0
1.9474208451317467,2252.327266277999,0.19409054668606932,18.162356926876786,6.87508269423075,333.36391021897344,0.2927716517432437,329.9263688718581,336.8014515660888,657.0
0.7233324248409299,2564.6787287281672,0.2210069131541311,18.287823376245033,7.085732281118038,333.6576968448813,0.298199637930565,330.1148307043223,337.2005629854403,658.0
0.837046247386868,2523.5103719612916,0.2174592986530403,17.69014024957317,6.671203211097813,333.46395346403926,0.29917826673263853,330.12835185849036,336.79955506958817,659.0
0.9696486996389759,2473.6554763563445,0.21316313615133983,18.52926092275017,7.143541025471889,333.57481440725815,0.30484249219337917,330.0030438945222,337.1465849199941,660.0
0.6892363225829706,2578.847429429106,0.22222787731242633,18.2291043204365,6.966466605055863,333.67484730346814,0.3124109854111604,330.1916140009402,337.1580806059961,661.0
1.3812313240214296,2368.415547785317,0.2040942607816836,18.816037654555785,7.117593173588284,333.42673315007477,0.3082746683121266,329.86793656328064,336.9855297368689,662.0
0.7782484085224134,2547.375512059447,0.21951583730874155,17.879421279798837,7.202440435197616,333.6677860060382,0.3003885245291691,330.06656578843945,337.269006223637,663.0
0.7780890431705058,2551.566262472652,0.21987696823802605,18.258393187943017,6.723872704240807,333.3361058710421,0.28918395140735775,329.9741695189217,336.6980422231625,664.0
0.9327184249259007,2488.9324604236167,0.2144796047807993,18.340663212817727,6.832385793526368,333.23570286553127,0.29228978977652664,329.8195099687681,336.65189576229443,665.0
0.5060703426147635,2686.0179072161973,0.23146311454181767,18.416864439307016,7.084385995643254,333.41671373515055,0.2981268109356496,329.8745207373289,336.9589067329722,666.0
1.104558633408199,2441.840884769665,0.21042156676837145,18.292661852364557,6.552049292316811,333.4673949335059,0.31160251564733144,330.19137028734747,336.7434195796643,667.0
1.1667159794178819,2413.834815614751,0.2080081904557063,18.512324845273067,7.096044781655993,333.436647266976,0.29850918772667684,329.888624876148,336.98466965780403,668.0
0.5088248811840946,2670.453616847062,0.23012188777084394,18.633804141261994,7.143380293201602,333.7851001358248,0.30752079529088727,330.213409989224,337.3567902824256,669.0
1.4745172895361962,2352.0592936631697,0.20268478785479857,18.022998185382992,6.887207217817358,333.3002883331958,0.28683931724148604,329.8566847242871,336.7438919421045,670.0
0.5852069605095701,2623.409057501113,0.2260679013103641,17.986417974628104,6.737893951009474,333.6236553321919,0.30107849740448894,330.25470835668716,336.99260230769664,671.0
0.6304466057663165,2605.768366801672,0.22454774420307466,18.60118588614803,6.935265604297472,333.5171941001617,0.29341672113920253,330.049561298013,336.98482690231043,672.0
0.46956789590887,2691.8316579662464,0.23196410481897142,18.247119073601787,7.112873061231484,333.68783687438054,0.30256408263472157,330.13140034376477,337.2442734049963,673.0
1.656241539697787,2306.6627696273295,0.1987728180892663,18.441339897886092,6.66550937706227,333.1447417618243,0.28527516459650887,329.8119870732932,336.47749645035543,674.0
0.8684559849560369,2510.909178661816,0.21637341183143569,18.392297317939978,6.886717577540143,333.60196035348775,0.3094634270694739,330.1586015647177,337.0453191422578,675.0
1.2297013365077372,2405.174575671521,0.20726190871850933,18.636052011611508,7.266795154054529,333.23917007704637,0.2814510981686263,329.6057725000191,336.87256765407363,676.0
0.8868850068979554,2499.5584634418533,0.21539528287331094,18.52561675879286,6.69497903389054,333.45600745877744,0.2917244255189944,330.1085179418322,336.8034969757227,677.0
1.115512627434002,2437.318810480894,0.21003188455655283,17.70793692063603,7.088307722527841,333.39665097835746,0.2943657745407492,329.85249711709355,336.94080483962136,678.0
1.0793524633210398,2441.3037847294518,0.21037528306795591,18.54661253238256,6.664552244258673,333.41715493553556,0.2973997602470934,330.08487881340625,336.7494310576649,679.0
0.5928739049919242,2629.721705362343,0.22661188321422282,18.33982397226745,7.132452246987981,333.685884912677,0.304103477037385,330.119658789183,337.252111036171,680.0
1.6175025546618416,2330.801515493431,0.20085293426581552,17.95522699612876,6.769043841478318,333.2303331775409,0.30069984597843097,329.84581125680177,336.61485509828003,681.0
0.6380340072458082,2608.01737229877,0.2247415485018403,18.4281254785418,7.081827624103122,333.39856290535573,0.2894230103134142,329.8576490933042,336.9394767174073,682.0
0.8530093623709277,2520.3382244018203,0.21718594412627826,17.81768006400285,6.997004304396832,333.38454887693604,0.2965106300288415,329.88604672473764,336.88305102913444,683.0
1.140301799015978,2424.7363000455543,0.20894760769961368,18.55311813689053,6.949810812197619,333.4197207581621,0.29387838855822823,329.9448153520633,336.8946261642609,684.0
0.4171588524535378,2740.407289359852,0.2361500288602791,18.673700447509397,6.9938631341460376,333.80754752361037,0.31702632929874486,330.31061595653733,337.3044790906834,685.0
0.46457873644476266,2709.8889405724635,0.2335201610392103,17.95680979720752,7.077258662877713,333.523758307521,0.29412186675025864,329.98512897608214,337.0623876389599,686.0
0.5671958188834278,2646.987221900404,0.2280997103137133,17.846322266540643,6.755768463281295,333.4571385617773,0.2940544016783766,330.0792543301367,336.8350227934179,687.0
1.88694560598751,2270.970174198388,0.19569706819129704,18.149038982474302,7.0695023507670784,333.3735738128394,0.2972321263880219,329.8388226374559,336.90832498822294,688.0
1.8783132632399777,2267.7387056414964,0.19541860177649295,18.82171576388183,6.80563312432184,333.3902465262619,0.29202008546893937,329.98742996410095,336.7930630884228,689.0
1.9189055461568159,2265.4155589608363,0.19521840848485536,18.03010167958465,6.790299038229145,333.2547098222312,0.28840439455957484,329.8595603031166,336.64985934134575,690.0
0.7487788231673975,2567.1632985785873,0.22122101681826897,18.101981792679595,7.134580360454905,333.4175950600155,0.30284260224319254,329.85030487978804,336.984885240243,691.0
0.9229132980760156,2483.8273269365955,0.21403967841475272,18.08456814693416,6.797614683504684,333.514850746198,0.3003041520250415,330.1160434044457,336.91365808795035,692.0
1.1792611889375684,2420.351496631984,0.20856975457658278,18.732996626054092,7.049008303259246,333.1811791725271,0.2988120654873194,329.65667502089747,336.7056833241567,693.0
0.5616639533518593,2647.0770614547755,0.22810745208751454,17.827311424347972,6.931806776285522,333.743507364102,0.30596566794455116,330.27760397595927,337.20941075224476,694.0
1.3701555939723458,2372.9089893966984,0.20448147562026975,19.016375188274285,7.194216926207173,333.19446151159394,0.2818928676437532,329.59735304849033,336.79156997469755,695.0
0.7748725177970016,2546.393167332383,0.21943118538982878,18.325774997824986,6.949296341147812,333.49710350243396,0.2999632626542345,330.02245533186004,336.9717516730079,696.0
0.6604900487221256,2599.374586371997,0.223996770835409,17.9472356669043,6.791054386920769,333.41939733110064,0.2914502225588274,330.02387013764024,336.81492452456104,697.0
1.249860737891681,2394.180465210795,0.20631450958091616,17.848273882332105,6.693652696950038,333.4855234585094,0.30175782174667926,330.1386971100344,336.83234980698444,698.0
0.9790653035072586,2469.586834928221,0.21281252776024262,18.497549464953014,7.141990177168016,333.4396996019306,0.2952959161565811,329.8687045133466,337.01069469051464,699.0
0.6060802498689959,2620.2683369791685,0.22579725495616013,18.209008337610562,6.703090214635844,333.6151198593262,0.3046747698300081,330.2635747520083,336.96666496664415,700.0
0.3960215613484427,2761.9962226329767,0.23801041918813506,17.97766743583631,6.810428915659144,333.729231494575,0.3115089754454673,330.32401703674543,337.1344459524046,701.0
1.1247551630157004,2433.325710885113,0.20968778585690082,17.483693440289297,7.11808621553252,333.48975146418456,0.3036806540255154,329.9307083564183,337.04879457195085,702.0
1.1993117894158398,2412.255405789708,0.2078720874475096,18.36527998424468,7.056127292196693,333.33198439889816,0.2970108099772499,329.8039207527998,336.8600480449965,703.0
0.9413105880673909,2496.7721140463705,0.21515517386005845,18.46742597651565,6.750410405892954,333.56882301388003,0.30255497919400615,330.1936178109336,336.9440282168265,704.0
1.146760380155516,2422.7229367040004,0.20877410947069702,18.313615197642058,6.7971330383274555,333.22118295643673,0.28009468942500426,329.822616437273,336.6197494756005,705.0
1.6463988983753874,2318.544262371909,0.19979668591556707,18.39627477752006,7.080415884831546,333.2836461730339,0.2900954126368455,329.74343823061815,336.82385411544965,706.0
0.4060091544481264,2743.8683988423863,0.23644828419895178,18.709008257781896,7.062606275405457,333.86401867524705,0.3255237168255176,330.33271553754435,337.39532181294976,707.0
0.4424511541174469,2716.4140676139214,0.23408245298214161,18.249060967539226,6.7863323442345775,333.73168627625546,0.29770003151790986,330.3385201041382,337.12485244837274,708.0
1.031753392890159,2456.8294734444385,0.21171318340574705,18.666561843285685,6.813069086247553,333.4787833370962,0.3025245451050885,330.07224879397245,336.88531788022,709.0
0.6893160883183733,2588.751480454211,0.22308134239569816,18.22383785281348,7.064110621458583,333.5412976679426,0.30775980424052285,330.00924235721334,337.0733529786719,710.0
0.8611992613654855,2502.5172582996256,0.2156502520867441,18.074249319472333,6.83939921674365,333.5478491379571,0.29968430124186735,330.12814952958524,336.96754874632893,711.0
0.5586333226347265,2648.2946879260508,0.22821237901843067,18.64656282840537,6.853938206911406,333.6838011664113,0.3151357590288505,330.2568320629556,337.110770269867,712.0
1.3973196742151344,2352.011596117398,0.20268067759832162,17.98619340321972,6.914914949264976,333.36719122240766,0.2907556815680397,329.9097337477752,336.8246486970401,713.0
0.8889088061709228,2500.193270163987,0.2154499862841268,18.217162009733585,6.7728453463654645,333.40055138219435,0.2925809239543128,330.01412870901163,336.7869740553771,714.0
0.8397128579814981,2523.5753158710613,0.21746489508617853,18.510593932294235,6.81692175776994,333.45982280560355,0.2994104835261418,330.0513619267186,336.8682836844885,715.0
0.6771742674198702,2591.4040455816817,0.2233099227727239,18.281160538153017,6.744766774567783,333.41533672169305,0.28814681517336255,330.04295333440916,336.78772010897694,716.0
0.822087416356839,2526.74506318278,0.21773804277559264,18.307615611549803,6.535819515960671,333.3561631329615,0.29213595713588864,330.08825337498115,336.6240728909419,717.0
0.876280770172114,2520.0777553755674,0.21716349864224177,17.544997452536762,7.080117449910378,333.60705548749115,0.3068156665934056,330.06699676253595,337.14711421244635,718.0
0.6007885443749513,2628.654168622479,0.22651989001565445,18.55207709830352,6.849365655197528,333.2252068023406,0.29198268826650026,329.80052397474185,336.64988962993937,719.0
1.2732866798977815,2396.616740898304,0.20652445157608992,18.110836274717013,7.326115197884425,333.44409717796503,0.30156795191088775,329.78103957902283,337.10715477690724,720.0
0.8862463382711945,2501.5737728290405,0.21556894879946523,18.475324812019977,6.989424491411319,333.41615488331735,0.2914524886734543,329.9214426376117,336.910867129023,721.0
0.979834456593795,2474.5047979502524,0.213236325023553,18.153815658369663,6.738580584933419,333.374571835773,0.2970750312145391,330.0052815433063,336.7438621282397,722.0
1.1439995760451498,2428.4577263366155,0.2092682954052141,17.90119325613922,6.8018563130988,333.60987010778035,0.2978638891471385,330.20894195123094,337.01079826432976,723.0
1.2659382002912023,2385.0065189753395,0.20552396006053028,18.26672291973926,6.894761798072487,333.5498922102541,0.2976252085543212,330.1025113112178,336.99727310929035,724.0
0.617947516021347,2619.734119828776,0.22575121968396805,17.972927326604836,7.055608637627473,333.3686170033758,0.2865833581818666,329.840812684562,336.89642132218955,725.0
0.6160378636716527,2617.3841809143323,0.22554871761625703,18.318408986107723,7.135353948405185,333.58083167783496,0.30050839083391606,330.0131547036324,337.14850865203755,726.0
1.5349721533748546,2339.3613838629576,0.20159056665000616,17.877543071791386,6.784936527345616,333.63105512841304,0.31991263092965677,330.2385868647402,337.02352339208585,727.0
0.9114898743984656,2493.9039548660776,0.21490801502500798,18.582773726188723,6.78881638679934,333.4259821987919,0.3035876610677272,330.03157400539226,336.8203903921916,728.0
0.990951886270832,2471.1387563726553,0.21294626200307398,18.239700100540134,6.771832790024695,333.30872188522403,0.30671472694447693,329.92280549021166,336.6946382802364,729.0
0.8699979609820683,2509.6291065717687,0.21626310375344246,17.841642725577557,7.00839699395656,333.6881678167555,0.3074323741313341,330.1839693197772,337.19236631373377,730.0
1.3734187405956402,2371.729157193594,0.20437980554739582,18.439257802980258,6.924005664879489,333.5376002697254,0.3117856433922159,330.07559743728564,336.9996031021651,731.0
0.9094119044605966,2499.494877025026,0.21538980341986358,17.824916648816227,7.021723348383197,333.42672823941547,0.29371733487619067,329.9158665652239,336.93758991360704,732.0
0.7505775767015297,2557.9159992060336,0.22042414621360118,17.935807471069534,6.914756107763719,333.35579960488417,0.28423974047961603,329.8984215510023,336.81317765876605,733.0
1.1380471914634238,2430.425299658748,0.20943784775555646,17.761846062979146,7.101366443111664,333.43090354144385,0.29267344358918135,329.880220319888,336.9815867629997,734.0
2.4505700032189455,2180.573273500184,0.18790726599961358,18.48604200932006,6.933157249994788,333.3758979397331,0.30817180613550976,329.9093193147357,336.8424765647305,735.0
0.7148252836763862,2570.0393350541335,0.22146885446610348,18.167894979884505,6.829017738910556,333.8342439799134,0.31958272154298484,330.41973511045813,337.2487528493687,736.0
0.5901385541077462,2631.3404587223295,0.2267513765859427,18.147932240440433,7.077370539902169,333.5989281436525,0.29961206143028657,330.0602428737014,337.13761341360356,737.0
1.2894755639890687,2390.6598885601747,0.20601112975818808,18.521024293122263,6.970340577358476,333.4224759258739,0.3039192712220705,329.9373056371947,336.90764621455315,738.0
1.6864953811247274,2304.0979539616683,0.19855179937580028,18.14663731379505,7.115824987132791,333.23810987500644,0.29057776656406714,329.68019738144005,336.79602236857284,739.0
0.422178553550657,2735.043775772976,0.23568783701994536,17.981494213615406,7.122701984803327,333.631550751005,0.2991208430742499,330.07019975860334,337.1929017434067,740.0
0.8786451321740961,2510.516575286419,0.21633957989017988,18.492522263773065,6.9435313694592535,333.3423926278691,0.28696060603725704,329.8706269431395,336.81415831259875,741.0
1.0136414445951754,2467.9006938085154,0.21266722736068996,18.12823896780906,6.961309779034609,333.46076260655104,0.3056458277319338,329.9801077170337,336.94141749606837,742.0
0.713061874060484,2572.412158988831,0.22167332861227684,18.341371752491387,7.159892988476235,333.5236982165095,0.29463829816178,329.9437517222714,337.10364471074763,743.0
0.6224813886089173,2614.552426618002,0.22530469591138122,17.610721699851833,7.037675727206929,333.533204417859,0.2930155253481134,330.01436655425556,337.05204228146243,744.0
1.2272308562757406,2403.252279155022,0.20709625802139878,18.266124852506046,6.674466231414129,333.5300884807082,0.3109831164709931,330.1928553650011,336.86732159641525,745.0
0.3953749689655043,2750.0291738059173,0.2369791787090811,18.464516039542403,6.988244829645507,333.5666304644165,0.3007539655269683,330.07250804959375,337.06075287923926,746.0
1.1416729900474476,2422.1851140544754,0.20872776350062894,18.676189942618503,7.202925259652207,333.68094671011335,0.31412550563157593,330.0794840802872,337.2824093399395,747.0
0.6621020813495383,2597.3101502622994,0.2238188714958553,17.99967122380995,7.040164937878291,333.63616325634734,0.2976472001608167,330.1160807874082,337.1562457252865,748.0
0.48458682243820067,2691.286006511497,0.2319170842146667,19.029962726852148,7.153492648509458,333.6413158193162,0.303936814774063,330.0645694950615,337.21806214357093,749.0
1.0764595476571786,2446.3567948938717,0.21081071779358673,17.980543435100792,6.913146912416464,333.49220818797227,0.3062229024222369,330.03563473176405,336.9487816441805,750.0
1.2934369254286602,2389.5683070270393,0.20591706453965133,18.273640741759223,7.003097174860182,333.61086833147283,0.3082321805732056,330.10931974404275,337.1124169189029,751.0
0.49885865117269934,2689.81673159795,0.2317904718988314,18.42737450237382,7.051430812070167,333.417381334614,0.2874033999754358,329.8916659285789,336.9430967406491,752.0
1.5411264294214493,2337.1867319926396,0.20140316965105254,18.107887041449125,6.79151754924094,333.2830232520573,0.29198705938609376,329.8872644774369,336.67878202667777,753.0
0.6283931044595925,2619.4787799855717,0.22572921619872846,18.732938008242353,6.622873917471195,333.1673546817202,0.2838839118466306,329.8559177229846,336.4787916404558,754.0
0.4907190122284475,2699.855125921145,0.23265551379181482,18.00231353156453,6.86028931150771,333.22083825844436,0.27333607635714846,329.7906936026905,336.6509829141982,755.0
0.9918620442494249,2471.224142093784,0.21295361997522178,18.297006936594954,6.991730764698313,333.14768666548355,0.2881422533255529,329.6518212831344,336.6435520478327,756.0
0.8311021591305857,2519.861027609682,0.21714482248838413,18.192085257059958,6.964343078627483,333.65870116896696,0.308607441335992,330.1765296296532,337.1408727082807,757.0
0.7790111644972331,2548.099103582821,0.21957819160176628,17.719568710735043,7.172270638680348,333.5326131811196,0.2982079714969643,329.9464778617794,337.1187485004598,758.0
0.961498412669077,2482.4050430065495,0.21391711546856879,18.71024074000912,6.676022902950285,332.9994701757779,0.27448761043076314,329.66145872430275,336.33748162725306,759.0
0.6534621379011777,2594.8510399228344,0.22360696176262332,18.059361481164114,7.060292810523468,333.54942775614603,0.2977824673045544,330.0192813508843,337.0795741614078,760.0
0.68710373607035,2573.1209057376313,0.22173440368160457,18.776114298403147,6.733205874439997,333.6199342124886,0.3166967618999424,330.2533312752686,336.9865371497086,761.0
1.0940646689716087,2443.343428039811,0.21055104592936566,17.860487524506564,6.854113610396878,333.38099980247625,0.29856004162640065,329.9539429972778,336.8080566076747,762.0
0.9183700725814835,2489.0098909070334,0.2144862772236017,18.612918121484466,6.989050504284784,333.4938805893614,0.29930285005328744,329.999355337219,336.98840584150383,763.0
0.4476378572131822,2713.8353090025616,0.23386023275857823,18.357120767954186,7.3042865428119,333.6822926936785,0.303143660011445,330.03014942227253,337.3344359650845,764.0
0.9094711496211892,2497.315190156616,0.21520197253834464,18.285884160917472,6.65005765687839,333.4546491830828,0.29803529126350004,330.1296203546436,336.779678011522,765.0
0.5869795189649597,2634.77811260429,0.2270476106773453,17.69160636492619,6.74552653839152,333.54079363983243,0.2908646107790361,330.16803037063664,336.9135569090282,766.0
1.2035949746016847,2408.5639593007745,0.20755398320136978,17.408690840091804,6.851361388969442,333.50190162728086,0.2972160177379164,330.07622093279616,336.92758232176556,767.0
0.29905227714573596,2843.4287069206875,0.2450277277427329,18.058637883159214,7.0232644018132495,333.71576209255477,0.3116727192779434,330.20412989164817,337.2273942934614,768.0
0.7620397376799009,2558.32618515308,0.22045949330365208,17.596543585900495,6.916189600637468,333.32757766179094,0.2946002866624353,329.8694828614722,336.7856724621097,769.0
0.37469749106422756,2773.9808839713205,0.23904317739598224,18.207990088217805,6.914645081083429,333.8627170604906,0.3121987298250071,330.40539451994886,337.3200396010323,770.0
2.123840183988742,2229.3321115645936,0.19210897757030268,17.821775229984667,6.812177021286567,333.2142537411053,0.2896708045835878,329.80816523046207,336.6203422517486,771.0
0.5766034136449639,2628.3168223399557,0.22649081976224245,17.921908028734478,7.0591052152105815,333.5671256143341,0.28629602289159334,330.0375730067288,337.0966782219394,772.0
0.6358889237444605,2607.5005774593465,0.22469701456824634,18.48685259194165,6.937066914656848,333.29195182024995,0.27699392451636173,329.82341836292153,336.76048527757837,773.0
0.9986831483581747,2459.232134097456,0.2119202286813725,17.79868690535967,6.889000165210071,333.62078105877634,0.30719106121255085,330.1762809761713,337.0652811413814,774.0
1.2903843077995865,2383.783280917163,0.2054185495604696,18.14519815208079,6.936633202946987,333.14586509117396,0.2938443539744928,329.6775484897005,336.61418169264743,775.0
1.1297385289959059,2429.3375855722047,0.2093441158077813,18.187557931835848,6.910998382355498,333.3520929297867,0.28714508219187646,329.89659373860894,336.80759212096444,776.0
0.8764242373512683,2505.79054802272,0.21593232237081394,18.24555520797472,6.876156877172582,333.50332747979047,0.29828513965197123,330.0652490412042,336.94140591837674,777.0
0.577012749644813,2642.864989229329,0.22774448378661166,17.78986967556959,6.8191499183007185,333.4162488248921,0.2943654622710968,330.00667386574173,336.8258237840424,778.0
0.6055961278197523,2622.5410356064444,0.2259931009709134,18.19824100258725,7.065391221438004,333.4174520903539,0.288989284542946,329.8847564796349,336.95014770107286,779.0
0.46878940574986494,2700.242563407385,0.23268890057118605,18.760393272075934,7.045084391983557,333.7999452028591,0.3128808429314306,330.2774030068673,337.32248739885085,780.0
1.1742433290203949,2415.779265510504,0.20817575018333595,17.81243639634177,6.911348259805979,333.4634844138152,0.29260515676699655,330.0078102839122,336.9191585437182,781.0
0.6686432262230412,2593.518250672448,0.2234921108712374,18.09701968774208,6.773724885191719,333.40388227833574,0.30295858601098796,330.01701983573986,336.7907447209316,782.0
0.7123535618859791,2576.560157485415,0.22203077546643024,18.268395955469998,7.061435930516472,333.6157086743482,0.3043486662276628,330.08499070908994,337.14642663960643,783.0
1.170914080484938,2421.4021832106787,0.208660295740608,18.451025899124048,6.763038431253538,333.29977362715056,0.28367092879710093,329.9182544115238,336.68129284277734,784.0
0.5187330649293128,2665.7362994286345,0.22971538080787166,17.93076040316378,7.158230210719284,333.64634768763347,0.30389629614896135,330.06723258227385,337.2254627929931,785.0
0.5471210560934718,2656.220540810117,0.2288953761753065,18.331300966727195,6.764373836238125,333.7969232294991,0.3239780292691889,330.41473631138,337.1791101476182,786.0
1.0613302363465922,2439.962362975545,0.21025968828497282,18.57422176858061,6.756873329279988,333.7004014323067,0.32022963637470575,330.3219647676667,337.0788380969467,787.0
0.5126948410729125,2673.383756874291,0.2303743877020335,17.696632823922204,6.895427800986078,333.4215013115783,0.29843954794036953,329.97378741108525,336.86921521207137,788.0
0.41750569591752573,2737.7364319661056,0.2359198721777072,19.096028644516622,6.802024325713567,333.6871423179247,0.3072751156000146,330.28613015506795,337.0881544807815,789.0
0.6483158822744697,2593.7403627858307,0.22351125101226285,18.555069363126627,6.828536974445033,333.5181779012384,0.3013686303895775,330.1039094140159,336.9324463884609,790.0
0.5385661299270061,2655.076913349248,0.22879682598572768,18.32891729299501,6.780363457707064,333.46136563647923,0.2955388555560835,330.0711839076257,336.85154736533275,791.0
1.0499190008883472,2446.1636473745302,0.21079407362815777,19.20952362179515,6.779633274996436,333.4294602786068,0.3062068905273145,330.0396436411086,336.819276916105,792.0
0.8143639961986643,2532.2378455910707,0.21821137414107153,18.369760917092048,6.905735020119079,333.65580572926433,0.3114392034634989,330.2029382192048,337.1086732393239,793.0
1.056089934068684,2448.4908414638853,0.21099461569849107,17.656345618254893,6.86304984106169,333.3523341010538,0.2918868199247648,329.920809180523,336.78385902158465,794.0
0.9506228736234505,2491.261069875786,0.21468026881766314,18.987434732004893,6.989776693468489,333.24238446370737,0.29928056135762604,329.74749611697314,336.7372728104416,795.0
0.5956825557048956,2625.6556017460416,0.2262614935148279,18.21808582650709,7.013810506386068,333.38764530297385,0.28746869918739604,329.8807400497808,336.8945505561669,796.0
0.6387709894272519,2611.6421368131737,0.22505390654000917,17.792951550793372,7.253545120669014,333.5108295933467,0.3101845947386361,329.8840570330122,337.13760215368126,797.0
1.0425348927480957,2451.4088137075414,0.21124606709121957,18.129476123734882,7.122480060083592,333.42850739231284,0.30517101789980694,329.86726736227104,336.98974742235464,798.0
0.6317156573677779,2616.8121948304183,0.2254994276691939,17.96588516328727,6.882135649529407,333.39127673528554,0.29019119582731934,329.9502089105208,336.8323445600503,799.0
0.4793971602158226,2692.465920570217,0.2320187613413118,17.86963188168701,6.979243235593097,333.62224390159383,0.30163455728385624,330.1326222837973,337.1118655193904,800.0
0.8353641213117944,2525.010520685695,0.2175885714680478,18.85270936874763,6.958365834149357,333.6401798382143,0.3013768011852686,330.1609969211396,337.119362755289,801.0
1.279026888298156,2385.015891980906,0.2055247677636566,17.92215635939024,6.949348875672449,333.407763973985,0.2902150981809225,329.9330895361488,336.8824384118212,802.0
1.1402104213674003,2425.5926416514767,0.20902140150965717,18.45886687089983,7.136018881053556,333.5749394055692,0.3108063699749569,330.0069299650424,337.142948846096,803.0
0.4769492315256994,2698.4773343824922,0.23253678490327348,18.35138285933188,7.085119916435085,333.6004199690283,0.3061938392578436,330.0578600108107,337.14297992724585,804.0
1.4885687098649472,2340.383415040575,0.201678638482623,18.38564675959123,6.805192121638083,333.4675539803723,0.3023178587851762,330.06495791955325,336.8701500411914,805.0
0.46912882878224543,2708.587491408371,0.23340801082750495,18.020157371801435,6.490170748377478,333.53824716262835,0.3017668072123697,330.2931617884396,336.7833325368171,806.0
0.6475252821660646,2612.60899196681,0.22513722367075883,18.780749858838547,6.916052191370287,333.49693045517404,0.29805407018197383,330.03890435948887,336.9549565508592,807.0
1.2025093588393836,2413.078255317467,0.20794299513356138,17.685244173806346,7.046150140629084,333.45170018462136,0.29676428077066047,329.92862511430684,336.9747752549359,808.0
0.7977907135123146,2532.2214745890583,0.2182099633972698,18.19884649891827,6.88800431499292,333.44546571240284,0.30110419736669825,330.00146355490637,336.8894678698993,809.0
1.25226057258012,2395.3341721677602,0.20641392835426475,17.495279716460786,6.720272779006247,333.48514347921173,0.29600419675978523,330.1250070897086,336.84527986871484,810.0
0.7755365433674504,2556.0769073800143,0.2202656655419589,18.472351977025752,6.874935122168331,333.3802376170738,0.2875010605102899,329.9427700559896,336.817705178158,811.0
0.7866681438851242,2544.81092971904,0.21929483870169028,17.887250348957235,7.069858741223025,333.55468251069533,0.302862185427058,330.0197531400838,337.08961188130684,812.0
0.7491936254382114,2554.9300960166415,0.2201668409848906,18.85824459982483,6.8882457039923075,333.6090072788637,0.308464238132906,330.16488442686756,337.05313013085987,813.0
0.9975454164216042,2475.0962263448014,0.21328729037931737,17.95288560754607,7.030576720794289,333.5202909472009,0.31019572424394665,330.00500258680376,337.0355793075981,814.0
0.8807968368444051,2508.081898477995,0.21612977567574532,18.608424191151943,6.953535692620697,333.7795378811064,0.3279857882472234,330.3027700347961,337.25630572741676,815.0
0.8256071966671145,2529.3970585232564,0.21796657405217418,17.907728023318114,6.9885864093385734,333.5313009987001,0.29838944685247715,330.0370077940308,337.0255942033694,816.0
0.6850417463020618,2586.4675187907483,0.22288452580758125,18.475292448519156,6.925399450119365,333.56240671267483,0.30971967727656846,330.09970698761515,337.0251064377345,817.0
1.062686994251282,2447.707882458435,0.2109271455116866,18.23079446297256,6.8425907798767645,333.59185268370896,0.3023254850751976,330.17055729377057,337.01314807364736,818.0
1.0363000762704226,2459.830334727265,0.21197177762321853,18.16910906139487,6.813633740264177,333.2584258734473,0.29179806045410506,329.8516090033152,336.6652427435794,819.0
0.37284039730428825,2767.496348138356,0.23848438333276187,17.963405085579787,7.109166633713448,333.85060558061974,0.31306033582572323,330.296022263763,337.4051888974765,820.0
0.5838629547832648,2639.899475883406,0.22748893561866443,18.167670539566135,6.980090493200497,333.39754696062795,0.29532373036998727,329.9075017140277,336.8875922072282,821.0
1.4670537279722489,2341.689535761954,0.20179119125798825,17.301644500725377,6.977925244707515,333.18096442359484,0.27767986531189187,329.6920018012411,336.6699270459486,822.0
1.4659674831781047,2350.4837512454937,0.20254901811398326,18.700202823523508,6.836006988916634,333.17638463866746,0.28838568981940194,329.7583811442091,336.5943881331258,823.0
0.4284544730396,2727.230333243296,0.23501452663792802,17.92010962026223,7.090293136401442,333.7088903097777,0.30433130132597896,330.163743741577,337.2540368779784,824.0
0.4749072774935497,2704.2227006577314,0.23303188226233337,18.91949090560806,7.122585791815444,333.65592865877755,0.3165685293850959,330.0946357628698,337.2172215546853,825.0
0.4697991151098793,2694.5129050396276,0.2321951568148623,17.939777582610947,7.015909642469428,333.64199725187945,0.30536287364366904,330.13404243064474,337.14995207311415,826.0
0.7366578182403952,2564.3470009974544,0.2209783270700531,18.674232540773247,7.011830023698738,333.1954798697098,0.2817527698103052,329.68956485786043,336.70139488155917,827.0
0.950844981048074,2483.0284474319947,0.21397083630547947,18.02757252708517,6.818122362884189,333.2457769809745,0.2851690433354846,329.8367157995324,336.6548381624166,828.0
0.9356066483356992,2487.0107571821404,0.21431400520817465,18.403174240396012,6.985830293164127,333.4662424698502,0.28480790470212597,329.97332732326817,336.95915761643226,829.0
0.5279286648588335,2666.7651200209407,0.22980403770697874,17.74398626304442,6.95061752114365,333.6720051410132,0.30331554763934593,330.1966963804414,337.147313901585,830.0
0.7974653872252707,2530.5782806219586,0.21806836389698375,18.10315319169249,6.955740283509626,333.57719978193825,0.3060820674857455,330.09932964018344,337.05506992369305,831.0
0.43248741319806744,2729.0351863051606,0.23517005684115827,17.98056225324225,7.168958334409577,333.3774466332721,0.29253712637971074,329.7929674660673,336.9619258004769,832.0
1.259254572487729,2400.225475868216,0.20683542829498958,17.481126850182665,7.0318907773387345,333.2444296363757,0.28704150809096873,329.7284842477063,336.76037502504505,833.0
0.5147334487489235,2669.8246358079155,0.23006768637854585,18.235723779324946,6.759763230019392,333.3704746020653,0.2875591260764594,329.9905929870556,336.750356217075,834.0
0.49982145014050705,2683.352964496801,0.2312334675464459,18.082504209140126,7.173539426376193,333.7070439897691,0.29874767327274176,330.120274276581,337.2938137029572,835.0
1.2923104782576162,2387.051112309761,0.20570014948201,18.01715363663624,6.720894482135761,333.31363672716554,0.2940452808379403,329.95318948609764,336.67408396823345,836.0
1.1718376975440334,2412.218421556684,0.20786890039289552,18.382674551716093,7.112781101990796,333.5293974492794,0.3004161651340991,329.973006898284,337.08578800027476,837.0
1.2963722009317034,2378.373875468975,0.20495240306550644,17.599923091792032,7.269818964440104,333.63507279345487,0.30638110771678395,330.0001633112348,337.2699822756749,838.0
1.2741528315076571,2393.8389172623793,0.20628507725595166,17.907762254589983,6.857797980049914,333.33183540923824,0.2880248020675581,329.9029364192133,336.7607343992632,839.0
0.7307182959430356,2565.177905287853,0.221049928861845,17.889714993489417,6.95663858794826,333.4233799447504,0.28936947747275177,329.94506065077627,336.9016992387246,840.0
0.8968846895395058,2498.245509193692,0.2152821412301693,17.486366714719402,6.945295311617152,333.26929407076744,0.2818382139181895,329.79664641495884,336.74194172657604,841.0
0.9267517174474161,2489.6893717883986,0.2145448303556005,17.930087730516668,7.046053565532684,333.4706083787501,0.28708610517368877,329.94758159598376,336.99363516151647,842.0
0.7811409442326174,2536.55661801459,0.21858353715363357,18.58128118040283,6.8369447191044985,333.48116451275166,0.30038685922432395,330.0626921531994,336.8996368723039,843.0
1.3021330970633624,2390.3912120546074,0.20598797700830665,18.31252127369211,6.940200559833223,333.0920670545447,0.27859990057989137,329.6219667746281,336.5621673344613,844.0
0.3337752171922134,2809.4151122065414,0.2420966629318289,18.26623698031857,6.706302417138042,333.8947848885735,0.31533439861294355,330.54163368000445,337.24793609714254,845.0
0.5182721573211521,2672.9622880183642,0.23033806832612275,18.331089423121362,6.9581472614732585,333.6502719592986,0.3026106950065905,330.17119832856196,337.12934559003526,846.0
1.7896273479886375,2292.1185568592205,0.197519494804704,17.79753536696806,7.014775732242046,333.38771437619283,0.29644572129027846,329.8803265100718,336.89510224231384,847.0
0.7537674035787517,2560.553519062371,0.2206514300894732,18.108569192323916,7.201551584669605,333.4084185510159,0.2911226811565579,329.80764275868114,337.0091943433507,848.0
1.7217092799714624,2303.207165642071,0.1984750371776416,18.61834870120678,6.847269518870149,333.3161290456383,0.29345330387975144,329.89249428620326,336.7397638050734,849.0
0.9060792038446289,2494.7505008504577,0.2149809647136981,17.350581689363956,7.0240481298242115,333.17865977625763,0.2741533630313937,329.6666357113455,336.69068384116974,850.0
0.6748019145047259,2592.4818690579914,0.22340280241365357,17.70685968327081,6.718590372914131,333.4882476192029,0.2966548651699619,330.12895243274585,336.84754280566,851.0
0.3747252978782097,2762.7710886127998,0.2380771919719503,17.942253963229007,7.198226648120514,333.71776829090413,0.2956793675598635,330.11865496684385,337.3168816149644,852.0
1.015380663074144,2470.6015455609213,0.21289996875710734,18.219520716334895,7.0847759165897015,333.2527867116498,0.28538347817780757,329.7103987533549,336.79517466994463,853.0
0.5619848899616859,2651.337508173428,0.2284745889797108,18.146790417416494,6.701040537230142,333.66208379232125,0.31186470259651283,330.3115635237062,337.0126040609363,854.0
1.4355284713569307,2355.881396807085,0.20301415122032715,18.322195195257677,6.845768569129418,333.4764728576263,0.2981146850242151,330.0535885730616,336.899357142191,855.0
1.1062673559710021,2436.324333601643,0.20994618716965424,18.380613668490895,6.854956682709346,333.3916375292262,0.30032638166568254,329.96415918787153,336.8191158705809,856.0
1.3952002819105234,2367.442167128433,0.2040103813265721,17.954999091952917,6.776664656366351,333.3887413083683,0.28997287168744235,330.0004089801851,336.7770736365515,857.0
0.7163992844350481,2570.1391173053235,0.22147745303522484,17.49429729900605,6.824669280402372,333.28476533258635,0.27541301691325903,329.87243069238514,336.69709997278756,858.0
0.6077733450942875,2620.9257979993454,0.22585391056333654,18.42021136729382,7.06933379014811,333.57841020259343,0.3030080817576503,330.0437433075194,337.1130770976675,859.0
0.6727931860209931,2593.6933615156377,0.22350720075617295,18.419615959600776,7.170167965830047,333.35595505675843,0.287667791925403,329.7708710738434,336.94103903967346,860.0
1.7572555079901155,2290.8429510342344,0.19740957159965544,18.23531770744745,6.606621631266257,333.0989912335325,0.28667901779976057,329.79568041789935,336.40230204916566,861.0
1.0188592188045045,2465.5605989134633,0.21246557358493628,18.282094814813433,6.945968959734936,333.28867463237174,0.2844477922750281,329.81569015250426,336.7616591122392,862.0
0.772491964840666,2554.3386726836757,0.2201158760652997,18.501874769846783,7.1871564270680635,333.47747329672325,0.29659287757754754,329.8838950831892,337.0710515102573,863.0
1.531261282599918,2339.365815513044,0.20159094854006307,18.52831761728257,6.772279499503169,333.3627682235324,0.3003516156373363,329.9766284737808,336.74890797328396,864.0
1.031915952437058,2458.9037835881686,0.21189193362371975,18.419488152736182,6.858597869136952,333.3858937401228,0.29328993670594206,329.95659480555435,336.8151926746913,865.0
0.6467363871356856,2608.129097443968,0.22475117622993945,18.047041431238082,6.967949343385466,333.35196717269366,0.293860787490452,329.8679925010009,336.8359418443864,866.0
0.5277690361971574,2660.2795461816745,0.2292451541952961,18.40591364085062,7.0662562747293425,333.6149474465951,0.29304932058496225,330.08181930923047,337.1480755839598,867.0
1.561557755749404,2334.205416145186,0.20114625972888464,17.8558844405809,7.088312173934704,333.45512776937124,0.3047776668459965,329.9109716824039,336.9992838563386,868.0
0.7277100281941712,2570.548993274527,0.221512773413452,18.134537775016334,7.151596551221243,333.4259838977523,0.2942902653875761,329.8501856221417,337.0017821733629,869.0
0.8482881150766447,2517.991043306492,0.21698367970903115,17.838893382832516,7.094564704601617,333.81635122752874,0.3135711649748638,330.26906887522796,337.3636335798295,870.0
0.670994240321297,2596.5615576266205,0.22375436277366406,18.160911199755496,7.111520098445263,333.34146366893407,0.28546955496847926,329.78570361971146,336.8972237181567,871.0
1.211358270727725,2414.146829464823,0.2080350777289906,18.05415363296498,6.808907806114049,333.19573270608043,0.28784815466559643,329.79127880302343,336.60018660913744,872.0
1.0042829003148028,2466.649215787647,0.21255938332893104,17.493525309949483,6.927065056257771,333.2505882290272,0.28622583148227376,329.7870557008983,336.7141207571561,873.0
0.4438599809885615,2711.6774701117333,0.2336742845900985,17.644805592548476,6.855061498207573,333.4151044996244,0.29568881192737806,329.98757375052065,336.8426352487282,874.0
0.7389253820768612,2564.1050377531683,0.22095747629092144,18.812026034934256,6.820301340000559,333.4003476180969,0.29797317659977196,329.9901969480966,336.81049828809716,875.0
0.8037232706174231,2525.6324170470443,0.21764216235004952,18.546076757147056,6.73327134292435,333.7199375778501,0.31110814003122744,330.3533019063879,337.08657324931227,876.0
1.090057635738442,2436.172356467742,0.20993309079354391,18.730171584393506,6.857060539732468,333.5012270315282,0.31885934702803836,330.0726967616619,336.92975730139443,877.0
0.9470122155380544,2486.489735219399,0.21426910700927698,18.143757175166403,6.7905881566722375,333.55186180835267,0.30779479647196395,330.15656773001655,336.9471558866888,878.0
1.0712427801554638,2450.280342869737,0.2111488229983615,17.97760631010501,6.920750951900925,333.2828677141386,0.28475026083850735,329.82249223818815,336.74324319008906,879.0
1.0213517032173516,2472.69402639268,0.21308028480382346,18.546144244929593,6.83167865859521,333.5623603245057,0.3070848542671984,330.14652099520805,336.9781996538033,880.0
0.9160032548922848,2500.5284503058365,0.215478869873978,18.648442776032244,6.713764316029074,333.27325574750364,0.29842659074147815,329.9163735894891,336.63013790551815,881.0
0.5825117563674131,2637.86794720113,0.22731387202179956,18.472338155190524,6.665800037027649,333.40776260222907,0.30116163390838485,330.07486258371523,336.7406626207429,882.0
0.7203487357956945,2566.1444427469783,0.2211332186157999,17.975609774767893,7.107876554591391,333.57503790649554,0.30109580572862177,330.02109962919985,337.1289761837912,883.0
0.4044994482909709,2748.694692161714,0.2368641819784799,18.54234208605262,7.098097162763485,333.55991316669923,0.302822444528407,330.0108645853175,337.10896174808096,884.0
1.4587543043097828,2352.4913287229983,0.2027220177557127,17.795708674674778,7.011471482980525,333.1604182884103,0.28026340614211176,329.65468254692007,336.66615402990055,885.0
0.9746280431681483,2477.5179158199467,0.21349597543196142,18.760749155474517,7.0040381487669015,333.6988311935576,0.31292340338038627,330.1968121191742,337.20085026794106,886.0
0.6254340762150934,2612.2848650570136,0.22510929257474985,18.743331797367638,6.799764384094856,333.5752895783179,0.3018743649435128,330.1754073862705,336.9751717703653,887.0
0.4415075674645939,2725.3915412450783,0.2348560718034466,17.910929388778428,7.012181223625161,333.51827466570114,0.29465323631795254,330.0121840538886,337.0243652775137,888.0
1.757200291310362,2290.425616425068,0.1973736084855659,17.763432989639615,6.94146943094464,333.118649328578,0.283801748618773,329.6479146131057,336.5893840440503,889.0
0.7535217851724118,2551.194957964704,0.21984497169115935,17.665471809840856,6.75024381037966,333.9440139625535,0.3206800481863603,330.5688920573637,337.31913586774334,890.0
1.8629216930833046,2271.3303787194404,0.1957281082153009,18.088493229373352,6.804688984263493,333.29424740506124,0.29127037212192003,329.8919029129295,336.696591897193,891.0
0.8620713634659851,2514.3681844507137,0.21667148588781687,18.6382200589832,6.690753128248178,333.41611115528974,0.2922811553876898,330.07073459116566,336.7614877194138,892.0
1.0434594878418968,2454.558561781777,0.2115174913796899,18.327545763670194,6.669478110476629,333.6461257421539,0.3024163504772782,330.3113866869156,336.9808647973922,893.0
0.5221773612668296,2673.4181915330682,0.23037735505133797,18.349634118469137,7.048578971507479,333.7829065674408,0.3099795312314592,330.2586170816871,337.30719605319456,894.0
0.4039480191156599,2741.700325102492,0.2362614540594192,18.65539537847659,6.870357202669407,333.639246222179,0.3050082977556109,330.2040676208443,337.0744248235137,895.0
1.0671351647507779,2447.9549505743794,0.21094843619462167,18.430048477097735,6.849879163969778,333.54476211833514,0.31198646677012865,330.1198225363502,336.96970170032006,896.0
0.7599678374803408,2554.15282789913,0.22009986120086533,18.726886807750475,6.89808861174988,333.33984305498734,0.2956913125439451,329.8907987491124,336.7888873608623,897.0
0.5598090244904274,2653.0151760175804,0.2286191592088708,17.91131023788443,6.9463192313003495,333.3764034947388,0.2789128084819681,329.9032438790886,336.84956311038894,898.0
0.36876609333250415,2782.0276701659345,0.23973659577925271,17.79902757673124,7.071109190941951,333.7638986918491,0.30559420420505234,330.2283440963781,337.29945328732003,899.0
1.339041230259644,2372.8193406899577,0.20447375029244483,18.03097649125334,6.671287755684561,333.4090650587193,0.3019555820907064,330.073421180877,336.7447089365616,900.0
1.1501335303811002,2418.5613969526685,0.20841549572149415,18.596359334654828,6.769051050021671,333.6027944684621,0.30546296730717754,330.2182689434513,336.9873199934729,901.0
0.7359205396884824,2553.181367833077,0.2200161472494663,17.973497371476775,7.079453323265584,333.56301623409104,0.2990359257392352,330.0232895724582,337.10274289572385,902.0
0.5885715531825763,2623.856464018769,0.22610645582102645,18.062018009998493,7.001208195507402,333.76365530730504,0.307313568798995,330.26305120955135,337.26425940505874,903.0
0.47962692055836365,2695.0233348341962,0.23223914225132883,18.540749733305155,6.994330434998293,333.6194930743419,0.2999867237385504,330.12232785684273,337.1166582918411,904.0
0.7382077123503429,2563.8030506560044,0.2209314530563506,17.454920491493272,6.93679194677033,333.7183189990924,0.30944076632922346,330.24992302570723,337.18671497247755,905.0
0.5099195668619911,2680.7290380942645,0.23100735506378972,17.91732876770896,6.872758153143728,333.6629163890255,0.30362409487770736,330.2265373124536,337.0992954655974,906.0
1.8224244422087732,2281.1991246899106,0.1965785309443565,17.858855739213766,6.901350063145845,333.08526587056224,0.27901083437672086,329.6345908389893,336.53594090213517,907.0
0.5073237536979741,2676.903099643319,0.23067766119707273,18.176444659864227,7.028698344925601,333.5363472494965,0.30285695014954067,330.0219980770337,337.0506964219593,908.0
0.7181213445483494,2574.4181149002584,0.22184618851825336,18.35403473702649,7.067379503892683,333.599356637205,0.30484989712528043,330.0656668852587,337.13304638915133,909.0
0.599272558836445,2616.511503062103,0.22547351605742677,17.548144115901394,6.996942907309978,333.52771721041114,0.2989641596141123,330.02924575675615,337.0261886640661,910.0
1.5188851297779336,2339.779358709483,0.20162658493548258,17.69051832577384,6.780541649943492,333.5719744309636,0.3223073115126728,330.18170360599186,336.9622452559354,911.0
0.7002457097011389,2583.6046844667485,0.22263782583314326,18.051026319280776,6.986390445167035,333.4855105130501,0.292948442620312,329.9923152904666,336.9787057356336,912.0
0.8682642541474097,2515.651222505927,0.21678204955291286,18.169628368622774,6.806729421549389,333.5825546339946,0.3097561511649781,330.17918992321995,336.9859193447693,913.0
0.4628284591199902,2696.2653433397745,0.2323461702633969,18.52076267208618,7.103540049749496,333.7285732116606,0.30977029715556587,330.17680318678583,337.2803432365354,914.0
0.8090714321910585,2532.2936507181184,0.21821618305484652,17.427266160863645,6.779994975528074,333.469227996143,0.2851560095785156,330.07923050837894,336.85922548390704,915.0
1.2203845126388921,2403.7380313290455,0.20713811690506181,18.809862194243532,7.233492424002366,333.33766205192563,0.29543366771240187,329.72091583992443,336.95440826392684,916.0
0.5090820408331789,2674.5238548867464,0.23047263374728022,17.967060252636745,6.728903515353217,333.5551091420113,0.284643515697781,330.1906573843347,336.9195608996879,917.0
0.5929759668452513,2620.6520741277577,0.22583032286510415,17.70052024484327,6.7031723082347545,333.58014809639377,0.29134549693040285,330.2285619422764,336.93173425051117,918.0
0.9791109716626224,2467.560142158951,0.21263788089011776,17.894360435174846,7.172296324452502,333.4751854096882,0.2969048389595602,329.88903724746194,337.0613335719145,919.0
1.1820224209362158,2419.3398929373584,0.20848258131492617,18.036928296757843,6.910612043596858,333.44648786727544,0.29582944442615305,329.991181845477,336.9017938890739,920.0
0.6560590436722823,2604.8291234231756,0.22446680647100833,18.76479612958448,7.037527579202788,333.46010453279246,0.29927393330197144,329.94134074319106,336.97886832239385,921.0
2.0792954935951222,2249.7658247271493,0.19386981873132125,18.14613320285303,6.702247211151879,333.1370557850233,0.2959811126510312,329.78593217944734,336.4881793905992,922.0
0.40627401220154696,2756.209352688821,0.23751174531960867,18.24411090509582,6.981130900761705,333.6824919366952,0.3015616117194301,330.19192648631434,337.1730573870761,923.0
1.5427877217524777,2335.466711038202,0.2012549497132324,17.894400730150867,6.882698901394603,332.8865463436452,0.27093524909611094,329.4451968929479,336.3278957943425,924.0
0.7525857270666627,2555.282330768437,0.2201971942273174,18.697687939448773,7.475561182004075,333.5423804528556,0.30632450884197426,329.80459986185355,337.2801610438576,925.0
0.4206219715041312,2736.8278449007844,0.23584157620231305,17.953146960342544,7.16448613101945,333.59553802307084,0.2921621992831805,330.01329495756113,337.17778108858056,926.0
0.7255117672836708,2562.995270095021,0.220861843913385,18.329759661881745,6.925958326450571,333.4755012603319,0.2936055815532509,330.0125220971066,336.93848042355717,927.0
0.560671974546055,2648.5056729112453,0.22823056029773767,18.120370747350695,6.793485363411684,333.4594719184759,0.28127579871040176,330.06272923677005,336.8562146001818,928.0
0.5933791247278039,2631.537149357298,0.22676832607345307,18.900897587504772,7.028031942254585,333.7629805882697,0.3142363828490614,330.24896461714246,337.276996559397,929.0
1.1498761646271227,2427.4222704348654,0.20917906671937925,17.63505721381081,6.677291633362523,333.125792149491,0.28565761147969526,329.78714633280975,336.4644379661723,930.0
0.6025253064221082,2623.9783899601925,0.22611696258573175,18.280771438438475,7.151340875958572,333.6155256091898,0.30426219907333135,330.0398551712105,337.19119604716906,931.0
0.450368688876017,2700.2253175018004,0.23268741443402777,18.022922116765805,7.099329493183128,333.7340307097163,0.303364047385051,330.1843659631247,337.2836954563079,932.0
0.6371477953913134,2605.1965553774985,0.22449846930702344,18.34992990920334,6.782351439659173,333.4041497663274,0.2917777742718487,330.01297404649785,336.79532548615697,933.0
0.4638738171847547,2709.901594549721,0.23352125147460148,17.85998836241058,7.0285973181779,333.63231368978546,0.29768423101570046,330.11801503069654,337.1466123488744,934.0
1.2515879794044549,2394.7964901528762,0.20636759450315237,17.977596091333954,6.92471662253302,333.67407738303774,0.3007235178231103,330.21171907177126,337.1364356943042,935.0
0.5995733138735242,2630.43256434246,0.22667314030156235,18.51516127676452,6.9693604078660165,333.47991097734024,0.2915049855114044,329.99523077340723,336.96459118127325,936.0
0.6914115101832956,2579.283547457971,0.2222654590563893,17.67221397715909,6.8003668638668815,333.73430607384336,0.3102404758897449,330.3341226419099,337.1344895057768,937.0
1.2140188665210792,2405.841512730612,0.20731938090753899,18.022914366245576,6.936068537913582,333.4123750296492,0.2881567593700029,329.9443407606924,336.88040929860597,938.0
1.2028828677984813,2406.7446295882037,0.20739720549690296,18.142999827884662,6.946509346114411,333.33641879887125,0.2922301661033128,329.863164125814,336.8096734719285,939.0
1.032716340589933,2458.667538202219,0.21187157557149638,18.26065417819574,6.850333973537071,333.59311763480935,0.29555017349644364,330.1679506480408,337.0182846215779,940.0
0.6603260584061651,2601.947553896937,0.22421849202175612,18.236413704760015,6.967763903392809,333.43572165291425,0.299124705630057,329.95183970121786,336.91960360461064,941.0
0.9287404983669851,2493.5179531268413,0.21487475196874087,17.6498876441691,7.063376197833249,333.5030697821928,0.3042939457711207,329.9713816832762,337.03475788110944,942.0
1.5345040185569634,2342.0798191891836,0.20182482328157897,18.314506616990254,6.72323188388736,333.1244758618708,0.288560665148119,329.7628599199271,336.4860918038145,943.0
0.8682554578983879,2511.4939236419264,0.2164238012551046,18.00591283617177,7.002903805794177,333.4359243162102,0.29857720922444486,329.93447241331313,336.9373762191073,944.0
0.6606225204145102,2590.125092248017,0.22319971110169656,17.84352694784879,6.92862290068448,333.83828245675085,0.30570765886530243,330.3739710064086,337.30259390709307,945.0
0.549690482310902,2653.7467597577115,0.22868220221784852,18.10396996963721,7.089037884158389,333.77144881433776,0.31102521113264686,330.22692987225855,337.31596775641697,946.0
1.4950250862624048,2348.3271790111735,0.20236317909751614,18.411764317509185,7.214853516264064,333.19263091113424,0.28527776550671297,329.5852041530022,336.80005766926627,947.0
1.3305725154001453,2381.1476211169147,0.20519142597182963,18.30499029136564,6.980091945478834,333.3255236702063,0.2951590639984343,329.83547769746684,336.8155696429457,948.0
1.2669312710205136,2398.0323020335177,0.2066464351966386,18.029244129744335,7.164059471097266,333.49644139035945,0.3018492342942688,329.9144116548108,337.0784711259081,949.0
0.8535946507019103,2515.23225304611,0.21674594555829446,17.995645439389,6.895424236894371,333.3055637865282,0.28579703187742733,329.857851668081,336.75327590497534,950.0
0.6555634745970182,2596.3779344597806,0.22373853935343124,18.229470160677018,6.808718369520766,333.5388404205189,0.3002352142876884,330.1344812357585,336.9431996052793,951.0
0.6464592765856084,2597.9200437976956,0.2238714280543438,17.6541627031803,6.905573882964816,333.5624932223572,0.2917625957605569,330.1097062808748,337.01528016383963,952.0
0.6400950497316372,2595.8827264467095,0.22369586562860477,17.718973010460346,6.864279030981055,333.90365592698515,0.31123032333794964,330.47151641149463,337.33579544247567,953.0
0.7084172451730633,2577.945591746221,0.22215016295380982,18.493428152926427,6.901066987860223,333.5792577405457,0.3218745411268326,330.1287242466156,337.0297912344758,954.0
0.9502188729884273,2482.5748919457174,0.21393175191769886,17.90905900458315,6.919542597068349,333.2359087268019,0.28832471239956436,329.7761374282677,336.69568002533606,955.0
0.41056474981965985,2745.4048893435847,0.236580688705979,18.59306732556113,7.105773497870488,333.5375177811213,0.3121964170466318,329.9846310321861,337.09040453005656,956.0
0.6177426435633798,2615.5160660969364,0.2253877359367252,18.239304550416637,6.9593772470157855,333.719727394919,0.31514430678729854,330.2400387714111,337.1994160184269,957.0
0.806389364389128,2531.3748096652253,0.21813700345917064,18.14811197230737,6.828926175247203,333.70344072051034,0.32874642370445467,330.28897763288677,337.1179038081339,958.0
0.7614531719985691,2555.3183596305007,0.2202002989544319,18.924224784694765,6.681156967099511,333.6355318501784,0.3070236973950455,330.29495336662865,336.9761103337281,959.0
0.5207641792743823,2668.689143470254,0.2299698372196451,18.234754004392716,6.64238862121192,333.9381812894111,0.3252448676793606,330.61698697880513,337.25937560001705,960.0
0.6838172970387404,2580.040065719282,0.22233065075615438,18.431099355672863,6.84545381700842,333.6475732712736,0.3040850203016416,330.22484636276937,337.0703001797778,961.0
0.8455180832661752,2512.4492384152295,0.21650612391282126,18.296266521759257,6.864111473452707,333.83062807663697,0.3117471773814782,330.39857233991063,337.2626838133633,962.0
0.9070553663417067,2503.348811614752,0.21572190980715975,17.950506154298047,6.968188558198794,333.45499889086045,0.2892868685116658,329.97090461176106,336.93909316995985,963.0
0.38230580735525027,2773.656107449682,0.2390151903207559,17.99958299131421,7.20567673681121,333.7260294109139,0.3071276806623905,330.12319104250827,337.3288677793195,964.0
0.8489368956612888,2507.0903487629785,0.21604433053234395,18.694370564752763,7.011422642395483,333.535405553009,0.294881895143669,330.0296942318113,337.04111687420675,965.0
1.5547040533842889,2327.8256304874935,0.20059649233736,17.833500064236567,7.213452364108328,333.3354505370878,0.28340733182558564,329.72872435503365,336.94217671914197,966.0
0.8997110753925226,2508.664894593608,0.21618001439393222,18.215868263097285,6.96776831584524,333.374027146774,0.2901627971423706,329.8901429888514,336.8579113046966,967.0
0.7306083682074267,2566.797091353644,0.22118945952126612,17.551675726061717,7.352210549979674,333.4505375134498,0.29308922247685476,329.77443223845995,337.1266427884396,968.0
1.1691364158114612,2420.2840237766877,0.2085639402157805,17.89930742225582,6.703307582080525,333.59033459812855,0.30624886976681287,330.2386808070883,336.9419883891688,969.0
0.8161615446323839,2530.8336033198852,0.2180903659047576,18.15962151016126,7.032891438982505,333.593033953689,0.29255651799892285,330.07658823419774,337.1094796731802,970.0
1.0323442922963886,2452.9419465769984,0.21137818225992996,18.005446560680525,6.884023683815308,333.5452859697886,0.307679717883689,330.103274127881,336.98729781169624,971.0
1.3735576924143487,2367.3438667591467,0.20400191045615293,18.097764074981665,6.899871655859672,333.4634266131338,0.2986004503533709,330.01349078520394,336.9133624410636,972.0
1.864689804177417,2280.208172395437,0.1964931372826743,17.728131636678988,7.090822053236424,333.28164119439435,0.2853483238583905,329.7362301677761,336.8270522210126,973.0
0.8228235518741105,2528.9366315929688,0.2179268975291633,18.16574654123078,7.012087200295936,333.30192976656576,0.2938602134661672,329.7958861664178,336.8079733667137,974.0
0.46518568399966653,2706.9156280742213,0.23326394079231608,17.924781186827094,6.926445795384873,333.77977484716223,0.31107763761144896,330.3165519494698,337.2429977448547,975.0
0.5491872211469211,2660.2663965992097,0.22924402105195255,18.780694184235898,7.073375632591432,333.60069038829084,0.3046400677485921,330.0640025719951,337.1373782045866,976.0
0.27254479771532153,2864.70634892352,0.2468612930644123,18.143556742217626,6.857163152379338,334.0213379848339,0.32254531899041106,330.5927564086442,337.4499195610236,977.0
0.6469802401214362,2591.1823926695797,0.22329082220260316,18.843846981992815,6.766724078161058,333.5923179054817,0.3074389219876414,330.2089558664012,336.9756799445622,978.0
0.8451458967425355,2517.624301105854,0.2169520763113898,18.275137021988076,6.877164424151901,333.5424758627679,0.30515359056910313,330.10389365069193,336.9810580748439,979.0
1.1078650443250686,2423.047169500248,0.2088020496912944,18.467953675940837,6.804493146716488,333.4718935562038,0.3007920347833284,330.06964698284554,336.874140129562,980.0
1.0085579485497558,2470.241836823281,0.21286897145641237,18.34349160512939,7.235798535832515,333.43899103102376,0.301284563615954,329.8210917631075,337.05689029894,981.0
0.5056572220156025,2675.736715383658,0.23057714997830223,18.135626348725395,6.968931544086877,333.50626158859126,0.3000718016787449,330.0217958165478,336.9907273606347,982.0
0.5203271527770316,2671.806152100967,0.23023844024115897,18.296765840075402,7.020524319144271,333.4325033296852,0.29164868895006574,329.92224117011307,336.9427654892573,983.0
0.6299314979490145,2606.47250305867,0.22460842197095876,17.932801943665243,6.702642232787208,333.42159750334054,0.2935376909918663,330.07027638694694,336.7729186197341,984.0
0.6149953435860788,2613.5634998797036,0.22521947679862503,17.6012432521678,6.795837516252083,333.64511697618696,0.3024333483950833,330.24719821806093,337.043035734313,985.0
0.7426660668752884,2556.0132066963424,0.22026017624175673,18.11904941856831,6.790609048874986,333.5307078224042,0.30274688273152006,330.1354032979667,336.92601234684173,986.0
0.8748009646391258,2501.6980776811897,0.21557966056283576,18.429030813764395,7.060129928844995,333.5633587934743,0.3070962275747875,330.03329382905184,337.0934237578968,987.0
1.0865112988616237,2447.901386412133,0.21094382039225187,17.894100514366343,6.878207407288554,333.232072128118,0.28908256484214206,329.7929684244737,336.67117583176224,988.0
0.7888821422328685,2538.0222560491566,0.21870983606748678,18.907202010538278,6.901780789936161,333.3947242464482,0.290300140396311,329.9438338514801,336.8456146414163,989.0
1.2949833448970782,2393.7699257174545,0.2062791320246029,18.81340606034176,6.775754025035276,333.40357325375373,0.3016139971025609,330.01569624123607,336.7914502662714,990.0
0.7849925077837971,2550.2964473957727,0.21976754404104026,18.06435334023205,6.696778754045541,333.19973269668964,0.2871813273895985,329.85134331966685,336.5481220737124,991.0
0.8284720104583394,2524.0770386299973,0.21750813020836735,18.10871555080833,6.719634814321848,333.51014048768235,0.30864921695752934,330.15032308052145,336.86995789484325,992.0
0.708263318988137,2573.7087031130404,0.22178505614034885,18.198484914353084,6.823886080909748,333.48416519788606,0.29660510790333633,330.07222215743116,336.89610823834096,993.0
0.7125955737960427,2572.0522155087137,0.2216423110830403,18.309148699739083,6.9415390934485535,333.45274406181824,0.28874063371183384,329.98197451509395,336.9235136085425,994.0
0.5151908546186453,2675.4232940654424,0.23055014141879746,18.27036714487205,6.640283043898612,333.7088316659959,0.30890863144729247,330.38869014404656,337.0289731879452,995.0
0.7207839403307872,2569.498301666857,0.2214222318160632,18.600626241118736,7.035505746289566,333.4122160137244,0.2890733145809865,329.8944631405796,336.9299688868692,996.0
0.9797089696662116,2463.570271451551,0.2122940604345382,18.220494051649236,7.006914911303885,333.59373945301985,0.30859591594707075,330.0902819973679,337.0971969086718,997.0
0.34205297748077285,2798.4371590541914,0.2411506561233447,18.269678886063403,7.048921345274922,333.76697189202594,0.3040254667127876,330.24251121938846,337.2914325646634,998.0
1.2426756273975517,2397.373959603112,0.2065897036354054,18.43808773084027,6.726181413630526,333.27345133832074,0.29809658984919024,329.91036063150545,336.636542045136,999.0
