evaluation,stage,C_pF,C_th_pJ_per_K,S_e_mW_per_K,T0_K,Tc_K,w_K,beta_per_K,gamma,objective_total,objective_waveform,objective_mean_voltage,objective_amplitude,objective_spectrum,objective_frequency,objective_classification,objective_edge,objective_prior,best_total_so_far,global_evaluations,fit_mode
1,global,0.39,0.047873236,0.0036751265,314.4,333.49356636598696,6.882302959338694,0.2991563242902104,0.956269682,0.8730628482670495,0.4725760824189461,0.8256142206380326,0.8521103535743549,0.722202853335447,1.8823529411764706,0.47058823529411764,0.8323208381344805,0.1250000001315406,0.8730628482670495,192,constrained
2,global,0.3076858980076477,0.052196612544115464,0.0035422406195347155,314.29720674039237,333.2980506323308,6.7437479323920595,0.2993692977397464,0.818187488446332,0.89269728050488,0.5058897331582822,0.7786602291670636,0.8437649576356528,0.6960099306160109,1.8823529411764706,0.47058823529411764,0.8632125359064934,0.6449732660170853,0.8730628482670495,192,constrained
3,global,0.2666229775333307,0.027557508139810054,0.0039022646303297575,314.46603427811436,333.58595434396,6.882737752573675,0.2913861050629248,0.9925371274900171,0.9102954758606937,0.43520219903966106,0.9558270640903426,0.8578811570920643,0.7551252456170742,1.8823529411764706,0.47058823529411764,0.5612617159525748,0.6532762464962226,0.8730628482670495,192,constrained
4,global,0.20254957315156644,0.07685396936332672,0.003775849282374881,314.4433901612584,333.75801717970484,6.7636093022794075,0.30750992273769906,1.8554708628835697,1.5867280786462292,0.49255208308172166,0.9134821689545772,4.7513271921159586,0.6004596550762411,2.1176470588235294,0.5294117647058824,1.142994621406503,1.5003046959139343,0.8730628482670495,192,constrained
5,global,0.041859540761202296,0.08832354867398742,0.00404956228947885,314.50822789693046,333.2064995140657,7.1085652075224335,0.3125515448935083,1.0636200343977453,0.9890182449666799,0.4338290576268662,1.0345211372275542,0.6506643832597017,0.6056628868110399,1.8823529411764706,0.47058823529411764,1.2397450278644357,2.310001987721609,0.8730628482670495,192,constrained
6,global,0.0053290719330850445,0.03229832202351401,0.003710385773236457,314.4489032646034,333.6588832225642,6.670594948327889,0.3081750299253884,1.524295188929574,1.5400827994402768,0.7570896013858646,1.5432476093768985,3.923020203935986,0.602126263553458,1.8823529411764706,0.47058823529411764,0.6159352084628043,0.8206972407057009,0.8730628482670495,192,constrained
7,global,0.38831291618247143,0.09062021444069568,0.0036013625337531097,314.37135022108635,333.514986213412,6.634585815180483,0.2992349466845296,1.101191129291364,0.8977947940199252,0.49544460507046834,0.7993264676866402,0.646333419493442,0.5954591821711108,1.8823529411764706,0.47058823529411764,1.288450566226424,1.1747479240323404,0.8730628482670495,192,constrained
8,global,0.3598962913921428,0.06453081714122322,0.0036481521493430904,314.25273448243826,333.4110488216206,7.028462315123698,0.31403482953329753,1.2260310865332578,0.9116938008098332,0.47462560835719275,0.8158123594766171,0.7867818975356369,0.6505091616616382,1.8823529411764706,0.47058823529411764,1.033313082725364,1.138702590426588,0.8730628482670495,192,constrained
9,global,0.3718447658428892,0.08666146253494698,0.0036897920325958994,314.3452754686596,333.6043567382658,6.922919059170893,0.30621273666802756,0.8489200906171618,0.8937389774299748,0.4764509695803967,0.8577089083062963,0.6656000674400211,0.602121351058027,1.8823529411764706,0.47058823529411764,1.2636595613533974,0.8830809260875337,0.8730628482670495,192,constrained
10,global,0.23977524498050828,0.053183046000302915,0.003860235050918057,314.2635127072316,333.3272140103064,7.245263031437163,0.2907117138859061,0.6533043236409737,0.9500938184288931,0.4442229171284354,0.9292388636088887,0.8293067774260574,0.6813530118198398,1.8823529411764706,0.47058823529411764,0.8888123107457412,1.4990022730274841,0.8730628482670495,192,constrained
11,global,0.11602048033948917,0.036722812106805496,0.0038029336349215946,314.4987684125507,333.35730531825857,7.144098831322621,0.2947067324120936,1.9542397280478871,2.8000670577191435,0.9222200148477313,1.5360497260543666,10.534971589541836,0.5455285271178419,3.0588235294117645,0.7647058823529411,0.6823126288115455,1.538566859042725,0.8730628482670495,192,constrained
12,global,0.015548409880998981,0.033001935620774206,0.004010899183157032,314.36209383886603,333.3473589862552,7.174693670506097,0.2943015464983302,1.4232545340267222,1.8021149115846218,0.8354545674848917,1.7813805976079224,4.802919822912315,0.6459599303809613,2.1525299636579622,0.4117647058823529,0.635345119602555,1.3118538891002016,0.8730628482670495,192,constrained
13,global,0.05798971231184502,0.04608354811701157,0.003994377049105001,314.33930900369546,333.4577961319466,6.854630811415054,0.31709148489104183,1.2790121621031454,1.0458181403129334,0.44287167510228675,1.045633756696975,1.4976948091920652,0.6841506856341875,1.8823529411764706,0.47058823529411764,0.793711765151788,1.0348575353134286,0.8730628482670495,192,constrained
14,global,0.028569007004625058,0.08194350772265399,0.004043877391526437,314.5374279980723,333.16346720712284,6.813185259521248,0.28769159818431733,0.4548121110714829,0.978948466169739,0.43156726002120344,0.9706191996353288,0.7027961258080887,0.6131902302315819,1.8823529411764706,0.47058823529411764,1.1604020627145923,2.2736270598173984,0.8730628482670495,192,constrained
15,global,0.1433154689661177,0.03759271281748299,0.0037248326101915106,314.4651570494046,333.39343904336283,7.002077499245199,0.31148883416793965,0.34638965897782725,0.896827045292488,0.4734513677360867,0.8507719322536426,0.8368539888724134,0.7082694706842855,1.8823529411764706,0.47058823529411764,0.6702038605126727,0.7458381725904257,0.8730628482670495,192,constrained
16,global,0.22601003830367206,0.05838893337701429,0.00356557108575792,314.41953652115404,333.5459420240413,7.265648195067755,0.2827426361871409,1.6209079914787194,1.0770766723502008,0.5541552283691988,0.9539659188454366,1.2172245124664551,0.6629596351990538,2.1176470588235294,0.5294117647058824,0.9274043034352785,1.5293274058313155,0.8730628482670495,192,constrained
17,global,0.12782628181860128,0.08127555940061983,0.003946827944887067,314.51252292960066,333.6363390166777,6.704262390125971,0.30404011315326795,0.5724939071017929,0.939203043818571,0.4403337456313469,0.976007465894407,0.6965872033058121,0.6139461279994055,1.8823529411764706,0.47058823529411764,1.1787786960696687,1.4200820461654358,0.8730628482670495,192,constrained
18,global,0.3425730374823903,0.05692811047084207,0.0035155456120900463,314.43020343041957,333.83209737189134,6.715131792236709,0.3028591646691111,0.3098563282648088,0.9150308445271759,0.5019953268648293,0.7885745943077384,0.8195336949203975,0.6581296031922276,1.8823529411764706,0.47058823529411764,0.9319758514117031,1.1851361659860205,0.8730628482670495,192,constrained
19,global,0.2681858771605102,0.0686350638878248,0.003458786912309749,314.5289676482374,333.66486356648295,7.193613891247233,0.2835303087630318,1.929703554038361,1.1233221768784523,0.5536801768975402,0.8697786719172332,1.6609682629529916,0.584851754619083,1.8823529411764706,0.47058823529411764,1.0405871080725504,2.4063256874035313,0.8730628482670495,192,constrained
20,global,0.1587770822555953,0.04307629150869339,0.003788545273660608,314.3209326797043,333.1950819532663,6.968345559157337,0.29757287705848545,1.670281821214465,1.6566888170754106,0.6704825022683842,1.267294149893988,5.043321593468903,0.6360870645325791,1.8823529411764706,0.47058823529411764,0.7509071733817713,1.0053012913548578,0.8730628482670495,192,constrained
21,global,0.15209651631981216,0.06632339686106674,0.003896143687634845,314.3956813538813,333.1424851842075,7.154818798145298,0.31488093265804995,0.6388544838756464,0.9541126725793422,0.4558686244746654,0.9391287487341025,0.7832957332060736,0.6506945163721385,1.8823529411764706,0.47058823529411764,1.0235566760721568,1.5885012398273308,0.8730628482670495,192,constrained
22,global,0.09272403923250037,0.02296638977065467,0.003494970153230142,314.404289702705,333.2697989990485,6.900866486421031,0.2892997969002894,0.734399073395448,0.8847355405667814,0.5151217817685145,0.7616729022909766,0.8579090709853879,0.7336098268763808,1.8823529411764706,0.47058823529411764,0.47545817343773417,0.7492819139569763,0.8730628482670495,192,constrained
23,global,0.17395785623002152,0.04880115898519043,0.004067055034835534,314.37450223507403,333.56998086681335,7.063440795461021,0.31584840114615614,1.7775497737899935,2.032217528314273,0.8247762216054773,2.062874144137248,5.983603277470822,0.6360431236475884,1.8823529411764706,0.47058823529411764,0.8605732842234514,1.7860013216182336,0.8730628482670495,192,constrained
24,global,0.2825853797916725,0.07053468230627363,0.0038714580103186907,314.33080363327684,333.8083378340928,6.935259524343035,0.28700575734805733,1.3444394970302598,0.9255087739002507,0.42172631191469856,0.9306314027635959,0.7578549102946777,0.633210762011131,1.8823529411764706,0.47058823529411764,1.0980996315370144,1.2412126767197478,0.8730628482670495,192,constrained
25,global,0.2558227478503511,0.04686117445631149,0.0038339733212088313,314.3077988672793,333.46760383277365,6.66213324221811,0.3098387258832279,1.7687025804230352,1.7377802070050659,0.6855914208829798,1.5430907548879007,5.1041474428862434,0.6272146900100999,1.8823529411764706,0.47058823529411764,0.8202686113165549,1.2382851328945643,0.8730628482670495,192,constrained
26,global,0.21309309851173908,0.07494126413523959,0.0034455845084464887,314.4172044855964,333.5020963482351,7.208534065232129,0.30513065311497034,0.20748592129649923,0.9262616657785152,0.5207145818440042,0.7785536552102493,0.7384875876783731,0.6232801722933817,1.8823529411764706,0.47058823529411764,1.1075652020740236,1.5470565912463554,0.8730628482670495,192,constrained
27,global,0.2955437767059838,0.07886909139380856,0.003637304738522264,314.2838256812637,333.7112209190956,6.770605719723817,0.29628584579431744,1.5508804854053981,1.3584383753619367,0.47198418245514256,0.7271999445452706,3.5711345520725692,0.6026591424835885,2.1176470588235294,0.5294117647058824,1.1734634051524855,1.2654218045337697,0.8730628482670495,192,constrained
28,global,0.32985626147830305,0.05961514350057755,0.0037461077399364878,314.54744577380234,333.25385818531646,6.986865014165564,0.2852407096994991,0.8923810876642619,0.9156681518317714,0.4653496583047362,0.8133434436960381,0.8298009367657145,0.6746832790741198,1.8823529411764706,0.47058823529411764,0.9477051390428568,1.1491975479523253,0.8730628482670495,192,constrained
29,global,0.10918535957650048,0.025657513720075333,0.0039281902988647826,314.48490535516777,333.70332511210626,6.799600202039294,0.2927248321187005,1.4592585712036832,1.2572138583040795,0.6565810951306263,1.088494454039731,2.7347430581089935,0.5729964677728868,1.8823529411764706,0.47058823529411764,0.5560653363642343,1.0964557612726402,0.8730628482670495,192,constrained
30,global,0.18872154755651496,0.030118359881298438,0.003673594510076308,314.2750169651908,333.2463117841304,7.103065755550549,0.31921579447077286,0.986085975354698,0.9420244379069962,0.4816923360066712,0.8628564489300189,0.8561265851055101,0.7564997913837582,1.8823529411764706,0.47058823529411764,0.5828808183453686,1.4532983764623442,0.8730628482670495,192,constrained
31,global,0.06588925411475888,0.040566532279481565,0.0035901414653632625,314.29553309644876,333.43683873774376,7.041189122809732,0.3189520232297687,0.510558251280787,0.9129826619991435,0.4938575793389073,0.8260688637735114,0.8399148499945267,0.7014026493233487,1.8823529411764706,0.47058823529411764,0.7036533273113544,1.0641063481505655,0.8730628482670495,192,constrained
32,global,0.07723907770374376,0.06372033483863782,0.0039698105600068576,314.3905119297112,333.7483721431615,6.839663951648843,0.28120984015700407,1.2051049413446413,0.942131400094412,0.4154388347126082,0.9981690194791487,0.790489697887618,0.6746297275944799,1.8823529411764706,0.47058823529411764,0.9965130705589431,1.2080899439983277,0.8730628482670495,192,constrained
33,global,0.050363749878036324,0.0680053050985194,0.0036751265,314.4,333.8268895740774,6.882302959338694,0.2991563242902104,0.7046062296179192,0.886465858591529,0.4697411474092005,0.8482402342028108,0.7642956812428053,0.6353314741559565,1.8823529411764706,0.47058823529411764,1.029299209573028,0.6409756754955741,0.8730628482670495,192,constrained
34,global,0.30496631800308704,0.04043631042571125,0.0038285628837134403,314.46630659706784,333.2980506323308,7.110059506529586,0.2993692977397464,0.818187488446332,0.9057583036450338,0.4540540162556024,0.8901735102739402,0.8546905162730762,0.7169284080474166,1.8823529411764706,0.47058823529411764,0.7288448766195571,0.7063190230838244,0.8730628482670495,192,constrained
35,global,0.2798818911183878,0.027557508139810054,0.0039022646303297575,314.44270434546587,333.6376319817925,6.958786414948561,0.3040616231459919,1.4033969595118045,1.1027041033257217,0.6483460035443729,1.2426768433431508,1.5099512960983696,0.6627097264519537,1.8823529411764706,0.47058823529411764,0.593510803050152,0.7902615141455694,0.8730628482670495,192,constrained
36,global,0.3030752514215427,0.03530397995870897,0.003775849282374881,314.5049864370372,333.6332988938353,6.963791596452071,0.2890114292522424,1.8554708628835697,1.8015717174870027,0.8764889627950107,1.5095014227264063,4.9661306589655,0.6002817059821286,2.247907496331866,0.5294117647058824,0.7010432239748636,1.2846464704292755,0.8730628482670495,192,constrained
37,global,0.032323113038716655,0.08832354867398742,0.003650769695239581,314.4168458769681,333.7312817825739,7.1085652075224335,0.29139572997263075,0.8269534228958115,0.8966634983370627,0.4739281880700627,0.8353763727610066,0.6302838108991685,0.599159019754102,1.8823529411764706,0.47058823529411764,1.2320075929164276,1.1874803444230901,0.8730628482670495,192,constrained
38,global,0.33740802949852644,0.03229832202351401,0.003505549932765386,314.4610945391841,333.6588832225642,6.779978323963929,0.30934472628654386,0.31791810183011804,0.9020697576728777,0.509596062905388,0.7872304000548387,0.8390323273635698,0.7083193391663585,1.8823529411764706,0.47058823529411764,0.6235835802324502,1.000215427676765,0.8730628482670495,192,constrained
39,global,0.38831291618247143,0.04835367943403031,0.0034844515513785907,314.31832730993807,333.2936054606561,6.994220189113868,0.3186145537514184,0.9686744304113653,0.9244709583411763,0.5174390664131127,0.7905528958581697,0.8578026654350134,0.7134799100382521,1.8823529411764706,0.47058823529411764,0.8377431103229428,1.1176251868780116,0.8730628482670495,192,constrained
40,global,0.304333695922292,0.056033688162343324,0.003571693010541673,314.25273448243826,333.4110488216206,6.805819503728827,0.31403482953329753,0.5091424044881955,0.9152758138802954,0.4994988382444222,0.8092895601119992,0.8249720304773146,0.6628063261651616,1.8823529411764706,0.47058823529411764,0.9198624646089991,1.0989298555261484,0.8730628482670495,192,constrained
41,global,0.2975854402515576,0.041462845742804025,0.0036897920325958994,314.29748130542157,333.68095980590385,6.922919059170893,0.30621273666802756,1.4809862389214086,1.6827534053718305,0.6932442719856953,1.2390634152298228,5.022895052642155,0.6519003754359259,2.1176470588235294,0.5294117647058824,0.7538912097902664,0.7357951586676762,0.8730628482670495,192,constrained
42,global,0.10081414203387963,0.03069383181883786,0.0036154193363828442,314.37427887319484,333.3272140103064,6.952663025207215,0.29420441909521833,0.4232348435467652,0.8740186922841535,0.4880624099888115,0.7928447640220542,0.84107149319001,0.7136387355536041,1.8823529411764706,0.47058823529411764,0.5685833226747704,0.535795846616347,0.8730628482670495,192,constrained
43,global,0.11602048033948917,0.06429053426300124,0.0036455771012848825,314.4268281487853,333.62322550561555,7.067836522907793,0.29236192751818907,1.9542397280478871,1.0653310888465877,0.5292863593419874,0.9797582728921552,1.5569855805868564,0.609221222267666,1.8823529411764706,0.47058823529411764,0.9866136845393877,1.1969738607745803,0.8730628482670495,192,constrained
44,global,0.0746048046540326,0.06520053427900567,0.004010899183157032,314.36209383886603,333.3473589862552,6.789165111162666,0.30512539424626917,1.005938371532875,0.9286382410409487,0.4333662613868374,1.0134809296521414,0.792454286050838,0.6592234339939584,1.8823529411764706,0.47058823529411764,1.0101962048887865,0.831911397522235,0.8730628482670495,192,constrained
45,global,0.3296925512959174,0.04608354811701157,0.0035800257014657966,314.35903172165314,333.23819181501074,6.9943715628972285,0.29126899369569353,0.6999369141860707,0.8862645045114973,0.49568030930264895,0.7775679053716579,0.8479145276879826,0.7003743496510987,1.8823529411764706,0.47058823529411764,0.7893958892052874,0.6097994161925403,0.8730628482670495,192,constrained
46,global,0.3532845304718678,0.02374145085956883,0.0034636873648727497,314.27137123135617,333.37530517904275,7.082028771920694,0.3079959118570843,0.9195550257062826,0.9198926654540215,0.5160418939941853,0.7877415110733192,0.8563702809208376,0.759437686114226,1.8823529411764706,0.47058823529411764,0.5245932067323353,1.2224672868552386,0.8730628482670495,192,constrained
47,global,0.28257634539407434,0.058744571478919136,0.0037800058643143244,314.4651570494046,333.42228677505517,7.002077499245199,0.2963623222124839,0.5041129171877431,0.8891274704088351,0.4606722410285967,0.8626253950534533,0.8164694398386118,0.6658897406791722,1.8823529411764706,0.47058823529411764,0.9458399110988321,0.5082061170786711,0.8730628482670495,192,constrained
48,global,0.3276258838114135,0.06971319631610581,0.0038010775098702492,314.4715842615178,333.48265766448117,6.858484000104408,0.2903672886990139,1.0414040053039715,0.8852865044363958,0.4546149989232927,0.8601269086093969,0.772047475284855,0.6372893265979245,1.8823529411764706,0.47058823529411764,1.072894364490621,0.5576223943405493,0.8730628482670495,192,constrained
49,global,0.38503765043312865,0.05085870027789954,0.0034897199157964483,314.3344220512598,333.27061256582476,6.9730366226779035,0.3000334043272169,0.3421282061595363,0.9019001029574009,0.5169904868097984,0.7703464673651524,0.8359143946532286,0.6774590467555952,1.8823529411764706,0.47058823529411764,0.859110570367366,0.9011880537367293,0.8730628482670495,192,constrained
50,global,0.3425730374823903,0.026098372863995148,0.0035155456120900463,314.4232408867532,333.4714725030624,6.772578800562578,0.29857786935058306,0.3861848097529348,0.8828629898827571,0.5091334924547666,0.7727256709231459,0.839823251486902,0.721286839601471,1.8823529411764706,0.47058823529411764,0.5399395837487583,0.7183179930119675,0.8730628482670495,192,constrained
51,global,0.07149842790016674,0.0686350638878248,0.003786805344275634,314.5289676482374,333.66486356648295,6.64180729798972,0.30951634448506204,0.8462856588316714,0.9172826086582658,0.46386107830758183,0.880054367185935,0.7727918438361842,0.6401508421962723,1.8823529411764706,0.47058823529411764,1.0320192855447816,1.1109077534314502,0.8730628482670495,192,constrained
52,global,0.21494833407697853,0.04307629150869339,0.003788545273660608,314.36755179309597,333.6409475298917,7.030547866963563,0.299765970985294,1.670281821214465,1.5512000038683194,0.6839215135004592,1.4970448999945563,4.092919012138977,0.6137881507593053,1.9575044042452627,0.4117647058823529,0.7694998502900107,0.7144704599009739,0.8730628482670495,192,constrained
53,global,0.15209651631981216,0.06632339686106674,0.00357965827220692,314.35114022139294,333.22048760813993,6.801963365859275,0.3042766260114385,0.6688715595607715,0.8855364103964154,0.5036107654234735,0.7861075115185986,0.7881218839378887,0.6455396901659703,1.8823529411764706,0.47058823529411764,1.001981312525933,0.660653771204861,0.8730628482670495,192,constrained
54,global,0.10424628053360675,0.044585660939460085,0.003494970153230142,314.4227208769116,333.3744524835096,6.843321860002958,0.3015277065625594,1.8910725474241574,1.4987166823360034,0.7579470387769595,1.40144599069316,3.455682823944816,0.6279520719043421,2.1176470588235294,0.5294117647058824,0.7507026774853429,0.9233894579244188,0.8730628482670495,192,constrained
55,global,0.17395785623002152,0.027442918360596726,0.003587659929340771,314.3715054791394,333.3119920651905,6.776092631051319,0.2950996221404017,0.938051792631484,0.8802137454260485,0.4942756738837926,0.79129991823615,0.8559788051307553,0.7777522836096372,1.8823529411764706,0.47058823529411764,0.5328587459804128,0.43968523372196233,0.8730628482670495,192,constrained
56,global,0.21536155565282045,0.03427403200037743,0.0038714580103186907,314.4268155894603,333.8083378340928,6.832950407616268,0.2843349303842097,1.167411458060006,0.9087228941879688,0.4231550487984812,0.9584021140294027,0.7976954162160332,0.6719758511656906,1.8823529411764706,0.47058823529411764,0.6452707626185891,1.0057093735664324,0.8730628482670495,192,constrained
57,global,0.3120118084484757,0.06059120150955272,0.0035919032703919168,314.3319377821791,333.3572853830111,6.881066671162387,0.3076147192220025,1.7687025804230352,1.7762606345323428,0.6143984094476437,0.9553769973865146,6.287981802079762,0.6254531149833233,1.8823529411764706,0.47058823529411764,0.9679363039541213,0.9496347140492025,0.8730628482670495,192,constrained
58,global,0.37320246232892945,0.07494126413523959,0.0034455845084464887,314.3867948827807,333.4718758176227,7.208534065232129,0.30513065311497034,0.20748592129649923,0.9325241518445657,0.5208561853656507,0.7786823548954862,0.7449913012425227,0.6244638230296553,1.8823529411764706,0.47058823529411764,1.1325685973551345,1.6231596115574503,0.8730628482670495,192,constrained
59,global,0.2955437767059838,0.04070411551090329,0.003613869969173493,314.3231621043748,333.30080690377173,6.690187431509489,0.29628584579431744,1.5508804854053981,1.5777970449918686,0.6914705143189036,1.14278619515211,4.75115641514651,0.6040930999241656,1.8823529411764706,0.47058823529411764,0.7252881663972067,0.8396420562264376,0.8730628482670495,192,constrained
60,global,0.08581411170757235,0.04162965802630354,0.0039124739161888016,314.30785459353035,333.2368702047311,6.986865014165564,0.3131822483049518,0.8093435922795187,0.9363895228311575,0.44982646421117667,0.9662348381679439,0.8513498466930798,0.7210799297179112,1.8823529411764706,0.47058823529411764,0.7300867510660495,1.0279338726899987,0.8730628482670495,192,constrained
61,global,0.22904717915128447,0.052774524178643645,0.0037252712672349747,314.3018573165175,333.36194126516205,7.037145344919415,0.3048514057502593,1.4592585712036832,1.0227568337170823,0.512632201701142,0.9175596698862796,1.5362936599506294,0.6583102228329847,1.8823529411764706,0.47058823529411764,0.8745819402589898,0.687740305264479,0.8730628482670495,192,constrained
62,global,0.18872154755651496,0.05194806612303288,0.003835235607704481,314.4328791535192,333.2463117841304,6.999890926004789,0.29032378720013735,0.9955242370405405,0.8992672731418647,0.4513935676184749,0.8754255607578225,0.8409094584645893,0.7130612459425776,1.8823529411764706,0.47058823529411764,0.8510415974072726,0.5768799445856836,0.8730628482670495,192,constrained
63,global,0.38748615205824055,0.02253337965649454,0.0037188528258411714,314.29553309644876,333.4808689572706,7.041189122809732,0.29910971795099983,0.510558251280787,0.9009293002049257,0.46501775381727384,0.860530719129573,0.842752420284294,0.7337838515840834,1.8823529411764706,0.47058823529411764,0.5123826994299288,0.8861653031584172,0.8730628482670495,192,constrained
64,global,0.07723907770374376,0.06026664613501468,0.0035567380433404053,314.3405825562902,333.51273031196826,6.7495790090502545,0.30441295733546875,0.9917107163910901,0.8721807379950917,0.4991185340007371,0.792019972408429,0.8126971325552735,0.6659361158337814,1.8823529411764706,0.47058823529411764,0.9325082970332651,0.32241739794709257,0.8721807379950917,192,constrained
65,global,0.08535925089532301,0.05879356221043139,0.004041860804923601,314.3204154666072,333.31563101131906,7.092241070266114,0.30258054542901086,0.9917107163910901,0.9584687550599967,0.4235608072683375,1.061702397118497,0.8206689536143136,0.6959139434123036,1.8823529411764706,0.47058823529411764,0.9475465947554542,1.1427917036996442,0.8721807379950917,192,constrained
66,global,0.27372239016535066,0.06910002655148614,0.00346040708423763,314.29720674039237,333.4921398502742,7.0152493231382085,0.29200249388752897,1.813208888636161,0.9870203173136644,0.5627059950710165,0.9087615147392064,0.9786851022744727,0.6288819457514954,1.8823529411764706,0.47058823529411764,1.054009234723607,1.3895906341132371,0.8721807379950917,192,constrained
67,global,0.2666229775333307,0.027557508139810054,0.003600851912777504,314.46603427811436,333.6596720859032,7.13709752649237,0.3082767226820432,0.9925371274900171,0.9047344643548951,0.4828014409458639,0.8355639435206125,0.8558326341401831,0.7516731361883279,1.8823529411764706,0.47058823529411764,0.5578372493257068,0.8526378948031108,0.8721807379950917,192,constrained
68,global,0.3461298131807232,0.07685396936332672,0.003845320724802935,314.2937051239297,333.3952907356905,6.671630607073448,0.2989737017975096,1.1690672843463665,0.915690723340658,0.4546880435171109,0.8986079794814106,0.7362315191446123,0.6227032766232715,1.8823529411764706,0.47058823529411764,1.1603033206277997,1.0752873727699757,0.8721807379950917,192,constrained
69,global,0.20254303077880612,0.02221236371864893,0.003767461660618663,314.4168458769681,333.44857723147743,6.830031201051178,0.30142930654514377,0.8269534228958115,0.8787612631989269,0.4647377690317249,0.8660857667773936,0.8493624533855878,0.7535132682216615,1.8823529411764706,0.47058823529411764,0.4835009319459185,0.37156772985675107,0.8721807379950917,192,constrained
70,global,0.1595306341759412,0.05779462183071207,0.0034495363395246914,314.3834087903825,333.3121957110098,7.253058255615944,0.3083922893788302,0.31791810183011804,0.9313258742118427,0.5238547505122298,0.7773358159094994,0.816685226308545,0.6595329585128634,1.8823529411764706,0.47058823529411764,0.910237391891907,1.4946279780761573,0.8721807379950917,192,constrained
71,global,0.38831291618247143,0.09062021444069568,0.003488317992926253,314.27415988226545,333.42763163020834,7.036027470854742,0.31369414611345015,0.2504119562916658,0.9484733839348556,0.5170872801059021,0.8005426831512408,0.6400550492076276,0.596816627989844,1.8823529411764706,0.47058823529411764,1.2977350182994725,2.1023624816590063,0.8721807379950917,192,constrained
72,global,0.22161043396704527,0.08002955465503124,0.0034856254438745704,314.25273448243826,333.5473790230471,6.789836486110664,0.30266240342290684,1.2260310865332578,0.902889927942961,0.5097945699023078,0.7770262187590805,0.7058489502897444,0.6172108025302689,1.8823529411764706,0.47058823529411764,1.166339179098136,1.1867616725378431,0.8721807379950917,192,constrained
73,global,0.023702425470427668,0.049710748437028454,0.0036897920325958994,314.4163704560733,333.26097249727064,6.7589186142077615,0.3056561626715274,0.8489200906171618,0.8804620667199313,0.48180139564801044,0.8184400519811221,0.844607201429428,0.710759948861809,1.8823529411764706,0.47058823529411764,0.8010831446473446,0.35285565424339377,0.8721807379950917,192,constrained
74,global,0.10081414203387963,0.07304149447059965,0.003778992106712594,314.3044795588069,333.422283363121,6.689546477004622,0.3002238748898263,0.4232348435467652,0.9035729179832108,0.4665483856292584,0.871404771118515,0.7485586911866776,0.6292916675055615,1.8823529411764706,0.47058823529411764,1.0846248391499917,0.9132345233287668,0.8721807379950917,192,constrained
75,global,0.08536428955156776,0.06917986999844487,0.003750008822016856,314.3408587413488,333.55394845128,7.041085758990656,0.30726357647492486,0.5146232880682583,0.894184411022883,0.46550738211855724,0.8854117375773893,0.7612586520112989,0.6369113749698163,1.8823529411764706,0.47058823529411764,1.0498264113146698,0.6474399552982123,0.8721807379950917,192,constrained
76,global,0.0746048046540326,0.07813982382491476,0.004010899183157032,314.3754904333082,333.5690130189223,6.789165111162666,0.31069271113053354,1.005938371532875,0.9387737968122047,0.4317179584700219,1.0478509695136493,0.7140134224668158,0.620306763820979,1.8823529411764706,0.47058823529411764,1.1552895329961974,1.110714838332181,0.8721807379950917,192,constrained
77,global,0.19618400230872385,0.04608354811701157,0.004002757362806718,314.2941909579188,333.23819181501074,6.9943715628972285,0.29126899369569353,1.340838584615612,1.156664536289788,0.4182618998632428,0.9358577685183234,2.3597010545561674,0.6620694694742583,1.8823529411764706,0.47058823529411764,0.7984734332731813,1.2647917527873895,0.8721807379950917,192,constrained
78,global,0.01560083493657416,0.02374145085956883,0.0034636873648727497,314.27137123135617,333.37530517904275,7.218516309965779,0.30831533238884873,1.2403486937330088,1.036724363110737,0.5700931465835564,0.9077753817242534,1.379801991509536,0.6876995841389676,1.8823529411764706,0.47058823529411764,0.49900604277309263,1.533267085147251,0.8721807379950917,192,constrained
79,global,0.0944090473369901,0.058744571478919136,0.0038015157526492724,314.3688765261467,333.22688755565156,7.002077499245199,0.2963523567943548,0.5041129171877431,0.8953578848538745,0.46186536426645525,0.8664470786210169,0.8114922187152706,0.6629530090977463,1.8823529411764706,0.47058823529411764,0.9219565381460147,0.6603804098248881,0.8721807379950917,192,constrained
80,global,0.3276258838114135,0.06971319631610581,0.0038010775098702492,314.4715842615178,333.5384309061168,6.891982366216454,0.2897523071228508,1.1638482146347304,0.8851519039261652,0.4481684545301071,0.8579955224940005,0.7701998585684737,0.6333038162212334,1.8823529411764706,0.47058823529411764,1.074917709022449,0.6047181429176539,0.8721807379950917,192,constrained
81,global,0.04257233796862353,0.05085870027789954,0.003467995535328775,314.25022592900314,333.42624698808413,6.984863182168021,0.30008904828421196,1.171537797168139,0.8919201340950482,0.5050638068940688,0.7577067011795809,0.8309527460630918,0.701744213910388,1.8823529411764706,0.47058823529411764,0.8184873790418037,0.7825070965264754,0.8721807379950917,192,constrained
82,global,0.3425730374823903,0.05449653359865423,0.0036865351386960615,314.31075802956906,333.4714725030624,6.971050326428221,0.3047506315897672,1.3517961173112476,1.1934634684489294,0.48384708268189164,0.7940848338157528,2.6565037732648964,0.6602937004889088,2.1176470588235294,0.5294117647058824,0.911388723390169,0.48399585245407206,0.8721807379950917,192,constrained
83,global,0.25351145904987027,0.0686350638878248,0.0035294793764725284,314.3288398509836,333.4441692169833,6.64180729798972,0.3021522179887279,1.204814840420339,0.8852043922842389,0.504503688840954,0.7686859622822743,0.7747422285937432,0.6304413001013262,1.8823529411764706,0.47058823529411764,1.043999331772591,0.7635440292164177,0.8721807379950917,192,constrained
84,global,0.17765530726343548,0.0808114792302114,0.0037182597909834873,314.4445376385865,333.42837402777906,6.953336868730688,0.3092445672902831,1.8181463242793434,1.5274424084333946,0.49196867041481623,0.8154127888879733,4.837049758760518,0.603229425739387,1.8823529411764706,0.47058823529411764,1.1694581554385663,1.2407913284008067,0.8721807379950917,192,constrained
85,global,0.10737937085676925,0.04974731650617456,0.0034473176185282244,314.35114022139294,333.6591405163402,7.0826269432855655,0.3121384292266142,0.4290600658310807,0.9098360232476072,0.5168383804234723,0.7897457043465955,0.8321968287084661,0.6827694823931478,1.8823529411764706,0.47058823529411764,0.8176002023437047,1.0196496961056785,0.8721807379950917,192,constrained
86,global,0.1734284360427208,0.040750003719941405,0.003494970153230142,314.404289702705,333.71274545357863,6.631040548791494,0.30371536476920213,1.2035273682477579,0.8709258627431572,0.48217597034821236,0.7276406033634653,0.8209975619744367,0.6904669624314004,1.8823529411764706,0.47058823529411764,0.7068723601924303,0.7497497324888455,0.8709258627431572,192,constrained
87,global,0.13632071784632607,0.027442918360596726,0.003587659929340771,314.52101106435725,333.47122826849636,6.776092631051319,0.30452631065341784,1.1861959649750886,0.8921203749981463,0.5182133283547564,0.9228348979857132,0.7621561292899383,0.670900196123968,1.8823529411764706,0.47058823529411764,0.5358136458547411,0.6549966783869412,0.8709258627431572,192,constrained
88,global,0.1980984746070095,0.05179547209940524,0.003913091369437225,314.4268155894603,333.6519892818328,6.741467419563607,0.307594143457315,1.0759897590848984,0.9149843099201392,0.4358920490555498,0.9685727679751653,0.8348263433919554,0.7060650967494326,1.8823529411764706,0.47058823529411764,0.8697392643263387,0.6011780514117727,0.8709258627431572,192,constrained
89,global,0.3556429493723013,0.041985713589372545,0.0038339733212088313,314.4711514230019,333.41059120604336,6.811554715164228,0.31537578311766834,1.7687025804230352,1.709013678378542,0.7444391560392107,1.6311472331158596,4.790919663367702,0.5445624126498707,1.8823529411764706,0.47058823529411764,0.8499984619149736,1.2332480268652166,0.8709258627431572,192,constrained
90,global,0.2905210318245495,0.08743438103880262,0.0037924531004977103,314.33843669522554,333.5662752310599,6.662643718709828,0.28987134525771907,0.34233021034929345,0.9220759265684209,0.45974285721072927,0.8788344421229832,0.661155444499416,0.5992711065636539,1.8823529411764706,0.47058823529411764,1.2545783494491867,1.4631160372775232,0.8709258627431572,192,constrained
91,global,0.2955437767059838,0.06281218939495885,0.003593620124807571,314.27596613080385,333.7112209190956,6.770605719723817,0.29628584579431744,1.4689115450405432,1.2411289738738975,0.5192239302282677,0.7282520339497645,2.823219538507277,0.6590465690030285,2.1176470588235294,0.5294117647058824,0.9989821898716569,0.9751304024808953,0.8709258627431572,192,constrained
92,global,0.06733292044810157,0.05961514350057755,0.003884168575506971,314.3280435890752,333.47282278390315,6.638115820162274,0.30046581533014727,0.8923810876642619,0.9074894862648899,0.4482299368690819,0.9318591079786668,0.8134915015458736,0.6693712190800756,1.8823529411764706,0.47058823529411764,0.9400024795921107,0.6526076103191969,0.8709258627431572,192,constrained
93,global,0.22904717915128447,0.06444806875630589,0.003699289056326739,314.3539779455451,333.8337363366611,6.830548196860695,0.3096492020807373,1.5648315549404828,0.9907300470187463,0.5140912665856341,0.9723932640179501,1.073653937051601,0.6513936575239708,1.8823529411764706,0.47058823529411764,1.018044358758117,1.0872403813581093,0.8709258627431572,192,constrained
94,global,0.31335453971734273,0.05195024385910855,0.003684670213982994,314.48103275537113,333.7886823032485,6.6583519323083316,0.3193311984843354,1.8432591494286503,1.5625838568489434,0.6821397028225159,1.4170723717314486,3.896405035474487,0.585203410361869,1.8823529411764706,0.47058823529411764,0.8968390336409089,1.9249291734953842,0.8709258627431572,192,constrained
95,global,0.28390539307582924,0.03804582160225402,0.0035057229761541373,314.34639382687124,333.2087376515868,6.69175247230984,0.297561206925188,1.8196840160824757,1.7531882138083865,0.8207349327940506,1.4266071144772747,5.199553022179142,0.6043928727526703,1.8823529411764706,0.47058823529411764,0.7065856687041742,1.3677374394651682,0.8709258627431572,192,constrained
96,global,0.39,0.07053364166859816,0.003555271867539561,314.35690274525194,333.1564572924385,6.772626708879627,0.31057835943931356,1.2849074983637994,0.9125208555198365,0.5101363360124826,0.7797660195244459,0.7807854318459695,0.6348567186480402,1.8823529411764706,0.47058823529411764,1.0816593611418428,1.173986581507497,0.8709258627431572,192,constrained
97,global,0.03696764647074119,0.058784054695425914,0.003494970153230142,314.404289702705,333.3340975529209,6.832870916417168,0.28625841554133713,1.8254175832956485,1.597510522220952,0.5907151695990874,0.8401952735359267,4.97572777450971,0.6298540714488818,2.1176470588235294,0.5294117647058824,0.8957228402901187,1.1023355878307362,0.8709258627431572,192,constrained
98,global,0.20259852101513187,0.052196612544115464,0.003617371098293376,314.29720674039237,333.7941881280981,6.9921508609080085,0.3029314913656146,1.1389649297742563,0.8980514456741044,0.4689239327715745,0.8317811943241821,0.830408010149578,0.6916008440036961,1.8823529411764706,0.47058823529411764,0.8690271029289917,0.7349194455926024,0.8709258627431572,192,constrained
99,global,0.2974042568902857,0.06823992622211983,0.003600851912777504,314.54257659307945,333.6596720859032,6.694380130724515,0.3121180745259438,1.796968742346464,1.3186184856611802,0.5230760637163251,0.8535257655312483,3.255102658304402,0.5793329068646065,1.8823529411764706,0.47058823529411764,1.0484110832683375,1.7260093233403033,0.8709258627431572,192,constrained
100,global,0.3461298131807232,0.04509273431095632,0.0035415195044729703,314.3922492203438,333.4559630261978,6.824266735782851,0.3015258963687105,0.23967209747541873,0.8847746700582293,0.5042787471350988,0.7822480764044498,0.8348885080724964,0.6864323881524882,1.8823529411764706,0.47058823529411764,0.7840640612000443,0.6131240630137474,0.8709258627431572,192,constrained
101,global,0.24007204590715286,0.02221236371864893,0.003656565135013076,314.4318329025789,333.3904424431258,6.830031201051178,0.3124442763642334,0.8269534228958115,0.8890144645383068,0.4849198159766833,0.830658965021513,0.8564273679566287,0.7541827769992837,1.8823529411764706,0.47058823529411764,0.48716357741728944,0.6107448603706771,0.8709258627431572,192,constrained
102,global,0.20803430175295662,0.05406619585470838,0.003635571704214827,314.3880248426787,333.48618371464994,7.00361053753507,0.2830955429934313,0.31791810183011804,0.8897244420600874,0.4769282317625554,0.7950349010739269,0.8228379741813316,0.668820134238037,1.8823529411764706,0.47058823529411764,0.8740681364215936,0.7693585540584705,0.8709258627431572,192,constrained
103,global,0.38831291618247143,0.08761091283565595,0.003902547283571279,314.4857902544929,333.514986213412,6.634585815180483,0.2992349466845296,1.101191129291364,0.92976941414737,0.4481858225406736,0.92662910544422,0.6705101080632032,0.5998965635473684,1.8823529411764706,0.47058823529411764,1.2680237916982608,1.4286494703602022,0.8709258627431572,192,constrained
104,global,0.04068594750782803,0.08002955465503124,0.0037855289047556786,314.3044304271267,333.5473790230471,6.9611793729015545,0.30266240342290684,1.6363510386583242,1.7252325865479927,0.47891786721097857,0.7755260794923239,6.018201573250016,0.5980593924610357,2.1176470588235294,0.5294117647058824,1.1604389544051454,1.0658893867259924,0.8709258627431572,192,constrained
105,global,0.32866518361266495,0.027303097928604088,0.003513853802403598,314.4163704560733,333.4913110844297,6.760940868841117,0.2990002980590986,0.4533905069392442,0.8795369496009247,0.5086358991784241,0.772885639693767,0.8448350516697367,0.7157495537036559,1.8823529411764706,0.47058823529411764,0.5529199751302559,0.6417437511616468,0.8709258627431572,192,constrained
106,global,0.2657982787495966,0.03069383181883786,0.003860353008562367,314.40892793389463,333.1661693655024,6.952663025207215,0.2868464623917903,0.4232348435467652,0.9169908916545889,0.45034466823576097,0.8755395871549917,0.841570915850863,0.7174383474994858,1.8823529411764706,0.47058823529411764,0.5900954203094124,1.1809223070506616,0.8709258627431572,192,constrained
107,global,0.08536428955156776,0.044252287066161876,0.0036208563956369425,314.42292140064893,333.20786557229087,6.681581294873086,0.30726357647492486,0.5146232880682583,0.8945950712165138,0.4986496447647852,0.7929525089324173,0.8411806054670231,0.7004617769705356,1.8823529411764706,0.47058823529411764,0.7343934727461524,0.7779368953649902,0.8709258627431572,192,constrained
108,global,0.0746048046540326,0.042871594758876225,0.0034489171991059354,314.3838229722124,333.7885632640358,6.789165111162666,0.3017656354302216,1.005938371532875,0.8929116407311649,0.5120323864298592,0.777586825693009,0.8498313089414188,0.7317028954271566,1.8823529411764706,0.47058823529411764,0.7243773153682267,0.6425407435402247,0.8709258627431572,192,constrained
109,global,0.018677577276054486,0.0419839944478494,0.0035611548967451312,314.35680822032947,333.56637823721144,6.9943715628972285,0.3005231151818254,1.7100172874300785,1.8808868807219348,0.7304829630385922,1.2547895769969177,6.619725710332114,0.6229597247973016,1.8823529411764706,0.47058823529411764,0.7221341076807194,0.6382217471100411,0.8709258627431572,192,constrained
110,global,0.3256650830189508,0.05643161164716481,0.003709020497802694,314.4435692161092,333.65170415398103,7.082028771920694,0.3004547975793321,0.546884028916259,0.8925660778818577,0.4653327179408287,0.8557278400938599,0.8230063041191853,0.6663533209886513,1.8823529411764706,0.47058823529411764,0.931485310425038,0.579279845632204,0.8709258627431572,192,constrained
111,global,0.28257634539407434,0.058744571478919136,0.0034695792535387893,314.4651570494046,333.74518703046675,6.866757751593998,0.301397432870015,1.3996728585477802,1.0906346463601515,0.48058319611463485,0.6404547679698029,2.073703232639017,0.6517107047449031,2.1176470588235294,0.5294117647058824,0.9393299207932714,0.8012046320378927,0.8709258627431572,192,constrained
112,global,0.009111682937102239,0.08820391479226074,0.0034787898575582106,314.4019874141717,333.5384309061168,6.891982366216454,0.30135360282898505,1.1535147699535928,0.8772408409238277,0.5166138287976828,0.7786322483938422,0.6395401670440263,0.5991810466872222,1.8823529411764706,0.47058823529411764,1.2151703400936658,0.8442632343053967,0.8709258627431572,192,constrained
113,global,0.3646746843027502,0.05085870027789954,0.004027694161957851,314.34631416795384,333.8193396753385,6.957436655464456,0.30829623913657533,1.799532387806266,1.643755975604082,0.7334863733065481,1.4408450300902371,4.630909454040079,0.5274207552850873,1.6963430775490818,0.4117647058823529,0.9524103582630092,1.8378342678440402,0.8709258627431572,192,constrained
114,global,0.3425730374823903,0.08713274532953144,0.0035155456120900463,314.4322652716193,333.4714725030624,6.737401292265737,0.29857786935058306,0.3861848097529348,0.8993975575128528,0.5130707871219241,0.7762903226181425,0.6726282027700531,0.6008432006538696,1.8823529411764706,0.47058823529411764,1.2408323684434883,1.1810248384638848,0.8709258627431572,192,constrained
115,global,0.18215935804082692,0.037898456656979884,0.00376337706032664,314.4767042001971,333.6711043149779,7.0967939017456345,0.31642644957368615,1.8055138492924012,2.2751223899654556,0.8368064391748584,1.2868714562330787,8.267551538194697,0.5890205057507154,2.3529411764705883,0.5882352941176471,0.7021690753916542,1.500556892802416,0.8709258627431572,192,constrained
116,global,0.3849268496327828,0.033343525731471715,0.003481664774869952,314.4445376385865,333.51571773319836,6.953336868730688,0.29908641826528937,1.8181463242793434,2.1237245216857032,0.9109090356065389,1.0662104619342945,7.6688222633777325,0.5788912003338799,2.321754797651471,0.5294117647058824,0.7780296496875243,1.0207544803621937,0.8709258627431572,192,constrained
117,global,0.15209651631981216,0.07089301982654726,0.0035060202860467135,314.46248525953126,333.72356952108265,6.798497325096288,0.3031405422185757,0.31774313936745335,0.8997295956122994,0.5076774420289529,0.7845604374394017,0.7584942564800405,0.6306330132068879,1.8823529411764706,0.47058823529411764,1.0567336994979335,1.0132895916962035,0.8709258627431572,192,constrained
118,global,0.07723907770374376,0.06026664613501468,0.003485946284819666,314.54015360579956,333.51273031196826,6.7495790090502545,0.3049498457100518,1.2368662719141044,0.8883205319515061,0.5088389007845824,0.7432496770434208,0.8046109725057654,0.6677379226786548,1.8823529411764706,0.47058823529411764,0.919906500792458,0.8328678472547433,0.8709258627431572,192,constrained
119,global,0.34316467585462757,0.04104462423803723,0.003450358162366727,314.29295182182557,333.74238200386094,6.824836086564648,0.3015865035109037,0.9131476755451831,0.9046694936436663,0.5108439141938934,0.7803313095929252,0.8558600464284852,0.726078260723091,1.8823529411764706,0.47058823529411764,0.7404547901797174,0.8541839719739577,0.8709258627431572,192,constrained
120,global,0.2855028868475974,0.06099813413216447,0.0035855086664620278,314.2865174902375,333.7113462733938,6.759130023862945,0.2968967353133773,1.4470904267857705,1.3210995088235375,0.49144656996335895,0.7401910643425438,3.419589342283767,0.6512475555945559,2.1176470588235294,0.5294117647058824,0.9756995242459557,0.8954647154838631,0.8709258627431572,192,constrained
121,global,0.07723185164026326,0.05316896855179563,0.0037741049891094145,314.37584955815583,333.41059120604336,6.811554715164228,0.31537578311766834,1.3801478889458194,1.237003996820988,0.535380064794139,0.8571436303721144,2.7738247595566574,0.6615305369775839,2.1176470588235294,0.5294117647058824,0.8613193851708694,0.5908351750987995,0.8709258627431572,192,constrained
122,global,0.3388980577664651,0.044967602719075926,0.0037924531004977103,314.3593535730586,333.5803485633783,6.796317412992566,0.2997015198842744,1.237530976370966,0.8806246260163113,0.4527362731499431,0.9005490694726812,0.8488838290488215,0.6487021055605353,1.8823529411764706,0.47058823529411764,0.7967517664978884,0.32160628539212166,0.8709258627431572,192,constrained
123,global,0.00707367832897568,0.07894998188133953,0.0036318626893845464,314.2894066793191,333.7112209190956,6.716376962484147,0.30278552414368287,1.4689115450405432,0.9018767050889503,0.4620353180660529,0.7774049020318935,0.7753005576422238,0.6159133815533681,1.8823529411764706,0.47058823529411764,1.1412567668980889,1.1766393427847095,0.8709258627431572,192,constrained
124,global,0.06733292044810157,0.05961514350057755,0.0034602919360377533,314.34754825823796,333.7676824012261,6.889779096905961,0.30046581533014727,1.3120548316737108,0.8791037666957578,0.49061628320663253,0.7298326780341798,0.8148611049491441,0.6737899933383007,1.8823529411764706,0.47058823529411764,0.926952120226195,0.7191387797457316,0.8709258627431572,192,constrained
125,global,0.15330446996697417,0.06444806875630589,0.003436736607280521,314.3539779455451,333.75474811567705,6.767086459739345,0.3096492020807373,1.5112824849324915,1.3233089398184172,0.5817300190444645,0.7638773304532946,3.2069661950785338,0.6418883880320265,2.1176470588235294,0.5294117647058824,0.9914212482064422,1.1339996949568334,0.8709258627431572,192,constrained
126,global,0.13382938522900878,0.090857172546637,0.003574807557080177,314.4099123773951,333.50133409876327,6.929145146342577,0.29032378720013735,0.9955242370405405,0.8759840933138814,0.4951498122214134,0.7874220809184018,0.6257339764229328,0.5968365293988994,1.8823529411764706,0.47058823529411764,1.2524961236940488,0.8809513584411741,0.8709258627431572,192,constrained
127,global,0.12969407432939106,0.027529354491196954,0.0035886148899165527,314.5132947970243,333.496713103465,6.763806414867403,0.29910971795099983,0.9392270679585656,0.8876894791096674,0.49406902310168355,0.7971976864959446,0.8632044022492183,0.7775306559539239,1.8823529411764706,0.47058823529411764,0.5313310721885505,0.5469512028872124,0.8709258627431572,192,constrained
128,global,0.39,0.03547729513122866,0.0036751265,314.48505946493276,333.71679102067026,6.803787809286256,0.3030518944584271,0.8567354695444555,0.8933142381716102,0.4706543152820308,0.8422301073404828,0.8633122763683561,0.7231759596530593,1.8823529411764706,0.47058823529411764,0.6784551686033429,0.5885919021569139,0.8709258627431572,192,constrained
129,global,0.1734284360427208,0.040750003719941405,0.003494970153230142,314.3493868265696,333.36885403227456,7.074295591602339,0.3041013831299545,1.4021135869555856,1.4851319038827095,0.551041967558162,0.7165694444709688,4.613859687412948,0.6685273712784817,2.1176470588235294,0.5294117647058824,0.7075158674781301,0.6657506801028978,0.8709258627431572,192,constrained
130,global,0.3076858980076477,0.04339938917839379,0.003590847719760556,314.29720674039237,333.67570278714516,6.66814909171365,0.29270164660017733,1.0457674145521234,0.8957660078944152,0.4803437674602325,0.7986990609516504,0.8492767701200116,0.7180294109210585,1.8823529411764706,0.47058823529411764,0.7624895405927516,0.7465054664071633,0.8709258627431572,192,constrained
131,global,0.17342122052531564,0.033662684839313235,0.003712019862900736,314.43950523415947,333.61075541452925,6.6929258044870075,0.3146621908598827,1.5913976363328828,1.4916611330597764,0.7391249049440967,1.7408743719011635,3.3132771164975967,0.5887415303643247,1.8823529411764706,0.47058823529411764,0.6403983876703343,0.9785359314407436,0.8709258627431572,192,constrained
132,global,0.25937827728320095,0.041299821984436214,0.003551502701895764,314.4486970556408,333.46378094507827,6.892809605885272,0.3004270652077586,0.23967209747541873,0.8817510963341695,0.5019403902533476,0.7820391935789202,0.8351689768860792,0.694636190372669,1.8823529411764706,0.47058823529411764,0.7225357423292005,0.5989170531312266,0.8709258627431572,192,constrained
133,global,0.14997923245447997,0.0553761671541538,0.0035352074829472615,314.4168458769681,333.44857723147743,6.724365830089253,0.30447854476440506,1.2779424597409388,0.8691761320538507,0.4973950689296486,0.7559919376554693,0.8325297220688472,0.6766438585315925,1.8823529411764706,0.47058823529411764,0.8780308672930534,0.3761877115245217,0.8691761320538507,192,constrained
134,global,0.20803430175295662,0.05680506033581614,0.0036081701198466955,314.3880248426787,333.47378099449634,7.00361053753507,0.30500961715860364,1.830177580653311,1.436839437752303,0.5789611340702671,1.081894688017127,3.9787031168594655,0.6189609626073933,1.8823529411764706,0.47058823529411764,0.912508538735376,0.7996293954428828,0.8691761320538507,192,constrained
135,global,0.15986371665563864,0.09062021444069568,0.0038485625416893984,314.37135022108635,333.52848006343237,6.646255612888853,0.31936675220565236,1.101191129291364,0.9407213854495178,0.4618915854432149,0.9355135151414478,0.6283732846251726,0.6023767164979297,1.8823529411764706,0.47058823529411764,1.2758927402089288,1.6684292689558213,0.8691761320538507,192,constrained
136,global,0.3188769758760691,0.04074591961475421,0.003555752912962308,314.4357694027187,333.2076564066683,6.865697513917776,0.29934854726133364,0.461792771502485,0.8877499063142333,0.5077435556591046,0.7730107291380905,0.843279024128602,0.6962525353748736,1.8823529411764706,0.47058823529411764,0.7187202016532825,0.706430812814529,0.8691761320538507,192,constrained
137,global,0.02544354936120749,0.052726781695701413,0.003513853802403598,314.40893247982905,333.48561989791096,6.687257287167097,0.31549226293342986,1.4357024134365735,1.3250260478189186,0.5690344884258817,0.6821830500499224,3.7492641760295724,0.6673781031692964,1.8823529411764706,0.47058823529411764,0.8373677998717326,0.8201208708891734,0.8691761320538507,192,constrained
138,global,0.3007687175026047,0.028830440501067353,0.0035235262039418225,314.38871980303776,333.3272140103064,7.1444991623587555,0.29420441909521833,0.4232348435467652,0.8973071770839239,0.504524722780485,0.7727302099065874,0.843800585712347,0.7153237974381979,1.8823529411764706,0.47058823529411764,0.5671964948533907,1.0043188725075165,0.8691761320538507,192,constrained
139,global,0.2174118005053653,0.08058092998420063,0.003983630639137601,314.3408587413488,333.52580669916455,6.797047748134518,0.3034601445271016,0.8156449722384032,0.929699984844431,0.4345737742380361,1.0196390434640643,0.7055975332570043,0.6153051972199226,1.8823529411764706,0.47058823529411764,1.1938389932731783,1.0323659472586109,0.8691761320538507,192,constrained
140,global,0.0746048046540326,0.05592518298661162,0.0035916575252082934,314.4611884196112,333.7885632640358,6.985752848441748,0.301195044310386,1.005938371532875,0.8860427402763928,0.4811379627530673,0.8114435416608795,0.8254713732987219,0.6865192782150339,1.8823529411764706,0.47058823529411764,0.8882095168824652,0.5381120223306902,0.8691761320538507,192,constrained
141,global,0.31863047813482026,0.04076727172342846,0.0035557229279430344,314.4357417847869,333.2080080184657,6.9943715628972285,0.29126899369569353,0.6999369141860707,0.8887013548644407,0.5034216665779002,0.7676295270720047,0.8526367941079975,0.70850742531025,1.8823529411764706,0.47058823529411764,0.7172822124412247,0.7008721578755803,0.8691761320538507,192,constrained
142,global,0.3256650830189508,0.035454580549072426,0.0034866319017306776,314.4855026877997,333.65170415398103,6.747578494458915,0.29435848672676634,0.546884028916259,0.8906328010500177,0.5113691673471599,0.767108769779202,0.849295885029424,0.7005938779986876,1.8823529411764706,0.47058823529411764,0.6548545378326571,0.8059851514602687,0.8691761320538507,192,constrained
143,global,0.18481545590805534,0.058744571478919136,0.0035085514355200826,314.4651570494046,333.6217460017321,7.002077499245199,0.30368827142507443,0.8465702671769244,0.8795719358127932,0.5056296478100252,0.7858069893098625,0.8223286143329752,0.6625312260394587,1.8823529411764706,0.47058823529411764,0.9265013442690848,0.4563760082722801,0.8691761320538507,192,constrained
144,global,0.009111682937102239,0.05526174461294599,0.0035220347525452573,314.3224550380094,333.3440318476238,6.86885137582792,0.30135360282898505,1.2235366434816584,0.8705276916838804,0.50067861572971,0.7620092893003774,0.819488157812403,0.6808178348481131,1.8823529411764706,0.47058823529411764,0.8651258822903789,0.4055230591676858,0.8691761320538507,192,constrained
145,global,0.04257233796862353,0.07209376499757889,0.003590735042631275,314.4351401936619,333.42624698808413,6.984863182168021,0.30948204275134045,1.5488499655500658,1.3333081210301008,0.4875602470023555,0.7037125948857634,3.598307335685305,0.6255050340927535,2.1176470588235294,0.5294117647058824,1.058185446622598,0.7596837912104125,0.8691761320538507,192,constrained
146,global,0.2703856399259038,0.027684251057610527,0.0035155456120900463,314.4183602521244,333.60103565672347,6.759853499399667,0.29857786935058306,0.3861848097529348,0.8832693220123993,0.5059653210745273,0.7774070765323945,0.8412086267440655,0.720009453157378,1.8823529411764706,0.47058823529411764,0.5508701448572314,0.709137171141089,0.8691761320538507,192,constrained
147,global,0.12903056505909588,0.0802333509401339,0.003563552870949947,314.3288398509836,333.25559883326486,6.707197985864131,0.30484700590862274,1.6422070384453948,1.1617923351382784,0.5219688219412527,0.7982805631921602,2.329895468138982,0.6260013190402276,1.8823529411764706,0.47058823529411764,1.1453708194105385,1.3535526871661012,0.8691761320538507,192,constrained
148,global,0.17128001931603906,0.029840097090990614,0.0034506429620104304,314.4445376385865,333.19552893830763,7.206272582552138,0.30391810265465474,1.811817965230754,2.227591641597643,0.923226013458741,1.4150304938550735,7.050012000725707,0.5481984873953529,2.8404111644657863,0.7058823529411765,0.6110551490212096,1.860121990033498,0.8691761320538507,192,constrained
149,global,0.27914590387613947,0.06632339686106674,0.003475587458925164,314.3911622888508,333.28246765867306,6.794623208988965,0.3042766260114385,0.6688715595607715,0.890596582672266,0.5245709159532679,0.7700945265459453,0.7986196055865878,0.6498240366153826,1.8823529411764706,0.47058823529411764,1.0155568650894118,0.6841467976354971,0.8691761320538507,192,constrained
150,global,0.158099801482664,0.07136370149735924,0.0035567380433404053,314.3819061274942,333.5917252540423,6.9535618849294245,0.30441295733546875,0.4136810483814227,0.8821007537851167,0.49746152512349573,0.800722394617028,0.7561032677306531,0.6319241161363658,1.8823529411764706,0.47058823529411764,1.0680821358301475,0.6288798151913866,0.8691761320538507,192,constrained
151,global,0.17395785623002152,0.08120428784324386,0.003587659929340771,314.3715054791394,333.367975159684,6.774905808055441,0.28317404627310594,0.938051792631484,0.8847467251591513,0.49424817594753423,0.7708426480702592,0.7069687447877423,0.6102280579323187,1.8823529411764706,0.47058823529411764,1.1570871914234448,0.9376583134105768,0.8691761320538507,192,constrained
152,global,0.24213555607901024,0.06699080063867448,0.003503504788024003,314.5203734600824,333.32318607751654,6.636745004910606,0.30645664442354337,0.24411755174183314,0.92824277319412,0.5236804496813401,0.7698207169900381,0.7905214034373387,0.6429664025669778,1.8823529411764706,0.47058823529411764,1.0114021324544502,1.4907499526118393,0.8691761320538507,192,constrained
153,global,0.278296291333214,0.028661843010659528,0.0034457162119899227,314.4246345542456,333.23990003810394,6.75169685344654,0.3010673041706701,0.6281681020999361,0.8946944817638403,0.5315362271793171,0.763221632405219,0.8524047847584416,0.7111253797349578,1.8823529411764706,0.47058823529411764,0.5591470413138202,0.8768853680269952,0.8691761320538507,192,constrained
154,global,0.341744308773581,0.03708757592636633,0.003626285131291053,314.51784705280073,333.14511930418314,6.796317412992566,0.30443985119586636,0.20712481407715888,0.9212494425426566,0.4992521772013737,0.7840574474878224,0.8337856659764545,0.6991491869498627,1.8823529411764706,0.47058823529411764,0.6748642190458031,1.4298462801539447,0.8691761320538507,192,constrained
155,global,0.08545859180305924,0.07894998188133953,0.0036318626893845464,314.3409696407423,333.55379466729715,7.040623522222413,0.30725951186155565,0.5157373139152441,0.8901596230816141,0.4851554441036356,0.8342643378006587,0.7057644434964482,0.6164231716025305,1.8823529411764706,0.47058823529411764,1.1455026241516155,0.8252125704489067,0.8691761320538507,192,constrained
156,global,0.06733292044810157,0.08208241713698049,0.003617774890622148,314.4732761952995,333.39085191492995,6.674165533169855,0.3199148075033724,0.2376497294654164,0.935247605829311,0.502285848482537,0.8146063508637914,0.6936178291934355,0.6138982756495293,1.8823529411764706,0.47058823529411764,1.1589946960316373,1.767605014522728,0.8691761320538507,192,constrained
157,global,0.22904717915128447,0.05114337737999225,0.003699289056326739,314.48604235931754,333.82819935759613,7.030090078476069,0.3084854178223623,1.243879873095168,0.9163387029673882,0.45790771449938666,0.8657384267252856,0.8693942641136401,0.6853748754091044,1.8823529411764706,0.47058823529411764,0.8589141187254111,0.920732663037783,0.8691761320538507,192,constrained
158,global,0.02269666162247133,0.090857172546637,0.003574807557080177,314.41200709075116,333.50133409876327,6.712500985113432,0.2974072017452961,1.2913241453437634,0.8803286581526686,0.4990586458480467,0.7870667063834529,0.622931210348072,0.5931519792732852,1.8823529411764706,0.47058823529411764,1.2394835645207647,0.986103326624889,0.8691761320538507,192,constrained
159,global,0.03744426001128345,0.027529354491196954,0.003499856300808549,314.5132947970243,333.75580050561535,7.115357400592076,0.2974936376814665,0.6022773855518733,0.907892200044029,0.5018172533433923,0.7828492425218786,0.8481040222774938,0.719470678766562,1.8823529411764706,0.47058823529411764,0.5297330047309973,1.1984856154386845,0.8691761320538507,192,constrained
160,global,0.2843216156821221,0.047873236,0.0035379576178620207,314.4520105250018,333.4338874901615,6.794544197735835,0.3199382754468071,1.3461095358453279,1.1250697511525811,0.5112210867925644,0.717347617440448,2.154272385259502,0.6617768265357302,2.1176470588235294,0.5294117647058824,0.8112106928820336,0.9159971719694916,0.8691761320538507,192,constrained
161,global,0.15980921839500825,0.06748579769996847,0.0036798790017157092,314.4168458769681,333.44857723147743,6.774918597059434,0.31002282373548534,0.8290714953016424,0.8761403626048161,0.4821872343507399,0.8291882924942535,0.7773892716235784,0.6448840428808228,1.8823529411764706,0.47058823529411764,1.0255647485938308,0.3966851584916661,0.8691761320538507,192,constrained
162,global,0.3076858980076477,0.08476907246637466,0.0034535870710069596,314.3949582915607,333.5288511344249,6.828231058919631,0.2993692977397464,0.818187488446332,0.8849894293420293,0.5220475529155584,0.7712997536269534,0.6846808877443786,0.60377542155488,1.8823529411764706,0.47058823529411764,1.2156503570678565,0.8571447815872589,0.8691761320538507,192,constrained
163,global,0.010894126275063476,0.027557508139810054,0.0035428254029303175,314.34264878395936,333.5043452466334,7.13709752649237,0.31302709336875806,1.877859170906997,3.6154966459789066,1.2697847100583097,1.0972239627852434,17.347067134388293,0.6161563455888968,2.039896180677788,0.35294117647058826,0.609669488899152,1.5169874043986615,0.8691761320538507,192,constrained
164,global,0.23785890783905056,0.0375455439994675,0.003478775646558971,314.4750494396417,333.63131330561544,7.251842679057006,0.3038412163807583,1.471460525851874,2.0044508634204545,0.7276336893605072,1.1293949409444985,7.371478882873913,0.6490679259743581,1.8823529411764706,0.47058823529411764,0.6776723173851035,1.3333547091415088,0.8691761320538507,192,constrained
165,global,0.1734284360427208,0.040750003719941405,0.0036698955191740443,314.53018203654256,333.35809959351667,6.6949474059526075,0.29910228161204155,1.2035273682477579,0.8763995066900626,0.46535651386189786,0.7824339768487384,0.8518552999212841,0.6675435254069805,1.8823529411764706,0.47058823529411764,0.699872756836651,0.690523644019615,0.8691761320538507,192,constrained
166,global,0.3279834005965526,0.08312060127727615,0.003635571704214827,314.42274604999824,333.48618371464994,6.924959808101307,0.3124055022878055,0.31791810183011804,0.9058285142869701,0.4907502773668771,0.8278477179972619,0.6936978242289396,0.6100601954389394,1.8823529411764706,0.47058823529411764,1.2132566575009331,1.1294122936606295,0.8691761320538507,192,constrained
167,global,0.38831291618247143,0.09062021444069568,0.0035343074567974497,314.50380964624014,333.16985829386294,6.830452997007846,0.2998516429842629,0.7938034886381544,0.9184119247226241,0.5182103021524369,0.7692620069362804,0.6612353723773621,0.596026547982265,1.8823529411764706,0.47058823529411764,1.2697689560097285,1.5885592468913567,0.8691761320538507,192,constrained
168,global,0.08909807807359256,0.06691195668387377,0.0035829020233250357,314.407553920545,333.753090294751,6.865697513917776,0.30720374269423983,1.1380372973614854,0.8766275900659023,0.4851460299518771,0.8036255546988638,0.7698575644059473,0.6359435567182208,1.8823529411764706,0.47058823529411764,1.0156454070462178,0.556181398178714,0.8691761320538507,192,constrained
169,global,0.16726294202843422,0.04382996798086659,0.003438559760646868,314.39486210612205,333.2440371267356,6.760940868841117,0.30506347425349617,1.6328767618733084,1.990603401158576,0.7586136594622547,1.2419472002092917,7.184985535849762,0.6427582016686011,1.8823529411764706,0.47058823529411764,0.7415199256359455,0.9968381521766502,0.8691761320538507,192,constrained
170,global,0.3055491300956076,0.03069383181883786,0.0035065207111239583,314.45443470611684,333.1842609684937,6.952663025207215,0.29828729629387035,0.4232348435467652,0.8982550491523653,0.5178544634578452,0.7643101859615153,0.8440539141025973,0.7089078661268229,1.8823529411764706,0.47058823529411764,0.5875193053977742,1.001802445166183,0.8691761320538507,192,constrained
171,global,0.14757253108459328,0.051409757784510075,0.0035671103127835214,314.52703274484156,333.7005813066334,7.041085758990656,0.30726357647492486,1.290941004870406,0.9012542502322572,0.4506567104173666,0.6985901010112036,1.0168502265936592,0.6916955956713702,1.8823529411764706,0.47058823529411764,0.8390339114455172,0.8751910865726116,0.8691761320538507,192,constrained
172,global,0.011076303038376062,0.05592518298661162,0.003661499695762386,314.49496504059834,333.6223298316674,6.985752848441748,0.301195044310386,0.8769270247149897,0.8780292990959718,0.4749674980040356,0.8274726572352195,0.8274348564108394,0.6851467155190034,1.8823529411764706,0.47058823529411764,0.881373922818112,0.3434714282371281,0.8691761320538507,192,constrained
173,global,0.3296925512959174,0.04608354811701157,0.003628746024620423,314.35903172165314,333.5487322710144,7.088728800472718,0.30914462566345846,0.6483935118139974,0.8906371568789039,0.4809784898619636,0.8329616186349474,0.8444151787886831,0.6940405573409503,1.8823529411764706,0.47058823529411764,0.806697302090763,0.5466828989931231,0.8691761320538507,192,constrained
174,global,0.26267168330784196,0.035454580549072426,0.0035825663358378286,314.4003441574991,333.65170415398103,6.766622138287855,0.319087661301963,1.10965564135171,0.8964042466189316,0.484738150393516,0.817160012435174,0.8331462665390328,0.7149659138494723,1.8823529411764706,0.47058823529411764,0.6596103830583809,0.8283100627223288,0.8691761320538507,192,constrained
175,global,0.18481545590805534,0.06508691100018198,0.0036205331046728004,314.30130058544677,333.44237341278813,6.949838742228773,0.3016559493197325,1.4177732903696612,1.110218621677475,0.496372359703251,0.8149440383669477,2.0116073667158085,0.646028402628883,2.1176470588235294,0.5294117647058824,1.00528175059792,0.5691530767543578,0.8691761320538507,192,constrained
176,global,0.14012778519493957,0.06773878429057847,0.0034648942644583346,314.4063544561432,333.3713771354682,6.977454079803544,0.30135360282898505,1.8371802466936744,1.0219412125919143,0.5583602024747802,0.8736778216590948,1.408649068889612,0.6001692152451948,1.8823529411764706,0.47058823529411764,1.0140258914165914,1.0819561173641272,0.8691761320538507,192,constrained
177,global,0.2104262846080544,0.05934257652379752,0.003467995535328775,314.2758003097626,333.34844588244067,6.936848940460283,0.3074184661542898,1.3828101263739836,0.9889653799665343,0.4945819490935278,0.6693540167209315,1.5623486104982416,0.6591828916650361,1.8823529411764706,0.47058823529411764,0.9368724706902157,0.9338614647751547,0.8691761320538507,192,constrained
178,global,0.15272015796692123,0.04792888131131381,0.0035155456120900463,314.3536858955769,333.3020403262573,6.772578800562578,0.29857786935058306,1.1925257306580193,0.8755208593493344,0.5087084275898391,0.772226591512916,0.8299031638726304,0.6994600456050394,1.8823529411764706,0.47058823529411764,0.7861766063809452,0.42417558164406577,0.8691761320538507,192,constrained
179,global,0.19248566984064977,0.07004260205073258,0.003640187337674088,314.4785492850725,333.74718493806273,6.64180729798972,0.3109786092830839,1.2473360278126302,0.9029063177993152,0.475212535079426,0.8032380325850402,0.7567537901653505,0.6355395376680801,1.8823529411764706,0.47058823529411764,1.0594429393517673,1.1197658683587328,0.8691761320538507,192,constrained
180,global,0.18014232850618672,0.0808114792302114,0.0034981041064039743,314.4494010456064,333.607655294953,6.702879632488529,0.3092445672902831,1.8007924609752917,1.6618933162718534,0.5362134883228763,0.7798944527513314,5.639940062892146,0.593841978944008,1.8823529411764706,0.47058823529411764,1.1602693484965727,1.5235837930175582,0.8691761320538507,192,constrained
181,global,0.15209651631981216,0.046414796778931344,0.0036420061267488967,314.4837107215124,333.36944736836983,7.015580363569837,0.31362344628725763,0.6688715595607715,0.8930746349258822,0.4874314085924614,0.8192981620281989,0.8424970201325374,0.6993990443724767,1.8823529411764706,0.47058823529411764,0.7774951452727156,0.6431557831295992,0.8691761320538507,192,constrained
182,global,0.07723907770374376,0.06026664613501468,0.0036857996948638735,314.30873231985686,333.51273031196826,6.783224906642444,0.3047156997674674,1.167359343896306,0.8748118515293245,0.47031690325917835,0.8273155522438932,0.8022182217741053,0.6687172666084701,1.8823529411764706,0.47058823529411764,0.9415760180472903,0.3630894312615393,0.8691761320538507,192,constrained
183,global,0.17395785623002152,0.027442918360596726,0.003587659929340771,314.49724916823607,333.3119920651905,6.799792229915789,0.3066039029684227,1.344752671998449,1.1342335073697192,0.6922154083959009,1.2400843417128262,1.6736316013555281,0.6544512229606739,1.9437922327843316,0.4117647058823529,0.5469268712505454,0.7693896926426218,0.8691761320538507,192,constrained
184,global,0.24555523946778934,0.08311304963209108,0.003522365030586858,314.41417022759225,333.62012801984025,6.8234166090310975,0.30907449112682783,1.8973309175182127,1.6901909053365405,0.5226926643596458,0.764778429646847,5.585877625268309,0.585665451884444,2.1176470588235294,0.5294117647058824,1.1977939585497046,1.5297458348145223,0.8691761320538507,192,constrained
185,global,0.25179722126035375,0.07422011392254095,0.0035367531392300868,314.35957656024567,333.27565734641735,6.734998374889329,0.3040926091638509,1.9532246806369629,0.993833838260006,0.5749639835729345,0.9689148096008803,0.866323004760065,0.6269332968879189,1.8823529411764706,0.47058823529411764,1.0985434544754793,1.5346139389677844,0.8691761320538507,192,constrained
186,global,0.031181828022321,0.051760465636813795,0.0037770154450372183,314.4621421238466,333.5803485633783,6.796317412992566,0.3135007016580813,1.0428645317827576,0.8960961723877169,0.46175315333053263,0.885123266286106,0.8368621170065168,0.7107637907225647,1.8823529411764706,0.47058823529411764,0.8410308485939183,0.46227390338897245,0.8691761320538507,192,constrained
187,global,0.19947360680068635,0.07894998188133953,0.0036318626893845464,314.477252425002,333.5259435799407,6.894684666573817,0.3019360376479755,0.5157373139152441,0.8819207754308762,0.48768084513936794,0.8113610683065943,0.7162987661961043,0.6174891693486313,1.8823529411764706,0.47058823529411764,1.147101055791985,0.7055476982898365,0.8691761320538507,192,constrained
188,global,0.0016525049163349792,0.05961514350057755,0.003687350738629471,314.34754825823796,333.3659725063763,6.889779096905961,0.30046581533014727,0.9795567269969591,0.864950855530384,0.4763849890206275,0.8242668544128975,0.8069615184314942,0.6617080767284368,1.8823529411764706,0.47058823529411764,0.9234352981843693,0.17873035909177087,0.864950855530384,192,constrained
189,global,0.22904717915128447,0.06800044664228366,0.003634369558025055,314.31413139029377,333.4626691458938,6.775102447801093,0.3096792272118525,1.243879873095168,0.8823233125658941,0.48099460180070336,0.8063479483864872,0.7681039795002844,0.6455075426830353,1.8823529411764706,0.47058823529411764,1.044150317226193,0.6238758726753209,0.864950855530384,192,constrained
190,global,0.13228505054896125,0.06972119291777126,0.0037399962317466798,314.37375536313635,333.2531011051219,6.828669461654527,0.29032378720013735,0.47280849243293244,0.8894524030070795,0.471140792228604,0.8257263349881968,0.7704486722667722,0.6370544621898937,1.8823529411764706,0.47058823529411764,1.0403568438795785,0.7504780099071627,0.864950855530384,192,constrained
191,global,0.14715946651661488,0.027529354491196954,0.0036571951514780612,314.3998240230707,333.4137699653672,6.761401527140758,0.29910971795099983,0.8491946921207028,0.8712977761062258,0.4802061551129218,0.8182685641309865,0.8619250412359071,0.7472807973438389,1.8823529411764706,0.47058823529411764,0.5354209959465881,0.28078283934540965,0.864950855530384,192,constrained
192,global,0.017652221177270166,0.047873236,0.0036751265,314.4,333.5431727016889,6.919394699125094,0.29311168095718354,1.5823746834023986,2.301792510741,0.7318308894404952,1.070393786690902,9.165343202703763,0.6477304026337949,2.3529411764705883,0.5882352941176471,0.784362753485966,0.3680738231487153,0.864950855530384,192,constrained
193,local,0.0016525049163349792,0.05961514350057755,0.003687350738629471,314.34754825823796,333.3659725063763,6.889779096905961,0.30046581533014727,0.9795567269969591,0.864950855530384,0.4763849890206275,0.8242668544128975,0.8069615184314942,0.6617080767284368,1.8823529411764706,0.47058823529411764,0.9234352981843693,0.17873035909177087,0.864950855530384,192,constrained
194,local,0.14896674438754098,0.05961514350057755,0.003687350738629471,314.34754825823796,333.3659725063763,6.889779096905961,0.30046581533014727,0.9795567269969591,0.8713844684294062,0.47605935742865385,0.8279879341075905,0.8197211121273752,0.6768901498072537,1.8823529411764706,0.47058823529411764,0.9364657534356559,0.19696536908595597,0.864950855530384,192,constrained
195,local,0.24103325561245897,0.05961514350057755,0.003687350738629471,314.34754825823796,333.3659725063763,6.889779096905961,0.30046581533014727,0.9795567269969591,0.8682368311451527,0.4757276552943783,0.8217092122419267,0.8124409255233443,0.6580997529543983,1.8823529411764706,0.47058823529411764,0.94865795693353,0.2264738662734297,0.864950855530384,192,constrained
196,local,0.29793348877508197,0.05961514350057755,0.003687350738629471,314.34754825823796,333.3659725063763,6.889779096905961,0.30046581533014727,0.9795567269969591,0.8740842511089079,0.47581860649311036,0.8251464621452078,0.821548661028307,0.6721284663898243,1.8823529411764706,0.47058823529411764,0.95688093951052,0.25167713174232426,0.864950855530384,192,constrained
197,local,0.21359365172755193,0.05961514350057755,0.003687350738629471,314.34754825823796,333.3659725063763,6.889779096905961,0.30046581533014727,0.9795567269969591,0.8734621361803401,0.4758647075012599,0.8290852211567068,0.8234152505555198,0.6766255236984499,1.8823529411764706,0.47058823529411764,0.9448636479889695,0.21622174410640943,0.864950855530384,192,constrained
198,local,0.2627672107127871,0.05961514350057755,0.003687350738629471,314.34754825823796,333.3659725063763,6.889779096905961,0.30046581533014727,0.9795567269969591,0.8723510018602356,0.47583441168197055,0.8273033606588636,0.8231612987917339,0.6631854690069449,1.8823529411764706,0.47058823529411764,0.9517208181152114,0.2354725322124807,0.864950855530384,192,constrained
199,local,0.23055225956625813,0.05961514350057755,0.003687350738629471,314.34754825823796,333.3659725063763,6.889779096905961,0.30046581533014727,0.9795567269969591,0.8707639560228448,0.4758370398216993,0.8257922983396012,0.8202031190165523,0.6634350201175968,1.8823529411764706,0.47058823529411764,0.9472002264416051,0.22241182984999636,0.864950855530384,192,constrained
200,local,0.24933488775082016,0.05961514350057755,0.003687350738629471,314.34754825823796,333.3659725063763,6.889779096905961,0.30046581533014727,0.9795567269969591,0.8699666041586406,0.4757745204992014,0.8238432354136147,0.8157284202710889,0.6619323003653981,1.8823529411764706,0.47058823529411764,0.9498241948651802,0.22981940862925898,0.864950855530384,192,constrained
201,local,0.24083054439421342,0.05961514350057755,0.003687350738629471,314.34754825823796,333.3659725063763,6.889779096905961,0.30046581533014727,0.9795567269969591,0.8681741558516097,0.47571730208485025,0.8217997581604797,0.8122435965816083,0.6578092078465886,1.8823529411764706,0.47058823529411764,0.948627577850164,0.2263935907984726,0.864950855530384,192,constrained
202,local,0.23690458893598687,0.05961514350057755,0.003687350738629471,314.34754825823796,333.3659725063763,6.889779096905961,0.30046581533014727,0.9795567269969591,0.8705498549849322,0.4758166864936791,0.8256461181822887,0.8206123510842167,0.6607137664439703,1.8823529411764706,0.47058823529411764,0.9480800363723653,0.22485219792019823,0.864950855530384,192,constrained
203,local,0.23933096284748906,0.05961514350057755,0.003687350738629471,314.34754825823796,333.3659725063763,6.889779096905961,0.30046581533014727,0.9795567269969591,0.8706450071005061,0.47581740071331413,0.8257247839763568,0.8204595695788267,0.6609653493402043,1.8823529411764706,0.47058823529411764,0.9484195115253868,0.22580184085131033,0.864950855530384,192,constrained
204,local,0.24025775521226686,0.05961514350057755,0.003687350738629471,314.34754825823796,333.3659725063763,6.889779096905961,0.30046581533014727,0.9795567269969591,0.8683747609335575,0.47574160144456856,0.8219682689563826,0.8125127793259287,0.658722013013181,1.8823529411764706,0.47058823529411764,0.9485489397735863,0.22616712615878187,0.864950855530384,192,constrained
205,local,0.24075009115223447,0.05961514350057755,0.003687350738629471,314.34754825823796,333.3659725063763,6.889779096905961,0.30046581533014727,0.9795567269969591,0.8681740843476332,0.47571739774407135,0.8217997417355575,0.8122401264637187,0.6578261667503812,1.8823529411764706,0.47058823529411764,0.9486172059643908,0.22636174930981057,0.864950855530384,192,constrained
206,local,0.24071675427251082,0.05961514350057755,0.003687350738629471,314.34754825823796,333.3659725063763,6.889779096905961,0.30046581533014727,0.9795567269969591,0.8681758024396656,0.4757177253837539,0.8218004150820175,0.812240045274907,0.6578421124417398,1.8823529411764706,0.47058823529411764,0.9486131611831342,0.22634855847950414,0.864950855530384,192,constrained
207,local,0.24078342803195812,0.05961514350057755,0.003687350738629471,314.34754825823796,333.3659725063763,6.889779096905961,0.30046581533014727,0.9795567269969591,0.868173750841046,0.47571723878732197,0.8217997587988795,0.8122396951349806,0.6578187068250334,1.8823529411764706,0.47058823529411764,0.9486215845116355,0.22637494196678948,0.864950855530384,192,constrained
208,local,0.24078342803195812,0.04892528879144993,0.003687350738629471,314.34754825823796,333.3659725063763,6.889779096905961,0.30046581533014727,0.9795567269969591,0.8757283297384674,0.47397002458857074,0.8286917554395685,0.8464773314286607,0.7268526441293242,1.8823529411764706,0.47058823529411764,0.821850079583033,0.17384417428215665,0.864950855530384,192,constrained
209,local,0.24078342803195812,0.06561671120855006,0.003687350738629471,314.34754825823796,333.3659725063763,6.889779096905961,0.30046581533014727,0.9795567269969591,0.8730232434650175,0.476540781329208,0.8247079345582463,0.7920891019118093,0.6600572034126746,1.8823529411764706,0.47058823529411764,1.0164522378471628,0.2943435578122712,0.864950855530384,192,constrained
210,local,0.24078342803195812,0.07593257758289987,0.003687350738629471,314.34754825823796,333.3659725063763,6.889779096905961,0.30046581533014727,0.9795567269969591,0.8752984643015004,0.47897277173703107,0.8276934591213979,0.7385620736102363,0.6242966558287054,1.8823529411764706,0.47058823529411764,1.1266667853945982,0.47582609476722065,0.864950855530384,192,constrained
211,local,0.24078342803195812,0.06299067265817256,0.003687350738629471,314.34754825823796,333.3659725063763,6.889779096905961,0.30046581533014727,0.9795567269969591,0.8700264054529412,0.47614127650340293,0.8233616380647454,0.8024885941857937,0.6528499357153353,1.8823529411764706,0.47058823529411764,0.9870669810013964,0.2611985859638001,0.864950855530384,192,constrained
212,local,0.24078342803195812,0.057618174085898935,0.003687350738629471,314.34754825823796,333.3659725063763,6.889779096905961,0.30046581533014727,0.9795567269969591,0.872521352320658,0.4753050867137521,0.8273400406553052,0.8272137290920022,0.6781649455001911,1.8823529411764706,0.47058823529411764,0.9255811808133727,0.209894038229331,0.864950855530384,192,constrained
213,local,0.24078342803195812,0.06146114804654929,0.003687350738629471,314.34754825823796,333.3659725063763,6.889779096905961,0.30046581533014727,0.9795567269969591,0.8694498425686997,0.47594668017095976,0.8231681802665629,0.8073109203883011,0.6561043051755033,1.8823529411764706,0.47058823529411764,0.969721683922846,0.24433475489199635,0.864950855530384,192,constrained
214,local,0.24078342803195812,0.06136501166202856,0.003687350738629471,314.34754825823796,333.3659725063763,6.889779096905961,0.30046581533014727,0.9795567269969591,0.8696247373149244,0.47610344520307113,0.8236540921901202,0.8076125896040413,0.6568104066779813,1.8823529411764706,0.47058823529411764,0.96862548607287,0.24333482768913833,0.864950855530384,192,constrained
215,local,0.24078342803195812,0.062086395634130466,0.003687350738629471,314.34754825823796,333.3659725063763,6.889779096905961,0.30046581533014727,0.9795567269969591,0.8696457517256525,0.47604269392400317,0.8233609194811362,0.805303260829137,0.6544347108092214,1.8823529411764706,0.47058823529411764,0.9768400915172338,0.2510112803425366,0.864950855530384,192,constrained
216,local,0.24078342803195812,0.061699971373621425,0.003687350738629471,314.34754825823796,333.3659725063763,6.889779096905961,0.30046581533014727,0.9795567269969591,0.8710596762892863,0.4759541332952517,0.8242817508392019,0.807725533006862,0.6631834295219154,1.8823529411764706,0.47058823529411764,0.9724382937415053,0.24684951380242554,0.864950855530384,192,constrained
217,local,0.24078342803195812,0.061552370440184516,0.003687350738629471,314.34754825823796,333.3659725063763,6.889779096905961,0.30046581533014727,0.9795567269969591,0.8715685406773247,0.4760646226930794,0.8251139757876015,0.8108118344291818,0.6633119734184805,1.8823529411764706,0.47058823529411764,0.9707595662716813,0.24529013569145575,0.864950855530384,192,constrained
218,local,0.24078342803195812,0.0614244272152179,0.003687350738629471,314.34754825823796,333.3659725063763,6.889779096905961,0.30046581533014727,0.9795567269969591,0.8696804514314098,0.47594729383583323,0.8232158672582957,0.8072078768451123,0.6579469733521556,1.8823529411764706,0.47058823529411764,0.9693045608662118,0.24395197867601764,0.864950855530384,192,constrained
219,local,0.24078342803195812,0.061495991900382824,0.003687350738629471,314.34754825823796,333.3659725063763,6.889779096905961,0.30046581533014727,0.9795567269969591,0.8698363445670853,0.476012795907475,0.8238472773091426,0.8098592546417657,0.6548855153042312,1.8823529411764706,0.47058823529411764,0.9701180711651736,0.2446989233544239,0.864950855530384,192,constrained
220,local,0.24078342803195812,0.06146114804654929,0.0036826598733238182,314.34754825823796,333.3659725063763,6.889779096905961,0.30046581533014727,0.9795567269969591,0.8695177063080278,0.4767457396060468,0.8219346906368278,0.8100271904115882,0.654642369151946,1.8823529411764706,0.47058823529411764,0.9694735893693716,0.24391484301143584,0.864950855530384,192,constrained
221,local,0.24078342803195812,0.06146114804654929,0.0038363401266761814,314.34754825823796,333.3659725063763,6.889779096905961,0.30046581533014727,0.9795567269969591,0.889586660730842,0.4544991523517192,0.9014889779829265,0.8140185772077146,0.6658985537042635,1.8823529411764706,0.47058823529411764,0.9783826778648532,0.3614113285598221,0.864950855530384,192,constrained
222,local,0.24078342803195812,0.06146114804654929,0.003587680253352363,314.34754825823796,333.3659725063763,6.889779096905961,0.30046581533014727,0.9795567269969591,0.869421547477085,0.49361873087014346,0.7899378631749805,0.8098991333496832,0.6644120976329856,1.8823529411764706,0.47058823529411764,0.9647318719684648,0.2783037143270849,0.864950855530384,192,constrained
223,local,0.24078342803195812,0.06146114804654929,0.0035543469185406774,314.34754825823796,333.3659725063763,6.889779096905961,0.30046581533014727,0.9795567269969591,0.871571526996565,0.500460292059428,0.7821235624035626,0.8122404251568862,0.6677253975201474,1.8823529411764706,0.47058823529411764,0.963211291525906,0.3097510684046835,0.864950855530384,192,constrained
224,local,0.24078342803195812,0.06146114804654929,0.0036210135881640485,314.34754825823796,333.3659725063763,6.889779096905961,0.30046581533014727,0.9795567269969591,0.868620256192624,0.4874309240792808,0.8009828340251265,0.8105035119992532,0.6585761648034678,1.8823529411764706,0.47058823529411764,0.9663510573876107,0.25692470952142954,0.864950855530384,192,constrained
225,local,0.24078342803195812,0.06146114804654929,0.0036210135881640485,314.36458980337505,333.3659725063763,6.889779096905961,0.30046581533014727,0.9795567269969591,0.8692653479960053,0.4877725368226831,0.8026528351018285,0.8170466995937559,0.6645880855070367,1.8823529411764706,0.47058823529411764,0.9654974019697259,0.22496842083230884,0.864950855530384,192,constrained
226,local,0.24078342803195812,0.06146114804654929,0.0036210135881640485,314.43541019662496,333.3659725063763,6.889779096905961,0.30046581533014727,0.9795567269969591,0.8661892191224482,0.48884767621187897,0.794929214958264,0.8114963449781145,0.6596712784935254,1.8823529411764706,0.47058823529411764,0.9619702324034297,0.22496842083239477,0.864950855530384,192,constrained
227,local,0.24078342803195812,0.06146114804654929,0.0036210135881640485,314.47917960675005,333.3659725063763,6.889779096905961,0.30046581533014727,0.9795567269969591,0.8708897258286332,0.489505924223628,0.7915287788872881,0.8120712306190708,0.6591362185188933,1.8823529411764706,0.47058823529411764,0.9597854137906334,0.3320126488068269,0.864950855530384,192,constrained
228,local,0.24078342803195812,0.06146114804654929,0.0036210135881640485,314.41649984190997,333.3659725063763,6.889779096905961,0.30046581533014727,0.9795567269969591,0.8653586395169892,0.4885056514354947,0.7962225489921687,0.811280853315128,0.6597520411649351,1.8823529411764706,0.47058823529411764,0.9629082456076719,0.20401776546362171,0.864950855530384,192,constrained
229,local,0.24078342803195812,0.06146114804654929,0.0036210135881640485,314.4129052651705,333.3659725063763,6.889779096905961,0.30046581533014727,0.9795567269969591,0.8657750646259924,0.48843292750885753,0.7964311451722049,0.8114307177417178,0.6628890596297967,1.8823529411764706,0.47058823529411764,0.9630884959036345,0.20176187965977294,0.864950855530384,192,constrained
230,local,0.24078342803195812,0.06146114804654929,0.0036210135881640485,314.4228616358473,333.3659725063763,6.889779096905961,0.30046581533014727,0.9795567269969591,0.8655384232159125,0.4886196897062143,0.7957879372995599,0.8113327249621969,0.6596492679411226,1.8823529411764706,0.47058823529411764,0.9625945349389565,0.20936214852859159,0.864950855530384,192,constrained
231,local,0.24078342803195812,0.06146114804654929,0.0036210135881640485,314.4189298309646,333.3659725063763,6.889779096905961,0.30046581533014727,0.9795567269969591,0.865408765873682,0.48854928024287014,0.7960587182257906,0.8113166426103634,0.6596375848471764,1.8823529411764706,0.47058823529411764,0.9627901209994187,0.20585522610931173,0.864950855530384,192,constrained
232,local,0.24078342803195812,0.06146114804654929,0.0036210135881640485,314.41512683577065,333.3659725063763,6.889779096905961,0.30046581533014727,0.9795567269969591,0.8658667374554864,0.48857581646267223,0.7965286823852394,0.8114356825340227,0.6627674114679896,1.8823529411764706,0.47058823529411764,0.9629811835627458,0.20309099403165043,0.864950855530384,192,constrained
233,local,0.24078342803195812,0.06146114804654929,0.0036210135881640485,314.4174280151365,333.3659725063763,6.889779096905961,0.30046581533014727,0.9795567269969591,0.8654360637923245,0.4886263313112353,0.7964118239785255,0.8112509317226214,0.6596745913645388,1.8823529411764706,0.47058823529411764,0.9628669286961956,0.20468986261212407,0.864950855530384,192,constrained
234,local,0.24078342803195812,0.06146114804654929,0.0036210135881640485,314.4159754002315,333.3659725063763,6.889779096905961,0.30046581533014727,0.9795567269969591,0.8658062670232901,0.4884878958140555,0.7962180727922048,0.8114702236258634,0.6626891964970554,1.8823529411764706,0.47058823529411764,0.9629336392005035,0.20365427235385392,0.864950855530384,192,constrained
235,local,0.24078342803195812,0.06146114804654929,0.0036210135881640485,314.41685437253506,333.3659725063763,6.889779096905961,0.30046581533014727,0.9795567269969591,0.8658426808607446,0.48850235549010596,0.7961584352663147,0.8114779294462913,0.6627931708523571,1.8823529411764706,0.47058823529411764,0.9628917159647905,0.20427014321082465,0.864950855530384,192,constrained
236,local,0.24078342803195812,0.06146114804654929,0.0036210135881640485,314.4162995230139,333.3659725063763,6.889779096905961,0.30046581533014727,0.9795567269969591,0.8653309154510039,0.4885021650541402,0.7962368300971154,0.8112723711773766,0.6596045423878967,1.8823529411764706,0.47058823529411764,0.9629187558794614,0.20387753772212747,0.864950855530384,192,constrained
237,local,0.24078342803195812,0.06146114804654929,0.0036210135881640485,314.4161757191276,333.3659725063763,6.889779096905961,0.30046581533014727,0.9795567269969591,0.865415102578739,0.4886056395026356,0.7965019275500873,0.8112477819871592,0.6597243489624887,1.8823529411764706,0.47058823529411764,0.9629283677584008,0.20379172863889794,0.864950855530384,192,constrained
238,local,0.24078342803195812,0.06146114804654929,0.0036210135881640485,314.4163760380236,333.3659725063763,6.889779096905961,0.30046581533014727,0.9795567269969591,0.8658545777670993,0.488499792077051,0.7960807821989483,0.8111016421188751,0.6634613950489796,1.8823529411764706,0.47058823529411764,0.9629139548385895,0.20393089777818707,0.864950855530384,192,constrained
239,local,0.24078342803195812,0.06146114804654929,0.0036210135881640485,314.41625223413723,333.3659725063763,6.889779096905961,0.30046581533014727,0.9795567269969591,0.86534193480727,0.488502616364348,0.7962420938671873,0.8112753455090479,0.6596778075810079,1.8823529411764706,0.47058823529411764,0.9629204174865729,0.20384468434487152,0.864950855530384,192,constrained
240,local,0.24078342803195812,0.06146114804654929,0.0036210135881640485,314.41633285736697,333.3659725063763,6.889779096905961,0.30046581533014727,0.9795567269969591,0.865810221554713,0.4884943374552339,0.7961995013633532,0.8114705015540958,0.6626546556328166,1.8823529411764706,0.47058823529411764,0.9629175564206219,0.20390075372090416,0.864950855530384,192,constrained
241,local,0.24078342803195812,0.06146114804654929,0.0036210135881640485,314.4162995230139,333.4048091274751,6.889779096905961,0.30046581533014727,0.9795567269969591,0.863646972129686,0.4874537889817348,0.7980169335978902,0.8106903273426793,0.658542623983494,1.8823529411764706,0.47058823529411764,0.9640464053698267,0.17107599880922714,0.863646972129686,192,constrained
242,local,0.24078342803195812,0.06146114804654929,0.0036210135881640485,314.4162995230139,333.5703928725249,6.889779096905961,0.30046581533014727,0.9795567269969591,0.8645535364488803,0.4829464920860566,0.80696053832249,0.8075081440779214,0.6628238954469148,1.8823529411764706,0.47058823529411764,0.968846952047069,0.16336424260419552,0.863646972129686,192,constrained
243,local,0.24078342803195812,0.06146114804654929,0.0036210135881640485,314.4162995230139,333.30247274504984,6.889779096905961,0.30046581533014727,0.9795567269969591,0.8699441151813833,0.4900697636010782,0.7935377662570213,0.8152293723114274,0.6621983626221227,1.8823529411764706,0.47058823529411764,0.9610553919332683,0.28287829334370157,0.863646972129686,192,constrained
244,local,0.24078342803195812,0.06146114804654929,0.0036210135881640485,314.4162995230139,333.47665576966875,6.889779096905961,0.30046581533014727,0.9795567269969591,0.8619909752102876,0.4854040737306471,0.8007621164509582,0.811110618599833,0.6553412797258431,1.8823529411764706,0.47058823529411764,0.9661252457571232,0.14143850862753238,0.8619909752102876,192,constrained
245,local,0.24078342803195812,0.06146114804654929,0.0036210135881640485,314.4162995230139,333.47860494995905,6.889779096905961,0.30046581533014727,0.9795567269969591,0.8620849886962042,0.48535786175933354,0.8009024217677224,0.811055792731783,0.6559593451243496,1.8823529411764706,0.47058823529411764,0.9661819430050099,0.14119598912480646,0.8619909752102876,192,constrained
246,local,0.24078342803195812,0.06146114804654929,0.0036210135881640485,314.4162995230139,333.4526635020229,6.889779096905961,0.30046581533014727,0.9795567269969591,0.8622701640313271,0.48605229728316374,0.7994511949286103,0.8114582810275471,0.656165672192661,1.8823529411764706,0.47058823529411764,0.9654287559939156,0.14685340200725847,0.8619909752102876,192,constrained
247,local,0.24078342803195812,0.06146114804654929,0.0036210135881640485,314.4162995230139,333.4674915388952,6.889779096905961,0.30046581533014727,0.9795567269969591,0.8620179980719794,0.48564757752176496,0.8002468526784381,0.8112468137095914,0.6553236500722297,1.8823529411764706,0.47058823529411764,0.9658592284150084,0.1429763267606571,0.8619909752102876,192,constrained
248,local,0.24078342803195812,0.06146114804654929,0.0036210135881640485,314.4162995230139,333.47239379690694,6.889779096905961,0.30046581533014727,0.9795567269969591,0.862010396429101,0.48551935309038563,0.8005260790821256,0.8111801023691819,0.6553924783681738,1.8823529411764706,0.47058823529411764,0.9660010325548918,0.14207213100737054,0.8619909752102876,192,constrained
249,local,0.24078342803195812,0.06146114804654929,0.0036210135881640485,314.4162995230139,333.47502784093285,6.889779096905961,0.30046581533014727,0.9795567269969591,0.8621021205997963,0.48545520295958794,0.8007067186670092,0.8111423667483512,0.6559967648775791,1.8823529411764706,0.47058823529411764,0.9660782455807355,0.14166379091336473,0.8619909752102876,192,constrained
250,local,0.24078342803195812,0.06146114804654929,0.0036210135881640485,314.4162995230139,333.47740029028944,6.889779096905961,0.30046581533014727,0.9795567269969591,0.8620865250172097,0.48538972640887984,0.8008307886330288,0.811076315797846,0.655964964061085,1.8823529411764706,0.47058823529411764,0.9661469334175232,0.14134237306459704,0.8619909752102876,192,constrained
251,local,0.24078342803195812,0.06146114804654929,0.0036210135881640485,314.4162995230139,333.4760339562229,6.889779096905961,0.30046581533014727,0.9795567269969591,0.8618787310504978,0.48542274376189537,0.8008858566869131,0.8125891844010894,0.6529026082749629,1.8823529411764706,0.47058823529411764,0.966107430587734,0.1415221164811857,0.8618787310504978,192,constrained
252,local,0.24078342803195812,0.06146114804654929,0.0036210135881640485,314.4162995230139,333.4756496543787,6.889779096905961,0.30046581533014727,0.9795567269969591,0.8620531483438572,0.4854265331100979,0.8007277965439683,0.8112041759191968,0.6556422181403689,1.8823529411764706,0.47058823529411764,0.9660958735497599,0.14157529841477387,0.8618787310504978,192,constrained
253,local,0.24078342803195812,0.06146114804654929,0.0036210135881640485,314.4162995230139,333.4762714678246,6.889779096905961,0.30046581533014727,0.9795567269969591,0.8618770805151975,0.48541609352378723,0.8008942804258348,0.8125803516880561,0.6529068943795023,1.8823529411764706,0.47058823529411764,0.9661132573923702,0.1414898247927696,0.8618770805151975,192,constrained
254,local,0.24078342803195812,0.06146114804654929,0.0036210135881640485,314.4162995230139,333.4761598351923,6.889779096905961,0.30046581533014727,0.9795567269969591,0.8619976676717843,0.48541717549400165,0.8007373214932053,0.8111227112362982,0.655371919331169,1.8823529411764706,0.47058823529411764,0.9661112323421008,0.14150494732470964,0.8618770805151975,192,constrained
255,local,0.24078342803195812,0.06146114804654929,0.0036210135881640485,314.4162995230139,333.4764182580671,6.889779096905961,0.30046581533014727,0.9795567269969591,0.8620145395532659,0.48541195316458785,0.8007519034977536,0.8111284633040117,0.6554754688000207,1.8823529411764706,0.47058823529411764,0.9661181863303504,0.14147008765585656,0.8618770805151975,192,constrained
256,local,0.24078342803195812,0.06146114804654929,0.0036210135881640485,314.4162995230139,333.47632753670797,6.889779096905961,0.30046581533014727,0.9795567269969591,0.862025978000347,0.4854095627871872,0.8007701111534471,0.8111969930117842,0.6554591320209878,1.8823529411764706,0.47058823529411764,0.9661149290087183,0.14148226601972083,0.8618770805151975,192,constrained
257,local,0.24078342803195812,0.06146114804654929,0.0036210135881640485,314.4162995230139,333.47622882795326,6.889779096905961,0.30046581533014727,0.9795567269969591,0.8619806992337709,0.48542185334180615,0.8009175534887184,0.8125669769378008,0.653570611968972,1.8823529411764706,0.47058823529411764,0.9661127069139397,0.1414955896014131,0.8618770805151975,192,constrained
258,local,0.24078342803195812,0.06146114804654929,0.0036210135881640485,314.4162995230139,333.4762714678246,6.873166804027863,0.30046581533014727,0.9795567269969591,0.8619676616837195,0.48563900894233236,0.8002804180370803,0.811263896650399,0.6553855897770746,1.8823529411764706,0.47058823529411764,0.965872247992665,0.14161952436400713,0.8618770805151975,192,constrained
259,local,0.24078342803195812,0.06146114804654929,0.0036210135881640485,314.4162995230139,333.4762714678246,7.024036195972137,0.30046581533014727,0.9795567269969591,0.8680349010473091,0.48365009305294915,0.805477920978257,0.8080269097434688,0.6627016555308607,1.8823529411764706,0.47058823529411764,0.9680627457883595,0.23570222909236238,0.8618770805151975,192,constrained
260,local,0.24078342803195812,0.06146114804654929,0.0036210135881640485,314.4162995230139,333.4762714678246,6.779924391944273,0.30046581533014727,0.9795567269969591,0.8643497059939703,0.48707398865220003,0.7980500822930084,0.8095329436722173,0.6582044457430271,1.8823529411764706,0.47058823529411764,0.9645294844548057,0.19052088928038557,0.8618770805151975,192,constrained
261,local,0.24078342803195812,0.06146114804654929,0.0036210135881640485,314.4162995230139,333.4762714678246,6.873961096811342,0.30046581533014727,0.9795567269969591,0.8619689851571947,0.485624844164215,0.8002940825322447,0.811273320035294,0.6554033435876981,1.8823529411764706,0.47058823529411764,0.9658844774739279,0.1415542338975041,0.8618770805151975,192,constrained
262,local,0.24078342803195812,0.06146114804654929,0.0036210135881640485,314.4162995230139,333.4762714678246,6.87068505881885,0.30046581533014727,0.9795567269969591,0.8619703236691337,0.4856683800744322,0.8002014373218427,0.8112567023248852,0.655407937678833,1.8823529411764706,0.47058823529411764,0.9658362303399585,0.141861759328814,0.8618770805151975,192,constrained
263,local,0.24078342803195812,0.06146114804654929,0.0036210135881640485,314.4162995230139,333.4762714678246,6.872218861709437,0.30046581533014727,0.9795567269969591,0.8620921276118982,0.48584475560045776,0.8007165176173283,0.8112212769845237,0.6553746018344092,1.8823529411764706,0.47058823529411764,0.9658693168629265,0.14170521192944915,0.8618770805151975,192,constrained
264,local,0.24078342803195812,0.06146114804654929,0.0036210135881640485,314.4162995230139,333.4762714678246,6.87256743391767,0.30046581533014727,0.9795567269969591,0.8619564972160563,0.48564743718487347,0.8002628724974213,0.8112402576971498,0.65533213029154,1.8823529411764706,0.47058823529411764,0.9658635267140283,0.1416727207942003,0.8618770805151975,192,constrained
265,local,0.24078342803195812,0.06146114804654929,0.0036210135881640485,314.4162995230139,333.4762714678246,6.8727963729279224,0.30046581533014727,0.9795567269969591,0.8620033642945675,0.4856364505254338,0.8002884817861844,0.8113449975417157,0.6555261315291547,1.8823529411764706,0.47058823529411764,0.9658668725918784,0.14165200272274117,0.8618770805151975,192,constrained
266,local,0.24078342803195812,0.06146114804654929,0.0036210135881640485,314.4162995230139,333.4762714678246,6.8724342911816585,0.30046581533014727,0.9795567269969591,0.8619650190714657,0.48565463209332216,0.8004393252819002,0.8127204320629002,0.6536603952547527,1.8823529411764706,0.47058823529411764,0.9658617794498137,0.14168499640800483,0.8618770805151975,192,constrained
267,local,0.24078342803195812,0.06146114804654929,0.0036210135881640485,314.4162995230139,333.4762714678246,6.872654880838236,0.30046581533014727,0.9795567269969591,0.8620894663890998,0.48584003501878237,0.8007355712621783,0.811218524260802,0.655351638582501,1.8823529411764706,0.47058823529411764,0.9658763710059523,0.14166474900464476,0.8618770805151975,192,constrained
268,local,0.24078342803195812,0.06146114804654929,0.0036210135881640485,314.4162995230139,333.4762714678246,6.872516577917868,0.30046581533014727,0.9795567269969591,0.8619775198983235,0.4856477067511245,0.8002618095145598,0.8112565031123478,0.6554558208953353,1.8823529411764706,0.47058823529411764,0.9658626767825876,0.14167738998044868,0.8618770805151975,192,constrained
269,local,0.24078342803195812,0.06146114804654929,0.0036210135881640485,314.4162995230139,333.4762714678246,6.872600835669115,0.30046581533014727,0.9795567269969591,0.8619917909538047,0.4858259285253996,0.8005798212508637,0.8087979745295097,0.657346174586277,1.8823529411764706,0.47058823529411764,0.9658754111543635,0.14166966735167053,0.8618770805151975,192,constrained
270,local,0.24078342803195812,0.06146114804654929,0.0036210135881640485,314.4162995230139,333.4762714678246,6.87256743391767,0.29592406261600535,0.9795567269969591,0.860923598468299,0.48402663536285845,0.7935977339279723,0.8085387502360918,0.6590713472372807,1.8823529411764706,0.47058823529411764,0.9643674494685262,0.15254145619636653,0.860923598468299,192,constrained
271,local,0.24078342803195812,0.06146114804654929,0.0036210135881640485,314.4162995230139,333.4762714678246,6.87256743391767,0.3051989373839946,0.9795567269969591,0.866455553366142,0.48708474684020664,0.8082243610526096,0.8116199352430614,0.6574750187562044,1.8823529411764706,0.47058823529411764,0.9673534005537763,0.18500107908235344,0.860923598468299,192,constrained
272,local,0.24078342803195812,0.06146114804654929,0.0036210135881640485,314.4162995230139,333.4762714678246,6.87256743391767,0.2901918747679892,0.9795567269969591,0.8662523374395185,0.48294421958139216,0.7925125267939781,0.8157499041765744,0.6619054543425499,1.8823529411764706,0.47058823529411764,0.962437789763321,0.23958060385054722,0.860923598468299,192,constrained
273,local,0.24078342803195812,0.06146114804654929,0.0036210135881640485,314.4162995230139,333.4762714678246,6.87256743391767,0.2976288242786099,0.9795567269969591,0.8620820619311723,0.48476455960182235,0.796950795632429,0.8079864965413943,0.6650679103206387,1.8823529411764706,0.47058823529411764,0.9649408443546382,0.1424404586280565,0.860923598468299,192,constrained
274,local,0.24078342803195812,0.06146114804654929,0.0036210135881640485,314.4162995230139,333.4762714678246,6.87256743391767,0.2952061400718093,0.9795567269969591,0.8600158138659372,0.48380520981929725,0.792233058233462,0.8073046536916932,0.6543082100714406,1.8823529411764706,0.47058823529411764,0.9641285984935632,0.1589607212070942,0.8600158138659372,192,constrained
275,local,0.24078342803195812,0.06146114804654929,0.0036210135881640485,314.4162995230139,333.4762714678246,6.87256743391767,0.2932908611543593,0.9795567269969591,0.8623752108222771,0.4834686105237189,0.7916108592682046,0.8085722890945989,0.6624577447672804,1.8823529411764706,0.47058823529411764,0.9634958561588649,0.18236508541569857,0.8600158138659372,192,constrained
276,local,0.24078342803195812,0.06146114804654929,0.0036210135881640485,314.4162995230139,333.4762714678246,6.87256743391767,0.2944745686232795,0.9795567269969591,0.8607247238194464,0.4836410363719436,0.7921246332710906,0.8086727669923599,0.6554904783751628,1.8823529411764706,0.47058823529411764,0.9638845161034761,0.16682225149309984,0.8600158138659372,192,constrained
277,local,0.24078342803195812,0.06146114804654929,0.0036210135881640485,314.4162995230139,333.4762714678246,6.87256743391767,0.2951547944461171,0.9795567269969591,0.8600364477538155,0.4837985669886036,0.792189253454668,0.8073225866577641,0.6543313377818195,1.8823529411764706,0.47058823529411764,0.964111604274274,0.15946900159255173,0.8600158138659372,192,constrained
278,local,0.24078342803195812,0.06146114804654929,0.0036210135881640485,314.4162995230139,333.4762714678246,6.87256743391767,0.29542145471717884,0.9795567269969591,0.8599849902812239,0.4838613401641743,0.7924732868021139,0.8072753592155645,0.6543993818991463,1.8823529411764706,0.47058823529411764,0.9642010172466013,0.1569007630509452,0.8599849902812239,192,constrained
279,local,0.24078342803195812,0.06146114804654929,0.0036210135881640485,314.4162995230139,333.4762714678246,6.87256743391767,0.2956134338515164,0.9795567269969591,0.8608683718751656,0.48392736478931253,0.7932465146738419,0.8084288528970172,0.6585746663009059,1.8823529411764706,0.47058823529411764,0.9642646574619543,0.15516141047732523,0.8599849902812239,192,constrained
280,local,0.24078342803195812,0.06146114804654929,0.0036210135881640485,314.4162995230139,333.4762714678246,6.87256743391767,0.29538757598534315,0.9795567269969591,0.8599950367074196,0.4838599680856196,0.792449466778731,0.8073228836530606,0.654350786505069,1.8823529411764706,0.47058823529411764,0.9641894553447078,0.157217234754246,0.8599849902812239,192,constrained
281,local,0.24078342803195812,0.06146114804654929,0.0036210135881640485,314.4162995230139,333.4762714678246,6.87256743391767,0.295494784221365,0.9795567269969591,0.859986303689423,0.4838917415756685,0.7925812015503707,0.8072954953947179,0.6544207251541574,1.8823529411764706,0.47058823529411764,0.9642247883095426,0.15622555721048564,0.8599849902812239,192,constrained
282,local,0.24078342803195812,0.06146114804654929,0.0036210135881640485,314.4162995230139,333.4762714678246,6.87256743391767,0.2954547881253321,0.9795567269969591,0.8609862660093565,0.4838980763678866,0.7930575884293957,0.8085703877456424,0.659050820388579,1.8823529411764706,0.47058823529411764,0.9642115677494241,0.15659217472826534,0.8599849902812239,192,constrained
283,local,0.24078342803195812,0.06146114804654929,0.0036210135881640485,314.4162995230139,333.4762714678246,6.87256743391767,0.29542145471717884,0.8875388202501892,0.8606799715605797,0.4846878791835419,0.7951839535049529,0.8080352168784194,0.6524644316651289,1.8823529411764706,0.47058823529411764,0.9642101418649647,0.16016771884435915,0.8599849902812239,192,constrained
284,local,0.24078342803195812,0.06146114804654929,0.0036210135881640485,314.4162995230139,333.4762714678246,6.87256743391767,0.29542145471717884,1.3124611797498105,0.8529112765005735,0.46452398340736734,0.7438462491320149,0.807735407997064,0.6645056525460314,1.8823529411764706,0.47058823529411764,0.9641901384956472,0.25559598561136,0.8529112765005735,192,constrained
285,local,0.24078342803195812,0.06146114804654929,0.0036210135881640485,314.4162995230139,333.4762714678246,6.87256743391767,0.29542145471717884,1.5750776405003784,1.4662473561637814,0.6280391385841866,0.9567292072337272,4.326474811437032,0.6661559553199932,1.8823529411764706,0.47058823529411764,0.9641105198397616,0.4556356257754879,0.8529112765005735,192,constrained
286,local,0.24078342803195812,0.06146114804654929,0.0036210135881640485,314.4162995230139,333.4762714678246,6.87256743391767,0.29542145471717884,1.1026701929455904,0.860130752275269,0.4819336896729758,0.7883274858596102,0.8065485696263945,0.6587598536749865,1.8823529411764706,0.47058823529411764,0.9641881218958362,0.1732216574574102,0.8529112765005735,192,constrained
287,local,0.24078342803195812,0.06146114804654929,0.0036210135881640485,314.4162995230139,333.4762714678246,6.87256743391767,0.29542145471717884,1.4127717417513246,1.094935562234843,0.45874555432145714,0.6868864418817641,2.2039922396636213,0.6696605600902787,2.1176470588235294,0.5294117647058824,0.9641753537454107,0.3192848009945094,0.8529112765005735,192,constrained
288,local,0.24078342803195812,0.06146114804654929,0.0036210135881640485,314.4162995230139,333.4762714678246,6.87256743391767,0.29542145471717884,1.2323281533239792,0.854653074172141,0.47303798009901615,0.7660914900849127,0.7985967934515893,0.6574356690002348,1.8823529411764706,0.47058823529411764,0.964196226649904,0.21601469458408168,0.8529112765005735,192,constrained
289,local,0.24078342803195812,0.06146114804654929,0.0036210135881640485,314.4162995230139,333.4762714678246,6.87256743391767,0.29542145471717884,1.3835576260899467,1.019757363731377,0.45969557963514507,0.6993354501098643,1.6903247959594532,0.6710114157961238,2.1176470588235294,0.5294117647058824,0.9641362047636051,0.2991136097348133,0.8529112765005735,192,constrained
290,local,0.24078342803195812,0.06146114804654929,0.0036210135881640485,314.4162995230139,333.4762714678246,6.87256743391767,0.29542145471717884,1.2818530872765366,0.853094743210338,0.46756713096446645,0.752006757657943,0.8110022538167829,0.65296882419863,1.8823529411764706,0.47058823529411764,0.964157772356752,0.23929300919648422,0.8529112765005735,192,constrained
291,local,0.24078342803195812,0.06146114804654929,0.0036210135881640485,314.4162995230139,333.4762714678246,6.87256743391767,0.29542145471717884,1.3065857421923681,0.8505344006591721,0.4658227936212441,0.7480679830046619,0.8040052481557202,0.6461100728804563,1.8823529411764706,0.47058823529411764,0.9641906617358516,0.252352987717788,0.8505344006591721,192,constrained
292,local,0.24078342803195812,0.06146114804654929,0.0036210135881640485,314.4162995230139,333.4762714678246,6.87256743391767,0.29542145471717884,1.2973376878048999,0.854842138849872,0.4656675023086865,0.7461285395404991,0.8277768422713017,0.6555144575176064,1.8823529411764706,0.47058823529411764,0.964191703057297,0.24735771305903095,0.8505344006591721,192,constrained
1,global,0.39000000000000057,0.047873236,0.0036751265000000005,314.4,333.49356636598696,6.882302959338694,0.29915632429021044,0.956269682,0.8668128482604724,0.4725760824189461,0.8256142206380326,0.8521103535743549,0.722202853335447,1.8823529411764706,0.47058823529411764,0.8323208381344805,0.0,0.8668128482604724,288,relaxed
2,global,18.9590188438974,0.008450179045424625,0.006819110460341871,312.08782291669047,332.699614773506,8.21071341322262,0.08062543175317083,0.7975726078861208,8.984026216840657,2.2360365073158586,2.709192460139267,48.30273537833766,0.6087176038280213,3.6388006381225515,0.4117647058823529,1.425318194363248,0.0,0.8668128482604724,288,relaxed
3,global,12.753337979486654,0.07402440803630352,0.007716803190661219,318.48838385089687,336.34804456699845,7.679018363383076,0.20957156885506406,1.6066769241269023,12.26650825007847,2.7311812301172282,2.9163949971718144,68.24363232212143,0.6712999084346455,4.3567158904704515,0.5882352941176471,1.7484451410983453,0.0,0.8668128482604724,288,relaxed
4,global,16.409185597071023,0.18017286976436767,0.005411310698990033,313.689578321292,341.0069043486337,18.785699326159353,0.4688595029812506,2.476513324295776,18.892987045855435,3.3819654314752747,6.463443544321775,109.1318809769601,0.6844420950750214,1.8823529411764706,0.47058823529411764,2.4409005036974674,0.0,0.8668128482604724,288,relaxed
5,global,9.492973906769445,0.19883252767976817,0.0043381029077977536,319.0356618970375,333.1452576372939,10.027528732753586,0.538397363972229,1.70768192441155,8.022493346103026,1.9827697520660683,2.250394107485607,44.31398575145182,0.6135191554592869,1.8823529411764706,0.47058823529411764,2.146461469002878,0.0,0.8668128482604724,288,relaxed
6,global,14.241786982965355,0.04588967548745275,0.010230001589863551,319.8403869194373,338.4156674473661,15.451140952652011,0.770024291856335,0.18686970348286502,16.273920379531603,2.69697720878135,15.425565448669314,78.42567798462456,0.5510108249659128,4.322245102384141,0.5882352941176471,1.9149646366703086,0.0,0.8668128482604724,288,relaxed
7,global,6.805908660687761,0.015487837800257642,0.012716606514832094,314.5448773325468,331.8923058797409,6.700445339771205,0.4182736390735064,2.4477003704719635,18.52723198209603,3.2111045626214496,13.922608436212602,97.05599311355645,0.46099921592497756,2.1947010797980266,0.47058823529411764,1.9335309481578344,0.0,0.8668128482604724,288,relaxed
8,global,13.54293203864682,0.12416543522929205,0.011579802333557116,314.0616474936246,329.8593810781397,12.868925897335794,0.3504946366542367,2.5513113402774654,20.933077866546945,3.4388491225912414,11.767055910735827,115.74165044530245,0.6070181789520838,1.8823529411764706,0.47058823529411764,2.2036960307493656,0.0,0.8668128482604724,288,relaxed
9,global,18.58195513331372,0.051229778900187456,0.004036697534020329,315.1911210846478,341.7687106379447,19.928029991541063,0.14773676090819055,0.3577292956873517,5.9633587470610845,1.3443609076978134,1.3505387007263374,30.7986766753036,0.5774803456393081,3.864513306357192,0.5294117647058824,1.7067419962130141,0.0,0.8668128482604724,288,relaxed
10,global,10.117355487633015,0.11453880932739885,0.017599900237671436,310.9849822081273,339.2118300166361,3.455077391609807,0.9034422063039851,2.0083325868763224,32.91984825280005,3.6791486743072794,59.3204207320705,131.20872823438376,0.5603265488608001,2.3529411764705883,0.5882352941176471,2.8562289631091993,0.0,0.8668128482604724,288,relaxed
11,global,17.025615528518074,0.03719011849069573,0.018245508277708516,315.6417112674152,334.23904430670933,11.98003510039074,0.862772928984743,0.9229880175353561,25.257593142761237,3.3354864876117225,40.094170114580365,105.86431443372722,0.5839475757649791,2.823529411764706,0.7058823529411765,2.206097476803347,0.0,0.8668128482604724,288,relaxed
12,global,1.538687294438681,0.07851196332861629,0.003391839598117866,311.77154345137336,334.1188804649789,16.131011115352898,0.2761233354447872,2.9638919575364056,14.474866427957917,2.344580580089135,1.7176626829891715,87.79303941842757,0.48720170598613466,1.8823529411764706,0.47058823529411764,1.819396839486347,0.0,0.8668128482604724,288,relaxed
13,global,16.216897105026717,0.15432625404989408,0.012309733757436818,317.54205892475164,330.2622622126795,19.16437444693233,0.9776163339542774,0.21642983441607644,23.326750357996172,3.524156479692815,24.215526717923847,115.0096272232306,0.5817286921143137,1.8823529411764706,0.47058823529411764,2.213971329304383,0.0,0.8668128482604724,288,relaxed
14,global,3.8669426470833006,0.08744496439064342,0.009495389325350911,312.69061913061023,330.7605760783844,5.090497582565236,0.06380759855254503,0.5548799500108472,2.713415666523575,1.0185044701378478,9.675488827499159,0.6215369224744104,0.4493923145301716,1.8823529411764706,0.47058823529411764,1.6913171347920777,0.0,0.8668128482604724,288,relaxed
15,global,17.986392810063432,0.10285871854615987,0.019214865654974787,316.28878652094284,340.53832282562615,9.847034108223893,0.32142379242196284,0.8562799708472821,26.200945694264174,3.092862744811807,53.54381855265694,95.27364689252624,0.5784968791176669,2.1176470588235294,0.5294117647058824,2.503992674594447,0.0,0.8668128482604724,288,relaxed
16,global,11.448882126628089,0.1367417949008166,0.016548989626916498,316.8726444392581,328.04901420513124,3.3346788943736403,0.4428783545715627,2.362842088549495,24.346350129740564,4.084098176401033,12.133192302506306,136.7898912398834,0.638039128720303,2.2336646569985334,0.4117647058823529,2.249526190610586,0.0,0.8668128482604724,288,relaxed
17,global,2.8368358135542415,0.1006690701807844,0.015512390705168968,314.999741017984,328.45617498634886,2.415936356541865,0.5689194913620872,1.5103307555437626,27.679349828745824,3.996767818212472,11.021106462344099,162.50869319291613,0.45145355817137256,0.6837716529575558,0.11764705882352941,2.348450122907998,0.0,0.8668128482604724,288,relaxed
18,global,8.282474827700847,0.05761829970635964,0.0010690557951476849,318.09945393142,335.2560318280946,11.177672973650512,0.6405337160526694,1.4517676540168432,3.140897290852166,1.6802927078687648,8.990337212149454,3.396207957567052,0.6251616040481541,1.8823529411764706,0.47058823529411764,1.4830821580071873,0.0,0.8668128482604724,288,relaxed
19,global,4.661935587736895,0.09558231181012536,0.00852822511683988,310.16516194779337,336.2361927742529,7.001419952359079,0.31333730198850884,2.272487216537159,22.04333255359276,3.5371008548363383,12.318842997483394,122.08402347370236,0.6319326555117512,2.0984252156184047,0.23529411764705882,2.5291433927845968,0.0,0.8668128482604724,288,relaxed
20,global,2.3741347630069365,0.17001269035836236,0.014339130767215252,318.2566332681329,338.523566172803,17.320546080340943,0.3977510070998823,1.3614635378420477,12.481978620852063,1.7247576016120707,33.828071026513264,32.140342446313525,0.515502527543782,1.8823529411764706,0.47058823529411764,2.872487688850339,0.0,0.8668128482604724,288,relaxed
21,global,19.585148537097474,0.06547716219975694,0.01080549773091663,319.6646710150865,336.999723085257,18.151584377062008,0.7268813016065443,0.5286972236402676,16.97116850235738,2.863587087095489,16.66182367286888,82.86676068117784,0.5922956415059121,2.588235294117647,0.6470588235294118,1.885734509827118,0.0,0.8668128482604724,288,relaxed
22,global,1.0853107829421589,0.18198027032673864,0.013476502506319148,312.91173971377634,335.7131646561221,13.336137257290133,0.11234746273361307,1.0826133855193665,10.197598790590959,2.4326208258888564,45.24693498401641,0.6523266589603406,0.49802351900176717,1.8823529411764706,0.47058823529411764,3.194466744194112,0.0,0.8668128482604724,288,relaxed
23,global,11.898118949042523,0.19314716314994163,0.005111303655093277,315.49801854264865,334.59945932216755,3.986547295423776,0.9564341262598889,1.963255651825454,18.26492882101376,3.2368620924661204,1.4313707488186258,111.89468171532988,0.7002040445576228,1.8823529411764706,0.47058823529411764,2.2527524813561133,0.0,0.8668128482604724,288,relaxed
24,global,6.240721607962673,0.16482819305177765,0.002624581831269215,317.37254488928744,337.220429587267,5.579159098967514,0.1791004315127389,0.43848811406806876,1.83997254262938,1.0287796738400574,1.8755167290699577,4.929466609862901,0.5715892676035454,1.8823529411764706,0.47058823529411764,2.0908623144305545,0.0,0.8668128482604724,288,relaxed
25,global,0.4470811734835003,0.13971480155825572,0.0012216625600442663,310.80697544983514,341.45120074574874,9.1680671161883,0.5163252667856595,1.7865596457742574,1.4865568225637316,1.0788635791710715,2.8542667882567754,1.2053933173594988,0.5438071473229835,1.8823529411764706,0.47058823529411764,2.1627782933981474,0.0,0.8668128482604724,288,relaxed
26,global,10.837333825082798,0.025683868393088546,0.0017763903704679472,313.2217460751286,333.66042729077753,1.596853982873883,0.6735344572003524,2.177977666754259,9.345670644241958,2.594279189706331,2.24569796293099,51.91568259826075,0.5776331267248449,2.64654663861836,0.35294117647058826,1.4280348305368258,0.0,0.8668128482604724,288,relaxed
27,global,8.973644791703927,0.1459554551693555,0.008117548331918741,319.3015304895015,337.63794655376813,16.99292425009954,0.8212810566062885,0.7239193244798062,13.582329461514526,1.7704138361686277,7.242174114904695,74.73776164886849,0.6272071599997489,2.2222055901319275,0.29411764705882354,2.246478934879098,0.0,0.8668128482604724,288,relaxed
28,global,5.397042084401567,0.1606647269733694,0.006046804370159711,316.9575977617441,329.4828993634724,5.92650927217353,0.6061195683950389,1.1368137010224568,2.298894739491659,1.0229889458907877,1.1604268592435014,8.954347665219705,0.6026371840123556,1.8823529411764706,0.47058823529411764,1.985041727482195,0.0,0.8668128482604724,288,relaxed
29,global,3.2849939232606307,0.119448604343333,0.019766552545094955,311.4258879325764,331.2192069633141,14.111068550675984,0.23040368397689132,1.8740887100948693,33.874818721227214,3.743636380026665,54.38958811821161,143.01084166524268,0.5918198220592397,3.1213235294117645,0.7058823529411765,3.379756675567774,0.0,0.8668128482604724,288,relaxed
30,global,15.209745546632893,0.12956127357363986,0.014559554113655497,316.0393747013076,332.1984625505823,13.911784849773296,0.7547628846449359,1.2599994620770714,24.57688023416699,3.4659416923459165,22.913483103688485,125.12351952703226,0.5891000490120747,1.8823529411764706,0.47058823529411764,2.2938114769515874,0.0,0.8668128482604724,288,relaxed
31,global,7.378436601098052,0.07017776100688627,0.017288394755057803,312.2330828000324,340.1385928554605,11.06234478399882,0.8232334509526243,2.7835774990542923,30.29020848996156,3.323815014907691,52.79469644005801,121.79430990293646,0.5198147603105947,3.323937908496732,0.7058823529411765,3.0041715582546678,0.0,0.8668128482604724,288,relaxed
32,global,8.0262091443672,0.03486338154078161,0.016209643713807478,314.1266239663558,329.09361704078646,15.001303412963619,0.9401150391560169,2.641010388079552,21.87713133726353,3.0834873575416863,25.954078983752524,102.64598956828947,0.5655192609009534,2.761488479450995,0.5882352941176471,2.2968988659342857,0.0,0.8668128482604724,288,relaxed
33,global,19.19253317773944,0.12172475375891144,0.008811680938686221,311.9875930259631,338.62890497639063,6.882302959338694,0.8160387326073875,2.72506565810148,21.21367874216443,3.4614902028947303,15.436117355313169,112.65469369150838,0.6282702663027915,1.8823529411764706,0.47058823529411764,2.246017442905846,0.0,0.8668128482604724,288,relaxed
34,global,12.847012567476796,0.1331044508298497,0.014952151407858178,312.08782291669047,338.79673971401564,2.1406045075592406,0.561389101290718,0.7975726078861208,31.06251048352235,4.052924787556799,38.10215909259254,146.40710658161115,0.5876050158911359,2.588235294117647,0.6470588235294118,2.5869158279310165,0.0,0.8668128482604724,288,relaxed
35,global,16.60539919867384,0.010762619180060648,0.007602875602487074,318.48838385089687,336.9560116742794,9.533974114233473,0.20957156885506406,1.2916466107852114,10.145286581379162,2.3710489443284253,3.1564673627614988,55.19899009397172,0.6083360852150247,3.6913878180649893,0.4117647058823529,1.4759949957036433,0.0,0.8668128482604724,288,relaxed
36,global,10.728400031255486,0.195723802896061,0.005411310698990033,310.1041757404203,341.0069043486337,18.785699326159353,0.21910834917954064,1.248160889859404,11.431886772750982,1.8991311575735335,9.113072476838068,57.70012559075227,0.6903321241018687,1.8823529411764706,0.47058823529411764,2.8293124786931947,0.0,0.8668128482604724,288,relaxed
37,global,17.02845318541236,0.06188209042330533,0.0043381029077977536,315.321739050375,334.27458791111366,1.5060546084004276,0.7811179087305902,2.078367981717772,12.436520927494474,2.885047160156515,0.12221432366544217,74.05204733270477,0.6629973767779519,3.258885963796011,0.5882352941176471,1.6031100065301556,0.0,0.8668128482604724,288,relaxed
38,global,5.823130782722849,0.04588967548745275,0.0028016048524402834,314.1505303870062,338.4156674473661,19.84075346151279,0.5955114636051358,0.7007436353486507,2.003101899451968,0.9427304665384966,1.1072611739016045,8.289804915800447,0.36168208760649845,1.3344948254421802,0.17647058823529413,1.5511847642609862,0.0,0.8668128482604724,288,relaxed
39,global,12.824534381323879,0.16282227792662057,0.004610764376479919,317.46066809219354,331.8923058797409,6.700445339771205,0.23195835712661006,0.6089295189654796,4.329940237112332,1.2481703162929705,1.35260377391245,21.961752627141834,0.5856207602313023,1.8823529411764706,0.47058823529411764,1.9653529251879032,0.0,0.8668128482604724,288,relaxed
40,global,9.44768638882563,0.15849802985721378,0.012352495820060509,313.3930166517375,331.29676639951634,1.594855817512391,0.08636771518584135,1.2666824804952146,6.998478824494251,1.7287349459011836,16.460198690561842,18.550629687186216,0.6400038226721216,2.1176470588235294,0.5294117647058824,2.230176708575545,0.0,0.8668128482604724,288,relaxed
41,global,18.58195513331372,0.08004014879039714,0.004036697534020329,313.0104851218923,331.27198384195697,19.928029991541063,0.10784696672561689,0.6299895565428356,5.595126348942312,1.2492781469805312,1.3350364455732453,30.452113836957057,0.6036074978136534,1.8823529411764706,0.47058823529411764,1.8098693102013474,0.0,0.8668128482604724,288,relaxed
42,global,1.2373141029568728,0.05371011027146835,0.005292291108668362,315.0773450663294,330.12057892053735,7.170775250145538,0.9224357664675142,2.0083325868763224,15.305980681440891,2.7840746975280566,2.5196980203144856,91.39417839744114,0.5752483557693566,2.1176470588235294,0.5294117647058824,1.5844777919338262,0.0,0.8668128482604724,288,relaxed
43,global,17.025615528518074,0.09614467491884875,0.018245508277708516,317.49404376868375,332.03449189022956,9.198544726501517,0.24349823644057056,1.7774601160741796,21.30749328304027,3.282731860521871,21.65306528395172,103.92731158491951,0.614779857056319,3.0588235294117645,0.7647058823529411,2.0745204040424206,0.0,0.8668128482604724,288,relaxed
44,global,13.916697742166,0.1177843952214721,0.003391839598117866,311.77154345137336,334.1188804649789,8.50585380952491,0.564327913853223,0.7759957554917314,8.420784833685756,1.8808360498004437,1.1882649003525931,48.51970209601865,0.6433560887304526,1.8823529411764706,0.47058823529411764,2.061883024738022,0.0,0.8668128482604724,288,relaxed
45,global,17.815830969655757,0.054780322082329934,0.004450763296554182,311.18237879747863,331.0348772852269,4.560116290321624,0.6113319684591968,1.2006614241147098,12.675206109776404,2.9733024902486203,0.2463672940651037,75.47145408119692,0.6102138851326024,3.0588235294117645,0.7647058823529411,1.6745568063434522,0.0,0.8668128482604724,288,relaxed
46,global,3.8669426470833006,0.08744496439064342,0.013122611005235046,318.9017461629944,339.9202511226793,9.44309110680211,0.12582371238069068,0.5548799500108472,5.576916401336652,1.3771457693005187,23.418370405036256,0.7464261294335613,0.4642025085150794,1.8823529411764706,0.47058823529411764,2.1361421214223553,0.0,0.8668128482604724,288,relaxed
47,global,17.986392810063432,0.10285871854615987,0.002619657368946385,313.2528933029946,329.4793144198097,19.8830075623132,0.1679186068266466,1.0161406767836776,6.851395786022689,1.8222152109671852,3.9301723875838026,34.6137295958469,0.5771328449741839,1.8823529411764706,0.47058823529411764,1.8575427096689259,0.0,0.8668128482604724,288,relaxed
48,global,7.22438852620693,0.1367417949008166,0.019917967459844484,319.3779900655216,328.04901420513124,4.192814119839428,0.6454821122924425,2.362842088549495,29.940545639582385,4.668417623691056,16.927220572974846,166.68247812319512,0.5566979989787029,2.556357168063122,0.29411764705882354,2.453524840155604,0.0,0.8668128482604724,288,relaxed
49,global,17.17857200159037,0.07252361085165834,0.004082002923601734,312.80460906142144,328.45617498634886,2.415936356541865,0.5689194913620872,2.0571690456922687,14.857868686057033,3.4017284761699726,0.48205416472572366,90.46511619808159,0.6671671388689427,1.8823529411764706,0.47058823529411764,1.6371578525886306,0.0,0.8668128482604724,288,relaxed
50,global,13.854727890437243,0.09834530956413158,0.0010690557951476849,316.1582652251537,335.2560318280946,12.32276072618457,0.37680144544551614,0.42370563386126525,5.35271097882283,1.7177563852921651,7.894186551056815,19.501837943727768,0.5809423070090423,1.8823529411764706,0.47058823529411764,1.7698717847325927,0.0,0.8668128482604724,288,relaxed
51,global,16.62713731282785,0.05316670027193689,0.018302248604170037,312.10961699222975,336.2361927742529,7.001419952359079,0.2331276758592558,1.7024722375678876,28.507760938388564,3.6645214202392578,45.714385808731166,119.52860112609915,0.6086380132401975,2.823529411764706,0.7058823529411765,2.3455194926950926,0.0,0.8668128482604724,288,relaxed
52,global,2.3741347630069365,0.11654572507455963,0.018630111051541796,318.2566332681329,338.523566172803,11.539826962938205,0.5959437173112896,0.7644979223342563,18.45740963500244,2.1922169043802193,52.979757449157034,44.58279347492532,0.6181790277143719,2.823529411764706,0.7058823529411765,2.9750248368042027,0.0,0.8668128482604724,288,relaxed
53,global,2.002855755401633,0.14715748100005152,0.012343640846243311,317.5349650633382,336.999723085257,18.151584377062008,0.7268813016065443,1.285642088871106,18.685961734353132,2.2334108327171243,23.877459472795,85.28973085942759,0.5234026131327782,2.588235294117647,0.6470588235294118,2.777529517921289,0.0,0.8668128482604724,288,relaxed
54,global,1.0853107829421589,0.05657375508080473,0.013980469414286939,310.1506207831682,340.1967760760607,10.427986828333584,0.7797897247441664,2.723989080930019,29.391781824932135,3.2785280766917526,55.23939119279074,113.1241401298711,0.6555999765673501,2.588235294117647,0.6470588235294118,3.365915571985611,0.0,0.8668128482604724,288,relaxed
55,global,10.475435244989939,0.11218925552894603,0.012500396583358084,315.49801854264865,334.59945932216755,1.5605084682617871,0.25398386864063954,1.963255651825454,21.229359768153515,3.5347491301456677,12.996151738029042,113.13189730919173,0.6224056297947511,4.636540840567015,0.5294117647058824,2.23223702229924,0.0,0.8668128482604724,288,relaxed
56,global,1.5082348587325196,0.16482819305177765,0.012010953469556804,317.37254488928744,337.220429587267,5.579159098967514,0.1791004315127389,1.0724819105094079,5.035765170582518,1.2705131051760867,20.765524794878836,0.6739531848301562,0.5278746555061805,1.8823529411764706,0.47058823529411764,2.3774329963040244,0.0,0.8668128482604724,288,relaxed
57,global,18.533988886287606,0.021307666240326595,0.0012216625600442663,313.5710204015432,335.8907372556814,9.1680671161883,0.8318461080964994,2.392976857468186,6.520073471491592,2.2284308574954794,4.110041270135376,29.39994240495871,0.6665006336480359,4.169752129501273,0.47058823529411764,1.397818944396146,0.0,0.8668128482604724,288,relaxed
58,global,10.837333825082798,0.025683868393088546,0.005330032174919901,317.1372951224377,335.88413328476423,2.1653790289884522,0.7439293351136271,2.177977666754259,10.722709268992245,2.619802536121668,0.7180237648700525,64.22365727654199,0.6177003914349053,1.6360161120981995,0.11764705882352941,1.4354647180057238,0.0,0.8668128482604724,288,relaxed
59,global,8.973644791703927,0.1459554551693555,0.009561318646312284,319.3015304895015,330.808886177959,4.938154085373863,0.8212810566062885,0.390041989514166,20.204256469613878,3.7262765812356564,12.196258418203467,108.97088572124986,0.6326988728790959,2.738584164142034,0.5882352941176471,2.1920125314727805,0.0,0.8668128482604724,288,relaxed
60,global,2.7672351879157127,0.08623424818667846,0.0012314220099806789,311.30821598986364,331.0236526733432,5.92650927217353,0.40901902631789777,1.9636965794595669,2.4584999224320647,1.3963808379795337,6.46857489236805,2.49727524364084,0.6150853631670851,1.8823529411764706,0.47058823529411764,1.7848584127095313,0.0,0.8668128482604724,288,relaxed
61,global,9.845072886184552,0.19448317060834514,0.0013785423878887194,310.966260569256,331.2192069633141,12.120088269481485,0.38138257173441675,2.0003385432455745,9.447796569527345,2.2094928588093694,5.852458134348244,48.62741879886213,0.5873713636394298,1.8823529411764706,0.47058823529411764,2.475521636294107,0.0,0.8668128482604724,288,relaxed
62,global,15.209745546632893,0.09901592038283402,0.006783784807339823,317.02384598764183,329.4784246501071,13.911784849773296,0.1146581686200589,0.138675036928102,3.7189575884067305,0.7675009554044463,1.7768964833480976,18.052983726610872,0.5649411423994612,1.8823529411764706,0.47058823529411764,1.7595521119757875,0.0,0.8668128482604724,288,relaxed
63,global,7.378436601098052,0.0692762953873792,0.002654484474532242,312.7198989206043,334.4295159239167,17.25237061623636,0.785270401665029,1.0598661772986366,2.1703733505103497,1.3165491214368816,2.3755433219575495,6.101364009025919,0.6538654628567562,1.8823529411764706,0.47058823529411764,1.7851735268636002,0.0,0.8668128482604724,288,relaxed
64,global,6.8614810272872395,0.04080144911467789,0.015929452553849425,310.4954108472884,332.45803063155034,3.542969561682928,0.15309009687817676,2.7376132444089825,26.683374447159924,3.782131407124416,31.575403475677817,126.01737266190324,0.6172191548223278,2.9246696583247114,0.5294117647058824,2.5007414574269613,0.0,0.8668128482604724,288,relaxed
65,global,15.385849493240034,0.1969665353696955,0.0036751265000000005,311.1804616914299,330.83634262944065,10.144298150096631,0.29915632429021044,0.956269682,9.276635235498851,2.117760267359668,2.199673750798203,52.4722955805704,0.6462407775281243,1.8823529411764706,0.47058823529411764,2.319124268932332,0.0,0.8668128482604724,288,relaxed
66,global,1.6932835370130146,0.1378139472562814,0.005534019387369384,312.08782291669047,332.699614773506,10.229436983731176,0.08062543175317083,2.1264374622698403,1.5916485363523825,0.6203335278636563,4.3383835261401025,0.6399084587466143,0.5054611947396995,1.8823529411764706,0.47058823529411764,1.9737582564560248,0.0,0.8668128482604724,288,relaxed
67,global,19.62792337722159,0.10796412093129294,0.002861154947268389,312.90033717647816,336.9560116742794,1.7910780793266916,0.4391543080548998,1.2916466107852114,8.367434182645148,2.335687759539701,1.2741504256164147,46.43288003451823,0.619028132816297,2.823529411764706,0.7058823529411765,1.8712534690984437,0.0,0.8668128482604724,288,relaxed
68,global,10.728400031255486,0.195723802896061,0.005411310698990033,317.8446646089304,341.0069043486337,10.42772312584182,0.10607430935538459,1.248160889859404,5.953229702501033,0.9722132309392982,2.6001504477555692,31.329858480267482,0.6221155106610915,1.8823529411764706,0.47058823529411764,2.330982068337816,0.0,0.8668128482604724,288,relaxed
69,global,5.990016299933281,0.011382808189531246,0.01377809376340883,319.0356618970375,333.1452576372939,18.876385296191245,0.3526405758773963,1.70768192441155,17.382655066948228,2.7395025993910855,18.580897010598093,83.54511257155134,0.4682630198711667,2.3857066833321463,0.5882352941176471,1.9977854865085656,0.0,0.8668128482604724,288,relaxed
70,global,1.7767959377458293,0.13284126005464916,0.004779309054596864,318.54212339313733,332.6512997528002,2.1439702054086123,0.13724736912867297,1.3811324848904494,0.74320040356922,0.4641117321582631,0.41450646571341115,0.6462500960494708,0.5203869755641426,1.8823529411764706,0.47058823529411764,1.261388770939216,0.0,0.74320040356922,288,relaxed
71,global,12.824534381323879,0.18950440691851053,0.008024582128835923,310.57501645205696,332.3082775381506,6.700445339771205,0.2894230570752705,0.6007668744754517,16.551946996397987,2.824987568656685,8.330353151698489,90.68836522150272,0.6517636375256063,2.823529411764706,0.7058823529411765,2.514837528277606,0.0,0.74320040356922,288,relaxed
72,global,17.618267160499393,0.14520167893844618,0.013037697342992411,319.1656433262387,333.3248213592711,5.339997301094364,0.12565261339607936,1.2666824804952146,11.843602455301701,2.4229739882999817,8.724524993967155,59.497901451387754,0.6655383839527323,2.823529411764706,0.7058823529411765,1.9093807297675331,0.0,0.74320040356922,288,relaxed
73,global,2.944946767795358,0.0882472692596856,0.01369215150316772,319.1151499987136,332.39834438663377,3.2700871292396094,0.643683870685771,2.4467853390385503,25.95631807708542,3.8899774236604308,22.433674566792078,134.3954116571118,0.51316544586631,1.9099352292698606,0.47058823529411764,2.435040112566272,0.0,0.74320040356922,288,relaxed
74,global,11.8778806630535,0.09328259600803583,0.004321988530037821,314.7792379871238,330.12057892053735,2.3223362018771443,0.42035476285769646,1.8245035967517025,12.942646063474184,2.839961682867017,0.2130246267997531,76.59601223527632,0.6196836901200905,4.007142678293924,0.6470588235294118,1.6783425726867829,0.0,0.74320040356922,288,relaxed
75,global,17.025615528518074,0.09614467491884875,0.018245508277708516,313.21726742855344,328.32074970116145,18.212599422142937,0.24349823644057056,1.6937985255192192,27.346308380152056,3.788019458663791,32.77351998638722,129.68410137030796,0.6180962950071422,2.1176470588235294,0.5294117647058824,2.3616521210094774,0.0,0.74320040356922,288,relaxed
76,global,13.916697742166,0.13470251633509503,0.002561453539342157,317.23820002071574,335.4196973388563,8.50585380952491,0.15639901276678253,0.7759957554917314,4.917473870756524,1.488345129060615,2.658014915543543,23.8492366930492,0.5768856968489321,1.8823529411764706,0.47058823529411764,1.8974347729018093,0.0,0.74320040356922,288,relaxed
77,global,17.815830969655757,0.11189741598025675,0.004450763296554182,315.3431325678286,331.6048401397845,7.241319588942058,0.158890540731019,1.2006614241147098,5.913425431546765,1.2744794322451827,0.49822848708885603,33.642312283768604,0.6202206615902197,1.8823529411764706,0.47058823529411764,1.8018428234050294,0.0,0.74320040356922,288,relaxed
78,global,13.411957585550876,0.174958046800348,0.012955644591320172,315.2251497226402,332.3842678513589,2.746517351719115,0.054584681636164256,1.5816047740176502,5.660913101419273,1.7232092230055485,15.980232232933547,10.62667543274979,0.6285720895131736,1.8823529411764706,0.47058823529411764,2.050518343722526,0.0,0.74320040356922,288,relaxed
79,global,8.73623346954851,0.08006046045957116,0.006542170980654507,318.7802850961073,329.4793144198097,19.8830075623132,0.07533633241784027,1.2530982262011627,0.8395835092071507,0.4825896182634775,0.8347650797509433,0.6131962737551584,0.5316527006542853,1.8823529411764706,0.47058823529411764,1.4994691747393527,0.0,0.74320040356922,288,relaxed
80,global,13.976845988005236,0.12713565098938415,0.006800139028747078,315.3918503960698,331.815816137468,13.30947417290331,0.4428783545715627,2.362842088549495,19.45853342985592,3.5405034771613906,4.526431073771392,115.46043040189986,0.6233286546504097,1.8823529411764706,0.47058823529411764,2.0634179296188346,0.0,0.74320040356922,288,relaxed
81,global,10.61069519804371,0.12955400814962983,0.004082002923601734,317.2861345862772,328.6956048588183,1.7096649221019966,0.1428953004944029,0.7183653187034943,1.2676352500992025,0.902478546332792,1.2120456083478732,2.3856164949351792,0.5323739796550095,1.8823529411764706,0.47058823529411764,1.5524016653731778,0.0,0.74320040356922,288,relaxed
82,global,9.530976906511583,0.05761829970635964,0.005643317395848112,318.09945393142,336.4696796833391,4.5597202563746695,0.38541860195881805,0.30626309129072316,8.67734363140395,2.4275845514465177,0.9527884006461382,48.25057147034909,0.6432933831205851,3.6046496691813887,0.47058823529411764,1.5886607811669573,0.0,0.74320040356922,288,relaxed
83,global,2.9276327810691694,0.09558231181012536,0.00852822511683988,317.5866539958381,334.8607935138352,16.007480559074423,0.7624533475637445,1.7249505255161754,23.989858737479345,3.456465114631681,6.539309105146627,142.8090995952849,0.585884413753156,2.1176470588235294,0.5294117647058824,2.2173611374772197,0.0,0.74320040356922,288,relaxed
84,global,3.668982912033629,0.1084053903579537,0.014339130767215252,318.2566332681329,335.00241224727824,5.329674973448421,0.25273400675525254,1.9657176410013244,17.483554024756398,2.838591935572659,16.312695876820516,86.7355459375706,0.5974938673827515,2.5298710691738986,0.5882352941176471,2.3007260349381897,0.0,0.74320040356922,288,relaxed
85,global,0.004593889146535801,0.027342729344758093,0.01080549773091663,316.1036875019062,329.933937386669,18.151584377062008,0.6842437701379395,2.294617444858895,37.96732583172555,2.8390011386106697,15.433181668069153,225.14720798357516,0.7229747698908892,1.8823529411764706,0.47058823529411764,2.0590018532760026,0.0,0.74320040356922,288,relaxed
86,global,1.0853107829421589,0.045736559135179725,0.002832340293632881,318.4297974770801,334.2014806426895,2.1452806800920463,0.11234746273361307,1.9787953679248562,1.029321606399041,0.7920031724507633,1.2435287649961988,1.0890991614549106,0.632599510844449,1.8823529411764706,0.47058823529411764,0.6909730671772429,0.0,0.74320040356922,288,relaxed
87,global,11.898118949042523,0.10497665742123255,0.009989518527314428,315.49801854264865,332.67996739891566,12.873827565839731,0.9564341262598889,0.8807605557878171,21.10519618093178,3.539592560328244,10.877610969383802,115.95829881830963,0.6371917157230803,3.704089969321062,0.7058823529411765,2.124603283843755,0.0,0.74320040356922,288,relaxed
88,global,9.738616456044813,0.13406194442938366,0.0033247530102021644,317.68695965062204,334.4669227338235,6.316341302828892,0.1791004315127389,0.43848811406806876,2.6121010221048295,1.0775982610225983,1.6762941576486776,10.321711254514346,0.5970866309989844,1.8823529411764706,0.47058823529411764,1.8818218167538507,0.0,0.74320040356922,288,relaxed
89,global,0.5474509157568246,0.10038146343762541,0.0012216625600442663,310.80697544983514,333.16528701263263,14.06275625903454,0.0929395660761611,1.7318311563718332,1.3291331308884362,1.0171479981070386,2.8685812002999076,0.48118903744525454,0.5168370638015792,1.8823529411764706,0.47058823529411764,1.4574322262827923,0.0,0.74320040356922,288,relaxed
90,global,2.5409870708359357,0.1990021168997262,0.012179428574067534,313.2217460751286,330.0546592498953,9.875286843096958,0.1283286948299388,1.2597464180244982,3.972636319228341,1.0158481646504807,15.887453079334197,0.3723607320529629,0.5162493859820417,1.8823529411764706,0.47058823529411764,2.585455760405454,0.0,0.74320040356922,288,relaxed
91,global,5.5224401924023505,0.11530517874344201,0.008117548331918741,315.6971839566221,333.6588745417392,14.882822427276771,0.3226893066295953,1.7193164031869896,14.325449050659154,2.6629835568946216,5.235715813905955,79.88925724214488,0.6350999060420395,3.330263816301568,0.5882352941176471,2.1738500482800247,0.0,0.74320040356922,288,relaxed
92,global,10.403632944713028,0.1606647269733694,0.006046804370159711,318.06137324762824,329.6138782788339,5.92650927217353,0.7735478876752049,0.678187376797072,6.9115392188792955,1.2544015136273625,0.5977725762009817,38.86638357128222,0.5741695659939713,3.0676941707528935,0.7058823529411765,1.885581388302927,0.0,0.74320040356922,288,relaxed
93,global,9.935681627754162,0.13997231349024344,0.01931721811183461,310.966260569256,336.0012356818945,2.7688791310355656,0.45860945217187193,0.9468260778094858,37.03278448431508,4.291072639702307,57.472821860252594,160.52266336503695,0.5790234401704341,2.1176470588235294,0.5294117647058824,2.883286564977491,0.0,0.74320040356922,288,relaxed
94,global,6.3600848982212055,0.09901592038283402,0.006783784807339823,317.44024765622834,333.26513193319767,8.945064545131729,0.45605991784859795,0.138675036928102,13.640304348893217,2.967060458447211,4.263671364007931,77.2381395149638,0.5619105985819812,2.563217659263187,0.4117647058823529,1.9698269578521541,0.0,0.74320040356922,288,relaxed
95,global,1.6735334936261221,0.0692762953873792,0.002654484474532242,318.758276598784,332.8665981409897,2.5658791604020372,0.27249235242564757,0.8724890576752817,1.397701351452625,1.0080285055990839,2.971711231655706,0.8477276222304783,0.5746165172570639,1.8823529411764706,0.47058823529411764,1.1798003674530653,0.0,0.74320040356922,288,relaxed
96,global,4.302359343635707,0.14390317947300968,0.0024794235283820973,314.1266239663558,328.8830847749338,15.001303412963619,0.27381123072257396,1.3057176909581107,2.260375036464661,1.2615556645413029,5.025623832084656,3.1672674692896567,0.6321736015702041,1.8823529411764706,0.47058823529411764,2.0722242360921532,0.0,0.74320040356922,288,relaxed
97,global,14.806917468677588,0.12154979033369133,0.004779309054596864,318.54212339313733,332.6512997528002,2.1439702054086123,0.13724736912867297,1.0130189896796096,2.8298454100498756,0.8575164877975192,0.42473493518776356,13.817301312617255,0.5884150964067139,1.8823529411764706,0.47058823529411764,1.6625179878668315,0.0,0.74320040356922,288,relaxed
98,global,6.7501741188072995,0.08639489404341363,0.0036431407711251997,316.25921387356766,334.4741980789197,4.527673453080817,0.10457311218821358,2.1264374622698403,0.9768562794216854,0.6536870697381751,0.42632111081070223,1.7595321664943901,0.618103309003848,1.8823529411764706,0.47058823529411764,1.4959511456258365,0.0,0.74320040356922,288,relaxed
99,global,1.529614766734234,0.13589460367935316,0.006856985156373738,310.2948161302501,336.9560116742794,17.837263927761235,0.4391543080548998,1.1756811488262133,4.132792660763574,1.1173856658738985,14.537631701323132,3.0440287572841793,0.5510091658929848,1.8823529411764706,0.47058823529411764,2.6624346828342187,0.0,0.74320040356922,288,relaxed
100,global,13.037905743941163,0.0493273611164742,0.005411310698990033,318.39381359145403,341.0069043486337,9.201215379589236,0.12286874881691484,0.9390294184964308,7.25920107529787,2.039024371181779,1.5044583984961626,38.237650626266614,0.6075433986434168,3.907754786162235,0.5882352941176471,1.5747734057935534,0.0,0.74320040356922,288,relaxed
101,global,4.028155232349433,0.12839734728408103,0.011608517066627598,319.0356618970375,328.49275886222796,10.027528732753586,0.0721469776113638,1.962543012290244,1.5400083210521802,0.806243302792016,3.874527606362046,0.8125382199569419,0.5311516139939411,1.8823529411764706,0.47058823529411764,1.4577779884570623,0.0,0.74320040356922,288,relaxed
102,global,5.748412390508525,0.15272179535848462,0.006525042068120459,317.22616497080975,330.8113214024226,1.025921947442157,0.29915632429021044,2.4515525870146186,2.3294473245343172,0.7833559422696068,0.8887181382412291,10.122667320244004,0.5894425165211684,1.8338322768684931,0.23529411764705882,1.7922355924478903,0.0,0.74320040356922,288,relaxed
103,global,3.723323168733721,0.13846345511496855,0.004610764376479919,312.19341555762793,328.0047707081533,6.700445339771205,0.6212313049174589,1.4724209765863208,5.422483187998306,1.8776310709745434,1.3354165176376251,27.38260557489896,0.6363707456464144,2.9854015825438123,0.23529411764705882,2.1137514609557826,0.0,0.74320040356922,288,relaxed
104,global,4.63516548341519,0.09087393554934223,0.0056097385097024855,310.02685797076396,331.29676639951634,2.4740001767641164,0.861508591840964,0.5216171165150048,16.5456097327003,3.6005170783566456,4.996008257450089,94.536285545138,0.6334460665325914,2.6844534765860137,0.4117647058823529,2.140008634244511,0.0,0.74320040356922,288,relaxed
105,global,1.5842986648581743,0.08004014879039714,0.011188132036152706,314.95269790518057,332.37728244000067,1.541717043819645,0.6098075891285064,1.8422382010917302,26.632654318461167,4.0583376900947785,10.210579026978406,154.45654790762765,0.681897188089504,2.4550691441851145,0.23529411764705882,2.3262885459296845,0.0,0.74320040356922,288,relaxed
106,global,1.8939299007685833,0.15319247041984863,0.0032631509617067622,314.7792379871238,330.12057892053735,2.3223362018771443,0.12496743284274042,1.309724845964048,0.84998745366877,0.66960345158194,0.8159160541028111,0.48509158779389283,0.5000816347175506,1.8823529411764706,0.47058823529411764,1.5139160889844179,0.0,0.74320040356922,288,relaxed
107,global,7.6473661908454424,0.09614467491884875,0.018245508277708516,317.49404376868375,330.612126934764,9.198544726501517,0.11900901912802464,0.8812136901819135,6.261592417510458,1.6232488290304383,22.30835134429273,6.466909101146616,0.46482775770902024,1.8823529411764706,0.47058823529411764,2.122001786231902,0.0,0.74320040356922,288,relaxed
108,global,5.254561137327995,0.11710063245600005,0.0026959597606683256,317.1594418223231,335.4481884237522,2.050832543394929,0.511205097434916,1.9580386513971886,6.283037245115301,1.556810049031904,2.2632938648417325,33.907389440449116,0.5009521392588719,1.6367627614321474,0.23529411764705882,1.7744279880969418,0.0,0.74320040356922,288,relaxed
109,global,2.40664436092814,0.1396858190985289,0.004450763296554182,319.4090009398486,331.6048401397845,5.423023819612313,0.14738169098306853,1.2006614241147098,0.8279297308107183,0.6087354223997977,0.6048791298872076,0.6374337163012457,0.6209946806227276,1.8823529411764706,0.47058823529411764,1.3406159221767768,0.0,0.74320040356922,288,relaxed
110,global,1.9692932106334826,0.14372669279386202,0.011125376780899381,315.09587158558617,332.92531706559976,5.090497582565236,0.2788200777971622,0.9200267686891687,3.6183024428540844,0.9632212560053887,14.100566262107307,0.6176697349893973,0.4830384664973008,1.8823529411764706,0.47058823529411764,2.220538886053163,0.0,0.74320040356922,288,relaxed
111,global,10.764852503315755,0.10429010320049488,0.006417141092591373,316.8676925410232,331.1585096525029,8.103265785754578,0.11427474196926085,0.6355948544797706,1.9307211321286009,0.4779509246651164,0.8341918670475378,7.787840850685213,0.5700936953646449,1.8823529411764706,0.47058823529411764,1.703812543454176,0.0,0.74320040356922,288,relaxed
112,global,0.2785231579181495,0.12713565098938415,0.005289245880658352,315.3918503960698,331.815816137468,13.30947417290331,0.4428783545715627,0.9228398789925212,1.262047325083844,0.32010127934659854,3.073088128248275,0.518661197009119,0.6053491097458309,1.8823529411764706,0.47058823529411764,1.7079226569148882,0.0,0.74320040356922,288,relaxed
113,global,1.8873299182710497,0.1697031821406933,0.003056923801676257,316.01974171154745,332.4208404793429,7.184805194368901,0.8111378248926082,1.9255935729207505,4.020093421818631,1.5717231546268502,2.501844557870755,17.673914446874186,0.6071472492908779,2.1162194147764453,0.4117647058823529,2.0922248417929574,0.0,0.74320040356922,288,relaxed
114,global,0.7210043117409661,0.05890485803159419,0.005068524877240298,318.2758900461817,335.0192105827566,5.345166428003867,0.6405337160526694,1.132999242715594,0.9373814333671376,0.42120654353383596,1.3087792972262344,0.7462071050460944,0.6337019177437199,1.8823529411764706,0.47058823529411764,1.0997229418153804,0.0,0.74320040356922,288,relaxed
115,global,1.471123910207977,0.09320636040096122,0.00970467022534734,310.16516194779337,336.2361927742529,17.073852806972873,0.23247904155921234,0.8540279975234488,7.127227713346518,1.4124064276518118,30.900186689018398,0.8212195055662482,0.5352193503269587,1.8823529411764706,0.47058823529411764,2.636629938452258,0.0,0.74320040356922,288,relaxed
116,global,12.811319651927121,0.11741938328830773,0.005699033759217724,316.3848385048422,337.03131717243065,17.320546080340943,0.6027395857211332,1.3614635378420477,16.714646202647806,3.1553074901659715,2.5619706694079882,100.22962631984328,0.6822886603172184,1.8823529411764706,0.47058823529411764,2.099831180061164,0.0,0.74320040356922,288,relaxed
117,global,7.571003015533866,0.17612006827451177,0.0042619326970242686,318.4956156921436,336.999723085257,16.0354976976286,0.7268813016065443,2.081847619687584,15.939374222549462,2.8033876892273417,2.1369292551122347,96.06091991173074,0.6549791439057434,1.8823529411764706,0.47058823529411764,2.2902842126038454,0.0,0.74320040356922,288,relaxed
118,global,5.3701079779990515,0.045736559135179725,0.002832340293632881,318.4297974770801,331.01354124231904,17.90353234324391,0.25184626531766174,1.5313467796976798,2.0144255727002824,1.2690547617136314,4.887522648340545,1.9728523816804535,0.5640940299833335,1.8823529411764706,0.47058823529411764,1.4631272846799304,0.0,0.74320040356922,288,relaxed
119,global,1.471123910207977,0.09320636040096122,0.005111303655093277,317.534016645803,333.96933963954433,9.132192316654773,0.90105589327266,0.8540279975234488,1.0292848833837214,0.5286967099747115,1.8893140158126138,0.4134194434465809,0.48617959534867194,1.8823529411764706,0.47058823529411764,1.6266223540217202,0.0,0.74320040356922,288,relaxed
120,global,3.0819903284763086,0.16043377587010804,0.002624581831269215,311.4016455044018,337.220429587267,16.63007563508276,0.1754669294614043,1.0082397356886974,1.3864472453990513,0.8893508349181128,1.992555511339088,1.7874651813784275,0.5701415259566545,1.8823529411764706,0.47058823529411764,2.5402641068293303,0.0,0.74320040356922,288,relaxed
121,global,1.26213610271291,0.08341223714125921,0.0035182821029474303,310.80697544983514,333.5370814179139,8.425172828197848,0.22507778503269832,1.1507483185833114,0.9470849227637076,0.5853250163617214,1.2357986746507843,0.5985667965208908,0.5497296500258896,1.8823529411764706,0.47058823529411764,1.6240790574661403,0.0,0.74320040356922,288,relaxed
122,global,2.543518462523842,0.11310057347184138,0.0033406481038269296,313.2217460751286,335.1276055714902,9.875286843096958,0.1283286948299388,1.4984166305294326,0.8273331794370878,0.5483271096025316,0.8342643882592784,0.2891138670046007,0.5780441338365879,1.8823529411764706,0.47058823529411764,1.8265883006533048,0.0,0.74320040356922,288,relaxed
123,global,8.973644791703927,0.1459554551693555,0.0038332550146564417,316.65970091506625,331.40750874489606,8.899268362397445,0.06213740432266601,1.8731061050773374,1.219321506799144,0.6440070988638422,0.3096163291798241,3.5232257091202697,0.5628740112109307,1.8823529411764706,0.47058823529411764,1.7254019686969693,0.0,0.74320040356922,288,relaxed
124,global,5.397042084401567,0.06248540693525823,0.0040766450672251025,319.7847698266175,334.61272902651547,8.214011397068628,0.17249592638150862,1.1368137010224568,0.8185963046066793,0.7101877212860521,0.9017561628116377,0.17525442071145161,0.48541915794446594,1.8823529411764706,0.47058823529411764,1.3538945256574264,0.0,0.74320040356922,288,relaxed
125,global,4.848871108643479,0.07413974139398151,0.01139021782601022,317.1398913680118,329.808554940061,1.4381902092816823,0.19509088668097646,2.0003385432455745,7.961772371928175,2.0312816773880065,4.65346672332551,40.93820223974999,0.5281827667287933,1.9031470614439256,0.4117647058823529,1.5643282201766038,0.0,0.74320040356922,288,relaxed
126,global,9.217263060296608,0.11800382449005384,0.00550367437767326,317.91436438954383,335.2819347389494,4.799824966209806,0.511205097434916,0.138675036928102,12.72218065311555,2.710278967342002,1.965643201990434,73.34934948592084,0.5583483739344207,3.6581752195176693,0.5294117647058824,1.9834816174507168,0.0,0.74320040356922,288,relaxed
127,global,1.6735334936261221,0.1805974530269897,0.005191259816789544,318.72297456283707,335.11269832049555,8.569712755602954,0.4375196418276334,2.1713127721625183,7.360131335867471,1.7890930330738197,1.7110649555158421,39.56170395056297,0.5746207402096424,3.3022955421165334,0.4117647058823529,2.062604652558616,0.0,0.74320040356922,288,relaxed
128,global,1.634699990928894,0.14964068816508172,0.0024794235283820973,314.1266239663558,335.01682875452565,15.001303412963619,0.10915715128014031,1.3681724175990708,0.776134261610965,0.5785190072235511,0.583878561392386,0.271543860301493,0.5110759823257309,1.8823529411764706,0.47058823529411764,1.937000135756232,0.0,0.74320040356922,288,relaxed
129,global,5.863468067256066,0.1842596228366886,0.005430301134250215,319.3504306482139,330.91426960710834,3.605754809774881,0.2229488599363494,0.36019247636302376,0.9720490874737336,0.7067257947709686,0.884998496866708,1.0607132744002072,0.5066827036235861,1.8823529411764706,0.47058823529411764,1.7836613547349387,0.0,0.74320040356922,288,relaxed
130,global,6.7501741188072995,0.08639489404341363,0.0035933012463589924,318.3818943728321,334.7853292629592,4.527673453080817,0.178899509815242,1.4672706153264665,1.1760513368759082,0.7744644163241013,0.7447925758524181,2.565641368004524,0.5425814085810682,1.8823529411764706,0.47058823529411764,1.5310951449376617,0.0,0.74320040356922,288,relaxed
131,global,3.8933017030583024,0.15204230381731584,0.007757588705352757,314.7844978984365,329.7862008474583,1.9726356075365015,0.9139484465449066,0.9921888103429258,8.068727063525198,2.125187086619321,2.5163286976006565,44.47666283811331,0.6204648028522849,1.6611496343077212,0.23529411764705882,2.063058072509979,0.0,0.74320040356922,288,relaxed
132,global,1.4145260242057258,0.10099670841764695,0.005411310698990033,319.7666398778104,331.24330200363454,3.3640028773942765,0.10607430935538459,1.710910793733394,0.7412198470228788,0.44282461193465716,0.40129191073255804,0.7962913829164917,0.5259673371324513,1.8823529411764706,0.47058823529411764,0.892919395524239,0.0,0.7412198470228788,288,relaxed
133,global,3.850133790310702,0.12839734728408103,0.004938576582226759,312.00844882532897,328.49275886222796,10.027528732753586,0.12978862498784766,1.962543012290244,1.6645016429950878,0.7458338637417077,0.7472872888738227,5.64897604472403,0.6137164521867393,1.8823529411764706,0.47058823529411764,1.9412354645896799,0.0,0.7412198470228788,288,relaxed
134,global,0.39000000000000057,0.08557161489340276,0.004739356237155908,317.26635729108983,330.0153040892305,2.38859987585772,0.3156580842848633,1.191446605972354,0.8596065421144532,0.588925954065961,0.7205445746964729,0.8397462822882125,0.653126870769371,1.8823529411764706,0.47058823529411764,0.8873939739489306,0.0,0.7412198470228788,288,relaxed
135,global,0.9382991482706586,0.10744115378774964,0.013292555567150139,317.46066809219354,331.8923058797409,3.8285334950955914,0.2556212749057471,1.9485506118138736,6.730995419633911,1.4133707010481842,14.023125937181133,20.489172843001604,0.6947462041751395,2.247905650149333,0.35294117647058826,1.8725653948415337,0.0,0.7412198470228788,288,relaxed
136,global,19.99441935081907,0.15849802985721378,0.005032053943211418,315.4076295588225,334.50052193539017,7.882022522145741,0.16136455467867,1.2666824804952146,7.2915430881932,1.6475858611664234,1.3056874197298622,41.102418121799815,0.7043583131973532,1.8823529411764706,0.47058823529411764,2.0092040411697014,0.0,0.7412198470228788,288,relaxed
137,global,12.031555645653258,0.14424874908273821,0.004036697534020329,313.0104851218923,335.6891967326647,8.363744237994876,0.1440577279671451,0.6299895565428356,7.398249431545412,1.202075301128825,1.3004522693216654,42.46088728333227,0.595851750975238,1.8823529411764706,0.47058823529411764,2.1964259520661007,0.0,0.7412198470228788,288,relaxed
138,global,3.4263880976624472,0.15319247041984863,0.005159613651915737,318.7444223138391,333.2669316783378,5.241706973574213,0.12297051593866748,1.6679557006507695,0.6937001546693187,0.3950493416611754,0.39322041945027153,0.26913350960928023,0.5764367393768935,1.8823529411764706,0.47058823529411764,1.595978007864417,0.0,0.6937001546693187,288,relaxed
139,global,1.9703354556130392,0.10624613826203387,0.004055368331162285,313.4043138124124,333.4486814205012,7.383460281098323,0.19166563983540214,0.8812136901819135,0.9013571954201564,0.5484633194853826,1.2114990224655013,0.39749384254035003,0.49663654630950615,1.8823529411764706,0.47058823529411764,1.716668079932374,0.0,0.6937001546693187,288,relaxed
140,global,4.4895968279024645,0.16710175383243453,0.004699444318595991,317.23820002071574,335.4196973388563,8.602119581112612,0.843180847222389,1.459239036537035,9.443921671704391,2.117628173833598,1.8457862639189657,54.13652043925666,0.5987616381822127,1.8823529411764706,0.47058823529411764,2.2306941566433003,0.0,0.6937001546693187,288,relaxed
141,global,9.109446733559865,0.1396858190985289,0.0031252195980237497,313.38018626211107,335.99689213220273,17.183182548171484,0.14738169098306853,1.2006614241147098,4.424062136329356,1.2933287824634503,2.0806271020889846,21.451876713247866,0.589572343360161,1.8823529411764706,0.47058823529411764,2.27283672443565,0.0,0.6937001546693187,288,relaxed
142,global,8.45695598312195,0.18834618864988076,0.009495389325350911,312.69061913061023,331.8191790325818,1.3472839384323105,0.05212880169000522,1.9272891109343342,3.522209962745213,1.2908024549690722,10.757880150998615,3.9196800153910885,0.576316648009424,1.8823529411764706,0.47058823529411764,2.1732435467143256,0.0,0.6937001546693187,288,relaxed
143,global,1.463247336804244,0.12527493234027828,0.00996538467703695,313.98586564048145,333.8162486426769,11.006034605672188,0.1741551872195159,1.7204537703951708,5.096418729769607,1.1553015247591303,15.389932955312634,8.340644179152788,0.6324028151244178,1.8823529411764706,0.47058823529411764,2.240060398155812,0.0,0.6937001546693187,288,relaxed
144,global,3.0407654282423096,0.1485809840863316,0.00564045889441351,318.8672491550967,332.1373950293927,13.30947417290331,0.16558197076451514,1.252717561066833,0.9855106638677299,0.6140116898082544,1.6405425816063937,0.20548406571470929,0.5606292387502431,1.8823529411764706,0.47058823529411764,1.8054209841835007,0.0,0.6937001546693187,288,relaxed
145,global,8.204115741336174,0.10638069682720355,0.007892924826245358,311.30315853563474,328.6956048588183,8.525990985302593,0.10021674568656952,1.5905367675470343,4.2863101988373336,1.2128235464108126,5.252591231577629,16.476605912851763,0.6176442140540239,1.8823529411764706,0.47058823529411764,1.9935591899578962,0.0,0.6937001546693187,288,relaxed
146,global,0.7210043117409661,0.14660323816679982,0.0009975720821800028,319.176217801394,331.4510395221776,16.518117633735976,0.11799114239757136,1.8675814412933398,1.9126362184467236,1.2971622629565953,5.270895323654096,0.7923894183888374,0.551449938280798,1.8823529411764706,0.47058823529411764,1.3607406583651556,0.0,0.6937001546693187,288,relaxed
147,global,1.471123910207977,0.06961492507662041,0.012355598467678417,318.815135457451,335.99124156715317,13.848420069734708,0.32021300409290504,1.1533010733886777,5.026805246015229,1.2504451243021506,20.634105606286614,0.867084222830736,0.6182492561144644,1.8823529411764706,0.47058823529411764,1.9536662669962706,0.0,0.6937001546693187,288,relaxed
148,global,2.3741347630069365,0.10338102990843256,0.005844873704313161,318.2566332681329,331.4193383053204,18.951261731926294,0.07527499333479237,2.4202501459933408,1.4122870608877753,0.5989944265286284,1.7490035374916573,3.0151638981362665,0.5982327029038186,1.8823529411764706,0.47058823529411764,1.4253242644364608,0.0,0.6937001546693187,288,relaxed
149,global,14.976189400765993,0.13909344032320106,0.004234809546238245,314.1990565221451,336.999723085257,16.0354976976286,0.12416311386783574,0.9407399111163695,7.045526422350665,1.3873369745662496,1.6797545025979104,39.32197147507594,0.6472942484552516,1.8823529411764706,0.47058823529411764,2.146130073645446,0.0,0.6937001546693187,288,relaxed
150,global,1.0853107829421589,0.16727149933250424,0.002832340293632881,312.7043949729402,332.54326384941896,5.383770910866231,0.15834622745081905,1.9787953679248562,0.8338806767400898,0.6450281186152755,0.7367251136873496,0.37077497312627417,0.5010016377900763,1.8823529411764706,0.47058823529411764,1.947035478724598,0.0,0.6937001546693187,288,relaxed
151,global,3.8916013856434075,0.13002869790911423,0.006469483766396269,310.5450522558325,333.33961543370526,3.0620530386796796,0.90105589327266,1.2658636051240628,17.870558005683133,3.3311167115499614,4.308862979820671,104.78974378842766,0.6333146874712238,2.432861738300892,0.4117647058823529,2.459951293816127,0.0,0.6937001546693187,288,relaxed
152,global,10.928492446840231,0.028326012093662645,0.006475748060693532,317.8714249462609,337.220429587267,8.02333592586217,0.1754669294614043,1.0082397356886974,10.751609387816128,2.5578274941773826,2.0328218634859945,60.92996125318687,0.6374847270783174,3.212793025203859,0.4117647058823529,1.505343897497205,0.0,0.6937001546693187,288,relaxed
153,global,1.26213610271291,0.1571757767346408,0.0018979734018744858,319.84803669301886,333.045427190644,8.425172828197848,0.44598054703166207,1.1652317847586544,1.9353503129157885,1.2559084180901787,5.0553673361158955,1.12598850210955,0.6039477813751707,1.8823529411764706,0.47058823529411764,1.683859096919664,0.0,0.6937001546693187,288,relaxed
154,global,2.100583177231451,0.13531217003402465,0.005888206843778348,313.2217460751286,332.3615141072556,3.242017603342121,0.1283286948299388,2.0252942701273997,1.1761268957931645,0.45920443046358556,2.5824206492094097,0.4272563427262733,0.5562080581159556,1.8823529411764706,0.47058823529411764,1.8174091005269748,0.0,0.6937001546693187,288,relaxed
155,global,8.973644791703927,0.13557542516028337,0.006832670013420002,315.4058794737208,331.40750874489606,13.65107838027992,0.06213740432266601,1.8731061050773374,2.352069307165644,0.8776218208843121,2.515409261558495,7.699775957639025,0.6186216256079371,1.8823529411764706,0.47058823529411764,1.9258337696831234,0.0,0.6937001546693187,288,relaxed
156,global,1.9117319223373066,0.06248540693525823,0.0005650995231420257,319.7847698266175,334.61272902651547,13.409406987744735,0.16676837186691817,1.2767977687133891,2.6598897963201646,1.5546574771500459,8.663368070613716,0.9561061870573906,0.5186109567458468,1.8823529411764706,0.47058823529411764,1.3133070098208883,0.0,0.6937001546693187,288,relaxed
157,global,4.922281531211528,0.19326327206020705,0.005287517586961594,319.01385961422807,329.808554940061,8.182802711285955,0.19509088668097646,1.4975209302012649,1.0852803124420907,0.801624645502679,1.3617085831018625,0.9501707699185448,0.5758678110711284,1.8823529411764706,0.47058823529411764,1.8859222973369811,0.0,0.6937001546693187,288,relaxed
158,global,11.837525157381732,0.09901592038283402,0.003242303626811444,317.0433535183491,336.0767022024187,13.911784849773296,0.15682767191380953,1.0389690971035992,3.4864256180649917,1.169297745338165,1.7090553048371564,15.998755222131752,0.5966061806070045,1.8823529411764706,0.47058823529411764,1.8407806582646318,0.0,0.6937001546693187,288,relaxed
159,global,1.6735334936261221,0.11522491754939561,0.0069302743795009725,318.758276598784,332.5622081540228,1.2931211627702126,0.6557394625329369,1.322052662098401,1.1757807375147005,0.5850670486375112,1.4581537135516014,2.3565665514794154,0.5405763170383696,1.5183381242103902,0.29411764705882354,1.508053429235385,0.0,0.6937001546693187,288,relaxed
160,global,1.634699990928894,0.16595887767120848,0.00462516602284174,314.1266239663558,335.01682875452565,1.1941331908862463,0.15592346474737306,1.943106534272405,0.8641613476141915,0.3015687824083763,1.2839665548111703,0.2708458810383883,0.5294910505215592,1.8823529411764706,0.47058823529411764,1.9518395146081549,0.0,0.6937001546693187,288,relaxed
161,global,6.9341074797961895,0.13890438307432662,0.005159613651915737,316.8194091981015,333.2669316783378,4.678147664338392,0.12297051593866748,1.7207861429969071,1.2290681039737381,0.46494037757649087,0.5529325561974328,3.4692615369571502,0.566818282624467,1.8823529411764706,0.47058823529411764,1.8133955915165665,0.0,0.6937001546693187,288,relaxed
162,global,7.76475520747576,0.1648954664911335,0.0036431407711251997,312.46775137842076,330.88038856667004,2.392866426761925,0.0984826887603163,1.5861887326344717,1.7184168355960663,0.7163612890161155,0.4515815002261442,6.474476523939229,0.5435353852245284,1.8823529411764706,0.47058823529411764,2.0542945333433673,0.0,0.6937001546693187,288,relaxed
163,global,2.79174280176707,0.14528947759406846,0.0047272260832205305,318.5811750701728,333.5249657667404,17.837263927761235,0.10874357314102662,1.1756811488262133,0.9074204878635487,0.39866862951676957,1.4150860019492688,0.2675130233962619,0.5778314010450984,1.8823529411764706,0.47058823529411764,1.769122663965092,0.0,0.6937001546693187,288,relaxed
164,global,4.611850785220904,0.10813569771043433,0.0039324978320928,315.2928303299524,334.37217456351163,2.1439702054086123,0.2510726914284628,1.6053133387518714,1.2379086729390179,0.7039273121108602,0.6348007791679823,3.1286986793449345,0.5945944916406267,1.9594094364570944,0.29411764705882354,1.7669179772193737,0.0,0.6937001546693187,288,relaxed
165,global,3.3576629382652072,0.16654105296401517,0.011608517066627598,312.2222898400007,331.4981338342564,3.0062038184833586,0.13253711898740628,1.5184513474996224,4.578038507067439,1.442583903439584,17.93097437485108,1.1069160266989522,0.5531243737257362,1.8823529411764706,0.47058823529411764,2.498180532794405,0.0,0.6937001546693187,288,relaxed
166,global,2.5623634005380147,0.1153451506763567,0.007612207855591104,317.26635729108983,332.6986845805591,2.38859987585772,0.1718836152872839,1.6408171463263634,1.1894910095721924,0.39875910679210014,2.7160304966451263,0.49495075409272216,0.5814480360393331,1.8823529411764706,0.47058823529411764,1.5132301131811305,0.0,0.6937001546693187,288,relaxed
167,global,4.629340465269585,0.1502996451552907,0.0073608846227351775,316.31252860732167,331.65579571734975,3.212352175281171,0.23195835712661006,1.5177519951360214,1.869531705044485,0.5107081297392261,2.3412111359048713,5.26116772739552,0.5667249229821166,1.8823529411764706,0.47058823529411764,1.9110437930627522,0.0,0.6937001546693187,288,relaxed
168,global,4.950973490888401,0.18714523445960635,0.0053706269661989115,319.4865660291489,334.8995898785132,6.674266075566657,0.8333635877498486,1.9072132600007459,12.879950713340126,2.439073062887808,1.6571360047740376,76.65922959952657,0.5631407029705248,2.1176470588235294,0.5294117647058824,2.1353023827815245,0.0,0.6937001546693187,288,relaxed
169,global,5.22221790252943,0.19510319204582888,0.005037406309814659,313.0104851218923,331.27198384195697,5.585777865154554,0.10784696672561689,2.037651736947802,1.6307304145729666,0.5595068766630656,1.071466820196015,5.124705008603434,0.6173796754443422,1.8823529411764706,0.47058823529411764,2.276224157762036,0.0,0.6937001546693187,288,relaxed
170,global,5.1592313079072305,0.10099670841764695,0.005248091533519927,319.4874587444146,331.17778122287604,4.765013784735753,0.10607430935538459,1.710910793733394,0.6872689363831033,0.4931294331254643,0.3057040059403957,0.3606390179318303,0.5497769706134522,1.8823529411764706,0.47058823529411764,1.230561711645131,0.0,0.6872689363831033,288,relaxed
171,global,1.9703354556130392,0.10624613826203387,0.004055368331162285,319.86358951908943,334.25064833318856,7.383460281098323,0.19166563983540214,1.2963080465791184,0.9686285222989476,0.7266240436731932,1.2312658548414697,0.6365423320603658,0.563361650983152,1.8823529411764706,0.47058823529411764,1.3530636086720995,0.0,0.6872689363831033,288,relaxed
172,global,4.952666655160631,0.08502340516733166,0.0035349134352926463,315.4950713423692,331.6672698819572,8.346051992998618,0.8604258285100287,1.6248980405809474,10.034104190665422,2.393624665577834,2.122449571942567,55.14047471295426,0.5753459832282701,4.349999772953898,0.35294117647058826,1.7144431028763858,0.0,0.6872689363831033,288,relaxed
173,global,5.956862644744465,0.10185965659072743,0.006111925750742883,318.20472099626227,330.93596784035964,5.423023819612313,0.13940221930888436,1.2006614241147098,0.720154186820225,0.3925576154219466,0.41757481991585305,0.5727022540611023,0.4707262349478321,1.8823529411764706,0.47058823529411764,1.4440332339088524,0.0,0.6872689363831033,288,relaxed
174,global,2.1359078302427745,0.09833276093763735,0.009495389325350911,317.4647582374324,332.1670108963307,6.596115681124209,0.06380759855254503,0.5548799500108472,2.3650508918374706,0.9970094960951781,7.738318150874377,0.8652984860305748,0.5665057879675918,1.8823529411764706,0.47058823529411764,1.4760591327590444,0.0,0.6872689363831033,288,relaxed
175,global,3.113695781567002,0.1342736067975616,0.006542170980654507,316.0816490736181,331.8633967635027,5.075694780086521,0.13232029644298854,1.8454169555765632,1.0472327355853797,0.3628108672516957,1.671100800434115,0.8965737125073728,0.6151135814908131,1.8823529411764706,0.47058823529411764,1.6857108648521446,0.0,0.6872689363831033,288,relaxed
176,global,1.0289085889561989,0.07453650922102317,0.004951011732403699,318.8672491550967,329.90970269962895,13.819413164121823,0.09623807319143157,2.3062553640351995,0.9290648788120897,0.429255197884815,0.7575485753254724,1.563416588944496,0.5596795709716017,1.8823529411764706,0.47058823529411764,0.8765587095347046,0.0,0.6872689363831033,288,relaxed
177,global,10.61069519804371,0.12955400814962983,0.004082002923601734,319.70471178141906,328.6956048588183,10.73520505370628,0.14942972003844412,1.872508130391768,2.2455140603420616,1.2784170716000258,2.91270475429002,6.014924011904448,0.6268279702360036,1.8823529411764706,0.47058823529411764,1.632302662742043,0.0,0.6872689363831033,288,relaxed
178,global,9.120002599266277,0.090293817836066,0.005750655736268622,319.07215098761895,330.60751300058575,5.345166428003867,0.6405337160526694,1.132999242715594,4.256545406841948,1.8345527749204544,0.9322015796770066,20.855647729215747,0.66807565797461,2.484200620990864,0.23529411764705882,1.5695304586113374,0.0,0.6872689363831033,288,relaxed
179,global,7.264712532021425,0.06961492507662041,0.005291470675625009,316.5467487266575,335.99124156715317,9.693194162395312,0.11190319187779979,1.5760435918957183,1.8305930160738981,0.5318924231085349,1.1360390491812122,6.708232118059305,0.556041887758413,1.8823529411764706,0.47058823529411764,1.5590771207481728,0.0,0.6872689363831033,288,relaxed
180,global,2.3741347630069365,0.10338102990843256,0.00526987241405855,318.0109137855415,333.5946433286809,7.23947738336029,0.10900101992948596,1.6431933085722348,0.7640525036948282,0.31199551541328696,0.6239851472438809,0.6476199155420704,0.5605140863847117,1.8823529411764706,0.47058823529411764,1.3244901233698991,0.0,0.6872689363831033,288,relaxed
181,global,7.236392713101344,0.11497113817257651,0.006355266022169044,319.64114811319524,330.53946528046777,4.866442469716812,0.12416311386783574,1.7404628660062962,0.8569218302597437,0.46963943828299,0.27367968611787374,1.49372319433306,0.5660085903786377,1.8823529411764706,0.47058823529411764,1.3977294593386782,0.0,0.6872689363831033,288,relaxed
182,global,4.6841986338218655,0.16727149933250424,0.008697957758858059,313.0501015502975,328.64043485138035,4.33678208688336,0.15834622745081905,1.9787953679248562,3.278708312082518,1.1078313644382276,4.8183601717238185,10.445602104832968,0.5994433507157831,1.8823529411764706,0.47058823529411764,2.146028436238273,0.0,0.6872689363831033,288,relaxed
183,global,1.3790315755713038,0.11650159162052043,0.005111303655093277,316.53282784340047,333.96933963954433,12.256625364775394,0.12242868440872345,1.856458163763515,1.1318333469343762,0.3693853661833239,2.246587787507659,0.8085843687125651,0.527102613190873,1.8823529411764706,0.47058823529411764,1.5774780840956317,0.0,0.6872689363831033,288,relaxed
184,global,2.801986028003226,0.09173416840933137,0.003945810305469277,315.7730143321315,332.48381313938694,6.272407562988574,0.14909243215709572,1.0082397356886974,0.8331768502800186,0.5858586031663557,0.7655519596837678,0.5722274502606763,0.5065598852547563,1.8823529411764706,0.47058823529411764,1.4332974535359335,0.0,0.6872689363831033,288,relaxed
185,global,1.26213610271291,0.10913532559178392,0.007099839781553024,310.80697544983514,329.4131364810234,8.425172828197848,0.35658037248733354,1.8530484435897019,9.642193017309115,2.063686467035672,5.2435841647760455,51.535258393089116,0.4639188478184475,1.62570421793368,0.29411764705882354,2.1518981482940727,0.0,0.6872689363831033,288,relaxed
186,global,4.471906488914428,0.11310057347184138,0.009029881497318279,319.1113279697397,328.1049141125635,5.675589755730982,0.05568860877965065,2.12551354088767,1.1141924645080028,0.7738586837018572,1.9474987616874533,0.6456429779098988,0.5631378822003659,1.8823529411764706,0.47058823529411764,1.1838416341543707,0.0,0.6872689363831033,288,relaxed
187,global,7.507092864820666,0.10279451962710989,0.004750063804011612,318.94223920659937,331.40750874489606,6.205474949312526,0.06213740432266601,1.8731061050773374,0.732831877062818,0.5249339064697732,0.3464475816269817,0.5233188383313945,0.5776740027900874,1.8823529411764706,0.47058823529411764,1.279897771387248,0.0,0.6872689363831033,288,relaxed
188,global,1.906503130895718,0.08680822245305198,0.005348988476391442,319.7847698266175,330.42572544309684,8.588009598795098,0.12319642286142118,1.1368137010224568,0.7691333824709984,0.3879572992037952,0.4728828596817408,0.8631617285800887,0.5977587534102302,1.8823529411764706,0.47058823529411764,0.9683102737892201,0.0,0.6872689363831033,288,relaxed
189,global,7.559211802328456,0.09102930109037909,0.005287517586961594,313.6236579549873,331.6926981793541,8.182802711285955,0.19509088668097646,2.3361437722464156,8.891844469263708,2.0063873336590996,0.8621138449955708,51.409343160682525,0.5908187705346556,2.4944278580202086,0.5294117647058824,1.8202917735315487,0.0,0.6872689363831033,288,relaxed
190,global,6.341498460183804,0.10761065015396752,0.007597060188827933,319.62673526652276,329.13449072469484,9.15060277118001,0.15022185287894363,2.032504147743839,2.38464135102894,0.9138580577181564,0.2328585445373917,10.861435043300542,0.6591910311196391,2.0859505636625784,0.4117647058823529,1.4627012855436214,0.0,0.6872689363831033,288,relaxed
191,global,1.6735334936261221,0.1554081318346711,0.00412529225916184,316.68998367407244,329.93459619426983,4.784397285392442,0.13760498969701107,1.322052662098401,0.7529489676025432,0.5403898529509257,0.48346687686845974,0.48003517447643124,0.5000343987202155,1.8823529411764706,0.47058823529411764,1.4351084190657342,0.0,0.6872689363831033,288,relaxed
192,global,1.634699990928894,0.14964068816508172,0.003318701914929439,316.7230934341979,332.1223840230823,7.382396665093381,0.10261954027646097,1.3681724175990708,0.7403442662408258,0.5715863906982147,0.5130173390685655,0.294499104261238,0.5039419748750408,1.8823529411764706,0.47058823529411764,1.484911874222913,0.0,0.6872689363831033,288,relaxed
193,global,5.1592313079072305,0.11362199851124516,0.005248091533519927,319.4874587444146,329.6275063857288,3.9534605720549534,0.11436709427851866,1.3883778514685783,0.7542352597068013,0.6339376049429992,0.5497422625250419,0.3270005297987659,0.52093262252438,1.8823529411764706,0.47058823529411764,1.2179509731767757,0.0,0.6872689363831033,288,relaxed
194,global,4.727290755758817,0.08639489404341363,0.004298657967375265,316.56078258428846,333.09336409118566,5.205142616941693,0.10457311218821358,2.193166581926742,0.8692297108652927,0.5541183356333018,0.37716727176456083,1.2649023817559473,0.6357158786919835,1.8823529411764706,0.47058823529411764,1.3693617122529624,0.0,0.6872689363831033,288,relaxed
195,global,9.392752633716315,0.11697890352386411,0.006161551319970169,318.5811750701728,328.6591742436647,1.6326111917264736,0.8526301775102401,2.3618329012645383,18.258893976473637,3.7119813473748255,0.9528817819533082,112.06431655600646,0.608673818885707,1.9770246048557927,0.4117647058823529,1.7448526611515955,0.0,0.6872689363831033,288,relaxed
196,global,14.622923650450353,0.14517748869251862,0.0034934039525157407,318.54212339313733,335.2238509913066,15.564270564680886,0.15025136846234932,1.3811324848904494,6.276122702330426,1.56781735355464,2.1006094152080825,33.49736103855237,0.6013455365165619,1.8823529411764706,0.47058823529411764,1.9643919522331856,0.0,0.6872689363831033,288,relaxed
197,global,6.748473247579749,0.152237355784615,0.006453345330496981,319.0356618970375,330.97940631222434,2.427348179487568,0.8209160589828981,2.090703749917777,18.595167611168936,3.455074680847945,0.6322157960810741,115.0286599099542,0.6064104852722816,2.061276213285908,0.29411764705882354,1.8769151960078647,0.0,0.6872689363831033,288,relaxed
198,global,1.5819794222059596,0.1490295826296534,0.004739356237155908,315.4484887822594,332.3580422243797,4.736189798906475,0.11998517200673786,1.191446605972354,0.7644192958201853,0.26405607120729,0.8176793224512237,0.4100521632660001,0.5067950907984029,1.8823529411764706,0.47058823529411764,1.6226672854587965,0.0,0.6872689363831033,288,relaxed
199,global,7.977769159963282,0.1502996451552907,0.005344916077338381,317.8736748400402,333.17828187717754,8.033806028383133,0.23195835712661006,1.6434183860386633,3.726132898143777,1.0503513315531625,0.8388968773509557,18.794008672247333,0.6613968251250792,1.8823529411764706,0.47058823529411764,2.0112133410241775,0.0,0.6872689363831033,288,relaxed
200,global,1.0535466460604148,0.16399591675247355,0.012352495820060509,313.3930166517375,334.2820741995693,1.160412338845278,0.12494751594805159,1.5244015337801753,5.732739119027566,1.6341310196156338,23.829189243572067,0.7109782711490499,0.5170376398028756,1.8823529411764706,0.47058823529411764,2.5292183008270857,0.0,0.6872689363831033,288,relaxed
201,global,11.97907378817751,0.08954350827396039,0.001723798991757038,313.0104851218923,333.94166931338424,5.585777865154554,0.050589976074871146,1.1662283224650831,1.7746549857179763,1.0729393951695263,2.156698991221709,4.236318693036413,0.5545464495430574,1.8823529411764706,0.47058823529411764,1.6137154469385258,0.0,0.6872689363831033,288,relaxed
202,global,5.334164833943868,0.15319247041984863,0.002145232574446687,319.8885087629269,332.22611262847124,5.237443706001241,0.1392605006201415,2.5100752334417855,1.665840494988919,1.132733783320176,3.8150018316017933,1.199948129170743,0.5883178330137669,1.8823529411764706,0.47058823529411764,1.5728342594193256,0.0,0.6872689363831033,288,relaxed
203,global,6.4431359554450065,0.10624613826203387,0.01568952194664579,313.4043138124124,329.8572917872692,8.518826753175954,0.12380427497807378,1.331885625177233,14.692175367415077,2.494812409896594,23.52942392846567,58.03614522420452,0.5373294890587367,3.3979779411764706,0.7058823529411765,2.420439325650942,0.0,0.6872689363831033,288,relaxed
204,global,13.916697742166,0.13470251633509503,0.003728490561467958,319.659450008663,334.3613626116262,9.523990980712664,0.15639901276678253,0.7759957554917314,3.4604440439856656,1.2625973051433668,1.8112037634048175,15.586741270772146,0.5839806342060193,1.8823529411764706,0.47058823529411764,1.8132755964684397,0.0,0.6872689363831033,288,relaxed
205,global,0.5801891367456431,0.10461069974128417,0.004998087544813195,316.2751820473836,337.48536879703346,7.794956834399131,0.09457118325712055,2.247115993421204,1.2412205991647265,0.44810100251014706,2.459238560335608,0.9198514927909732,0.5316922961981071,2.1176470588235294,0.5294117647058824,1.4286576590619167,0.0,0.6872689363831033,288,relaxed
206,global,3.6386577045915223,0.09833276093763735,0.005498712236969257,319.26328347979074,332.27502707746817,12.623460797449969,0.49657560042123,1.6795688449148405,8.019100516305215,1.8976347772196016,1.7003472004350038,44.27333815841051,0.5676078902096089,2.901793020151543,0.5294117647058824,1.7030416797591312,0.0,0.6872689363831033,288,relaxed
207,global,8.73623346954851,0.08006046045957116,0.005548829985509163,318.7802850961073,332.5431827178546,4.057304843849538,0.15074495423709727,1.5602658469266877,1.7797654014444844,0.7941474300150083,0.3526426222651172,6.246406049351159,0.6259042338880745,2.8738417573162396,0.17647058823529413,1.4167505216321803,0.0,0.6872689363831033,288,relaxed
208,global,3.4814141565520966,0.16878031861907394,0.005459091344234411,315.1316848376612,329.90970269962895,13.819413164121823,0.13963951053545393,2.3062553640351995,3.309565113793217,0.9752026184411129,1.2032739450202352,15.60336806502114,0.6557557634320236,1.8823529411764706,0.47058823529411764,2.1117892425418074,0.0,0.6872689363831033,288,relaxed
209,global,5.565989051313477,0.06376928969327142,0.008740516291758836,312.5811067691511,331.0375041206554,6.130784602367253,0.1428953004944029,0.7183653187034943,4.905634246272183,1.1708132129232374,8.242177578904913,17.295760340831396,0.47820352559564727,1.5626967078403897,0.35294117647058826,1.7448576823875905,0.0,0.6872689363831033,288,relaxed
210,global,0.7210043117409661,0.05890485803159419,0.004090843249203001,318.6804287950701,335.0192105827566,2.765862525025497,0.11568226963839601,1.4470492317709067,0.7604067086332841,0.4829859531162024,0.3983537895937478,0.8444829100279029,0.6231251645353779,1.8823529411764706,0.47058823529411764,0.6917156840183913,0.0,0.6872689363831033,288,relaxed
211,global,6.289965662217032,0.10710762443905081,0.005291470675625009,310.39365671193144,330.40435089874194,3.184206718957544,0.05027715178199432,1.6062646539918437,1.1419816331178982,0.5815732647984906,2.2917948367567282,0.46803102084012504,0.5580993828759835,1.8823529411764706,0.47058823529411764,1.6795337508711152,0.0,0.6872689363831033,288,relaxed
212,global,5.394096942153431,0.1491804863064916,0.00614474415533196,312.56541515952136,330.3119954736865,7.23947738336029,0.10900101992948596,1.7407961422706468,1.8434667313869995,0.7310537534630761,2.497384270569301,4.50399011187919,0.5869582113924264,1.8823529411764706,0.47058823529411764,2.094502267677985,0.0,0.6872689363831033,288,relaxed
213,global,6.812437413575631,0.09773347818026518,0.01026287900410738,319.64114811319524,328.1241037368148,4.866442469716812,0.058270138339328204,2.1378490599182505,1.2756053784545323,0.8803339188276914,2.5073410029676326,0.8200202524747355,0.5585169772101974,1.8823529411764706,0.47058823529411764,1.2375608987369036,0.0,0.6872689363831033,288,relaxed
214,global,7.204368494113581,0.0992458662238259,0.00523209751391604,312.5621300059508,332.54326384941896,2.947978920817887,0.10392518291331643,1.7606367349446788,1.885948547222864,0.5773916383046509,1.562827795292707,5.777505589845275,0.5643596355654011,2.4770691552368405,0.47058823529411764,1.7601135975370614,0.0,0.6872689363831033,288,relaxed
215,global,5.600690429995633,0.11707988654725203,0.005111303655093277,317.48782208406544,333.96933963954433,16.832830981506042,0.22342614608938427,1.384294234986698,2.1686793812484484,0.9809577113170166,2.0964132000980897,6.905786525778229,0.5902524494021462,1.8823529411764706,0.47058823529411764,1.9877517596497696,0.0,0.6872689363831033,288,relaxed
216,global,5.673693081714561,0.06279244543267828,0.006088573505916647,319.09618665463825,332.48381313938694,6.56781506021144,0.14909243215709572,1.946729074183524,3.7362466380576462,1.2664182232375323,0.4421057534065337,19.045645106191536,0.5687382079373229,2.2728454881262827,0.47058823529411764,1.2879739772230057,0.0,0.6872689363831033,288,relaxed
217,global,10.064677137121931,0.11548574840771708,0.003319211838368666,319.50089809432427,333.5370814179139,8.185119875434536,0.12974560207582586,1.0026884679407564,1.6404509451867497,1.0388040491979034,1.9538577377348683,3.61872166698038,0.5767429034698082,1.8823529411764706,0.47058823529411764,1.6637427505356956,0.0,0.6872689363831033,288,relaxed
218,global,4.256338660295778,0.08964070676690526,0.0033406481038269296,318.28029068974985,332.7619888892226,4.605020426310543,0.08049878585503206,2.4397218683296096,0.7957877368641993,0.6793873436450997,0.6912646630358494,0.3272406681677796,0.5671698949767707,1.8823529411764706,0.47058823529411764,1.1616797270088925,0.0,0.6872689363831033,288,relaxed
219,global,7.507092864820666,0.10279451962710989,0.004750063804011612,318.94223920659937,332.0506684664893,1.794909098398616,0.12103553245995707,1.2198268234832397,0.7626656371118046,0.5861286929948293,0.435273689051198,0.57813005970972,0.4969998526656969,1.8823529411764706,0.47058823529411764,1.3540781828080837,0.0,0.6872689363831033,288,relaxed
220,global,14.622923650450353,0.14517748869251862,0.00435037633144433,318.34973959026894,334.44670029968154,1.610822360445205,0.15025136846234932,0.5872187494800921,3.821313622496191,1.004142942756319,0.5907923018402768,19.97043887274735,0.5788305662270045,1.8823529411764706,0.47058823529411764,1.8104878604967232,0.0,0.6872689363831033,288,relaxed
221,global,2.8425591987824195,0.09356141413810615,0.0036574812349805027,319.01385961422807,329.808554940061,5.388728708413608,0.11318997458229368,1.569612729523294,0.9716451055616527,0.756478139705363,1.148598495785199,0.7608887321248021,0.6308552319434932,1.8823529411764706,0.47058823529411764,1.049128382948273,0.0,0.6872689363831033,288,relaxed
222,global,6.341498460183804,0.13544973480998446,0.006783552425389706,318.2403096318141,329.75405702359063,1.8078367591736324,0.1963636830143341,2.032504147743839,1.3138033757473744,0.6136377862889268,0.4789060810532914,3.384452042933484,0.5991274040231523,2.531351135436005,0.4117647058823529,1.5375708866359883,0.0,0.6872689363831033,288,relaxed
223,global,9.591531720066698,0.1554081318346711,0.004982827819793549,312.9712023896405,329.2965912738199,2.6158823542912613,0.13760498969701107,2.45923477453883,3.348531824594601,0.922175632043473,0.5759342642087563,16.866112637955403,0.5898675614684812,1.8823529411764706,0.47058823529411764,2.022021014493809,0.0,0.6872689363831033,288,relaxed
224,global,6.27530510074658,0.14974363402919677,0.00510903082613593,318.72351632782,332.1223840230823,2.3077747537691735,0.10590842259314975,2.100936143692941,0.715515887293698,0.4848906207197724,0.32335101662910626,0.43922955515024326,0.5480215905554212,1.8823529411764706,0.47058823529411764,1.5273624652438054,0.0,0.6872689363831033,288,relaxed
225,global,5.1592313079072305,0.07611017085670549,0.005059958320915664,317.3912650203313,332.9212365980702,2.5567505579059038,0.11613135198841384,1.0354559688819527,0.6783873505810832,0.34358949348315404,0.46673797971603903,0.32028906120558254,0.5086021354567096,1.8823529411764706,0.47058823529411764,1.251528234720369,0.0,0.6783873505810832,288,relaxed
226,global,5.912118761327376,0.06297258592712401,0.004960776205608889,316.56078258428846,332.04774808357763,1.5509222938201077,0.0775901244861873,1.150451760497622,0.6784298552562666,0.3396287211472767,0.4892750367528008,0.3510090962112216,0.504342292756409,1.8823529411764706,0.47058823529411764,1.0986926125044847,0.0,0.6783873505810832,288,relaxed
227,global,2.79174280176707,0.14528947759406846,0.009173951609587836,316.1215997901248,334.9647619393861,19.77287386540271,0.08677226985142422,1.1756811488262133,3.493698063793481,0.9310614828079126,13.600846358338512,0.45757709813114594,0.5063381180704711,1.8823529411764706,0.47058823529411764,2.266348968561424,0.0,0.6783873505810832,288,relaxed
228,global,3.5049401014268353,0.02309125388671289,0.0019683153986036345,316.90284651595346,333.67083498585635,5.326997323388452,0.2948558753339511,0.5741980797673597,1.6552994715385096,1.1346350552026108,4.267372284442314,0.6330514258744407,0.565896085380011,1.8823529411764706,0.47058823529411764,1.31288224430949,0.0,0.6783873505810832,288,relaxed
229,global,6.327494078933986,0.12839734728408103,0.0011348108927214003,318.549735969194,333.9169871981681,1.3306138166220105,0.0721469776113638,2.0431156701847653,1.8851601425649496,1.2935911266418603,4.982512131614022,1.000133791147699,0.5410784356807701,1.8823529411764706,0.47058823529411764,1.3869178436724097,0.0,0.6783873505810832,288,relaxed
230,global,5.489035411304711,0.1742137341961147,0.003920644386918428,311.9812033486787,330.67977931690825,4.736189798906475,0.15475473495309172,1.5168420312571,1.6198038399918642,0.8103320618399042,0.6980180228080046,5.277013475022029,0.554930480013082,1.8823529411764706,0.47058823529411764,2.2786093020226694,0.0,0.6783873505810832,288,relaxed
231,global,6.358087265303192,0.1231840969517693,0.006322380210186872,312.7289909062005,331.55579871301336,5.5582678115041295,0.15829355392490413,1.5695889009850996,3.284452413060623,0.8953047574747036,2.6222802422045426,13.725460237310996,0.6037808450990589,1.8823529411764706,0.47058823529411764,2.042749721147667,0.0,0.6783873505810832,288,relaxed
232,global,9.382001050159516,0.08446883675504888,0.006049065688069781,317.32642756563257,334.36875830757725,3.296145224146045,0.06991381677665343,1.3102064016196626,1.2450598452332895,0.5431882627514996,1.4171862645072872,2.455115979361217,0.5530493678322297,1.8823529411764706,0.47058823529411764,1.4469674599326534,0.0,0.6783873505810832,288,relaxed
233,global,8.690933561772798,0.11808191248623175,0.005037406309814659,318.03637912373995,331.5884105336565,19.293730824378244,0.11333164522416994,1.4498473598057557,1.9950126293483597,0.8727349434706219,1.4333011925309571,6.841225462438,0.5614927433448178,1.8823529411764706,0.47058823529411764,1.8797181314947808,0.0,0.6783873505810832,288,relaxed
234,global,10.106539923588906,0.15319247041984863,0.00446317055784633,317.1542498837353,336.1908850411713,5.241706973574213,0.12297051593866748,0.6497496578360547,3.031759703493303,0.747994399625368,0.6847260511305439,14.88016345285265,0.5533290167165469,1.8823529411764706,0.47058823529411764,2.015599564017172,0.0,0.6783873505810832,288,relaxed
235,global,1.9703354556130392,0.10624613826203387,0.004055368331162285,318.09336627979934,330.73680631355023,7.383460281098323,0.23613344923816953,2.37313883266676,1.743666345761454,0.9631387401385461,1.6522698868248986,4.847520078223752,0.6264770711481875,1.8823529411764706,0.47058823529411764,1.4014656651418393,0.0,0.6783873505810832,288,relaxed
236,global,4.614982516318963,0.056282173599501745,0.008905310299157978,319.659450008663,334.3613626116262,8.726482285760397,0.3240795251901655,1.4381221694798214,10.54587295447612,2.5805398781299194,3.0734036758059644,59.001798661891655,0.6321561212137562,2.3182614389212794,0.4117647058823529,1.621506795934127,0.0,0.6783873505810832,288,relaxed
237,global,0.9333552332651625,0.10185965659072743,0.002653453962567759,315.9877657610923,333.08467744807115,5.251410008563252,0.06293751740614273,0.3922892020163149,0.8122402036235202,0.6885732544069909,0.7782706515192307,0.4191480107614314,0.506795238070308,1.8823529411764706,0.47058823529411764,1.0113634081526535,0.0,0.6783873505810832,288,relaxed
238,global,6.764385927069232,0.09167909158005726,0.004149956491272379,317.4647582374324,335.25156079690015,16.74639497437938,0.16398003392876992,1.357307297589706,1.4830884319663593,0.8976566203754569,1.2206989616154014,3.670585460912953,0.5963685158563614,1.8823529411764706,0.47058823529411764,1.7992490869381634,0.0,0.6783873505810832,288,relaxed
239,global,9.23414852696122,0.19940957118217517,0.005916875247164266,312.25830462223314,329.52889840709156,5.109600215891932,0.10903810699752353,1.5701242909733264,4.328397481803505,0.9014698803286872,1.9863339467946957,21.45765608732637,0.5806822464192538,1.8823529411764706,0.47058823529411764,2.3134840322220604,0.0,0.6783873505810832,288,relaxed
240,global,6.033635038438776,0.1715846220373338,0.004951011732403699,318.8672491550967,329.90970269962895,13.819413164121823,0.09623807319143157,0.6714646877332543,0.8122461917230736,0.5398773662932181,0.6626555118553409,0.4884944719861347,0.5345869112623282,1.8823529411764706,0.47058823529411764,1.7773128780041998,0.0,0.6783873505810832,288,relaxed
241,global,3.605137200944908,0.14449358885093994,0.004082002923601734,317.2861345862772,332.97505691055005,1.7522740045989718,0.12450874822243452,1.91409320261433,0.7129035716165687,0.5349443432483327,0.4187341876389018,0.2099159668158386,0.5606987741316245,1.8823529411764706,0.47058823529411764,1.5432777918223985,0.0,0.6783873505810832,288,relaxed
242,global,9.264460544586836,0.12158637005686708,0.002959157869932897,319.5033339399221,332.9145413261908,8.1947758146901,0.19442579574790309,1.4470492317709067,2.068926826657295,1.27000382450045,3.4480532924182756,4.12699388966531,0.6111218531585891,1.8823529411764706,0.47058823529411764,1.7037255428816458,0.0,0.6783873505810832,288,relaxed
243,global,2.334376750115158,0.1506310778314569,0.005291470675625009,319.22031222369566,334.25855144705446,17.300661865593383,0.1443343514231245,1.0582959578877549,1.042635794449143,0.3442157480498899,2.152430335384167,0.2723359566426306,0.5447689518252146,1.8823529411764706,0.47058823529411764,1.8265815357254458,0.0,0.6783873505810832,288,relaxed
244,global,13.286356431740778,0.13516154439011982,0.00526987241405855,317.2110121048004,336.5837365002376,12.962799468487704,0.14637469363800393,0.9653708295565033,6.620296366911866,1.078417303243494,1.6288271844408733,37.03236347601813,0.6140249747472033,1.8823529411764706,0.47058823529411764,2.0495487410862,0.0,0.6783873505810832,288,relaxed
245,global,6.1240593428888825,0.040550400750557034,0.004044375432708895,319.64114811319524,330.34771957801297,5.494207763363872,0.12416311386783574,1.206085817658214,0.9043258272643502,0.7729928194088591,1.1609075928464263,0.36432311222128105,0.5218531113295907,1.8823529411764706,0.47058823529411764,1.1041509314956,0.0,0.6783873505810832,288,relaxed
246,global,1.0853107829421589,0.08013321404350746,0.010874791341881797,316.9444680605236,336.6859346154697,2.9405382304517023,0.17506628164914373,0.509109080058648,4.236607597547392,1.2286111995529119,16.705589260677325,0.8591944667887437,0.6571595877438429,1.8823529411764706,0.47058823529411764,1.858052652311495,0.0,0.6783873505810832,288,relaxed
247,global,6.634905125385673,0.03531602944850282,0.004708847253412464,316.14272172348376,331.47333474012197,4.2489405298131935,0.5155976013987656,2.5416155963359524,14.47351468667653,3.3072602715903145,0.5060859201600014,88.00184937638475,0.6792435639338655,1.8823529411764706,0.47058823529411764,1.5853948514558167,0.0,0.6783873505810832,288,relaxed
248,global,2.2991855061030666,0.12392276628324272,0.004998440430815106,315.7730143321315,332.48381313938694,6.272407562988574,0.0803982727779311,1.5395103590922985,0.8588953515747642,0.3052278472493422,1.1418904617185397,0.5894711681494982,0.5251663236242963,1.8823529411764706,0.47058823529411764,1.457286026184726,0.0,0.6783873505810832,288,relaxed
249,global,12.771719067508002,0.13448073015915418,0.003323856623849095,311.7441882120828,333.5370814179139,1.8128676321804242,0.22507778503269832,1.1311357202112018,5.714383410184692,1.4860669192736147,0.9616269144387168,31.324153703694712,0.6197633410473764,1.8823529411764706,0.47058823529411764,2.0769064405005957,0.0,0.6783873505810832,288,relaxed
250,global,8.402649830937097,0.07473288222023357,0.005822263324179418,317.5667173342937,332.7619888892226,11.849386989184016,0.14365334540914904,2.4397218683296096,7.623804104901469,1.8079443631066991,0.6207962452523391,44.24774339612058,0.6155847671575034,1.8823529411764706,0.47058823529411764,1.5828998806413215,0.0,0.6783873505810832,288,relaxed
251,global,7.798260354649314,0.10279451962710989,0.006530098747990875,316.9348953309366,329.7410557134524,11.324453884273273,0.18257367343025255,1.8731061050773374,5.462061769326139,1.4953528205905793,0.6605046635635629,29.63205144084821,0.6050742751509939,2.406063274554223,0.47058823529411764,1.7470620076576955,0.0,0.6783873505810832,288,relaxed
252,global,6.658197466382446,0.051967707359255294,0.0065266489735287805,315.83460634463836,332.2746393862805,8.588009598795098,0.11349816117059564,2.4573803824438025,6.6389244074409826,1.4808992650667563,1.5445203307144344,36.98719271156237,0.6263261808128212,2.0245196321991044,0.17647058823529413,1.4097530155014146,0.0,0.6783873505810832,288,relaxed
253,global,2.8425591987824195,0.0682114893890067,0.0029778770079281775,311.7451024972605,329.808554940061,4.835389199105661,0.1772409171860726,1.569612729523294,0.849127423025635,0.7267855464772638,0.9288769119617281,0.15100645745774247,0.6207196777728141,1.8823529411764706,0.47058823529411764,1.4564849269474176,0.0,0.6783873505810832,288,relaxed
254,global,10.195248898141624,0.039502842980139924,0.007078737990361421,319.91526092970247,333.46882035629613,2.631025490121523,0.10396251570284282,1.4142398035396448,5.09472091455763,1.7409569631427615,0.6965112708978731,27.050196964165572,0.6250740603656562,2.3523352796479076,0.4117647058823529,1.238197030687954,0.0,0.6783873505810832,288,relaxed
255,global,1.6735334936261221,0.1506310778314569,0.004848527026657576,319.22031222369566,329.93459619426983,17.300661865593383,0.13760498969701107,1.322052662098401,0.761089421168375,0.2955224112713598,0.814011245425397,0.3698312913561025,0.5104329876186222,1.8823529411764706,0.47058823529411764,1.5546256655386506,0.0,0.6783873505810832,288,relaxed
256,global,6.27530510074658,0.14974363402919677,0.00519622976937558,318.27232701737836,334.66084000978606,9.42002134815858,0.8616091598837168,0.7671056070257286,3.097698926794702,0.704827702422216,1.3526158928178957,14.450353920826414,0.5750301389580346,1.8823529411764706,0.47058823529411764,2.0598166814625993,0.0,0.6783873505810832,288,relaxed
257,global,3.196613547240865,0.01768469624273729,0.003340930570417621,316.9604096619505,333.54299030578187,4.789880870134839,0.09143088973448193,1.0354559688819527,0.8361270093910477,0.6060222077972431,0.5807970460765787,0.8916927572530413,0.6587981243117453,1.8823529411764706,0.47058823529411764,0.7355552335136599,0.0,0.6783873505810832,288,relaxed
258,global,17.460608353824064,0.12596895546972872,0.005264299931488729,311.271746644638,333.7225123786631,3.624901062372267,0.899862423924078,0.6711626248011303,17.19403734308184,3.3912449802126012,4.131416243675918,100.79544827883991,0.6436636611010611,2.1176470588235294,0.5294117647058824,2.06100144037745,0.0,0.6783873505810832,288,relaxed
259,global,2.79174280176707,0.0690476121850306,0.0047272260832205305,318.9013230087358,334.7535735754726,10.79832139466505,0.06841192696035264,1.3289948459090475,0.8453651888660156,0.37458386020926215,0.8681485686503926,0.8422839228564879,0.5901578592163912,1.8823529411764706,0.47058823529411764,1.0508134215454106,0.0,0.6783873505810832,288,relaxed
260,global,1.7767959377458293,0.1396963908902894,0.0018719049997767395,312.0444512612987,334.4836735117436,2.518593184747351,0.1345466391832162,1.3811324848904494,1.1561049659583507,0.8838962555903315,1.8621272241070088,0.7324778496349318,0.5026549280293588,1.8823529411764706,0.47058823529411764,1.8443717732671332,0.0,0.6783873505810832,288,relaxed
261,global,17.460608353824064,0.12596895546972872,0.005264299931488729,315.0113481109641,333.7225123786631,3.624901062372267,0.9694163960267792,1.962543012290244,15.656268614669376,3.1314476633107904,1.121323399314824,95.22037753787662,0.6470009487999735,1.8823529411764706,0.47058823529411764,1.9239172887376534,0.0,0.6783873505810832,288,relaxed
262,global,1.5819794222059596,0.046003496108263174,0.0051658642464890705,315.4484887822594,335.84871959011537,12.733886126939678,0.1354694160109775,1.3892883748087357,1.233151318847801,0.4357819319360699,2.6331441941005296,0.8910775069911552,0.6644863329518681,1.8823529411764706,0.47058823529411764,1.1323950588629061,0.0,0.6783873505810832,288,relaxed
263,global,4.629340465269585,0.08030291574578932,0.007119498346662563,314.5986654815985,331.65579571734975,10.756956850176119,0.05575661559385392,1.7098306768368003,1.46701496414805,0.7520088096406367,3.737117606665567,0.5892378577519908,0.5158398499598409,1.8823529411764706,0.47058823529411764,1.4803252004830432,0.0,0.6783873505810832,288,relaxed
264,global,1.038943540948683,0.16596587151636377,0.006049065688069781,317.5168601508035,330.8670620730022,5.6999803412169205,0.06991381677665343,1.2022675465686283,0.9089286617373451,0.4631310761119978,1.405286519398754,0.40317621003580123,0.5084531760760737,1.8823529411764706,0.47058823529411764,1.3817794002506227,0.0,0.6783873505810832,288,relaxed
265,global,0.9100660044845537,0.047721636945490406,0.0024079169345800518,312.69024023086183,331.27198384195697,7.97676028747585,0.11156442962724245,1.5992468699860947,0.93063003440712,0.7196666591088094,1.0005548318473851,0.8529481533456188,0.5943835998743769,1.8823529411764706,0.47058823529411764,0.8014841705399863,0.0,0.6783873505810832,288,relaxed
266,global,3.4263880976624472,0.1192563415704706,0.005159613651915737,317.7758575694113,333.7085034223716,12.197166354759226,0.12297051593866748,1.2075959295743945,0.8643298025010021,0.4725109361292721,1.131296021130539,0.33429805542718993,0.5366212035632866,1.8823529411764706,0.47058823529411764,1.6703751498917216,0.0,0.6783873505810832,288,relaxed
267,global,11.49277739265262,0.13061165982381207,0.004055368331162285,318.3251709828032,328.56651949263346,4.598704017137368,0.1243754986847932,0.8812136901819135,1.4203795628542484,0.9775937406234585,1.6229463432573503,2.731708992582342,0.5559597930780162,1.8823529411764706,0.47058823529411764,1.5541892704630091,0.0,0.6783873505810832,288,relaxed
268,global,4.427356692133371,0.08888109017386968,0.0051563722964734085,319.659450008663,333.770346339537,3.5345064907059704,0.15639901276678253,0.923669671445326,0.7145962819411976,0.5010003865959389,0.42789881947932723,0.40175663984316845,0.49375499152010405,1.8823529411764706,0.47058823529411764,1.3015586263154229,0.0,0.6783873505810832,288,relaxed
269,global,2.2859199227246085,0.14911922542118453,0.002149319526388622,319.4242152197598,331.24807517945203,14.872020661820681,0.1956953652766455,1.2006614241147098,1.4638537136776373,1.1153889263886252,3.207237648796813,0.6895806027652357,0.5613520603337327,1.8823529411764706,0.47058823529411764,1.6455346893964387,0.0,0.6783873505810832,288,relaxed
270,global,6.764385927069232,0.05949113025899102,0.005010046017885092,317.2524975451016,331.9023857628151,17.54245792854433,0.2851830316216901,1.211820346087927,1.3786792978733922,0.8798495690193536,1.3151712284476982,2.9844189719359426,0.5561700654303271,1.8823529411764706,0.47058823529411764,1.5835003613831797,0.0,0.6783873505810832,288,relaxed
271,global,11.033944158547534,0.08006046045957116,0.005953506446988703,316.0031868551623,329.4793144198097,16.920936113487322,0.28090140425367915,0.8067922429212122,2.949895236160518,1.019290242856545,2.779449376505815,11.225203009750626,0.5841265832661373,1.8823529411764706,0.47058823529411764,1.7867221725929872,0.0,0.6783873505810832,288,relaxed
272,global,0.0695040341883093,0.0343542263947573,0.004951011732403699,318.8672491550967,336.89051739778034,18.885129232560523,0.09307341819976794,0.6714646877332543,1.2612504051331903,0.4476796796528607,2.7931168048025032,0.8522326042622242,0.7704472600734474,1.8823529411764706,0.47058823529411764,0.8055472777176865,0.0,0.6783873505810832,288,relaxed
273,global,6.001771097890036,0.1588541336825368,0.007365165678007775,317.2861345862772,332.97505691055005,1.7522740045989718,0.14109748921671394,0.8234290835069021,1.3695578668900055,0.44381190301917256,2.390156455867777,2.0373681922614617,0.5058479925815793,1.8823529411764706,0.47058823529411764,1.837400053605543,0.0,0.6783873505810832,288,relaxed
274,global,5.2043044556457305,0.07737935903608162,0.001933010659072039,312.71311414004515,334.5506561421224,2.249366427262361,0.20209564358352639,1.4470492317709067,1.4923822397113256,1.0295656245814282,2.4986441386755707,1.983967272995499,0.5066500261650492,1.8823529411764706,0.47058823529411764,1.6747185495992236,0.0,0.6783873505810832,288,relaxed
275,global,8.578355585903964,0.11612087747711708,0.005291470675625009,319.22031222369566,335.3498706318477,17.300661865593383,0.1443343514231245,0.37873390456607026,2.2503062009018975,0.7915777180493536,2.272049938273382,7.540791404121967,0.5414614768607136,1.8823529411764706,0.47058823529411764,1.916619455681321,0.0,0.6783873505810832,288,relaxed
276,global,2.3741347630069365,0.09820973001742586,0.00526987241405855,317.54869904563066,333.5946433286809,3.0117732153740278,0.10330080157294325,1.6381596347060174,0.7745802858844081,0.2948559887697117,0.6057357131903397,0.733088778236927,0.631407129938153,1.8823529411764706,0.47058823529411764,1.2075158912050694,0.0,0.6783873505810832,288,relaxed
277,global,7.236392713101344,0.07697284639851394,0.005237306335071171,317.87419550849427,334.99778430190855,17.13119119237324,0.15348482596442076,2.1108376007584817,6.656328703268147,1.8060406567817224,0.7703786747572691,36.969545414872194,0.6296843331177913,2.501862402447891,0.4117647058823529,1.6940908761286442,0.0,0.6783873505810832,288,relaxed
278,global,2.413936699010055,0.16727149933250424,0.002832340293632881,315.23370808314576,332.54326384941896,7.843301900938988,0.11832224147204445,0.9356743317912355,0.8333550308262184,0.6426544303299744,0.7033893435665087,0.44355693892262327,0.5090525660508269,1.8823529411764706,0.47058823529411764,1.836861711900438,0.0,0.6783873505810832,288,relaxed
279,global,4.383861595574976,0.05107934467896439,0.004037350951097047,316.60051232930294,334.85109716707944,16.76552107335565,0.09350996681121987,0.8540279975234488,0.8363946634174569,0.542758560475398,0.9062726724051587,0.5447455980471194,0.4744909124843987,1.8823529411764706,0.47058823529411764,1.2858235111147098,0.0,0.6783873505810832,288,relaxed
280,global,4.427356692133371,0.08888109017386968,0.0051563722964734085,318.1985689686501,333.770346339537,3.5345064907059704,0.15359690668919596,0.923669671445326,0.7056196003578408,0.4055960179100603,0.487449429247984,0.36636014505524894,0.49125349170154564,1.8823529411764706,0.47058823529411764,1.379134014136608,0.0,0.6783873505810832,288,relaxed
281,global,1.26213610271291,0.01682202070092885,0.0031635825562621135,310.80697544983514,331.4664426019435,17.71573643431369,0.05407741575847508,2.3783267430353456,1.0689306182434792,0.5940837018346211,0.5870647466375225,1.9525999437809687,0.7011669218609862,2.3529411764705883,0.5882352941176471,0.457423856408084,0.0,0.6783873505810832,288,relaxed
282,global,11.033944158547534,0.07668008042182808,0.0033406481038269296,318.28029068974985,329.89140131901667,16.920936113487322,0.28090140425367915,0.8067922429212122,2.3454655712528116,1.2404781457329532,5.290001661541061,3.5800828044098747,0.6181695650430484,1.8823529411764706,0.47058823529411764,1.6043997934837597,0.0,0.6783873505810832,288,relaxed
283,global,12.936781463050394,0.08266960506413981,0.004750063804011612,318.36771491712955,331.40750874489606,1.4115543863948865,0.16265568327482055,0.922416906006086,1.9102538430645999,0.9610876230196506,0.5186412626367477,7.212885972389187,0.6056456243231183,2.2669632069055194,0.29411764705882354,1.441441613695284,0.0,0.6783873505810832,288,relaxed
284,global,0.6248832203041683,0.04249234145494074,0.005348988476391442,319.7847698266175,330.42572544309684,1.2249034438986506,0.22802236420869149,0.7404329921880182,0.8570907343372973,0.6375620166918385,0.6712782673228879,0.8771812210797605,0.7280570505803104,1.8823529411764706,0.47058823529411764,0.5025034415891805,0.0,0.6783873505810832,288,relaxed
285,global,6.945542233681598,0.0682114893890067,0.007385463063596042,313.20869322932174,329.9099166864854,2.516540484053599,0.1772409171860726,1.569612729523294,7.991806272999037,2.216002926975544,2.5249780724235307,43.02022032290309,0.6519682162133352,2.46999994440922,0.4117647058823529,1.62210660004278,0.0,0.6783873505810832,288,relaxed
286,global,6.341498460183804,0.1067882734889343,0.00781776296542773,319.23677687680663,330.0072829269541,16.790450796952236,0.4520250462906498,1.6087117800272104,11.21730757120267,1.8474920749680326,3.1100547695715677,64.5087901826894,0.580390679337783,2.1176470588235294,0.5294117647058824,1.8366567539311602,0.0,0.6783873505810832,288,relaxed
287,global,1.6735334936261221,0.04851395145595622,0.0024819345248973676,312.82144426437776,331.31801393615564,4.784397285392442,0.13760498969701107,1.5835116540284668,0.9770035059893171,0.7720336195336939,1.2941248634313594,0.5790439486447697,0.6428659044721168,1.8823529411764706,0.47058823529411764,1.0214713344578217,0.0,0.6783873505810832,288,relaxed
288,global,4.704651118636749,0.059999904928376646,0.005136866280343582,319.1156133310955,329.8407621534569,3.8676456891058866,0.12993056596039587,2.100936143692941,0.8221915928701707,0.7164413915706056,0.6185359740139231,0.511079135133798,0.6433536039347431,1.8823529411764706,0.47058823529411764,1.05238888374203,0.0,0.6783873505810832,288,relaxed
289,local,5.1592313079072305,0.07611017085670549,0.005059958320915664,317.3912650203313,332.9212365980702,2.5567505579059038,0.11613135198841384,1.0354559688819527,0.6783873505810832,0.34358949348315404,0.46673797971603903,0.32028906120558254,0.5086021354567096,1.8823529411764706,0.47058823529411764,1.251528234720369,0.0,0.6783873505810832,288,relaxed
290,local,7.639320225002102,0.07611017085670549,0.005059958320915664,317.3912650203313,332.9212365980702,2.5567505579059038,0.11613135198841384,1.0354559688819527,0.8330675850847293,0.38172117300448377,0.3955641139786703,1.3344556535724779,0.5368679643350239,1.8823529411764706,0.47058823529411764,1.3500044059218195,0.0,0.6783873505810832,288,relaxed
291,local,12.360679774997894,0.07611017085670549,0.005059958320915664,317.3912650203313,332.9212365980702,2.5567505579059038,0.11613135198841384,1.0354559688819527,2.0940224786009374,0.7017236062255922,0.3537808950213726,9.096209976916553,0.608385886989358,2.0859505636625784,0.4117647058823529,1.463262872560714,0.0,0.6783873505810832,288,relaxed
292,local,4.721359549995794,0.07611017085670549,0.005059958320915664,317.3912650203313,332.9212365980702,2.5567505579059038,0.11613135198841384,1.0354559688819527,0.6852504405322117,0.3415328251487802,0.44682865496735136,0.4021110447690882,0.5087606968345116,1.8823529411764706,0.47058823529411764,1.2307123712512615,0.0,0.6783873505810832,288,relaxed
293,local,5.286254420760395,0.07611017085670549,0.005059958320915664,317.3912650203313,332.9212365980702,2.5567505579059038,0.11613135198841384,1.0354559688819527,0.6773929900046062,0.3439086277199029,0.4698027919338008,0.3060909524815719,0.5100162226893943,1.8823529411764706,0.47058823529411764,1.2564573018467629,0.0,0.6773929900046062,288,relaxed
294,local,5.257264797333937,0.07611017085670549,0.005059958320915664,317.3912650203313,332.9212365980702,2.5567505579059038,0.11613135198841384,1.0354559688819527,0.6779771038598561,0.3444205371573787,0.46990850495813824,0.30933839387842066,0.5102210482446721,1.8823529411764706,0.47058823529411764,1.2553122882481298,0.0,0.6773929900046062,288,relaxed
295,local,6.18504558021562,0.07611017085670549,0.005059958320915664,317.3912650203313,332.9212365980702,2.5567505579059038,0.11613135198841384,1.0354559688819527,0.6953398409547863,0.35158052684369717,0.4638989345122693,0.38320278841001165,0.5375497996015999,1.8823529411764706,0.47058823529411764,1.2943859155193775,0.0,0.6773929900046062,288,relaxed
296,local,5.629562094884365,0.07611017085670549,0.005059958320915664,317.3912650203313,332.9212365980702,2.5567505579059038,0.11613135198841384,1.0354559688819527,0.6787557413083324,0.3461964643865447,0.4750432208293482,0.2925180456789474,0.5165608825139084,1.8823529411764706,0.47058823529411764,1.274684006606861,0.0,0.6773929900046062,288,relaxed
297,local,5.427271561328755,0.07611017085670549,0.005059958320915664,317.3912650203313,332.9212365980702,2.5567505579059038,0.11613135198841384,1.0354559688819527,0.6772077577875822,0.34486114743313684,0.47335552400102154,0.2954606712867229,0.511112622089713,1.8823529411764706,0.47058823529411764,1.2633332957680563,0.0,0.6772077577875822,288,relaxed
298,local,5.362690922174284,0.07611017085670549,0.005059958320915664,317.3912650203313,332.9212365980702,2.5567505579059038,0.11613135198841384,1.0354559688819527,0.6773061223827332,0.3448735094144894,0.4722626982140845,0.29889725636634445,0.510876202719093,1.8823529411764706,0.47058823529411764,1.260021945766411,0.0,0.6772077577875822,288,relaxed
299,local,5.504539669544647,0.07611017085670549,0.005059958320915664,317.3912650203313,332.9212365980702,2.5567505579059038,0.11613135198841384,1.0354559688819527,0.6775535375780278,0.34544045826929387,0.4747832334838906,0.29189770883932065,0.512863650277018,1.8823529411764706,0.47058823529411764,1.2676566130811555,0.0,0.6772077577875822,288,relaxed
300,local,5.4567853524208205,0.07611017085670549,0.005059958320915664,317.3912650203313,332.9212365980702,2.5567505579059038,0.11613135198841384,1.0354559688819527,0.6773819459324298,0.3451129220653303,0.4738103172080257,0.29281998839124845,0.5134416832945606,1.8823529411764706,0.47058823529411764,1.2649256523800994,0.0,0.6772077577875822,288,relaxed
301,local,5.404632210111533,0.07611017085670549,0.005059958320915664,317.3912650203313,332.9212365980702,2.5567505579059038,0.11613135198841384,1.0354559688819527,0.6773596555319439,0.344613383508431,0.4729392742842329,0.2966648231922535,0.512198571798298,1.8823529411764706,0.47058823529411764,1.26215700037892,0.0,0.6772077577875822,288,relaxed
302,local,5.438544826389061,0.07611017085670549,0.005059958320915664,317.3912650203313,332.9212365980702,2.5567505579059038,0.11613135198841384,1.0354559688819527,0.6773461562814526,0.3455048233065328,0.47408423904273794,0.293862350543984,0.5115912672712746,1.8823529411764706,0.47058823529411764,1.2639707286685449,0.0,0.6772077577875822,288,relaxed
303,local,5.418624098647022,0.07611017085670549,0.005059958320915664,317.3912650203313,332.9212365980702,2.5567505579059038,0.11613135198841384,1.0354559688819527,0.6771949089370953,0.34485337468962063,0.47330908176782976,0.2955785478751239,0.5111397638931817,1.8823529411764706,0.47058823529411764,1.262858123489542,0.0,0.6771949089370953,288,relaxed
304,local,5.409137765106694,0.07611017085670549,0.005059958320915664,317.3912650203313,332.9212365980702,2.5567505579059038,0.11613135198841384,1.0354559688819527,0.6773668111696778,0.3446324981146822,0.47295095565071865,0.2964896834565698,0.5123011445777295,1.8823529411764706,0.47058823529411764,1.262394630111408,0.0,0.6771949089370953,288,relaxed
305,local,5.4150006416632355,0.07611017085670549,0.005059958320915664,317.3912650203313,332.9212365980702,2.5567505579059038,0.11613135198841384,1.0354559688819527,0.6772473184354064,0.3448388996239456,0.4733103765440082,0.29590163525494523,0.511249233155663,1.8823529411764706,0.47058823529411764,1.262661364686842,0.0,0.6771949089370953,288,relaxed
306,local,5.422376262634014,0.07611017085670549,0.005059958320915664,317.3912650203313,332.9212365980702,2.5567505579059038,0.11613135198841384,1.0354559688819527,0.6772149087180597,0.344948082608176,0.47344294965908523,0.2952789585712431,0.5112002217841164,1.8823529411764706,0.47058823529411764,1.263061210108423,0.0,0.6771949089370953,288,relaxed
307,local,5.42005729775869,0.07611017085670549,0.005059958320915664,317.3912650203313,332.9212365980702,2.5567505579059038,0.11613135198841384,1.0354559688819527,0.6772037980598933,0.3448479707618663,0.4734137749813376,0.2954599648673488,0.5111596056298154,1.8823529411764706,0.47058823529411764,1.2629349726159105,0.0,0.6771949089370953,288,relaxed
308,local,5.417240061235989,0.07611017085670549,0.005059958320915664,317.3912650203313,332.9212365980702,2.5567505579059038,0.11613135198841384,1.0354559688819527,0.6772232271768944,0.3448577372706243,0.4733767398446871,0.295698286634742,0.5111378073371606,1.8823529411764706,0.47058823529411764,1.2627830590432882,0.0,0.6771949089370953,288,relaxed
309,local,5.419171531995033,0.07611017085670549,0.005059958320915664,317.3912650203313,332.9212365980702,2.5567505579059038,0.11613135198841384,1.0354559688819527,0.6772098461390913,0.34484207616831214,0.47339414681718367,0.2955366201005243,0.5111736131748872,1.8823529411764706,0.47058823529411764,1.2628860368959618,0.0,0.6771949089370953,288,relaxed
310,local,5.418095443397709,0.07611017085670549,0.005059958320915664,317.3912650203313,332.9212365980702,2.5567505579059038,0.11613135198841384,1.0354559688819527,0.6772251736160042,0.344859881924346,0.4734010656688671,0.29563769293068487,0.5111605247488957,1.8823529411764706,0.47058823529411764,1.262829734790842,0.0,0.6771949089370953,288,relaxed
311,local,5.418833199579387,0.07611017085670549,0.005059958320915664,317.3912650203313,332.9212365980702,2.5567505579059038,0.11613135198841384,1.0354559688819527,0.6772119797418555,0.34485212561081774,0.4733910757220484,0.295559884534175,0.5111611146557277,1.8823529411764706,0.47058823529411764,1.2628684978182907,0.0,0.6771949089370953,288,relaxed
312,local,5.418422170310116,0.07611017085670549,0.005059958320915664,317.3912650203313,332.9212365980702,2.5567505579059038,0.11613135198841384,1.0354559688819527,0.6771973277734487,0.344853345695633,0.47330598474959656,0.29559157780650563,0.511150500610951,1.8823529411764706,0.47058823529411764,1.262847704318037,0.0,0.6771949089370953,288,relaxed
313,local,5.418703968096106,0.07611017085670549,0.005059958320915664,317.3912650203313,332.9212365980702,2.5567505579059038,0.11613135198841384,1.0354559688819527,0.6771984944881858,0.34485443581836617,0.4733148899296014,0.2955675062851255,0.5111645624167248,1.8823529411764706,0.47058823529411764,1.2628610865486483,0.0,0.6771949089370953,288,relaxed
314,local,5.418552811709337,0.07611017085670549,0.005059958320915664,317.3912650203313,332.9212365980702,2.5567505579059038,0.11613135198841384,1.0354559688819527,0.6772082457889795,0.3448530960587366,0.4733845197711024,0.2955959195437985,0.5111118369832848,1.8823529411764706,0.47058823529411764,1.2628558887613386,0.0,0.6771949089370953,288,relaxed
315,local,5.418657435827773,0.07611017085670549,0.005059958320915664,317.3912650203313,332.9212365980702,2.5567505579059038,0.11613135198841384,1.0354559688819527,0.6771936859858182,0.34485245816896987,0.47330906323981914,0.295571321749895,0.5111396507510682,1.8823529411764706,0.47058823529411764,1.262859422460672,0.0,0.6771936859858182,288,relaxed
316,local,5.418657435827773,0.0794833721937705,0.005059958320915664,317.3912650203313,332.9212365980702,2.5567505579059038,0.11613135198841384,1.0354559688819527,0.6803763080257886,0.34897659940465964,0.4657015630831759,0.31721076192587416,0.5080394137631506,1.8823529411764706,0.47058823529411764,1.2848276893797088,0.0,0.6771936859858182,288,relaxed
317,local,5.418657435827773,0.1255166278062295,0.005059958320915664,317.3912650203313,332.9212365980702,2.5567505579059038,0.11613135198841384,1.0354559688819527,0.6742318101917901,0.3943496377712028,0.38757620921746083,0.25787043028611395,0.4835511138834447,1.8823529411764706,0.47058823529411764,1.544432889254824,0.0,0.6742318101917901,288,relaxed
318,local,5.418657435827773,0.153966744387541,0.005059958320915664,317.3912650203313,332.9212365980702,2.5567505579059038,0.11613135198841384,1.0354559688819527,0.7067733954340778,0.41217549330100955,0.39683597864245373,0.341810501140512,0.5300560524305494,1.8823529411764706,0.47058823529411764,1.6955870660768706,0.0,0.6742318101917901,288,relaxed
319,local,5.418657435827773,0.10639183122408111,0.005059958320915664,317.3912650203313,332.9212365980702,2.5567505579059038,0.11613135198841384,1.0354559688819527,0.6618336225247707,0.3771019710820454,0.40288406598501053,0.23121869471764256,0.4658134526794849,1.8823529411764706,0.47058823529411764,1.4373965659181605,0.0,0.6618336225247707,288,relaxed
320,local,5.418657435827773,0.10479721358870955,0.005059958320915664,317.3912650203313,332.9212365980702,2.5567505579059038,0.11613135198841384,1.0354559688819527,0.662091493679247,0.37612998220031424,0.4059380268728247,0.23373607135373897,0.46514918947885975,1.8823529411764706,0.47058823529411764,1.4286667606769423,0.0,0.6618336225247707,288,relaxed
321,local,5.418657435827773,0.10766282060778451,0.005059958320915664,317.3912650203313,332.9212365980702,2.5567505579059038,0.11613135198841384,1.0354559688819527,0.6622449310582383,0.3783259311675109,0.40117622461722524,0.23170641084724922,0.4662959234210282,1.8823529411764706,0.47058823529411764,1.4446477011033427,0.0,0.6618336225247707,288,relaxed
322,local,5.418657435827773,0.10607194060117615,0.005059958320915664,317.3912650203313,332.9212365980702,2.5567505579059038,0.11613135198841384,1.0354559688819527,0.6619274807837425,0.3771475627422763,0.40356545822663137,0.23148481243527752,0.46580164594481815,1.8823529411764706,0.47058823529411764,1.4356028625412849,0.0,0.6618336225247707,288,relaxed
323,local,5.418657435827773,0.10687730596931552,0.005059958320915664,317.3912650203313,332.9212365980702,2.5567505579059038,0.11613135198841384,1.0354559688819527,0.6619972592781197,0.37762107960621133,0.4020915186482269,0.2316563621834853,0.46591656424459865,1.8823529411764706,0.47058823529411764,1.4401407191427418,0.0,0.6618336225247707,288,relaxed
324,local,5.418657435827773,0.10642516500656404,0.005059958320915664,317.3912650203313,332.9212365980702,2.5567505579059038,0.11613135198841384,1.0354559688819527,0.6618248858878383,0.37729967772648126,0.40289882894261114,0.23083936328427757,0.46578725156151557,1.8823529411764706,0.47058823529411764,1.4375885524253695,0.0,0.6618248858878383,288,relaxed
325,local,5.418657435827773,0.10659786748662901,0.005059958320915664,317.3912650203313,332.9212365980702,2.5567505579059038,0.11613135198841384,1.0354559688819527,0.6621464128083074,0.3774105761806559,0.40296333945662144,0.23229763407768414,0.46591966337124757,1.8823529411764706,0.47058823529411764,1.4385454071525978,0.0,0.6618248858878383,288,relaxed
326,local,5.418657435827773,0.10649113148400746,0.005059958320915664,317.3912650203313,332.9212365980702,2.5567505579059038,0.11613135198841384,1.0354559688819527,0.6620771033188774,0.3774357609066199,0.40303982689934975,0.23190322944450834,0.46591701069553826,1.8823529411764706,0.47058823529411764,1.4379437006158824,0.0,0.6618248858878383,288,relaxed
327,local,5.418657435827773,0.10642516500656404,0.007948337219377051,317.3912650203313,332.9212365980702,2.5567505579059038,0.11613135198841384,1.0354559688819527,1.361094361520353,0.543245534669075,3.3398530888159743,0.6759805916511225,0.5110992774254368,1.8823529411764706,0.47058823529411764,1.5400178351195362,0.0,0.6618248858878383,288,relaxed
328,local,5.418657435827773,0.10642516500656404,0.012551662780622948,317.3912650203313,332.9212365980702,2.5567505579059038,0.11613135198841384,1.0354559688819527,3.5353834008176426,1.1827363295421507,11.865461790413935,2.847797737098331,0.5208199888001421,1.8823529411764706,0.47058823529411764,1.8207870647154378,0.0,0.6618248858878383,288,relaxed
329,local,5.418657435827773,0.10642516500656404,0.005103325561245899,317.3912650203313,332.9212365980702,2.5567505579059038,0.11613135198841384,1.0354559688819527,0.663231183928793,0.3688385052871696,0.415477436174634,0.23475817833720064,0.4655532668500011,1.8823529411764706,0.47058823529411764,1.4381902830493938,0.0,0.6618248858878383,288,relaxed
330,local,5.418657435827773,0.10642516500656404,0.0025021834034467255,317.3912650203313,332.9212365980702,2.5567505579059038,0.11613135198841384,1.0354559688819527,1.182849023281359,0.9354666467998587,2.2162083406564395,0.5020999562479666,0.5028160724714273,1.8823529411764706,0.47058823529411764,1.44729713552616,0.0,0.6618248858878383,288,relaxed
331,local,5.418657435827773,0.10642516500656404,0.005025011141443438,317.3912650203313,332.9212365980702,2.5567505579059038,0.11613135198841384,1.0354559688819527,0.6613320335745957,0.384281363444448,0.3941536526091737,0.2300397563523699,0.46581210492821556,1.8823529411764706,0.47058823529411764,1.4371097293180235,0.0,0.6613320335745957,288,relaxed
332,local,5.418657435827773,0.10642516500656404,0.004927616693683711,317.3912650203313,332.9212365980702,2.5567505579059038,0.11613135198841384,1.0354559688819527,0.6599714337592714,0.40364726044522375,0.3727203082290692,0.22392266530952687,0.4660201762180332,1.8823529411764706,0.47058823529411764,1.4358945817879292,0.0,0.6599714337592714,288,relaxed
333,local,5.418657435827773,0.10642516500656404,0.004001183614258672,317.3912650203313,332.9212365980702,2.5567505579059038,0.11613135198841384,1.0354559688819527,0.7260846761436832,0.5923861630987295,0.5075582546721809,0.2250654597426777,0.47561745832963187,1.8823529411764706,0.47058823529411764,1.431631803455446,0.0,0.6599714337592714,288,relaxed
334,local,5.418657435827773,0.10642516500656404,0.004856928121609394,317.3912650203313,332.9212365980702,2.5567505579059038,0.11613135198841384,1.0354559688819527,0.6601747444567587,0.41795008853699805,0.3616558750537211,0.22100777531365723,0.4662182879910944,1.8823529411764706,0.47058823529411764,1.4351575507403955,0.0,0.6599714337592714,288,relaxed
335,local,5.418657435827773,0.10642516500656404,0.004960950028979988,317.3912650203313,332.9212365980702,2.5567505579059038,0.11613135198841384,1.0354559688819527,0.6604863306999191,0.3971495972124992,0.3795248643055762,0.2266283860033385,0.46620103641368543,1.8823529411764706,0.47058823529411764,1.4363052065573623,0.0,0.6599714337592714,288,relaxed
336,local,5.418657435827773,0.10642516500656404,0.0048942833583874345,317.3912650203313,332.9212365980702,2.5567505579059038,0.11613135198841384,1.0354559688819527,0.6599469067382959,0.4106449080563523,0.3673115016229471,0.22165725956527693,0.4661235544611861,1.8823529411764706,0.47058823529411764,1.4355347598516843,0.0,0.6599469067382959,288,relaxed
337,local,5.418657435827773,0.10642516500656404,0.0048942833583874345,313.819660112501,332.9212365980702,2.5567505579059038,0.11613135198841384,1.0354559688819527,0.8627497879763129,0.3238903007690084,0.9525521918141093,0.8219582168123982,0.4707283063323173,1.8823529411764706,0.47058823529411764,1.6829309256419935,0.0,0.6599469067382959,288,relaxed
338,local,5.418657435827773,0.10642516500656404,0.0048942833583874345,316.180339887499,332.9212365980702,2.5567505579059038,0.11613135198841384,1.0354559688819527,0.6890482126568838,0.3476208593034311,0.4787202498035488,0.32256606797205783,0.4668080851306794,1.8823529411764706,0.47058823529411764,1.5192420632838968,0.0,0.6599469067382959,288,relaxed
339,local,5.418657435827773,0.10642516500656404,0.0048942833583874345,317.6393202250021,332.9212365980702,2.5567505579059038,0.11613135198841384,1.0354559688819527,0.6581535840974402,0.42503672256359815,0.3551899726720093,0.21207212559540992,0.46610780085389425,1.8823529411764706,0.47058823529411764,1.419389827540815,0.0,0.6581535840974402,288,relaxed
340,local,5.418657435827773,0.10642516500656404,0.0048942833583874345,317.68153262643233,332.9212365980702,2.5567505579059038,0.11613135198841384,1.0354559688819527,0.6580406711054065,0.42733914496500475,0.3534677876466325,0.21130991928950899,0.46624289397678204,1.8823529411764706,0.47058823529411764,1.4166919577450625,0.0,0.6580406711054065,288,relaxed
341,local,5.418657435827773,0.10642516500656404,0.0048942833583874345,317.76895000828347,332.9212365980702,2.5567505579059038,0.11613135198841384,1.0354559688819527,0.6577528303568737,0.43271311025514236,0.35017711369169874,0.2083443322160159,0.46638744943793675,1.8823529411764706,0.47058823529411764,1.4110650722706053,0.0,0.6577528303568737,288,relaxed
342,local,5.418657435827773,0.10642516500656404,0.0048942833583874345,318.621135274519,332.9212365980702,2.5567505579059038,0.11613135198841384,1.0354559688819527,0.6633068113949572,0.48392547391051055,0.34379984525000223,0.20231006273819707,0.4676115854040057,1.8823529411764706,0.47058823529411764,1.3572347127128361,0.0,0.6577528303568737,288,relaxed
343,local,5.418657435827773,0.10642516500656404,0.0048942833583874345,318.09445581527353,332.9212365980702,2.5567505579059038,0.11613135198841384,1.0354559688819527,0.6583076166979799,0.45205476728127214,0.34277148361902887,0.2025270209047256,0.4668799082617916,1.8823529411764706,0.47058823529411764,1.390391248741194,0.0,0.6577528303568737,288,relaxed
344,local,5.418657435827773,0.10642516500656404,0.0048942833583874345,317.8932821630182,332.9212365980702,2.5567505579059038,0.11613135198841384,1.0354559688819527,0.657786229033515,0.44010485994517123,0.34676483454675466,0.2056461163033469,0.4666472812842121,1.8823529411764706,0.47058823529411764,1.4031303158222723,0.0,0.6577528303568737,288,relaxed
345,local,5.418657435827773,0.10642516500656404,0.0048942833583874345,317.823130172753,332.9212365980702,2.5567505579059038,0.11613135198841384,1.0354559688819527,0.6576751553045441,0.43601901669263676,0.3485409417218334,0.2067671833328087,0.46637917212959723,1.8823529411764706,0.47058823529411764,1.407588911928136,0.0,0.6576751553045441,288,relaxed
346,local,5.418657435827773,0.10642516500656404,0.0048942833583874345,317.8255809562098,332.9212365980702,2.5567505579059038,0.11613135198841384,1.0354559688819527,0.657671177722891,0.43616437362824156,0.3484682105312448,0.20669998689429409,0.46637549300849784,1.8823529411764706,0.47058823529411764,1.407431483993852,0.0,0.657671177722891,288,relaxed
347,local,5.418657435827773,0.10642516500656404,0.0048942833583874345,317.8514405161312,332.9212365980702,2.5567505579059038,0.11613135198841384,1.0354559688819527,0.6576588313720995,0.4375470863046492,0.3478085279068366,0.20612000668967367,0.46646254501162926,1.8823529411764706,0.47058823529411764,1.4057712213744902,0.0,0.6576588313720995,288,relaxed
348,local,5.418657435827773,0.10642516500656404,0.0048942833583874345,317.8444103068018,332.9212365980702,2.5567505579059038,0.11613135198841384,1.0354559688819527,0.6575841003234917,0.4371334657435657,0.34789519479979014,0.2058787067375589,0.4664910696302202,1.8823529411764706,0.47058823529411764,1.4062227410754264,0.0,0.6575841003234917,288,relaxed
349,local,5.418657435827773,0.10642516500656404,0.0048942833583874345,317.8389154139285,332.9212365980702,2.5567505579059038,0.11613135198841384,1.0354559688819527,0.6576087531956298,0.4368248750804952,0.3480832263718364,0.20607227345460907,0.4665058087934233,1.8823529411764706,0.47058823529411764,1.4065731172415255,0.0,0.6575841003234917,288,relaxed
350,local,5.418657435827773,0.10642516500656404,0.0048942833583874345,317.84352155675776,332.9212365980702,2.5567505579059038,0.11613135198841384,1.0354559688819527,0.6575638129864763,0.4370412563473559,0.3478581106972395,0.20589647385469498,0.4664918595822858,1.8823529411764706,0.47058823529411764,1.4062784971225546,0.0,0.6575638129864763,288,relaxed
351,local,5.418657435827773,0.10642516500656404,0.0048942833583874345,317.84204116451735,332.9212365980702,2.5567505579059038,0.11613135198841384,1.0354559688819527,0.6575886170739996,0.43699066280447924,0.3479630771431036,0.2059477350462652,0.466501298462133,1.8823529411764706,0.47058823529411764,1.406374987046819,0.0,0.6575638129864763,288,relaxed
352,local,5.418657435827773,0.10642516500656404,0.0048942833583874345,317.8432827914195,332.9212365980702,2.5567505579059038,0.11613135198841384,1.0354559688819527,0.6575829049143389,0.43706350659131,0.34792332459727554,0.2059045800544861,0.46648882570946254,1.8823529411764706,0.47058823529411764,1.4062952621229428,0.0,0.6575638129864763,288,relaxed
353,local,5.418657435827773,0.10642516500656404,0.0048942833583874345,317.84384073417783,332.9212365980702,2.5567505579059038,0.11613135198841384,1.0354559688819527,0.6575844895681284,0.4370983121948621,0.34790992402665455,0.20589436972405237,0.4664925093488229,1.8823529411764706,0.47058823529411764,1.4062609151402303,0.0,0.6575638129864763,288,relaxed
354,local,5.418657435827773,0.10642516500656404,0.0048942833583874345,317.8436434716838,332.9212365980702,2.5567505579059038,0.11613135198841384,1.0354559688819527,0.6575830375281276,0.437086624828857,0.3479142990135698,0.20589324986095742,0.466489901998732,1.8823529411764706,0.47058823529411764,1.4062723054961292,0.0,0.6575638129864763,288,relaxed
355,local,5.418657435827773,0.10642516500656404,0.0048942833583874345,317.84346285254003,332.9212365980702,2.5567505579059038,0.11613135198841384,1.0354559688819527,0.6575823047381469,0.4370747835024664,0.3479183531443887,0.2058944292961035,0.46649043001311746,1.8823529411764706,0.47058823529411764,1.406283676130208,0.0,0.6575638129864763,288,relaxed
356,local,5.418657435827773,0.10642516500656404,0.0048942833583874345,317.8435681241158,332.9212365980702,2.5567505579059038,0.11613135198841384,1.0354559688819527,0.657583838437106,0.43708250626904727,0.3479191148124609,0.20589169982027644,0.4664941048888964,1.8823529411764706,0.47058823529411764,1.4062775761709203,0.0,0.6575638129864763,288,relaxed
357,local,5.418657435827773,0.10642516500656404,0.0048942833583874345,317.84352155675776,333.3475241575015,2.5567505579059038,0.11613135198841384,1.0354559688819527,0.6587644520727651,0.41903583280536133,0.3640551767937966,0.21111233084227682,0.4660167000596104,1.8823529411764706,0.47058823529411764,1.4233026162353626,0.0,0.6575638129864763,288,relaxed
358,local,5.418657435827773,0.10642516500656404,0.0048942833583874345,317.84352155675776,336.6524758424985,2.5567505579059038,0.11613135198841384,1.0354559688819527,0.7460207821026078,0.30368071619497033,0.7271331960168924,0.4103509911403667,0.47434202587627455,1.8823529411764706,0.47058823529411764,1.554845648037134,0.0,0.6575638129864763,288,relaxed
359,local,5.418657435827773,0.10642516500656404,0.0048942833583874345,317.84352155675776,331.30495168499704,2.5567505579059038,0.11613135198841384,1.0354559688819527,0.6751063402180781,0.5085378053842506,0.35515303382644664,0.23393028089344875,0.4727630176352451,1.8823529411764706,0.47058823529411764,1.339048257815044,0.0,0.6575638129864763,288,relaxed
360,local,5.418657435827773,0.10642516500656404,0.0048942833583874345,317.84352155675776,332.9480506056065,2.5567505579059038,0.11613135198841384,1.0354559688819527,0.6576798450313609,0.436107432887875,0.34876328390349126,0.20647482696675643,0.46636668284210253,1.8823529411764706,0.47058823529411764,1.407354209917528,0.0,0.6575638129864763,288,relaxed
361,local,5.418657435827773,0.10642516500656404,0.0048942833583874345,317.84352155675776,332.93962786117874,2.5567505579059038,0.11613135198841384,1.0354559688819527,0.6576710512675791,0.4364467727680462,0.3485009465761436,0.20642491943481936,0.466367535602662,1.8823529411764706,0.47058823529411764,1.4070174887447309,0.0,0.6575638129864763,288,relaxed
362,local,5.418657435827773,0.10642516500656404,0.0048942833583874345,317.84352155675776,332.8164144930425,2.5567505579059038,0.11613135198841384,1.0354559688819527,0.6577443237722811,0.44160500195589436,0.3450949105915977,0.20596817198072068,0.4665992178148266,1.8823529411764706,0.47058823529411764,1.4021493617513645,0.0,0.6575638129864763,288,relaxed
363,local,5.418657435827773,0.10642516500656404,0.0048942833583874345,317.84352155675776,332.892564542419,2.5567505579059038,0.11613135198841384,1.0354559688819527,0.6578011490696489,0.43831852048044634,0.34741976771083716,0.20665832610419715,0.4665643291436511,1.8823529411764706,0.47058823529411764,1.4051665687666528,0.0,0.6575638129864763,288,relaxed
364,local,5.418657435827773,0.10642516500656404,0.0048942833583874345,317.84352155675776,332.90190594259303,2.5567505579059038,0.11613135198841384,1.0354559688819527,0.6577960377445049,0.4379297563258935,0.3476821332019231,0.20670553632867233,0.4665320871900633,1.8823529411764706,0.47058823529411764,1.405525032104977,0.0,0.6575638129864763,288,relaxed
365,local,5.418657435827773,0.10642516500656404,0.0048942833583874345,317.84352155675776,332.9252193703999,2.5567505579059038,0.11613135198841384,1.0354559688819527,0.6576069253740062,0.4369321629708256,0.34807048860628004,0.20598201138177405,0.4665023922449322,1.8823529411764706,0.47058823529411764,1.4064393961739368,0.0,0.6575638129864763,288,relaxed
366,local,5.418657435827773,0.10642516500656404,0.0048942833583874345,317.84352155675776,332.91631443337195,2.5567505579059038,0.11613135198841384,1.0354559688819527,0.6576490428207574,0.43727662801009004,0.3478533107138297,0.20624766236281833,0.46646652734282834,1.8823529411764706,0.47058823529411764,1.406083238284882,0.0,0.6575638129864763,288,relaxed
367,local,5.418657435827773,0.10642516500656404,0.0048942833583874345,317.84352155675776,332.92677246101823,2.5567505579059038,0.11613135198841384,1.0354559688819527,0.6575442319615682,0.43683639471351915,0.3479192106512051,0.20594477666561428,0.4664308310166975,1.8823529411764706,0.47058823529411764,1.4065001006078843,0.0,0.6575442319615682,288,relaxed
368,local,5.418657435827773,0.10642516500656404,0.0048942833583874345,317.84352155675776,332.93168278694054,2.5567505579059038,0.11613135198841384,1.0354559688819527,0.657606865710151,0.4366222890805507,0.3481292241483553,0.20634221244744547,0.4663914222733436,1.8823529411764706,0.47058823529411764,1.4066950630073816,0.0,0.6575442319615682,288,relaxed
369,local,5.418657435827773,0.10642516500656404,0.0048942833583874345,317.84352155675776,332.9284516402399,2.5567505579059038,0.11613135198841384,1.0354559688819527,0.6575474047397456,0.4367657872835144,0.34797375923470186,0.20596588423173456,0.4664299346455736,1.8823529411764706,0.47058823529411764,1.4065671579724746,0.0,0.6575442319615682,288,relaxed
370,local,5.418657435827773,0.10642516500656404,0.0048942833583874345,317.84352155675776,332.92733112057755,2.5567505579059038,0.11613135198841384,1.0354559688819527,0.6575453651326167,0.4368130673989125,0.34793996737872607,0.20595557053723104,0.4664234406904421,1.8823529411764706,0.47058823529411764,1.4065228357411148,0.0,0.6575442319615682,288,relaxed
371,local,5.418657435827773,0.10642516500656404,0.0048942833583874345,317.84352155675776,332.9261792331896,2.5567505579059038,0.11613135198841384,1.0354559688819527,0.6576095314863099,0.4368924395529301,0.34810041830044774,0.20599561354546309,0.46650686352329673,1.8823529411764706,0.47058823529411764,1.4064764729887584,0.0,0.6575442319615682,288,relaxed
372,local,5.418657435827773,0.10642516500656404,0.0048942833583874345,317.84352155675776,332.92654586815075,2.5567505579059038,0.11613135198841384,1.0354559688819527,0.6576090048058201,0.4368773521796906,0.34811289285056957,0.205991172522052,0.4665059798194417,1.8823529411764706,0.47058823529411764,1.4064923648532321,0.0,0.6575442319615682,288,relaxed
373,local,5.418657435827773,0.10642516500656404,0.0048942833583874345,317.84352155675776,332.92698584998175,2.5567505579059038,0.11613135198841384,1.0354559688819527,0.6575426338691475,0.4368266893230287,0.34792414303700364,0.20593932932857073,0.46642928866321676,1.8823529411764706,0.47058823529411764,1.4065081998498108,0.0,0.6575426338691475,288,relaxed
374,local,5.418657435827773,0.10642516500656404,0.0048942833583874345,317.84352155675776,332.9270191834004,2.5567505579059038,0.11613135198841384,1.0354559688819527,0.6575433786180296,0.4368258276570895,0.3479284307357929,0.2059398430891222,0.4664284848582489,1.8823529411764706,0.47058823529411764,1.4065102608293012,0.0,0.6575426338691475,288,relaxed
375,local,5.418657435827773,0.10642516500656404,0.0048942833583874345,317.84352155675776,332.9269101249282,2.5567505579059038,0.11613135198841384,1.0354559688819527,0.6575428695107545,0.4368287062563585,0.34792159743558626,0.20594279005027782,0.46642877202130795,1.8823529411764706,0.47058823529411764,1.406506195114907,0.0,0.6575426338691475,288,relaxed
376,local,5.418657435827773,0.10642516500656404,0.0048942833583874345,317.84352155675776,332.9269525165631,2.5567505579059038,0.11613135198841384,1.0354559688819527,0.6575424992248512,0.436827866353995,0.3479228596087442,0.20593904150231007,0.4664291595333378,1.8823529411764706,0.47058823529411764,1.406507183421477,0.0,0.6575424992248512,288,relaxed
377,local,5.418657435827773,0.10642516500656404,0.0048942833583874345,317.84352155675776,332.9269525165631,8.257354213751997,0.11613135198841384,1.0354559688819527,0.7325722565763617,0.5100417345685616,0.5257787172670199,0.27618307228393,0.5115481507056496,1.8823529411764706,0.47058823529411764,1.5567343610985218,0.0,0.6575424992248512,288,relaxed
378,local,5.418657435827773,0.10642516500656404,0.0048942833583874345,317.84352155675776,332.9269525165631,12.742645786248001,0.11613135198841384,1.0354559688819527,0.8287227153063794,0.5650640770517293,0.899649046387277,0.2804254611897493,0.5439003072167139,1.8823529411764706,0.47058823529411764,1.654389213034527,0.0,0.6575424992248512,288,relaxed
379,local,5.418657435827773,0.10642516500656404,0.0048942833583874345,317.84352155675776,332.9269525165631,5.4852915724960045,0.11613135198841384,1.0354559688819527,0.6817768406748155,0.47448406348827854,0.3784748202369972,0.2313301691800783,0.4849784877370304,1.8823529411764706,0.47058823529411764,1.4865400137262323,0.0,0.6575424992248512,288,relaxed
380,local,5.418657435827773,0.10642516500656404,0.0048942833583874345,317.84352155675776,332.9269525165631,3.7720626412559937,0.11613135198841384,1.0354559688819527,0.6640079663040684,0.4530822274181873,0.3445753217084054,0.2164174506131264,0.47078168432852907,1.8823529411764706,0.47058823529411764,1.439696430632384,0.0,0.6575424992248512,288,relaxed
381,local,5.418657435827773,0.10642516500656404,0.0048942833583874345,317.84352155675776,332.9269525165631,1.7038337901560698,0.11613135198841384,1.0354559688819527,0.6586882503628416,0.426597849281644,0.3690322482721131,0.20378128298049267,0.4696020572157683,1.8823529411764706,0.47058823529411764,1.3828593023353744,0.0,0.6575424992248512,288,relaxed
382,local,5.418657435827773,0.10642516500656404,0.0048942833583874345,317.84352155675776,332.9269525165631,2.114422082769098,0.11613135198841384,1.0354559688819527,0.6575181315007517,0.43140305623474373,0.3564797345755596,0.20434461140116325,0.46774714136033924,1.8823529411764706,0.47058823529411764,1.3943209143716657,0.0,0.6575181315007517,288,relaxed
383,local,5.418657435827773,0.10642516500656404,0.0048942833583874345,317.84352155675776,332.9269525165631,2.344766768259629,0.11613135198841384,1.0354559688819527,0.6572806998194255,0.43414963907101206,0.3512802090113124,0.20477700363680393,0.46687862121173335,1.8823529411764706,0.47058823529411764,1.400692435395953,0.0,0.6572806998194255,288,relaxed
384,local,5.418657435827773,0.10642516500656404,0.0048942833583874345,317.84352155675776,332.9269525165631,2.41118292479287,0.11613135198841384,1.0354559688819527,0.6576063797276321,0.4352488729802153,0.3505754414260127,0.20587206373393285,0.46681774078630844,1.8823529411764706,0.47058823529411764,1.4025256292493595,0.0,0.6572806998194255,288,relaxed
385,local,5.418657435827773,0.10642516500656404,0.0048942833583874345,317.84352155675776,332.9269525165631,2.255367181678593,0.11613135198841384,1.0354559688819527,0.6575592820535033,0.43317211875223127,0.35351335018015634,0.2052590637149253,0.4674047232031833,1.8823529411764706,0.47058823529411764,1.3982171104685441,0.0,0.6572806998194255,288,relaxed
386,local,5.418657435827773,0.10642516500656404,0.0048942833583874345,317.84352155675776,332.9269525165631,2.3106191647658627,0.11613135198841384,1.0354559688819527,0.6573961897146454,0.4337443133491761,0.35228503728339505,0.20502891095407969,0.46691277650405594,1.8823529411764706,0.47058823529411764,1.39974603527057,0.0,0.6572806998194255,288,relaxed
387,local,5.418657435827773,0.10642516500656404,0.0048942833583874345,317.84352155675776,332.9269525165631,2.3701354826531937,0.11613135198841384,1.0354559688819527,0.6574441364471669,0.4344041570329399,0.3511248281242678,0.2054000142489965,0.46698530523150233,1.8823529411764706,0.47058823529411764,1.4013755357553639,0.0,0.6572806998194255,288,relaxed
388,local,5.418657435827773,0.10642516500656404,0.0048942833583874345,317.84352155675776,332.9269525165631,2.337937169017856,0.11613135198841384,1.0354559688819527,0.6574304402010991,0.4342118829741796,0.35192990652469164,0.20480335203772676,0.46696296544534666,1.8823529411764706,0.47058823529411764,1.4005073994596289,0.0,0.6572806998194255,288,relaxed
