source_file,nominal_drive_mV,time_ns,input_current_uA,output_voltage_mV,output_power_uW,current_corrected_uA,voltage_corrected_mV,effective_resistance_ohm,corrected_power_uW
250mv0_converted.csv,250.0,-296.0,6.29108167682745,-2.386667,-0.015014717032388741,0.5613257342573998,0.43999999999999995,783.8585925195349,0.0002469833230732559
250mv0_converted.csv,250.0,-295.0,6.29108167682745,-1.96,-0.012330520086581804,0.5613257342573998,0.8666670000000001,1543.9644881889271,0.000486482490131658
250mv0_converted.csv,250.0,-294.0,5.54970788569613,-1.96,-0.010877427455964416,-0.18004805687392,0.8666670000000001,,-0.00015604170930674967
250mv0_converted.csv,250.0,-293.0,5.35906984133288,-1.746667,-0.009360510442551376,-0.3706861012371707,1.08,,-0.0004003409893361444
250mv0_converted.csv,250.0,-292.0,6.48172051551919,-2.173333,-0.014086937093154868,0.7519645729491398,0.6533340000000001,868.8361440189673,0.0004912840223031533
250mv0_converted.csv,250.0,-291.0,6.29108167682745,-1.96,-0.012330520086581804,0.5613257342573998,0.8666670000000001,1543.9644881889271,0.000486482490131658
250mv0_converted.csv,250.0,-290.0,5.16843100264114,-1.746667,-0.009027527874090191,-0.5613249399289106,1.08,,-0.0006062309351232236
250mv0_converted.csv,250.0,-289.0,5.35906984133288,-1.746667,-0.009360510442551376,-0.3706861012371707,1.08,,-0.0004003409893361444
250mv0_converted.csv,250.0,-288.0,6.29108167682745,-2.173333,-0.013672615413944433,0.5613257342573998,0.6533340000000001,1163.9124311026317,0.0003667331872653241
250mv0_converted.csv,250.0,-287.0,6.48172051551919,-1.746667,-0.011321407327680357,0.7519645729491398,1.08,1436.2378745641352,0.0008121217387850711
250mv0_converted.csv,250.0,-286.0,4.98838294576722,-1.533333,-0.007648852187382088,-0.7413729968028306,1.293334,,-0.0009588429034469922
250mv0_converted.csv,250.0,-285.0,5.16843100264114,-1.96,-0.010130124765176633,-0.5613249399289106,0.8666670000000001,,-0.00048648180171336923
250mv0_converted.csv,250.0,-284.0,6.48172051551919,-2.173333,-0.014086937093154868,0.7519645729491398,0.6533340000000001,868.8361440189673,0.0004912840223031533
250mv0_converted.csv,250.0,-283.0,6.85240741108485,-1.746667,-0.011968873895497343,1.1226514685147997,1.08,962.0082726376112,0.001212463585995984
250mv0_converted.csv,250.0,-282.0,4.98838294576722,-1.96,-0.00977723057370375,-0.7413729968028306,0.8666670000000001,,-0.0006425235110201189
250mv0_converted.csv,250.0,-281.0,5.16843100264114,-2.386667,-0.012335323715780522,-0.5613249399289106,0.43999999999999995,,-0.0002469829735687207
250mv0_converted.csv,250.0,-280.0,6.29108167682745,-2.386667,-0.015014717032388741,0.5613257342573998,0.43999999999999995,783.8585925195349,0.0002469833230732559
250mv0_converted.csv,250.0,-279.0,7.0430462497766,-1.96,-0.013804370649562137,1.3132903072065494,0.8666670000000001,659.9203506218324,0.0011381853706757788
250mv0_converted.csv,250.0,-278.0,4.98838294576722,-2.386667,-0.011905608960025413,-0.7413729968028306,0.43999999999999995,,-0.00032620411859324544
250mv0_converted.csv,250.0,-277.0,5.16843100264114,-2.6,-0.013437920606866964,-0.5613249399289106,0.22666699999999995,,-0.00012723384015886637
250mv0_converted.csv,250.0,-276.0,6.29108167682745,-2.826667,-0.01778279297019282,0.5613257342573998,0.0,0.0,0.0
250mv0_converted.csv,250.0,-275.0,7.0430462497766,-2.386667,-0.01680940606381557,1.3132903072065494,0.43999999999999995,335.0363568401776,0.0005778477351708817
250mv0_converted.csv,250.0,-274.0,5.16843100264114,-2.826667,-0.014609433356942623,-0.5613249399289106,0.0,,-0.0
250mv0_converted.csv,250.0,-273.0,5.35906984133288,-3.04,-0.016291572317651954,-0.3706861012371707,-0.213333,,7.907957803522935e-05
250mv0_converted.csv,250.0,-272.0,6.11103361995353,-3.466667,-0.021184918586183446,0.38127767738347984,-0.6400000000000001,-1678.5666666666762,-0.00024401771352542716
250mv0_converted.csv,250.0,-271.0,6.85240741108485,-2.6,-0.017816259268820613,1.1226514685147997,0.22666699999999995,201.90326771661978,0.00025446804041384403
250mv0_converted.csv,250.0,-270.0,5.35906984133288,-3.04,-0.016291572317651954,-0.3706861012371707,-0.213333,,7.907957803522935e-05
250mv0_converted.csv,250.0,-269.0,5.54970788569613,-3.466667,-0.01923898918698255,-0.18004805687392,-0.6400000000000001,,0.00011523075639930882
250mv0_converted.csv,250.0,-268.0,5.92039478126179,-4.106666,-0.024313083954785233,0.19063883869173992,-1.2799989999999997,-6714.261421145868,-0.00024401752288658835
250mv0_converted.csv,250.0,-267.0,6.67235935421093,-3.04,-0.020283972436801228,0.9426034116408797,-0.213333,-226.32317830107456,-0.00020108841361558377
250mv0_converted.csv,250.0,-266.0,5.35906984133288,-3.466667,-0.018578110569643935,-0.3706861012371707,-0.6400000000000001,,0.00023723910479178932
250mv0_converted.csv,250.0,-265.0,5.54970788569613,-3.68,-0.02042292501936176,-0.18004805687392,-0.8533330000000001,,0.0001536409485163928
250mv0_converted.csv,250.0,-264.0,5.92039478126179,-4.32,-0.025576105455050936,0.19063883869173992,-1.4933330000000002,-7833.309362604212,-0.00028468726890005207
250mv0_converted.csv,250.0,-263.0,6.48172051551919,-3.253333,-0.021087195249915595,0.7519645729491398,-0.426666,-567.4017305451679,-0.00032083771648191766
250mv0_converted.csv,250.0,-262.0,5.35906984133288,-3.68,-0.019721377016104998,-0.3706861012371707,-0.8533330000000001,,0.0003163186828270186
250mv0_converted.csv,250.0,-261.0,5.54970788569613,-3.68,-0.02042292501936176,-0.18004805687392,-0.8533330000000001,,0.0001536409485163928
250mv0_converted.csv,250.0,-260.0,5.92039478126179,-4.746667,-0.02810214253518756,0.19063883869173992,-1.9200000000000004,-10071.400000000058,-0.00036602657028814075
250mv0_converted.csv,250.0,-259.0,6.67235935421093,-3.466667,-0.023130847985384343,0.9426034116408797,-0.6400000000000001,-678.9705957947798,-0.0006032661834501631
250mv0_converted.csv,250.0,-258.0,5.35906984133288,-4.106666,-0.02200790990902713,-0.3706861012371707,-1.2799989999999997,,0.00047447783889747715
250mv0_converted.csv,250.0,-257.0,5.54970788569613,-3.68,-0.02042292501936176,-0.18004805687392,-0.8533330000000001,,0.0001536409485163928
250mv0_converted.csv,250.0,-256.0,6.11103361995353,-4.96,-0.03031072675496951,0.38127767738347984,-2.133333,-5595.221347968781,-0.0008133922513255312
250mv0_converted.csv,250.0,-255.0,6.48172051551919,-3.893333,-0.02523549637984788,0.7519645729491398,-1.0666660000000001,-1418.5056562128036,-0.0008020950431693672
250mv0_converted.csv,250.0,-254.0,5.35906984133288,-4.32,-0.02315118171455804,-0.3706861012371707,-1.4933330000000002,,0.0005535577876188079
250mv0_converted.csv,250.0,-253.0,5.54970788569613,-3.893333,-0.02160686085174097,-0.18004805687392,-1.0666660000000001,,0.00019205114063347678
250mv0_converted.csv,250.0,-252.0,6.29108167682745,-4.96,-0.031203765117064155,0.5613257342573998,-2.133333,-3800.5259153533575,-0.0011974947126405415
250mv0_converted.csv,250.0,-251.0,6.67235935421093,-3.893333,-0.025977716861608106,0.9426034116408797,-1.0666660000000001,-1131.616952396929,-0.0010054430106813306
250mv0_converted.csv,250.0,-250.0,5.35906984133288,-4.533333,-0.024294448161019104,-0.3706861012371707,-1.7066659999999998,,0.0006326373656540371
250mv0_converted.csv,250.0,-249.0,5.35906984133288,-4.106666,-0.02200790990902713,-0.3706861012371707,-1.2799989999999997,,0.00047447783889747715
250mv0_converted.csv,250.0,-248.0,6.48172051551919,-4.96,-0.03214933375697518,0.7519645729491398,-2.133333,-2837.0126422754906,-0.0016041908383033073
250mv0_converted.csv,250.0,-247.0,6.67235935421093,-3.893333,-0.025977716861608106,0.9426034116408797,-1.0666660000000001,-1131.616952396929,-0.0010054430106813306
250mv0_converted.csv,250.0,-246.0,5.35906984133288,-4.32,-0.02315118171455804,-0.3706861012371707,-1.4933330000000002,,0.0005535577876188079
250mv0_converted.csv,250.0,-245.0,5.16843100264114,-4.106666,-0.02122501987189228,-0.5613249399289106,-1.2799989999999997,,0.0007184953617840655
250mv0_converted.csv,250.0,-244.0,6.48172051551919,-4.533333,-0.029383797509780155,0.7519645729491398,-1.7066659999999998,-2269.609581880439,-0.0012833523698568164
250mv0_converted.csv,250.0,-243.0,6.67235935421093,-3.68,-0.024554282423496224,0.9426034116408797,-0.8533330000000001,-905.2937740958542,-0.0008043545970657468
250mv0_converted.csv,250.0,-242.0,5.54970788569613,-4.106666,-0.022790796684120186,-0.18004805687392,-1.2799989999999997,,0.00023046133275056067
250mv0_converted.csv,250.0,-241.0,5.16843100264114,-4.106666,-0.02122501987189228,-0.5613249399289106,-1.2799989999999997,,0.0007184953617840655
250mv0_converted.csv,250.0,-240.0,6.67235935421093,-4.32,-0.02882459241019122,0.9426034116408797,-1.4933330000000002,-1584.2643698906343,-0.00140762078051591
250mv0_converted.csv,250.0,-239.0,6.48172051551919,-3.466667,-0.022469966614373366,0.7519645729491398,-0.6400000000000001,-851.1039256676357,-0.0004812573266874495
250mv0_converted.csv,250.0,-238.0,5.54970788569613,-3.893333,-0.02160686085174097,-0.18004805687392,-1.0666660000000001,,0.00019205114063347678
250mv0_converted.csv,250.0,-237.0,4.98838294576722,-3.893333,-0.019421435939392728,-0.7413729968028306,-1.0666660000000001,,0.0007907973690076883
250mv0_converted.csv,250.0,-236.0,6.48172051551919,-4.106666,-0.02661826126258513,0.7519645729491398,-1.2799989999999997,-1702.2065214853867,-0.0009625139014103257
250mv0_converted.csv,250.0,-235.0,6.48172051551919,-3.04,-0.019704430367178342,0.7519645729491398,-0.213333,-283.70086527258394,-0.00016041885824095883
250mv0_converted.csv,250.0,-234.0,5.54970788569613,-3.68,-0.02042292501936176,-0.18004805687392,-0.8533330000000001,,0.0001536409485163928
250mv0_converted.csv,250.0,-233.0,4.98838294576722,-3.893333,-0.019421435939392728,-0.7413729968028306,-1.0666660000000001,,0.0007907973690076883
250mv0_converted.csv,250.0,-232.0,6.48172051551919,-4.106666,-0.02661826126258513,0.7519645729491398,-1.2799989999999997,-1702.2065214853867,-0.0009625139014103257
250mv0_converted.csv,250.0,-231.0,6.29108167682745,-2.826667,-0.01778279297019282,0.5613257342573998,0.0,0.0,0.0
250mv0_converted.csv,250.0,-230.0,5.72975594257005,-3.253333,-0.01864080408990925,0.0,-0.426666,,-0.0
250mv0_converted.csv,250.0,-229.0,4.98838294576722,-3.466667,-0.01729306254145401,-0.7413729968028306,-0.6400000000000001,,0.0004744787179538117
250mv0_converted.csv,250.0,-228.0,6.48172051551919,-4.106666,-0.02661826126258513,0.7519645729491398,-1.2799989999999997,-1702.2065214853867,-0.0009625139014103257
250mv0_converted.csv,250.0,-227.0,6.29108167682745,-2.386667,-0.015014717032388741,0.5613257342573998,0.43999999999999995,783.8585925195349,0.0002469833230732559
250mv0_converted.csv,250.0,-226.0,5.72975594257005,-2.826667,-0.016196112040916658,0.0,0.0,,0.0
250mv0_converted.csv,250.0,-225.0,4.79774410707548,-3.466667,-0.016632181170443034,-0.9320118354945706,-0.6400000000000001,,0.0005964875747165253
250mv0_converted.csv,250.0,-224.0,6.29108167682745,-3.68,-0.02315118057072502,0.5613257342573998,-0.8533330000000001,-1520.2100098419828,-0.0004789977727910699
250mv0_converted.csv,250.0,-223.0,6.48172051551919,-1.96,-0.012704172210417612,0.7519645729491398,0.8666670000000001,1152.5370092915512,0.0006517028805441122
250mv0_converted.csv,250.0,-222.0,5.72975594257005,-2.6,-0.014897365450682133,0.0,0.22666699999999995,,0.0
250mv0_converted.csv,250.0,-221.0,4.98838294576722,-3.253333,-0.01622887085410171,-0.7413729968028306,-0.426666,,0.0003163186510538765
250mv0_converted.csv,250.0,-220.0,6.11103361995353,-3.466667,-0.021184918586183446,0.38127767738347984,-0.6400000000000001,-1678.5666666666762,-0.00024401771352542716
250mv0_converted.csv,250.0,-219.0,6.67235935421093,-1.746667,-0.011654389896141542,0.9426034116408797,1.08,1145.7628804036906,0.0010180116845721501
250mv0_converted.csv,250.0,-218.0,5.35906984133288,-2.6,-0.013933581587465488,-0.3706861012371707,0.22666699999999995,,-8.402230650912577e-05
250mv0_converted.csv,250.0,-217.0,4.98838294576722,-3.04,-0.015164684155132349,-0.7413729968028306,-0.213333,,0.00015815932552693825
250mv0_converted.csv,250.0,-216.0,6.11103361995353,-3.253333,-0.01988122733990428,0.38127767738347984,-0.426666,-1119.042695937506,-0.0001626782214984998
250mv0_converted.csv,250.0,-215.0,6.67235935421093,-1.746667,-0.011654389896141542,0.9426034116408797,1.08,1145.7628804036906,0.0010180116845721501
250mv0_converted.csv,250.0,-214.0,5.35906984133288,-2.6,-0.013933581587465488,-0.3706861012371707,0.22666699999999995,,-8.402230650912577e-05
250mv0_converted.csv,250.0,-213.0,5.16843100264114,-3.04,-0.015712030248029064,-0.5613249399289106,-0.213333,,0.0001197491334098543
250mv0_converted.csv,250.0,-212.0,6.11103361995353,-3.253333,-0.01988122733990428,0.38127767738347984,-0.426666,-1119.042695937506,-0.0001626782214984998
250mv0_converted.csv,250.0,-211.0,6.85240741108485,-2.173333,-0.01489256315595527,1.1226514685147997,0.6533340000000001,581.9562155513158,0.0007334663745306482
250mv0_converted.csv,250.0,-210.0,5.35906984133288,-2.826667,-0.015148305871190888,-0.3706861012371707,0.0,,-0.0
250mv0_converted.csv,250.0,-209.0,5.16843100264114,-3.04,-0.015712030248029064,-0.5613249399289106,-0.213333,,0.0001197491334098543
250mv0_converted.csv,250.0,-208.0,6.11103361995353,-3.466667,-0.021184918586183446,0.38127767738347984,-0.6400000000000001,-1678.5666666666762,-0.00024401771352542716
250mv0_converted.csv,250.0,-207.0,6.85240741108485,-2.826667,-0.01936947389946898,1.1226514685147997,0.0,0.0,0.0
250mv0_converted.csv,250.0,-206.0,5.35906984133288,-3.04,-0.016291572317651954,-0.3706861012371707,-0.213333,,7.907957803522935e-05
250mv0_converted.csv,250.0,-205.0,4.98838294576722,-3.253333,-0.01622887085410171,-0.7413729968028306,-0.426666,,0.0003163186510538765
250mv0_converted.csv,250.0,-204.0,6.11103361995353,-3.893333,-0.02379228885667454,0.38127767738347984,-1.0666660000000001,-2797.6093626041825,-0.00040669593502392693
250mv0_converted.csv,250.0,-203.0,6.85240741108485,-3.04,-0.020831318529697947,1.1226514685147997,-0.213333,-190.0260285431477,-0.00023949860573266776
250mv0_converted.csv,250.0,-202.0,5.35906984133288,-3.253333,-0.01743483876411302,-0.3706861012371707,-0.426666,,0.0001581591560704587
250mv0_converted.csv,250.0,-201.0,4.79774410707548,-3.253333,-0.015608659229104193,-0.9320118354945706,-0.426666,,0.0003976577618031265
250mv0_converted.csv,250.0,-200.0,6.11103361995353,-3.893333,-0.02379228885667454,0.38127767738347984,-1.0666660000000001,-2797.6093626041825,-0.00040669593502392693
250mv0_converted.csv,250.0,-199.0,6.85240741108485,-2.6,-0.017816259268820613,1.1226514685147997,0.22666699999999995,201.90326771661978,0.00025446804041384403
250mv0_converted.csv,250.0,-198.0,5.35906984133288,-3.466667,-0.018578110569643935,-0.3706861012371707,-0.6400000000000001,,0.00023723910479178932
250mv0_converted.csv,250.0,-197.0,4.60710526838374,-3.466667,-0.015971299799432057,-1.1226506741863105,-0.6400000000000001,,0.0007184964314792388
250mv0_converted.csv,250.0,-196.0,5.92039478126179,-3.893333,-0.02305006837491431,0.19063883869173992,-1.0666660000000001,-5595.218725208365,-0.00020334796751196347
250mv0_converted.csv,250.0,-195.0,6.85240741108485,-2.386667,-0.016354414638591646,1.1226514685147997,0.43999999999999995,391.92929625976745,0.0004939666461465118
250mv0_converted.csv,250.0,-194.0,5.16843100264114,-3.253333,-0.01681462713911551,-0.5613249399289106,-0.426666,,0.0002394982668197086
250mv0_converted.csv,250.0,-193.0,4.60710526838374,-3.466667,-0.015971299799432057,-1.1226506741863105,-0.6400000000000001,,0.0007184964314792388
250mv0_converted.csv,250.0,-192.0,6.11103361995353,-3.466667,-0.021184918586183446,0.38127767738347984,-0.6400000000000001,-1678.5666666666762,-0.00024401771352542716
250mv0_converted.csv,250.0,-191.0,6.85240741108485,-1.96,-0.013430718525726306,1.1226514685147997,0.8666670000000001,771.9822440944636,0.000972964980263316
250mv0_converted.csv,250.0,-190.0,5.16843100264114,-2.826667,-0.014609433356942623,-0.5613249399289106,0.0,,-0.0
250mv0_converted.csv,250.0,-189.0,4.79774410707548,-3.04,-0.01458514208550946,-0.9320118354945706,-0.213333,,0.00019882888090156324
250mv0_converted.csv,250.0,-188.0,6.11103361995353,-3.253333,-0.01988122733990428,0.38127767738347984,-0.426666,-1119.042695937506,-0.0001626782214984998
250mv0_converted.csv,250.0,-187.0,6.85240741108485,-1.533333,-0.010507022412860965,1.1226514685147997,1.293334,1152.0351919291595,0.00145196331438012
250mv0_converted.csv,250.0,-186.0,5.16843100264114,-2.6,-0.013437920606866964,-0.5613249399289106,0.22666699999999995,,-0.00012723384015886637
250mv0_converted.csv,250.0,-185.0,4.79774410707548,-2.6,-0.012474134678396248,-0.9320118354945706,0.22666699999999995,,-0.00021125632671604777
250mv0_converted.csv,250.0,-184.0,6.11103361995353,-3.04,-0.018577542204658733,0.38127767738347984,-0.213333,-559.521347968753,-8.13391107492499e-05
250mv0_converted.csv,250.0,-183.0,6.67235935421093,-1.32,-0.008807514347558427,0.9426034116408797,1.506667,1598.4102978973956,0.0014201894544067293
250mv0_converted.csv,250.0,-182.0,5.16843100264114,-1.96,-0.010130124765176633,-0.5613249399289106,0.8666670000000001,,-0.00048648180171336923
250mv0_converted.csv,250.0,-181.0,4.98838294576722,-1.96,-0.00977723057370375,-0.7413729968028306,0.8666670000000001,,-0.0006425235110201189
250mv0_converted.csv,250.0,-180.0,6.29108167682745,-2.826667,-0.01778279297019282,0.5613257342573998,0.0,0.0,0.0
250mv0_converted.csv,250.0,-179.0,6.67235935421093,-1.533333,-0.010230948785670308,0.9426034116408797,1.293334,1372.0871195963211,0.0012191010407911456
250mv0_converted.csv,250.0,-178.0,4.98838294576722,-1.746667,-0.008713043874734393,-0.7413729968028306,1.08,,-0.0008006828365470573
250mv0_converted.csv,250.0,-177.0,4.98838294576722,-1.746667,-0.008713043874734393,-0.7413729968028306,1.08,,-0.0008006828365470573
250mv0_converted.csv,250.0,-176.0,6.29108167682745,-3.04,-0.01912488829755545,0.5613257342573998,-0.213333,-380.0520570862954,-0.00011974930286633388
250mv0_converted.csv,250.0,-175.0,6.48172051551919,-1.746667,-0.011321407327680357,0.7519645729491398,1.08,1436.2378745641352,0.0008121217387850711
250mv0_converted.csv,250.0,-174.0,4.98838294576722,-1.533333,-0.007648852187382088,-0.7413729968028306,1.293334,,-0.0009588429034469922
250mv0_converted.csv,250.0,-173.0,5.35906984133288,-1.746667,-0.009360510442551376,-0.3706861012371707,1.08,,-0.0004003409893361444
250mv0_converted.csv,250.0,-172.0,6.48172051551919,-3.04,-0.019704430367178342,0.7519645729491398,-0.213333,-283.70086527258394,-0.00016041885824095883
250mv0_converted.csv,250.0,-171.0,6.48172051551919,-1.96,-0.012704172210417612,0.7519645729491398,0.8666670000000001,1152.5370092915512,0.0006517028805441122
250mv0_converted.csv,250.0,-170.0,4.98838294576722,-1.533333,-0.007648852187382088,-0.7413729968028306,1.293334,,-0.0009588429034469922
250mv0_converted.csv,250.0,-169.0,5.54970788569613,-1.96,-0.010877427455964416,-0.18004805687392,0.8666670000000001,,-0.00015604170930674967
250mv0_converted.csv,250.0,-168.0,6.48172051551919,-3.04,-0.019704430367178342,0.7519645729491398,-0.213333,-283.70086527258394,-0.00016041885824095883
250mv0_converted.csv,250.0,-167.0,6.48172051551919,-2.173333,-0.014086937093154868,0.7519645729491398,0.6533340000000001,868.8361440189673,0.0004912840223031533
250mv0_converted.csv,250.0,-166.0,4.98838294576722,-1.746667,-0.008713043874734393,-0.7413729968028306,1.08,,-0.0008006828365470573
250mv0_converted.csv,250.0,-165.0,5.72975594257005,-2.173333,-0.012452667671933594,0.0,0.6533340000000001,,0.0
250mv0_converted.csv,250.0,-164.0,6.29108167682745,-3.04,-0.01912488829755545,0.5613257342573998,-0.213333,-380.0520570862954,-0.00011974930286633388
250mv0_converted.csv,250.0,-163.0,6.48172051551919,-2.173333,-0.014086937093154868,0.7519645729491398,0.6533340000000001,868.8361440189673,0.0004912840223031533
250mv0_converted.csv,250.0,-162.0,5.16843100264114,-1.96,-0.010130124765176633,-0.5613249399289106,0.8666670000000001,,-0.00048648180171336923
250mv0_converted.csv,250.0,-161.0,5.72975594257005,-2.386667,-0.013675019426185837,0.0,0.43999999999999995,,0.0
250mv0_converted.csv,250.0,-160.0,6.11103361995353,-3.253333,-0.01988122733990428,0.38127767738347984,-0.426666,-1119.042695937506,-0.0001626782214984998
250mv0_converted.csv,250.0,-159.0,6.48172051551919,-2.173333,-0.014086937093154868,0.7519645729491398,0.6533340000000001,868.8361440189673,0.0004912840223031533
250mv0_converted.csv,250.0,-158.0,5.16843100264114,-1.96,-0.010130124765176633,-0.5613249399289106,0.8666670000000001,,-0.00048648180171336923
250mv0_converted.csv,250.0,-157.0,5.54970788569613,-2.6,-0.01442924050280994,-0.18004805687392,0.22666699999999995,,-4.081095290744082e-05
250mv0_converted.csv,250.0,-156.0,6.29108167682745,-3.253333,-0.02046698362491808,0.5613257342573998,-0.426666,-760.1041141725908,-0.00023949860573266776
250mv0_converted.csv,250.0,-155.0,6.48172051551919,-1.96,-0.012704172210417612,0.7519645729491398,0.8666670000000001,1152.5370092915512,0.0006517028805441122
250mv0_converted.csv,250.0,-154.0,5.16843100264114,-1.96,-0.010130124765176633,-0.5613249399289106,0.8666670000000001,,-0.00048648180171336923
250mv0_converted.csv,250.0,-153.0,5.35906984133288,-2.6,-0.013933581587465488,-0.3706861012371707,0.22666699999999995,,-8.402230650912577e-05
250mv0_converted.csv,250.0,-152.0,6.11103361995353,-3.466667,-0.021184918586183446,0.38127767738347984,-0.6400000000000001,-1678.5666666666762,-0.00024401771352542716
250mv0_converted.csv,250.0,-151.0,6.67235935421093,-2.173333,-0.014501258772365303,0.9426034116408797,0.6533340000000001,693.1165238015416,0.0006158348573409825
250mv0_converted.csv,250.0,-150.0,5.54970788569613,-2.173333,-0.012061363288343629,-0.18004805687392,0.6533340000000001,,-0.00011763151718966566
250mv0_converted.csv,250.0,-149.0,5.35906984133288,-2.6,-0.013933581587465488,-0.3706861012371707,0.22666699999999995,,-8.402230650912577e-05
250mv0_converted.csv,250.0,-148.0,6.11103361995353,-3.253333,-0.01988122733990428,0.38127767738347984,-0.426666,-1119.042695937506,-0.0001626782214984998
250mv0_converted.csv,250.0,-147.0,6.48172051551919,-1.96,-0.012704172210417612,0.7519645729491398,0.8666670000000001,1152.5370092915512,0.0006517028805441122
250mv0_converted.csv,250.0,-146.0,5.54970788569613,-2.173333,-0.012061363288343629,-0.18004805687392,0.6533340000000001,,-0.00011763151718966566
250mv0_converted.csv,250.0,-145.0,5.35906984133288,-2.826667,-0.015148305871190888,-0.3706861012371707,0.0,,-0.0
250mv0_converted.csv,250.0,-144.0,5.92039478126179,-3.253333,-0.019261015714906765,0.19063883869173992,-0.426666,-2238.085391875012,-8.13391107492499e-05
250mv0_converted.csv,250.0,-143.0,6.29108167682745,-2.173333,-0.013672615413944433,0.5613257342573998,0.6533340000000001,1163.9124311026317,0.0003667331872653241
250mv0_converted.csv,250.0,-142.0,5.54970788569613,-2.386667,-0.013245304670430728,-0.18004805687392,0.43999999999999995,,-7.92211450245248e-05
250mv0_converted.csv,250.0,-141.0,5.35906984133288,-3.253333,-0.01743483876411302,-0.3706861012371707,-0.426666,,0.0001581591560704587
250mv0_converted.csv,250.0,-140.0,5.72975594257005,-3.466667,-0.01986315584416149,0.0,-0.6400000000000001,,-0.0
250mv0_converted.csv,250.0,-139.0,6.29108167682745,-2.6,-0.01635681235975137,0.5613257342573998,0.22666699999999995,403.80653543323956,0.00012723402020692201
250mv0_converted.csv,250.0,-138.0,5.16843100264114,-3.04,-0.015712030248029064,-0.5613249399289106,-0.213333,,0.0001197491334098543
250mv0_converted.csv,250.0,-137.0,5.16843100264114,-3.893333,-0.020122422980805837,-0.5613249399289106,-1.0666660000000001,,0.0005987462283742114
250mv0_converted.csv,250.0,-136.0,5.92039478126179,-4.106666,-0.024313083954785233,0.19063883869173992,-1.2799989999999997,-6714.261421145868,-0.00024401752288658835
250mv0_converted.csv,250.0,-135.0,6.11103361995353,-3.04,-0.018577542204658733,0.38127767738347984,-0.213333,-559.521347968753,-8.13391107492499e-05
250mv0_converted.csv,250.0,-134.0,4.98838294576722,-3.466667,-0.01729306254145401,-0.7413729968028306,-0.6400000000000001,,0.0004744787179538117
250mv0_converted.csv,250.0,-133.0,5.16843100264114,-4.32,-0.022327621931409726,-0.5613249399289106,-1.4933330000000002,,0.0008382450565188601
250mv0_converted.csv,250.0,-132.0,6.11103361995353,-4.533333,-0.027703350373444798,0.38127767738347984,-1.7066659999999998,-4476.176029270857,-0.0006507136485493539
250mv0_converted.csv,250.0,-131.0,6.29108167682745,-3.253333,-0.02046698362491808,0.5613257342573998,-0.426666,-760.1041141725908,-0.00023949860573266776
250mv0_converted.csv,250.0,-130.0,4.79774410707548,-3.68,-0.01765569831403777,-0.9320118354945706,-0.8533330000000001,,0.0007953164556180885
250mv0_converted.csv,250.0,-129.0,5.35906984133288,-4.32,-0.02315118171455804,-0.3706861012371707,-1.4933330000000002,,0.0005535577876188079
250mv0_converted.csv,250.0,-128.0,6.11103361995353,-4.746667,-0.029007041619723967,0.38127767738347984,-1.9200000000000004,-5035.700000000029,-0.0007320531405762815
250mv0_converted.csv,250.0,-127.0,6.29108167682745,-3.253333,-0.02046698362491808,0.5613257342573998,-0.426666,-760.1041141725908,-0.00023949860573266776
250mv0_converted.csv,250.0,-126.0,4.79774410707548,-3.68,-0.01765569831403777,-0.9320118354945706,-0.8533330000000001,,0.0007953164556180885
250mv0_converted.csv,250.0,-125.0,5.35906984133288,-3.68,-0.019721377016104998,-0.3706861012371707,-0.8533330000000001,,0.0003163186828270186
250mv0_converted.csv,250.0,-124.0,6.29108167682745,-4.32,-0.027177472843894587,0.5613257342573998,-1.4933330000000002,-2660.3679625976706,-0.0008382462427158059
250mv0_converted.csv,250.0,-123.0,6.48172051551919,-2.826667,-0.018321665484441085,0.7519645729491398,0.0,0.0,0.0
250mv0_converted.csv,250.0,-122.0,4.98838294576722,-2.826667,-0.014100497456162991,-0.7413729968028306,0.0,,-0.0
250mv0_converted.csv,250.0,-121.0,5.54970788569613,-3.04,-0.016871111972516235,-0.18004805687392,-0.213333,,3.841019211708398e-05
250mv0_converted.csv,250.0,-120.0,6.29108167682745,-3.68,-0.02315118057072502,0.5613257342573998,-0.8533330000000001,-1520.2100098419828,-0.0004789977727910699
250mv0_converted.csv,250.0,-119.0,6.29108167682745,-1.96,-0.012330520086581804,0.5613257342573998,0.8666670000000001,1543.9644881889271,0.000486482490131658
250mv0_converted.csv,250.0,-118.0,4.98838294576722,-1.96,-0.00977723057370375,-0.7413729968028306,0.8666670000000001,,-0.0006425235110201189
250mv0_converted.csv,250.0,-117.0,5.72975594257005,-2.386667,-0.013675019426185837,0.0,0.43999999999999995,,0.0
250mv0_converted.csv,250.0,-116.0,6.48172051551919,-3.04,-0.019704430367178342,0.7519645729491398,-0.213333,-283.70086527258394,-0.00016041885824095883
250mv0_converted.csv,250.0,-115.0,6.11103361995353,-1.32,-0.008066564378338659,0.38127767738347984,1.506667,3951.626568697938,0.0005744584943503353
250mv0_converted.csv,250.0,-114.0,5.16843100264114,-1.32,-0.006822328923486305,-0.5613249399289106,1.506667,,-0.000845729763267872
250mv0_converted.csv,250.0,-113.0,5.54970788569613,-1.746667,-0.009693491623585203,-0.18004805687392,1.08,,-0.00019445190142383363
250mv0_converted.csv,250.0,-112.0,6.48172051551919,-2.6,-0.016852473340349897,0.7519645729491398,0.22666699999999995,301.4330836239155,0.00017044555385666263
250mv0_converted.csv,250.0,-111.0,6.11103361995353,-0.8933333,-0.0054591898301240335,0.38127767738347984,1.9333337,5070.671100567736,0.0007371369827432094
250mv0_converted.csv,250.0,-110.0,5.35906984133288,-1.32,-0.007073972190559402,-0.3706861012371707,1.506667,,-0.0005585005160927042
250mv0_converted.csv,250.0,-109.0,5.35906984133288,-1.533333,-0.00821723863702047,-0.3706861012371707,1.293334,,-0.00047942093805747495
250mv0_converted.csv,250.0,-108.0,6.67235935421093,-2.386667,-0.01592469988283654,0.9426034116408797,0.43999999999999995,466.79228460891096,0.000414745501121987
250mv0_converted.csv,250.0,-107.0,6.29108167682745,-0.8933333,-0.0056200327549298,0.5613257342573998,1.9333337,3444.227802164966,0.0010852299587170756
250mv0_converted.csv,250.0,-106.0,5.35906984133288,-1.533333,-0.00821723863702047,-0.3706861012371707,1.293334,,-0.00047942093805747495
250mv0_converted.csv,250.0,-105.0,5.16843100264114,-1.533333,-0.007924925814572747,-0.5613249399289106,1.293334,,-0.0007259806298580177
250mv0_converted.csv,250.0,-104.0,6.67235935421093,-2.386667,-0.01592469988283654,0.9426034116408797,0.43999999999999995,466.79228460891096,0.000414745501121987
250mv0_converted.csv,250.0,-103.0,6.48172051551919,-1.106667,-0.007173106197748077,0.7519645729491398,1.72,2287.341800231771,0.0012933790654725203
250mv0_converted.csv,250.0,-102.0,5.16843100264114,-2.173333,-0.011232721656263076,-0.5613249399289106,0.6533340000000001,,-0.000366732668303515
250mv0_converted.csv,250.0,-101.0,4.98838294576722,-1.746667,-0.008713043874734393,-0.7413729968028306,1.08,,-0.0008006828365470573
250mv0_converted.csv,250.0,-100.0,6.85240741108485,-2.6,-0.017816259268820613,1.1226514685147997,0.22666699999999995,201.90326771661978,0.00025446804041384403
250mv0_converted.csv,250.0,-99.0,6.67235935421093,-1.533333,-0.010230948785670308,0.9426034116408797,1.293334,1372.0871195963211,0.0012191010407911456
250mv0_converted.csv,250.0,-98.0,5.16843100264114,-2.6,-0.013437920606866964,-0.5613249399289106,0.22666699999999995,,-0.00012723384015886637
250mv0_converted.csv,250.0,-97.0,4.98838294576722,-2.173333,-0.010841417272673109,-0.7413729968028306,0.6533340000000001,,-0.00048436418549318064
250mv0_converted.csv,250.0,-96.0,6.67235935421093,-3.04,-0.020283972436801228,0.9426034116408797,-0.213333,-226.32317830107456,-0.00020108841361558377
250mv0_converted.csv,250.0,-95.0,6.85240741108485,-1.746667,-0.011968873895497343,1.1226514685147997,1.08,962.0082726376112,0.001212463585995984
250mv0_converted.csv,250.0,-94.0,4.98838294576722,-2.6,-0.012969795658994771,-0.7413729968028306,0.22666699999999995,,-0.00016804479306630718
250mv0_converted.csv,250.0,-93.0,4.98838294576722,-2.6,-0.012969795658994771,-0.7413729968028306,0.22666699999999995,,-0.00016804479306630718
250mv0_converted.csv,250.0,-92.0,6.67235935421093,-3.04,-0.020283972436801228,0.9426034116408797,-0.213333,-226.32317830107456,-0.00020108841361558377
250mv0_converted.csv,250.0,-91.0,6.85240741108485,-2.173333,-0.01489256315595527,1.1226514685147997,0.6533340000000001,581.9562155513158,0.0007334663745306482
250mv0_converted.csv,250.0,-90.0,4.98838294576722,-2.386667,-0.011905608960025413,-0.7413729968028306,0.43999999999999995,,-0.00032620411859324544
250mv0_converted.csv,250.0,-89.0,5.16843100264114,-2.826667,-0.014609433356942623,-0.5613249399289106,0.0,,-0.0
250mv0_converted.csv,250.0,-88.0,6.29108167682745,-3.253333,-0.02046698362491808,0.5613257342573998,-0.426666,-760.1041141725908,-0.00023949860573266776
250mv0_converted.csv,250.0,-87.0,6.85240741108485,-2.386667,-0.016354414638591646,1.1226514685147997,0.43999999999999995,391.92929625976745,0.0004939666461465118
250mv0_converted.csv,250.0,-86.0,5.16843100264114,-2.6,-0.013437920606866964,-0.5613249399289106,0.22666699999999995,,-0.00012723384015886637
250mv0_converted.csv,250.0,-85.0,5.16843100264114,-3.04,-0.015712030248029064,-0.5613249399289106,-0.213333,,0.0001197491334098543
250mv0_converted.csv,250.0,-84.0,6.11103361995353,-3.253333,-0.01988122733990428,0.38127767738347984,-0.426666,-1119.042695937506,-0.0001626782214984998
250mv0_converted.csv,250.0,-83.0,6.85240741108485,-2.6,-0.017816259268820613,1.1226514685147997,0.22666699999999995,201.90326771661978,0.00025446804041384403
250mv0_converted.csv,250.0,-82.0,5.35906984133288,-2.6,-0.013933581587465488,-0.3706861012371707,0.22666699999999995,,-8.402230650912577e-05
250mv0_converted.csv,250.0,-81.0,5.35906984133288,-3.04,-0.016291572317651954,-0.3706861012371707,-0.213333,,7.907957803522935e-05
250mv0_converted.csv,250.0,-80.0,5.92039478126179,-3.68,-0.02178705279504339,0.19063883869173992,-0.8533330000000001,-4476.176029270859,-0.00016267841213733853
250mv0_converted.csv,250.0,-79.0,6.67235935421093,-2.6,-0.01734813432094842,0.9426034116408797,0.22666699999999995,240.46910630783637,0.00021365708750640324
250mv0_converted.csv,250.0,-78.0,5.72975594257005,-3.253333,-0.01864080408990925,0.0,-0.426666,,-0.0
250mv0_converted.csv,250.0,-77.0,5.35906984133288,-3.466667,-0.018578110569643935,-0.3706861012371707,-0.6400000000000001,,0.00023723910479178932
250mv0_converted.csv,250.0,-76.0,5.92039478126179,-3.893333,-0.02305006837491431,0.19063883869173992,-1.0666660000000001,-5595.218725208365,-0.00020334796751196347
250mv0_converted.csv,250.0,-75.0,6.67235935421093,-3.04,-0.020283972436801228,0.9426034116408797,-0.213333,-226.32317830107456,-0.00020108841361558377
250mv0_converted.csv,250.0,-74.0,5.72975594257005,-3.466667,-0.01986315584416149,0.0,-0.6400000000000001,,-0.0
250mv0_converted.csv,250.0,-73.0,4.98838294576722,-3.893333,-0.019421435939392728,-0.7413729968028306,-1.0666660000000001,,0.0007907973690076883
250mv0_converted.csv,250.0,-72.0,6.11103361995353,-4.533333,-0.027703350373444798,0.38127767738347984,-1.7066659999999998,-4476.176029270857,-0.0006507136485493539
250mv0_converted.csv,250.0,-71.0,6.48172051551919,-3.253333,-0.021087195249915595,0.7519645729491398,-0.426666,-567.4017305451679,-0.00032083771648191766
250mv0_converted.csv,250.0,-70.0,5.54970788569613,-3.893333,-0.02160686085174097,-0.18004805687392,-1.0666660000000001,,0.00019205114063347678
250mv0_converted.csv,250.0,-69.0,4.98838294576722,-3.893333,-0.019421435939392728,-0.7413729968028306,-1.0666660000000001,,0.0007907973690076883
250mv0_converted.csv,250.0,-68.0,6.29108167682745,-4.746667,-0.029861669789701527,0.5613257342573998,-1.9200000000000004,-3420.473858267063,-0.0010777454097742078
250mv0_converted.csv,250.0,-67.0,6.48172051551919,-3.68,-0.023852731497110622,0.7519645729491398,-0.8533330000000001,-1134.8047909402196,-0.0006416761849284084
250mv0_converted.csv,250.0,-66.0,5.35906984133288,-4.106666,-0.02200790990902713,-0.3706861012371707,-1.2799989999999997,,0.00047447783889747715
250mv0_converted.csv,250.0,-65.0,4.98838294576722,-4.106666,-0.020485622638362084,-0.7413729968028306,-1.2799989999999997,,0.0009489566945346261
250mv0_converted.csv,250.0,-64.0,6.48172051551919,-4.96,-0.03214933375697518,0.7519645729491398,-2.133333,-2837.0126422754906,-0.0016041908383033073
250mv0_converted.csv,250.0,-63.0,6.48172051551919,-3.68,-0.023852731497110622,0.7519645729491398,-0.8533330000000001,-1134.8047909402196,-0.0006416761849284084
250mv0_converted.csv,250.0,-62.0,5.16843100264114,-4.32,-0.022327621931409726,-0.5613249399289106,-1.4933330000000002,,0.0008382450565188601
250mv0_converted.csv,250.0,-61.0,4.98838294576722,-4.106666,-0.020485622638362084,-0.7413729968028306,-1.2799989999999997,,0.0009489566945346261
250mv0_converted.csv,250.0,-60.0,6.48172051551919,-4.533333,-0.029383797509780155,0.7519645729491398,-1.7066659999999998,-2269.609581880439,-0.0012833523698568164
250mv0_converted.csv,250.0,-59.0,6.48172051551919,-3.466667,-0.022469966614373366,0.7519645729491398,-0.6400000000000001,-851.1039256676357,-0.0004812573266874495
250mv0_converted.csv,250.0,-58.0,4.98838294576722,-4.106666,-0.020485622638362084,-0.7413729968028306,-1.2799989999999997,,0.0009489566945346261
250mv0_converted.csv,250.0,-57.0,5.16843100264114,-3.68,-0.019019826089719395,-0.5613249399289106,-0.8533330000000001,,0.0004789970949643572
250mv0_converted.csv,250.0,-56.0,6.48172051551919,-4.106666,-0.02661826126258513,0.7519645729491398,-1.2799989999999997,-1702.2065214853867,-0.0009625139014103257
250mv0_converted.csv,250.0,-55.0,6.48172051551919,-2.826667,-0.018321665484441085,0.7519645729491398,0.0,0.0,0.0
250mv0_converted.csv,250.0,-54.0,4.98838294576722,-3.893333,-0.019421435939392728,-0.7413729968028306,-1.0666660000000001,,0.0007907973690076883
250mv0_converted.csv,250.0,-53.0,5.16843100264114,-3.466667,-0.017917229198632954,-0.5613249399289106,-0.6400000000000001,,0.0003592479615545029
250mv0_converted.csv,250.0,-52.0,6.48172051551919,-3.893333,-0.02523549637984788,0.7519645729491398,-1.0666660000000001,-1418.5056562128036,-0.0008020950431693672
250mv0_converted.csv,250.0,-51.0,6.48172051551919,-2.386667,-0.015469708457612641,0.7519645729491398,0.43999999999999995,585.1339488964994,0.0003308644120976215
250mv0_converted.csv,250.0,-50.0,4.98838294576722,-3.68,-0.018357249240423368,-0.7413729968028306,-0.8533330000000001,,0.00063263804348075
250mv0_converted.csv,250.0,-49.0,5.16843100264114,-3.253333,-0.01681462713911551,-0.5613249399289106,-0.426666,,0.0002394982668197086
250mv0_converted.csv,250.0,-48.0,6.48172051551919,-3.893333,-0.02523549637984788,0.7519645729491398,-1.0666660000000001,-1418.5056562128036,-0.0008020950431693672
250mv0_converted.csv,250.0,-47.0,6.67235935421093,-2.173333,-0.014501258772365303,0.9426034116408797,0.6533340000000001,693.1165238015416,0.0006158348573409825
250mv0_converted.csv,250.0,-46.0,5.16843100264114,-3.253333,-0.01681462713911551,-0.5613249399289106,-0.426666,,0.0002394982668197086
250mv0_converted.csv,250.0,-45.0,5.35906984133288,-3.253333,-0.01743483876411302,-0.3706861012371707,-0.426666,,0.0001581591560704587
250mv0_converted.csv,250.0,-44.0,6.29108167682745,-3.893333,-0.02449327589808765,0.5613257342573998,-1.0666660000000001,-1900.2620669282785,-0.0005987470756574037
250mv0_converted.csv,250.0,-43.0,6.67235935421093,-1.96,-0.013077824334253424,0.9426034116408797,0.8666670000000001,919.4397021026161,0.0008169232709565664
250mv0_converted.csv,250.0,-42.0,5.16843100264114,-3.253333,-0.01681462713911551,-0.5613249399289106,-0.426666,,0.0002394982668197086
250mv0_converted.csv,250.0,-41.0,5.16843100264114,-3.253333,-0.01681462713911551,-0.5613249399289106,-0.426666,,0.0002394982668197086
250mv0_converted.csv,250.0,-40.0,6.29108167682745,-4.106666,-0.02583537122545028,0.5613257342573998,-1.2799989999999997,-2280.314124014573,-0.0007184963785237374
250mv0_converted.csv,250.0,-39.0,6.67235935421093,-2.173333,-0.014501258772365303,0.9426034116408797,0.6533340000000001,693.1165238015416,0.0006158348573409825
250mv0_converted.csv,250.0,-38.0,5.16843100264114,-3.466667,-0.017917229198632954,-0.5613249399289106,-0.6400000000000001,,0.0003592479615545029
250mv0_converted.csv,250.0,-37.0,5.35906984133288,-3.466667,-0.018578110569643935,-0.3706861012371707,-0.6400000000000001,,0.00023723910479178932
250mv0_converted.csv,250.0,-36.0,6.29108167682745,-4.32,-0.027177472843894587,0.5613257342573998,-1.4933330000000002,-2660.3679625976706,-0.0008382462427158059
250mv0_converted.csv,250.0,-35.0,6.48172051551919,-2.826667,-0.018321665484441085,0.7519645729491398,0.0,0.0,0.0
250mv0_converted.csv,250.0,-34.0,5.16843100264114,-4.106666,-0.02122501987189228,-0.5613249399289106,-1.2799989999999997,,0.0007184953617840655
250mv0_converted.csv,250.0,-33.0,5.35906984133288,-4.32,-0.02315118171455804,-0.3706861012371707,-1.4933330000000002,,0.0005535577876188079
250mv0_converted.csv,250.0,-32.0,6.29108167682745,-4.96,-0.031203765117064155,0.5613257342573998,-2.133333,-3800.5259153533575,-0.0011974947126405415
250mv0_converted.csv,250.0,-31.0,6.29108167682745,-4.106666,-0.02583537122545028,0.5613257342573998,-1.2799989999999997,-2280.314124014573,-0.0007184963785237374
250mv0_converted.csv,250.0,-30.0,5.16843100264114,-4.96,-0.025635417773100053,-0.5613249399289106,-2.133333,,0.0011974930180733627
250mv0_converted.csv,250.0,-29.0,5.35906984133288,-5.386667,-0.02886752466500306,-0.3706861012371707,-2.56,,0.0009489564191671571
250mv0_converted.csv,250.0,-28.0,6.48172051551919,-6.04,-0.03914959191373591,0.7519645729491398,-3.213333,-4273.250516839626,-0.002416312577088378
250mv0_converted.csv,250.0,-27.0,6.11103361995353,-5.613334,-0.034303272794028235,0.38127767738347984,-2.786667,-7308.75990203129,-0.0010624939214011898
250mv0_converted.csv,250.0,-26.0,5.16843100264114,-6.04,-0.031217323255952483,-0.5613249399289106,-3.213333,,0.0018037239531965862
250mv0_converted.csv,250.0,-25.0,5.16843100264114,-6.68,-0.03452511909764282,-0.5613249399289106,-3.8533329999999997,,0.0021629719147510888
250mv0_converted.csv,250.0,-24.0,6.48172051551919,-7.106666,-0.046063422809142704,0.7519645729491398,-4.279999,-5691.756173052429,-0.0032184076202577453
250mv0_converted.csv,250.0,-23.0,6.29108167682745,-6.893334,-0.04336652721965168,0.5613257342573998,-4.066667000000001,-7244.754251967365,-0.0022827248397553376
250mv0_converted.csv,250.0,-22.0,5.16843100264114,-7.106666,-0.0367303128798157,-0.5613249399289106,-4.279999,,0.0024024701815707978
250mv0_converted.csv,250.0,-21.0,4.98838294576722,-7.32,-0.03651496316301605,-0.7413729968028306,-4.493333,,0.003331235751843053
250mv0_converted.csv,250.0,-20.0,6.29108167682745,-7.96,-0.0500770101475465,0.5613257342573998,-5.133333,-9145.016318895643,-0.0028814719154127417
250mv0_converted.csv,250.0,-19.0,6.29108167682745,-7.106666,-0.04470861625593263,0.5613257342573998,-4.279999,-7624.8045275568575,-0.002402473581295937
250mv0_converted.csv,250.0,-18.0,5.16843100264114,-7.32,-0.03783291493933314,-0.5613249399289106,-4.493333,,0.002522219876305592
250mv0_converted.csv,250.0,-17.0,4.79774410707548,-6.893334,-0.03307245257660305,-0.9320118354945706,-4.066667000000001,,0.0037901817750151997
250mv0_converted.csv,250.0,-16.0,6.29108167682745,-7.106666,-0.04470861625593263,0.5613257342573998,-4.279999,-7624.8045275568575,-0.002402473581295937
250mv0_converted.csv,250.0,-15.0,6.48172051551919,-5.173333,-0.033532098639712446,0.7519645729491398,-2.3466660000000004,-3120.713507548075,-0.0017646096965442664
250mv0_converted.csv,250.0,-14.0,5.35906984133288,-5.386667,-0.02886752466500306,-0.3706861012371707,-2.56,,0.0009489564191671571
250mv0_converted.csv,250.0,-13.0,4.98838294576722,-3.68,-0.018357249240423368,-0.7413729968028306,-0.8533330000000001,,0.00063263804348075
250mv0_converted.csv,250.0,-12.0,6.85240741108485,-2.826667,-0.01936947389946898,1.1226514685147997,0.0,0.0,0.0
250mv0_converted.csv,250.0,-11.0,7.41373235101376,0.4,0.002965492940405504,1.6839764084437094,3.226667,1916.0998834787763,0.005433631105903839
250mv0_converted.csv,250.0,-10.0,6.67235935421093,1.68,0.011209563715074361,0.9426034116408797,4.506667,4781.084965685425,0.0042479996893293685
250mv0_converted.csv,250.0,-9.0,6.67235935421093,4.893333,0.032650076215819036,0.9426034116408797,7.720000000000001,8190.0828117745305,0.007276898337867592
250mv0_converted.csv,250.0,-8.0,9.47898405385547,8.106667,0.07684296722291636,3.7492281112854196,10.933334,2916.1559861055016,0.04099156318287266
250mv0_converted.csv,250.0,-7.0,10.7816827849157,13.46667,0.14519336410914074,5.05192684234565,16.293337,3225.1727921766333,0.08231274654168355
250mv0_converted.csv,250.0,-6.0,10.9723216236074,17.33333,0.19018687156812286,5.242565681037349,20.159997,3845.444812054492,0.10569010840201593
250mv0_converted.csv,250.0,-5.0,12.285616696785,23.33333,0.2866643486395944,6.55586075421495,26.159997,3990.322244593281,0.17150129766268082
250mv0_converted.csv,250.0,-4.0,16.0242508489386,29.76,0.47688170526441276,10.294494906368548,32.586667,3165.4459297309186,0.3354632774470281
250mv0_converted.csv,250.0,-3.0,18.8308834918681,38.12,0.7178332787100119,13.101127549298049,40.946667,3125.4307574613226,0.5364475070856333
250mv0_converted.csv,250.0,-2.0,20.3348094604524,45.84,0.9321476656671382,14.60505351788235,48.666667000000004,3332.1799841686848,0.710779276071959
250mv0_converted.csv,250.0,-1.0,23.5121234386481,55.06667,1.2947343423953002,17.78236749607805,57.893337,3255.6596872024234,1.0294805941082927
250mv0_converted.csv,250.0,5.546246e-13,28.7546915026709,65.56,1.8851575749151044,23.02493556010085,68.386667,2970.113285289927,1.5745986008450754
250mv0_converted.csv,250.0,1.0,33.4359314494509,77.78667,2.600869765801059,27.706175506880847,80.613337,2909.580103539719,2.2334872631173317
250mv0_converted.csv,250.0,2.0,36.6132454276466,89.78666,3.2873810187086603,30.883489485076552,92.613327,2998.797368566541,2.8602227105824563
250mv0_converted.csv,250.0,3.0,41.6651746529777,102.44,4.268180491451035,35.935418710407646,105.266667,2929.3290791547834,3.7828017548940513
250mv0_converted.csv,250.0,4.0,48.4116766288699,116.5867,5.644157619627066,42.68192068629985,119.413367,2797.75054823926,5.0967918591780155
250mv0_converted.csv,250.0,5.0,54.7663045852612,132.24,7.242296118354942,49.03654864269115,135.066667,2754.408104537992,6.623203186351668
250mv0_converted.csv,250.0,6.0,59.4475445320412,147.24,8.753056456897747,53.71778858947115,150.066667,2793.6121523329707,8.061249492232566
250mv0_converted.csv,250.0,7.0,66.1834501658161,162.4667,10.752606743054594,60.453694223246046,165.293367,2734.2144946444037,9.992594665748788
250mv0_converted.csv,250.0,8.0,73.8619615942173,178.76,13.203564254582284,68.13220565164725,181.58666699999998,2665.210457568824,12.371900139641186
250mv0_converted.csv,250.0,9.0,81.349802410787,195.9067,15.936971335949327,75.62004646821696,198.733367,2628.0513736992675,15.028226447325213
250mv0_converted.csv,250.0,10.0,86.7724447445241,211.9867,18.39460421232401,81.04268880195404,214.813367,2650.6199408677635,17.409052852280944
250mv0_converted.csv,250.0,11.0,94.2603411640884,226.7733,21.37572862490617,88.53058522151835,229.599967,2593.4536231236066,20.3266194453513
250mv0_converted.csv,250.0,12.0,102.309510097901,242.4267,24.802556911650818,96.57975415533095,245.253367,2539.3869465183625,23.686509890627157
250mv0_converted.csv,250.0,13.0,110.168040193022,257.8533,28.40719271830336,104.43828425045194,260.679967,2496.019241132563,27.22496849194443
250mv0_converted.csv,250.0,14.0,115.601247095736,270.9333,31.32022735976317,109.87149115316595,273.75996699999996,2491.6378591637194,30.078415792331498
250mv0_converted.csv,250.0,15.0,122.898504676609,282.08,34.667210199177866,117.16874873403894,284.90666699999997,2431.592639490492,33.3821576783755
250mv0_converted.csv,250.0,16.0,130.386401096173,293.2267,38.232774118307184,124.65664515360294,296.053367,2374.9505422290213,36.90501951664838
250mv0_converted.csv,250.0,17.0,137.492940405505,303.52,41.73185727187888,131.76318446293496,306.34666699999997,2324.9792288237795,40.365212393526306
250mv0_converted.csv,250.0,18.0,142.174235955279,310.8133,44.18964345223892,136.44448001270894,313.639967,2298.663654042922,42.7944422085182
250mv0_converted.csv,250.0,19.0,148.168715372242,315.96,46.81538730901357,142.43895942967194,318.78666699999997,2238.0581006518673,45.40764112753333
250mv0_converted.csv,250.0,20.0,154.523343328634,320.24,49.48455546756176,148.79358738606396,323.066667,2171.240526392863,48.070248347788926
250mv0_converted.csv,250.0,21.0,160.14718907004,324.5333,51.97309575462402,154.41743312746996,327.359967,2119.9676770288484,50.550085812833274
250mv0_converted.csv,250.0,22.0,163.324503048236,324.96,53.07393051055477,157.59474710566596,327.78666699999997,2079.9339636632794,51.65745689047414
250mv0_converted.csv,250.0,23.0,167.444446650912,324.7467,54.37703148320972,161.71469070834195,327.57336699999996,2025.6252883715426,52.97342572869518
250mv0_converted.csv,250.0,24.0,172.305737037552,323.24,55.69610644001831,166.57598109498196,326.066667,1957.4650850417393,54.314874957895775
250mv0_converted.csv,250.0,25.0,176.425680640229,322.6,56.91492457453788,170.69592469765894,325.426667,1906.4700435959687,55.549005844842135
250mv0_converted.csv,250.0,26.0,177.919018209981,318.96,56.74905004825554,172.18926226741095,321.78666699999997,1868.7963625761015,55.40820879821903
250mv0_converted.csv,250.0,27.0,180.1749111345,315.96,56.92806492205662,174.44515519192996,318.78666699999997,1827.4320467614077,55.61078959793309
250mv0_converted.csv,250.0,28.0,183.542863951387,312.0933,57.28249810203941,177.81310800881695,314.919967,1771.0728445530829,55.99689810630407
250mv0_converted.csv,250.0,29.0,185.968187143793,310.1733,57.68236630140784,180.23843120122294,312.99996699999997,1736.5883896900907,56.41462301811455
250mv0_converted.csv,250.0,30.0,186.158825982485,306.3067,57.02169566256924,180.42907003991496,309.13336699999996,1713.323506747625,55.77664592611773
250mv0_converted.csv,250.0,31.0,187.472089282523,303.7333,56.94151633567534,181.74233333995295,306.559967,1686.7834882837833,55.71492371119897
250mv0_converted.csv,250.0,32.0,189.526778799372,301.16,57.07788470321888,183.79702285680196,303.986667,1653.9259574233636,55.87184438276205
250mv0_converted.csv,250.0,33.0,191.020116369124,300.9467,57.48687365490385,185.29036042655395,303.773367,1639.4450650357,56.28627665941785
250mv0_converted.csv,250.0,34.0,190.08813074647,299.88,57.00362864825143,184.35837480389995,302.706667,1641.9469271303017,55.80650917042533
250mv0_converted.csv,250.0,35.0,190.84004209941,299.88,57.22911182477107,185.11028615683995,302.706667,1635.2773975160037,56.03411774995326
250mv0_converted.csv,250.0,36.0,192.153384832297,300.3067,57.704948892817164,186.42362888972696,303.13336699999996,1626.045844109756,56.5112223137014
250mv0_converted.csv,250.0,37.0,193.276009293643,302.4533,58.456966821693,187.54625335107295,305.279967,1627.7582811987083,57.25411403398919
250mv0_converted.csv,250.0,38.0,192.153384832297,304.16,58.44537353059146,186.42362888972696,306.986667,1646.715434241377,57.229568482902195
250mv0_converted.csv,250.0,39.0,192.333379669162,306.0933,58.871958883086705,186.60362372659196,308.919967,1655.4875024968626,57.645585283699205
250mv0_converted.csv,250.0,40.0,193.456083563358,308.88,59.754715091050016,187.72632762078794,311.706667,1660.4312828707518,58.51554789082584
250mv0_converted.csv,250.0,41.0,194.578708024704,311.88,60.685207458744685,188.84895208213396,314.706667,1666.446456441697,59.43202427621109
250mv0_converted.csv,250.0,42.0,192.89473161626,314.4533,60.656384909347295,187.16497567368995,317.279967,1695.1887812234547,59.38369730530415
250mv0_converted.csv,250.0,43.0,193.276009293643,316.1733,61.10871366920178,187.54625335107295,318.99996699999997,1700.9135682537747,59.82724862996591
250mv0_converted.csv,250.0,44.0,194.207994916298,319.1733,61.98600662381805,188.47823897372794,321.99996699999997,1708.4198619071544,60.68998672975851
250mv0_converted.csv,250.0,45.0,195.140059971801,320.88,62.61654244375151,189.41030402923096,323.706667,1709.0235331127685,61.31337821275903
250mv0_converted.csv,250.0,46.0,193.456083563358,322.6,62.408932557539295,187.72632762078794,325.426667,1733.51639657795,61.09115310578306
250mv0_converted.csv,250.0,47.0,193.646722402049,322.3867,62.429127801012655,187.91696645947894,325.213367,1730.6226953707594,61.11310937871322
250mv0_converted.csv,250.0,48.0,194.578708024704,324.1067,63.064262948150336,188.84895208213396,326.933367,1731.1897333579616,61.74102375863371
250mv0_converted.csv,250.0,49.0,195.521337649185,323.6667,63.28374613649747,189.79158170661495,326.493367,1720.2731757865974,61.965692539648316
250mv0_converted.csv,250.0,50.0,193.837361240741,323.6667,62.738699049498535,188.10760529817094,326.493367,1735.6734007775635,61.41588541210687
250mv0_converted.csv,250.0,51.0,193.837361240741,321.7467,62.36653131591631,188.10760529817094,324.57336699999996,1725.4664769428966,61.05471880993438
250mv0_converted.csv,250.0,52.0,194.959985702087,322.1733,62.81090196159419,189.23022975951696,324.99996699999997,1717.484396721527,61.49981842724542
250mv0_converted.csv,250.0,53.0,195.70133248605,319.8133,62.587888956760864,189.97157654347996,322.639967,1698.3591591458705,61.29242318692635
250mv0_converted.csv,250.0,54.0,194.017356077606,318.96,61.8837758945132,188.28760013503594,321.78666699999997,1709.016774175364,60.588439284881964
250mv0_converted.csv,250.0,55.0,193.837361240741,316.1733,61.28619816677717,188.10760529817094,318.99996699999997,1695.8376908490777,60.00631988256555
250mv0_converted.csv,250.0,56.0,195.140059971801,315.96,61.65645334869024,189.41030402923096,318.78666699999997,1683.0481775204946,60.3814795169352
250mv0_converted.csv,250.0,57.0,195.70133248605,313.8133,61.41368096184456,189.97157654347996,316.639967,1666.7754869504317,60.15259372766547
250mv0_converted.csv,250.0,58.0,194.398633754989,312.96,60.838996419961354,188.66887781241894,315.78666699999997,1673.7613042568996,59.57911609101402
250mv0_converted.csv,250.0,59.0,193.837361240741,311.0267,60.28859480341558,188.10760529817094,313.853367,1668.4778188660068,59.038205281137984
250mv0_converted.csv,250.0,60.0,195.330698810493,311.0267,60.75306265972157,189.60094286792295,313.853367,1655.3365307820854,59.50689430547226
250mv0_converted.csv,250.0,61.0,195.521337649185,310.6,60.72892747383686,189.79158170661495,313.426667,1651.425548918727,59.4857428789625
250mv0_converted.csv,250.0,62.0,194.398633754989,310.3867,60.338750415719645,188.66887781241894,313.213367,1660.122064813506,59.093614467739336
250mv0_converted.csv,250.0,63.0,193.837361240741,309.52,59.99654005123414,188.10760529817094,312.34666699999997,1660.4680417088753,58.754783552235224
250mv0_converted.csv,250.0,64.0,195.140059971801,310.3867,60.56887925244941,189.41030402923096,313.213367,1653.6236959508972,59.3258390694891
250mv0_converted.csv,250.0,65.0,195.330698810493,311.4533,60.83639073583412,189.60094286792295,314.279967,1657.5865195930442,59.587778067699716
250mv0_converted.csv,250.0,66.0,194.398633754989,311.6667,60.58758066692603,188.66887781241894,314.493367,1666.9064375984683,59.33511063133923
250mv0_converted.csv,250.0,67.0,193.837361240741,311.88,60.453996223762296,188.10760529817094,314.706667,1673.0140522556533,59.198717500738915
250mv0_converted.csv,250.0,68.0,195.140059971801,313.1733,61.11265654356683,189.41030402923096,315.99996699999997,1668.3356727585046,59.853649822696944
250mv0_converted.csv,250.0,69.0,195.140059971801,315.0933,61.48732545871269,189.41030402923096,317.919967,1678.4723968920753,60.21731760643307
250mv0_converted.csv,250.0,70.0,194.207994916298,315.0933,61.19363800455956,188.47823897372794,317.919967,1686.7728005688498,59.9209955147457
250mv0_converted.csv,250.0,71.0,194.017356077606,315.5333,61.21893662044207,188.28760013503594,318.359967,1690.8174875651869,59.943234165499234
250mv0_converted.csv,250.0,72.0,195.140059971801,316.3867,61.73971961228022,189.41030402923096,319.213367,1685.3009588683046,60.462300893664484
250mv0_converted.csv,250.0,73.0,195.140059971801,318.0933,62.07274563862809,189.41030402923096,320.919967,1694.311028350779,60.78554851852077
250mv0_converted.csv,250.0,74.0,194.207994916298,317.6667,61.693412858677156,188.47823897372794,320.493367,1700.426366168848,60.40602541492069
250mv0_converted.csv,250.0,75.0,194.207994916298,317.4533,61.65196887256202,188.47823897372794,320.279967,1699.2941399704184,60.3658041587237
250mv0_converted.csv,250.0,76.0,195.330698810493,317.88,62.09172253787951,189.60094286792295,320.706667,1691.482448077307,60.80628644722899
250mv0_converted.csv,250.0,77.0,195.330698810493,319.1733,62.344343730651126,189.60094286792295,321.99996699999997,1698.3036166877444,61.05149734664007
250mv0_converted.csv,250.0,78.0,194.017356077606,318.0933,61.71562105200075,188.28760013503594,320.919967,1704.4137095052615,60.42525042184493
250mv0_converted.csv,250.0,79.0,194.207994916298,317.0267,61.56911974193073,188.47823897372794,319.853367,1697.0307487040159,60.28539934197751
250mv0_converted.csv,250.0,80.0,195.521337649185,317.24,62.02718915582745,189.79158170661495,320.066667,1686.4112945471306,60.74595898149442
250mv0_converted.csv,250.0,81.0,195.891971324741,317.88,62.27013984470867,190.16221538217096,320.706667,1686.489959929592,60.986290284552176
250mv0_converted.csv,250.0,82.0,194.017356077606,316.6,61.42589493417007,188.28760013503594,319.426667,1696.4827570743578,60.14408054856328
250mv0_converted.csv,250.0,83.0,194.207994916298,315.3067,61.23508199067469,188.47823897372794,318.13336699999996,1687.9050267672797,59.96121677094269
250mv0_converted.csv,250.0,84.0,195.70133248605,315.3067,61.70594133177922,189.97157654347996,318.13336699999996,1674.6366629598763,60.43629728007549
250mv0_converted.csv,250.0,85.0,196.262684433147,315.96,62.011157773497125,190.53292849057695,318.78666699999997,1673.1316183793708,60.73935722726036
250mv0_converted.csv,250.0,86.0,194.207994916298,314.88,61.152213439243916,188.47823897372794,317.706667,1685.6411049356484,59.8807931063726
250mv0_converted.csv,250.0,87.0,194.398633754989,313.8133,61.00487677414449,188.66887781241894,316.639967,1678.2840427705003,59.74010724445137
250mv0_converted.csv,250.0,88.0,195.891971324741,313.8133,61.47350596492235,190.16221538217096,316.639967,1665.104533850983,60.21295760325751
250mv0_converted.csv,250.0,89.0,196.453323271839,314.6667,61.81731893798278,190.72356732926895,317.493367,1664.6782117485939,60.55346755762079
250mv0_converted.csv,250.0,90.0,194.207994916298,314.0267,60.98649575718184,188.47823897372794,316.853367,1681.1137918376153,59.71996462505633
250mv0_converted.csv,250.0,91.0,194.398633754989,313.3867,60.92194631698462,188.66887781241894,316.213367,1676.022938528262,59.65962110117659
250mv0_converted.csv,250.0,92.0,196.082610163433,313.3867,61.44968212650473,190.35285422086295,316.213367,1661.195826531203,60.192116951239235
250mv0_converted.csv,250.0,93.0,196.453323271839,314.4533,61.77539579879657,190.72356732926895,317.279967,1663.5593148918067,60.51276714835273
250mv0_converted.csv,250.0,94.0,194.398633754989,314.0267,61.0463614425878,188.66887781241894,316.853367,1679.415124920743,59.780369182976536
250mv0_converted.csv,250.0,95.0,194.398633754989,313.8133,61.00487677414449,188.66887781241894,316.639967,1678.2840427705003,59.74010724445137
250mv0_converted.csv,250.0,96.0,196.082610163433,313.8133,61.533330968000456,190.35285422086295,316.639967,1663.4369276785753,60.27332147884986
250mv0_converted.csv,250.0,97.0,196.262684433147,314.88,61.799194074309334,190.53292849057695,317.706667,1667.463306825269,60.53358166449054
250mv0_converted.csv,250.0,98.0,194.398633754989,314.4533,61.129291899747685,188.66887781241894,317.279967,1681.6762291629816,59.86085532625132
250mv0_converted.csv,250.0,99.0,194.398633754989,314.4533,61.129291899747685,188.66887781241894,317.279967,1681.6762291629816,59.86085532625132
250mv0_converted.csv,250.0,100.0,195.891971324741,314.4533,61.59887682657019,190.16221538217096,317.279967,1668.4700815162423,60.3346614211021
250mv0_converted.csv,250.0,101.0,196.082610163433,315.5333,61.87059305748156,190.35285422086295,318.359967,1672.4727785306163,60.600728388109744
250mv0_converted.csv,250.0,102.0,194.398633754989,315.0933,61.25370702535087,188.66887781241894,317.919967,1685.068415555463,59.981603408051264
250mv0_converted.csv,250.0,103.0,194.207994916298,314.88,61.152213439243916,188.47823897372794,317.706667,1685.6411049356484,59.8807931063726
250mv0_converted.csv,250.0,104.0,195.891971324741,315.0933,61.724247688218014,190.16221538217096,317.919967,1671.8356291815016,60.45636523894668
250mv0_converted.csv,250.0,105.0,196.082610163433,315.96,61.95426150723829,190.35285422086295,318.78666699999997,1674.7144050181544,60.68195195100577
250mv0_converted.csv,250.0,106.0,194.398633754989,315.3067,61.29519169379419,188.66887781241894,318.13336699999996,1686.1994977057057,60.021865346576426
250mv0_converted.csv,250.0,107.0,194.398633754989,314.88,61.21224179677093,188.66887781241894,317.706667,1683.9378634343434,59.94136033641387
250mv0_converted.csv,250.0,108.0,196.082610163433,315.3067,61.826160738018515,190.35285422086295,318.13336699999996,1671.2823577148763,60.55759443134328
250mv0_converted.csv,250.0,109.0,196.262684433147,315.96,62.011157773497125,190.53292849057695,318.78666699999997,1673.1316183793708,60.73935722726036
250mv0_converted.csv,250.0,110.0,194.398633754989,315.3067,61.29519169379419,188.66887781241894,318.13336699999996,1686.1994977057057,60.021865346576426
250mv0_converted.csv,250.0,111.0,194.578708024704,314.88,61.2689435828188,188.84895208213396,317.706667,1682.3321681013265,59.99857113245749
250mv0_converted.csv,250.0,112.0,196.262684433147,315.3067,61.88293936175695,190.53292849057695,318.13336699999996,1669.7028147328017,60.61488206507747
250mv0_converted.csv,250.0,113.0,196.453323271839,315.96,62.07139202097025,190.72356732926895,318.78666699999997,1671.4592300470154,60.80013034724773
250mv0_converted.csv,250.0,114.0,194.398633754989,315.5333,61.33924242420307,188.66887781241894,318.359967,1687.4005437002936,60.06461771428872
250mv0_converted.csv,250.0,115.0,194.578708024704,314.88,61.2689435828188,188.84895208213396,317.706667,1682.3321681013265,59.99857113245749
250mv0_converted.csv,250.0,116.0,196.262684433147,315.3067,61.88293936175695,190.53292849057695,318.13336699999996,1669.7028147328017,60.61488206507747
250mv0_converted.csv,250.0,117.0,196.643962110531,316.1733,62.17357042556154,190.91420616796094,318.99996699999997,1670.9074374452405,60.90162546741073
250mv0_converted.csv,250.0,118.0,194.578708024704,315.96,61.47908858748548,188.84895208213396,318.78666699999997,1688.0510242987932,60.20252800070619
250mv0_converted.csv,250.0,119.0,194.578708024704,315.0933,61.31044722124047,188.84895208213396,317.919967,1683.4616422003264,60.03885261393661
250mv0_converted.csv,250.0,120.0,196.262684433147,315.5333,61.9274124860495,190.53292849057695,318.359967,1670.8921104718386,60.65805682667344
250mv0_converted.csv,250.0,121.0,196.643962110531,316.3867,62.215534247075944,190.91420616796094,319.213367,1672.0252170190263,60.94236655900698
250mv0_converted.csv,250.0,122.0,194.769346863395,316.1733,61.58086713664424,189.03959092082493,318.99996699999997,1687.47702767515,60.30362326543665
250mv0_converted.csv,250.0,123.0,194.578708024704,315.5333,61.39606185277134,188.84895208213396,318.359967,1685.7915465770723,60.12194615285275
250mv0_converted.csv,250.0,124.0,196.262684433147,315.7467,61.96929494290753,190.53292849057695,318.57336699999996,1672.0121268474359,60.698716553613316
250mv0_converted.csv,250.0,125.0,196.824036380245,316.6,62.314489917985576,191.09428043767494,319.426667,1671.5658169799617,61.04060908296981
250mv0_converted.csv,250.0,126.0,194.959985702087,316.3867,61.6827465083305,189.23022975951696,319.213367,1686.9047160470714,60.404818779719015
250mv0_converted.csv,250.0,127.0,194.578708024704,315.7467,61.437584949063805,188.84895208213396,318.57336699999996,1686.9215501997937,60.16224651922707
250mv0_converted.csv,250.0,128.0,196.082610163433,315.7467,61.91243708649043,190.35285422086295,318.57336699999996,1673.5938544444682,60.64134968720046
250mv0_converted.csv,250.0,129.0,196.824036380245,316.6,62.314489917985576,191.09428043767494,319.426667,1671.5658169799617,61.04060908296981
250mv0_converted.csv,250.0,130.0,194.959985702087,316.1733,61.64114204738166,189.23022975951696,318.99996699999997,1685.776989254839,60.36443704868832
250mv0_converted.csv,250.0,131.0,194.578708024704,315.5333,61.39606185277134,188.84895208213396,318.359967,1685.7915465770723,60.12194615285275
250mv0_converted.csv,250.0,132.0,196.082610163433,315.7467,61.91243708649043,190.35285422086295,318.57336699999996,1673.5938544444682,60.64134968720046
250mv0_converted.csv,250.0,133.0,196.643962110531,316.3867,62.215534247075944,190.91420616796094,319.213367,1672.0252170190263,60.94236655900698
250mv0_converted.csv,250.0,134.0,194.959985702087,316.1733,61.64114204738166,189.23022975951696,318.99996699999997,1685.776989254839,60.36443704868832
250mv0_converted.csv,250.0,135.0,194.578708024704,315.3067,61.35197031753294,188.84895208213396,318.13336699999996,1684.5916458230479,60.07915298031093
250mv0_converted.csv,250.0,136.0,196.082610163433,315.5333,61.87059305748156,190.35285422086295,318.359967,1672.4727785306163,60.600728388109744
250mv0_converted.csv,250.0,137.0,196.643962110531,316.1733,62.17357042556154,190.91420616796094,318.99996699999997,1670.9074374452405,60.90162546741073
250mv0_converted.csv,250.0,138.0,194.959985702087,315.96,61.59955708243141,189.23022975951696,318.78666699999997,1684.6497909193984,60.324074240680616
250mv0_converted.csv,250.0,139.0,194.769346863395,314.88,61.32897194034582,189.03959092082493,317.706667,1680.6356036448703,60.05913836249875
250mv0_converted.csv,250.0,140.0,196.082610163433,315.5333,61.87059305748156,190.35285422086295,318.359967,1672.4727785306163,60.600728388109744
250mv0_converted.csv,250.0,141.0,196.643962110531,316.1733,62.17357042556154,190.91420616796094,318.99996699999997,1670.9074374452405,60.90162546741073
250mv0_converted.csv,250.0,142.0,194.959985702087,315.7467,61.55797211748115,189.23022975951696,318.57336699999996,1683.5225925839577,60.283711432672916
250mv0_converted.csv,250.0,143.0,194.769346863395,314.6667,61.28742763865985,189.03959092082493,317.493367,1679.5072685751582,60.01881621775533
250mv0_converted.csv,250.0,144.0,196.262684433147,315.5333,61.9274124860495,190.53292849057695,318.359967,1670.8921104718386,60.65805682667344
250mv0_converted.csv,250.0,145.0,196.453323271839,316.1733,62.11329551482413,190.72356732926895,318.99996699999997,1672.5776025847508,60.84081168415907
250mv0_converted.csv,250.0,146.0,194.959985702087,315.7467,61.55797211748115,189.23022975951696,318.57336699999996,1683.5225925839577,60.283711432672916
250mv0_converted.csv,250.0,147.0,195.140059971801,314.88,61.44570208392071,189.41030402923096,317.706667,1677.3462701953613,60.176916388583635
250mv0_converted.csv,250.0,148.0,196.262684433147,315.5333,61.9274124860495,190.53292849057695,318.359967,1670.8921104718386,60.65805682667344
250mv0_converted.csv,250.0,149.0,196.453323271839,316.3867,62.155218654010355,190.72356732926895,319.213367,1673.6964994415387,60.88151209342714
250mv0_converted.csv,250.0,150.0,194.959985702087,315.7467,61.55797211748115,189.23022975951696,318.57336699999996,1683.5225925839577,60.283711432672916
250mv0_converted.csv,250.0,151.0,195.330698810493,315.3067,61.58907805063048,189.60094286792295,318.13336699999996,1677.9102581869195,60.31838634094696
250mv0_converted.csv,250.0,152.0,196.262684433147,315.7467,61.96929494290753,190.53292849057695,318.57336699999996,1672.0121268474359,60.698716553613316
250mv0_converted.csv,250.0,153.0,196.262684433147,316.6,62.136765891534345,190.53292849057695,319.426667,1676.490617818839,60.86129830149434
250mv0_converted.csv,250.0,154.0,194.769346863395,315.96,61.53932283495828,189.03959092082493,318.78666699999997,1686.348692605438,60.263301120693235
250mv0_converted.csv,250.0,155.0,195.330698810493,315.7467,61.67502355810709,189.60094286792295,318.57336699999996,1680.2309217519023,60.401810755808846
250mv0_converted.csv,250.0,156.0,196.082610163433,315.96,61.95426150723829,190.35285422086295,318.78666699999997,1674.7144050181544,60.68195195100577
250mv0_converted.csv,250.0,157.0,196.262684433147,317.0267,62.220511178981965,190.53292849057695,319.853367,1678.7301257263714,60.94259870208126
250mv0_converted.csv,250.0,158.0,194.769346863395,316.8133,61.70551951863683,189.03959092082493,319.639967,1690.8625618740052,60.42460860362599
250mv0_converted.csv,250.0,159.0,195.330698810493,316.3867,61.800035205345814,189.60094286792295,319.213367,1683.606432391878,60.52315535924433
250mv0_converted.csv,250.0,160.0,195.891971324741,316.6,62.01939812141301,190.16221538217096,319.426667,1679.7588645990738,60.742882648863
250mv0_converted.csv,250.0,161.0,196.262684433147,317.6667,62.34611929701918,190.53292849057695,320.493367,1682.089125165839,61.06453977631523
250mv0_converted.csv,250.0,162.0,194.769346863395,317.4533,61.830171900629395,189.03959092082493,320.279967,1694.2480960728603,60.545593941815305
250mv0_converted.csv,250.0,163.0,195.140059971801,316.8133,61.82296636186419,189.41030402923096,319.639967,1687.5532122617321,60.543103329363355
250mv0_converted.csv,250.0,164.0,195.891971324741,317.24,62.144768983060835,190.16221538217096,320.066667,1683.1244122643332,60.864586466707586
250mv0_converted.csv,250.0,165.0,196.262684433147,318.0933,62.42984495819836,190.53292849057695,320.919967,1684.3281082297096,61.145821123609316
250mv0_converted.csv,250.0,166.0,195.140059971801,318.0933,62.07274563862809,189.41030402923096,320.919967,1694.311028350779,60.78554851852077
250mv0_converted.csv,250.0,167.0,195.140059971801,317.0267,61.86460925066216,189.41030402923096,319.853367,1688.6798669128277,60.58352348824319
250mv0_converted.csv,250.0,168.0,196.082610163433,317.4533,62.247071668995346,190.35285422086295,320.279967,1682.5593097142898,60.9662058682138
250mv0_converted.csv,250.0,169.0,196.643962110531,318.0933,62.551126832813765,190.91420616796094,320.919967,1680.9643108363746,61.268180743253225
250mv0_converted.csv,250.0,170.0,195.140059971801,318.0933,62.07274563862809,189.41030402923096,320.919967,1694.311028350779,60.78554851852077
250mv0_converted.csv,250.0,171.0,195.140059971801,317.0267,61.86460925066216,189.41030402923096,319.853367,1688.6798669128277,60.58352348824319
250mv0_converted.csv,250.0,172.0,196.262684433147,317.4533,62.304236840161145,190.53292849057695,320.279967,1680.9691087902418,61.02388004937534
250mv0_converted.csv,250.0,173.0,196.643962110531,317.6667,62.46723851857741,190.91420616796094,320.493367,1678.729799279782,61.186736742901964
250mv0_converted.csv,250.0,174.0,195.330698810493,317.6667,62.05005849982324,189.60094286792295,320.493367,1690.357453671828,60.76584456611526
250mv0_converted.csv,250.0,175.0,195.330698810493,316.6,61.84169924340209,189.60094286792295,319.426667,1684.731426797357,60.56359724035806
250mv0_converted.csv,250.0,176.0,196.262684433147,317.0267,62.220511178981965,190.53292849057695,319.853367,1678.7301257263714,60.94259870208126
250mv0_converted.csv,250.0,177.0,196.643962110531,317.0267,62.34138638282668,190.91420616796094,319.853367,1675.3775081494039,61.06455165095448
250mv0_converted.csv,250.0,178.0,195.140059971801,316.8133,61.82296636186419,189.41030402923096,319.639967,1687.5532122617321,60.543103329363355
250mv0_converted.csv,250.0,179.0,195.330698810493,316.3867,61.800035205345814,189.60094286792295,319.213367,1683.606432391878,60.52315535924433
250mv0_converted.csv,250.0,180.0,196.262684433147,316.3867,62.09490306094475,190.53292849057695,319.213367,1675.371126286904,60.820657627847304
250mv0_converted.csv,250.0,181.0,196.643962110531,316.6,62.25747840419412,190.91420616796094,319.426667,1673.1424727973226,60.98308855918261
250mv0_converted.csv,250.0,182.0,194.959985702087,316.3867,61.6827465083305,189.23022975951696,319.213367,1686.9047160470714,60.404818779719015
250mv0_converted.csv,250.0,183.0,195.330698810493,315.96,61.71668759616337,189.60094286792295,318.78666699999997,1681.3559161573817,60.442252636922575
250mv0_converted.csv,250.0,184.0,196.453323271839,315.96,62.07139202097025,190.72356732926895,318.78666699999997,1671.4592300470154,60.80013034724773
250mv0_converted.csv,250.0,185.0,196.453323271839,316.3867,62.155218654010355,190.72356732926895,319.213367,1673.6964994415387,60.88151209342714
250mv0_converted.csv,250.0,186.0,194.769346863395,315.96,61.53932283495828,189.03959092082493,318.78666699999997,1686.348692605438,60.263301120693235
250mv0_converted.csv,250.0,187.0,195.140059971801,315.7467,61.61482997389825,189.41030402923096,318.57336699999996,1681.9220508237809,60.341078299085765
250mv0_converted.csv,250.0,188.0,196.453323271839,315.7467,62.02948852711636,190.72356732926895,318.57336699999996,1670.3408575092799,60.759449010336404
250mv0_converted.csv,250.0,189.0,196.643962110531,316.6,62.25747840419412,190.91420616796094,319.426667,1673.1424727973226,60.98308855918261
250mv0_converted.csv,250.0,190.0,194.959985702087,315.96,61.59955708243141,189.23022975951696,318.78666699999997,1684.6497909193984,60.324074240680616
250mv0_converted.csv,250.0,191.0,195.140059971801,315.5333,61.57318708510028,189.41030402923096,318.359967,1680.7953961726853,60.30065814020593
250mv0_converted.csv,250.0,192.0,196.453323271839,316.1733,62.11329551482413,190.72356732926895,318.99996699999997,1672.5776025847508,60.84081168415907
250mv0_converted.csv,250.0,193.0,196.824036380245,317.0267,62.39847473430901,191.09428043767494,319.853367,1673.7987461865432,61.122149012432565
250mv0_converted.csv,250.0,194.0,195.140059971801,316.6,61.78134298707221,189.41030402923096,319.426667,1686.4270855650184,60.50270211151391
250mv0_converted.csv,250.0,195.0,195.140059971801,315.7467,61.61482997389825,189.41030402923096,318.57336699999996,1681.9220508237809,60.341078299085765
250mv0_converted.csv,250.0,196.0,196.453323271839,316.3867,62.155218654010355,190.72356732926895,319.213367,1673.6964994415387,60.88151209342714
250mv0_converted.csv,250.0,197.0,197.014675218937,317.24,62.500935566455574,191.28491927636694,320.066667,1673.245691353066,61.223926560150815
250mv0_converted.csv,250.0,198.0,195.140059971801,317.0267,61.86460925066216,189.41030402923096,319.853367,1688.6798669128277,60.58352348824319
250mv0_converted.csv,250.0,199.0,195.330698810493,315.7467,61.67502355810709,189.60094286792295,318.57336699999996,1680.2309217519023,60.401810755808846
250mv0_converted.csv,250.0,200.0,196.262684433147,316.3867,62.09490306094475,190.53292849057695,319.213367,1675.371126286904,60.820657627847304
250mv0_converted.csv,250.0,201.0,197.014675218937,316.8133,62.41686940453965,191.28491927636694,319.639967,1671.0149875337884,61.142305285095595
250mv0_converted.csv,250.0,202.0,195.140059971801,317.0267,61.86460925066216,189.41030402923096,319.853367,1688.6798669128277,60.58352348824319
250mv0_converted.csv,250.0,203.0,195.140059971801,315.5333,61.57318708510028,189.41030402923096,318.359967,1680.7953961726853,60.30065814020593
250mv0_converted.csv,250.0,204.0,196.262684433147,316.1733,62.05302060408671,190.53292849057695,318.99996699999997,1674.251109911306,60.779997900907404
250mv0_converted.csv,250.0,205.0,196.824036380245,316.3867,62.272507351025666,191.09428043767494,319.213367,1670.4496140276208,60.99984867295245
250mv0_converted.csv,250.0,206.0,194.959985702087,316.6,61.72433147328075,189.23022975951696,319.426667,1688.031914382512,60.445181587726715
250mv0_converted.csv,250.0,207.0,195.140059971801,315.0933,61.48732545871269,189.41030402923096,317.919967,1678.4723968920753,60.21731760643307
250mv0_converted.csv,250.0,208.0,196.453323271839,315.96,62.07139202097025,190.72356732926895,318.78666699999997,1671.4592300470154,60.80013034724773
250mv0_converted.csv,250.0,209.0,196.824036380245,315.7467,62.1465399677423,191.09428043767494,318.57336699999996,1667.100481868698,60.87754833347233
250mv0_converted.csv,250.0,210.0,195.140059971801,315.96,61.65645334869024,189.41030402923096,318.78666699999997,1683.0481775204946,60.3814795169352
250mv0_converted.csv,250.0,211.0,195.140059971801,314.88,61.44570208392071,189.41030402923096,317.706667,1677.3462701953613,60.176916388583635
250mv0_converted.csv,250.0,212.0,196.453323271839,315.96,62.07139202097025,190.72356732926895,318.78666699999997,1671.4592300470154,60.80013034724773
250mv0_converted.csv,250.0,213.0,196.824036380245,315.7467,62.1465399677423,191.09428043767494,318.57336699999996,1667.100481868698,60.87754833347233
250mv0_converted.csv,250.0,214.0,195.140059971801,315.7467,61.61482997389825,189.41030402923096,318.57336699999996,1681.9220508237809,60.341078299085765
250mv0_converted.csv,250.0,215.0,195.140059971801,315.0933,61.48732545871269,189.41030402923096,317.919967,1678.4723968920753,60.21731760643307
250mv0_converted.csv,250.0,216.0,196.262684433147,316.1733,62.05302060408671,190.53292849057695,318.99996699999997,1674.251109911306,60.779997900907404
250mv0_converted.csv,250.0,217.0,197.014675218937,316.1733,62.29078001239953,191.28491927636694,318.99996699999997,1667.6691931950543,61.01988293675871
250mv0_converted.csv,250.0,218.0,194.959985702087,316.1733,61.64114204738166,189.23022975951696,318.99996699999997,1685.776989254839,60.36443704868832
250mv0_converted.csv,250.0,219.0,195.140059971801,315.7467,61.61482997389825,189.41030402923096,318.57336699999996,1681.9220508237809,60.341078299085765
250mv0_converted.csv,250.0,220.0,196.262684433147,316.3867,62.09490306094475,190.53292849057695,319.213367,1675.371126286904,60.820657627847304
250mv0_converted.csv,250.0,221.0,197.014675218937,316.8133,62.41686940453965,191.28491927636694,319.639967,1671.0149875337884,61.142305285095595
250mv0_converted.csv,250.0,222.0,194.959985702087,316.8133,61.765916438231,189.23022975951696,319.639967,1689.1591127179527,60.48554439573442
250mv0_converted.csv,250.0,223.0,195.140059971801,316.3867,61.73971961228022,189.41030402923096,319.213367,1685.3009588683046,60.462300893664484
250mv0_converted.csv,250.0,224.0,196.262684433147,316.6,62.136765891534345,190.53292849057695,319.426667,1676.490617818839,60.86129830149434
250mv0_converted.csv,250.0,225.0,196.824036380245,317.0267,62.39847473430901,191.09428043767494,319.853367,1673.7987461865432,61.122149012432565
250mv0_converted.csv,250.0,226.0,195.140059971801,317.4533,61.94785600024614,189.41030402923096,320.279967,1690.9321203062555,60.66432592394206
250mv0_converted.csv,250.0,227.0,195.140059971801,316.8133,61.82296636186419,189.41030402923096,319.639967,1687.5532122617321,60.543103329363355
250mv0_converted.csv,250.0,228.0,196.453323271839,316.6,62.197122147864235,190.72356732926895,319.426667,1674.814871979274,60.922193430338474
250mv0_converted.csv,250.0,229.0,196.643962110531,317.24,62.38333053994485,190.91420616796094,320.066667,1676.4947639277004,61.1052736511301
250mv0_converted.csv,250.0,230.0,195.140059971801,317.6667,61.98949888904412,189.41030402923096,320.493367,1692.0587749573513,60.70474608282189
250mv0_converted.csv,250.0,231.0,195.140059971801,316.8133,61.82296636186419,189.41030402923096,319.639967,1687.5532122617321,60.543103329363355
250mv0_converted.csv,250.0,232.0,196.824036380245,316.6,62.314489917985576,191.09428043767494,319.426667,1671.5658169799617,61.04060908296981
250mv0_converted.csv,250.0,233.0,196.453323271839,317.24,62.322852274758205,190.72356732926895,320.066667,1678.1705139115325,61.044256513429204
250mv0_converted.csv,250.0,234.0,195.330698810493,317.6667,62.05005849982324,189.60094286792295,320.493367,1690.357453671828,60.76584456611526
250mv0_converted.csv,250.0,235.0,195.140059971801,316.8133,61.82296636186419,189.41030402923096,319.639967,1687.5532122617321,60.543103329363355
250mv0_converted.csv,250.0,236.0,197.014675218937,316.6,62.37484617431546,191.28491927636694,319.426667,1669.8998970143323,61.101504211813946
250mv0_converted.csv,250.0,237.0,196.643962110531,317.24,62.38333053994485,190.91420616796094,320.066667,1676.4947639277004,61.1052736511301
250mv0_converted.csv,250.0,238.0,195.330698810493,317.6667,62.05005849982324,189.60094286792295,320.493367,1690.357453671828,60.76584456611526
250mv0_converted.csv,250.0,239.0,195.140059971801,316.8133,61.82296636186419,189.41030402923096,319.639967,1687.5532122617321,60.543103329363355
250mv0_converted.csv,250.0,240.0,197.014675218937,316.6,62.37484617431546,191.28491927636694,319.426667,1669.8998970143323,61.101504211813946
250mv0_converted.csv,250.0,241.0,196.824036380245,317.4533,62.48243986822883,191.09428043767494,320.279967,1676.0311520912253,61.20366983246728
250mv0_converted.csv,250.0,242.0,195.330698810493,317.6667,62.05005849982324,189.60094286792295,320.493367,1690.357453671828,60.76584456611526
250mv0_converted.csv,250.0,243.0,195.140059971801,316.6,61.78134298707221,189.41030402923096,319.426667,1686.4270855650184,60.50270211151391
250mv0_converted.csv,250.0,244.0,196.824036380245,316.8133,62.35647248494547,191.09428043767494,319.639967,1672.6820199323026,61.081369492987164
250mv0_converted.csv,250.0,245.0,197.014675218937,317.6667,62.585001728371495,191.28491927636694,320.493367,1675.4763951723435,61.30554783520604
250mv0_converted.csv,250.0,246.0,195.140059971801,317.88,62.03112226383611,189.41030402923096,320.706667,1693.184901654065,60.74514730067133
250mv0_converted.csv,250.0,247.0,195.140059971801,316.8133,61.82296636186419,189.41030402923096,319.639967,1687.5532122617321,60.543103329363355
250mv0_converted.csv,250.0,248.0,196.643962110531,317.0267,62.34138638282668,190.91420616796094,319.853367,1675.3775081494039,61.06455165095448
250mv0_converted.csv,250.0,249.0,197.205314057629,317.6667,62.64556133915062,191.47555811505896,320.493367,1673.8082403573062,61.36664631849941
250mv0_converted.csv,250.0,250.0,195.140059971801,317.88,62.03112226383611,189.41030402923096,320.706667,1693.184901654065,60.74514730067133
250mv0_converted.csv,250.0,251.0,195.140059971801,317.0267,61.86460925066216,189.41030402923096,319.853367,1688.6798669128277,60.58352348824319
250mv0_converted.csv,250.0,252.0,196.643962110531,317.0267,62.34138638282668,190.91420616796094,319.853367,1675.3775081494039,61.06455165095448
250mv0_converted.csv,250.0,253.0,197.205314057629,317.6667,62.64556133915062,191.47555811505896,320.493367,1673.8082403573062,61.36664631849941
250mv0_converted.csv,250.0,254.0,195.140059971801,318.0933,62.07274563862809,189.41030402923096,320.919967,1694.311028350779,60.78554851852077
250mv0_converted.csv,250.0,255.0,195.330698810493,317.24,61.966710890640805,189.60094286792295,320.066667,1688.1069374373321,60.68494184379352
250mv0_converted.csv,250.0,256.0,196.643962110531,317.24,62.38333053994485,190.91420616796094,320.066667,1676.4947639277004,61.1052736511301
250mv0_converted.csv,250.0,257.0,197.014675218937,317.4533,62.54295879667977,191.28491927636694,320.279967,1674.360781872522,61.264727633432464
250mv0_converted.csv,250.0,258.0,194.959985702087,317.88,61.97388025497942,189.23022975951696,320.706667,1694.7961613087384,60.6873962818189
250mv0_converted.csv,250.0,259.0,195.521337649185,317.24,62.02718915582745,189.79158170661495,320.066667,1686.4112945471306,60.74595898149442
250mv0_converted.csv,250.0,260.0,196.643962110531,317.24,62.38333053994485,190.91420616796094,320.066667,1676.4947639277004,61.1052736511301
250mv0_converted.csv,250.0,261.0,196.824036380245,317.24,62.44045730126892,191.09428043767494,320.066667,1674.9149491388844,61.16290942244992
250mv0_converted.csv,250.0,262.0,195.140059971801,317.4533,61.94785600024614,189.41030402923096,320.279967,1690.9321203062555,60.66432592394206
250mv0_converted.csv,250.0,263.0,195.521337649185,317.0267,61.98548445450688,189.79158170661495,319.853367,1685.2874301581937,60.7054764371164
250mv0_converted.csv,250.0,264.0,196.824036380245,316.8133,62.35647248494547,191.09428043767494,319.639967,1672.6820199323026,61.081369492987164
250mv0_converted.csv,250.0,265.0,196.824036380245,316.6,62.314489917985576,191.09428043767494,319.426667,1671.5658169799617,61.04060908296981
250mv0_converted.csv,250.0,266.0,195.140059971801,317.0267,61.86460925066216,189.41030402923096,319.853367,1688.6798669128277,60.58352348824319
250mv0_converted.csv,250.0,267.0,195.521337649185,316.6,61.90205549973198,189.79158170661495,319.426667,1683.0391744865615,60.62449236920219
250mv0_converted.csv,250.0,268.0,196.824036380245,316.6,62.314489917985576,191.09428043767494,319.426667,1671.5658169799617,61.04060908296981
250mv0_converted.csv,250.0,269.0,196.824036380245,316.6,62.314489917985576,191.09428043767494,319.426667,1671.5658169799617,61.04060908296981
250mv0_converted.csv,250.0,270.0,195.330698810493,317.0267,61.92504685258452,189.60094286792295,319.853367,1686.9819430318528,60.644499962679795
250mv0_converted.csv,250.0,271.0,195.521337649185,316.3867,61.8603507984114,189.79158170661495,319.213367,1681.915310097625,60.584009824824165
250mv0_converted.csv,250.0,272.0,196.824036380245,316.6,62.314489917985576,191.09428043767494,319.426667,1671.5658169799617,61.04060908296981
250mv0_converted.csv,250.0,273.0,196.824036380245,316.6,62.314489917985576,191.09428043767494,319.426667,1671.5658169799617,61.04060908296981
250mv0_converted.csv,250.0,274.0,195.521337649185,317.0267,61.98548445450688,189.79158170661495,319.853367,1685.2874301581937,60.7054764371164
250mv0_converted.csv,250.0,275.0,195.521337649185,316.3867,61.8603507984114,189.79158170661495,319.213367,1681.915310097625,60.584009824824165
250mv0_converted.csv,250.0,276.0,196.824036380245,316.8133,62.35647248494547,191.09428043767494,319.639967,1672.6820199323026,61.081369492987164
250mv0_converted.csv,250.0,277.0,196.824036380245,317.0267,62.39847473430901,191.09428043767494,319.853367,1673.7987461865432,61.122149012432565
250mv0_converted.csv,250.0,278.0,195.891971324741,317.24,62.144768983060835,190.16221538217096,320.066667,1683.1244122643332,60.864586466707586
250mv0_converted.csv,250.0,279.0,195.330698810493,316.6,61.84169924340209,189.60094286792295,319.426667,1684.731426797357,60.56359724035806
250mv0_converted.csv,250.0,280.0,196.643962110531,317.24,62.38333053994485,190.91420616796094,320.066667,1676.4947639277004,61.1052736511301
250mv0_converted.csv,250.0,281.0,196.824036380245,317.6667,62.52444211759237,191.09428043767494,320.493367,1677.1478783454659,61.24444935191267
250mv0_converted.csv,250.0,282.0,195.70133248605,317.24,62.08429071787451,189.97157654347996,320.066667,1684.8134485357834,60.80356932900701
250mv0_converted.csv,250.0,283.0,195.330698810493,317.0267,61.92504685258452,189.60094286792295,319.853367,1686.9819430318528,60.644499962679795
250mv0_converted.csv,250.0,284.0,196.643962110531,317.4533,62.42527469706303,190.91420616796094,320.279967,1677.6120197059968,61.145995651305725
250mv0_converted.csv,250.0,285.0,197.014675218937,318.0933,62.66904818881989,191.28491927636694,320.919967,1677.7065762112557,61.38714998176934
250mv0_converted.csv,250.0,286.0,195.70133248605,317.4533,62.12603381209378,189.97157654347996,320.279967,1685.9362480823313,60.844090266283736
250mv0_converted.csv,250.0,287.0,195.140059971801,317.0267,61.86460925066216,189.41030402923096,319.853367,1688.6798669128277,60.58352348824319
250mv0_converted.csv,250.0,288.0,196.643962110531,317.6667,62.46723851857741,190.91420616796094,320.493367,1678.729799279782,61.186736742901964
250mv0_converted.csv,250.0,289.0,197.014675218937,318.0933,62.66904818881989,191.28491927636694,320.919967,1677.7065762112557,61.38714998176934
250mv0_converted.csv,250.0,290.0,195.330698810493,317.4533,62.00837492869708,189.60094286792295,320.279967,1689.2319318428115,60.725383724907246
250mv0_converted.csv,250.0,291.0,195.330698810493,317.0267,61.92504685258452,189.60094286792295,319.853367,1686.9819430318528,60.644499962679795
250mv0_converted.csv,250.0,292.0,196.824036380245,317.0267,62.39847473430901,191.09428043767494,319.853367,1673.7987461865432,61.122149012432565
250mv0_converted.csv,250.0,293.0,197.205314057629,316.3867,62.39313853715686,191.47555811505896,319.213367,1667.1233140272793,61.12155760411215
250mv0_converted.csv,250.0,294.0,195.330698810493,314.4533,61.422382832265605,189.60094286792295,317.279967,1673.4092257179277,60.15658089630348
250mv0_converted.csv,250.0,295.0,195.521337649185,312.0933,61.020899487348395,189.79158170661495,314.919967,1659.2936534288015,59.76915864792498
250mv0_converted.csv,250.0,296.0,197.014675218937,309.7333,61.022005503989575,191.28491927636694,312.559967,1634.0021376615466,59.78800805661891
250mv0_converted.csv,250.0,297.0,197.205314057629,305.88,60.32116146394756,191.47555811505896,308.706667,1612.2510363150163,59.10978135766465
250mv0_converted.csv,250.0,298.0,195.521337649185,300.7333,58.799777091653645,189.79158170661495,303.559967,1599.438522353701,57.613126279737834
250mv0_converted.csv,250.0,299.0,195.521337649185,294.3067,57.54323966311739,189.79158170661495,297.13336699999996,1565.5771680079936,56.3934117007421
250mv0_converted.csv,250.0,300.0,195.70133248605,287.44,56.252391009790216,189.97157654347996,290.266667,1527.94787663177,55.14241634801131
250mv0_converted.csv,250.0,301.0,193.085370454952,278.8667,53.84508007704996,187.35561451238195,281.69336699999997,1503.5224203616456,52.77683387834693
250mv0_converted.csv,250.0,302.0,188.774788013583,268.36,50.659602111325135,183.04503207101294,271.186667,1481.5297849481774,49.63937215824611
250mv0_converted.csv,250.0,303.0,185.968187143793,257.0,47.7938240959548,180.23843120122294,259.826667,1441.5719514886514,46.83075084432256
250mv0_converted.csv,250.0,304.0,182.790873165598,245.0,44.783763925571506,177.06111722302794,247.826667,1399.6673628114245,43.88046653667931
250mv0_converted.csv,250.0,305.0,176.054967531823,231.92,40.83066806998038,170.32521158925294,234.74666699999997,1378.2261874777666,39.9832757266469
250mv0_converted.csv,250.0,306.0,167.444446650912,216.48,36.24837381098943,161.71469070834195,219.30666699999998,1356.1332371189899,35.465109824182335
250mv0_converted.csv,250.0,307.0,160.888615286852,200.84,32.312869494211355,155.15885934428195,203.666667,1312.6331803463706,31.60068773817171
250mv0_converted.csv,250.0,308.0,153.962070814385,184.9733,28.478872313370477,148.23231487181494,187.79996699999998,1266.9300021550732,27.83802384126045
250mv0_converted.csv,250.0,309.0,143.296860416625,169.32,24.263024405742946,137.56710447405496,172.14666699999998,1251.3650531364256,23.681718524049344
250mv0_converted.csv,250.0,310.0,131.509025557519,151.7467,19.95606064856917,125.77926961494896,154.573367,1228.9256208371944,19.44212520318345
250mv0_converted.csv,250.0,311.0,121.966519053955,134.3733,16.38904365479281,116.23676311138495,137.199967,1180.349171187147,15.94768006306883
250mv0_converted.csv,250.0,312.0,112.974720495661,118.0933,13.341557559910243,107.24496455309095,120.919967,1127.5118370722137,12.968057574675928
250mv0_converted.csv,250.0,313.0,101.377524475247,103.08,10.449995222908461,95.64776853267695,105.906667,1107.2570601980979,10.129736371283295
250mv0_converted.csv,250.0,314.0,88.6470599916596,86.78667,7.693383141966365,82.91730404908955,89.613337,1080.755555522478,7.430496310882527
250mv0_converted.csv,250.0,315.0,78.9138908195484,71.57333,5.648129949211508,73.18413487697835,74.399997,1016.6137390988566,5.444899415294785
250mv0_converted.csv,250.0,316.0,70.8646901125961,58.28,4.1299941397621005,65.13493417002604,61.106667,938.1550435053671,3.980178732394703
250mv0_converted.csv,250.0,317.0,61.1315209404849,46.70667,2.855249775165318,55.401764997914846,49.533337,894.0750714686487,2.7442342960365202
250mv0_converted.csv,250.0,318.0,50.8370236511309,34.48,1.7528605754909932,45.10726770856085,37.306667,827.065546089807,1.6828018156831324
250mv0_converted.csv,250.0,319.0,43.3491510614215,23.33333,1.0114800469359981,37.61939511885145,26.159997,695.3859018028434,0.9841232634509686
250mv0_converted.csv,250.0,320.0,38.4878606747821,14.54667,0.5598702082420325,32.75810473221205,17.373337,530.3523247764779,0.5691175929940147
250mv0_converted.csv,250.0,321.0,33.4359314494509,7.466667,0.2496549659678772,27.706175506880847,10.293334,371.51767834011025,0.28518891835494387
250mv0_converted.csv,250.0,322.0,27.261353932919,-0.2533333,-0.006906208754294348,21.53159799034895,2.5733337,119.51429249020154,0.05540798672341723
250mv0_converted.csv,250.0,323.0,23.5121234386481,-6.466667,-0.1520450727406322,17.78236749607805,-3.64,-204.6971529973617,-0.06472781768572411
250mv0_converted.csv,250.0,324.0,22.0187858688961,-10.96,-0.2413258931231013,16.289029926326048,-8.133333,-499.3135279870196,-0.13248410463777524
250mv0_converted.csv,250.0,325.0,19.5828425045177,-13.97333,-0.2736375206536523,13.853086561947649,-11.146663,-804.6338951362804,-0.15441568741585907
250mv0_converted.csv,250.0,326.0,16.0242508489386,-17.82667,-0.28565903188124825,10.294494906368548,-15.000003,-1457.0897490774853,-0.15441745447901295
250mv0_converted.csv,250.0,327.0,14.1602319439204,-19.76,-0.2798061832118671,8.43047600135035,-16.933333,-2008.5856358867175,-0.14275605747937395
250mv0_converted.csv,250.0,328.0,14.5309132791866,-20.82667,-0.3026305356642372,8.801157336616548,-18.000003,-2045.185912665412,-0.15842085846256987
250mv0_converted.csv,250.0,329.0,13.5989038266775,-20.61333,-0.28031869221756617,7.869147884107449,-17.786663,-2260.3035629717915,-0.13996588151178227
250mv0_converted.csv,250.0,330.0,10.9723216236074,-21.68,-0.23787993279980843,5.242565681037349,-18.853333,-3596.2034902478285,-0.09883983655896893
250mv0_converted.csv,250.0,331.0,10.2203626109578,-21.04,-0.21503642933455208,4.490606668387749,-18.213333,-4055.8735923623176,-0.08178891462336665
250mv0_converted.csv,250.0,332.0,11.1629604622992,-19.97333,-0.2229614930904545,5.433204519729149,-17.146663,-3155.902366225444,-0.09316132690987257
250mv0_converted.csv,250.0,333.0,10.7816827849157,-18.04,-0.19450155743987924,5.05192684234565,-15.213332999999999,-3011.3921825788607,-0.07685664534424287
250mv0_converted.csv,250.0,334.0,8.72702504120579,-17.18667,-0.1499884994649403,2.9972690986357398,-14.360002999999999,-4791.028942491754,-0.04304079324821652
250mv0_converted.csv,250.0,335.0,8.1656969239629,-15.46667,-0.12629613964294928,2.435940981392849,-12.640003,-5188.961102322175,-0.030790301312628558
250mv0_converted.csv,250.0,336.0,9.47898405385547,-13.32,-0.12626006759735486,3.7492281112854196,-10.493333,-2798.7982295380716,-0.03934189906467896
250mv0_converted.csv,250.0,337.0,9.47898405385547,-10.74667,-0.10186751356204697,3.7492281112854196,-7.9200029999999995,-2112.4356173902243,-0.029693897889064853
250mv0_converted.csv,250.0,338.0,7.6043711897055,-9.466667,-0.07198804979733579,1.8746152471354494,-6.639999999999999,-3542.0601694915317,-0.012447445240979382
250mv0_converted.csv,250.0,339.0,7.41373235101376,-7.32,-0.054268520809420726,1.6839764084437094,-4.493333,-2668.2873806721736,-0.007566666767281598
250mv0_converted.csv,250.0,340.0,8.91766387989753,-5.613334,-0.05005782585760073,3.1879079373274797,-2.786667,-874.1365982908991,-0.008883637847988556
250mv0_converted.csv,250.0,341.0,8.72702504120579,-3.04,-0.026530156125265603,2.9972690986357398,-0.213333,-71.1757913552381,-0.0006394164086192583
250mv0_converted.csv,250.0,342.0,7.0430462497766,-1.746667,-0.012301856463958543,1.3132903072065494,1.08,822.361966789527,0.0014183535317830733
250mv0_converted.csv,250.0,343.0,7.0430462497766,-0.2533333,-0.0017842381485085302,1.3132903072065494,2.5733337,1959.455335868306,0.0033795342054179665
250mv0_converted.csv,250.0,344.0,8.53638620251405,0.8266667,0.007056746211957822,2.806630259944,3.6533337,1301.679723239674,0.010253556912093176
250mv0_converted.csv,250.0,345.0,8.35633576265465,3.186667,0.026628859415771405,2.6265798200846,6.013334,2289.416051253419,0.01579450173582861
250mv0_converted.csv,250.0,346.0,6.85240741108485,4.04,0.027683725940782795,1.1226514685147997,6.866667,6116.472647636748,0.007708873791352114
250mv0_converted.csv,250.0,347.0,7.0430462497766,4.68,0.032961456448954485,1.3132903072065494,7.506667,5715.923553846332,0.009858433010527266
250mv0_converted.csv,250.0,348.0,8.53638620251405,4.893333,0.04177138030550669,2.806630259944,7.720000000000001,2750.6295040637224,0.021667185606767683
250mv0_converted.csv,250.0,349.0,8.35633576265465,6.826667,0.05704592159183433,2.6265798200846,9.653334,3675.2486736493215,0.025355252280936547
250mv0_converted.csv,250.0,350.0,6.85240741108485,6.826667,0.046779103543808376,1.1226514685147997,9.653334,8598.691820864742,0.010837329591163843
250mv0_converted.csv,250.0,351.0,6.85240741108485,6.826667,0.046779103543808376,1.1226514685147997,9.653334,8598.691820864742,0.010837329591163843
250mv0_converted.csv,250.0,352.0,8.35633576265465,6.613333,0.05526323105824417,2.6265798200846,9.44,3594.027460279485,0.024794913501598622
250mv0_converted.csv,250.0,353.0,8.1656969239629,8.106667,0.06619658578549155,2.435940981392849,10.933334,4488.341090164023,0.02663295635385581
250mv0_converted.csv,250.0,354.0,6.85240741108485,7.466667,0.051164644286902684,1.1226514685147997,10.293334,9168.770797242585,0.011555826531013317
250mv0_converted.csv,250.0,355.0,6.85240741108485,7.04,0.048240948174037346,1.1226514685147997,9.866667,8788.717849407889,0.011076828196896513
250mv0_converted.csv,250.0,356.0,7.97505808527116,6.613333,0.052741714812240575,2.2453021427011093,9.44,4204.333938168176,0.02119565222709847
250mv0_converted.csv,250.0,357.0,8.1656969239629,7.893333,0.06445456499791484,2.435940981392849,10.72,4400.763434699637,0.026113287320531347
250mv0_converted.csv,250.0,358.0,6.67235935421093,6.613333,0.04412653430506183,0.9426034116408797,9.44,10014.816287972999,0.008898176205889903
250mv0_converted.csv,250.0,359.0,6.67235935421093,6.4,0.04270309986694996,0.9426034116408797,9.226667,9788.493109671927,0.00869708779227432
250mv0_converted.csv,250.0,360.0,7.6043711897055,5.32,0.04045525472923326,1.8746152471354494,8.146667,4345.780827531788,0.015271866171535212
250mv0_converted.csv,250.0,361.0,7.97505808527116,6.613333,0.052741714812240575,2.2453021427011093,9.44,4204.333938168176,0.02119565222709847
250mv0_converted.csv,250.0,362.0,6.48172051551919,5.32,0.0344827531425621,0.7519645729491398,8.146667,10833.844163760907,0.00612600497161385
250mv0_converted.csv,250.0,363.0,6.48172051551919,4.893333,0.031717216895367065,0.7519645729491398,7.720000000000001,10266.441103365856,0.005805166503167359
250mv0_converted.csv,250.0,364.0,7.6043711897055,4.04,0.030721659606410223,1.8746152471354494,6.866667,3662.9740478707695,0.012872358655201834
250mv0_converted.csv,250.0,365.0,7.79501002839724,5.106667,0.039806520476685245,2.0652540858271893,7.933334,3841.335579211547,0.01638435045773176
250mv0_converted.csv,250.0,366.0,6.29108167682745,4.04,0.0254159699743829,0.5613257342573998,6.866667,12232.945295273496,0.003854436895676057
250mv0_converted.csv,250.0,367.0,6.48172051551919,3.613333,0.023420614635502504,0.7519645729491398,6.4399999999999995,8564.233252030583,0.004842651849792459
250mv0_converted.csv,250.0,368.0,7.6043711897055,2.76,0.020988064483587178,1.8746152471354494,5.586667,2980.1672682097515,0.01047285113886846
250mv0_converted.csv,250.0,369.0,7.79501002839724,4.04,0.03149184051472485,2.0652540858271893,6.866667,3324.8533665288533,0.014181412077764728
250mv0_converted.csv,250.0,370.0,6.11103361995353,2.32,0.014177597998292189,0.38127767738347984,5.146667,13498.474485364657,0.001962309240026202
250mv0_converted.csv,250.0,371.0,6.48172051551919,2.32,0.01503759159600452,0.7519645729491398,5.146667,6844.294512193864,0.00387011125276643
250mv0_converted.csv,250.0,372.0,7.79501002839724,1.893333,0.014758549722095431,2.0652540858271893,4.72,2285.433076923082,0.009747999285104333
250mv0_converted.csv,250.0,373.0,7.79501002839724,2.973333,0.023177160552764448,2.0652540858271893,5.8,2808.3711538461603,0.011978473697797698
250mv0_converted.csv,250.0,374.0,6.29108167682745,1.466667,0.009226921889707486,0.5613257342573998,4.293334,7648.560787400603,0.002409958859962259
250mv0_converted.csv,250.0,375.0,6.48172051551919,1.466667,0.009506525583334985,0.7519645729491398,4.293334,5709.489721253644,0.003228435067838022
250mv0_converted.csv,250.0,376.0,7.97505808527116,1.466667,0.011696754516750396,2.2453021427011093,4.293334,1912.1408733147596,0.009639832029531524
250mv0_converted.csv,250.0,377.0,7.97505808527116,2.32,0.01850213475782909,2.2453021427011093,5.146667,2292.193510227775,0.01155582244286909
250mv0_converted.csv,250.0,378.0,6.29108167682745,1.04,0.006542724943900549,0.5613257342573998,3.866667,6888.454891731211,0.0021704596929038576
250mv0_converted.csv,250.0,379.0,6.48172051551919,1.04,0.006740989336139958,0.7519645729491398,3.866667,5142.086660858593,0.0029075965993915313
250mv0_converted.csv,250.0,380.0,7.97505808527116,1.466667,0.011696754516750396,2.2453021427011093,4.293334,1912.1408733147596,0.009639832029531524
250mv0_converted.csv,250.0,381.0,8.1656969239629,2.32,0.018944416863593928,2.435940981392849,5.146667,2112.80447240441,0.01253697706288219
250mv0_converted.csv,250.0,382.0,6.48172051551919,1.253333,0.008123754218877214,0.7519645729491398,4.08,5425.787526131177,0.0030680154576324904
250mv0_converted.csv,250.0,383.0,6.29108167682745,1.253333,0.00788482027126318,0.5613257342573998,4.08,7268.506948817507,0.0022902089957701913
250mv0_converted.csv,250.0,384.0,8.1656969239629,1.68,0.013718370832257671,2.435940981392849,4.506667,1850.072327049208,0.010977974834790767
250mv0_converted.csv,250.0,385.0,8.1656969239629,2.32,0.018944416863593928,2.435940981392849,5.146667,2112.80447240441,0.01253697706288219
250mv0_converted.csv,250.0,386.0,6.48172051551919,1.68,0.01088929046607224,0.7519645729491398,4.506667,5993.190586526229,0.003388853926078981
250mv0_converted.csv,250.0,387.0,6.11103361995353,1.466667,0.008962851346276385,0.38127767738347984,4.293334,11260.386470729229,0.001636952415751525
250mv0_converted.csv,250.0,388.0,7.97505808527116,1.68,0.013398097583255547,2.2453021427011093,4.506667,2007.153921199424,0.01011882907154038
250mv0_converted.csv,250.0,389.0,8.1656969239629,2.32,0.018944416863593928,2.435940981392849,5.146667,2112.80447240441,0.01253697706288219
250mv0_converted.csv,250.0,390.0,6.29108167682745,1.893333,0.011911112544432747,0.5613257342573998,4.72,8408.664901573195,0.002649457465694927
250mv0_converted.csv,250.0,391.0,6.11103361995353,1.466667,0.008962851346276385,0.38127767738347984,4.293334,11260.386470729229,0.001636952415751525
250mv0_converted.csv,250.0,392.0,7.97505808527116,1.466667,0.011696754516750396,2.2453021427011093,4.293334,1912.1408733147596,0.009639832029531524
250mv0_converted.csv,250.0,393.0,7.79501002839724,2.32,0.018084423265881593,2.0652540858271893,5.146667,2492.0260588365436,0.010629175050141961
250mv0_converted.csv,250.0,394.0,6.11103361995353,1.68,0.01026653648152193,0.38127767738347984,4.506667,11819.907818697982,0.001718291526500775
250mv0_converted.csv,250.0,395.0,5.92039478126179,1.253333,0.007420226152383184,0.19063883869173992,4.08,21401.72500000012,0.0007778064618622989
250mv0_converted.csv,250.0,396.0,7.79501002839724,0.8266667,0.006443875216642052,2.0652540858271893,3.6533337,1768.9512031817346,0.007545062350815163
250mv0_converted.csv,250.0,397.0,7.6043711897055,1.893333,0.014397606917718683,1.8746152471354494,4.72,2517.850000000005,0.008848183966479321
250mv0_converted.csv,250.0,398.0,5.92039478126179,1.253333,0.007420226152383184,0.19063883869173992,4.08,21401.72500000012,0.0007778064618622989
250mv0_converted.csv,250.0,399.0,5.72975594257005,0.8266667,0.004736598436849773,0.0,3.6533337,,0.0
250mv0_converted.csv,250.0,400.0,7.6043711897055,0.4,0.0030417484758822,1.8746152471354494,3.226667,1721.242268209749,0.0060487591556288
250mv0_converted.csv,250.0,401.0,7.6043711897055,1.253333,0.009530809356307164,1.8746152471354494,4.08,2176.4466101694957,0.007648430208312633
250mv0_converted.csv,250.0,402.0,5.72975594257005,0.8266667,0.004736598436849773,0.0,3.6533337,,0.0
250mv0_converted.csv,250.0,403.0,5.54970788569613,0.6133333,0.0034038206515700307,-0.18004805687392,3.4400003,,-0.0006193653696607019
250mv0_converted.csv,250.0,404.0,7.23368508846834,0.4,0.002893474035387336,1.5039291458982893,3.226667,2145.491367595465,0.004852678545408195
250mv0_converted.csv,250.0,405.0,7.6043711897055,1.04,0.007908546037293721,1.8746152471354494,3.866667,2062.6456580402582,0.0072485129137954876
250mv0_converted.csv,250.0,406.0,5.72975594257005,0.8266667,0.004736598436849773,0.0,3.6533337,,0.0
250mv0_converted.csv,250.0,407.0,5.72975594257005,0.8266667,0.004736598436849773,0.0,3.6533337,,0.0
250mv0_converted.csv,250.0,408.0,7.0430462497766,0.8266667,0.005822251801250198,1.3132903072065494,3.6533337,2781.817302657833,0.0047978877372010405
250mv0_converted.csv,250.0,409.0,7.6043711897055,1.253333,0.009530809356307164,1.8746152471354494,4.08,2176.4466101694957,0.007648430208312633
250mv0_converted.csv,250.0,410.0,5.92039478126179,1.04,0.006157210572512263,0.19063883869173992,3.866667,20282.68230406261,0.000737136906487674
250mv0_converted.csv,250.0,411.0,5.92039478126179,1.04,0.006157210572512263,0.19063883869173992,3.866667,20282.68230406261,0.000737136906487674
250mv0_converted.csv,250.0,412.0,7.0430462497766,1.253333,0.008827282285371257,1.3132903072065494,4.08,3106.7007634271017,0.005358224453402722
250mv0_converted.csv,250.0,413.0,7.79501002839724,1.893333,0.014758549722095431,2.0652540858271893,4.72,2285.433076923082,0.009747999285104333
250mv0_converted.csv,250.0,414.0,6.11103361995353,1.466667,0.008962851346276385,0.38127767738347984,4.293334,11260.386470729229,0.001636952415751525
250mv0_converted.csv,250.0,415.0,6.11103361995353,1.466667,0.008962851346276385,0.38127767738347984,4.293334,11260.386470729229,0.001636952415751525
250mv0_converted.csv,250.0,416.0,7.23368508846834,1.68,0.01215259094862681,1.5039291458982893,4.506667,2996.5952932630953,0.006777707852158006
250mv0_converted.csv,250.0,417.0,7.6043711897055,2.533333,0.019264404479130203,1.8746152471354494,5.359999999999999,2859.2533898305132,0.010047937724646008
250mv0_converted.csv,250.0,418.0,6.29108167682745,2.106667,0.013253214162877055,0.5613257342573998,4.933334,8788.718740156291,0.002769207329886996
250mv0_converted.csv,250.0,419.0,6.29108167682745,2.106667,0.013253214162877055,0.5613257342573998,4.933334,8788.718740156291,0.002769207329886996
250mv0_converted.csv,250.0,420.0,7.23368508846834,2.106667,0.015238965664268331,1.5039291458982893,4.933334,3280.296823460619,0.0074193847890509914
250mv0_converted.csv,250.0,421.0,7.6043711897055,2.973333,0.022610327802600624,1.8746152471354494,5.8,3093.968220338989,0.010872768433385605
250mv0_converted.csv,250.0,422.0,6.29108167682745,2.533333,0.015937404817602314,0.5613257342573998,5.359999999999999,9548.82285432888,0.0030087059356196633
250mv0_converted.csv,250.0,423.0,6.29108167682745,2.32,0.014595309490239685,0.5613257342573998,5.146667,9168.770797242585,0.002888956632753329
250mv0_converted.csv,250.0,424.0,7.23368508846834,2.32,0.016782149405246548,1.5039291458982893,5.146667,3422.1472560969096,0.007740222505532911
250mv0_converted.csv,250.0,425.0,7.6043711897055,3.186667,0.024232598725985256,1.8746152471354494,6.013334,3207.7697059110233,0.011272687602518
250mv0_converted.csv,250.0,426.0,6.29108167682745,2.973333,0.01870548075540639,0.5613257342573998,5.8,10332.681446848417,0.003255689258692919
250mv0_converted.csv,250.0,427.0,6.29108167682745,2.32,0.014595309490239685,0.5613257342573998,5.146667,9168.770797242585,0.002888956632753329
250mv0_converted.csv,250.0,428.0,7.41373235101376,2.106667,0.015618265290713102,1.6839764084437094,4.933334,2929.5742952594387,0.00830761807097324
250mv0_converted.csv,250.0,429.0,7.41373235101376,3.186667,0.023625096229807966,1.6839764084437094,6.013334,3570.913446202836,0.010126312592092446
250mv0_converted.csv,250.0,430.0,6.11103361995353,2.973333,0.01817013792631729,0.38127767738347984,5.8,15212.01041666675,0.002211410528824183
250mv0_converted.csv,250.0,431.0,5.92039478126179,2.106667,0.01247230031265643,0.19063883869173992,4.933334,25877.906274791814,0.0009404850646384761
250mv0_converted.csv,250.0,432.0,7.41373235101376,2.106667,0.015618265290713102,1.6839764084437094,4.933334,2929.5742952594387,0.00830761807097324
250mv0_converted.csv,250.0,433.0,7.23368508846834,2.973333,0.021508154585150836,1.5039291458982893,5.8,3856.564663181449,0.008722789046210079
250mv0_converted.csv,250.0,434.0,6.11103361995353,2.76,0.016866452791071743,0.38127767738347984,5.586667,14652.489068697998,0.0021300714180749335
250mv0_converted.csv,250.0,435.0,5.92039478126179,1.68,0.009946263232519808,0.19063883869173992,4.506667,23639.815637395965,0.0008591457632503875
250mv0_converted.csv,250.0,436.0,7.41373235101376,2.106667,0.015618265290713102,1.6839764084437094,4.933334,2929.5742952594387,0.00830761807097324
250mv0_converted.csv,250.0,437.0,7.23368508846834,2.76,0.019964970844172616,1.5039291458982893,5.586667,3714.714230545158,0.008401951329728157
250mv0_converted.csv,250.0,438.0,6.11103361995353,2.533333,0.015481283133537735,0.38127767738347984,5.359999999999999,14057.995833333409,0.002043648350775452
250mv0_converted.csv,250.0,439.0,5.72975594257005,1.68,0.009625989983517684,0.0,4.506667,,0.0
250mv0_converted.csv,250.0,440.0,7.41373235101376,1.68,0.012455070349703116,1.6839764084437094,4.506667,2676.205543856136,0.007589120908711787
250mv0_converted.csv,250.0,441.0,7.0430462497766,2.32,0.01633986729948171,1.3132903072065494,5.146667,3918.9103671581056,0.00675906788551981
250mv0_converted.csv,250.0,442.0,6.11103361995353,2.32,0.014177597998292189,0.38127767738347984,5.146667,13498.474485364657,0.001962309240026202
250mv0_converted.csv,250.0,443.0,5.72975594257005,1.68,0.009625989983517684,0.0,4.506667,,0.0
250mv0_converted.csv,250.0,444.0,7.23368508846834,1.466667,0.010609407207648594,1.5039291458982893,4.293334,2854.7448606268035,0.006456870135676086
250mv0_converted.csv,250.0,445.0,7.23368508846834,2.106667,0.015238965664268331,1.5039291458982893,4.933334,3280.296823460619,0.0074193847890509914
250mv0_converted.csv,250.0,446.0,5.92039478126179,1.68,0.009946263232519808,0.19063883869173992,4.506667,23639.815637395965,0.0008591457632503875
250mv0_converted.csv,250.0,447.0,5.72975594257005,1.253333,0.007181292204769149,0.0,4.08,,0.0
250mv0_converted.csv,250.0,448.0,7.23368508846834,0.6133333,0.0044366599464710785,1.5039291458982893,3.4400003,2287.3419997092383,0.005173516713068859
250mv0_converted.csv,250.0,449.0,7.41373235101376,1.253333,0.009291875408693128,1.6839764084437094,4.08,2422.836792452834,0.006870623746450335
250mv0_converted.csv,250.0,450.0,5.92039478126179,1.04,0.006157210572512263,0.19063883869173992,3.866667,20282.68230406261,0.000737136906487674
250mv0_converted.csv,250.0,451.0,5.72975594257005,0.6133333,0.0035142501204510996,0.0,3.4400003,,0.0
250mv0_converted.csv,250.0,452.0,7.0430462497766,-0.2533333,-0.0017842381485085302,1.3132903072065494,2.5733337,1959.455335868306,0.0033795342054179665
250mv0_converted.csv,250.0,453.0,7.41373235101376,0.6133333,0.004547088928164028,1.6839764084437094,3.4400003,2042.7841404139178,0.005792879350239283
250mv0_converted.csv,250.0,454.0,5.92039478126179,0.1866667,0.0011051405565153602,0.19063883869173992,3.0133337,15806.504701135504,0.0005744584371586838
250mv0_converted.csv,250.0,455.0,5.72975594257005,-0.2533333,-0.0014515379811258814,0.0,2.5733337,,0.0
250mv0_converted.csv,250.0,456.0,7.0430462497766,-1.32,-0.009296821049705112,1.3132903072065494,1.506667,1147.2459605711815,0.0019786911672879702
250mv0_converted.csv,250.0,457.0,7.23368508846834,-0.4666667,-0.003375719949074728,1.5039291458982893,2.3600003000000003,1569.2230624271756,0.0035492732354987073
250mv0_converted.csv,250.0,458.0,5.92039478126179,-0.4666667,-0.002762851095268661,0.19063883869173992,2.3600003000000003,12379.430740322985,0.0004499077165041579
250mv0_converted.csv,250.0,459.0,5.72975594257005,-0.8933333,-0.005118581784370714,0.0,1.9333337,,0.0
250mv0_converted.csv,250.0,460.0,6.85240741108485,-1.96,-0.013430718525726306,1.1226514685147997,0.8666670000000001,771.9822440944636,0.000972964980263316
250mv0_converted.csv,250.0,461.0,7.23368508846834,-0.8933333,-0.006462091771242214,1.5039291458982893,1.9333337,1285.5217981996282,0.00290759690017738
250mv0_converted.csv,250.0,462.0,5.92039478126179,-0.8933333,-0.005288885807247373,0.19063883869173992,1.9333337,10141.342201135472,0.0003685684913716047
250mv0_converted.csv,250.0,463.0,5.54970788569613,-1.106667,-0.00614167857673968,-0.18004805687392,1.72,,-0.0003096826578231424
250mv0_converted.csv,250.0,464.0,6.85240741108485,-2.173333,-0.01489256315595527,1.1226514685147997,0.6533340000000001,581.9562155513158,0.0007334663745306482
250mv0_converted.csv,250.0,465.0,7.23368508846834,-0.8933333,-0.006462091771242214,1.5039291458982893,1.9333337,1285.5217981996282,0.00290759690017738
250mv0_converted.csv,250.0,466.0,5.92039478126179,-1.106667,-0.006551905531394642,0.19063883869173992,1.72,9022.295833333383,0.00032789880254979265
250mv0_converted.csv,250.0,467.0,5.35906984133288,-1.32,-0.007073972190559402,-0.3706861012371707,1.506667,,-0.0005585005160927042
250mv0_converted.csv,250.0,468.0,6.85240741108485,-1.96,-0.013430718525726306,1.1226514685147997,0.8666670000000001,771.9822440944636,0.000972964980263316
250mv0_converted.csv,250.0,469.0,7.23368508846834,-0.68,-0.004918905860158472,1.5039291458982893,2.146667,1427.3724303134018,0.003228435067838043
250mv0_converted.csv,250.0,470.0,5.72975594257005,-1.106667,-0.0063409318196961705,0.0,1.72,,0.0
250mv0_converted.csv,250.0,471.0,5.16843100264114,-1.106667,-0.005719732032399863,-0.5613249399289106,1.72,,-0.0009654788966777263
250mv0_converted.csv,250.0,472.0,6.85240741108485,-1.96,-0.013430718525726306,1.1226514685147997,0.8666670000000001,771.9822440944636,0.000972964980263316
250mv0_converted.csv,250.0,473.0,7.23368508846834,-0.4666667,-0.003375719949074728,1.5039291458982893,2.3600003000000003,1569.2230624271756,0.0035492732354987073
250mv0_converted.csv,250.0,474.0,5.72975594257005,-1.32,-0.007563277844192468,0.0,1.506667,,0.0
250mv0_converted.csv,250.0,475.0,5.16843100264114,-1.106667,-0.005719732032399863,-0.5613249399289106,1.72,,-0.0009654788966777263
250mv0_converted.csv,250.0,476.0,6.85240741108485,-1.746667,-0.011968873895497343,1.1226514685147997,1.08,962.0082726376112,0.001212463585995984
250mv0_converted.csv,250.0,477.0,7.23368508846834,-0.4666667,-0.003375719949074728,1.5039291458982893,2.3600003000000003,1569.2230624271756,0.0035492732354987073
250mv0_converted.csv,250.0,478.0,5.92039478126179,-1.106667,-0.006551905531394642,0.19063883869173992,1.72,9022.295833333383,0.00032789880254979265
250mv0_converted.csv,250.0,479.0,5.35906984133288,-1.106667,-0.005930705744098335,-0.3706861012371707,1.72,,-0.0006375800941279336
250mv0_converted.csv,250.0,480.0,6.85240741108485,-1.533333,-0.010507022412860965,1.1226514685147997,1.293334,1152.0351919291595,0.00145196331438012
250mv0_converted.csv,250.0,481.0,7.41373235101376,-0.4666667,-0.003459742010930833,1.6839764084437094,2.3600003000000003,1401.444989470521,0.003974184829120078
250mv0_converted.csv,250.0,482.0,5.92039478126179,-1.106667,-0.006551905531394642,0.19063883869173992,1.72,9022.295833333383,0.00032789880254979265
250mv0_converted.csv,250.0,483.0,5.54970788569613,-1.106667,-0.00614167857673968,-0.18004805687392,1.72,,-0.0003096826578231424
250mv0_converted.csv,250.0,484.0,7.0430462497766,-1.32,-0.009296821049705112,1.3132903072065494,1.506667,1147.2459605711815,0.0019786911672879702
250mv0_converted.csv,250.0,485.0,7.6043711897055,-0.2533333,-0.0019264404479130202,1.8746152471354494,2.5733337,1372.7263255391977,0.004824010589987481
250mv0_converted.csv,250.0,486.0,6.11103361995353,-0.8933333,-0.0054591898301240335,0.38127767738347984,1.9333337,5070.671100567736,0.0007371369827432094
250mv0_converted.csv,250.0,487.0,5.54970788569613,-0.8933333,-0.004957738859564948,-0.18004805687392,1.9333337,,-0.00034809297597386616
250mv0_converted.csv,250.0,488.0,7.23368508846834,-1.106667,-0.008005280575799993,1.5039291458982893,1.72,1143.6709001158779,0.0025867581309450575
250mv0_converted.csv,250.0,489.0,7.6043711897055,-0.02666667,-0.00020278325707338396,1.8746152471354494,2.80000033,1493.6400065446003,0.00524892331060229
250mv0_converted.csv,250.0,490.0,6.11103361995353,-0.4666667,-0.002851815893012768,0.38127767738347984,2.3600003000000003,6189.7153701614925,0.0008998154330083158
250mv0_converted.csv,250.0,491.0,5.54970788569613,-0.68,-0.003773801362273369,-0.18004805687392,2.146667,,-0.0003865032221053672
250mv0_converted.csv,250.0,492.0,7.23368508846834,-0.4666667,-0.003375719949074728,1.5039291458982893,2.3600003000000003,1569.2230624271756,0.0035492732354987073
250mv0_converted.csv,250.0,493.0,7.41373235101376,0.8266667,0.006128685657295786,1.6839764084437094,3.6533337,2169.4684567323147,0.006152127762972368
250mv0_converted.csv,250.0,494.0,6.11103361995353,0.1866667,0.0011407264794257796,0.38127767738347984,3.0133337,7903.252350567752,0.0011489168743173677
250mv0_converted.csv,250.0,495.0,5.35906984133288,-0.2533333,-0.0013576308478353348,-0.3706861012371707,2.5733337,,-0.0009538990364352231
250mv0_converted.csv,250.0,496.0,7.23368508846834,0.1866667,0.0013502881243035929,1.5039291458982893,3.0133337,2003.6407354816913,0.004531840377747532
250mv0_converted.csv,250.0,497.0,7.23368508846834,1.68,0.01215259094862681,1.5039291458982893,4.506667,2996.5952932630953,0.006777707852158006
250mv0_converted.csv,250.0,498.0,6.11103361995353,0.8266667,0.005051787996196038,0.38127767738347984,3.6533337,9581.819017234428,0.0013929345878427948
250mv0_converted.csv,250.0,499.0,5.35906984133288,0.6133333,0.003286895990715171,-0.3706861012371707,3.4400003,,-0.0012751602994616976
250mv0_converted.csv,250.0,500.0,7.0430462497766,0.4,0.00281721849991064,1.3132903072065494,3.226667,2456.933537310058,0.0042375504956832346
250mv0_converted.csv,250.0,501.0,7.0430462497766,2.106667,0.01483735311387812,1.3132903072065494,4.933334,3756.468750990412,0.006478899724412516
250mv0_converted.csv,250.0,502.0,6.11103361995353,1.04,0.006355474964751672,0.38127767738347984,3.866667,10141.341152031306,0.001474273812975348
250mv0_converted.csv,250.0,503.0,5.72975594257005,1.253333,0.007181292204769149,0.0,4.08,,0.0
250mv0_converted.csv,250.0,504.0,7.0430462497766,0.4,0.00281721849991064,1.3132903072065494,3.226667,2456.933537310058,0.0042375504956832346
250mv0_converted.csv,250.0,505.0,6.85240741108485,2.106667,0.014435740563487887,1.1226514685147997,4.933334,4394.359370078146,0.005538414659773992
250mv0_converted.csv,250.0,506.0,5.92039478126179,0.8266667,0.004894193216522906,0.19063883869173992,3.6533337,19163.638034468855,0.0006964672939213974
250mv0_converted.csv,250.0,507.0,5.72975594257005,1.04,0.005958946180272853,0.0,3.866667,,0.0
250mv0_converted.csv,250.0,508.0,7.0430462497766,-0.02666667,-0.00018781459013753017,1.3132903072065494,2.80000033,2132.049794805671,0.00367721329356414
250mv0_converted.csv,250.0,509.0,6.85240741108485,1.253333,0.008588348337757208,1.1226514685147997,4.08,3634.2534744087534,0.004580417991540383
250mv0_converted.csv,250.0,510.0,5.92039478126179,0.1866667,0.0011051405565153602,0.19063883869173992,3.0133337,15806.504701135504,0.0005744584371586838
250mv0_converted.csv,250.0,511.0,5.72975594257005,-0.02666667,-0.00015279351090105448,0.0,2.80000033,,0.0
250mv0_converted.csv,250.0,512.0,7.0430462497766,-1.106667,-0.007794306864101521,1.3132903072065494,1.72,1309.6875767388763,0.002258859328395265
250mv0_converted.csv,250.0,513.0,6.85240741108485,-0.2533333,-0.0017359429823945816,1.1226514685147997,2.5733337,2292.1928774603266,0.0028889568572836232
250mv0_converted.csv,250.0,514.0,5.92039478126179,-0.68,-0.004025868451258018,0.19063883869173992,2.146667,11260.386470729229,0.0004092381039378812
250mv0_converted.csv,250.0,515.0,5.72975594257005,-1.32,-0.007563277844192468,0.0,1.506667,,0.0
250mv0_converted.csv,250.0,516.0,6.85240741108485,-2.173333,-0.01489256315595527,1.1226514685147997,0.6533340000000001,581.9562155513158,0.0007334663745306482
250mv0_converted.csv,250.0,517.0,6.85240741108485,-1.32,-0.009045177782632002,1.1226514685147997,1.506667,1342.061220472307,0.0016914619201127876
250mv0_converted.csv,250.0,518.0,5.72975594257005,-1.96,-0.011230321647437298,0.0,0.8666670000000001,,0.0
250mv0_converted.csv,250.0,519.0,5.72975594257005,-2.826667,-0.016196112040916658,0.0,0.0,,0.0
250mv0_converted.csv,250.0,520.0,6.85240741108485,-3.253333,-0.02229316315992691,1.1226514685147997,-0.426666,-380.0520570862954,-0.0004789972114653355
250mv0_converted.csv,250.0,521.0,6.67235935421093,-2.6,-0.01734813432094842,0.9426034116408797,0.22666699999999995,240.46910630783637,0.00021365708750640324
250mv0_converted.csv,250.0,522.0,5.72975594257005,-3.04,-0.017418458065412954,0.0,-0.213333,,-0.0
250mv0_converted.csv,250.0,523.0,5.54970788569613,-3.68,-0.02042292501936176,-0.18004805687392,-0.8533330000000001,,0.0001536409485163928
250mv0_converted.csv,250.0,524.0,6.67235935421093,-3.68,-0.024554282423496224,0.9426034116408797,-0.8533330000000001,-905.2937740958542,-0.0008043545970657468
250mv0_converted.csv,250.0,525.0,6.67235935421093,-3.04,-0.020283972436801228,0.9426034116408797,-0.213333,-226.32317830107456,-0.00020108841361558377
250mv0_converted.csv,250.0,526.0,5.72975594257005,-3.68,-0.021085501868657788,0.0,-0.8533330000000001,,-0.0
250mv0_converted.csv,250.0,527.0,5.54970788569613,-4.106666,-0.022790796684120186,-0.18004805687392,-1.2799989999999997,,0.00023046133275056067
250mv0_converted.csv,250.0,528.0,6.67235935421093,-3.893333,-0.025977716861608106,0.9426034116408797,-1.0666660000000001,-1131.616952396929,-0.0010054430106813306
250mv0_converted.csv,250.0,529.0,6.48172051551919,-3.253333,-0.021087195249915595,0.7519645729491398,-0.426666,-567.4017305451679,-0.00032083771648191766
250mv0_converted.csv,250.0,530.0,5.72975594257005,-4.106666,-0.023530193917650377,0.0,-1.2799989999999997,,-0.0
250mv0_converted.csv,250.0,531.0,5.72975594257005,-4.106666,-0.023530193917650377,0.0,-1.2799989999999997,,-0.0
250mv0_converted.csv,250.0,532.0,6.48172051551919,-3.893333,-0.02523549637984788,0.7519645729491398,-1.0666660000000001,-1418.5056562128036,-0.0008020950431693672
250mv0_converted.csv,250.0,533.0,6.67235935421093,-3.04,-0.020283972436801228,0.9426034116408797,-0.213333,-226.32317830107456,-0.00020108841361558377
250mv0_converted.csv,250.0,534.0,5.92039478126179,-4.106666,-0.024313083954785233,0.19063883869173992,-1.2799989999999997,-6714.261421145868,-0.00024401752288658835
250mv0_converted.csv,250.0,535.0,5.92039478126179,-3.893333,-0.02305006837491431,0.19063883869173992,-1.0666660000000001,-5595.218725208365,-0.00020334796751196347
250mv0_converted.csv,250.0,536.0,6.67235935421093,-4.106666,-0.02740115129971998,0.9426034116408797,-1.2799989999999997,-1357.9401306980028,-0.001206531424296914
250mv0_converted.csv,250.0,537.0,6.67235935421093,-3.04,-0.020283972436801228,0.9426034116408797,-0.213333,-226.32317830107456,-0.00020108841361558377
250mv0_converted.csv,250.0,538.0,6.11103361995353,-3.68,-0.022488603721428992,0.38127767738347984,-0.8533330000000001,-2238.0880146354293,-0.00032535682427467706
250mv0_converted.csv,250.0,539.0,5.92039478126179,-3.04,-0.01799800013503584,0.19063883869173992,-0.213333,-1119.042695937506,-4.066955537462495e-05
250mv0_converted.csv,250.0,540.0,6.67235935421093,-3.68,-0.024554282423496224,0.9426034116408797,-0.8533330000000001,-905.2937740958542,-0.0008043545970657468
250mv0_converted.csv,250.0,541.0,6.85240741108485,-2.386667,-0.016354414638591646,1.1226514685147997,0.43999999999999995,391.92929625976745,0.0004939666461465118
250mv0_converted.csv,250.0,542.0,6.11103361995353,-2.826667,-0.017273857069413187,0.38127767738347984,0.0,0.0,0.0
250mv0_converted.csv,250.0,543.0,5.92039478126179,-2.386667,-0.014130010851409735,0.19063883869173992,0.43999999999999995,2308.029166666679,8.388108902436556e-05
250mv0_converted.csv,250.0,544.0,6.67235935421093,-2.826667,-0.01886053799868935,0.9426034116408797,0.0,0.0,0.0
250mv0_converted.csv,250.0,545.0,6.85240741108485,-1.533333,-0.010507022412860965,1.1226514685147997,1.293334,1152.0351919291595,0.00145196331438012
250mv0_converted.csv,250.0,546.0,5.92039478126179,-1.746667,-0.010340958191402187,0.19063883869173992,1.08,5665.162500000031,0.0002058899457870791
250mv0_converted.csv,250.0,547.0,5.92039478126179,-1.533333,-0.009077936691136485,0.19063883869173992,1.293334,6784.210441458371,0.0002465596918005428
250mv0_converted.csv,250.0,548.0,6.67235935421093,-1.533333,-0.010230948785670308,0.9426034116408797,1.293334,1372.0871195963211,0.0012191010407911456
250mv0_converted.csv,250.0,549.0,6.67235935421093,-0.4666667,-0.003113767921043746,0.9426034116408797,2.3600003000000003,2503.704390260717,0.0022245443342535
250mv0_converted.csv,250.0,550.0,5.72975594257005,-0.4666667,-0.002673886297524555,0.0,2.3600003000000003,,0.0
250mv0_converted.csv,250.0,551.0,5.92039478126179,-0.4666667,-0.002762851095268661,0.19063883869173992,2.3600003000000003,12379.430740322985,0.0004499077165041579
250mv0_converted.csv,250.0,552.0,6.48172051551919,-0.02666667,-0.00017284590201958013,0.7519645729491398,2.80000033,3723.5801136463674,0.0021055010524059004
250mv0_converted.csv,250.0,553.0,6.67235935421093,0.8266667,0.005515817288559681,0.9426034116408797,3.6533337,3875.7908733221043,0.003443644809482598
250mv0_converted.csv,250.0,554.0,5.54970788569613,1.04,0.005771696201123976,-0.18004805687392,3.866667,,-0.0006961858799285097
250mv0_converted.csv,250.0,555.0,5.92039478126179,0.4,0.0023681579125047164,0.19063883869173992,3.226667,16925.548970729258,0.0006151280497249604
250mv0_converted.csv,250.0,556.0,6.67235935421093,1.253333,0.008362688166491248,0.9426034116408797,4.08,4328.43754819172,0.003845821919494789
250mv0_converted.csv,250.0,557.0,6.85240741108485,1.68,0.011512044450622549,1.1226514685147997,4.506667,4014.3064222434496,0.005059416325657188
250mv0_converted.csv,250.0,558.0,5.54970788569613,2.106667,0.011691386462435808,-0.18004805687392,4.933334,,-0.0008882372006100433
250mv0_converted.csv,250.0,559.0,5.72975594257005,1.04,0.005958946180272853,0.0,3.866667,,0.0
250mv0_converted.csv,250.0,560.0,6.48172051551919,1.893333,0.012272055348809496,0.7519645729491398,4.72,6276.891451798812,0.0035492727843199393
250mv0_converted.csv,250.0,561.0,7.0430462497766,2.106667,0.01483735311387812,1.3132903072065494,4.933334,3756.468750990412,0.006478899724412516
250mv0_converted.csv,250.0,562.0,5.54970788569613,2.32,0.012875322294815021,-0.18004805687392,5.146667,,-0.0009266473927271272
250mv0_converted.csv,250.0,563.0,5.35906984133288,1.253333,0.006716699081447263,-0.3706861012371707,4.08,,-0.0015123992930476567
250mv0_converted.csv,250.0,564.0,6.48172051551919,2.106667,0.013654826713267267,0.7519645729491398,4.933334,6560.593646921281,0.003709692394525472
250mv0_converted.csv,250.0,565.0,7.0430462497766,2.106667,0.01483735311387812,1.3132903072065494,4.933334,3756.468750990412,0.006478899724412516
250mv0_converted.csv,250.0,566.0,5.54970788569613,1.893333,0.010507445080348711,-0.18004805687392,4.72,,-0.0008498268284449024
250mv0_converted.csv,250.0,567.0,5.35906984133288,0.8266667,0.004430164580804175,-0.3706861012371707,3.6533337,,-0.0013542400257713677
250mv0_converted.csv,250.0,568.0,6.29108167682745,1.893333,0.011911112544432747,0.5613257342573998,4.72,8408.664901573195,0.002649457465694927
250mv0_converted.csv,250.0,569.0,7.0430462497766,1.253333,0.008827282285371257,1.3132903072065494,4.08,3106.7007634271017,0.005358224453402722
250mv0_converted.csv,250.0,570.0,5.54970788569613,1.04,0.005771696201123976,-0.18004805687392,3.866667,,-0.0006961858799285097
250mv0_converted.csv,250.0,571.0,5.35906984133288,0.1866667,0.0010003598823511322,-0.3706861012371707,3.0133337,,-0.0011170009209795781
250mv0_converted.csv,250.0,572.0,6.29108167682745,0.6133333,0.0038585298854181133,0.5613257342573998,3.4400003,6128.349530510859,0.0019309606942431758
250mv0_converted.csv,250.0,573.0,6.85240741108485,-0.02666667,-0.00018273088713695405,1.1226514685147997,2.80000033,2494.0958156000383,0.003143424482316424
250mv0_converted.csv,250.0,574.0,5.54970788569613,-0.4666667,-0.0025898638649817906,-0.18004805687392,2.3600003000000003,,-0.00042491346823686835
250mv0_converted.csv,250.0,575.0,5.35906984133288,-0.8933333,-0.004787435546288378,-0.3706861012371707,1.9333337,,-0.0007166599316434338
250mv0_converted.csv,250.0,576.0,6.29108167682745,-1.106667,-0.006962132486049604,0.5613257342573998,1.72,3064.17449803091,0.0009654802629227278
250mv0_converted.csv,250.0,577.0,6.67235935421093,-1.746667,-0.011654389896141542,0.9426034116408797,1.08,1145.7628804036906,0.0010180116845721501
250mv0_converted.csv,250.0,578.0,5.54970788569613,-2.386667,-0.013245304670430728,-0.18004805687392,0.43999999999999995,,-7.92211450245248e-05
250mv0_converted.csv,250.0,579.0,5.35906984133288,-2.6,-0.013933581587465488,-0.3706861012371707,0.22666699999999995,,-8.402230650912577e-05
250mv0_converted.csv,250.0,580.0,6.48172051551919,-3.04,-0.019704430367178342,0.7519645729491398,-0.213333,-283.70086527258394,-0.00016041885824095883
250mv0_converted.csv,250.0,581.0,6.67235935421093,-3.253333,-0.02170740687491311,0.9426034116408797,-0.426666,-452.6463566021491,-0.00040217682723116754
250mv0_converted.csv,250.0,582.0,5.54970788569613,-4.32,-0.023974738066207285,-0.18004805687392,-1.4933330000000002,,0.0002688717049157016
250mv0_converted.csv,250.0,583.0,5.54970788569613,-4.32,-0.023974738066207285,-0.18004805687392,-1.4933330000000002,,0.0002688717049157016
250mv0_converted.csv,250.0,584.0,6.29108167682745,-5.173333,-0.03254586044442679,0.5613257342573998,-2.3466660000000004,-4180.577972439653,-0.0013172440155068757
250mv0_converted.csv,250.0,585.0,6.67235935421093,-4.746667,-0.03167146795877434,0.9426034116408797,-1.9200000000000004,-2036.9117873843393,-0.0018097985503504894
250mv0_converted.csv,250.0,586.0,5.54970788569613,-5.826666,-0.03233629424751753,-0.18004805687392,-2.9999990000000003,,0.0005401439905737032
250mv0_converted.csv,250.0,587.0,5.72975594257005,-6.04,-0.0346077258931231,0.0,-3.213333,,-0.0
250mv0_converted.csv,250.0,588.0,6.48172051551919,-6.466667,-0.04191512816093093,0.7519645729491398,-3.64,-4840.653577234678,-0.0027371510455348686
250mv0_converted.csv,250.0,589.0,6.85240741108485,-5.613334,-0.03846485150249457,1.1226514685147997,-2.786667,-2482.2191732279944,-0.003128455799811731
250mv0_converted.csv,250.0,590.0,5.54970788569613,-6.893334,-0.03825599005853725,-0.18004805687392,-4.066667000000001,,0.0007321954913032938
250mv0_converted.csv,250.0,591.0,5.92039478126179,-6.893334,-0.04081125863909446,0.19063883869173992,-4.066667000000001,-21331.78647072929,-0.0007752646742260221
250mv0_converted.csv,250.0,592.0,6.29108167682745,-6.68,-0.04202442560120737,0.5613257342573998,-3.8533329999999997,-6864.7004133842665,-0.002162974975563269
250mv0_converted.csv,250.0,593.0,7.0430462497766,-6.04,-0.04253999934865066,1.3132903072065494,-3.213333,-2446.7804128052694,-0.0042200390827269426
250mv0_converted.csv,250.0,594.0,5.72975594257005,-7.106666,-0.04071946174536053,0.0,-4.279999,,-0.0
250mv0_converted.csv,250.0,595.0,5.92039478126179,-6.893334,-0.04081125863909446,0.19063883869173992,-4.066667000000001,-21331.78647072929,-0.0007752646742260221
250mv0_converted.csv,250.0,596.0,6.48172051551919,-6.253333,-0.040532356796473164,0.7519645729491398,-3.4266659999999995,-4556.951382112209,-0.002576731435329337
250mv0_converted.csv,250.0,597.0,7.0430462497766,-5.386667,-0.03793854481314537,1.3132903072065494,-2.56,-1949.3024397973973,-0.0033620231864487666
250mv0_converted.csv,250.0,598.0,5.92039478126179,-6.253333,-0.03702220005869214,0.19063883869173992,-3.4266659999999995,-17974.647891875098,-0.0006532556268244695
250mv0_converted.csv,250.0,599.0,5.72975594257005,-5.826666,-0.03338537413887087,0.0,-2.9999990000000003,,-0.0
250mv0_converted.csv,250.0,600.0,6.67235935421093,-5.173333,-0.034518336834998095,0.9426034116408797,-2.3466660000000004,-2489.558143986488,-0.002211975377581657
250mv0_converted.csv,250.0,601.0,7.0430462497766,-4.32,-0.030425959799034914,1.3132903072065494,-1.4933330000000002,-1137.0928360663934,-0.0019611797543316782
250mv0_converted.csv,250.0,602.0,5.92039478126179,-4.96,-0.029365158115058482,0.19063883869173992,-2.133333,-11190.442695937561,-0.0004066961256627656
250mv0_converted.csv,250.0,603.0,5.54970788569613,-4.533333,-0.025158673898586496,-0.18004805687392,-1.7066659999999998,,0.0003072818970327855
250mv0_converted.csv,250.0,604.0,6.48172051551919,-4.106666,-0.02661826126258513,0.7519645729491398,-1.2799989999999997,-1702.2065214853867,-0.0009625139014103257
250mv0_converted.csv,250.0,605.0,6.85240741108485,-3.253333,-0.02229316315992691,1.1226514685147997,-0.426666,-380.0520570862954,-0.0004789972114653355
250mv0_converted.csv,250.0,606.0,6.11103361995353,-3.253333,-0.01988122733990428,0.38127767738347984,-0.426666,-1119.042695937506,-0.0001626782214984998
250mv0_converted.csv,250.0,607.0,5.54970788569613,-3.253333,-0.01805504780489545,-0.18004805687392,-0.426666,,7.682038423416796e-05
250mv0_converted.csv,250.0,608.0,6.48172051551919,-3.253333,-0.021087195249915595,0.7519645729491398,-0.426666,-567.4017305451679,-0.00032083771648191766
250mv0_converted.csv,250.0,609.0,6.85240741108485,-2.173333,-0.01489256315595527,1.1226514685147997,0.6533340000000001,581.9562155513158,0.0007334663745306482
250mv0_converted.csv,250.0,610.0,5.92039478126179,-1.96,-0.01160397377127311,0.19063883869173992,0.8666670000000001,4546.119804062525,0.00016522039041245418
250mv0_converted.csv,250.0,611.0,5.54970788569613,-2.386667,-0.013245304670430728,-0.18004805687392,0.43999999999999995,,-7.92211450245248e-05
250mv0_converted.csv,250.0,612.0,6.48172051551919,-2.6,-0.016852473340349897,0.7519645729491398,0.22666699999999995,301.4330836239155,0.00017044555385666263
250mv0_converted.csv,250.0,613.0,6.85240741108485,-1.32,-0.009045177782632002,1.1226514685147997,1.506667,1342.061220472307,0.0016914619201127876
250mv0_converted.csv,250.0,614.0,5.72975594257005,-1.32,-0.007563277844192468,0.0,1.506667,,0.0
250mv0_converted.csv,250.0,615.0,5.72975594257005,-2.173333,-0.012452667671933594,0.0,0.6533340000000001,,0.0
250mv0_converted.csv,250.0,616.0,6.29108167682745,-1.96,-0.012330520086581804,0.5613257342573998,0.8666670000000001,1543.9644881889271,0.000486482490131658
250mv0_converted.csv,250.0,617.0,6.85240741108485,-1.106667,-0.007583333152403038,1.1226514685147997,1.72,1532.087249015455,0.0019309605258454555
250mv0_converted.csv,250.0,618.0,5.72975594257005,-1.32,-0.007563277844192468,0.0,1.506667,,0.0
250mv0_converted.csv,250.0,619.0,5.72975594257005,-2.173333,-0.012452667671933594,0.0,0.6533340000000001,,0.0
250mv0_converted.csv,250.0,620.0,6.29108167682745,-1.533333,-0.009646323140774864,0.5613257342573998,1.293334,2304.070383858319,0.00072598165719006
250mv0_converted.csv,250.0,621.0,6.85240741108485,-0.8933333,-0.006121483725488886,1.1226514685147997,1.9333337,1722.113901082483,0.0021704599174341512
250mv0_converted.csv,250.0,622.0,6.11103361995353,-1.533333,-0.009370249513584207,0.38127767738347984,1.293334,3392.1052207291855,0.0004931193836010856
250mv0_converted.csv,250.0,623.0,5.72975594257005,-2.173333,-0.012452667671933594,0.0,0.6533340000000001,,0.0
250mv0_converted.csv,250.0,624.0,5.92039478126179,-1.746667,-0.010340958191402187,0.19063883869173992,1.08,5665.162500000031,0.0002058899457870791
250mv0_converted.csv,250.0,625.0,6.85240741108485,-1.32,-0.009045177782632002,1.1226514685147997,1.506667,1342.061220472307,0.0016914619201127876
250mv0_converted.csv,250.0,626.0,5.92039478126179,-2.173333,-0.01286698935114403,0.19063883869173992,0.6533340000000001,3427.077108125019,0.00012455083503782924
250mv0_converted.csv,250.0,627.0,5.54970788569613,-2.386667,-0.013245304670430728,-0.18004805687392,0.43999999999999995,,-7.92211450245248e-05
250mv0_converted.csv,250.0,628.0,6.11103361995353,-2.173333,-0.013281311030354466,0.38127767738347984,0.6533340000000001,1713.5385540625095,0.0002491016700756585
250mv0_converted.csv,250.0,629.0,6.85240741108485,-1.746667,-0.011968873895497343,1.1226514685147997,1.08,962.0082726376112,0.001212463585995984
250mv0_converted.csv,250.0,630.0,5.92039478126179,-2.826667,-0.016734984555164922,0.19063883869173992,0.0,0.0,0.0
250mv0_converted.csv,250.0,631.0,5.54970788569613,-2.826667,-0.015687176140137024,-0.18004805687392,0.0,,-0.0
250mv0_converted.csv,250.0,632.0,6.29108167682745,-3.04,-0.01912488829755545,0.5613257342573998,-0.213333,-380.0520570862954,-0.00011974930286633388
250mv0_converted.csv,250.0,633.0,6.67235935421093,-2.386667,-0.01592469988283654,0.9426034116408797,0.43999999999999995,466.79228460891096,0.000414745501121987
250mv0_converted.csv,250.0,634.0,5.54970788569613,-3.466667,-0.01923898918698255,-0.18004805687392,-0.6400000000000001,,0.00011523075639930882
250mv0_converted.csv,250.0,635.0,5.54970788569613,-3.466667,-0.01923898918698255,-0.18004805687392,-0.6400000000000001,,0.00011523075639930882
250mv0_converted.csv,250.0,636.0,6.29108167682745,-3.68,-0.02315118057072502,0.5613257342573998,-0.8533330000000001,-1520.2100098419828,-0.0004789977727910699
250mv0_converted.csv,250.0,637.0,6.85240741108485,-3.253333,-0.02229316315992691,1.1226514685147997,-0.426666,-380.0520570862954,-0.0004789972114653355
250mv0_converted.csv,250.0,638.0,5.54970788569613,-3.893333,-0.02160686085174097,-0.18004805687392,-1.0666660000000001,,0.00019205114063347678
250mv0_converted.csv,250.0,639.0,5.54970788569613,-4.106666,-0.022790796684120186,-0.18004805687392,-1.2799989999999997,,0.00023046133275056067
250mv0_converted.csv,250.0,640.0,6.29108167682745,-4.106666,-0.02583537122545028,0.5613257342573998,-1.2799989999999997,-2280.314124014573,-0.0007184963785237374
250mv0_converted.csv,250.0,641.0,6.85240741108485,-3.466667,-0.023755014642563285,1.1226514685147997,-0.6400000000000001,-570.0789763778438,-0.0007184969398494719
250mv0_converted.csv,250.0,642.0,5.54970788569613,-3.893333,-0.02160686085174097,-0.18004805687392,-1.0666660000000001,,0.00019205114063347678
250mv0_converted.csv,250.0,643.0,5.54970788569613,-4.32,-0.023974738066207285,-0.18004805687392,-1.4933330000000002,,0.0002688717049157016
250mv0_converted.csv,250.0,644.0,6.29108167682745,-3.893333,-0.02449327589808765,0.5613257342573998,-1.0666660000000001,-1900.2620669282785,-0.0005987470756574037
250mv0_converted.csv,250.0,645.0,6.85240741108485,-2.826667,-0.01936947389946898,1.1226514685147997,0.0,0.0,0.0
250mv0_converted.csv,250.0,646.0,5.72975594257005,-3.466667,-0.01986315584416149,0.0,-0.6400000000000001,,-0.0
250mv0_converted.csv,250.0,647.0,5.54970788569613,-3.893333,-0.02160686085174097,-0.18004805687392,-1.0666660000000001,,0.00019205114063347678
250mv0_converted.csv,250.0,648.0,6.29108167682745,-3.68,-0.02315118057072502,0.5613257342573998,-0.8533330000000001,-1520.2100098419828,-0.0004789977727910699
250mv0_converted.csv,250.0,649.0,6.67235935421093,-2.173333,-0.014501258772365303,0.9426034116408797,0.6533340000000001,693.1165238015416,0.0006158348573409825
250mv0_converted.csv,250.0,650.0,5.72975594257005,-3.04,-0.017418458065412954,0.0,-0.213333,,-0.0
250mv0_converted.csv,250.0,651.0,5.35906984133288,-3.04,-0.016291572317651954,-0.3706861012371707,-0.213333,,7.907957803522935e-05
250mv0_converted.csv,250.0,652.0,6.48172051551919,-3.04,-0.019704430367178342,0.7519645729491398,-0.213333,-283.70086527258394,-0.00016041885824095883
250mv0_converted.csv,250.0,653.0,6.67235935421093,-1.533333,-0.010230948785670308,0.9426034116408797,1.293334,1372.0871195963211,0.0012191010407911456
250mv0_converted.csv,250.0,654.0,5.54970788569613,-2.386667,-0.013245304670430728,-0.18004805687392,0.43999999999999995,,-7.92211450245248e-05
250mv0_converted.csv,250.0,655.0,5.16843100264114,-2.386667,-0.012335323715780522,-0.5613249399289106,0.43999999999999995,,-0.0002469829735687207
250mv0_converted.csv,250.0,656.0,6.29108167682745,-2.6,-0.01635681235975137,0.5613257342573998,0.22666699999999995,403.80653543323956,0.00012723402020692201
250mv0_converted.csv,250.0,657.0,6.48172051551919,-1.32,-0.008555871080485332,0.7519645729491398,1.506667,2003.6409349591866,0.0011329602072315617
250mv0_converted.csv,250.0,658.0,5.35906984133288,-1.96,-0.010503776889012445,-0.3706861012371707,0.8666670000000001,,-0.0003212614113009151
250mv0_converted.csv,250.0,659.0,4.79774410707548,-2.173333,-0.010427095593462674,-0.9320118354945706,0.6533340000000001,,-0.0006089150205310099
250mv0_converted.csv,250.0,660.0,6.29108167682745,-2.386667,-0.015014717032388741,0.5613257342573998,0.43999999999999995,783.8585925195349,0.0002469833230732559
250mv0_converted.csv,250.0,661.0,6.29108167682745,-1.533333,-0.009646323140774864,0.5613257342573998,1.293334,2304.070383858319,0.00072598165719006
250mv0_converted.csv,250.0,662.0,5.35906984133288,-1.96,-0.010503776889012445,-0.3706861012371707,0.8666670000000001,,-0.0003212614113009151
250mv0_converted.csv,250.0,663.0,4.79774410707548,-2.6,-0.012474134678396248,-0.9320118354945706,0.22666699999999995,,-0.00021125632671604777
250mv0_converted.csv,250.0,664.0,6.11103361995353,-2.826667,-0.017273857069413187,0.38127767738347984,0.0,0.0,0.0
250mv0_converted.csv,250.0,665.0,6.29108167682745,-1.96,-0.012330520086581804,0.5613257342573998,0.8666670000000001,1543.9644881889271,0.000486482490131658
250mv0_converted.csv,250.0,666.0,5.35906984133288,-2.386667,-0.01279031514100442,-0.3706861012371707,0.43999999999999995,,-0.0001631018845443551
250mv0_converted.csv,250.0,667.0,4.79774410707548,-3.04,-0.01458514208550946,-0.9320118354945706,-0.213333,,0.00019882888090156324
250mv0_converted.csv,250.0,668.0,6.11103361995353,-3.04,-0.018577542204658733,0.38127767738347984,-0.213333,-559.521347968753,-8.13391107492499e-05
250mv0_converted.csv,250.0,669.0,6.11103361995353,-2.6,-0.01588868741187918,0.38127767738347984,0.22666699999999995,594.4932353645864,8.642306729948121e-05
250mv0_converted.csv,250.0,670.0,5.54970788569613,-2.826667,-0.015687176140137024,-0.18004805687392,0.0,,-0.0
250mv0_converted.csv,250.0,671.0,4.98838294576722,-3.68,-0.018357249240423368,-0.7413729968028306,-0.8533330000000001,,0.00063263804348075
250mv0_converted.csv,250.0,672.0,6.11103361995353,-3.253333,-0.01988122733990428,0.38127767738347984,-0.426666,-1119.042695937506,-0.0001626782214984998
250mv0_converted.csv,250.0,673.0,6.29108167682745,-3.04,-0.01912488829755545,0.5613257342573998,-0.213333,-380.0520570862954,-0.00011974930286633388
250mv0_converted.csv,250.0,674.0,5.54970788569613,-3.253333,-0.01805504780489545,-0.18004805687392,-0.426666,,7.682038423416796e-05
250mv0_converted.csv,250.0,675.0,5.16843100264114,-3.466667,-0.017917229198632954,-0.5613249399289106,-0.6400000000000001,,0.0003592479615545029
250mv0_converted.csv,250.0,676.0,6.29108167682745,-3.253333,-0.02046698362491808,0.5613257342573998,-0.426666,-760.1041141725908,-0.00023949860573266776
250mv0_converted.csv,250.0,677.0,6.48172051551919,-3.04,-0.019704430367178342,0.7519645729491398,-0.213333,-283.70086527258394,-0.00016041885824095883
250mv0_converted.csv,250.0,678.0,5.35906984133288,-3.253333,-0.01743483876411302,-0.3706861012371707,-0.426666,,0.0001581591560704587
250mv0_converted.csv,250.0,679.0,5.54970788569613,-3.68,-0.02042292501936176,-0.18004805687392,-0.8533330000000001,,0.0001536409485163928
250mv0_converted.csv,250.0,680.0,6.29108167682745,-3.466667,-0.021809085243362385,0.5613257342573998,-0.6400000000000001,-1140.1579527556876,-0.00035924846992473595
250mv0_converted.csv,250.0,681.0,6.48172051551919,-3.04,-0.019704430367178342,0.7519645729491398,-0.213333,-283.70086527258394,-0.00016041885824095883
250mv0_converted.csv,250.0,682.0,5.35906984133288,-3.466667,-0.018578110569643935,-0.3706861012371707,-0.6400000000000001,,0.00023723910479178932
250mv0_converted.csv,250.0,683.0,5.54970788569613,-3.466667,-0.01923898918698255,-0.18004805687392,-0.6400000000000001,,0.00011523075639930882
250mv0_converted.csv,250.0,684.0,6.11103361995353,-3.68,-0.022488603721428992,0.38127767738347984,-0.8533330000000001,-2238.0880146354293,-0.00032535682427467706
250mv0_converted.csv,250.0,685.0,6.67235935421093,-3.04,-0.020283972436801228,0.9426034116408797,-0.213333,-226.32317830107456,-0.00020108841361558377
250mv0_converted.csv,250.0,686.0,5.35906984133288,-3.466667,-0.018578110569643935,-0.3706861012371707,-0.6400000000000001,,0.00023723910479178932
250mv0_converted.csv,250.0,687.0,5.54970788569613,-3.466667,-0.01923898918698255,-0.18004805687392,-0.6400000000000001,,0.00011523075639930882
250mv0_converted.csv,250.0,688.0,6.11103361995353,-4.106666,-0.025095973991920085,0.38127767738347984,-1.2799989999999997,-3357.130710572934,-0.0004880350457731767
250mv0_converted.csv,250.0,689.0,6.67235935421093,-2.826667,-0.01886053799868935,0.9426034116408797,0.0,0.0,0.0
250mv0_converted.csv,250.0,690.0,5.54970788569613,-3.466667,-0.01923898918698255,-0.18004805687392,-0.6400000000000001,,0.00011523075639930882
250mv0_converted.csv,250.0,691.0,5.54970788569613,-3.68,-0.02042292501936176,-0.18004805687392,-0.8533330000000001,,0.0001536409485163928
250mv0_converted.csv,250.0,692.0,6.29108167682745,-4.32,-0.027177472843894587,0.5613257342573998,-1.4933330000000002,-2660.3679625976706,-0.0008382462427158059
250mv0_converted.csv,250.0,693.0,6.67235935421093,-2.826667,-0.01886053799868935,0.9426034116408797,0.0,0.0,0.0
250mv0_converted.csv,250.0,694.0,5.72975594257005,-3.68,-0.021085501868657788,0.0,-0.8533330000000001,,-0.0
250mv0_converted.csv,250.0,695.0,5.54970788569613,-3.893333,-0.02160686085174097,-0.18004805687392,-1.0666660000000001,,0.00019205114063347678
250mv0_converted.csv,250.0,696.0,6.29108167682745,-4.533333,-0.028519568171257215,0.5613257342573998,-1.7066659999999998,-3040.420019683965,-0.0009579955455821394
250mv0_converted.csv,250.0,697.0,6.67235935421093,-3.04,-0.020283972436801228,0.9426034116408797,-0.213333,-226.32317830107456,-0.00020108841361558377
250mv0_converted.csv,250.0,698.0,5.72975594257005,-3.68,-0.021085501868657788,0.0,-0.8533330000000001,,-0.0
250mv0_converted.csv,250.0,699.0,5.54970788569613,-3.893333,-0.02160686085174097,-0.18004805687392,-1.0666660000000001,,0.00019205114063347678
250mv0_converted.csv,250.0,700.0,6.29108167682745,-4.533333,-0.028519568171257215,0.5613257342573998,-1.7066659999999998,-3040.420019683965,-0.0009579955455821394
250mv0_converted.csv,250.0,701.0,6.67235935421093,-3.04,-0.020283972436801228,0.9426034116408797,-0.213333,-226.32317830107456,-0.00020108841361558377
250mv0_converted.csv,250.0,702.0,5.54970788569613,-3.68,-0.02042292501936176,-0.18004805687392,-0.8533330000000001,,0.0001536409485163928
250mv0_converted.csv,250.0,703.0,6.48172051551919,-3.253333,-0.021087195249915595,0.7519645729491398,-0.426666,-567.4017305451679,-0.00032083771648191766
