bootstrap_sample,selected_trace_indices,fit_start_ns,fit_stop_ns,ambient_temperature_K,S_e_mW_per_K,C_th_pJ_per_K,tau_th_ns,fit_rmse_K
0.0,"1,2,2",17.0,33.0,314.3236909598247,0.003441976926357412,0.042399810452421006,12.31844703191896,0.6431451943811245
1.0,"0,1,2",14.0,36.0,314.3678180957839,0.003607041697529854,0.028219935873582052,7.823567965102097,1.1704032339552108
2.0,"2,2,2",15.0,34.0,314.4425524310911,0.0036747283006003696,0.05032419429489668,13.694670783326979,0.7625530122989412
3.0,"2,1,1",16.0,35.0,314.3141483982378,0.003819663225359993,0.03573275928046302,9.354950206924409,0.848779475855608
4.0,"2,2,0",16.0,35.0,314.3409758959977,0.003688904685338499,0.048407972893122424,13.122587061010075,0.7948760271401051
5.0,"0,0,1",14.0,33.0,314.53904490592504,0.0036758936759390785,0.03942816113854477,10.726142977590905,0.7782549109535927
6.0,"0,0,0",15.0,35.0,314.39848400333887,0.0034948010454847237,0.03881208474922917,11.105663596894681,0.967134079581086
7.0,"1,2,1",16.0,33.0,314.33059783632706,0.0035369164415580256,0.0579065580604254,16.372045825011725,0.5539397671551324
8.0,"0,2,1",14.0,35.0,314.4531917534624,0.0034826542212860446,0.07665882928285853,22.01161080371356,0.9937214091134372
9.0,"2,1,1",14.0,36.0,314.40326809111997,0.003741666667110321,0.0361435374065137,9.65974273556208,0.8723086089163672
10.0,"1,1,2",13.0,33.0,314.46115271017965,0.003758057295706329,0.04878761706827612,12.982137639044819,0.7620510946799054
11.0,"2,1,2",16.0,37.0,314.36767883471583,0.0034575849341142383,0.0345345015355135,9.988041420119307,0.9060114994504126
12.0,"1,0,0",14.0,35.0,314.31658126978834,0.0034854861449770337,0.06119813555458379,17.557991341545566,0.8925706805428893
13.0,"0,0,1",14.0,36.0,314.3439606516724,0.0034952196187928142,0.050793449875796336,14.532262751872363,1.0631528844083502
14.0,"1,1,1",17.0,34.0,314.44335430074534,0.004002658232761011,0.027037123557806197,6.7547919371462655,0.8990352309683366
15.0,"1,2,0",15.0,34.0,314.46740213980826,0.003542591887856829,0.035451243378782984,10.00714857963219,0.8819580018908232
16.0,"2,0,1",14.0,36.0,314.44144913298754,0.0036148543546513233,0.08261561989148146,22.85448092401783,1.0068223304160409
17.0,"1,2,2",17.0,33.0,314.3318120814939,0.003444817453620638,0.030621233830420588,8.889073003922594,0.7885914719414101
18.0,"0,0,1",17.0,35.0,314.40393980714816,0.0035009416094568123,0.025785190742215996,7.365215881511571,0.9446584264180135
19.0,"0,1,0",14.0,35.0,314.41295310399977,0.0035517129491253797,0.034346396492136916,9.670375107480131,1.0055106603725423
20.0,"0,2,1",16.0,37.0,314.3027185106012,0.003544346714921313,0.04218300082067825,11.901488261036208,0.8573260865365502
21.0,"2,0,2",17.0,33.0,314.31658126978834,0.0034854861449770337,0.05276456247641717,15.138365290149459,0.6131745367738903
22.0,"1,0,1",13.0,37.0,314.25411642974166,0.0036833443552979467,0.01828715436215463,4.96482343168682,1.265057796969984
23.0,"2,1,2",17.0,33.0,314.3770672899562,0.0035410912047088993,0.05800120143198991,16.37947120787531,0.7024232336324414
24.0,"1,1,0",16.0,34.0,314.5349631195812,0.003657819278573737,0.07134069124962843,19.503612895125237,0.7324719934432379
25.0,"1,2,0",17.0,37.0,314.27924580174505,0.0037343137615189386,0.05626439257690341,15.066862660736298,0.8452440087268821
26.0,"2,2,1",14.0,33.0,314.4404011316397,0.003665774334784877,0.03610497667407292,9.849208755560703,0.7009629917592547
27.0,"2,2,0",16.0,35.0,314.5305194534736,0.003537126612696315,0.03655312379714435,10.334129308783856,0.9108593275483238
28.0,"1,0,2",14.0,36.0,314.2945441805584,0.0034876131348461187,0.045695426120878235,13.10220610890503,0.8474395412839322
29.0,"2,1,0",14.0,33.0,314.4031629444256,0.003875826551744041,0.06210415005571339,16.023459570905676,0.7638677440798977
30.0,"2,2,0",15.0,33.0,314.4572328689048,0.004122522937081061,0.04722941756619028,11.456435364221626,0.8525483076124561
31.0,"1,0,2",16.0,35.0,314.39669725670683,0.003634538236637061,0.061810990878562566,17.00655952811067,1.007362787206387
32.0,"0,0,2",13.0,36.0,314.3721198724573,0.003636699291394721,0.05243092072273042,14.417172419725276,0.900171193511301
33.0,"0,1,1",14.0,37.0,314.54281222240775,0.00357624201957293,0.04989935765890062,13.953014752860472,0.7773278478333653
34.0,"2,0,2",13.0,33.0,314.3357128861996,0.003556360973323901,0.06711635647327176,18.872200256584875,0.76367742968129
35.0,"0,0,2",15.0,33.0,314.54227970586345,0.0038541281193052415,0.05493741045026549,14.254173382323549,0.6899373786183062
36.0,"0,2,2",17.0,34.0,314.48488053553945,0.004103654958454976,0.052768105308086274,12.85880656202963,0.8021945818342572
37.0,"0,2,2",13.0,33.0,314.31274330402397,0.003681005528567494,0.04783697871149428,12.995628053324495,0.9001482421538306
38.0,"0,2,0",15.0,34.0,314.30292889944116,0.003625259728522507,0.052774856035035275,14.557537938542112,0.7387524033262594
39.0,"1,0,1",16.0,35.0,314.52652133803815,0.003749856828869441,0.047018137123926704,12.538648612379792,0.7503233370334657
40.0,"0,0,2",13.0,36.0,314.51472970072035,0.003639375091237631,0.06843907438618506,18.80517195135036,0.9565447042259347
41.0,"0,1,2",15.0,34.0,314.4059348663835,0.0035931620844591753,0.04426680655499924,12.319735518321895,0.7547974608032924
42.0,"0,0,1",17.0,36.0,314.5364494630618,0.003848606059386777,0.04559579713648032,11.84735367374685,0.88413460587623
43.0,"0,0,1",14.0,37.0,314.4126233855638,0.004013285690833269,0.02296654495483545,5.722628968900282,1.3285167261740538
44.0,"0,0,2",16.0,34.0,314.3270900840052,0.003748985294236796,0.05175036345889915,13.803832076496391,0.8006994227162566
45.0,"2,2,0",14.0,33.0,314.2575622016429,0.003884837447966977,0.04623784926652922,11.902132299184496,0.8667803715148007
46.0,"2,0,1",17.0,36.0,314.47892381377306,0.0035344319345865373,0.03393761054302865,9.601998615655535,0.9790405959882326
47.0,"1,0,1",16.0,33.0,314.39257629360105,0.003716598629400937,0.04911658806013679,13.215467409256858,0.6336449936054469
48.0,"2,2,1",13.0,35.0,314.4089541508329,0.003508804082255149,0.04675737616984278,13.325730098840765,0.6952201561475855
49.0,"1,1,1",13.0,33.0,314.288846998901,0.00346195309211227,0.04982333438485599,14.391683844120738,0.46516834680743374
50.0,"2,1,1",16.0,33.0,314.29968334401786,0.0036110014151549334,0.06678665039714828,18.49532656421923,0.5739646952318018
51.0,"0,0,2",14.0,33.0,314.4590292244246,0.0036897041276309508,0.04615783622058198,12.509901776384046,0.7533146312392203
52.0,"0,0,2",14.0,36.0,314.4856215045905,0.003569003131287402,0.06124574133390115,17.160461641794285,1.197877663421724
53.0,"1,2,2",15.0,36.0,314.51016447347087,0.0038383467134034547,0.06433719806202687,16.76169529901044,0.7485650631770432
54.0,"0,2,2",13.0,33.0,314.3921824499767,0.003958519777378507,0.06958765800675103,17.579211907546615,1.0613098545802553
55.0,"0,1,0",15.0,34.0,314.3371840848829,0.0037282137236645994,0.02900244650428977,7.779180233203528,0.8278440911002752
56.0,"1,0,2",14.0,37.0,314.46004456405234,0.0036497632927085734,0.019886568699943027,5.448728343471488,1.5762915811360207
57.0,"1,0,1",16.0,33.0,314.49790120280767,0.0038479884788253206,0.0565619858647821,14.699104785794171,0.778122935721509
58.0,"1,2,0",13.0,36.0,314.49510515111314,0.003439224968866422,0.04244552412167048,12.341595710053431,0.9813231303163191
59.0,"1,1,0",14.0,37.0,314.4590055783103,0.003527321854133314,0.026050747426011375,7.385418315452309,0.947030543901603
60.0,"1,0,1",15.0,36.0,314.3409758959977,0.003688904685338499,0.04884177197093256,13.24018269299652,0.9415517559395471
61.0,"2,2,1",15.0,34.0,314.2959725690872,0.0035650518236300653,0.040187126453221644,11.272522375930471,0.7454978153477003
62.0,"2,1,0",15.0,37.0,314.27801545234934,0.0036673426666848146,0.06623272857947791,18.06014179726233,0.9543406773361202
63.0,"2,1,1",13.0,34.0,314.3741787716274,0.0035754707030535905,0.051985729351605094,14.53954840329338,0.6702197870837836
64.0,"1,0,2",17.0,33.0,314.4427733196942,0.0036487402567067138,0.05911505713360055,16.20149777034464,0.8909335311545281
65.0,"1,1,1",14.0,34.0,314.54338141100544,0.003726419828093035,0.054875076783264164,14.725951265492819,0.6829098613799734
66.0,"1,1,1",17.0,33.0,314.48342171618503,0.003796820668247582,0.07178951680959932,18.907797623935103,0.6539302970960436
67.0,"0,1,1",13.0,36.0,314.4863229046844,0.003485751407188421,0.07714990163438161,22.132932794714154,0.8627243572457531
68.0,"0,2,1",13.0,37.0,314.39240715043195,0.003684324939752032,0.06957056470833284,18.882852583848152,1.256530176594184
69.0,"1,1,2",13.0,33.0,314.51016447347087,0.0038383467134034547,0.0524861777621967,13.674162779228796,0.6785755151286912
70.0,"2,0,1",14.0,35.0,314.28664785191523,0.004091467861068216,0.030325229209260736,7.411821438906111,1.075722882023045
71.0,"2,0,0",17.0,34.0,314.275328527912,0.003906978036967526,0.03234246644117459,8.278128552337039,1.0429148219726414
72.0,"2,0,0",15.0,37.0,314.4075882143218,0.0037538369019747622,0.051063763974780546,13.603085405207052,1.029995529377381
73.0,"0,0,1",13.0,37.0,314.4995590351522,0.0038996075582614074,0.02637279954660619,6.762936821869373,1.1819379168497013
74.0,"1,1,0",17.0,35.0,314.47934995185136,0.003642613411810262,0.023488022103428038,6.4481237639091775,0.9450649946539392
75.0,"2,1,0",13.0,35.0,314.4600551228433,0.0035638699583307133,0.040984103870447985,11.499887579973484,0.8350377692317101
76.0,"0,0,2",13.0,33.0,314.54840389924584,0.00360772456804362,0.038006557670147975,10.534772528590782,0.8671733779289414
77.0,"1,0,2",13.0,33.0,314.45385613111284,0.003578973471464568,0.08024201444663241,22.420399336963012,1.0857474239212015
78.0,"1,2,1",16.0,36.0,314.5085480634494,0.0034139953322511714,0.0388097126880321,11.367828280667617,0.8212052826327358
79.0,"0,0,0",16.0,34.0,314.4590055783103,0.003527321854133314,0.037105097413997076,10.519339869855466,0.9493783455848456
80.0,"1,2,2",15.0,37.0,314.2728389567169,0.0035916465879322094,0.0663186814160981,18.46470129854264,1.0217991489698957
81.0,"1,2,2",14.0,35.0,314.49043849487043,0.003666381974630254,0.03433625101634457,9.365159237072483,0.771636959759496
82.0,"2,2,0",17.0,34.0,314.306959256422,0.003598965095953995,0.047152412168503036,13.101658646679406,0.7865936791925168
83.0,"1,1,1",17.0,33.0,314.28791902016354,0.003640792386985679,0.048642201577919986,13.36033379760836,0.45741699448860385
84.0,"2,2,0",13.0,37.0,314.31134317850695,0.0037224545672099665,0.02807108707127811,7.54101536081817,1.1928883849186307
85.0,"0,0,0",16.0,33.0,314.4526332471906,0.003773067689481632,0.046739174158349925,12.387579021878414,0.8435665911034876
86.0,"1,2,0",15.0,36.0,314.38546579486894,0.00353786221689755,0.039060961917175036,11.040837523465989,0.9193704965486609
87.0,"1,1,1",14.0,35.0,314.32430954101267,0.003717124779850618,0.031904759078518995,8.583182155052961,0.7456921828546316
88.0,"0,1,1",16.0,37.0,314.4272257053512,0.0034574618458782648,0.028484234013964202,8.238481083434381,0.9185888265564806
89.0,"2,2,1",13.0,36.0,314.43357154316715,0.0036029531400318194,0.01950409634662953,5.413363868078862,1.2048904048114157
90.0,"1,1,2",14.0,37.0,314.45484222662066,0.003773815080879552,0.029420480397248466,7.795951780019789,1.0205207256612017
91.0,"2,2,0",17.0,33.0,314.29734585615927,0.003614685577832238,0.04626989404625834,12.800530793056376,0.7931094652715932
92.0,"0,2,1",15.0,33.0,314.2547570708028,0.0035296469685081834,0.03441518160386718,9.7503183493767,0.8418911730222371
93.0,"2,2,0",17.0,37.0,314.35473372018333,0.0038137168760241963,0.04452770793609832,11.67567215490797,0.8779181993911958
94.0,"2,0,2",13.0,33.0,314.2752591324262,0.0034885277265841196,0.050797381861258525,14.561266483324777,0.7915441722579086
95.0,"1,1,1",13.0,33.0,314.2799716348291,0.0034975300564983472,0.041543492247807866,11.877951461952646,0.4778585419040314
96.0,"2,0,2",16.0,37.0,314.30698815876895,0.0035941565343579622,0.06335997052973866,17.62860630138272,0.836085428874407
97.0,"1,0,2",17.0,37.0,314.3678180957839,0.003607041697529854,0.03384212361453827,9.382237981255878,1.0352830168094709
98.0,"1,2,1",16.0,33.0,314.3332253723512,0.003710138740617836,0.05664993739894045,15.268953901574779,0.5774039635809054
99.0,"1,0,1",15.0,33.0,314.4191516774869,0.003532991600639466,0.03598400628351126,10.185137795685167,0.5142303774614572
100.0,"1,2,1",14.0,34.0,314.2798930834095,0.0037330863854195618,0.0243630677113575,6.52625339893369,0.9596483379357907
101.0,"0,2,2",15.0,34.0,314.3522314907038,0.0037271024130961007,0.057758415331476035,15.49686832551944,1.1219849533637645
102.0,"0,2,2",13.0,36.0,314.3015027333923,0.0038379016721270705,0.04226427549170579,11.012339320377055,1.085533370098846
103.0,"0,0,2",16.0,33.0,314.37077777076104,0.003944097124375322,0.05196569673375968,13.175562136287441,0.7802261558715898
104.0,"2,2,2",13.0,36.0,314.2974676302533,0.0036218973649753627,0.05053676110901581,13.95311794246814,0.7678947960408975
105.0,"0,1,2",15.0,34.0,314.33128152820524,0.00380509483374691,0.047463182533569154,12.473587284244305,0.6421222715254105
106.0,"1,2,1",17.0,36.0,314.3691001496923,0.003388210155991795,0.037366030421600104,11.028250522040697,0.8842669126206574
107.0,"0,0,1",13.0,36.0,314.5024688698901,0.0043187293132905,0.025347956629245327,5.869308954196152,1.2603478573679785
108.0,"0,2,1",13.0,36.0,314.5366309443567,0.003686905625170638,0.1031647338484405,27.9813871947606,1.1035591405405527
109.0,"0,0,0",13.0,37.0,314.43917168689364,0.003509788337460181,0.03375759524769911,9.61812850290779,1.1323807409447035
110.0,"1,1,1",14.0,36.0,314.4909880329723,0.0036850716604071654,0.05301846166040632,14.387362457572477,0.7374793530615549
111.0,"0,2,0",16.0,36.0,314.28338271733696,0.003606057803106157,0.0446463271142582,12.38092386533602,0.9126088196868813
112.0,"2,2,2",15.0,35.0,314.35750063441617,0.003778691001160682,0.03208113211657389,8.490012045631591,0.8221284095293223
113.0,"1,1,0",14.0,33.0,314.54903997260624,0.003802643256035276,0.07786657273991536,20.476959708574096,0.8703903659836757
114.0,"0,0,0",16.0,37.0,314.51023925182704,0.0037570876392035617,0.048491289476559216,12.90661654271087,1.0800728579871717
115.0,"2,2,0",17.0,36.0,314.508633398128,0.0037050718036725555,0.052502752083493996,14.1705086609798,0.8778939822395239
116.0,"1,1,1",16.0,34.0,314.26772536979087,0.00347521826954672,0.029167071685597554,8.392874755864435,0.60056198400134
117.0,"1,0,2",17.0,33.0,314.35473372018333,0.0038137168760241963,0.09444885489296172,24.76556544790623,0.9032334347045368
118.0,"0,2,1",14.0,36.0,314.3074205011162,0.0035690080695093963,0.03038038903650561,8.512278046118782,1.0367553590110594
119.0,"2,0,2",16.0,33.0,314.44553221069265,0.0037180021546049063,0.0734305408689176,19.749999546926215,0.7783082555813088
120.0,"1,1,2",14.0,35.0,314.2937632318693,0.003749158217271516,0.046513901397579716,12.406491991535804,0.9100784577594556
121.0,"0,1,1",14.0,34.0,314.50608753941185,0.003788459460363286,0.04111970025575679,10.853936985724987,0.5764872301246049
122.0,"0,1,0",16.0,34.0,314.487782578186,0.004032476026210078,0.0313450544862727,7.773153338677712,0.9119322250381127
123.0,"1,1,2",14.0,35.0,314.4233743556801,0.0035575950487204537,0.0354410526736816,9.962081740143118,0.8311461710347559
124.0,"2,2,0",16.0,33.0,314.487782578186,0.004032476026210078,0.04088471514402963,10.138861304639951,0.8274083316794029
125.0,"2,2,1",16.0,35.0,314.5341280825078,0.0036617622480941995,0.062440386694858234,17.052004598975795,0.8654204015575926
126.0,"2,2,2",15.0,36.0,314.5250539081359,0.0034571530314593305,0.059713299350821744,17.27239112860897,0.765354251777159
127.0,"1,0,2",16.0,34.0,314.3960593768583,0.003664606999973475,0.07339553908819808,20.028215600944204,0.7903636938483899
128.0,"1,1,2",17.0,33.0,314.54903997260624,0.003802643256035276,0.07202284644300586,18.94020595508045,0.6540180453787837
129.0,"1,0,1",17.0,35.0,314.34859012792265,0.0036577973905523482,0.040167390919857666,10.981305586691384,0.6608011347712089
130.0,"2,2,2",17.0,34.0,314.34561129525304,0.003611182603892065,0.036255328655649705,10.039738399430256,0.7945623356931567
131.0,"0,0,0",15.0,33.0,314.3096898590263,0.0037555542114126057,0.03807677450688414,10.138789740053314,0.7697761676770466
132.0,"0,1,1",14.0,34.0,314.43890337706716,0.003598360725726416,0.048011065771275716,13.342482711091597,0.7603721291330175
133.0,"0,2,1",13.0,35.0,314.52062524123926,0.0037296541751328733,0.06072873037849318,16.282670598093627,1.0282632340010716
134.0,"2,0,0",14.0,36.0,314.3318120814939,0.003444817453620638,0.04685885780360577,13.602711445378702,0.9450348798018204
135.0,"1,1,2",16.0,36.0,314.3275412729541,0.003660741407268125,0.02602065995835085,7.1080300582523535,1.06004520445527
136.0,"2,0,0",14.0,37.0,314.3559569193847,0.0036522235851334205,0.03088742004276719,8.457154750463841,1.2891575258394106
137.0,"2,0,2",16.0,37.0,314.34308563445853,0.003731259349419325,0.06266677626468832,16.795073833299956,0.9196795085838668
138.0,"2,1,1",14.0,33.0,314.45893349141306,0.003648082559271045,0.05969346471896151,16.36296979279147,0.694187608624032
139.0,"0,0,0",15.0,34.0,314.4096059657145,0.0035183544723388386,0.07160398919060378,20.35155631803204,0.8531842159879991
140.0,"2,1,0",15.0,37.0,314.26530828827816,0.0037129046337278713,0.03362090127054645,9.055148081406557,1.0269509750736106
141.0,"0,1,0",17.0,34.0,314.3878622491952,0.003500242471430329,0.019965419785475554,5.704010493112194,0.9824918792218111
142.0,"0,2,2",16.0,35.0,314.48342171618503,0.003796820668247582,0.03353550782694824,8.832523513001869,1.0383281086029363
143.0,"2,2,2",17.0,35.0,314.5138283199617,0.004093761051265076,0.030832589040305655,7.531604471828565,1.0771819469812502
144.0,"0,2,0",15.0,35.0,314.2989549928432,0.0036860061124657723,0.04523766544908469,12.272813464984388,0.8779465646147946
145.0,"0,2,2",13.0,34.0,314.41120978996565,0.003676096559318078,0.05161328797225169,14.040242724697645,0.8002655282279135
146.0,"1,0,1",15.0,33.0,314.48828542781075,0.0034448119025285292,0.07922075832023862,22.997121631543866,0.7204059919814185
147.0,"2,1,1",15.0,35.0,314.2725222939196,0.0036825333136249142,0.052374989597330515,14.222543324604718,0.5990070165247866
148.0,"1,1,1",14.0,33.0,314.26234821272556,0.003737054883913149,0.01814092218776723,4.8543365701847785,0.7363856778567338
149.0,"1,2,0",17.0,36.0,314.40440245191365,0.0034762000966971716,0.04592025051408072,13.209898520430613,0.8289464120833201
150.0,"1,2,2",15.0,35.0,314.2942886987242,0.0036246125180656942,0.04091673676053632,11.2885823123438,0.7677155684307302
151.0,"2,2,2",15.0,35.0,314.4625894179504,0.003686465480512763,0.07660149941287103,20.779117509115064,0.9322222167585463
152.0,"0,0,2",14.0,33.0,314.3559569193847,0.0036522235851334205,0.03548074887490635,9.714834825373975,0.881541282391603
153.0,"0,2,2",17.0,36.0,314.4616976710434,0.0035562718231439746,0.06837885847181503,19.227680523971785,0.9028566681287096
154.0,"1,2,0",17.0,35.0,314.341805738336,0.0034104923153065467,0.05849081544074128,17.1502557499485,0.6880353679642531
155.0,"2,1,2",14.0,34.0,314.54301084083306,0.0035827713050097824,0.053758007074310284,15.004587928663089,0.6331680419619357
156.0,"0,1,2",13.0,37.0,314.3844204322724,0.00352977479481597,0.04285299463084878,12.140433064960732,0.8326829699686595
157.0,"2,2,0",16.0,37.0,314.52062524123926,0.0037296541751328733,0.0454169832152082,12.177263918467768,0.8893243619024741
158.0,"1,0,2",15.0,36.0,314.42347119693216,0.0037959996047244138,0.05276546019274182,13.900280739510917,0.7987923114834728
159.0,"1,1,2",14.0,37.0,314.41250919890234,0.003573962800093211,0.05506097148586221,15.406140065147346,0.7558387759409557
160.0,"0,0,2",15.0,36.0,314.3327038178655,0.0037407715970342393,0.061762382308768383,16.51059967353657,0.9705329819362052
161.0,"1,0,2",16.0,37.0,314.3015027333923,0.0038379016721270705,0.041130233237229,10.716854351933799,0.969577713891923
162.0,"0,2,0",16.0,33.0,314.4539862570239,0.003613165482477311,0.05804228339313788,16.06410879175733,0.7087231837133008
163.0,"0,0,2",16.0,37.0,314.3702039541844,0.00404433506592702,0.03800358340391398,9.396744528931112,1.149330563871
164.0,"2,2,1",17.0,37.0,314.5311935571913,0.0038034827556319337,0.03878378720788145,10.196914170427906,0.8140695708762623
165.0,"0,2,2",15.0,34.0,314.31589575598883,0.003490666611917306,0.06337478149661045,18.155495365912593,0.86771175595056
166.0,"0,0,1",13.0,36.0,314.43904487287267,0.0035695590628948017,0.04340759181491108,12.160491267991198,0.9926879791505218
167.0,"1,1,2",16.0,37.0,314.3741787716274,0.0035754707030535905,0.04450235077285861,12.446571226230963,0.7077153450411011
168.0,"1,2,0",14.0,33.0,314.42478889753954,0.0035697359522931034,0.02914015498649163,8.16311216737831,0.8886682454799049
169.0,"1,2,2",14.0,35.0,314.35847526899573,0.00385562832892893,0.03742483331237858,9.706545890738118,0.9989214093319292
170.0,"2,0,0",15.0,36.0,314.44335430074534,0.004002658232761011,0.044600513773692604,11.142723455289216,1.2701954882194253
171.0,"0,0,0",13.0,37.0,314.5092589875284,0.0036040407672721553,0.08383890850347026,23.262475070981697,1.1260265964089415
172.0,"2,1,1",17.0,33.0,314.2798930834095,0.0037330863854195618,0.03534527608295087,9.468110949963569,0.7212328030865855
173.0,"1,2,1",14.0,35.0,314.3001185711363,0.003439593119658871,0.04775885387732003,13.885030064851572,0.6770548054418999
174.0,"2,2,1",13.0,34.0,314.3318120814939,0.003444817453620638,0.05027860716879417,14.595434401306049,0.5959520848625123
175.0,"2,1,0",14.0,34.0,314.35926278450404,0.0036568934064303412,0.04109828579825891,11.238579097217055,0.8040607979648864
176.0,"1,1,2",17.0,33.0,314.4924751529342,0.0038457436460178434,0.05717184383844967,14.866264915408355,0.6077938708892752
177.0,"0,1,0",17.0,33.0,314.4107647891617,0.0036801648289616767,0.041806090638177036,11.359841904138904,0.7713815320313439
178.0,"0,2,1",13.0,33.0,314.26875253379575,0.0035810578494722784,0.038102559082207645,10.640028919896565,0.8751997851548501
179.0,"1,1,2",13.0,36.0,314.3532247368093,0.0038885216156422085,0.03912773780419857,10.062368599624316,0.8622168313138859
180.0,"1,1,0",14.0,35.0,314.2912478997701,0.00351191529221903,0.04426225677350632,12.603452273343098,0.8520668645518391
181.0,"2,1,1",13.0,34.0,314.5349631195812,0.003657819278573737,0.05609510564919713,15.33566898118319,0.6493617224093546
182.0,"1,1,2",15.0,36.0,314.4575069151882,0.003824560567071185,0.03292847819887957,8.609741595515093,0.9686359489302008
183.0,"0,1,1",13.0,33.0,314.5052057476679,0.0035881489072931228,0.05728437473421134,15.964882231553291,0.7235259781392015
184.0,"2,2,2",15.0,35.0,314.48696115764074,0.0034154002567337986,0.07244225929271939,21.210474277470794,0.7765595848354762
185.0,"2,0,2",15.0,34.0,314.3183433217064,0.0037917998819244157,0.03285655275992279,8.665160025071634,0.9144247390999322
186.0,"1,0,2",16.0,37.0,314.4104717549834,0.0035353588609903044,0.04492870851042993,12.708386977678629,0.8862201835306479
187.0,"0,2,2",17.0,35.0,314.30124720117084,0.003516252802689032,0.04064197863313823,11.558321006401341,0.8562421551739294
188.0,"2,1,2",14.0,36.0,314.34231789132735,0.0034637227187634045,0.0581635644593896,16.792211496697046,0.7241249201835722
189.0,"2,2,2",13.0,35.0,314.35034104902473,0.003770001578575022,0.056388442225163544,14.957140215967003,0.9917010943930019
190.0,"1,1,1",15.0,35.0,314.36967675363167,0.0037197546117586793,0.040532682455475956,10.89660117023481,0.5298849668191864
191.0,"2,1,0",13.0,33.0,314.3878622491952,0.003500242471430329,0.03835615558475824,10.958142442367569,0.7535468012960613
192.0,"1,2,0",15.0,36.0,314.35046737482435,0.0035869147037431793,0.035793349261572995,9.97886825249017,0.9103888448557826
193.0,"2,1,1",17.0,35.0,314.44144913298754,0.0036148543546513233,0.03307039917747006,9.148473474434054,0.800006192458418
194.0,"1,2,1",13.0,36.0,314.474830190656,0.003540271404084308,0.07214932477580559,20.379602731182988,0.7708220077760404
195.0,"2,0,2",13.0,34.0,314.4776290218545,0.003919923816426911,0.05778575040064519,14.741549353200964,1.080157845522023
196.0,"2,1,1",15.0,33.0,314.33215701879,0.0038023207580750425,0.06075871044409897,15.979375310477119,0.6969111989449437
197.0,"1,2,0",16.0,35.0,314.52474750744665,0.003790056027261281,0.02700136694761213,7.124265908840269,1.142216533589857
198.0,"0,0,1",16.0,34.0,314.27215431894484,0.003881822061895572,0.03502125306758866,9.021859453930528,0.8246529132144258
199.0,"0,2,2",14.0,35.0,314.5143416895893,0.003606415301414779,0.0659164872229324,18.277564205396338,0.6937690927284281
200.0,"2,1,0",13.0,35.0,314.5044136811628,0.00362452930966691,0.07716392401995552,21.289364060087237,0.9653005717741167
201.0,"0,0,0",15.0,33.0,314.4843115703243,0.0038228842220261617,0.04157496836352071,10.875288381473823,0.7969257452754123
202.0,"1,1,1",16.0,37.0,314.51078956188917,0.004096731896859896,0.04441987152447507,10.842757750030566,0.7981832312671816
203.0,"1,2,0",16.0,37.0,314.51728444231935,0.00363919450252897,0.0497125458459319,13.660315713102273,0.8706203174092296
204.0,"0,2,1",17.0,35.0,314.45739410940536,0.0036666913530688733,0.04353098434620436,11.872006709746833,0.7790251254527982
205.0,"0,0,1",15.0,35.0,314.2876065716583,0.003498638238890238,0.09272375105198986,26.50281187157026,0.9390109228391423
206.0,"0,1,1",15.0,35.0,314.4527422723232,0.0038275308787540704,0.03934345968649077,10.279070485068894,1.0571165231634085
207.0,"1,2,1",16.0,36.0,314.3303270927195,0.003715364067417601,0.031162360860499942,8.387431297455496,0.8929538768828302
208.0,"2,2,1",17.0,35.0,314.3986869604306,0.0034951692138767846,0.05562730717473228,15.915483277283556,0.6522027292263659
209.0,"2,0,2",16.0,36.0,314.329506267887,0.003768299503694527,0.03440829860146067,9.130988279388617,1.0613686981091097
210.0,"2,0,2",13.0,33.0,314.4526332471906,0.003773067689481632,0.11210920249396814,29.713011194180407,1.4881051840469641
211.0,"1,2,1",14.0,37.0,314.41876032902667,0.003549112982096008,0.08386295369961264,23.629271348269533,0.7305489640580292
212.0,"0,1,0",16.0,35.0,314.42607050643323,0.003716904890285655,0.03714071985172911,9.992378322296737,0.8234236365833895
213.0,"2,1,1",17.0,37.0,314.4262847204408,0.0035346974511810056,0.04359963202255547,12.334756404112621,0.9533739658519709
214.0,"0,1,0",13.0,33.0,314.3548172326909,0.0036804689621829987,0.05467416930428518,14.855218143683587,0.7946913067935345
215.0,"2,1,2",17.0,34.0,314.4319014440987,0.003609468008797759,0.045717353837320215,12.66595346624162,0.7563007528266112
216.0,"1,2,2",14.0,34.0,314.5247286375863,0.0034747572053690575,0.043542575801315576,12.531113176493399,0.6656304575927958
217.0,"0,2,1",16.0,33.0,314.46926107312225,0.003598476881755103,0.038576673033773295,10.720278134719626,0.777839996296962
218.0,"1,1,1",14.0,34.0,314.31707639469914,0.0037255003099571403,0.04130296348941199,11.086554839096808,0.5591711342664177
219.0,"2,2,1",14.0,34.0,314.4270160682915,0.003756817226505022,0.038317032482156066,10.199333683795555,1.0239422371120392
220.0,"0,0,0",15.0,33.0,314.53422926725085,0.0037367876676438986,0.03354650844333363,8.977365434436154,0.898210415605986
221.0,"0,0,1",14.0,34.0,314.5130771937212,0.004192366107893382,0.054743074504820265,13.057799127263735,0.9971766426426077
222.0,"0,0,1",17.0,34.0,314.313869883193,0.0034111243574513985,0.014183003959556822,4.157867750724154,1.226136008843505
223.0,"1,0,0",13.0,37.0,314.48342171618503,0.003796820668247582,0.03491501267938956,9.195855093020377,1.0289984506453198
224.0,"2,1,1",16.0,35.0,314.5309782839064,0.0037889645370494103,0.05826347887468777,15.37715075054765,0.6082089172337118
225.0,"0,2,0",15.0,35.0,314.4186995442018,0.0040257166899668375,0.11279763471312125,28.01926797140075,1.4498145935183169
226.0,"0,1,0",17.0,33.0,314.29692741380984,0.003690096988887466,0.032171758713531985,8.718404640966227,0.7363973699485465
227.0,"1,0,1",14.0,35.0,314.38503165908156,0.0034562578176489875,0.04029026721458208,11.657193803322313,0.7501050769902332
228.0,"2,0,2",13.0,35.0,314.5078806570776,0.003531632641666969,0.03822213897889176,10.822795816285835,0.9232822302027851
229.0,"2,0,2",15.0,34.0,314.52127120619207,0.003445565160315538,0.03994279340209273,11.592523009617048,0.8484190564524363
230.0,"2,0,0",13.0,34.0,314.47120997913055,0.003706523559045126,0.09235307046363943,24.916358682860068,1.2880851328820255
231.0,"1,1,2",16.0,37.0,314.4705243480898,0.0035856180048291935,0.03532249475638362,9.851159467854764,0.918183626400411
232.0,"0,1,1",13.0,35.0,314.3425261651619,0.0036579217904214698,0.037563671679748376,10.269129257523094,0.8034955495012643
233.0,"0,0,2",13.0,37.0,314.3488811704523,0.0036790857480632497,0.042775534415246626,11.626675034080026,1.0238352643698532
234.0,"0,1,1",14.0,37.0,314.4104174954152,0.0035775451849918614,0.05223749701112316,14.601491891776622,0.8284363768361677
235.0,"2,2,1",15.0,33.0,314.3727300933768,0.003685001031222856,0.041904465192689096,11.371629163095031,0.6419503495247465
236.0,"0,1,2",14.0,35.0,314.46999654341533,0.003937580680400946,0.04969376552941396,12.620380269733005,0.8070665706276157
237.0,"2,1,0",15.0,36.0,314.25423293300855,0.0033581826289005644,0.06317546208206912,18.812396186669613,0.9290219826563135
238.0,"0,1,0",13.0,36.0,314.39717234098305,0.003816391732553978,0.03022289749380328,7.919233561901082,1.0249621004727645
239.0,"2,0,0",17.0,33.0,314.25176797051734,0.0037107549911843097,0.04186987949863671,11.283385617780624,0.771469299519883
240.0,"2,0,1",15.0,35.0,314.4444634219674,0.003618483590738355,0.04680144763382378,12.93399471359048,0.6865801803618745
241.0,"1,1,0",15.0,34.0,314.30975407228317,0.003951561168584466,0.05010888058916423,12.680780696889556,0.7838418968212217
242.0,"0,2,1",14.0,35.0,314.34120580424997,0.003628504846670294,0.034453897786478144,9.495342914615325,0.8676409035775081
243.0,"2,2,1",16.0,35.0,314.30200395277996,0.003646945673744632,0.06626499752434754,18.169998528195126,0.696612673248826
244.0,"2,0,1",17.0,37.0,314.4126233855638,0.004013285690833269,0.048003117233662344,11.961051600015939,0.9062351834597399
245.0,"2,1,1",13.0,37.0,314.44725249936386,0.0037250230428627178,0.09044251951053732,24.279720815104362,0.9839662442823329
246.0,"1,0,2",14.0,34.0,314.4836673144341,0.0035882621181063607,0.07810096346998976,21.76567956836055,0.8389314177954411
247.0,"1,2,1",14.0,37.0,314.54059353760573,0.003490861572127276,0.0487226791925736,13.957207464655427,0.6915267105074597
248.0,"2,2,2",14.0,33.0,314.275328527912,0.003906978036967526,0.04541667873203616,11.624503209976366,0.7380267683459423
249.0,"2,1,0",16.0,36.0,314.2942886987242,0.0036246125180656942,0.02330229028025095,6.4289052041034225,1.3501405181103683
250.0,"2,2,1",17.0,33.0,314.5407541266519,0.0035376562855761818,0.06409655821067445,18.11836793529391,0.6874357732909708
251.0,"1,1,0",17.0,33.0,314.4783620189718,0.0037111708290918834,0.025298517297454762,6.816856044227223,0.7543321876676483
252.0,"2,0,1",13.0,37.0,314.41022991483595,0.0037917064541492097,0.06478145036540833,17.08503839861309,1.0384495525745547
253.0,"0,1,0",17.0,36.0,314.47974948892494,0.0034720491718877844,0.050533009109264185,14.554231984505257,0.8385728031051063
254.0,"2,1,1",14.0,35.0,314.34561129525304,0.003611182603892065,0.04225043123635652,11.699887784910073,0.7886558906759888
255.0,"2,0,0",15.0,35.0,314.47934995185136,0.003642613411810262,0.052738727866274836,14.478266536680152,0.9479784286017345
256.0,"1,1,1",13.0,33.0,314.3614761397425,0.0036483200444206144,0.060671281625894274,16.629923056963992,0.6338099728439072
257.0,"0,0,0",15.0,34.0,314.3328439619795,0.0034865484214783803,0.021816184551927468,6.2572441035185395,0.9162638969336763
258.0,"2,1,2",17.0,34.0,314.30124720117084,0.003516252802689032,0.05085922469021969,14.46404099595041,0.6755013340844181
259.0,"1,0,0",16.0,35.0,314.3463573576481,0.0037839882309891634,0.09176355556802432,24.250486514868633,1.119073888610465
260.0,"2,2,2",13.0,37.0,314.4444634219674,0.003618483590738355,0.046599293643941025,12.87812766740567,0.8836816384967907
261.0,"0,2,2",16.0,36.0,314.39257629360105,0.003716598629400937,0.03635676731562187,9.782268934830357,0.9619020692860476
262.0,"0,2,1",14.0,34.0,314.2641735071526,0.003575986778034931,0.03743796563775833,10.469268473730533,0.9280451919019821
263.0,"1,1,1",14.0,34.0,314.470444765002,0.003708330657367549,0.026626164520016208,7.1800944899874315,0.7083274635419778
264.0,"1,2,2",17.0,33.0,314.5034099385083,0.0036876039503395634,0.056004048632325956,15.187110488687097,0.754997070564293
265.0,"2,1,1",15.0,35.0,314.4603161788194,0.003805358727982675,0.06902967992538422,18.140124193226523,0.9795566429615191
266.0,"0,1,0",17.0,36.0,314.26586019684316,0.0035096428506430207,0.027234322532965816,7.7598558291981385,0.9509217565181476
267.0,"0,2,2",15.0,34.0,314.4320783774048,0.004049445028600873,0.03130054045091532,7.729587691607706,1.0519189765189534
268.0,"2,1,1",17.0,33.0,314.4117355167248,0.0035205653678068564,0.034022695973354944,9.663986439356885,0.7329818323727267
269.0,"0,2,0",17.0,36.0,314.28398707285805,0.003851950155722485,0.038735431256159185,10.056057241190816,1.0819406070918678
270.0,"2,2,0",13.0,37.0,314.31688598280766,0.0036815910941483177,0.04947864382694759,13.43947292397331,0.9889930671181353
271.0,"2,1,0",16.0,35.0,314.35926278450404,0.0036568934064303412,0.04973174985223385,13.59945295774406,0.7550059530188618
272.0,"0,0,2",17.0,34.0,314.4983398041485,0.0035155736520370347,0.03580990322482917,10.186076802595156,0.9951838479616075
273.0,"2,1,0",15.0,33.0,314.2784413820403,0.003744369806104004,0.047436286692112306,12.668697043433726,0.6615891036856084
274.0,"0,0,1",13.0,37.0,314.3027185106012,0.003544346714921313,0.02297271113915307,6.481507873493432,1.1997795286451278
275.0,"2,2,1",14.0,35.0,314.38802318771775,0.003603981880086291,0.05598831962163066,15.535127945840314,0.7422339946834429
276.0,"0,2,0",13.0,35.0,314.25411642974166,0.0036833443552979467,0.0580542881806324,15.761298043483196,0.8861680273129949
277.0,"1,1,0",17.0,34.0,314.4272257053512,0.0034574618458782648,0.028592780157807078,8.269875831570872,0.7670763249798578
278.0,"1,0,0",15.0,36.0,314.26834673424355,0.003743622775693551,0.03063738362884541,8.183886428880236,1.048176156681753
279.0,"2,2,2",15.0,33.0,314.3744737072109,0.0035226741302621855,0.050375807900100954,14.300445070220443,0.5613408788055501
280.0,"1,2,2",15.0,37.0,314.5442110982336,0.004018441297753949,0.02751076056620277,6.846127273671889,1.212115661729464
281.0,"2,1,2",15.0,34.0,314.30411622852023,0.0034848115971875954,0.047105874065718895,13.517480860008478,0.5881895737401338
282.0,"2,1,2",17.0,37.0,314.4195453521712,0.0037832368094441442,0.039594857391075614,10.46586808740982,0.966174874202994
283.0,"2,2,1",17.0,35.0,314.34308563445853,0.003731259349419325,0.056756747971289156,15.211150621336975,0.6895441312610159
284.0,"0,1,0",15.0,35.0,314.52103927731736,0.004090165971670363,0.038661671476772366,9.452347837362579,0.8294011876491229
285.0,"2,1,2",14.0,36.0,314.33059783632706,0.0035369164415580256,0.06345247993315542,17.940056255670083,1.0962867993939416
286.0,"1,0,0",16.0,36.0,314.3478822030358,0.003711462006278077,0.021439991725559666,5.776697077672658,1.2145779775322991
287.0,"0,0,0",13.0,34.0,314.47743242135897,0.004049313047134403,0.046838332480041475,11.56698233375357,0.8217411326926249
288.0,"0,1,1",16.0,36.0,314.35380096173714,0.0035387995633284395,0.04033882110906233,11.399012684154796,0.8225125596621236
289.0,"2,0,1",15.0,35.0,314.4104174954152,0.0035775451849918614,0.05972980443952474,16.695751234700513,0.8505619168200378
290.0,"0,2,0",15.0,37.0,314.417357849371,0.003662994515000241,0.07904168407989517,21.578433643898038,1.0794118162755835
291.0,"2,2,1",16.0,34.0,314.52670754653656,0.0038429663111542,0.039943381140081224,10.393893129936025,0.7873160049555041
292.0,"0,0,1",17.0,34.0,314.2771491703233,0.0037302286743880753,0.0687204205059989,18.422575800201347,0.744424566717457
293.0,"1,1,1",17.0,37.0,314.289147239787,0.003974521471702465,0.017967680100288805,4.520715318363205,1.0747680065006986
294.0,"0,1,0",14.0,35.0,314.37398379735214,0.0035917425204056498,0.024149445724158742,6.723601590859947,1.042274242249724
295.0,"1,2,2",17.0,35.0,314.30124720117084,0.003516252802689032,0.05404465106892232,15.369956058788496,0.6415046826231782
296.0,"2,2,1",16.0,37.0,314.52963121670086,0.0035819637688583295,0.08141829620119147,22.730072511912013,0.9179461817548125
297.0,"2,0,0",15.0,37.0,314.4568256958001,0.003521995103038103,0.08461780851140814,24.025532698332288,1.0676790375811989
298.0,"1,1,2",14.0,36.0,314.54301084083306,0.0035827713050097824,0.05938163919843309,16.574219826813913,0.9546315729274623
299.0,"1,1,0",17.0,35.0,314.44438180651684,0.0036365330104738323,0.0601327192727911,16.535727600876623,0.6535560107320241
300.0,"1,0,0",17.0,34.0,314.5100782502808,0.0036613247588440376,0.03158234285010346,8.625933215515882,0.9549773822406712
301.0,"0,2,2",15.0,34.0,314.3497132352441,0.003658049949750498,0.05972587476036751,16.327244182229165,0.9471339477749425
302.0,"0,0,2",13.0,37.0,314.4568256958001,0.003521995103038103,0.03375526344389713,9.58413128251642,1.2319604323265225
303.0,"1,1,1",13.0,37.0,314.3321062475717,0.0035514041580961405,0.0363415904101941,10.233020178045951,0.6153902696575633
304.0,"2,0,2",15.0,35.0,314.25979815700634,0.0038816178176445102,0.05921287321329939,15.254689151553734,0.795939993872801
305.0,"2,0,0",13.0,36.0,314.49584887862,0.0036382521349949903,0.04779335685567154,13.136350940597291,1.028386281691708
306.0,"0,0,2",13.0,36.0,314.4269318022331,0.0037252847777365585,0.02400639402908616,6.444176878115659,1.4499282416117474
307.0,"0,2,1",16.0,35.0,314.31366951706616,0.003592697023012914,0.05389032561455516,14.999963890459531,0.8519605551176493
308.0,"2,2,2",16.0,34.0,314.392266167273,0.0037235469861748925,0.04684227406326997,12.580014227614159,0.7073272335278905
309.0,"0,1,2",13.0,34.0,314.47120997913055,0.003706523559045126,0.0500562332620732,13.504900876704175,0.7098446544253866
310.0,"2,1,1",15.0,33.0,314.40023281549827,0.004005987353843455,0.05091873512458967,12.710657979420935,0.8496838200955574
311.0,"2,2,1",16.0,33.0,314.38197430559114,0.003621302618420541,0.03490170282151306,9.637886279919822,0.744864577069138
312.0,"0,0,1",16.0,33.0,314.4280716767939,0.003933103240644728,0.05206321901266432,13.23718596416247,0.7152387610063237
313.0,"0,0,0",17.0,37.0,314.4456959376937,0.0038465155274514298,0.04356263102112881,11.325219074311635,1.077932154590207
314.0,"2,0,2",17.0,33.0,314.4104717549834,0.0035353588609903044,0.03429485058906823,9.700528839514119,0.8380835517062313
315.0,"1,0,2",17.0,37.0,314.3614761397425,0.0036483200444206144,0.029969130758326305,8.214501577008896,1.1982717796499307
316.0,"0,1,2",14.0,36.0,314.3497992473323,0.004004057836919562,0.05069816705286283,12.661696987840314,0.8199920183967903
317.0,"2,2,0",14.0,37.0,314.48488053553945,0.004103654958454976,0.031043653041194226,7.5648789568024855,1.2173147604973473
318.0,"0,2,1",15.0,37.0,314.30292889944116,0.003625259728522507,0.027302108624359417,7.531076576266862,1.227437453984631
319.0,"1,0,0",13.0,36.0,314.440082029793,0.003703187688027566,0.05605597260775749,15.137221585875023,0.9749023903784503
320.0,"2,1,1",14.0,33.0,314.4319014440987,0.003609468008797759,0.04835845373884611,13.397667916982961,0.5554328182645962
321.0,"0,1,0",15.0,35.0,314.2794581950081,0.004084917263167266,0.012879775188317233,3.153007602981613,1.4031857884442462
322.0,"1,1,1",15.0,34.0,314.3885618569048,0.003678688689214768,0.03760578829204248,10.222606876818816,0.49454095434247913
323.0,"2,1,0",14.0,37.0,314.48390967836775,0.0039185909565794055,0.02925576780245726,7.465889684999182,1.1576859702909243
324.0,"2,2,0",15.0,37.0,314.3741787716274,0.0035754707030535905,0.03291461647772077,9.205673661263793,1.0783715122622322
325.0,"1,2,0",15.0,35.0,314.4404011316397,0.003665774334784877,0.052167866769659385,14.231063345780344,0.8282944743404279
326.0,"2,1,2",14.0,34.0,314.39848400333887,0.0034948010454847237,0.06971174434095263,19.9472712276483,0.8540078603754562
327.0,"1,2,0",13.0,33.0,314.33128152820524,0.00380509483374691,0.0445618316441807,11.711096198961295,0.9051013479350255
328.0,"1,2,1",15.0,35.0,314.48513419670127,0.0038513853401072815,0.06021975995923791,15.635869860158026,0.7577134094379785
329.0,"1,1,2",16.0,34.0,314.28272188849513,0.0035074812365899983,0.0516067647907885,14.713340231852818,0.6203225303820744
330.0,"2,1,2",16.0,33.0,314.25927504450436,0.003647354858728745,0.07362164840620784,20.184942583806624,0.6737680437117487
331.0,"1,1,2",17.0,37.0,314.42770846212807,0.0035741723646505927,0.02881784689505167,8.06280278479767,0.9616858624633601
332.0,"1,0,1",14.0,37.0,314.485344906487,0.0034807487427228,0.024197091897431883,6.951691628998138,1.1295345942139225
333.0,"0,0,1",14.0,35.0,314.3319348343518,0.003929519318225502,0.04480545852800089,11.402274654863946,0.8747830779607991
334.0,"0,1,1",16.0,34.0,314.4107267833164,0.0036763207655914464,0.057640105779082636,15.678747708460499,0.6215821955468244
335.0,"0,0,0",16.0,35.0,314.3096898590263,0.0037555542114126057,0.10014938761052139,26.667006245358237,0.9952469074422164
336.0,"2,2,2",16.0,33.0,314.3579649801692,0.003693499364187067,0.06163751918912733,16.688108785607884,0.9211605853231263
337.0,"1,1,0",16.0,36.0,314.53904490592504,0.0036758936759390785,0.028875684122585378,7.855418754789888,0.9684091412802407
338.0,"0,1,2",14.0,36.0,314.28914098356455,0.0035009541436917856,0.06350512511229507,18.139376440197637,0.7759368874584992
339.0,"1,1,2",15.0,33.0,314.2520781859619,0.0037664740215454244,0.033906424629268274,9.00216606707302,0.7412865062809265
340.0,"0,2,2",13.0,34.0,314.33915248051846,0.003678212309236753,0.04175371373174779,11.351632320650868,0.8138179641955885
341.0,"0,0,1",16.0,36.0,314.5426167375124,0.0035256957937293137,0.013915039158041247,3.946749796959249,1.544989771591074
342.0,"0,1,2",17.0,36.0,314.52160435417227,0.0035940242502771904,0.07039853254809827,19.587662087329758,0.9866929888271082
343.0,"2,2,2",13.0,37.0,314.4287848056071,0.0037823962482699982,0.033959083785990336,8.97819307047024,0.9607848971678613
344.0,"1,1,0",13.0,36.0,314.43826078692103,0.003532414631477198,0.018648718503066375,5.279311872646102,1.1643039883299537
345.0,"0,0,1",15.0,35.0,314.3258017696426,0.00360784248544592,0.08857524775788249,24.550752455295957,1.1077290325495701
346.0,"2,2,2",17.0,33.0,314.4590292244246,0.0036897041276309508,0.050227823870222045,13.612967905497571,0.588025628733019
347.0,"2,2,1",16.0,35.0,314.4675404592396,0.00401837004334485,0.041259135958615814,10.267629788587648,0.8255016573949436
348.0,"1,0,2",14.0,34.0,314.4126233855638,0.004013285690833269,0.06276863447865183,15.640210868122704,0.7074497711760299
349.0,"0,1,2",16.0,37.0,314.3085329853435,0.0036753962065333504,0.04082551678346781,11.107786613834108,0.9150612267862869
350.0,"2,0,0",15.0,34.0,314.3894011420785,0.003933281639500482,0.046602283647872535,11.848193930448092,0.8196058203545695
351.0,"0,2,2",16.0,35.0,314.4675404592396,0.00401837004334485,0.053117992555245824,13.218790699283373,0.9286574916748856
352.0,"1,0,2",17.0,35.0,314.49471468651996,0.0036176653135377656,0.07545203592575449,20.85655509463613,0.8365365999800569
353.0,"1,0,2",16.0,37.0,314.4687221520937,0.0038213386066287113,0.05169985564963613,13.529252696935734,0.9202991431147072
354.0,"2,1,1",15.0,37.0,314.36906297333144,0.003596167142903104,0.06574290962902153,18.281383210667116,0.8646219199499726
355.0,"0,2,2",14.0,34.0,314.47974948892494,0.0034720491718877844,0.06830754632460365,19.67355384182656,0.8088749231196175
356.0,"0,2,0",15.0,35.0,314.5100144049124,0.004144678479809477,0.04700226077728863,11.340387681760358,1.0424834564180985
357.0,"0,2,0",13.0,35.0,314.43357154316715,0.0036029531400318194,0.06529732384019346,18.12327868344599,0.8447470010411574
358.0,"0,1,0",16.0,36.0,314.3619583938995,0.0034975544701518146,0.03415152212063911,9.764400358046958,0.9168364937014746
359.0,"0,1,2",17.0,36.0,314.3123401228291,0.003572426044747202,0.038021743031125425,10.643115506066685,0.9354504729777681
360.0,"2,0,2",15.0,37.0,314.25492195959373,0.003684498670491266,0.0344457130270407,9.34881950234167,1.1828353282155748
361.0,"2,0,1",15.0,35.0,314.42770846212807,0.0035741723646505927,0.04810821389575159,13.459959114326205,0.8952334226645318
362.0,"0,1,2",15.0,33.0,314.27215431894484,0.003881822061895572,0.03526094326074626,9.083606280378454,0.8146164698488688
363.0,"2,0,2",17.0,36.0,314.42120959862785,0.003700965488090282,0.06290985834298748,16.998228852830863,0.8356795546259448
364.0,"0,2,0",17.0,34.0,314.5260949530503,0.003964966028771742,0.05625478327812175,14.187960973665195,0.7840192796502796
365.0,"2,1,2",17.0,37.0,314.29734585615927,0.003614685577832238,0.049516137868530014,13.698601663225524,0.764519382362846
366.0,"0,0,0",17.0,34.0,314.28598739313543,0.0037602855306891475,0.03233994308098972,8.600395586199747,0.9021776535084951
367.0,"2,2,0",17.0,33.0,314.38068823936896,0.0035441045793931664,0.026839251889411084,7.572928870515043,1.031520027640577
368.0,"0,1,2",14.0,37.0,314.53431669735085,0.003820173899464829,0.03681613215217702,9.63729220738737,1.0433007427493233
369.0,"0,1,0",14.0,37.0,314.4880188670206,0.0036909567710437007,0.049838109778507354,13.502761714658206,0.9250338231588795
370.0,"2,2,0",13.0,34.0,314.38068823936896,0.0035441045793931664,0.06613571465168588,18.660768374676422,0.8277123798788346
371.0,"1,2,0",16.0,33.0,314.35735316514274,0.003844293949201676,0.02271230908869881,5.9080573413006965,1.133643604476161
372.0,"0,2,1",17.0,33.0,314.33306786094346,0.003611488534482549,0.03480809379931453,9.638157083143504,0.8033501460897533
373.0,"2,1,0",14.0,37.0,314.3136004814429,0.0038134596873578832,0.025518930919750292,6.691805607477346,1.2803967379395886
374.0,"2,1,0",15.0,33.0,314.29452734977457,0.00379825212457547,0.05779629503779088,15.216550440092432,0.6297177965628494
375.0,"2,0,2",13.0,37.0,314.5436185196083,0.004023661890341273,0.04015728257456924,9.980282555789804,1.0157207374551112
376.0,"1,1,2",16.0,33.0,314.28398707285805,0.003851950155722485,0.04345385783486427,11.28100211014125,0.6077310137335874
377.0,"2,2,1",13.0,33.0,314.3678180957839,0.003607041697529854,0.05582084927042541,15.47552092581913,0.6672355712038333
378.0,"1,1,0",17.0,34.0,314.4110831667348,0.0034911904211026405,0.10199753488589516,29.215689373277083,0.838169664046553
379.0,"1,0,1",13.0,33.0,314.3153181867358,0.003651973679938345,0.04829741189441516,13.225016423237351,0.6875573278531552
380.0,"1,2,2",17.0,35.0,314.3074205011162,0.0035690080695093963,0.03726353019562227,10.440864651994076,0.7786361920810779
381.0,"2,0,0",15.0,37.0,314.49454585626466,0.003685764954248172,0.05132530296402158,13.925278361786093,0.9929847313369586
382.0,"1,0,1",14.0,35.0,314.5100144049124,0.004144678479809477,0.017971960019017328,4.33615299873477,1.2124393416547155
383.0,"2,0,1",16.0,36.0,314.3045964134967,0.003499275289448555,0.0328068154175887,9.375317088230195,1.0056578836754746
384.0,"2,2,2",15.0,34.0,314.45851905763544,0.003635349415439064,0.06107942383645374,16.80152768178318,0.8702700897045434
385.0,"0,1,1",14.0,33.0,314.53578912668956,0.0034642465876002265,0.027228508184286453,7.8598643300240205,0.6266702413457981
386.0,"2,0,2",14.0,36.0,314.4082898537512,0.003813806129856709,0.03907808303275701,10.246478636349886,1.035009220876998
387.0,"0,1,2",15.0,34.0,314.47974948892494,0.0034720491718877844,0.07107785918259694,20.471443710559914,0.7079598440450737
388.0,"0,2,2",16.0,35.0,314.43340227761144,0.0037759933381025707,0.06451968908156687,17.086812211906043,1.2001130820513457
389.0,"1,0,1",17.0,33.0,314.474986000899,0.003740928096551946,0.03750699991923026,10.026121580310745,0.6645070891522398
390.0,"1,2,0",15.0,35.0,314.3659780881142,0.0036198995292320312,0.03908002729070719,10.795887282263354,0.9136402210496946
391.0,"0,0,0",15.0,33.0,314.4294565328269,0.003545837721785954,0.04648380153972411,13.109399015675011,0.7099517296484542
392.0,"0,0,2",14.0,36.0,314.48545468825006,0.004101958799794962,0.05305390474319226,12.93379756662699,1.1424576477008777
393.0,"2,0,0",15.0,33.0,314.28664785191523,0.004091467861068216,0.028972729113444225,7.081255455806003,1.0405188389149493
394.0,"0,0,2",14.0,37.0,314.5222806652514,0.003675299287767423,0.07046864440730602,19.17357986106011,0.9985320640938613
395.0,"0,2,0",15.0,36.0,314.37468915673185,0.00360432423807355,0.051776706876973125,14.36516346949044,1.0705710610716197
396.0,"0,0,2",14.0,35.0,314.2641735071526,0.003575986778034931,0.03691719538445772,10.323638669811968,0.9632911105797222
397.0,"2,1,0",13.0,37.0,314.3709502858357,0.003521191134086303,0.035878554601276605,10.189323224735018,0.9368186877375559
398.0,"1,0,1",13.0,36.0,314.25683503043615,0.0035133975092273557,0.039204535471629505,11.15858236042614,0.6912425017100832
399.0,"2,1,0",16.0,35.0,314.4696383345782,0.00394688500242879,0.03743676152530028,9.485141194198176,0.8385604053502942
400.0,"1,1,1",15.0,35.0,314.2702948982325,0.0037184486622872256,0.04098169144824443,11.021179844133307,0.7202262844027956
401.0,"0,2,0",15.0,36.0,314.4620248037716,0.0036382808440875076,0.04565137203955638,12.54751185954857,1.0454116400096798
402.0,"0,0,1",16.0,35.0,314.4117355167248,0.0035205653678068564,0.056316587777298636,15.996461333249202,0.8112302774920904
403.0,"0,1,1",15.0,34.0,314.3015027333923,0.0038379016721270705,0.031349897450504885,8.168499385532696,0.723159910642066
404.0,"2,1,2",17.0,34.0,314.3820126184464,0.003924471076935938,0.07514659187946827,19.148208868477525,0.7822388982682402
405.0,"1,0,2",14.0,37.0,314.48755182099535,0.003555244851871197,0.05253553052386238,14.776909246127415,0.7996614432569145
406.0,"2,1,0",14.0,34.0,314.28860403964023,0.0035947809466321643,0.04004567098074875,11.139947489224973,0.8424635019034181
407.0,"2,0,0",15.0,37.0,314.4956020196703,0.003643900830321646,0.05754347164334063,15.791722750660393,1.204838508108674
408.0,"0,2,1",16.0,35.0,314.4101575951942,0.003661373022441369,0.05179772506950343,14.147076725595468,0.9091141894407723
409.0,"1,1,0",16.0,33.0,314.3232165430105,0.0037985563809501558,0.04833728550891854,12.725172581702642,0.5746320801116178
410.0,"0,2,1",15.0,36.0,314.3439606516724,0.0034952196187928142,0.05024099834224213,14.374203575681022,0.9191802349117928
411.0,"1,1,2",13.0,33.0,314.41520989344343,0.003633266632918981,0.02779476497459674,7.650075753528255,0.8100417510061714
412.0,"1,0,1",15.0,36.0,314.474986000899,0.003740928096551946,0.02869802662085829,7.671365468721405,0.9888802518822755
413.0,"1,2,2",13.0,35.0,314.48234948199405,0.0037240523298388093,0.06021956515028372,16.170440105735636,0.7876446191197596
414.0,"1,2,0",14.0,35.0,314.4096059657145,0.0035183544723388386,0.038296354243654344,10.884734481627346,0.8050447182003052
415.0,"2,0,1",17.0,34.0,314.45108722812074,0.0035797483688173796,0.050837857527277444,14.201517059164818,0.7273440047084416
416.0,"0,1,0",17.0,33.0,314.4862578422255,0.003767175778192597,0.029154824658418985,7.739172891052827,0.7811908471055284
417.0,"2,0,2",13.0,36.0,314.3828722676199,0.0034392374350942618,0.06886882404128658,20.024445924710935,0.837071626131338
418.0,"1,0,0",15.0,37.0,314.27217995639137,0.0035108774150872505,0.043636266480666396,12.42887783354349,0.9067924221824207
419.0,"2,2,1",17.0,37.0,314.3628936107278,0.0035590598595155645,0.07956878547041402,22.356686487775,0.8248089385146291
420.0,"0,0,0",14.0,33.0,314.4276458599812,0.0037548064467563865,0.040364774031319585,10.750161054556873,0.8048443684688362
421.0,"2,1,0",16.0,33.0,314.5100782502808,0.0036613247588440376,0.09433316676325909,25.7647635696327,1.1233174367322047
422.0,"0,0,0",14.0,37.0,314.54281222240775,0.00357624201957293,0.06456835627860859,18.054806113574845,1.1671113121192034
423.0,"1,2,1",15.0,34.0,314.2645399128103,0.003709839986363536,0.04763673073517912,12.840642968505405,0.6382935312666314
424.0,"2,1,0",15.0,34.0,314.34961083392636,0.0034560094754084504,0.0378584652418979,10.954386992073735,0.8302099916038436
425.0,"2,0,1",14.0,37.0,314.2870530777102,0.0037702378234451958,0.04098181570028863,10.869822440760505,0.9855694867618455
426.0,"1,1,2",16.0,33.0,314.38204045466557,0.003680841621485873,0.049808695152091714,13.531876748335906,0.6735475647286009
427.0,"0,1,2",14.0,37.0,314.3303607024855,0.003963373121955987,0.05345644976771964,13.487614747041036,0.980727940785894
428.0,"2,0,2",15.0,34.0,314.4283486487158,0.0035471069642992164,0.04217637454915985,11.890358811745735,0.7161315592636462
429.0,"2,2,1",14.0,36.0,314.3166261927692,0.003727673268121636,0.052522730811418845,14.089950227286122,0.8434929886969343
430.0,"1,2,1",14.0,34.0,314.3137696904098,0.0035607673980528384,0.06606608199367162,18.55388870101401,0.6356126250584426
431.0,"2,2,1",15.0,33.0,314.39662043448465,0.0034762558749824157,0.055286178082360415,15.903943803515348,0.5767599482379012
432.0,"0,0,0",14.0,37.0,314.2828449535232,0.0036823818809421822,0.05884163841186213,15.979233092686949,1.074588918486056
433.0,"2,0,0",13.0,35.0,314.4911570738853,0.003646741234582011,0.04530027139035686,12.42212388440804,0.8928809770721469
434.0,"2,2,1",13.0,34.0,314.338374462978,0.0037435465927898163,0.04669293444153255,12.472913929123937,0.8624432739053485
435.0,"1,0,0",13.0,36.0,314.48513419670127,0.0038513853401072815,0.02230882721090086,5.792416297217208,1.1882546360735642
436.0,"1,0,1",17.0,37.0,314.3275412729541,0.003660741407268125,0.043563858783353414,11.900283012851077,0.8368068083429484
437.0,"0,1,1",16.0,37.0,314.41613808145854,0.0037013934465054124,0.054201608976688104,14.643568634364266,0.9850425146523015
438.0,"1,0,2",14.0,34.0,314.53528266145526,0.003471260580213261,0.03824149710687729,11.016602246705396,0.7989110327349647
439.0,"0,1,0",17.0,33.0,314.51728444231935,0.00363919450252897,0.04427025980944491,12.164851254496117,0.6393917240970077
440.0,"2,2,0",15.0,34.0,314.52103927731736,0.004090165971670363,0.0546402654114004,13.358935991804296,0.8560767818057057
441.0,"2,2,0",13.0,36.0,314.25310338279945,0.003794328588716781,0.05434415188481745,14.322468551200599,1.0320035527467926
442.0,"1,2,1",16.0,33.0,314.30890934451236,0.0036564058613731978,0.03261479744379067,8.919906235885389,0.8044265272090272
443.0,"2,0,2",14.0,36.0,314.4879547074976,0.004048307299056858,0.04943398590287885,12.211026053875795,1.1593796206770843
444.0,"2,1,0",14.0,34.0,314.2947922463374,0.0034523121625187644,0.058302848382355256,16.888058100695684,0.6301649926470845
445.0,"2,2,1",17.0,37.0,314.4126233855638,0.004013285690833269,0.04024141081067421,10.02704863563276,0.9085084179188048
446.0,"1,1,0",13.0,33.0,314.5040264632365,0.0037164997051153574,0.046388866531563565,12.481870096132212,0.5903558399602088
447.0,"0,1,1",17.0,33.0,314.5462883452112,0.0038754427941492214,0.03734415287943401,9.636099631198968,0.583655197850177
448.0,"0,1,0",14.0,35.0,314.49686179850255,0.0037979454950300543,0.0768486897370233,20.234279253766694,0.9757503578563339
449.0,"1,0,1",16.0,36.0,314.30226413171874,0.0036521360825060227,0.06911229032221296,18.923799322064003,0.8929060593661131
450.0,"0,2,1",14.0,33.0,314.39257629360105,0.003716598629400937,0.07865407893215941,21.16291985633039,0.8528423191752991
451.0,"1,2,0",17.0,34.0,314.37398379735214,0.0035917425204056498,0.04895065116694325,13.628663772205694,0.6741985783951182
452.0,"2,2,2",15.0,37.0,314.377945178491,0.003404171882261437,0.038952115248875124,11.442464304416589,0.7401137175898342
453.0,"1,1,0",14.0,34.0,314.43890337706716,0.003598360725726416,0.03248102243702838,9.026616538138015,0.6825382246318619
454.0,"2,0,2",14.0,36.0,314.47974948892494,0.0034720491718877844,0.05608417156046874,16.15304645296117,0.6964216689315929
455.0,"1,2,1",15.0,34.0,314.3141483982378,0.003819663225359993,0.08174708888624643,21.401648277131027,0.6711912018519955
456.0,"2,0,2",16.0,34.0,314.3463573576481,0.0037839882309891634,0.03688435087924427,9.747480337591435,0.832225725766506
457.0,"0,1,1",13.0,34.0,314.45739410940536,0.0036666913530688733,0.04582930336981468,12.498816768817314,0.6837773870746277
458.0,"0,0,2",15.0,34.0,314.52185138309886,0.0036099233890060723,0.0541914331421156,15.011795903246645,0.9263570914007176
459.0,"2,0,0",17.0,33.0,314.4676518136547,0.003925616616565363,0.053979379858371444,13.750548036348896,0.8070895419032854
460.0,"2,0,2",16.0,35.0,314.45484222662066,0.003773815080879552,0.04140873455023467,10.972645363583544,0.9051828360822142
461.0,"0,1,1",15.0,35.0,314.3817916390087,0.003911784959696977,0.07368120996932864,18.83570051228897,0.9217098739367819
462.0,"1,1,0",14.0,34.0,314.26328758923506,0.0035983984374158657,0.03425730952692148,9.52015462510117,0.7140747894008537
463.0,"2,0,1",17.0,36.0,314.33306786094346,0.003611488534482549,0.030707700085426295,8.502782105558053,1.085778356256825
464.0,"2,2,2",17.0,33.0,314.5462757388158,0.0036457795337707945,0.08852573704277575,24.281703329223102,0.9043970560182041
465.0,"1,2,2",15.0,36.0,314.4110831667348,0.0034911904211026405,0.05993999652607957,17.16892787164225,0.6771749577162995
466.0,"0,2,2",17.0,36.0,314.2518107906825,0.003418066894671502,0.04566484785411713,13.359846153188238,0.7956301627582382
467.0,"1,1,2",14.0,34.0,314.3488811704523,0.0036790857480632497,0.06560647491313146,17.832276659403256,0.6790267924720187
468.0,"2,2,2",13.0,34.0,314.4579166356476,0.003544339503577167,0.04040277111399715,11.399238440115617,0.5271407353825744
469.0,"0,2,2",14.0,34.0,314.2959725690872,0.0035650518236300653,0.05524178964544485,15.495367915632613,0.7466549605180384
470.0,"1,0,0",15.0,37.0,314.45340753253845,0.003565120492654578,0.07750711454155092,21.740391299885452,0.9707779517403279
471.0,"0,1,0",15.0,35.0,314.4283486487158,0.0035471069642992164,0.037768503254265576,10.647692227608733,0.925116883788421
472.0,"0,0,1",13.0,34.0,314.2605912054089,0.003630361717839461,0.04638779596651596,12.777733893173254,0.988312247892388
473.0,"0,2,0",16.0,36.0,314.38503165908156,0.0034562578176489875,0.051234740228286654,14.823761111414282,0.829321536770469
474.0,"0,2,0",17.0,36.0,314.36379018927335,0.0037968283872407273,0.04852009311382814,12.779111449145374,1.0457870411676617
475.0,"0,2,2",17.0,35.0,314.5115743765448,0.0038210716509170834,0.03114085866438848,8.149770930601225,1.0709084564895746
476.0,"1,0,1",13.0,37.0,314.5035103874779,0.0034942431503924,0.035270983619715444,10.09402668951488,0.8032057562578949
477.0,"1,1,0",13.0,34.0,314.4096059657145,0.0035183544723388386,0.02573656720592488,7.3149443605710385,0.7704466826269588
478.0,"1,0,1",15.0,36.0,314.50301245004755,0.0036207451315548333,0.05943773189548697,16.4158839509267,0.7591618631384114
479.0,"2,2,0",16.0,36.0,314.34039118643807,0.003653404981066663,0.025811598641157014,7.065080048590987,1.3182012758076884
480.0,"0,0,0",17.0,33.0,314.43340227761144,0.0037759933381025707,0.0483745714538512,12.811084957623184,0.8073535621712206
481.0,"0,2,2",13.0,33.0,314.31589575598883,0.003490666611917306,0.05590130992432555,16.014508441876334,0.7682776752487014
482.0,"1,0,1",15.0,36.0,314.4911570738853,0.003646741234582011,0.0350934173866633,9.623226636941709,0.7832115986186012
483.0,"2,2,0",13.0,36.0,314.4526740609908,0.003669567390283938,0.04134486926493339,11.266960071207269,0.9094151187163917
484.0,"0,0,0",17.0,33.0,314.52475835141223,0.003982752712031932,0.02130485924539795,5.349279954297885,1.0928992704520168
485.0,"0,2,0",16.0,35.0,314.5100144049124,0.004144678479809477,0.04040923071343266,9.74966596571568,1.0505274874432255
486.0,"2,0,1",14.0,36.0,314.25979815700634,0.0038816178176445102,0.03714478971591266,9.569409318729196,1.0325732814862685
487.0,"0,1,1",13.0,36.0,314.2840021981756,0.003957882768766898,0.037165461964394325,9.390238199494082,0.8708594839521235
488.0,"2,2,2",14.0,33.0,314.54840389924584,0.00360772456804362,0.05461276902580452,15.137732383883083,0.6991488811744211
489.0,"1,0,2",13.0,33.0,314.3930537838786,0.0038761446454790923,0.038307752456839615,9.88295225296082,0.7323348519328667
490.0,"0,0,0",16.0,33.0,314.29404408953786,0.003499820967195389,0.06227946616024773,17.79504344479538,0.7068647063170821
491.0,"2,2,1",16.0,36.0,314.4909880329723,0.0036850716604071654,0.04652878883530453,12.626291460004753,0.7646738985398752
492.0,"0,2,0",16.0,34.0,314.474830190656,0.003540271404084308,0.04319325296108072,12.200548497849608,0.8300121627809346
493.0,"2,2,0",14.0,35.0,314.28398707285805,0.003851950155722485,0.040383955926128326,10.484028685089195,0.8647677055500143
494.0,"1,1,2",14.0,36.0,314.38682932254386,0.0035779682220889097,0.05052526739360896,14.121217478033108,0.808295564038668
495.0,"1,1,0",14.0,37.0,314.33059783632706,0.0035369164415580256,0.059989449412820015,16.960946181243237,0.9531363512963564
496.0,"0,1,1",17.0,33.0,314.51197115380955,0.0035634929162319646,0.046804195088700616,13.134358953122698,0.5610695422361738
497.0,"2,0,2",13.0,36.0,314.50301245004755,0.0036207451315548333,0.060948851867510326,16.83323450091541,0.9308380761670225
498.0,"0,1,0",13.0,33.0,314.3497992473323,0.004004057836919562,0.030247124592992534,7.55411780371847,0.7350336697466946
499.0,"2,0,2",16.0,36.0,314.48545468825006,0.004101958799794962,0.03487822631072191,8.502822191306581,1.1237750055761686
500.0,"1,0,0",13.0,34.0,314.4195453521712,0.0037832368094441442,0.014505076275406491,3.834038683277049,1.179913212208385
501.0,"0,0,2",17.0,37.0,314.4289491237631,0.003994561964395908,0.03718005214334046,9.307666891822304,1.145185126060558
502.0,"1,0,0",14.0,34.0,314.30124720117084,0.003516252802689032,0.03337344119008291,9.491195048479103,0.7733471818331014
503.0,"1,0,0",13.0,37.0,314.2919335647864,0.003935996541213198,0.07074336093664922,17.97343066639075,1.1226386895589973
504.0,"1,1,2",15.0,33.0,314.29016421580593,0.0036559966140375967,0.05120582458977496,14.005982498223501,0.7018219377505832
505.0,"0,1,1",13.0,36.0,314.4283486487158,0.0035471069642992164,0.03906756895188576,11.013924684282573,0.7538981910689517
506.0,"0,1,0",14.0,34.0,314.27741180560906,0.0037284381066438055,0.021426862689165303,5.746873644216915,0.9253148758331169
507.0,"0,0,0",15.0,33.0,314.5366309443567,0.003686905625170638,0.09605496198166813,26.053002638824665,0.8437476794290284
508.0,"2,1,2",15.0,37.0,314.36983588449226,0.0034952357421062464,0.06836056444073185,19.558212802990347,0.7036070243936322
509.0,"0,0,1",16.0,33.0,314.48716264684793,0.003645197913255167,0.0455461424509526,12.494833897860934,0.6743487990333589
510.0,"1,1,2",16.0,34.0,314.3832007809808,0.003406541207727653,0.03681914998525363,10.808367707905695,0.7040779635687273
511.0,"1,0,0",13.0,33.0,314.494887334274,0.003582716727509498,0.06694371962384034,18.685183539580542,0.8482382045269211
512.0,"0,0,1",13.0,33.0,314.25828224390693,0.003503028089260944,0.024296029423754015,6.935722125162833,0.7640218712346101
513.0,"0,1,2",17.0,35.0,314.53799858686347,0.0034708753664265206,0.07358149938882136,21.199695068445525,0.6691777031397916
514.0,"2,2,0",13.0,35.0,314.32312366102843,0.004009518214548075,0.03671417681504325,9.156755213589026,0.9437863408804732
515.0,"2,0,2",13.0,37.0,314.49203367708895,0.0038320005039018433,0.04695098061463958,12.252341973032848,1.1213191846231987
516.0,"2,2,1",13.0,37.0,314.4879547074976,0.004048307299056858,0.030237059125876074,7.469062225814838,1.230358642501314
517.0,"2,2,2",16.0,37.0,314.508633398128,0.0037050718036725555,0.04899797752101816,13.22456894693652,0.7956925880707173
518.0,"1,2,2",17.0,36.0,314.5290612170066,0.0036692889064177986,0.03962903736018271,10.800195452276661,0.8355502413875714
519.0,"0,1,0",15.0,34.0,314.5250539081359,0.0034571530314593305,0.010990870458740141,3.17916804917967,1.3520327327886246
520.0,"0,2,2",15.0,35.0,314.32446663580663,0.0037487397511827233,0.046273786176365246,12.343824657810913,0.7972245570052054
521.0,"2,0,0",15.0,36.0,314.43001752870504,0.0037896411238246353,0.02837846948509832,7.488431901028612,1.3098007482590541
522.0,"0,1,2",17.0,35.0,314.34764332636826,0.003624423553591782,0.04850821435516914,13.38370464652173,0.6686019378549966
523.0,"2,2,1",15.0,37.0,314.3744737072109,0.0035226741302621855,0.06473391545849361,18.376356445345,0.7407992881611408
524.0,"0,2,1",16.0,36.0,314.434773671873,0.0034727794245605413,0.034904379746545894,10.05084846440048,0.9751132387336089
525.0,"0,2,1",15.0,35.0,314.369647729501,0.0036771334769345222,0.04302450284681162,11.700555097249124,0.9472094846596224
526.0,"2,2,0",14.0,36.0,314.44144913298754,0.0036148543546513233,0.03339393175517795,9.237974335593671,1.0442641202883018
527.0,"1,1,2",16.0,33.0,314.4082898537512,0.003813806129856709,0.04691357835807209,12.3009866680965,0.5801917493737643
528.0,"0,2,1",14.0,37.0,314.4910820479969,0.0037331316608929586,0.05854632851419467,15.682899461464611,0.9467526549574011
529.0,"2,1,1",14.0,35.0,314.485344906487,0.0034807487427228,0.05208781509614436,14.964543248071074,0.7507096728908397
530.0,"0,2,0",15.0,36.0,314.3181768219551,0.00361504602229832,0.04539595389337368,12.557503725640682,0.9724309879670583
531.0,"1,1,2",17.0,36.0,314.4508935173822,0.0037928398859946155,0.029398193140285037,7.750971310136336,0.9983404049940092
532.0,"0,0,0",13.0,34.0,314.3092870743451,0.0035601556576929346,0.0414900525785135,11.653999590961716,1.0152699660908486
533.0,"0,2,2",16.0,35.0,314.27528529050886,0.0035109409572611112,0.04281426133330492,12.194526155376982,0.8148911799353911
534.0,"2,2,1",14.0,35.0,314.2684219559761,0.003609663787047718,0.03799166514836914,10.524987198168356,0.8337750684237022
535.0,"2,0,0",14.0,37.0,314.470444765002,0.003708330657367549,0.04543569637363638,12.25233145899941,1.0498926103717687
536.0,"0,1,0",17.0,35.0,314.53295255449274,0.003655809464190922,0.07712646620176401,21.09696004598344,0.9670457626680776
537.0,"0,0,0",13.0,33.0,314.40493257298425,0.0037237778221812464,0.06191095783436327,16.6258463288495,0.8850815756376494
538.0,"0,1,2",17.0,37.0,314.31660357184956,0.0038647620506201104,0.06261970811952573,16.202733130614924,1.0795135696642586
539.0,"0,1,2",17.0,36.0,314.37466815399114,0.003977660530277314,0.04650784424862747,11.692260788626182,0.8474706195635676
540.0,"0,1,1",13.0,37.0,314.51728444231935,0.00363919450252897,0.06467229640180096,17.77104696021565,0.8530526217308073
541.0,"0,1,2",15.0,34.0,314.31001453795886,0.003976899246159378,0.039406965281023866,9.908967474868884,0.7947820127469662
542.0,"2,1,0",13.0,37.0,314.5436185196083,0.004023661890341273,0.044170103260667705,10.97758819315739,1.0564252658193614
543.0,"0,1,2",17.0,33.0,314.53578912668956,0.0034642465876002265,0.0822591736203286,23.74518428184746,0.8137499352273332
544.0,"0,0,0",16.0,35.0,314.2794581950081,0.004084917263167266,0.01198442625066247,2.9338234971668116,1.537307332779511
545.0,"2,1,2",15.0,35.0,314.27780437233497,0.0035881912019848057,0.04360957814660683,12.15363833523816,0.6485978228834819
546.0,"0,2,1",14.0,34.0,314.54840389924584,0.00360772456804362,0.059450374964569494,16.478634619495903,1.0059807352273409
547.0,"1,0,1",16.0,35.0,314.4572328689048,0.004122522937081061,0.018423676269627872,4.469029414951587,1.130394973387632
548.0,"1,0,2",13.0,33.0,314.4132892954723,0.003944682310405113,0.0552283905087048,14.0007194909019,0.7197409933973344
549.0,"2,1,1",13.0,36.0,314.37398379735214,0.0035917425204056498,0.02556961524148082,7.119000066461612,1.0773946520015591
550.0,"2,2,1",15.0,36.0,314.42669881415674,0.003816829404420445,0.042819246178547196,11.2185381219701,0.8343156263035378
551.0,"1,0,2",17.0,37.0,314.51023925182704,0.0037570876392035617,0.050478344204113984,13.435498197432128,0.8938491540651183
552.0,"0,0,2",14.0,36.0,314.4981658250081,0.0035887477437319504,0.035156459166423716,9.796302687428346,1.0926448324381879
553.0,"0,0,0",16.0,37.0,314.3320614060754,0.0034665151897068512,0.03790071515868489,10.93337634037311,0.9545728784930807
554.0,"0,1,1",17.0,33.0,314.3772868270521,0.0037150825920291603,0.07978223853297389,21.475226070114694,0.7294374364824527
555.0,"0,0,0",14.0,36.0,314.5407541266519,0.0035376562855761818,0.09173929192631795,25.932223065411872,0.9891551278048574
556.0,"1,0,0",13.0,37.0,314.48019350564726,0.0037876115215921655,0.0286601390200417,7.566810602581039,1.0837871563218067
557.0,"2,1,0",13.0,34.0,314.5017823134797,0.004043791264150167,0.05299582919547006,13.105480904837835,0.9731902847910607
558.0,"2,2,2",13.0,34.0,314.26420899121115,0.0036868086179714303,0.06002618384577617,16.28133978888332,0.7865399864136116
559.0,"2,0,2",16.0,33.0,314.38481448456224,0.00391178661494891,0.020638994433704053,5.276104364903762,1.2629353572982616
560.0,"2,1,0",14.0,36.0,314.36187253441074,0.003881693944401138,0.026876205634152495,6.92383428964514,1.2447716082019038
561.0,"0,0,2",15.0,36.0,314.48629486291856,0.003722958501541795,0.04832983158762201,12.981566022722815,1.1114207323956358
562.0,"0,0,2",14.0,36.0,314.3640769356749,0.003556817293269354,0.04835270608120578,13.594374434892876,0.9814615250918339
563.0,"1,2,1",13.0,36.0,314.51078956188917,0.004096731896859896,0.10094049481319803,24.63927280439511,1.2015911909074026
564.0,"2,0,1",14.0,35.0,314.4488514118549,0.0035528794486358196,0.036311674123449225,10.220350746038296,0.8791543534656795
565.0,"1,0,1",16.0,36.0,314.50850362201055,0.0035844235791192575,0.045712393400963273,12.753066815891062,0.8084239266079616
566.0,"1,2,1",16.0,34.0,314.38999701584913,0.0039553890046479705,0.07147041634927159,18.069124494528058,0.6876903607106924
567.0,"2,1,2",13.0,33.0,314.45893349141306,0.003648082559271045,0.057573246974490615,15.781782906249475,0.8037007656803592
568.0,"0,1,1",15.0,36.0,314.2866897563502,0.0037423899310745448,0.05652537615797838,15.104085143193073,0.8204735540334381
569.0,"0,1,0",17.0,37.0,314.27574336649593,0.0034775853536554275,0.039369659246951634,11.320975689516471,0.879360851351532
570.0,"1,0,1",17.0,34.0,314.51659246052253,0.0037264922757641095,0.05175430443303666,13.888209233554509,0.7082586795466411
571.0,"0,1,2",16.0,37.0,314.28976295004236,0.0034413386082414103,0.04447578623206175,12.923978513927674,0.92993132234018
572.0,"0,1,1",16.0,36.0,314.27455993393346,0.004006829865713128,0.03577347644398652,8.928124637909882,0.859328303558685
573.0,"2,2,2",17.0,37.0,314.48488053553945,0.004103654958454976,0.04717588894033712,11.496066169778274,0.8396425198633951
574.0,"2,2,2",13.0,35.0,314.48285161229916,0.003754169887731334,0.033719196644553515,8.981798281092232,0.8347135649937459
575.0,"0,2,2",15.0,37.0,314.4620248037716,0.0036382808440875076,0.05188570608164945,14.261050288618538,0.896780414507345
576.0,"2,2,2",17.0,37.0,314.4735032160945,0.0037988808905190857,0.037254065574406685,9.80658953203353,0.7159048818033423
577.0,"1,1,1",17.0,35.0,314.4749054354351,0.0036018006959904446,0.029376494993858124,8.156057892531447,0.7298940790812415
578.0,"0,2,2",14.0,35.0,314.2629105243467,0.0037289955053480994,0.055685135229126034,14.933012160852112,0.9037869095461285
579.0,"1,0,0",16.0,36.0,314.30124720117084,0.003516252802689032,0.02173065393194829,6.180060180920413,1.1453424053001506
580.0,"0,0,1",13.0,36.0,314.30698815876895,0.0035941565343579622,0.029976086745845232,8.340228495696271,0.926283515947036
581.0,"0,0,0",13.0,33.0,314.31707639469914,0.0037255003099571403,0.03926118020097648,10.538498707420093,0.880025560937124
582.0,"0,0,0",16.0,34.0,314.3772868270521,0.0037150825920291603,0.018563404767963098,4.996767718648176,1.0985077355809147
583.0,"0,0,0",14.0,33.0,314.37398379735214,0.0035917425204056498,0.0867354975616785,24.148584445825655,0.9372207724570142
584.0,"0,2,1",17.0,36.0,314.49088724871626,0.004385485775996603,0.03301195826899374,7.5275488178939,1.3783255618194268
585.0,"2,2,1",16.0,35.0,314.3628936107278,0.0035590598595155645,0.04400725489190535,12.364853817854955,0.82202553571642
586.0,"1,1,0",16.0,34.0,314.40600138537644,0.0036242262150624873,0.09235554350685432,25.48283082414103,0.7415508494437983
587.0,"2,0,1",17.0,34.0,314.33915248051846,0.003678212309236753,0.04789027641024486,13.019986989326977,0.7596056783911406
588.0,"0,0,2",17.0,35.0,314.4568256958001,0.003521995103038103,0.056061325613702064,15.917491073551773,0.9607122569374792
589.0,"1,0,2",14.0,36.0,314.4359736302686,0.003642588807001323,0.039139107576609725,10.74486022176906,0.9771069666466954
590.0,"1,0,2",13.0,36.0,314.54877325640297,0.003764095190178837,0.049431707038647535,13.132427460289327,0.8098895330746813
591.0,"2,0,0",13.0,35.0,314.2942886987242,0.0036246125180656942,0.059240959945505434,16.34408082249848,0.9574111459122722
592.0,"0,1,0",14.0,34.0,314.53431669735085,0.003820173899464829,0.04544297723833643,11.89552581485952,0.7388163690599043
593.0,"1,1,0",17.0,37.0,314.43364299572573,0.003877709528690738,0.08560526455983837,22.07624473325158,0.9237649662239651
594.0,"1,0,0",16.0,37.0,314.4319014440987,0.003609468008797759,0.05474141692715158,15.166062365346974,1.0412755063741528
595.0,"1,0,1",16.0,35.0,314.3774615643012,0.0036019775069671047,0.04225449595135289,11.730916106394993,0.7305647415190628
596.0,"0,2,2",17.0,37.0,314.434773671873,0.0034727794245605413,0.06646282258058878,19.138221710985643,0.926636711679073
597.0,"0,2,2",15.0,35.0,314.2840021981756,0.003957882768766898,0.038600697550170315,9.752865308387241,0.9001575921651634
598.0,"0,0,2",17.0,34.0,314.3414914814568,0.003558135419010908,0.04170801804792122,11.721874840703853,0.8426910306525086
599.0,"1,2,2",16.0,36.0,314.43917168689364,0.003509788337460181,0.03763045434795509,10.721573704694096,0.8883054051130438
600.0,"2,2,2",15.0,33.0,314.4830535052574,0.003972631182349409,0.0591275280386641,14.8837194606362,0.9407467006355581
601.0,"1,1,2",13.0,33.0,314.3284645562356,0.003653570170233583,0.029106592984816815,7.966616659494992,0.766098742454863
602.0,"1,1,2",14.0,37.0,314.28914098356455,0.0035009541436917856,0.04127633316104282,11.790023938307453,0.7451003605369427
603.0,"1,2,1",16.0,36.0,314.3727300933768,0.003685001031222856,0.040259651714112686,10.925275562474576,0.7576479153544939
604.0,"1,0,0",17.0,36.0,314.31688598280766,0.0036815910941483177,0.03449916964674621,9.370722811009811,0.9614965877886532
605.0,"1,0,2",13.0,33.0,314.54288675358873,0.0037102526798255342,0.06116800850514149,16.486210989818023,0.7882021300988341
606.0,"2,0,1",16.0,34.0,314.45815560815817,0.0035037611224960842,0.0399474415480246,11.401302814720996,0.8891856074012712
607.0,"1,0,2",15.0,33.0,314.5341280825078,0.0036617622480941995,0.07466887545422984,20.391513810895834,0.8546661801703656
608.0,"2,0,1",15.0,37.0,314.5382460565505,0.0037760497931428744,0.030822664447468052,8.162674259073738,1.1478706752727121
609.0,"1,1,0",15.0,35.0,314.43364299572573,0.003877709528690738,0.03720897972780919,9.595607781476184,0.7703249644997019
610.0,"2,1,0",17.0,33.0,314.3137696904098,0.0035607673980528384,0.0372480388904508,10.460677355903513,0.7390957878223293
611.0,"0,2,0",16.0,37.0,314.3442598844669,0.0036163843316665777,0.03379277256353817,9.34435321700586,1.2083098336680418
612.0,"1,1,1",14.0,34.0,314.4568256958001,0.003521995103038103,0.054810902406980805,15.562458437179668,0.5440703295011634
613.0,"1,0,2",15.0,36.0,314.51930310187595,0.0038595595339763512,0.04259952851769488,11.037406766933913,0.8628591707562252
614.0,"0,2,2",13.0,34.0,314.435071947108,0.003865967958693029,0.03276160682261025,8.474360670512642,1.0147803173517658
615.0,"1,0,0",16.0,37.0,314.36313846700006,0.0033400052346219916,0.02211940572449061,6.622566184988029,1.1747486833619685
616.0,"2,1,1",15.0,36.0,314.36983588449226,0.0034952357421062464,0.051169685748406156,14.639838203751902,0.6644269108242984
617.0,"2,1,0",17.0,33.0,314.2548602595722,0.0034558356000262847,0.04726893278440254,13.678003891169771,0.6486887683676237
618.0,"2,2,0",15.0,35.0,314.27215431894484,0.003881822061895572,0.04114273363186852,10.598820083931846,0.8663484607187703
619.0,"2,1,2",13.0,34.0,314.5044136811628,0.00362452930966691,0.05549190359220111,15.310099284947084,0.6832232544396489
620.0,"0,0,1",17.0,34.0,314.329506267887,0.003768299503694527,0.04092723997600891,10.860930755605521,0.691717853364271
621.0,"2,2,2",17.0,37.0,314.45474049810906,0.003619145588443148,0.03274735939915039,9.048367521804327,0.869969072520744
622.0,"0,2,2",16.0,33.0,314.3774615643012,0.0036019775069671047,0.05333999824832627,14.808531742675704,0.6666231587000009
623.0,"0,2,1",16.0,37.0,314.52083287331635,0.0038061228712491656,0.06579781584580903,17.28735988604967,0.8735320105626543
624.0,"2,2,0",13.0,33.0,314.5138283199617,0.004093761051265076,0.05794829998828628,14.155271708000345,0.9781248038707082
625.0,"2,2,1",15.0,37.0,314.3709502858357,0.003521191134086303,0.04072413822894256,11.565443816644695,0.9450199753257139
626.0,"1,2,1",17.0,36.0,314.3066032550196,0.00355611651990461,0.06181457035023433,17.382605436081846,0.621752257268768
627.0,"2,1,2",15.0,37.0,314.3045964134967,0.003499275289448555,0.03349488645193306,9.571949527072352,0.975402742504666
628.0,"1,1,0",15.0,34.0,314.5162458473854,0.003813580067991669,0.04300474999226729,11.27673976304232,0.7876858525237832
629.0,"1,1,0",13.0,33.0,314.4590292244246,0.0036897041276309508,0.03752739719342297,10.17084186029794,0.674379306517054
630.0,"1,2,2",17.0,35.0,314.32092091337995,0.003690566624366278,0.024464760647944294,6.628998508364616,1.0638586377427832
631.0,"1,1,0",16.0,37.0,314.28338271733696,0.003606057803106157,0.03791002276000271,10.512871626003355,0.7906937419583164
632.0,"1,0,0",14.0,36.0,314.3425261651619,0.0036579217904214698,0.043322455665129954,11.843461437194449,0.9712274718174041
633.0,"1,1,1",16.0,33.0,314.25176797051734,0.0037107549911843097,0.08348003600447754,22.496779281521462,0.6497753773475615
634.0,"2,0,0",17.0,36.0,314.25683503043615,0.0035133975092273557,0.06557087209752237,18.66309517363502,0.8829323370276562
635.0,"1,0,2",15.0,37.0,314.46004456405234,0.0036497632927085734,0.04425680384029161,12.125938120071238,0.9892210918799701
636.0,"1,2,2",15.0,37.0,314.5222806652514,0.003675299287767423,0.03426801875976026,9.323871629669789,0.884342879779281
637.0,"1,2,0",16.0,33.0,314.30226413171874,0.0036521360825060227,0.07024304762712487,19.233414648373532,0.6837045940830998
638.0,"2,1,2",13.0,37.0,314.31801265483404,0.003491060936145631,0.06176303125073749,17.691765449080957,1.0397016439492428
639.0,"0,1,0",17.0,37.0,314.4270160682915,0.003756817226505022,0.03317993748947451,8.831927530406343,1.0399610727321114
640.0,"2,2,1",17.0,36.0,314.46000806451013,0.0035583906079921547,0.029506525486826123,8.292098517952017,1.0380923856600812
641.0,"0,1,1",13.0,37.0,314.26245505712126,0.003959500205949395,0.041261878544341046,10.4209815376048,0.9885165162685452
642.0,"2,2,0",16.0,37.0,314.37047786313474,0.003410094800521579,0.04501711063541326,13.201131718838969,0.8340992355815684
643.0,"1,0,2",17.0,37.0,314.26328758923506,0.0035983984374158657,0.0405141955030672,11.258952060951273,0.9710106600415751
644.0,"1,0,0",15.0,37.0,314.341805738336,0.0034104923153065467,0.03833491265737577,11.240287065103708,0.8784066207967505
645.0,"0,2,0",14.0,33.0,314.43372670599143,0.003525579475608391,0.03748571163992896,10.632496558160911,0.9252199267020786
646.0,"2,0,2",14.0,37.0,314.38802318771775,0.003603981880086291,0.04598061723543492,12.758282023974548,0.872674202634343
647.0,"0,1,0",15.0,36.0,314.4488514118549,0.0035528794486358196,0.028888195779889166,8.1309248449117,1.0465196967667592
648.0,"2,1,0",16.0,35.0,314.3109133616719,0.0035625074604803404,0.05024838804372205,14.104781141131127,0.7526325242970754
649.0,"0,0,1",16.0,35.0,314.3784058909801,0.003578994165711245,0.04482023728561175,12.523137845547376,0.7815608727810398
650.0,"1,1,1",16.0,33.0,314.4675404592396,0.00401837004334485,0.10529039630814103,26.202264891587337,0.7313110965314208
651.0,"1,2,0",13.0,35.0,314.33864929817395,0.0036730344507257895,0.062453897242854106,17.003351882668362,0.9088862515924557
652.0,"2,1,0",17.0,33.0,314.32280843634,0.0037540630756947003,0.047023186349622485,12.525944663548497,0.6720963546810651
653.0,"0,1,2",13.0,37.0,314.2666363131797,0.0035406230287185502,0.05922744920710136,16.72797378503676,0.9672923595789863
654.0,"0,2,1",13.0,36.0,314.494887334274,0.003582716727509498,0.07244688340618635,20.22121449064362,0.8641035224849521
655.0,"0,2,0",17.0,37.0,314.4057368151249,0.003765977365985439,0.07099257916088815,18.851037131050735,1.1667427235632337
656.0,"2,2,1",15.0,35.0,314.288846998901,0.00346195309211227,0.06636529717640366,19.169900749842817,0.6741838788025433
657.0,"2,1,2",15.0,37.0,314.4856215045905,0.003569003131287402,0.05230192850308609,14.65449218707182,0.8771854738999968
658.0,"1,0,1",14.0,33.0,314.3530304334555,0.0035101628435298955,0.07400241860918777,21.082332047811587,0.8070077213703354
659.0,"1,2,0",16.0,34.0,314.443960331698,0.0037591872899225176,0.031725312779491845,8.43940733268061,0.916151631883357
660.0,"2,2,2",13.0,34.0,314.47337659034326,0.0035612918152834357,0.060825772652091874,17.079693495224255,0.7603803148540851
661.0,"0,0,2",14.0,34.0,314.41295310399977,0.0035517129491253797,0.05438713859606372,15.312931921893272,0.9362192993163321
662.0,"2,2,2",15.0,33.0,314.5238580580491,0.003911529045834788,0.035344867081228214,9.036074299094208,0.7984583028311703
663.0,"1,1,2",16.0,34.0,314.4254132440436,0.003663997194943338,0.04333943665275856,11.828457923649907,0.7203420536000239
664.0,"0,1,0",16.0,33.0,314.4132892954723,0.003944682310405113,0.06070141173768951,15.388162331241212,0.8384073735859978
665.0,"1,0,1",16.0,35.0,314.3898863133077,0.0037349337650208225,0.037697251249756716,10.093151210017924,0.7913147400626314
666.0,"1,2,1",14.0,34.0,314.53422926725085,0.0037367876676438986,0.06292989345665197,16.840639354906195,0.7072268513244845
667.0,"0,0,0",15.0,37.0,314.3771225470781,0.003995154123543516,0.014709348274902919,3.6817974526240334,1.847845837312653
668.0,"0,1,0",16.0,35.0,314.33019911030743,0.003462968152568088,0.0423297588380926,12.223548405058663,0.8155668455151374
669.0,"2,0,2",14.0,37.0,314.3321062475717,0.0035514041580961405,0.04061334889952131,11.43585666163481,0.991625776883079
670.0,"0,0,0",14.0,35.0,314.3103979692465,0.003445345465106052,0.030738396778936878,8.921716875782357,1.0233804756055702
671.0,"0,1,1",16.0,33.0,314.25651136641835,0.0035555450381873524,0.04709439858269839,13.245338781225936,0.5405442597211759
672.0,"1,2,2",14.0,35.0,314.27924580174505,0.0037343137615189386,0.05062092524847949,13.55561650178247,0.7329005912037571
673.0,"1,0,0",14.0,35.0,314.31274330402397,0.003681005528567494,0.028932504833361496,7.859946041597204,0.953580635237637
674.0,"0,1,2",13.0,37.0,314.25712370379625,0.003714820635366566,0.040677280440543695,10.94999851494305,0.9153135140331958
675.0,"1,2,0",17.0,36.0,314.5365231132977,0.003731601922370794,0.04743605035772918,12.71198036246902,0.7946138381942041
676.0,"2,0,2",15.0,37.0,314.31801265483404,0.003491060936145631,0.07545586052722722,21.614019894632843,0.9609886606992588
677.0,"0,0,1",14.0,34.0,314.25623483802894,0.0035099653637018775,0.11592835471318905,33.028347205945686,1.049263380648068
678.0,"0,1,0",14.0,37.0,314.34961083392636,0.0034560094754084504,0.027195869809578457,7.869153717052323,1.0794222373328333
679.0,"1,2,0",14.0,35.0,314.474830190656,0.003540271404084308,0.03457175464331635,9.765283702100332,0.9189950735641854
680.0,"2,2,2",15.0,37.0,314.26530828827816,0.0037129046337278713,0.06619682439190028,17.828851242386104,1.0568057918439122
681.0,"2,2,0",15.0,34.0,314.53107157391423,0.0042052137396224945,0.0727834268150715,17.30790188600623,1.2360961764538898
682.0,"2,2,2",16.0,36.0,314.3279709342605,0.003902561987623064,0.033266411873197926,8.524249449131625,1.1418800996258014
683.0,"0,0,2",16.0,36.0,314.4354413970409,0.0036123959804525343,0.07150706903392484,19.79491435071494,0.901327106737614
684.0,"2,1,1",16.0,34.0,314.42576035536126,0.0037377012149373188,0.015650034011380886,4.187074651349128,1.3641540902937854
685.0,"1,2,2",14.0,34.0,314.4559085683127,0.003878715771146189,0.03832708232863918,9.881384610276108,0.861942078976087
686.0,"2,2,2",13.0,36.0,314.31589575598883,0.003490666611917306,0.04265525913089504,12.219803227632196,0.8218681243405864
687.0,"2,2,0",17.0,36.0,314.5130771937212,0.004192366107893382,0.03754482641063405,8.955521880578296,1.0418591667765127
688.0,"1,0,1",17.0,33.0,314.48781293727154,0.0036790979100055007,0.040225468363946304,10.933513961275947,0.6589371759458412
689.0,"2,1,2",13.0,36.0,314.4104717549834,0.0035353588609903044,0.03842066164920517,10.867542209970447,0.7365230903155914
690.0,"0,1,2",16.0,37.0,314.3327038178655,0.0037407715970342393,0.05697030330675643,15.229559418148828,0.7818147252712035
691.0,"1,1,2",13.0,37.0,314.42875989419446,0.0036036196835421558,0.031505231825439524,8.74266282019851,0.9575621066570092
692.0,"1,1,2",15.0,34.0,314.5293803600184,0.0036347513917849225,0.05009648136191729,13.78264314724324,0.5458771125125684
693.0,"1,2,1",16.0,36.0,314.3817916390087,0.003911784959696977,0.03384590385687417,8.652291525630288,0.9939051222037191
694.0,"0,1,2",16.0,36.0,314.51728444231935,0.00363919450252897,0.04514480023208845,12.405162791028665,0.8200725605602095
695.0,"2,2,0",17.0,37.0,314.4289491237631,0.003994561964395908,0.052564903065436264,13.159115701284552,1.0964323468501884
696.0,"0,1,0",15.0,35.0,314.2974676302533,0.0036218973649753627,0.027913414413403306,7.706848538374632,0.847657009185908
697.0,"0,2,2",17.0,36.0,314.31801265483404,0.003491060936145631,0.07378679277577614,21.13592232430116,0.9829834164811116
698.0,"2,0,2",16.0,35.0,314.4539862570239,0.003613165482477311,0.04182147219259865,11.574745855239492,0.8574081865457428
699.0,"2,0,2",17.0,35.0,314.2752591324262,0.0034885277265841196,0.04302365714006991,12.332898148468383,0.8404200059213208
700.0,"2,0,1",14.0,33.0,314.45893349141306,0.003648082559271045,0.04684636897792021,12.841367544949692,0.8513337376915033
701.0,"2,2,0",17.0,34.0,314.38068823936896,0.0035441045793931664,0.047652039119272745,13.445438206406395,0.8026809415485351
702.0,"1,1,1",16.0,33.0,314.3409758959977,0.003688904685338499,0.04458984141782819,12.087555852296727,0.4830716392579629
703.0,"0,0,0",13.0,34.0,314.37468915673185,0.00360432423807355,0.04152391756732726,11.520583284016949,0.8016900895306686
704.0,"2,2,0",16.0,34.0,314.37468915673185,0.00360432423807355,0.04062840021592404,11.272126904331788,0.8087895252888417
705.0,"2,0,2",15.0,36.0,314.4957454970755,0.003827869986137765,0.08953180588064724,23.38945842070849,1.2661359943914758
706.0,"1,1,0",17.0,34.0,314.41562711979526,0.003639168228580606,0.04267911337845462,11.727711031127807,0.7544418119015392
707.0,"0,0,1",13.0,36.0,314.31555162424416,0.00420372150007217,0.0659685938753625,15.692903032284594,1.076794858626986
708.0,"2,0,1",17.0,34.0,314.42127158093103,0.003478869365361249,0.09979230349921281,28.685268982168374,1.027239831012067
709.0,"2,0,0",16.0,36.0,314.25499040023936,0.003878078975269652,0.033072006003594424,8.527935148946998,1.1862568929482502
710.0,"1,2,1",17.0,35.0,314.35473372018333,0.0038137168760241963,0.03234931287767487,8.482358268660745,1.0251149702120013
711.0,"1,1,1",17.0,34.0,314.2784413820403,0.003744369806104004,0.019840562211821934,5.298772086955249,0.8332886956336938
712.0,"0,2,0",17.0,33.0,314.27534613233604,0.003464993969781028,0.041452774237627193,11.963303428273159,0.7652600755484034
713.0,"2,0,2",15.0,34.0,314.4091279304459,0.003468870417253051,0.04672576940655989,13.470024470836638,0.7248125998687509
714.0,"1,2,0",14.0,35.0,314.43135197566204,0.0038019242800443258,0.03773886915475029,9.92625480545086,0.9061837611978458
715.0,"2,0,0",15.0,34.0,314.45474049810906,0.003619145588443148,0.06653510178621616,18.38420150841117,0.9949780606903603
716.0,"0,0,2",15.0,35.0,314.44335430074534,0.004002658232761011,0.04234841238211257,10.58007202201245,0.9685050225062338
717.0,"1,1,0",17.0,35.0,314.50321803977266,0.0037123975916783796,0.05438075448486183,14.648418748778527,0.8544277336200591
718.0,"1,0,1",16.0,37.0,314.51109513882454,0.003736165324535533,0.04011825435713328,10.737815613692266,0.8548907951287653
719.0,"2,2,1",16.0,35.0,314.4598375443344,0.003896157060498276,0.05258679657271341,13.497093612029113,0.7481222600885156
720.0,"1,1,2",16.0,36.0,314.38133428293236,0.004368183302570493,0.045859327837569505,10.498489797940303,0.8400533846764486
721.0,"1,1,1",16.0,35.0,314.49088724871626,0.004385485775996603,0.026043368350245486,5.938536727855906,0.9005172869340519
722.0,"2,1,1",17.0,34.0,314.3409758959977,0.003688904685338499,0.048500752278754944,13.147737991583387,0.6203688764071524
723.0,"2,0,2",13.0,34.0,314.54757504022854,0.003884304561177766,0.04784253636296608,12.31688597262303,0.8626838085015297
724.0,"1,0,0",13.0,36.0,314.46205006090025,0.003512542657496246,0.05890497815625992,16.76989688098126,1.0544910840772583
725.0,"0,1,2",13.0,37.0,314.31510122583364,0.003782590825842545,0.037749984936833764,9.979928222457216,1.1577219058936656
726.0,"2,0,2",17.0,35.0,314.40393980714816,0.0035009416094568123,0.05778043511232069,16.504255585481072,0.6873325290611004
727.0,"0,1,2",16.0,36.0,314.51291721558493,0.004047370024857368,0.0371694051355792,9.183594508853705,0.9854250317794329
728.0,"1,2,2",13.0,33.0,314.52652133803815,0.003749856828869441,0.050765139769270475,13.537887467713228,0.6517833651844228
729.0,"0,0,0",17.0,37.0,314.34120580424997,0.003628504846670294,0.01550226874255544,4.272357182265068,1.6117153837887361
730.0,"1,1,1",13.0,36.0,314.4735032160945,0.0037988808905190857,0.03073289504817923,8.089986481250229,0.8430612101308687
731.0,"1,2,0",16.0,35.0,314.39257629360105,0.003716598629400937,0.026055374488397207,7.010542995490736,1.1690668572590937
732.0,"2,1,2",13.0,37.0,314.4654968524832,0.0036002310085173996,0.04664855184792965,12.957099624321009,0.7337763091281734
733.0,"1,2,1",17.0,33.0,314.4655976089112,0.0036933434041806212,0.05245002882893961,14.201232620170016,0.6580038388216921
734.0,"1,1,2",14.0,36.0,314.3772868270521,0.0037150825920291603,0.036755434731860166,9.893571359818552,0.8393005783031093
735.0,"2,2,0",14.0,36.0,314.46272030388127,0.003680389891551654,0.045267978080556916,12.299777853555595,0.8690959701322178
736.0,"2,0,1",15.0,35.0,314.47181420213093,0.0038033299393489747,0.040805545758502454,10.728899782354206,0.8143755131962581
737.0,"0,0,1",17.0,36.0,314.30966965309864,0.00374030164498159,0.049856621968649734,13.329572505346727,0.856427681749723
738.0,"0,0,0",16.0,37.0,314.30698815876895,0.0035941565343579622,0.028744411709138197,7.997540294742038,1.2139749863839107
739.0,"0,0,1",16.0,35.0,314.4076486490975,0.003582228707644201,0.03135825093684266,8.753838321357474,0.8283874450188863
740.0,"2,2,2",14.0,36.0,314.45724060203304,0.0035421158334877543,0.03730375957796603,10.531490592512549,0.8774432942051357
741.0,"0,1,2",15.0,34.0,314.507522532783,0.0038167804043275216,0.04051242067965709,10.614291729679683,0.7678559664973608
742.0,"2,2,1",14.0,33.0,314.3478938698846,0.0037242878309129064,0.027269693635830643,7.322123013555112,0.9147837813288529
743.0,"0,0,1",16.0,35.0,314.4372577138065,0.003699928804041463,0.10094643835201834,27.28334616648669,0.8808818322851478
744.0,"1,0,0",15.0,35.0,314.4843115703243,0.0038228842220261617,0.06659226998755712,17.419379222597183,1.0750921528691217
745.0,"2,1,2",17.0,37.0,314.48488053553945,0.004103654958454976,0.04531230625409038,11.041938640755127,0.7359715457727692
746.0,"2,0,1",13.0,36.0,314.2770683303624,0.004191512237759449,0.0378820007667006,9.03778842047476,0.9732858691875608
747.0,"2,0,0",14.0,35.0,314.4064602438187,0.0035359519402829915,0.08180400725761054,23.134931876665597,1.0539355577531733
748.0,"0,0,2",13.0,33.0,314.27741180560906,0.0037284381066438055,0.055094258434550396,14.776766264773562,0.7800156250736364
749.0,"0,2,2",17.0,35.0,314.43357154316715,0.0036029531400318194,0.0492479943339253,13.668785693252277,0.8287787452197329
750.0,"2,0,1",13.0,35.0,314.35651606739606,0.003859526054262359,0.07070535538969323,18.319698946353295,0.9538420770397923
751.0,"0,2,2",16.0,33.0,314.4404011316397,0.003665774334784877,0.05370461363507825,14.650278148731124,0.7504853850380483
752.0,"0,1,1",13.0,37.0,314.49471468651996,0.0036176653135377656,0.053601206654088365,14.81651894483047,0.8763605828392967
753.0,"2,1,0",15.0,35.0,314.3153928584227,0.003630641835765183,0.048266102040679854,13.294096257365315,0.7675658921078053
754.0,"0,2,1",17.0,35.0,314.2770683303624,0.004191512237759449,0.06107013266512828,14.569952132067018,1.0767563996867564
755.0,"2,1,0",14.0,36.0,314.4082898537512,0.003813806129856709,0.04172973164372739,10.941754830441589,0.9958645555403954
756.0,"2,1,0",15.0,37.0,314.507522532783,0.0038167804043275216,0.05768956734782107,15.114720061550251,0.8524180684115585
757.0,"0,2,2",16.0,37.0,314.25336560601716,0.0034789522351610447,0.040791887202725315,11.725336953594883,0.9342526183661539
758.0,"2,1,2",17.0,37.0,314.35380096173714,0.0035387995633284395,0.029163580843939944,8.241094281279373,0.9744036472198435
759.0,"0,2,0",16.0,34.0,314.534966633416,0.003557412661831974,0.033598106073795916,9.444534347750867,0.9855986514626757
760.0,"0,2,1",13.0,35.0,314.41209324812934,0.0038233862527579042,0.042873907061423,11.213595547794048,0.8790605502065176
761.0,"1,0,2",14.0,33.0,314.50213116357224,0.003626168136580763,0.04118078893136544,11.356558047028729,0.776726845896539
762.0,"0,0,2",13.0,36.0,314.3956097058624,0.003455496314892153,0.05555022568076436,16.075903609377196,0.796625134613839
763.0,"1,1,0",16.0,34.0,314.25614743569423,0.00374661140952426,0.028096286395719528,7.4991194241003925,0.7270948692281605
764.0,"1,2,2",15.0,33.0,314.29692741380984,0.003690096988887466,0.0374304208330657,10.14347886946751,0.7634555038543696
765.0,"0,0,2",15.0,33.0,314.33215701879,0.0038023207580750425,0.07376784560925885,19.400742415693635,0.8263183091446206
766.0,"1,2,0",15.0,33.0,314.45108722812074,0.0035797483688173796,0.054637820809903995,15.263033928821754,0.9067049258451286
767.0,"1,1,1",15.0,34.0,314.51078956188917,0.004096731896859896,0.04564519027965322,11.141854392434075,0.7126731290520011
768.0,"2,1,0",17.0,35.0,314.48455111354986,0.0034360934344678917,0.050971915174008856,14.83426342913236,0.6796621020740166
769.0,"2,2,2",13.0,33.0,314.508333764257,0.0037101140680308392,0.03905934880923159,10.52780267480092,0.8425844890669377
770.0,"2,0,2",13.0,35.0,314.25837231037184,0.00374862540214599,0.04603703718433696,12.281044981977116,0.8158597378264436
771.0,"2,2,0",13.0,34.0,314.52474750744665,0.003790056027261281,0.04499731776448098,11.872467699902668,0.8869414637104045
772.0,"2,1,0",15.0,33.0,314.5085480634494,0.0034139953322511714,0.08268752260498252,24.220162758822163,1.1257577004029997
773.0,"2,0,1",13.0,36.0,314.49203367708895,0.0038320005039018433,0.06637717932589643,17.321808611013868,0.9474829552235041
774.0,"1,1,2",15.0,34.0,314.4359182213764,0.0034345549575913385,0.05105492916362732,14.865078530999039,0.5910951723508181
775.0,"1,0,1",14.0,36.0,314.36685141208415,0.0035951098195532148,0.036993242164551264,10.289878201592359,0.7879050523257201
776.0,"2,0,1",17.0,36.0,314.51566533558116,0.003990462633228816,0.02707984668095923,6.786142151905837,1.2298627298232987
777.0,"0,0,1",14.0,34.0,314.5490785517885,0.004076996098228475,0.027021698515418798,6.627845076221729,0.9497830790639795
778.0,"2,1,1",13.0,37.0,314.5078806570776,0.003531632641666969,0.038298667245194006,10.844465189651384,0.7522986381352812
779.0,"0,1,2",15.0,37.0,314.4526332471906,0.003773067689481632,0.03716902107608949,9.851140805055635,1.0755161594084444
780.0,"1,1,0",17.0,33.0,314.54301084083306,0.0035827713050097824,0.06665875851611676,18.605362397233655,0.8075712667402202
781.0,"0,2,1",15.0,34.0,314.38932072478553,0.003626089265183524,0.024352310354656896,6.715860690049608,1.1097747107349443
782.0,"0,2,2",17.0,35.0,314.4310289933095,0.0035776083659873024,0.03253496422604529,9.094054155105015,0.9980097434530673
783.0,"1,2,1",13.0,34.0,314.2629105243467,0.0037289955053480994,0.048656107434090955,13.04804668289589,0.7484443785426464
784.0,"2,2,1",14.0,36.0,314.4590292244246,0.0036897041276309508,0.04674312648191935,12.668529742500443,0.7892359789392325
785.0,"2,1,2",14.0,35.0,314.53578912668956,0.0034642465876002265,0.059897422198568556,17.290172822270442,0.8826364921802824
786.0,"0,1,1",14.0,36.0,314.3305103087038,0.003780894710706897,0.025702970056441607,6.798118441027954,0.9111607089342172
787.0,"0,1,2",17.0,33.0,314.5261912943248,0.003718253888110312,0.04604815680141036,12.38434980157122,0.682444195182674
788.0,"0,2,1",13.0,34.0,314.33306786094346,0.003611488534482549,0.05015598206064252,13.887897353612622,0.8823689952402359
789.0,"2,0,1",13.0,34.0,314.5176166192922,0.004137614816591986,0.03422995535060217,8.2728714169668,0.8659997465941772
790.0,"0,1,0",17.0,36.0,314.4527422723232,0.0038275308787540704,0.04916531486146653,12.845177849347808,1.014258426017427
791.0,"0,2,2",16.0,34.0,314.4749054354351,0.0036018006959904446,0.05983899372026058,16.61363267181159,0.7854235592266916
792.0,"2,1,0",16.0,36.0,314.3270900840052,0.003748985294236796,0.05044676622593655,13.45611205877144,0.8050642617061287
793.0,"2,2,1",13.0,36.0,314.4830535052574,0.003972631182349409,0.04212368866240526,10.603473297386083,0.8191577248604658
794.0,"0,1,0",13.0,33.0,314.28976295004236,0.0034413386082414103,0.01413699932708333,4.107994282581686,0.9790699076853383
795.0,"1,0,0",17.0,37.0,314.313869883193,0.0034111243574513985,0.053885056118469346,15.796860645306186,0.8875246472465878
796.0,"0,1,1",13.0,37.0,314.4513549327119,0.0035064748002017958,0.03633051214752504,10.360979107973124,0.8601271078369319
797.0,"0,2,0",15.0,35.0,314.47934995185136,0.003642613411810262,0.035968932708965805,9.874485333070357,0.9974804343883237
798.0,"2,1,2",16.0,37.0,314.3503223277536,0.003577609712761909,0.02796167664464666,7.815742601799985,1.067748529918822
799.0,"1,0,2",14.0,34.0,314.2650841052153,0.0040978298814668855,0.048509147941532334,11.837765193943993,0.7931552564331183
800.0,"0,1,0",14.0,35.0,314.43888761296364,0.00371668874563791,0.02489566664524028,6.698345852732239,1.045504991218546
801.0,"2,0,0",16.0,33.0,314.3136004814429,0.0038134596873578832,0.06041014737030863,15.841296964689612,0.8298150407395489
802.0,"2,2,1",13.0,34.0,314.43746427215063,0.0034810042110899396,0.051597940180413984,14.82271696656699,0.6108595387993836
803.0,"2,1,0",15.0,37.0,314.34561129525304,0.003611182603892065,0.0467114266286942,12.93521589806882,0.8873495152989799
804.0,"2,1,1",13.0,36.0,314.47743242135897,0.004049313047134403,0.05254985689071104,12.977474519511217,0.7613515383616449
805.0,"1,0,2",13.0,33.0,314.428800754058,0.0036236165485443107,0.06473717177941861,17.865348309391347,0.9202996003815648
806.0,"1,2,2",17.0,35.0,314.49357819619047,0.0037407861100049993,0.07734191509502393,20.675310702252517,0.8623532861308817
807.0,"1,0,2",16.0,36.0,314.34800629074317,0.0034801490675787114,0.06173378221624818,17.7388327389088,0.8379013321953759
808.0,"0,0,0",17.0,34.0,314.36423911885674,0.0034838385670299165,0.17538565599551814,50.34264723265866,0.9284817370531508
809.0,"1,0,1",15.0,34.0,314.43888761296364,0.00371668874563791,0.11246869640567744,30.26045604105974,1.0329148706895384
810.0,"0,1,1",17.0,37.0,314.4354413970409,0.0036123959804525343,0.017769208048757874,4.918953554624396,1.4203216008887338
811.0,"2,1,2",15.0,34.0,314.2794581950081,0.004084917263167266,0.055735191090148066,13.644141973865448,0.831723620922712
812.0,"1,0,1",13.0,36.0,314.40493257298425,0.0037237778221812464,0.050092519678837225,13.452069932973323,0.8019209105959793
813.0,"0,1,1",14.0,36.0,314.3559569193847,0.0036522235851334205,0.015151585770388547,4.148592061029319,1.3470469230307973
814.0,"2,2,1",14.0,35.0,314.28728168260216,0.003621851102558375,0.03423024909998072,9.451037088686894,0.7778329255878129
815.0,"2,2,1",15.0,35.0,314.33215701879,0.0038023207580750425,0.03426543485367263,9.011716010781742,0.8395858596715101
816.0,"2,0,1",15.0,34.0,314.2645399128103,0.003709839986363536,0.03377116188989252,9.103131675227786,0.9070985104082047
817.0,"2,0,0",13.0,37.0,314.54410520010646,0.003446399753014989,0.03223005485597832,9.351803959416701,1.2556959647254136
818.0,"0,2,2",15.0,37.0,314.31510122583364,0.003782590825842545,0.04867078321261195,12.867049451950933,0.9245832815214058
819.0,"0,2,0",16.0,34.0,314.3784058909801,0.003578994165711245,0.05596144082923618,15.636080484673016,0.7639947629759739
820.0,"2,0,0",17.0,34.0,314.48907008548485,0.0039618344584666015,0.055191882998487984,13.930890746972198,0.8015392138463284
821.0,"1,1,2",16.0,36.0,314.52217693567786,0.003886780259793195,0.04301203330675187,11.066237459238415,0.7519611693277349
822.0,"0,0,0",14.0,34.0,314.3215898281769,0.0036011123452863183,0.05655266101167464,15.704220137896929,0.8924864306035372
823.0,"1,0,2",15.0,37.0,314.44603269821454,0.0037846639419294626,0.06564388541728472,17.344706537885834,0.8607215727760561
824.0,"2,1,2",14.0,34.0,314.3061758295971,0.0035236046899025015,0.039608275466430455,11.240839694627157,0.7468877840709651
825.0,"0,0,1",16.0,35.0,314.3744737072109,0.0035226741302621855,0.04321862332902055,12.268697509583118,0.8414603482830035
826.0,"0,1,0",17.0,33.0,314.2821550618788,0.003940707312292988,0.02411903417191165,6.12048352250689,0.9145153469777003
827.0,"0,0,1",14.0,35.0,314.5130771937212,0.004192366107893382,0.11374258754032804,27.130881371780397,1.0699694757326765
828.0,"0,2,2",15.0,33.0,314.3744737072109,0.0035226741302621855,0.07776061939706594,22.074315284814144,1.149368698648763
829.0,"1,0,1",13.0,33.0,314.2894518415418,0.0035889652773326715,0.02714401411498315,7.563186606017167,0.6804855204154052
830.0,"1,2,2",13.0,33.0,314.28791902016354,0.003640792386985679,0.04914476293920154,13.498370056714483,0.7982413562166236
831.0,"0,2,1",13.0,35.0,314.50143854707073,0.0036725679913602303,0.04884099724878479,13.298868084589298,0.8718792772105233
832.0,"2,0,1",14.0,36.0,314.50344114872127,0.0035200543276712065,0.04536953034716706,12.888872194533025,0.9810502916700786
833.0,"1,1,0",14.0,37.0,314.51023925182704,0.0037570876392035617,0.08242327436961668,21.93807605379389,1.047880411829425
834.0,"1,0,0",14.0,35.0,314.3109133616719,0.0035625074604803404,0.035913293816039464,10.080903468816091,0.9387342572339157
835.0,"2,1,2",17.0,36.0,314.5100144049124,0.004144678479809477,0.0454156899181604,10.957590592225642,0.9490043550204724
836.0,"0,2,1",14.0,33.0,314.40393980714816,0.0035009416094568123,0.04393336109334736,12.549012806918489,0.7204174518012457
837.0,"2,0,0",17.0,36.0,314.5044136811628,0.00362452930966691,0.034375610139320334,9.484158411310904,1.140006666553133
838.0,"2,0,0",15.0,36.0,314.47490255317433,0.003764455788640413,0.032533369272399006,8.642250327543067,1.2442937587211484
839.0,"1,0,0",16.0,36.0,314.3559569193847,0.0036522235851334205,0.02610055452113339,7.146483207484107,1.1108549134093249
840.0,"2,0,0",13.0,33.0,314.48285161229916,0.003754169887731334,0.05467512252428681,14.563838121169123,0.867684322026913
841.0,"0,0,2",16.0,34.0,314.28398707285805,0.003851950155722485,0.06445378605300187,16.732767415811146,0.8348262931722307
842.0,"2,1,0",13.0,36.0,314.49083300123147,0.0034543976018641593,0.06508913574873736,18.84239837174856,0.9675936398089098
843.0,"0,1,1",16.0,36.0,314.5253953396397,0.003912896615220384,0.021243742946384304,5.429160296173019,1.101101403361234
844.0,"2,1,2",13.0,35.0,314.4895948429854,0.003578968715581057,0.05520887022914263,15.425915847990108,0.7095212051972704
845.0,"1,1,0",14.0,35.0,314.3253505625731,0.0038508484482135973,0.04341425142586304,11.273944433207399,0.7580696427251062
846.0,"0,1,0",17.0,36.0,314.37398379735214,0.0035917425204056498,0.02470539644830154,6.878387386607914,1.1903116716890598
847.0,"0,1,0",13.0,33.0,314.50079824739294,0.003734100606987918,0.15670461298988944,41.96582510300759,1.2432544376588293
848.0,"1,0,0",15.0,33.0,314.4309838027876,0.0039015361065531046,0.04950967753206657,12.689790938730273,0.8112717837343064
849.0,"1,0,0",16.0,37.0,314.52608694464965,0.0036507585409950843,0.07789489256996354,21.336632290321724,0.9599910246594875
850.0,"2,1,2",17.0,35.0,314.30253032598654,0.0033969247002374925,0.03479558444293223,10.24326045275585,0.80564891176661
851.0,"0,1,0",16.0,33.0,314.54903997260624,0.003802643256035276,0.08143570449301898,21.415552027861203,0.9800192466059483
852.0,"2,0,0",14.0,34.0,314.4444634219674,0.003618483590738355,0.03491492274547326,9.649048246298344,0.9580793837095419
853.0,"1,1,0",14.0,37.0,314.46719448123974,0.003502590443885941,0.03635880525830927,10.380547152401602,0.9313231964659007
854.0,"0,2,2",15.0,37.0,314.3478822030358,0.003711462006278077,0.052586985496191896,14.168806095074943,1.0710381339660526
855.0,"0,0,2",15.0,35.0,314.31729630374343,0.0036459430979530498,0.03578116981291436,9.81396825227554,1.0149182680456674
856.0,"0,0,0",15.0,37.0,314.46115271017965,0.003758057295706329,0.03293470561363463,8.76375824585307,1.2176832265675435
857.0,"0,2,2",13.0,36.0,314.27534613233604,0.003464993969781028,0.06978298538817242,20.13942477151912,0.9112574543633243
858.0,"0,2,2",16.0,33.0,314.50344114872127,0.0035200543276712065,0.04692784191004593,13.33156751051976,0.6936779233872123
859.0,"0,0,2",14.0,37.0,314.3956097058624,0.003455496314892153,0.043463558715952276,12.578094361911882,1.0175531351808578
860.0,"1,0,1",16.0,35.0,314.29536106382216,0.0034942810052608813,0.04294072149165475,12.288857543799292,0.7722886119769574
861.0,"2,1,2",14.0,36.0,314.48907008548485,0.0039618344584666015,0.02474805627775361,6.2466154346419005,1.2784910486813355
862.0,"2,1,2",15.0,36.0,314.39848400333887,0.0034948010454847237,0.04978132857626284,14.244395583142058,0.5826314922544149
863.0,"0,1,2",14.0,34.0,314.45108722812074,0.0035797483688173796,0.05083158924194703,14.199766018397533,0.8586358881454003
864.0,"1,0,1",17.0,33.0,314.5253953396397,0.003912896615220384,0.04491161907450985,11.477844546112628,0.7570461459994633
865.0,"1,2,0",13.0,36.0,314.426849222174,0.003767506728291079,0.05877818922827588,15.601349504407482,0.8564697878522574
866.0,"1,0,0",14.0,33.0,314.38481448456224,0.00391178661494891,0.015571408684439878,3.980638571882646,1.0226645439356736
867.0,"1,0,2",14.0,34.0,314.4783620189718,0.0037111708290918834,0.04369918068888567,11.775038849283792,0.8097723494232624
868.0,"1,2,0",16.0,35.0,314.50079824739294,0.003734100606987918,0.03102244330109004,8.307875594737668,1.0357737311548365
869.0,"2,2,2",16.0,36.0,314.28598739313543,0.0037602855306891475,0.04741195948370058,12.60860620736197,0.7826672139437656
870.0,"0,0,2",16.0,37.0,314.2982959553837,0.0034288268703613818,0.05297277326539063,15.449241174375057,0.8835937503626244
871.0,"2,1,1",14.0,34.0,314.4830535052574,0.003972631182349409,0.02932648098546288,7.382130290816284,0.9200723255260941
872.0,"2,2,2",17.0,35.0,314.45108722812074,0.0035797483688173796,0.06091343594524393,17.01612227156836,0.5260792323818223
873.0,"1,2,2",16.0,34.0,314.3328439619795,0.0034865484214783803,0.04087296463033414,11.72304516941228,0.7129230952035663
874.0,"0,0,1",13.0,36.0,314.4488514118549,0.0035528794486358196,0.04775498559035313,13.441206289363226,1.1274577147183318
875.0,"0,1,2",15.0,33.0,314.34764332636826,0.003624423553591782,0.03808919728053399,10.509035910769265,0.7397742125630263
876.0,"2,0,2",15.0,35.0,314.33830708106296,0.0035338855748905744,0.04615143833151609,13.059686668815006,0.7296350624569656
877.0,"0,2,0",17.0,36.0,314.2959154795081,0.003617333917728154,0.047974524284727454,13.26239859959005,0.849842446176876
878.0,"0,1,2",16.0,33.0,314.3478822030358,0.003711462006278077,0.055206965145364786,14.874721889104654,0.6798299101175403
879.0,"2,0,0",14.0,33.0,314.3971645845373,0.0034659318580351466,0.06727601347084305,19.41065670834687,0.8249268844572306
880.0,"0,1,1",15.0,35.0,314.3964833041505,0.003712885128744526,0.03956283906064633,10.655551596346882,0.84097166847215
881.0,"1,0,1",17.0,35.0,314.2654144114574,0.0037382824810271815,0.05701049631889379,15.250451673525967,0.6725747185415802
882.0,"2,2,0",17.0,36.0,314.44990814686173,0.003866229077830084,0.07409579364824846,19.16487413359237,0.8810763471724155
883.0,"0,0,2",17.0,36.0,314.2688847412279,0.003706112985884801,0.02907040379897939,7.84390651599066,1.3073545035444947
884.0,"1,1,2",13.0,33.0,314.25492195959373,0.003684498670491266,0.06483698828133701,17.597234815311275,0.6625792821391585
885.0,"2,2,0",13.0,37.0,314.5076610484045,0.0036331637654800387,0.0380212741925375,10.465059283534352,1.0863596446248274
886.0,"2,2,2",16.0,36.0,314.288846998901,0.00346195309211227,0.033321075435739526,9.624935563586469,0.726375201014302
887.0,"0,1,1",17.0,35.0,314.3910118459039,0.0036948800756700768,0.036884304235823555,9.982544353387297,0.6875402115344822
888.0,"1,0,2",14.0,37.0,314.33391848561956,0.0035297564509040465,0.04133428568211134,11.71023730873124,0.8928948997040869
889.0,"1,0,1",14.0,35.0,314.42347119693216,0.0037959996047244138,0.04379272770221887,11.53654696057277,0.8407180911575789
890.0,"1,0,0",15.0,36.0,314.50062204110293,0.003612720309187498,0.059223479836993866,16.39304312774582,0.9645065527071022
891.0,"2,1,2",15.0,36.0,314.3496654742191,0.003450639798510658,0.05021709316263572,14.552980344198803,0.6326969380595704
892.0,"1,0,1",16.0,34.0,314.5339719591794,0.0034543864219643626,0.03787783351688983,10.965140806496779,0.6433034253784792
893.0,"0,1,1",13.0,33.0,314.4289491237631,0.003994561964395908,0.012088277065119795,3.026183389534148,0.9957363374740392
894.0,"1,1,0",14.0,35.0,314.4995590351522,0.0038996075582614074,0.04886686397698431,12.5312260905482,0.8468092132474021
895.0,"1,2,0",13.0,35.0,314.3739297152253,0.003914182922350011,0.04515722184359828,11.536819494497877,0.9854413460880663
896.0,"0,2,2",17.0,33.0,314.3593654677894,0.0037317204443837646,0.05590897742760941,14.982091574344045,0.689216913972749
897.0,"0,0,2",16.0,34.0,314.29670068182827,0.0034382338620621905,0.04033193643240276,11.730422667704282,0.9341290501295159
898.0,"0,0,1",15.0,37.0,314.474631700154,0.0036048581391800593,0.03642252589410357,10.103733486274729,0.947277781103397
899.0,"0,0,2",16.0,35.0,314.28664785191523,0.004091467861068216,0.034252268841377775,8.37163336104883,1.0409812367530424
900.0,"0,1,0",13.0,36.0,314.2752591324262,0.0034885277265841196,0.021103004829049685,6.049258163618847,1.1442490662194222
901.0,"1,2,0",16.0,34.0,314.33110282973337,0.003714997365469785,0.045364609433659296,12.211209045614668,0.7884568558040279
902.0,"2,1,2",16.0,37.0,314.25593154718894,0.0034481934562171743,0.056685824248489114,16.43928189303974,0.6528592161706921
903.0,"0,1,1",14.0,33.0,314.25927504450436,0.003647354858728745,0.0490461615106594,13.447049549698608,0.7784482150440744
904.0,"2,2,2",15.0,35.0,314.251945177344,0.0034944949331651414,0.04735155869179037,13.550329760787966,0.664437927870379
905.0,"1,2,0",14.0,33.0,314.4806925733285,0.0037165368459460024,0.02734727070975143,7.35826707586172,0.9803731623369556
906.0,"2,1,2",16.0,33.0,314.54903997260624,0.003802643256035276,0.05122773909701111,13.471613203711971,0.6739395145819583
907.0,"1,2,0",15.0,34.0,314.44205383579487,0.003728590324008075,0.05548050192151149,14.87975269481264,0.7402152696978731
908.0,"2,1,1",15.0,36.0,314.47974948892494,0.0034720491718877844,0.05344776797137053,15.39372437583034,0.65358230925341
909.0,"0,1,2",14.0,34.0,314.33215701879,0.0038023207580750425,0.05673402106973355,14.920892970233167,0.8441930799196146
910.0,"2,0,2",14.0,37.0,314.4945242306709,0.003671565586580473,0.057370435187226176,15.625605435706886,0.9655782849079787
911.0,"1,1,2",16.0,33.0,314.49131797428146,0.0037000210133228085,0.032918708695435284,8.896897768121754,0.8128578443785553
912.0,"1,1,2",14.0,33.0,314.35456242165424,0.0037645003227829033,0.043512421322179196,11.558618034600853,0.6027006483008834
913.0,"1,2,2",17.0,35.0,314.46979457861363,0.0036633942734031377,0.05259528428423608,14.3569816293285,0.7563911229952776
914.0,"1,0,0",14.0,36.0,314.3605239537533,0.0034803458218011056,0.05814494740660035,16.7066580115047,1.0234160998067534
915.0,"2,0,2",17.0,36.0,314.4924751529342,0.0038457436460178434,0.04251219725184889,11.054350254434937,0.991294134721011
916.0,"1,1,2",17.0,35.0,314.35750063441617,0.003778691001160682,0.029432011113401657,7.788943606227969,0.8752303802014946
917.0,"2,0,2",16.0,37.0,314.46719448123974,0.003502590443885941,0.05256066409226827,15.006226087328372,0.9785832232558339
918.0,"1,1,0",13.0,35.0,314.39376820666286,0.0037405000104069283,0.029699374206221665,7.939947633629515,0.8252646069724594
919.0,"2,0,1",13.0,37.0,314.39580160116566,0.00431740901575214,0.04607686721046337,10.672342379967043,1.0219512502711106
920.0,"2,0,0",16.0,33.0,314.4514407776949,0.0035363126679958732,0.05743240906266642,16.240761056689866,0.8101693332323529
921.0,"0,1,0",13.0,37.0,314.4793042620031,0.003639987511521809,0.11022781694822191,30.28247118961619,1.2017172705010954
922.0,"2,2,2",17.0,33.0,314.25399948078814,0.003708791082208827,0.04643918077785615,12.521379540795971,0.8423506892464302
923.0,"1,1,0",17.0,34.0,314.44162363819817,0.0037556384414281097,0.06363520157615112,16.943910487813984,0.8474297898477374
924.0,"1,1,1",16.0,37.0,314.3986869604306,0.0034951692138767846,0.038857914434209787,11.117606060368454,0.6413759441934056
925.0,"2,0,0",17.0,33.0,314.49686179850255,0.0037979454950300543,0.05466067391092807,14.39216912998261,0.8266255647953625
926.0,"1,2,0",16.0,35.0,314.3196876270892,0.00391415442536866,0.05108856759163072,13.05226162271788,0.8268164335650285
927.0,"2,1,1",16.0,36.0,314.3971645845373,0.0034659318580351466,0.04170701211289523,12.033419530798028,0.7089302183127327
928.0,"1,2,0",15.0,36.0,314.34039118643807,0.003653404981066663,0.03460518878036016,9.472037444438117,1.007514321299917
929.0,"1,1,2",13.0,33.0,314.38068823936896,0.0035441045793931664,0.049201658655998085,13.882676866274233,0.7178203004828444
930.0,"2,2,1",17.0,37.0,314.3296294089515,0.0035265235998079235,0.03582146366593929,10.157726909268478,0.875955324364918
931.0,"0,0,1",16.0,33.0,314.3463573576481,0.0037839882309891634,0.0494667543167798,13.072650150354407,0.7066188326137813
932.0,"1,0,0",13.0,34.0,314.508633398128,0.0037050718036725555,0.05837239339922926,15.754726626719934,0.8633979133454461
933.0,"2,2,0",16.0,36.0,314.33391848561956,0.0035297564509040465,0.04039900373645218,11.445266634785844,0.9090286610722883
934.0,"2,0,1",17.0,35.0,314.5316974195527,0.0036007923124403095,0.04454134756393083,12.369874099665722,0.7391915393225882
935.0,"0,0,0",17.0,37.0,314.53284673176785,0.004098905975973537,0.02290121222056089,5.587152365728904,1.3125755635374752
936.0,"1,2,1",16.0,35.0,314.4879547074976,0.004048307299056858,0.03242487194779641,8.00948879432905,0.890820933502881
937.0,"2,0,1",13.0,34.0,314.2974676302533,0.0036218973649753627,0.03287723589106554,9.077351613824424,0.8961220786178088
938.0,"2,2,2",15.0,34.0,314.32312366102843,0.004009518214548075,0.0444377694193473,11.083069596269691,1.0057584103608943
939.0,"0,1,0",14.0,37.0,314.35981669893846,0.003666966030169067,0.020126406122946545,5.488571739514753,1.3136970428504533
940.0,"1,1,0",16.0,33.0,314.39257629360105,0.003716598629400937,0.04404891157590029,11.851942049228047,0.6057572438420448
941.0,"0,2,0",15.0,36.0,314.5178414092444,0.0035899157236628752,0.09345487162264625,26.03260878984982,1.2389167298092054
942.0,"0,2,1",15.0,34.0,314.46272030388127,0.003680389891551654,0.05338046259893957,14.504023805052443,0.8747216607969703
943.0,"0,0,2",17.0,34.0,314.4117355167248,0.0035205653678068564,0.09849391413819708,27.976732100717697,1.161117366865582
944.0,"0,2,1",13.0,33.0,314.3815486357138,0.003660549599818971,0.022603660860042386,6.174936370527592,1.1628769601036977
945.0,"2,0,1",17.0,37.0,314.4359182213764,0.0034345549575913385,0.036149500685584375,10.525235767645455,1.059956157839074
946.0,"2,1,0",15.0,33.0,314.54338141100544,0.003726419828093035,0.02299430957924493,6.170617010432794,1.1023869026501263
947.0,"1,0,0",13.0,33.0,314.4838863486036,0.00350573527210622,0.06039691519626327,17.228030786242808,0.8009458690361516
948.0,"0,0,1",14.0,34.0,314.5449598763582,0.003676236465549268,0.08208978224660156,22.329842766068232,0.9790603945433637
949.0,"0,0,1",17.0,35.0,314.33097356957893,0.0036480452364611804,0.05138337183651862,14.085179460757875,0.8592248772099572
950.0,"2,1,2",15.0,35.0,314.3870717351756,0.0036091432533049443,0.04142492595154288,11.47777271340213,0.8994520572366695
951.0,"0,0,2",14.0,34.0,314.2894518415418,0.0035889652773326715,0.06257869964719982,17.436418246349955,0.6628787089648848
952.0,"2,1,2",15.0,35.0,314.47087028724866,0.003980087839919511,0.04321811987240493,10.858584435985446,0.79302443205865
953.0,"1,0,0",14.0,33.0,314.3440319349647,0.0035975067049702444,0.03300552704695677,9.174556089459676,0.7585562388995435
954.0,"0,0,2",17.0,36.0,314.5052057476679,0.0035881489072931228,0.04589422059143494,12.790500555356621,0.9026988419425532
955.0,"2,2,0",17.0,34.0,314.49686179850255,0.0037979454950300543,0.05047136476950074,13.28912298387298,0.7525521237281372
956.0,"2,1,2",17.0,35.0,314.3166261927692,0.003727673268121636,0.03281247651270164,8.802401431828212,0.8579455499508908
957.0,"0,0,2",16.0,35.0,314.32224763325956,0.0037096840147283153,0.043099532250113204,11.618114124814392,0.9220120062337963
958.0,"2,1,0",15.0,33.0,314.4508935173822,0.0037928398859946155,0.06416653348122454,16.917807081222946,0.6433284006095269
959.0,"2,0,1",17.0,36.0,314.27837102759594,0.003735976563852834,0.060749212146286244,16.26059776018425,0.7853327244039223
960.0,"1,0,0",15.0,36.0,314.2942886987242,0.0036246125180656942,0.05451978106213905,15.041547417938622,0.866310091704676
961.0,"2,2,0",14.0,34.0,314.4995590351522,0.0038996075582614074,0.06575543040995355,16.8620635352522,0.9668045216739389
962.0,"0,2,0",14.0,36.0,314.407063604193,0.0036424113227476475,0.05293348843046748,14.532540051115694,0.9796819356192429
963.0,"2,2,1",13.0,36.0,314.40393980714816,0.0035009416094568123,0.05934281782584945,16.950530584558013,0.9223148078686764
964.0,"0,2,1",14.0,36.0,314.45042241577,0.004256813970794428,0.02424864622027589,5.696430801684877,1.3281862822117145
965.0,"0,0,0",14.0,34.0,314.3008724528148,0.0038393777503229792,0.03747526054251638,9.760764108028667,1.0492125027921355
966.0,"1,1,1",16.0,34.0,314.4276458599812,0.0037548064467563865,0.04535200487387695,12.078386866799638,0.5470134195486841
967.0,"2,1,1",15.0,36.0,314.5034099385083,0.0036876039503395634,0.03854796102718177,10.453389666108851,0.889216539782723
968.0,"2,1,1",17.0,35.0,314.25927504450436,0.003647354858728745,0.03966279118288215,10.874398768181905,0.7087988544355471
969.0,"0,1,0",14.0,35.0,314.4456959376937,0.0038465155274514298,0.12006745039031354,31.2146017696869,1.1399043119107324
970.0,"2,1,1",14.0,36.0,314.47934995185136,0.003642613411810262,0.03127630499949704,8.586226827719749,0.8786625642292742
971.0,"1,0,1",13.0,33.0,314.3414914814568,0.003558135419010908,0.044774828811327085,12.583789973843551,0.5628586683073272
972.0,"2,0,1",14.0,34.0,314.3817916390087,0.003911784959696977,0.06415616995815308,16.40074048526504,1.011996499260099
973.0,"2,0,0",17.0,34.0,314.4909880329723,0.0036850716604071654,0.021439514557106607,5.817936944742547,1.4358856328403273
974.0,"1,1,2",15.0,33.0,314.2549262096851,0.0035859464533464953,0.052757411828502083,14.712269833049945,0.7571929578239432
975.0,"0,1,0",15.0,35.0,314.37398379735214,0.0035917425204056498,0.07444227636748688,20.72595013271703,0.8291597919021308
976.0,"1,2,2",15.0,35.0,314.53284673176785,0.004098905975973537,0.06847880794856884,16.706606189546548,0.8745574169493241
977.0,"2,2,1",15.0,36.0,314.29452734977457,0.00379825212457547,0.06399394609716984,16.848261778915592,0.8052634337275337
978.0,"1,1,2",13.0,34.0,314.4280716767939,0.003933103240644728,0.043947238623599234,11.173680408245588,0.8376765437615189
979.0,"0,0,2",14.0,34.0,314.29376481910896,0.004081317249768295,0.030687721598995424,7.519072819133978,1.0339001590435934
980.0,"0,2,1",13.0,37.0,314.3463573576481,0.0037839882309891634,0.04417721859672321,11.674776954888928,0.9753262748501691
981.0,"2,1,2",17.0,35.0,314.53284673176785,0.004098905975973537,0.021886521261210466,5.339600710409603,1.3414834537921347
982.0,"0,2,2",13.0,33.0,314.49083300123147,0.0034543976018641593,0.08373201572472345,24.239252505136534,1.0353674380544517
983.0,"0,0,1",15.0,34.0,314.4085646329201,0.003572722938440679,0.04138336251265236,11.583143508663506,0.715559691869154
984.0,"2,1,1",15.0,35.0,314.3569199938712,0.0036536256754495984,0.03650978857427439,9.992755639856748,0.7361817541894791
985.0,"0,1,0",17.0,35.0,314.434773671873,0.0034727794245605413,0.04868623153934958,14.019384932721582,0.7296049153927612
986.0,"2,1,1",13.0,36.0,314.49043849487043,0.003666381974630254,0.03528974442142367,9.625223085214017,0.8934211976983596
987.0,"2,0,1",17.0,34.0,314.2547570708028,0.0035296469685081834,0.025669263371191634,7.272473309714833,1.1067043880382335
988.0,"0,1,1",17.0,37.0,314.27837102759594,0.003735976563852834,0.06709331312781733,17.95870824698788,0.9420987351965419
989.0,"2,2,0",17.0,36.0,314.5093387109071,0.0034364670503816475,0.03420668690625979,9.954027320721979,1.0438864124608962
990.0,"2,0,1",16.0,34.0,314.4846093978762,0.003726879165132996,0.04526417067841939,12.14532821506278,0.6993193482140605
991.0,"1,1,2",14.0,37.0,314.2548279907934,0.0035636746077992707,0.06962680915044694,19.537925544062123,0.9711117999992672
992.0,"1,1,2",17.0,35.0,314.3063568750857,0.0036397712503340655,0.03708639137455093,10.189209382635534,0.7576698429067423
993.0,"2,0,2",14.0,34.0,314.25386187483747,0.004214250032734395,0.03560114992692101,8.447802017058153,0.9754611763653758
994.0,"0,0,0",16.0,34.0,314.4862578422255,0.003767175778192597,0.1040078616429429,27.608974936880553,0.8935213246653216
995.0,"1,0,0",13.0,36.0,314.51659246052253,0.0037264922757641095,0.03243660312287552,8.704325870694166,0.8613556702434814
996.0,"0,1,1",17.0,35.0,314.42137394269196,0.003577530697698787,0.05771505317326185,16.132650716424745,0.6168171436787114
997.0,"1,1,2",15.0,35.0,314.5364494630618,0.003848606059386777,0.053505125485894284,13.902468753691979,0.8188149879620914
998.0,"0,1,1",16.0,33.0,314.44162363819817,0.0037556384414281097,0.10696588922148917,28.481412918122807,0.8743053063751983
999.0,"1,0,2",16.0,33.0,314.49686179850255,0.0037979454950300543,0.05448815085749082,14.346743766805858,0.856731629074029
