evaluation,stage,C_pF,C_th_pJ_per_K,S_e_mW_per_K,T0_K,Tc_K,w_K,beta_per_K,gamma,objective_total,objective_waveform,objective_mean_voltage,objective_amplitude,objective_spectrum,objective_frequency,objective_classification,objective_false_positive,objective_sustain,objective_edge,objective_prior,best_total_so_far,global_evaluations,fit_mode
1,global,0.39,0.047873236,0.0036751265,314.4,333.49356636598696,6.882302959338694,0.2991563242902104,0.956269682,118.97118503786209,0.47423196167446013,0.8240745300364415,0.8469141134039752,0.698521655291401,1.8823529411764706,0.47058823529411764,0.0,0.6083444609720733,0.8166159524267549,0.1250000001315406,118.97118503786209,64,constrained
2,global,0.3076858980076477,0.052196612544115464,0.0035422406195347155,314.29720674039237,333.2980506323308,6.7437479323920595,0.2993692977397464,0.818187488446332,118.97495111058669,0.5066739929061427,0.7781197557175547,0.8385711269857785,0.6724085332828968,1.8823529411764706,0.47058823529411764,0.0,0.6081396373732825,0.8494252215762922,0.6449732660170853,118.97118503786209,64,constrained
3,global,0.2666229775333307,0.027557508139810054,0.0039022646303297575,314.46603427811436,333.58595434396,6.882737752573675,0.2913861050629248,0.9925371274900171,118.9800165352902,0.43423320890056755,0.9538911719226169,0.8600752164686126,0.770650033775114,1.8823529411764706,0.47058823529411764,0.0,0.609682437230144,0.551151862261748,0.6532762464962226,118.97118503786209,64,constrained
4,global,0.20254957315156644,0.07685396936332672,0.003775849282374881,314.4433901612584,333.75801717970484,6.7636093022794075,0.30750992273769906,1.8554708628835697,119.03273637070883,0.48376053120046275,0.8283663929773053,6.14913353366403,0.6055915468498128,1.8823529411764706,0.47058823529411764,0.0,0.600355660561282,1.130674818872398,1.5003046959139343,118.97118503786209,64,constrained
5,global,0.041859540761202296,0.08832354867398742,0.00404956228947885,314.50822789693046,333.2064995140657,7.1085652075224335,0.3125515448935083,1.0636200343977453,118.98738347275223,0.4343430917476989,1.035456826903897,0.6418423215633493,0.6011806535801955,1.8823529411764706,0.47058823529411764,0.0,0.5957949427101906,1.2277233134600782,2.310001987721609,118.97118503786209,64,constrained
6,global,0.0053290719330850445,0.03229832202351401,0.003710385773236457,314.4489032646034,333.6588832225642,6.670594948327889,0.3081750299253884,1.524295188929574,119.02250077132423,0.5579522442562472,0.8816164250324952,6.1176916905883365,0.6263236196657371,1.8823529411764706,0.47058823529411764,0.0,0.5978526531893397,0.5847706929923319,0.8206972407057009,118.97118503786209,64,constrained
7,global,0.38831291618247143,0.09062021444069568,0.0036013625337531097,314.37135022108635,333.514986213412,6.634585815180483,0.2992349466845296,1.101191129291364,118.97182998441616,0.4960392125146297,0.8013083934116336,0.6400949177666683,0.5902774264512495,1.8823529411764706,0.47058823529411764,0.0,0.5945051549000416,1.2732860989422097,1.1747479240323404,118.97118503786209,64,constrained
8,global,0.3598962913921428,0.06453081714122322,0.0036481521493430904,314.25273448243826,333.4110488216206,7.028462315123698,0.31403482953329753,1.2260310865332578,118.97938279503097,0.4937785551475418,0.8660246423460114,0.7904424988404415,0.6446011107424412,1.8823529411764706,0.47058823529411764,0.0,0.6045017869427372,1.017903706229317,1.138702590426588,118.97118503786209,64,constrained
9,global,0.3718447658428892,0.08666146253494698,0.0036897920325958994,314.3452754686596,333.6043567382658,6.922919059170893,0.30621273666802756,0.8489200906171618,118.97087927215237,0.47656525005389777,0.8583870350453993,0.6597029997911064,0.5976977766975473,1.8823529411764706,0.47058823529411764,0.0,0.5962880468982742,1.248818078994478,0.8830809260875337,118.97087927215237,64,constrained
10,global,0.23977524498050828,0.053183046000302915,0.003860235050918057,314.2635127072316,333.3272140103064,7.245263031437163,0.2907117138859061,0.6533043236409737,118.98531056216866,0.4449539513828397,0.9288189141333884,0.8269914456035242,0.6715866937912287,1.8823529411764706,0.47058823529411764,0.0,0.6079724861545497,0.8774295787549503,1.4990022730274841,118.97087927215237,64,constrained
11,global,0.11602048033948917,0.036722812106805496,0.0038029336349215946,314.4987684125507,333.35730531825857,7.144098831322621,0.2947067324120936,1.9542397280478871,118.97761064352746,0.5328012250573421,1.0513757560988406,1.9972589941016021,0.628897241125773,1.8823529411764706,0.47058823529411764,0.0,0.568851245759749,0.6463066319079197,1.538566859042725,118.97087927215237,64,constrained
12,global,0.015548409880998981,0.033001935620774206,0.004010899183157032,314.36209383886603,333.3473589862552,7.174693670506097,0.2943015464983302,1.4232545340267222,148.55647676128262,0.5921957085801992,1.4173308191261722,3.6737078704266763,0.6660972490826209,2.1176470588235294,0.5294117647058824,0.058823529411764705,0.618695958812748,0.6130712449190785,1.3118538891002016,118.97087927215237,64,constrained
13,global,0.05798971231184502,0.04608354811701157,0.003994377049105001,314.33930900369546,333.4577961319466,6.854630811415054,0.31709148489104183,1.2790121621031454,118.98669525991512,0.44623935324924957,1.051405949523782,1.2141480687360164,0.6867575320888415,1.8823529411764706,0.47058823529411764,0.0,0.6076617842765526,0.7848234958807163,1.0348575353134286,118.97087927215237,64,constrained
14,global,0.028569007004625058,0.08194350772265399,0.004043877391526437,314.5374279980723,333.16346720712284,6.813185259521248,0.28769159818431733,0.4548121110714829,118.98763415496596,0.4319757155971608,0.971707928776957,0.6947929367397958,0.6082195678344067,1.8823529411764706,0.47058823529411764,0.0,0.5994998363382753,1.148009143440625,2.2736270598173984,118.97087927215237,64,constrained
15,global,0.1433154689661177,0.03759271281748299,0.0037248326101915106,314.4651570494046,333.39343904336283,7.002077499245199,0.31148883416793965,0.34638965897782725,118.97617917597564,0.47404541764714075,0.850234456173546,0.8415941107792683,0.6903380189825782,1.8823529411764706,0.47058823529411764,0.0,0.6089164009012293,0.6608860148150985,0.7458381725904257,118.97087927215237,64,constrained
16,global,0.22601003830367206,0.05838893337701429,0.00356557108575792,314.41953652115404,333.5459420240413,7.265648195067755,0.2827426361871409,1.6209079914787194,148.5655292285622,0.5176487303353762,0.6473499873429783,6.626124996856106,0.6281784639014418,2.1176470588235294,0.5294117647058824,0.058823529411764705,0.6049330401836106,0.9152228071365732,1.5293274058313155,118.97087927215237,64,constrained
17,global,0.12782628181860128,0.08127555940061983,0.003946827944887067,314.51252292960066,333.6363390166777,6.704262390125971,0.30404011315326795,0.5724939071017929,118.97934380738981,0.44052683375781637,0.9767543615725844,0.6918844938291863,0.6085826612224162,1.8823529411764706,0.47058823529411764,0.0,0.5990838215802036,1.1672180114393318,1.4200820461654358,118.97087927215237,64,constrained
18,global,0.3425730374823903,0.05692811047084207,0.0035155456120900463,314.43020343041957,333.83209737189134,6.715131792236709,0.3028591646691111,0.3098563282648088,118.97925639811373,0.5021616288239392,0.788740166241034,0.8192269537559408,0.6474954853812358,1.8823529411764706,0.47058823529411764,0.0,0.607213158380817,0.9178083437905636,1.1851361659860205,118.97087927215237,64,constrained
19,global,0.2681858771605102,0.0686350638878248,0.003458786912309749,314.5289676482374,333.66486356648295,7.193613891247233,0.2835303087630318,1.929703554038361,119.06176328539857,0.5389881397752444,0.6900630064565363,8.184138843079491,0.616086801030355,1.8823529411764706,0.47058823529411764,0.0,0.6039327563746941,1.0271604812590924,2.4063256874035313,118.97087927215237,64,constrained
20,global,0.1587770822555953,0.04307629150869339,0.003788545273660608,314.3209326797043,333.1950819532663,6.968345559157337,0.29757287705848545,1.670281821214465,118.98194562713756,0.4789779714261316,0.9092460660951214,1.527334402096006,0.6263974485456411,1.8823529411764706,0.47058823529411764,0.0,0.6039799191098782,0.7309663352764646,1.0053012913548578,118.97087927215237,64,constrained
21,global,0.15209651631981216,0.06632339686106674,0.003896143687634845,314.3956813538813,333.1424851842075,7.154818798145298,0.31488093265804995,0.6388544838756464,118.98415634358906,0.4561127455274264,0.9374589345778629,0.7806828707220629,0.6358289966331009,1.8823529411764706,0.47058823529411764,0.0,0.6048916796653127,1.012048509951465,1.5885012398273308,118.97087927215237,64,constrained
22,global,0.09272403923250037,0.02296638977065467,0.003494970153230142,314.404289702705,333.2697989990485,6.900866486421031,0.2892997969002894,0.734399073395448,118.97586835987259,0.5155750997923904,0.7611793410662813,0.8586989032652725,0.7281292511932174,1.8823529411764706,0.47058823529411764,0.0,0.6097944892057798,0.4714461603009268,0.7492819139569763,118.97087927215237,64,constrained
23,global,0.17395785623002152,0.04880115898519043,0.004067055034835534,314.37450223507403,333.56998086681335,7.063440795461021,0.31584840114615614,1.7775497737899935,118.99922714507281,0.4623395692496635,1.2289259510148076,2.1037572999145224,0.6291096204521274,1.8823529411764706,0.47058823529411764,0.0,0.596826618941361,0.8400163841264876,1.7860013216182336,118.97087927215237,64,constrained
24,global,0.2825853797916725,0.07053468230627363,0.0038714580103186907,314.33080363327684,333.8083378340928,6.935259524343035,0.28700575734805733,1.3444394970302598,118.97890165264926,0.427946613781821,0.9426655469034081,0.751096036725179,0.6200594421313016,1.8823529411764706,0.47058823529411764,0.0,0.6029436659639866,1.0856223094905617,1.2412126767197478,118.97087927215237,64,constrained
25,global,0.2558227478503511,0.04686117445631149,0.0038339733212088313,314.3077988672793,333.46760383277365,6.66213324221811,0.3098387258832279,1.7687025804230352,119.01065489641312,0.48255237873987733,0.9618414046784802,4.079003745740766,0.6294046347428168,1.8823529411764706,0.47058823529411764,0.0,0.6017854919262035,0.7995860140513379,1.2382851328945643,118.97087927215237,64,constrained
26,global,0.21309309851173908,0.07494126413523959,0.0034455845084464887,314.4172044855964,333.5020963482351,7.208534065232129,0.30513065311497034,0.20748592129649923,118.97964246668263,0.5207811563201273,0.7788208857540555,0.7356789559086485,0.61615073559958,1.8823529411764706,0.47058823529411764,0.0,0.6016729672594032,1.0943755842275986,1.5470565912463554,118.97087927215237,64,constrained
27,global,0.2955437767059838,0.07886909139380856,0.003637304738522264,314.2838256812637,333.7112209190956,6.770605719723817,0.29628584579431744,1.5508804854053981,118.97551061665125,0.4731261584848467,0.8144681773706218,0.7054512661651617,0.6033709677146435,1.8823529411764706,0.47058823529411764,0.0,0.6000961139886896,1.1598099729426803,1.2654218045337697,118.97087927215237,64,constrained
28,global,0.32985626147830305,0.05961514350057755,0.0037461077399364878,314.54744577380234,333.25385818531646,6.986865014165564,0.2852407096994991,0.8923810876642619,118.97867131785557,0.4663612165003949,0.809989220515228,0.8161336586417948,0.650428140339113,1.8823529411764706,0.47058823529411764,0.0,0.6067807967867108,0.9343897521367583,1.1491975479523253,118.97087927215237,64,constrained
29,global,0.10918535957650048,0.025657513720075333,0.0039281902988647826,314.48490535516777,333.70332511210626,6.799600202039294,0.2927248321187005,1.4592585712036832,119.01249898517669,0.682339478780321,1.938719543072723,3.3324118146624615,0.6654803335339646,1.8823529411764706,0.47058823529411764,0.0,0.5781624723919574,0.5198581989964897,1.0964557612726402,118.97087927215237,64,constrained
30,global,0.18872154755651496,0.030118359881298438,0.003673594510076308,314.2750169651908,333.2463117841304,7.103065755550549,0.31921579447077286,0.986085975354698,118.98631674771367,0.48084462963172203,0.8579267557484512,0.8637193704663942,0.7511464871796655,1.8823529411764706,0.47058823529411764,0.0,0.6096869878990476,0.573503011062904,1.4532983764623442,118.97087927215237,64,constrained
31,global,0.06588925411475888,0.040566532279481565,0.0035901414653632625,314.29553309644876,333.43683873774376,7.041189122809732,0.3189520232297687,0.510558251280787,118.97957133993636,0.4946983684874509,0.8257781073523226,0.8424728740771499,0.6898063201406671,1.8823529411764706,0.47058823529411764,0.0,0.6088593244580672,0.6940745843579519,1.0641063481505655,118.97087927215237,64,constrained
32,global,0.07723907770374376,0.06372033483863782,0.0039698105600068576,314.3905119297112,333.7483721431615,6.839663951648843,0.28120984015700407,1.2051049413446413,118.98097146923283,0.4180435159127324,0.9938997521908229,0.7811745225222952,0.6436186903613358,1.8823529411764706,0.47058823529411764,0.0,0.6051274266911132,0.9860017224292119,1.2080899439983277,118.97087927215237,64,constrained
33,global,0.050363749878036324,0.02916411746089279,0.0036897920325958994,314.3452754686596,333.614272381157,6.922919059170893,0.30621273666802756,0.5972566382350809,118.97353524392317,0.47212874935542404,0.856646536866887,0.8492076092197565,0.7141423149512505,1.8823529411764706,0.47058823529411764,0.0,0.6094288591036278,0.552330097815286,0.42875217113484343,118.97087927215237,64,constrained
34,global,0.3076858980076477,0.07969554866816726,0.0037110981070540686,314.29720674039237,333.2980506323308,6.7437479323920595,0.2993692977397464,1.1154901289870516,118.97347025832454,0.4783476693046662,0.8310802953600385,0.7172178022464476,0.6104959216005986,1.8823529411764706,0.47058823529411764,0.0,0.6003427885088021,1.1602886448681167,0.9575150108027174,118.97087927215237,64,constrained
35,global,0.3416929485387661,0.03312291338991101,0.0039022646303297575,314.4068886868647,333.5668336216715,7.046040176672589,0.3199960723650984,1.0440780213383412,118.98347861959236,0.4406500814027889,1.003927629799593,0.8545746671665047,0.7133737300989944,1.8823529411764706,0.47058823529411764,0.0,0.6092255120730846,0.6443884385807697,1.108069765170952,118.97087927215237,64,constrained
36,global,0.3097456813303842,0.07685396936332672,0.003658324953158284,314.48210918658816,333.75801717970484,6.8170476168441905,0.31305548446888565,1.2320852186009146,118.97599188760618,0.47876843900243543,0.83808203013752,0.7232294685201266,0.6221679150103638,1.8823529411764706,0.47058823529411764,0.0,0.6006089472517355,1.1378257699652436,1.1396162344500174,118.97087927215237,64,constrained
37,global,0.36416319563070865,0.08832354867398742,0.003828595065842211,314.3731233914544,333.66192639030487,7.1085652075224335,0.3007116201760281,0.7265445408202401,118.97519288378696,0.45063661514660136,0.9407414947905486,0.6421789780886749,0.5954512552579615,1.8823529411764706,0.47058823529411764,0.0,0.5952985364073817,1.2733951931118683,1.255245479198547,118.97087927215237,64,constrained
38,global,0.16063689092105526,0.05485278849376311,0.003880140201353136,314.35524518115176,333.45201179239814,7.07216779475175,0.3081750299253884,1.1893781257813563,118.97651572217477,0.44000303288538634,0.9420353608539209,0.8182166028549326,0.6811518145473376,1.8823529411764706,0.47058823529411764,0.0,0.607112989447038,0.8912403934856996,0.5931004768045025,118.97087927215237,64,constrained
39,global,0.3677880812409763,0.08481401927050483,0.003690700176422718,314.4193637963723,333.75092605879,6.792053726788164,0.29432174200024136,1.101191129291364,118.97200967270116,0.4702288531003752,0.8416623019315382,0.6733823840077466,0.6014959161402588,1.8823529411764706,0.47058823529411764,0.0,0.597223318654637,1.2248377746904673,0.986789876157586,118.97087927215237,64,constrained
40,global,0.09870601159665726,0.06453081714122322,0.003638460884206376,314.3505192653374,333.4110488216206,7.243617247268299,0.29831183384299187,1.2260310865332578,118.97474448605873,0.4768233058711045,0.8109081549408615,0.7802694241741224,0.6397906315400681,1.8823529411764706,0.47058823529411764,0.0,0.6049487427039605,0.9775798159106738,0.8712167395018025,118.97087927215237,64,constrained
41,global,0.3466861102873644,0.07890685171827973,0.003699586140124399,314.3587820244699,333.5388910256262,7.11264818544143,0.2991563242902104,0.9344251044571631,118.97161183874054,0.47080285069502,0.8525443524026128,0.7142663147904569,0.6075980983915725,1.8823529411764706,0.47058823529411764,0.0,0.600124682732189,1.1668790615070364,0.7655900512295133,118.97087927215237,64,constrained
42,global,0.08048681029146039,0.053280306255736286,0.0036264917546899277,314.2635127072316,333.6748518916437,7.245263031437163,0.30667965879087383,1.0319701091261642,118.98114672169093,0.47557229806356044,0.8484575109184025,0.8250162929822737,0.670296944681015,1.8823529411764706,0.47058823529411764,0.0,0.6071720448770175,0.8603000790401194,1.2476798000863978,118.97087927215237,64,constrained
43,global,0.35161287810558717,0.07958643076447866,0.0038103398421791435,314.4987684125507,333.78805319474645,6.802893134271033,0.29508967876542963,1.9542397280478871,119.06650210215146,0.49528585455789165,0.8472329271820132,8.990465978613129,0.6109966413252638,1.8823529411764706,0.47058823529411764,0.0,0.5995206711498832,1.1743503273808553,1.9458101697874228,118.97087927215237,64,constrained
44,global,0.32802978529375026,0.09136490994065341,0.004010899183157032,314.36209383886603,333.36519273802236,6.857220825071176,0.28843276453859557,0.26677146369557825,118.9827985102602,0.4302720603562205,1.0082037002146198,0.6336812787868922,0.5940831311551401,1.8823529411764706,0.47058823529411764,0.0,0.5949100757569522,1.29146853062443,1.938300840078781,118.97087927215237,64,constrained
45,global,0.2995552777431375,0.04608354811701157,0.0036949387232295995,314.3597641023492,333.3931312660252,7.004076512421247,0.31876160785316365,0.7570017138054455,118.97772212317496,0.47920078166433683,0.8573018772478688,0.8439018093040561,0.6945883644867445,1.8823529411764706,0.47058823529411764,0.0,0.6087745481986979,0.7901013694458198,0.7300051767893083,118.97087927215237,64,constrained
46,global,0.028569007004625058,0.07859566260675416,0.0034788117628559365,314.40419838372986,333.6184410851966,6.792430184582142,0.28769159818431733,0.2356325594692984,118.97395303587626,0.5128605063932666,0.7632991999324644,0.7010019074286247,0.6054369671659297,1.8823529411764706,0.47058823529411764,0.0,0.5996363406544516,1.1030420010211288,1.206408986209297,118.97087927215237,64,constrained
47,global,0.09080934683020847,0.07468317460603324,0.003741221837905907,314.3543677182895,333.56138023181484,7.002077499245199,0.30327905595812904,1.6700934629528306,118.98336894070546,0.460537259365418,0.8380229292470414,1.8654732629872925,0.6162827145026424,1.8823529411764706,0.47058823529411764,0.0,0.6004662468506657,1.094289467552118,0.8517556359706968,118.97087927215237,64,constrained
48,global,0.15172103393477943,0.09042772300990934,0.003681262798000344,314.29871971785536,333.508192824127,6.8187347909249425,0.3079117501714038,0.680593513412555,118.97137058535792,0.4825953004466881,0.8530421083992742,0.6203054715517822,0.5957351247465044,1.8823529411764706,0.47058823529411764,0.0,0.5936067030473879,1.2547156728964897,1.1082223857861222,118.97087927215237,64,constrained
49,global,0.12296259162631563,0.07618712671965869,0.0038056892783833204,314.31995136882335,333.63788181794155,6.669310648042789,0.31304572929210045,1.1706087385284987,118.97647106821654,0.46059468514845514,0.9146532862020911,0.7187605576692802,0.6166704584957046,1.8823529411764706,0.47058823529411764,0.0,0.6009266659313532,1.1195514401677173,1.1050838803052476,118.97087927215237,64,constrained
50,global,0.3425730374823903,0.059589662755392216,0.0035155456120900463,314.2713679939272,333.3701675686362,6.749382181154556,0.309632814669014,0.3098563282648088,118.97999444036786,0.5129445751674959,0.7876041472387785,0.8158590015817635,0.6475340372507871,1.8823529411764706,0.47058823529411764,0.0,0.6070407274423534,0.9459195639985054,1.223332056257765,118.97087927215237,64,constrained
51,global,0.38889239875969206,0.06571501925393834,0.003616033623154006,314.3326896203707,333.5274787788761,7.193613891247233,0.3031693801985289,0.558445398287857,118.97639106714898,0.4830472737023587,0.8235046131164031,0.7859334759117135,0.6330866626711891,1.8823529411764706,0.47058823529411764,0.0,0.6051198984112761,1.0320586046054587,0.9630532150597794,118.97087927215237,64,constrained
52,global,0.1587770822555953,0.04307629150869339,0.003788545273660608,314.4012812267819,333.6562293533328,6.968345559157337,0.30941789815839577,1.5720258650695893,119.01861268291998,0.514079714096364,1.0310181929478273,5.075935949180915,0.6410901466055344,1.8823529411764706,0.47058823529411764,0.0,0.6053730305835386,0.7441953244331472,0.6533095303271386,118.97087927215237,64,constrained
53,global,0.234017856205541,0.07887601373216362,0.0038744366745923553,314.29097779861627,333.5986392852585,6.936325730142072,0.28733505030362216,0.832926530961702,118.97605453515357,0.4407614243076877,0.9452943984664266,0.7094724466045073,0.6084203941560761,1.8823529411764706,0.47058823529411764,0.0,0.6001076224896137,1.1623301349638215,1.0905267812150385,118.97087927215237,64,constrained
54,global,0.2144851780042667,0.02296638977065467,0.0035770829470794536,314.404289702705,333.4556397579747,7.002976162874851,0.3047901743454388,1.1450092593859207,118.96903328262407,0.48419457642581837,0.7973030057672633,0.805037123757352,0.6714449825365636,1.8823529411764706,0.47058823529411764,0.0,0.6081765579405656,0.484236688965755,0.4614770638217758,118.96903328262407,64,constrained
55,global,0.1445378586281253,0.04556710259231218,0.004067055034835534,314.5274652930905,333.56998086681335,7.063440795461021,0.3091600122252742,1.8097092303946398,119.0004235148285,0.4518276729112072,1.198190203366087,2.7138080654111074,0.6323833635228229,1.8823529411764706,0.47058823529411764,0.0,0.5864406097962835,0.788360943499911,1.9326700021910708,118.96903328262407,64,constrained
56,global,0.3698786968959321,0.05307901151310228,0.0038714580103186907,314.44374605055685,333.41316893531655,6.893922133642781,0.28669875223434144,1.000495602486775,118.97558765277735,0.4437526664748757,0.8999537549896316,0.8373858173487678,0.6793693772769207,1.8823529411764706,0.47058823529411764,0.0,0.6074840953745662,0.8804541178323857,0.5589314327483553,118.96903328262407,64,constrained
57,global,0.06891034794039405,0.04686117445631149,0.0038339733212088313,314.4828146825833,333.46760383277365,6.889435865175954,0.30972183913512086,1.0193053578017004,118.97434424319356,0.4561490553170261,0.906023621743201,0.8429092550713142,0.6905758335528214,1.8823529411764706,0.47058823529411764,0.0,0.608117478939902,0.7749320747252024,0.40995510891519926,118.96903328262407,64,constrained
58,global,0.21309309851173908,0.03821453204379439,0.0034954941439156706,314.28423753294175,333.50833707530023,7.217876462788085,0.31385599533640207,1.1683846212548845,118.98170825486069,0.5057053584919028,0.8147247544111034,0.8272642429637715,0.6902208633509065,1.8823529411764706,0.47058823529411764,0.0,0.6082057533991727,0.6777811010766827,1.339998517745515,118.96903328262407,64,constrained
59,global,0.19743754508746394,0.07886909139380856,0.0036508413565213473,314.41687555099395,333.5325177173644,6.914399462181533,0.3078335308149375,1.5508804854053981,118.97083333421243,0.47719742610505766,0.8111763659086955,0.7129199449361256,0.6137583462467231,1.8823529411764706,0.47058823529411764,0.0,0.5994136529169158,1.1401235641358942,0.7905385393000894,118.96903328262407,64,constrained
60,global,0.32985626147830305,0.024116387526370096,0.003715250774491926,314.3400834836875,333.5163275405987,7.1061240366503595,0.2852407096994991,0.8923810876642619,118.97897015875945,0.45820225327812336,0.8498596302739594,0.8631603091684915,0.7431069749988223,1.8823529411764706,0.47058823529411764,0.0,0.6100183761253161,0.5057469232174734,0.8720017834307452,118.96903328262407,64,constrained
61,global,0.3316866695233054,0.025657513720075333,0.0036175651525067907,314.3943424958114,333.70332511210626,6.799600202039294,0.2939209881645546,1.129141398418649,118.97026888995163,0.4622320546746451,0.7927392693162674,0.8200580331765045,0.6774094294738988,1.8823529411764706,0.47058823529411764,0.0,0.6081053075989663,0.5239718107999636,0.5570745641219937,118.96903328262407,64,constrained
62,global,0.18872154755651496,0.022410837470624563,0.003957310973798484,314.3667223428381,333.2463117841304,7.103065755550549,0.31633706527569133,1.3903176220846085,119.04922730152269,0.8193503838396696,1.8255765736176761,6.2981383429029165,0.6398954933034836,1.8823529411764706,0.47058823529411764,0.0,0.5835044045794692,0.4912416282637518,1.645269158933133,118.96903328262407,64,constrained
63,global,0.20931844731636548,0.08679260219078921,0.003590570722437525,314.3201977664683,333.2859805797741,7.041189122809732,0.3115374331324643,0.510558251280787,118.97544361031105,0.5010948362619899,0.8136812213668231,0.657422639441698,0.5990906051070427,1.8823529411764706,0.47058823529411764,0.0,0.5960245124484594,1.218052552398884,1.4191256642840118,118.96903328262407,64,constrained
64,global,0.1451582939273133,0.06372033483863782,0.003562648817816125,314.3905119297112,333.54001361691337,7.199107810538991,0.304106173922599,0.8374058948975427,118.97330879692605,0.49372152650413337,0.803804490016071,0.7874608938697374,0.6399296943349683,1.8823529411764706,0.47058823529411764,0.0,0.605149868940009,0.9726939740788834,0.6950014611764241,118.96903328262407,64,constrained
65,local,0.2144851780042667,0.02296638977065467,0.0035770829470794536,314.404289702705,333.4556397579747,7.002976162874851,0.3047901743454388,1.1450092593859207,118.96903328262407,0.48419457642581837,0.7973030057672633,0.805037123757352,0.6714449825365636,1.8823529411764706,0.47058823529411764,0.0,0.6081765579405656,0.484236688965755,0.4614770638217758,118.96903328262407,64,constrained
66,local,0.14896674438754098,0.02296638977065467,0.0035770829470794536,314.404289702705,333.4556397579747,7.002976162874851,0.3047901743454388,1.1450092593859207,118.96652626251183,0.46815744142167337,0.764141666573681,0.8372733692064608,0.6498210151774011,1.8823529411764706,0.47058823529411764,0.0,0.6071108310169925,0.48067158392191706,0.4419070435636405,118.96652626251183,64,constrained
67,local,0.24103325561245897,0.02296638977065467,0.0035770829470794536,314.404289702705,333.4556397579747,7.002976162874851,0.3047901743454388,1.1450092593859207,118.9668232253558,0.453508089835438,0.7274963043006897,0.8597865605982152,0.6598364557137292,1.8823529411764706,0.47058823529411764,0.0,0.6076103428848851,0.4858828113813705,0.47141554075111425,118.96652626251183,64,constrained
68,local,0.09206651122491798,0.02296638977065467,0.0035770829470794536,314.404289702705,333.4556397579747,7.002976162874851,0.3047901743454388,1.1450092593859207,118.96730540954046,0.46812040039729375,0.7651164642958539,0.8089299000084351,0.671266706275095,1.8823529411764706,0.47058823529411764,0.0,0.607336931581519,0.4777920018399429,0.4306358005949562,118.96652626251183,64,constrained
69,local,0.1807998875666668,0.02296638977065467,0.0035770829470794536,314.404289702705,333.4556397579747,7.002976162874851,0.3047901743454388,1.1450092593859207,118.96721950329899,0.4583267293125419,0.7528553094045902,0.8270949891867977,0.6711101752923251,1.8823529411764706,0.47058823529411764,0.0,0.6072160065359546,0.4820764610266096,0.45053418722792093,118.96652626251183,64,constrained
70,local,0.12723278928721293,0.02296638977065467,0.0035770829470794536,314.404289702705,333.4556397579747,7.002976162874851,0.3047901743454388,1.1450092593859207,118.96796819932594,0.47843863607742004,0.7892360302841326,0.8371793701433597,0.6630509358429616,1.8823529411764706,0.47058823529411764,0.0,0.6073815774218154,0.479454580655113,0.4369736870024812,118.96652626251183,64,constrained
71,local,0.16112592311322516,0.02296638977065467,0.0035770829470794536,314.404289702705,333.4556397579747,7.002976162874851,0.3047901743454388,1.1450092593859207,118.96716773126377,0.46046090700077247,0.757608679777418,0.8276520903471769,0.66748591964426,1.8823529411764706,0.47058823529411764,0.0,0.6073162640999,0.48120392529185085,0.4450057222007756,118.96652626251183,64,constrained
72,local,0.1406651122491798,0.02296638977065467,0.0035770829470794536,314.404289702705,333.4556397579747,7.002976162874851,0.3047901743454388,1.1450092593859207,118.96797971390554,0.47448162249090364,0.7790654842790506,0.8265043461763387,0.6706432545996263,1.8823529411764706,0.47058823529411764,0.0,0.6073483650752487,0.4802778654554997,0.43993102685641783,118.96652626251183,64,constrained
73,local,0.1536111373854677,0.02296638977065467,0.0035770829470794536,314.404289702705,333.4556397579747,7.002976162874851,0.3047901743454388,1.1450092593859207,118.96740366698077,0.4674439489578257,0.7670560865055178,0.833265860739725,0.6653565921349481,1.8823529411764706,0.47058823529411764,0.0,0.6072783708993273,0.48080789864054446,0.4430619503646218,118.96652626251183,64,constrained
74,local,0.14579580307278547,0.02296638977065467,0.0035770829470794536,314.404289702705,333.4556397579747,7.002976162874851,0.3047901743454388,1.1450092593859207,118.96766394679062,0.4868873271472398,0.8110605308955241,0.7992733863960317,0.6524920157846453,1.8823529411764706,0.47058823529411764,0.0,0.6072716513095181,0.48051461848752763,0.44113890193002403,118.96652626251183,64,constrained
75,local,0.15074074465563697,0.02296638977065467,0.0035770829470794536,314.404289702705,333.4556397579747,7.002976162874851,0.3047901743454388,1.1450092593859207,118.96697334965413,0.47528473259825443,0.7925512611419244,0.8000674203969874,0.650790022694075,1.8823529411764706,0.47058823529411764,0.0,0.6072195346231176,0.48079530724702785,0.442343993897231,118.96652626251183,64,constrained
76,local,0.14775555258163564,0.02296638977065467,0.0035770829470794536,314.404289702705,333.4556397579747,7.002976162874851,0.3047901743454388,1.1450092593859207,118.96713332430853,0.4804255496468571,0.8031191011607617,0.796611530793591,0.6498244929976993,1.8823529411764706,0.47058823529411764,0.0,0.6070951083786331,0.48061261390940746,0.4416116888506898,118.96652626251183,64,constrained
77,local,0.1496443521939022,0.02296638977065467,0.0035770829470794536,314.404289702705,333.4556397579747,7.002976162874851,0.3047901743454388,1.1450092593859207,118.96666864565027,0.47455896456862234,0.7826237913591257,0.8051554639620765,0.6479974122876767,1.8823529411764706,0.47058823529411764,0.0,0.6072209432385237,0.4807066208973869,0.4420733331840462,118.96652626251183,64,constrained
78,local,0.14850411028458052,0.02296638977065467,0.0035770829470794536,314.404289702705,333.4556397579747,7.002976162874851,0.3047901743454388,1.1450092593859207,118.96711804213972,0.4746597816890945,0.7923124074366638,0.8226776032596351,0.649573520250808,1.8823529411764706,0.47058823529411764,0.0,0.6072264126991657,0.4806706409883005,0.441793943496244,118.96652626251183,64,constrained
79,local,0.14922556753852873,0.02296638977065467,0.0035770829470794536,314.404289702705,333.4556397579747,7.002976162874851,0.3047901743454388,1.1450092593859207,118.96687806930231,0.4794459824517755,0.7860575661754939,0.8092787161288441,0.6504610945024846,1.8823529411764706,0.47058823529411764,0.0,0.6069806039361839,0.48068556429449943,0.4419704714677932,118.96652626251183,64,constrained
80,local,0.1487900338845649,0.02296638977065467,0.0035770829470794536,314.404289702705,333.4556397579747,7.002976162874851,0.3047901743454388,1.1450092593859207,118.96740899587421,0.482565561818285,0.8007737503575904,0.8232367704726513,0.6509982356652406,1.8823529411764706,0.47058823529411764,0.0,0.6069987413127352,0.48066273521138236,0.4418638016586003,118.96652626251183,64,constrained
81,local,0.14906560603414296,0.02296638977065467,0.0035770829470794536,314.404289702705,333.4556397579747,7.002976162874851,0.3047901743454388,1.1450092593859207,118.96633719167885,0.4684376267143089,0.7650667875685339,0.82828589311679,0.6483243426375223,1.8823529411764706,0.47058823529411764,0.0,0.6070133048403954,0.4806768213596959,0.44193125787076026,118.96633719167885,64,constrained
82,local,0.14912670589192675,0.02296638977065467,0.0035770829470794536,314.404289702705,333.4556397579747,7.002976162874851,0.3047901743454388,1.1450092593859207,118.96633859887032,0.46843769379161165,0.7652197617458453,0.8279324285856764,0.648476843817232,1.8823529411764706,0.47058823529411764,0.0,0.6070014444173947,0.48068046448450813,0.4419462311678106,118.96633719167885,64,constrained
83,local,0.14903227173048056,0.02296638977065467,0.0035770829470794536,314.404289702705,333.4556397579747,7.002976162874851,0.3047901743454388,1.1450092593859207,118.96640029649058,0.4683941925007114,0.7648052008639373,0.8355975961322973,0.6482592133193175,1.8823529411764706,0.47058823529411764,0.0,0.607012196312618,0.4806748807413398,0.4419230914628226,118.96633719167885,64,constrained
84,local,0.14906560603414296,0.04892528879144993,0.0035770829470794536,314.404289702705,333.4556397579747,7.002976162874851,0.3047901743454388,1.1450092593859207,118.97114183952108,0.4950112331338648,0.8051835453883393,0.8364337486050549,0.689475337773061,1.8823529411764706,0.47058823529411764,0.0,0.6081167233449232,0.7965347767962001,0.20408360178735852,118.96633719167885,64,constrained
85,local,0.14906560603414296,0.06561671120855006,0.0035770829470794536,314.404289702705,333.4556397579747,7.002976162874851,0.3047901743454388,1.1450092593859207,118.96956820591107,0.49513237967188967,0.7972517265587937,0.7836205057413705,0.6438947611952708,1.8823529411764706,0.47058823529411764,0.0,0.6046372308762977,0.988984126031584,0.324582985317473,118.96633719167885,64,constrained
86,local,0.14906560603414296,0.07593257758289987,0.0035770829470794536,314.404289702705,333.4556397579747,7.002976162874851,0.3047901743454388,1.1450092593859207,118.9686850494365,0.4967698209871988,0.7988588846485116,0.7265956561428827,0.613945538239756,1.8823529411764706,0.47058823529411764,0.0,0.6010489696024824,1.0988807708766257,0.5060655222724225,118.96633719167885,64,constrained
87,local,0.14906560603414296,0.08230813362565019,0.0035770829470794536,314.404289702705,333.4556397579747,7.002976162874851,0.3047901743454388,1.1450092593859207,118.96844228598287,0.49816568012777424,0.8024738460213259,0.683511304837688,0.6044058638922896,1.8823529411764706,0.47058823529411764,0.0,0.5978265187133421,1.1634515607910798,0.6591020134674461,118.96633719167885,64,constrained
88,local,0.14906560603414296,0.08580567191134779,0.0035770829470794536,314.404289702705,333.4556397579747,7.002976162874851,0.3047901743454388,1.1450092593859207,118.96834219271149,0.4982028035332025,0.8026012307131525,0.6576757588155725,0.5996354381506361,1.8823529411764706,0.47058823529411764,0.0,0.5959801752933832,1.1979011125567152,0.756318964096798,118.96633719167885,64,constrained
89,local,0.14906560603414296,0.08841004149476482,0.0035770829470794536,314.404289702705,333.4556397579747,7.002976162874851,0.3047901743454388,1.1450092593859207,118.96823839306008,0.49892584219693814,0.8043979018778213,0.6378478828109337,0.593808419634253,1.8823529411764706,0.47058823529411764,0.0,0.5945765150485269,1.223133246927514,0.8348134257574646,118.96633719167885,64,constrained
90,local,0.14906560603414296,0.09001963041658295,0.0035770829470794536,314.404289702705,333.4556397579747,7.002976162874851,0.3047901743454388,1.1450092593859207,118.96828483320805,0.49858589094689876,0.8038087123737387,0.6245353197170195,0.5944080675253822,1.8823529411764706,0.47058823529411764,0.0,0.593582223427149,1.2385469960693198,0.8859308776281609,118.96633719167885,64,constrained
91,local,0.14906560603414296,0.0883300653427064,0.0035770829470794536,314.404289702705,333.4556397579747,7.002976162874851,0.3047901743454388,1.1450092593859207,118.96818102977583,0.4984975011979088,0.8034579132208831,0.6382584577517975,0.5938276679952331,1.8823529411764706,0.47058823529411764,0.0,0.594571591232835,1.2223609401976847,0.8323254374150381,118.96633719167885,64,constrained
92,local,0.14906560603414296,0.08736583285290439,0.0035770829470794536,314.404289702705,333.4556397579747,7.002976162874851,0.3047901743454388,1.1450092593859207,118.9682780921725,0.4982922745252161,0.8028423937980658,0.6456895009099233,0.5961226414761904,1.8823529411764706,0.47058823529411764,0.0,0.5951986623607,1.2130589086047427,0.8027157339080047,118.96633719167885,64,constrained
93,local,0.14906560603414296,0.08791220557597616,0.0035770829470794536,314.404289702705,333.4556397579747,7.002976162874851,0.3047901743454388,1.1450092593859207,118.96832452000284,0.4985966412287173,0.8037156935678581,0.6414715522191939,0.5966376205100512,1.8823529411764706,0.47058823529411764,0.0,0.5948380024768202,1.2183320545447383,0.8194060857714078,118.96633719167885,64,constrained
94,local,0.14906560603414296,0.08817045711434655,0.0035770829470794536,314.404289702705,333.4556397579747,7.002976162874851,0.3047901743454388,1.1450092593859207,118.96846997831977,0.4987236282539379,0.803947363650357,0.6395560352255396,0.5979947215577491,1.8823529411764706,0.47058823529411764,0.0,0.5948079989804479,1.2208219921445085,0.8273748522231278,118.96633719167885,64,constrained
95,local,0.14906560603414296,0.0882691004243571,0.0035770829470794536,314.404289702705,333.4556397579747,7.002976162874851,0.3047901743454388,1.1450092593859207,118.96823150719818,0.4988632549323057,0.8042330279544975,0.6388600360810832,0.5939213646409067,1.8823529411764706,0.47058823529411764,0.0,0.5946550911261098,1.2217751544074056,0.8304321722816657,118.96633719167885,64,constrained
96,local,0.14906560603414296,0.08836339964553973,0.0035770829470794536,314.404289702705,333.4556397579747,7.002976162874851,0.3047901743454388,1.1450092593859207,118.96821255225146,0.49856568583406863,0.8034884247668332,0.63809795594735,0.5938260911876734,1.8823529411764706,0.47058823529411764,0.0,0.5946068531069248,1.2226846836217062,0.8333618413265681,118.96633719167885,64,constrained
97,local,0.14906560603414296,0.0883300653427064,0.0036826598733238182,314.404289702705,333.4556397579747,7.002976162874851,0.3047901743454388,1.1450092593859207,118.96845811853107,0.48027045808346724,0.8404225213122668,0.6380548175861138,0.5972932060471763,1.8823529411764706,0.47058823529411764,0.0,0.5947846614360819,1.2281120701449812,0.7890304927806684,118.96633719167885,64,constrained
98,local,0.14906560603414296,0.0883300653427064,0.0038363401266761814,314.404289702705,333.4556397579747,7.002976162874851,0.3047901743454388,1.1450092593859207,118.97109087702529,0.45696204705574467,0.9186162503576452,0.6389819976689832,0.5976159485573534,1.8823529411764706,0.47058823529411764,0.0,0.5952703757903111,1.2372941876384174,0.9065269783290547,118.96633719167885,64,constrained
99,local,0.14906560603414296,0.0883300653427064,0.003587680253352363,314.404289702705,333.4556397579747,7.002976162874851,0.3047901743454388,1.1450092593859207,118.96823852280816,0.4965219723341254,0.806257547440887,0.6382963239281895,0.5944268490483092,1.8823529411764706,0.47058823529411764,0.0,0.5947598356757533,1.2229221124484888,0.8234193640963174,118.96633719167885,64,constrained
100,local,0.14906560603414296,0.0883300653427064,0.00362101358684288,314.404289702705,333.4556397579747,7.002976162874851,0.3047901743454388,1.1450092593859207,118.96827264186601,0.4906104686878121,0.8169882777981572,0.6381838438688282,0.5969071599271755,1.8823529411764706,0.47058823529411764,0.0,0.5947815531538435,1.224699620728877,0.8020403599384902,118.96633719167885,64,constrained
101,local,0.14906560603414296,0.0883300653427064,0.0035543469198618463,314.404289702705,333.4556397579747,7.002976162874851,0.3047901743454388,1.1450092593859207,118.96837801466172,0.5026599860624448,0.7970154238526341,0.6381201842180145,0.5937741280174782,1.8823529411764706,0.47058823529411764,0.0,0.5946375899106899,1.2211841980104607,0.8548667167279683,118.96633719167885,64,constrained
102,local,0.14906560603414296,0.0883300653427064,0.003587680253352363,314.36458980337505,333.4556397579747,7.002976162874851,0.3047901743454388,1.1450092593859207,118.96854483272236,0.49618755000110243,0.8095926857098664,0.6373680455364196,0.5943275787978929,1.8823529411764706,0.47058823529411764,0.0,0.5947043145860963,1.2253840353670584,0.8497876848517574,118.96633719167885,64,constrained
103,local,0.14906560603414296,0.0883300653427064,0.003587680253352363,314.43541019662496,333.4556397579747,7.002976162874851,0.3047901743454388,1.1450092593859207,118.96838517164252,0.4969819400063181,0.8043495646908715,0.6390179643310532,0.5940569600239042,1.8823529411764706,0.47058823529411764,0.0,0.5946449089000858,1.2209888487869582,0.8497876848518433,118.96633719167885,64,constrained
104,local,0.14906560603414296,0.0883300653427064,0.003587680253352363,314.47917960675005,333.4556397579747,7.002976162874851,0.3047901743454388,1.1450092593859207,118.96965235003084,0.49794619117220346,0.8020900721878294,0.6400701088473582,0.5963112494858782,1.8823529411764706,0.47058823529411764,0.0,0.594897844785082,1.2182825562434583,0.9568319128262756,118.96633719167885,64,constrained
105,local,0.14906560603414296,0.0883300653427064,0.003587680253352363,314.40413926285714,333.4556397579747,7.002976162874851,0.3047901743454388,1.1450092593859207,118.9682482599018,0.49681967664392335,0.8070826562310702,0.6383377746120774,0.5941640865147264,1.8823529411764706,0.47058823529411764,0.0,0.594760206122069,1.2229310987675155,0.8233923006093963,118.96633719167885,64,constrained
106,local,0.14906560603414296,0.0883300653427064,0.003587680253352363,314.4067214250601,333.4556397579747,7.002976162874851,0.3047901743454388,1.1450092593859207,118.96821165982881,0.4968593254623806,0.8071251373764954,0.6380173509879876,0.5942179891475339,1.8823529411764706,0.47058823529411764,0.0,0.5946759107148158,1.2227739802731643,0.8239908327002612,118.96633719167885,64,constrained
107,local,0.14906560603414296,0.0883300653427064,0.003587680253352363,314.4163895573267,333.4556397579747,7.002976162874851,0.3047901743454388,1.1450092593859207,118.9682306760547,0.4966997022080657,0.8056525242118101,0.6382451201062933,0.5941568615116227,1.8823529411764706,0.47058823529411764,0.0,0.5946975027334155,1.2221695606607683,0.8287596158706964,118.96633719167885,64,constrained
108,local,0.14906560603414296,0.0883300653427064,0.003587680253352363,314.41041432297817,333.4556397579747,7.002976162874851,0.3047901743454388,1.1450092593859207,118.96819705136944,0.49660866957400196,0.806053278650011,0.6380509568830579,0.5941424865646823,1.8823529411764706,0.47058823529411764,0.0,0.5946840446639222,1.2225448035706363,0.8253414022593446,118.96633719167885,64,constrained
109,local,0.14906560603414296,0.0883300653427064,0.003587680253352363,314.41056332306385,333.4556397579747,7.002976162874851,0.3047901743454388,1.1450092593859207,118.96820355496376,0.49689592238430685,0.8068086786050682,0.6380912437410532,0.5938906660727676,1.8823529411764706,0.47058823529411764,0.0,0.5946785756902149,1.222535411925089,0.8254081120930054,118.96633719167885,64,constrained
110,local,0.14906560603414296,0.0883300653427064,0.003587680253352363,314.4087275018946,333.4556397579747,7.002976162874851,0.3047901743454388,1.1450092593859207,118.96820916181758,0.49687182702426824,0.8069414918075706,0.6380568588551249,0.5940824804495111,1.8823529411764706,0.47058823529411764,0.0,0.5946798271604776,1.2226472374368362,0.824652275767671,118.96633719167885,64,constrained
111,local,0.14906560603414296,0.0883300653427064,0.003587680253352363,314.40977001465717,333.4556397579747,7.002976162874851,0.3047901743454388,1.1450092593859207,118.96821021575582,0.4969042036038533,0.8069186423544555,0.6380978658091484,0.5939677437822285,1.8823529411764706,0.47058823529411764,0.0,0.5946852501759547,1.2225835348133107,0.8250638435695492,118.96633719167885,64,constrained
112,local,0.14906560603414296,0.0883300653427064,0.003587680253352363,314.4101682190988,333.4556397579747,7.002976162874851,0.3047901743454388,1.1450092593859207,118.96820575410146,0.4969112654039389,0.8068921693750026,0.638092859597312,0.5939219224672911,1.8823529411764706,0.47058823529411764,0.0,0.5946788640639191,1.2225601609849186,0.8252332927097856,118.96633719167885,64,constrained
113,local,0.14906560603414296,0.0883300653427064,0.003587680253352363,314.41037968786236,333.4556397579747,7.002976162874851,0.3047901743454388,1.1450092593859207,118.96819418338062,0.4966090051573255,0.8060560101132737,0.6380441666096232,0.5941173021254239,1.8823529411764706,0.47058823529411764,0.0,0.5946811186989591,1.2225462522906294,0.8253260312815018,118.96633719167885,64,constrained
114,local,0.14906560603414296,0.0883300653427064,0.003587680253352363,314.4102989139822,333.4556397579747,7.002976162874851,0.3047901743454388,1.1450092593859207,118.96819861983799,0.4966136870565408,0.8060710260610975,0.6380716510952994,0.5941628641757574,1.8823529411764706,0.47058823529411764,0.0,0.5946847312406528,1.2225502288016916,0.8252903829914203,118.96633719167885,64,constrained
115,local,0.14906560603414296,0.0883300653427064,0.003587680253352363,314.4103463544387,333.4556397579747,7.002976162874851,0.3047901743454388,1.1450092593859207,118.9681917943124,0.4966132121203317,0.8060666370718432,0.6380577428638671,0.5940806857801223,1.8823529411764706,0.47058823529411764,0.0,0.5946793926890304,1.2225482285308085,0.8253112863455976,118.96633719167885,64,constrained
116,local,0.14906560603414296,0.0883300653427064,0.003587680253352363,314.4103463544387,333.4048091274751,7.002976162874851,0.3047901743454388,1.1450092593859207,118.96868445765261,0.49832310646794287,0.8042607680788563,0.6403808022825119,0.5964493095960774,1.8823529411764706,0.47058823529411764,0.0,0.5949161453139292,1.220864201185359,0.8504497872594463,118.96633719167885,64,constrained
117,local,0.14906560603414296,0.0883300653427064,0.003587680253352363,314.4103463544387,333.5703928725249,7.002976162874851,0.3047901743454388,1.1450092593859207,118.96834492002682,0.493723929683013,0.8123628852840424,0.6342545443353053,0.5943284733935411,1.8823529411764706,0.47058823529411764,0.0,0.5944763961239019,1.226334212431435,0.8427380310544148,118.96633719167885,64,constrained
118,local,0.14906560603414296,0.0883300653427064,0.003587680253352363,314.4103463544387,333.6727292549502,7.002976162874851,0.3047901743454388,1.1450092593859207,118.96943085303516,0.49119796828846857,0.8183031708488088,0.6304444029356442,0.5966020035461491,1.8823529411764706,0.47058823529411764,0.0,0.5942478524561077,1.2296984993130107,0.9450080706935631,118.96633719167885,64,constrained
119,local,0.14906560603414296,0.0883300653427064,0.003587680253352363,314.4103463544387,333.50929525506774,7.002976162874851,0.3047901743454388,1.1450092593859207,118.96807139904212,0.4954275100755421,0.8094629247744161,0.636432414517142,0.5942421181096286,1.8823529411764706,0.47058823529411764,0.0,0.5944241044598811,1.224319577772939,0.8206618169154354,118.96633719167885,64,constrained
120,local,0.14906560603414296,0.0883300653427064,0.003587680253352363,314.4103463544387,333.5040130524644,7.002976162874851,0.3047901743454388,1.1450092593859207,118.96821188259656,0.4957612835932249,0.8095329551190374,0.6367823828091655,0.5946158262376223,1.8823529411764706,0.47058823529411764,0.0,0.5946588433773852,1.2241446529199937,0.8201220346816362,118.96633719167885,64,constrained
121,local,0.14906560603414296,0.0883300653427064,0.003587680253352363,314.4103463544387,333.5350621989768,7.002976162874851,0.3047901743454388,1.1450092593859207,118.96811308074885,0.4947269773037231,0.8106697384109568,0.6355308020503586,0.5946696080568519,1.8823529411764706,0.47058823529411764,0.0,0.5943303604195687,1.225170199952261,0.8264181684267671,118.96633719167885,64,constrained
122,local,0.14906560603414296,0.0883300653427064,0.003587680253352363,314.4103463544387,333.5191373518548,7.002976162874851,0.3047901743454388,1.1450092593859207,118.96818869175878,0.49517215890625427,0.8097647545089176,0.6361947060355378,0.5942513102297772,1.8823529411764706,0.47058823529411764,0.0,0.5946224392409146,1.224644038948224,0.8222486791052586,118.96633719167885,64,constrained
123,local,0.14906560603414296,0.0883300653427064,0.003587680253352363,314.4103463544387,333.5130546015198,7.002976162874851,0.3047901743454388,1.1450092593859207,118.96808326143577,0.4953304290352551,0.8096664544921076,0.6362801152158298,0.5944318858306454,1.8823529411764706,0.47058823529411764,0.0,0.5944148398485228,1.2244427540274554,0.8211786739347084,118.96633719167885,64,constrained
124,local,0.14906560603414296,0.0883300653427064,0.003587680253352363,314.4103463544387,333.50727763320873,7.002976162874851,0.3047901743454388,1.1450092593859207,118.96815644462733,0.4954034103569112,0.8089484653632838,0.6366439560023063,0.5945243024339518,1.8823529411764706,0.47058823529411764,0.0,0.5945892885069882,1.2242514811259497,0.8204299248810729,118.96633719167885,64,constrained
125,local,0.14906560603414296,0.0883300653427064,0.003587680253352363,314.4103463544387,333.5107311976369,7.002976162874851,0.3047901743454388,1.1450092593859207,118.9681683912264,0.4955042444336789,0.809630359810286,0.6364360070674663,0.5945017580578328,1.8823529411764706,0.47058823529411764,0.0,0.5945776277560677,1.224368102875088,0.8208462143533798,118.96633719167885,64,constrained
126,local,0.14906560603414296,0.0883300653427064,0.003587680253352363,314.4103463544387,333.50852459209403,7.002976162874851,0.3047901743454388,1.1450092593859207,118.96814796728644,0.49538517697305146,0.8090467436304306,0.6365411628351932,0.5943340125242287,1.8823529411764706,0.47058823529411764,0.0,0.5945865936662327,1.224293076424492,0.8205694904810783,118.96633719167885,64,constrained
127,local,0.14906560603414296,0.0883300653427064,0.003587680253352363,314.4103463544387,333.50984373632326,7.002976162874851,0.3047901743454388,1.1450092593859207,118.96809079986431,0.4955248843356575,0.8097813832978692,0.6363652867294322,0.5944630619309473,1.8823529411764706,0.47058823529411764,0.0,0.5944238012781317,1.224337028870442,0.820730350238428,118.96633719167885,64,constrained
128,local,0.14906560603414296,0.0883300653427064,0.003587680253352363,314.4103463544387,333.50900088800563,7.002976162874851,0.3047901743454388,1.1450092593859207,118.96811162138148,0.49543130715571654,0.8094574035927325,0.6364594724621025,0.594393738918609,1.8823529411764706,0.47058823529411764,0.0,0.5944898387298578,1.2243091973283082,0.8206260040104937,118.96633719167885,64,constrained
129,local,0.14906560603414296,0.0883300653427064,0.003587680253352363,314.4103463544387,333.50950475626513,7.002976162874851,0.3047901743454388,1.1450092593859207,118.9681547960578,0.4953379645657568,0.8090540635740215,0.636499693363902,0.5945201237593462,1.8823529411764706,0.47058823529411764,0.0,0.5945810396602088,1.2243261254902376,0.8206877170755067,118.96633719167885,64,constrained
130,local,0.14906560603414296,0.0883300653427064,0.003587680253352363,314.4103463544387,333.5091828168552,7.002976162874851,0.3047901743454388,1.1450092593859207,118.96815684766129,0.4953451268797424,0.8090392819531047,0.6365192816048871,0.5945564577681354,1.8823529411764706,0.47058823529411764,0.0,0.5945824234544524,1.2243157357844099,0.8206480577464121,118.96633719167885,64,constrained
131,local,0.14906560603414296,0.0883300653427064,0.003587680253352363,314.4103463544387,333.50937527740444,7.002976162874851,0.3047901743454388,1.1450092593859207,118.96807731468277,0.4953602073313359,0.8092870923038705,0.636372910977348,0.5944923455890124,1.8823529411764706,0.47058823529411764,0.0,0.5944215847885426,1.2243219094454907,0.8206716694475036,118.96633719167885,64,constrained
132,local,0.14906560603414296,0.0883300653427064,0.003587680253352363,314.4103463544387,333.50925230749215,7.002976162874851,0.3047901743454388,1.1450092593859207,118.96816608260521,0.49551058239605816,0.8094610704297985,0.6364906451957659,0.594493098708498,1.8823529411764706,0.47058823529411764,0.0,0.5945841060920222,1.224317550035613,0.8206565497296056,118.96633719167885,64,constrained
133,local,0.14906560603414296,0.0883300653427064,0.003587680253352363,314.4103463544387,333.5093285891969,7.002976162874851,0.3047901743454388,1.1450092593859207,118.96807748177812,0.49535494402958413,0.809270147540803,0.6363738837656275,0.5944646753398627,1.8823529411764706,0.47058823529411764,0.0,0.594425690646658,1.2243208750962589,0.8206659150135898,118.96633719167885,64,constrained
134,local,0.14906560603414296,0.0883300653427064,0.003587680253352363,314.4103463544387,333.50929525506774,6.873166804027863,0.3047901743454388,1.1450092593859207,118.96748638358325,0.4971981802891618,0.8061243372918796,0.6389843715288491,0.5941968586805015,1.8823529411764706,0.47058823529411764,0.0,0.5946749805015363,1.2221769846792174,0.7525692367108872,118.96633719167885,64,constrained
135,local,0.14906560603414296,0.0883300653427064,0.003587680253352363,314.4103463544387,333.50929525506774,7.024036195972137,0.3047901743454388,1.1450092593859207,118.96842696642264,0.49509573102283516,0.8096567448807638,0.6361547413754642,0.594228189654815,1.8823529411764706,0.47058823529411764,0.0,0.5946209641821859,1.224666438494165,0.8466519414392424,118.96633719167885,64,constrained
136,local,0.14906560603414296,0.0883300653427064,0.003587680253352363,314.4103463544387,333.50929525506774,6.779924391944273,0.3047901743454388,1.1450092593859207,118.96811088656432,0.49852929671678675,0.8040234022901093,0.6405748834801758,0.5962296079120301,1.8823529411764706,0.47058823529411764,0.0,0.5947725801951437,1.2206313122295573,0.8014706016272657,118.96633719167885,64,constrained
137,local,0.14906560603414296,0.0883300653427064,0.003587680253352363,314.4103463544387,333.50929525506774,6.8897594952221475,0.3047901743454388,1.1450092593859207,118.96747159469167,0.4966841436027471,0.8059047294450598,0.6381897602280321,0.5941239461438123,1.8823529411764706,0.47058823529411764,0.0,0.5946951095751004,1.2224491810528382,0.7524381605530479,118.96633719167885,64,constrained
138,local,0.14906560603414296,0.0883300653427064,0.003587680253352363,314.4103463544387,333.50929525506774,6.889893150471879,0.3047901743454388,1.1450092593859207,118.96746974842172,0.4966884347572627,0.8059196085123047,0.6381942883444983,0.5941201722641858,1.8823529411764706,0.47058823529411764,0.0,0.5946907014883593,1.2224515012026622,0.7524476185827231,118.96633719167885,64,constrained
139,local,0.14906560603414296,0.0883300653427064,0.003587680253352363,314.4103463544387,333.50929525506774,6.941131234498554,0.3047901743454388,1.1450092593859207,118.96765103467459,0.4960258654840954,0.8070934323642099,0.6376330588524841,0.5946072359128345,1.8823529411764706,0.47058823529411764,0.0,0.5946583011597925,1.2232985276846313,0.7684526359066699,118.96633719167885,64,constrained
140,local,0.14906560603414296,0.0883300653427064,0.003587680253352363,314.4103463544387,333.50929525506774,6.909464357051646,0.3047901743454388,1.1450092593859207,118.96757279203842,0.49672261448577676,0.807004204214045,0.6382228809043307,0.5944182545664758,1.8823529411764706,0.47058823529411764,0.0,0.5947512087125248,1.2227753005309294,0.7556462647850269,118.96633719167885,64,constrained
141,local,0.14906560603414296,0.0883300653427064,0.003587680253352363,314.4103463544387,333.50929525506774,6.897368686184505,0.3047901743454388,1.1450092593859207,118.96746580576315,0.4965918139951087,0.8061162915406337,0.6380385602566172,0.5939463109039176,1.8823529411764706,0.47058823529411764,0.0,0.5946809181301493,1.2225747923361103,0.7532441398597026,118.96633719167885,64,constrained
142,local,0.14906560603414296,0.0883300653427064,0.003587680253352363,314.4103463544387,333.50929525506774,6.893781944572157,0.3047901743454388,1.1450092593859207,118.96745931050417,0.49663207889735156,0.8060098428060725,0.638085269380766,0.5938837746834791,1.8823529411764706,0.47058823529411764,0.0,0.5946860021005795,1.2225171742014107,0.7527963732179709,118.96633719167885,64,constrained
143,local,0.14906560603414296,0.0883300653427064,0.003587680253352363,314.4103463544387,333.50929525506774,6.894069477880411,0.3047901743454388,1.1450092593859207,118.96749495589599,0.4969161027325417,0.806791768523947,0.638123776752104,0.5941547450101002,1.8823529411764706,0.47058823529411764,0.0,0.59468606760997,1.222521745736719,0.7528278072839495,118.96633719167885,64,constrained
144,local,0.14906560603414296,0.0883300653427064,0.003587680253352363,314.4103463544387,333.50929525506774,6.8937486096192115,0.3047901743454388,1.1450092593859207,118.9674815438205,0.49692541336026524,0.8068000156893806,0.6381279293083302,0.5939047239449772,1.8823529411764706,0.47058823529411764,0.0,0.5946842680426858,1.2225163817812132,0.7527927792375972,118.96633719167885,64,constrained
145,local,0.14906560603414296,0.0883300653427064,0.003587680253352363,314.4103463544387,333.50929525506774,6.893891772523012,0.3047901743454388,1.1450092593859207,118.96747520685012,0.4966360906154735,0.8060276642218379,0.638082310699776,0.5941843751405632,1.8823529411764706,0.47058823529411764,0.0,0.5946866340917519,1.222519584408796,0.7528082881742522,118.96633719167885,64,constrained
146,local,0.14906560603414296,0.0883300653427064,0.003587680253352363,314.4103463544387,333.50929525506774,6.893823895116469,0.3047901743454388,1.1450092593859207,118.96745935588135,0.49663207889735156,0.8060098428060725,0.638085269380766,0.5938837746834791,1.8823529411764706,0.47058823529411764,0.0,0.5946860021005795,1.2225171742014107,0.7528009109345316,118.96633719167885,64,constrained
147,local,0.14906560603414296,0.0883300653427064,0.003587680253352363,314.4103463544387,333.50929525506774,6.893781944572157,0.29592406261600535,1.1450092593859207,118.9670224978803,0.49412129544922734,0.7960620632945824,0.6392328510177979,0.5953364095597462,1.8823529411764706,0.47058823529411764,0.0,0.5947276452399877,1.219777077490876,0.7262794204708465,118.96633719167885,64,constrained
148,local,0.14906560603414296,0.0883300653427064,0.003587680253352363,314.4103463544387,333.50929525506774,6.893781944572157,0.3051989373839946,1.1450092593859207,118.96764279003696,0.4967466903019517,0.8065346203743103,0.6379922490164127,0.5960313942897445,1.8823529411764706,0.47058823529411764,0.0,0.5946931902748382,1.2226391930155645,0.7587390433568335,118.96633719167885,64,constrained
149,local,0.14906560603414296,0.0883300653427064,0.003587680253352363,314.4103463544387,333.50929525506774,6.893781944572157,0.2901918747679892,1.1450092593859207,118.96770474954381,0.49281717235918554,0.7901210287091361,0.6400782137396305,0.59290653364743,1.8823529411764706,0.47058823529411764,0.0,0.5949044341835973,1.2179179811993204,0.8133185681250272,118.96633719167885,64,constrained
150,local,0.14906560603414296,0.0883300653427064,0.003587680253352363,314.4103463544387,333.50929525506774,6.893781944572157,0.2978620535514304,1.1450092593859207,118.96706389771298,0.4947774022145393,0.7984878748862583,0.6391900515782386,0.5975509702972278,1.8823529411764706,0.47058823529411764,0.0,0.5946727112472613,1.220390097344641,0.7153592425603299,118.96633719167885,64,constrained
151,local,0.14906560603414296,0.0883300653427064,0.003587680253352363,314.4103463544387,333.50929525506774,6.893781944572157,0.2951713503394151,1.1450092593859207,118.96703767078485,0.4936447090287565,0.7945920406688028,0.6391017292045132,0.5949462241561139,1.8823529411764706,0.47058823529411764,0.0,0.5947469901766308,1.2195394497639338,0.7330423587454165,118.96633719167885,64,constrained
152,local,0.14906560603414296,0.0883300653427064,0.003587680253352363,314.4103463544387,333.50929525506774,6.893781944572157,0.2962008661914648,1.1450092593859207,118.96700950206366,0.49415841835033136,0.7962705944970939,0.6392731959768106,0.5953955343310513,1.8823529411764706,0.47058823529411764,0.0,0.5947259866330019,1.2198653660416596,0.724147203582624,118.96633719167885,64,constrained
153,local,0.14906560603414296,0.0883300653427064,0.003587680253352363,314.4103463544387,333.50929525506774,6.893781944572157,0.29683538330128995,1.1450092593859207,118.96705709715573,0.4942932076672534,0.7968144418653644,0.6392355659508224,0.5956230291512551,1.8823529411764706,0.47058823529411764,0.0,0.5948513569790889,1.2200669952652086,0.719979448817683,118.96633719167885,64,constrained
154,local,0.14906560603414296,0.0883300653427064,0.003587680253352363,314.4103463544387,333.50929525506774,6.893781944572157,0.2964432301609746,1.1450092593859207,118.96701008441121,0.49427107241776225,0.7966571870309144,0.6392491597353764,0.595475657587599,1.8823529411764706,0.47058823529411764,0.0,0.5947322971152026,1.2199432750492438,0.722436931976607,118.96633719167885,64,constrained
155,local,0.14906560603414296,0.0883300653427064,0.003587680253352363,314.4103463544387,333.50929525506774,6.893781944572157,0.29630941002219846,1.1450092593859207,118.96700539133401,0.4942420405348263,0.7965280367856881,0.639225468113662,0.5953529633274232,1.8823529411764706,0.47058823529411764,0.0,0.5947243194797974,1.2199001420427806,0.7233631662124695,118.96633719167885,64,constrained
156,local,0.14906560603414296,0.0883300653427064,0.003587680253352363,314.4103463544387,333.50929525506774,6.893781944572157,0.2963427434813219,1.1450092593859207,118.96701272306679,0.49425515545358906,0.7965753849435719,0.6392846717897446,0.5954747626394743,1.8823529411764706,0.47058823529411764,0.0,0.5947276838765646,1.2199108564313381,0.7231282788740784,118.96633719167885,64,constrained
157,local,0.14906560603414296,0.0883300653427064,0.003587680253352363,314.4103463544387,333.50929525506774,6.893781944572157,0.2962760765630751,1.1450092593859207,118.96701051262716,0.4942347458177932,0.7964957559664911,0.6392649504654688,0.5953905384279651,1.8823529411764706,0.47058823529411764,0.0,0.5947270476475793,1.2198900021274364,0.7236008202716532,118.96633719167885,64,constrained
158,local,0.14906560603414296,0.0883300653427064,0.003587680253352363,314.4103463544387,333.50929525506774,6.893781944572157,0.29630941002219846,0.8875388202501892,118.96683743974377,0.4947509573148771,0.7978272611700173,0.6395646782023364,0.5953897641377359,1.8823529411764706,0.47058823529411764,0.0,0.5947884159474853,1.2199001420427806,0.6992236873345438,118.96633719167885,64,constrained
159,local,0.14906560603414296,0.0883300653427064,0.003587680253352363,314.4103463544387,333.50929525506774,6.893781944572157,0.29630941002219846,1.3124611797498105,118.96761684076382,0.4933292385042722,0.7942460718995523,0.6379606356489609,0.5953002115640665,1.8823529411764706,0.47058823529411764,0.0,0.5946798050839385,1.2199001420427806,0.7946519541015445,118.96633719167885,64,constrained
160,local,0.14906560603414296,0.0883300653427064,0.003587680253352363,314.4103463544387,333.50929525506774,6.893781944572157,0.29630941002219846,0.6249223594996214,118.9676912574496,0.4949251870714549,0.7982325985188441,0.6395145146452772,0.5953717920370402,1.8823529411764706,0.47058823529411764,0.0,0.5948339928468407,1.2199001420427806,0.7813075027996744,118.96633719167885,64,constrained
161,local,0.14906560603414296,0.0883300653427064,0.003587680253352363,314.4103463544387,333.50929525506774,6.893781944572157,0.29630941002219846,0.9760084455424309,118.96678385648698,0.4946239194196096,0.7975145179289592,0.6394382334819267,0.5953900889786103,1.8823529411764706,0.47058823529411764,0.0,0.5947690616027708,1.2199001420427806,0.695837461680349,118.96633719167885,64,constrained
162,local,0.14906560603414296,0.0883300653427064,0.003587680253352363,314.4103463544387,333.50929525506774,6.893781944572157,0.29630941002219846,0.9735334945573488,118.96678315443651,0.494625856766638,0.797519803954281,0.6394351909155498,0.5953893219868062,1.8823529411764706,0.47058823529411764,0.0,0.5947689370235196,1.2199001420427806,0.6957659163771459,118.96633719167885,64,constrained
163,local,0.14906560603414296,0.0883300653427064,0.003587680253352363,314.4103463544387,333.50929525506774,6.893781944572157,0.29630941002219846,0.9610564703171124,118.96678580531845,0.49466512994032513,0.7976221375115472,0.6394448693423539,0.5953908414108071,1.8823529411764706,0.47058823529411764,0.0,0.5947725277251362,1.2199001420427806,0.6955509804816498,118.96633719167885,64,constrained
164,local,0.14906560603414296,0.0883300653427064,0.003587680253352363,314.4103463544387,333.50929525506774,6.893781944572157,0.29630941002219846,0.9687676953760349,118.96678409642185,0.4946406005742502,0.7975562035724988,0.6394426684915598,0.595390963486141,1.8823529411764706,0.47058823529411764,0.0,0.5947706777409154,1.2199001420427806,0.6956551071157244,118.96633719167885,64,constrained
1,global,8.0,0.020000000000000004,0.00234485695,312.997048762,336.055647867,8.074174546,0.251131171,0.38462592100000004,3.8453121965169816,1.5951100687347464,1.862963189493261,11.193927164860398,0.5376012647430239,3.5236705816943594,0.0,0.0,3.7253325168665334,1.282984718622001,0.0,3.8453121965169816,416,relaxed
2,global,28.4385282658461,0.008450179045424625,0.006819110460341871,312.08782291669047,332.699614773506,8.21071341322262,0.08062543175317083,0.7975726078861208,209.7703839239756,2.132913517251236,2.379702053379443,44.77260362329875,0.550856631794647,4.45731065135524,0.5294117647058824,0.29411764705882354,2.1589941708697826,1.4357392451284194,0.0,3.8453121965169816,416,relaxed
3,global,19.13000696922998,0.07402440803630352,0.007716803190661219,318.48838385089687,336.34804456699845,7.679018363383076,0.20957156885506406,1.6066769241269023,239.04242612743028,2.7776032885461617,3.318655769761881,71.08855606390405,0.6219195631457478,4.365163598778102,0.6470588235294118,0.29411764705882354,1.3697066506136608,1.6966635713062648,0.0,3.8453121965169816,416,relaxed
4,global,24.613778395606534,0.18017286976436767,0.005411310698990033,313.689578321292,341.0069043486337,18.785699326159353,0.4688595029812506,2.476513324295776,120.83439489635751,3.261418544166664,7.022230382025528,112.38918539887166,0.6434884472867016,1.8823529411764706,0.47058823529411764,0.0,1.7230158106248632,2.2912442050543964,0.0,3.8453121965169816,416,relaxed
5,global,14.239460860154166,0.19883252767976817,0.0043381029077977536,319.0356618970375,333.1452576372939,10.027528732753586,0.538397363972229,1.70768192441155,119.80929662662214,2.226883167044538,1.7821141946879964,58.632605184034915,0.6416835220434066,1.8823529411764706,0.47058823529411764,0.0,1.004031771906354,2.04552713741518,0.0,3.8453121965169816,416,relaxed
6,global,21.36268047444803,0.04588967548745275,0.010230001589863551,319.8403869194373,338.4156674473661,15.451140952652011,0.770024291856335,0.18686970348286502,268.10416959218026,2.6259644265126205,15.539788244577233,71.48230736186021,0.5826447990477979,3.0588235294117645,0.7647058823529411,0.29411764705882354,1.4878634448353396,1.767338512274585,0.0,3.8453121965169816,416,relaxed
7,global,10.20886299103164,0.015487837800257642,0.012716606514832094,314.5448773325468,331.8923058797409,6.700445339771205,0.4182736390735064,2.4477003704719635,195.63404778024196,3.083209997010841,14.885818592773076,91.00259332134999,0.5975143382273583,2.9906368204147196,0.47058823529411764,0.29411764705882354,3.288566416911923,1.8693351422799975,0.0,3.8453121965169816,416,relaxed
8,global,20.31439805797023,0.12416543522929205,0.011579802333557116,314.0616474936246,329.8593810781397,12.868925897335794,0.3504946366542367,2.5513113402774654,121.23207108400523,3.330903427543182,13.276239564489913,105.21819503741638,0.6173543868037017,1.8823529411764706,0.47058823529411764,0.0,2.415119653206818,2.108343372916271,0.0,3.8453121965169816,416,relaxed
9,global,27.872932699970576,0.051229778900187456,0.004036697534020329,315.1911210846478,341.7687106379447,19.928029991541063,0.14773676090819055,0.3577292956873517,238.35182123597943,1.6754302045468819,1.3166778485027484,33.588824025293206,0.5955423454426886,4.036986419127009,0.6470588235294118,0.29411764705882354,1.1938136010047287,1.6796060268672,0.0,3.8453121965169816,416,relaxed
10,global,15.176033231449523,0.11453880932739885,0.017599900237671436,310.9849822081273,339.2118300166361,3.455077391609807,0.9034422063039851,2.0083325868763224,210.30666314592534,3.57828490802938,57.84492480253448,123.97035488837325,0.5693286483373557,2.588235294117647,0.6470588235294118,0.17647058823529413,1.213410928590276,2.68529178830265,0.0,3.8453121965169816,416,relaxed
11,global,25.538423292777107,0.03719011849069573,0.018245508277708516,315.6417112674152,334.23904430670933,11.98003510039074,0.862772928984743,0.9229880175353561,180.37157593720005,3.4383250715629385,36.99819856118695,106.73849362808312,0.6118435986903451,2.3529411764705883,0.5882352941176471,0.11764705882352941,1.59257621819188,2.1521415704357536,0.0,3.8453121965169816,416,relaxed
12,global,2.3080309416580214,0.07851196332861629,0.003391839598117866,311.77154345137336,334.1188804649789,16.131011115352898,0.2761233354447872,2.9638919575364056,120.82283490143402,2.0024868367541484,1.8225580058908797,45.51752040278935,0.4639237606563047,1.8823529411764706,0.47058823529411764,0.0,3.3226452566020064,1.8404690101760572,0.0,3.8453121965169816,416,relaxed
13,global,24.325345657540073,0.15432625404989408,0.012309733757436818,317.54205892475164,330.2622622126795,19.16437444693233,0.9776163339542774,0.21642983441607644,121.2123555917372,3.3912462655744444,21.00325376326211,107.86695805053577,0.5987723531873476,1.8823529411764706,0.47058823529411764,0.0,2.0120538928600173,2.1595152448093717,0.0,3.8453121965169816,416,relaxed
14,global,5.80041397062495,0.08744496439064342,0.009495389325350911,312.69061913061023,330.7605760783844,5.090497582565236,0.06380759855254503,0.5548799500108472,119.12508126549093,1.0634139156907692,9.272579124979405,0.47180426912300744,0.4701837813392531,1.8823529411764706,0.47058823529411764,0.0,0.5693290047098853,1.7234376446759536,0.0,3.8453121965169816,416,relaxed
15,global,26.979589215095146,0.10285871854615987,0.019214865654974787,316.28878652094284,340.53832282562615,9.847034108223893,0.32142379242196284,0.8562799708472821,120.89252192071093,3.2996301275788777,49.81948204140622,96.39246694168199,0.6001008778519732,1.8823529411764706,0.47058823529411764,0.0,0.45077139697702984,2.2588971415659174,0.0,3.8453121965169816,416,relaxed
16,global,17.17332318994213,0.1367417949008166,0.016548989626916498,316.8726444392581,328.04901420513124,3.3346788943736403,0.4428783545715627,2.362842088549495,121.10400309743727,3.508852354709204,10.086591241712526,111.59237371888275,0.6447811489100265,1.8823529411764706,0.47058823529411764,0.0,2.1525611013998165,1.9415586056958796,0.0,3.8453121965169816,416,relaxed
17,global,4.255253720331362,0.1006690701807844,0.015512390705168968,314.999741017984,328.45617498634886,2.415936356541865,0.5689194913620872,1.5103307555437626,181.7356346207411,3.998342582704758,12.56945417727251,140.09169929706945,0.5679929263938621,2.112986925295631,0.4117647058823529,0.29411764705882354,4.849824039105926,2.2968328756275973,0.0,3.8453121965169816,416,relaxed
18,global,12.423712241551272,0.05761829970635964,0.0010690557951476849,318.09945393142,335.2560318280946,11.177672973650512,0.6405337160526694,1.4517676540168432,119.02357061658279,1.736375371687403,8.590242842425752,5.670288717314841,0.6099298548267431,1.8823529411764706,0.47058823529411764,0.0,0.2538290707671136,1.4689042884844552,0.0,3.8453121965169816,416,relaxed
19,global,6.992903381605343,0.09558231181012536,0.00852822511683988,310.16516194779337,336.2361927742529,7.001419952359079,0.31333730198850884,2.272487216537159,211.02361667003416,3.562715155679,14.32355289094861,124.33298009702305,0.6414408793522426,3.674097092648259,0.5294117647058824,0.29411764705882354,3.291938734968639,2.5118609178853624,0.0,3.8453121965169816,416,relaxed
20,global,3.561202144510405,0.17001269035836236,0.014339130767215252,318.2566332681329,338.523566172803,17.320546080340943,0.3977510070998823,1.3614635378420477,179.32620844241998,1.9079322518557358,34.48672003518354,60.011204621452244,0.5072871633699869,2.3529411764705883,0.5882352941176471,0.11764705882352941,0.5942396462580684,2.8660345637722506,0.0,3.8453121965169816,416,relaxed
21,global,29.377722805646208,0.06547716219975694,0.01080549773091663,319.6646710150865,336.999723085257,18.151584377062008,0.7268813016065443,0.5286972236402676,150.03201660265924,2.8528664638841845,15.458087889990088,78.77113352359345,0.6188063924616841,2.1176470588235294,0.5294117647058824,0.058823529411764705,1.4210997256518885,1.8948939073275701,0.0,3.8453121965169816,416,relaxed
22,global,1.6279661744132383,0.18198027032673864,0.013476502506319148,312.91173971377634,335.7131646561221,13.336137257290133,0.11234746273361307,1.0826133855193665,119.897297103363,2.418566885722932,45.04518303042867,0.6231297190152096,0.5086302059584613,1.8823529411764706,0.47058823529411764,0.0,0.5928497058598046,3.169915050434676,0.0,3.8453121965169816,416,relaxed
23,global,17.847178423563783,0.19314716314994163,0.005111303655093277,315.49801854264865,334.59945932216755,3.986547295423776,0.9564341262598889,1.963255651825454,120.74779364741548,3.2199592824016774,1.860357797089171,103.79087470377492,0.6621038326193275,1.8823529411764706,0.47058823529411764,0.0,1.9316082251686046,2.113396045499524,0.0,3.8453121965169816,416,relaxed
24,global,9.36108241194401,0.16482819305177765,0.002624581831269215,317.37254488928744,337.220429587267,5.579159098967514,0.1791004315127389,0.43848811406806876,119.18770582277911,1.2077058433964503,1.9596941648938615,17.80767106506051,0.5653599774106483,1.8823529411764706,0.47058823529411764,0.0,0.6182297786178518,2.0662929665597933,0.0,3.8453121965169816,416,relaxed
25,global,0.6706217602252522,0.13971480155825572,0.0012216625600442663,310.80697544983514,341.45120074574874,9.1680671161883,0.5163252667856595,1.7865596457742574,118.97349846037143,1.04769886992158,2.6916205652509295,1.234851184838414,0.5433255904233851,1.8823529411764706,0.47058823529411764,0.0,0.49874011902475646,2.159192666840484,0.0,3.8453121965169816,416,relaxed
26,global,16.2560007376242,0.025683868393088546,0.0017763903704679472,313.2217460751286,333.66042729077753,1.596853982873883,0.6735344572003524,2.177977666754259,61.89303320955914,2.4482366791592254,1.740799034326714,44.69681925336692,0.61006385929648,3.9678751881325125,0.17647058823529413,0.058823529411764705,1.0211338082798236,1.3747199820060185,0.0,3.8453121965169816,416,relaxed
27,global,13.460467187555892,0.1459554551693555,0.008117548331918741,319.3015304895015,337.63794655376813,16.99292425009954,0.8212810566062885,0.7239193244798062,77.35851701472315,2.3030460273482336,5.280334560438997,87.70973764308829,0.6103850379909385,3.3158580044120876,0.29411764705882354,0.0,2.1808974151939897,2.144330012804686,0.0,3.8453121965169816,416,relaxed
28,global,8.09556312660235,0.1606647269733694,0.006046804370159711,316.9575977617441,329.4828993634724,5.92650927217353,0.6061195683950389,1.1368137010224568,119.0289080047639,1.1800724529832978,0.8469498482236166,15.545110635030047,0.6400406713075215,1.8823529411764706,0.47058823529411764,0.0,0.38610659009932347,1.962582965679105,0.0,3.8453121965169816,416,relaxed
29,global,4.927490884890947,0.119448604343333,0.019766552545094955,311.4258879325764,331.2192069633141,14.111068550675984,0.23040368397689132,1.8740887100948693,241.04970495893065,4.134793988517481,50.44060756832535,159.3096817981259,0.5275857323165053,3.5974978515050773,0.6470588235294118,0.29411764705882354,2.425458577911516,3.312496142956036,0.0,3.8453121965169816,416,relaxed
30,global,22.81461831994934,0.12956127357363986,0.014559554113655497,316.0393747013076,332.1984625505823,13.911784849773296,0.7547628846449359,1.2599994620770714,121.44067255852984,3.4438512629900675,22.218495464272475,116.32987952565965,0.615554645468859,1.8823529411764706,0.47058823529411764,0.0,2.245696238390151,2.226568314182731,0.0,3.8453121965169816,416,relaxed
31,global,11.067654901647078,0.07017776100688627,0.017288394755057803,312.2330828000324,340.1385928554605,11.06234478399882,0.8232334509526243,2.7835774990542923,269.1227613566599,3.276651042792943,56.74035700599262,112.04276119403093,0.5226927131123267,3.0588235294117645,0.7647058823529411,0.29411764705882354,1.0261745476248085,2.7477556628806856,0.0,3.8453121965169816,416,relaxed
32,global,12.0393137165508,0.03486338154078161,0.016209643713807478,314.1266239663558,329.09361704078646,15.001303412963619,0.9401150391560169,2.641010388079552,225.14249319578337,2.9359397297445544,26.570022084962886,95.7233143551055,0.5735050856083818,3.422122766192246,0.5882352941176471,0.29411764705882354,2.490798907468766,2.1769430709587505,0.0,3.8453121965169816,416,relaxed
33,global,4.594571531265753,0.09385151775891146,0.00748141138868622,310.58464178796316,341.4347732244176,8.074174546,0.7712471233979353,2.15342189710148,210.15926852968624,3.54736114261264,16.660869189176005,113.3358206662082,0.5642245723327747,2.9198611521913724,0.5294117647058824,0.29411764705882354,2.449693091702155,2.6404424648518035,0.0,3.8453121965169816,416,relaxed
34,global,27.522697234398876,0.008450179045424625,0.013025837253289877,310.29858577672036,332.699614773506,3.3324760942205467,0.7540791711520651,2.3364675121889533,268.4397706655676,2.9319630654841733,19.01151547387809,88.78264773886018,0.6170004249398422,3.0588235294117645,0.7647058823529411,0.29411764705882354,1.6563522728990723,1.8754342048171186,0.0,3.8453121965169816,416,relaxed
35,global,4.505136419409082,0.07402440803630352,0.007359076457893157,318.48838385089687,339.6237794390717,3.264570754963467,0.20957156885506406,0.4454274415508843,119.17104098856912,0.6565869727425916,5.8230669309785945,5.638982990384375,0.3776507934553235,1.8823529411764706,0.47058823529411764,0.0,0.7238977954403246,1.5991349080282187,0.0,3.8453121965169816,416,relaxed
36,global,12.626865687994995,0.0378963381559366,0.00149378976378557,313.689578321292,337.6299998260827,18.785699326159353,0.23081563749075817,2.936405273838856,120.53239074617156,2.351655831767862,2.0049381578860648,41.041187862637855,0.6076178032452402,3.555774117591945,0.35294117647058826,0.11764705882352941,1.1299864000862656,1.4527015221326103,0.0,3.8453121965169816,416,relaxed
37,global,11.761068599515777,0.03454750581138591,0.0043381029077977536,313.55998949884645,337.3354009692471,16.781317182130927,0.23461715907130476,2.4589064046018168,120.68940045729542,2.572204494722834,1.0163642485831152,66.10058288523226,0.6033453047677838,1.8823529411764706,0.47058823529411764,0.0,2.6439505596791077,1.6245414381391972,0.0,3.8453121965169816,416,relaxed
38,global,8.45975912556943,0.11697340568737,0.004606613956525423,310.474451807279,338.4156674473661,4.935906576422194,0.1965779745647493,0.7421640432995196,119.38936340164403,0.9518768822118802,3.5213540903321565,28.368113154519442,0.6053333104398034,1.8823529411764706,0.47058823529411764,0.0,0.7504856194387091,2.247288128896586,0.0,3.8453121965169816,416,relaxed
39,global,29.24085711645605,0.16282227792662057,0.005130803569412655,313.2541447846406,331.8923058797409,6.700445339771205,0.09221559479179497,0.7113444457329111,119.54213964076487,1.5249466373844303,1.509131351461581,39.92440752976083,0.6780426328523788,1.8823529411764706,0.47058823529411764,0.0,0.8812406388459612,1.945626050710106,0.0,3.8453121965169816,416,relaxed
40,global,14.218940041397273,0.09711494229104992,0.001246495206446218,310.88421450171984,333.69154156946615,15.34020199088339,0.1774779661412505,2.0755100935055735,119.3205979247249,1.8519652261551454,5.7793417071166076,23.915275221851743,0.6019936157996836,1.8823529411764706,0.47058823529411764,0.0,0.5825764932031301,1.919581233175606,0.0,3.8453121965169816,416,relaxed
41,global,27.872932699970576,0.03127437965687124,0.004036697534020329,317.33498098081367,329.6338182880803,19.928029991541063,0.5230566954986269,0.7894397143171552,61.32319028033124,1.9329269630596737,1.8130876818986315,26.2766093680781,0.625914066961528,3.2998180563442485,0.23529411764705882,0.0,0.9319012465118538,1.4819127210463043,0.0,3.8453121965169816,416,relaxed
42,global,1.8559711544353092,0.10076007986066757,0.00683316407251779,311.133834184529,336.2350549106435,18.448715329350282,0.5556912364379019,2.0083325868763224,166.50264372959796,3.596206683808044,11.181809919974953,141.56347055641913,0.5563247524682651,2.1634439242825154,0.5294117647058824,0.11764705882352941,3.7815095283362656,2.6449845672368677,0.0,3.8453121965169816,416,relaxed
43,global,25.575719079293506,0.034008854423305326,0.0030309836506473,313.91878781237506,336.8366694121267,2.6979261950617337,0.7330927554403797,0.9229880175353561,252.9582604069408,2.3852067775659807,0.1778983531510225,46.33907537299085,0.625830146599782,3.754041079241614,0.7058823529411765,0.29411764705882354,1.0408200439676647,1.4885481661933848,0.0,3.8453121965169816,416,relaxed
44,global,2.3080309416580214,0.05423534173612633,0.003391839598117866,315.7191721763629,337.22447143460084,16.131011115352898,0.8127922187659369,0.9578007297304821,118.99332569512684,0.7853280718486636,2.6097380281681657,0.5944552801579657,0.47847854165428105,1.8823529411764706,0.47058823529411764,0.0,0.5847899904940413,1.492560387755309,0.0,3.8453121965169816,416,relaxed
45,global,5.105617674902694,0.17870435195414364,0.00792997224443305,312.5528370298631,330.80458725100476,7.676953271585008,0.1574123809947277,0.47923806427880633,119.06601592890816,0.6422053571998719,6.278266875773889,3.4367527158958575,0.5108529831027094,1.8823529411764706,0.47058823529411764,0.0,0.5109628722263687,2.397957770376381,0.0,3.8453121965169816,416,relaxed
46,global,5.80041397062495,0.08744496439064342,0.009952095071702406,312.73712818628525,337.0623873883739,10.82607844229062,0.7923612148312076,0.5548799500108472,224.2773944358476,3.4910372243724392,25.05906404504296,110.75892219230121,0.5729457533076948,2.9828206907397306,0.5882352941176471,0.29411764705882354,0.9291045637005314,2.595797953311961,0.0,3.8453121965169816,416,relaxed
47,global,26.979589215095146,0.10285871854615987,0.002972646123248648,313.2528933029946,338.67043898869747,9.930949531293875,0.99415037811566,0.10886493957125598,119.86174380673941,2.513494501166604,1.4827465473533608,62.9293175375736,0.6333356576013223,1.8823529411764706,0.47058823529411764,0.0,1.028129113730526,1.8559176530310646,0.0,3.8453121965169816,416,relaxed
48,global,2.7426718676879673,0.19985353707634623,0.016548989626916498,316.8726444392581,334.9161957022081,3.3346788943736403,0.9960035429155004,1.6434197710456309,225.7842878439279,3.7729558435960606,29.619164673546347,151.67456591710737,0.5795074591073878,2.5656219097379234,0.5882352941176471,0.29411764705882354,3.338862903034465,3.024670095476988,0.0,3.8453121965169816,416,relaxed
49,global,12.626865687994995,0.17249107701550614,0.00149378976378557,310.7842996596582,328.45617498634886,2.415936356541865,0.5689194913620872,1.387339823547264,119.54362369874609,1.9397710884990147,6.067189497514356,31.585686714917273,0.588187705053593,1.8823529411764706,0.47058823529411764,0.0,0.8578594230785498,2.1053228967052338,0.0,3.8453121965169816,416,relaxed
50,global,12.423712241551272,0.13984230293813357,0.0010690557951476849,319.8240345483645,337.00733799173565,11.177672973650512,0.6405337160526694,0.13247040922356268,119.31043894272669,1.6335264300956864,5.2317777360034325,21.1187719058357,0.5755974733777157,1.8823529411764706,0.47058823529411764,0.0,0.6527661187649947,1.8546913177323396,0.0,3.8453121965169816,416,relaxed
51,global,6.992903381605343,0.09558231181012536,0.0005349475445389617,312.46105257767516,336.2361927742529,12.614328280214998,0.31333730198850884,0.15801425217396226,119.20699941924536,1.5875725352672814,8.788887783717932,7.112915667488555,0.5924216273761421,1.8823529411764706,0.47058823529411764,0.0,0.5835128762140328,1.8728242597314253,0.0,3.8453121965169816,416,relaxed
52,global,3.561202144510405,0.17001269035836236,0.008711994924785875,318.20902971113236,334.6975628161533,14.756532252368157,0.2500021714059769,0.7258975565203296,119.09668502861405,0.41720929358096326,8.310263017480326,0.9174277855702213,0.48983259482278996,1.8823529411764706,0.47058823529411764,0.0,0.5554364333024543,2.2516164027113486,0.0,3.8453121965169816,416,relaxed
53,global,17.553806515559025,0.14099398536566699,0.0022208065560118083,318.92493033005536,336.999723085257,18.151584377062008,0.7268813016065443,0.11248150781004074,223.9409997993263,2.2305048756266346,0.5010358563257198,47.75140343176808,0.6193861608949653,4.324666033490622,0.5882352941176471,0.29411764705882354,1.2163402672296735,1.9147197847025619,0.0,3.8453121965169816,416,relaxed
54,global,1.6279661744132383,0.06311695905191356,0.005657375508080473,312.4755169800529,333.80964517126904,8.209544789109287,0.5263025849659652,0.9886833894308215,119.02113120014803,0.39738199631621185,3.757169372155701,0.7586878377536922,0.5184834330322703,1.8823529411764706,0.47058823529411764,0.0,0.6015016864238439,1.554298541987967,0.0,3.8453121965169816,416,relaxed
55,global,9.972461964987408,0.19314716314994163,0.005111303655093277,315.49801854264865,338.64878600443063,3.986547295423776,0.41417681869308487,0.1316437273538642,164.24702771007662,1.385059224401498,3.128265537488044,54.65706132043154,0.6513282843523918,2.523210662504829,0.47058823529411764,0.17647058823529413,1.055022729299175,2.380160916196292,0.0,3.8453121965169816,416,relaxed
56,global,7.687531620848508,0.16482819305177765,0.002624581831269215,317.37254488928744,337.220429587267,11.18231239810287,0.494653672690265,1.3513329330256285,119.16181610773316,1.5324957324293094,3.0730874109645314,17.472793047106247,0.6219972586528072,1.8823529411764706,0.47058823529411764,0.0,0.5077737220869976,2.1754496300442336,0.0,3.8453121965169816,416,relaxed
57,global,4.793656652483213,0.030823539318024992,0.0012216625600442663,311.7315754650126,340.505720945228,9.1680671161883,0.6509716310043375,1.566102852042494,60.48854286025102,2.0151901970339954,4.436397875346377,17.12127463246621,0.6493979119563184,1.9865138479082711,0.11764705882352941,0.11764705882352941,0.6485037747220834,1.4790233801060304,0.0,3.8453121965169816,416,relaxed
58,global,26.87921849462839,0.025683868393088546,0.0017763903704679472,313.2217460751286,333.66042729077753,5.635635526119419,0.2884119422693322,2.177977666754259,222.8750621539351,2.0975905613972414,3.173740818001216,19.99077032943049,0.6761874295967524,3.468795851674003,0.6470588235294118,0.23529411764705882,0.3978748904289362,1.4347786403855447,0.0,3.8453121965169816,416,relaxed
59,global,13.099983314746417,0.051990106787927794,0.015405119778091836,319.3015304895015,335.75721821212426,9.613987615061326,0.8212810566062885,1.3742819807087252,239.99917739803496,3.0349229245027773,22.01596418173787,96.93077062150098,0.590084128193661,4.1220323433865955,0.6470588235294118,0.29411764705882354,2.2471446282544743,2.064161040607681,0.0,3.8453121965169816,416,relaxed
60,global,15.42468295245393,0.036361713261658865,0.015091287428225372,318.2667822464522,337.9583229142853,5.92650927217353,0.5608247633775799,1.3831985920418852,239.87882490558871,2.9856569881107013,23.514038736611525,91.49275730790431,0.5834427910124937,4.07957510572147,0.6470588235294118,0.29411764705882354,2.101735058154628,1.9958549467700037,0.0,3.8453121965169816,416,relaxed
61,global,18.29766643087924,0.07098146570189753,0.00981511785296304,311.68365278815924,331.2192069633141,8.131163777909247,0.440780684295582,1.9432464877887332,195.32960078873538,3.531038730516294,11.851244697398753,109.40040333244805,0.632070159144777,3.161913322049406,0.5882352941176471,0.17647058823529413,2.2392490380768235,1.9295810596936576,0.0,3.8453121965169816,416,relaxed
62,global,28.19873541489214,0.0779293176811729,0.007013604322042106,310.72747704942407,332.1984625505823,13.82752726768243,0.19118334928740416,1.875558470927233,120.67681128585828,3.207790048436228,4.871482749748435,92.77910046288895,0.6540592426456855,1.8823529411764706,0.47058823529411764,0.0,1.8948194268081977,1.908685561167025,0.0,3.8453121965169816,416,relaxed
63,global,11.56585278187357,0.07017776100688627,0.017288394755057803,314.2099797412061,333.5857341743562,8.20889015541893,0.3609938730276873,1.3920528184595669,226.3808704564334,3.6678851524050304,34.27701938575331,127.25817429578368,0.5689658247838398,4.6617904944427995,0.5882352941176471,0.29411764705882354,2.7556650328056396,2.3979273731325352,0.0,3.8453121965169816,416,relaxed
64,global,12.0393137165508,0.05383898088830251,0.0038827626235071883,312.2360276692035,337.77144578832,9.009099326845728,0.33415537195650025,0.176599323416482,150.42638492655138,2.2008683333454657,1.3302965253685106,41.45484207684991,0.6343053135777387,3.6628302413410743,0.35294117647058826,0.23529411764705882,2.004616568873677,1.6951008410562316,0.0,3.8453121965169816,416,relaxed
65,global,20.690109432538925,0.006239725893439699,0.00234485695,312.997048762,336.2835448909674,8.074174546,0.42970766015975576,0.34975910710188707,178.3596744784652,2.0323452267764597,0.5883670602498361,31.045486470336954,0.6311655518290491,2.7326009302812215,0.4117647058823529,0.29411764705882354,0.23137033519061187,1.2673222399814623,0.0,3.8453121965169816,416,relaxed
66,global,12.703641692071738,0.008450179045424625,0.006819110460341871,312.93889309275363,332.699614773506,6.174749718370777,0.45839981558892906,0.7698703738952096,180.20991268987993,2.5323657557955426,4.161066383352187,61.97998309910131,0.6062523191425631,2.462568318835151,0.4117647058823529,0.29411764705882354,3.418974703982993,1.4571853445645644,0.0,3.8453121965169816,416,relaxed
67,global,6.22854036987,0.06391055313858904,0.007359076457893157,316.30359004750926,334.6144042368675,3.264570754963467,0.47135222331755366,2.2284086605227786,121.91907304302283,3.2190044994695164,3.8608209926827857,93.81810866548766,0.6228704601145966,1.8193818557210164,0.29411764705882354,0.17647058823529413,4.466399074861208,1.8202634698656974,0.0,3.8453121965169816,416,relaxed
68,global,7.525871608066912,0.05799229306508486,0.0017801279371795192,313.689578321292,340.8516960990978,2.7683769856096374,0.5011569382111366,2.936405273838856,90.70317973928547,2.4969822176821714,1.0624716263344216,55.06634490785518,0.5907867102568263,1.6389910130718954,0.35294117647058826,0.0,1.961470176574366,1.6263165343563128,0.0,3.8453121965169816,416,relaxed
69,global,15.246647781371852,0.19883252767976817,0.0038257141624138107,319.0356618970375,333.9020732936306,10.509094091778888,0.538397363972229,1.70768192441155,119.76683618249128,2.2438526670720993,2.208268173648178,53.12351026276175,0.6327221948676562,1.8823529411764706,0.47058823529411764,0.0,1.0125841563301754,2.0395181023137785,0.0,3.8453121965169816,416,relaxed
70,global,12.916247253251377,0.04395270144923986,0.004606613956525423,313.40077520183837,334.6885997300259,4.935906576422194,0.4423003023260966,0.7421640432995196,210.25126911914654,2.734869496757724,0.8385498406967072,67.51372091958571,0.6022802071317942,4.019086391040895,0.5294117647058824,0.29411764705882354,3.1328323005436958,1.623722587625603,0.0,3.8453121965169816,416,relaxed
71,global,24.19205852012398,0.015826033374135018,0.017359779194979524,313.4173185711924,337.43048332808917,8.115774068946704,0.2965206118213702,0.7113444457329111,180.42430764313463,3.3862976654194785,40.355032957615215,103.32710400779831,0.6022146337722899,2.3529411764705883,0.5882352941176471,0.11764705882352941,1.6358144989415004,2.1133185907165117,0.0,3.8453121965169816,416,relaxed
72,global,9.724700191119656,0.06136773034531948,0.002926971112820322,313.75016282013917,333.1735102094246,15.34020199088339,0.1774779661412505,0.5507481177484225,118.96925870761869,0.9674466108839174,2.0670556857346796,3.3054298176302446,0.564849470137104,1.8823529411764706,0.47058823529411764,0.0,0.4856146520143762,1.6229269878328627,0.0,3.8453121965169816,416,relaxed
73,global,27.872932699970576,0.018010047031615656,0.0013587968098302747,315.3053685018904,337.16091436632814,5.864975931213397,0.5230566954986269,0.8628282598135097,193.31667972374942,2.121486009500375,4.023393716792901,17.810473802239375,0.6837192975128624,3.283452843947497,0.5882352941176471,0.17647058823529413,0.29819245168349456,1.4198190274713702,0.0,3.8453121965169816,416,relaxed
74,global,11.009690765888976,0.19399928663969518,0.006761274568156684,313.4743666803768,337.5220848313675,11.10744409203878,0.18312345888561893,2.0083325868763224,120.30749181098054,2.4279626005365698,7.414962597854278,77.40863931603958,0.6969403560980469,1.8823529411764706,0.47058823529411764,0.0,1.3761682339900585,2.538048493475167,0.0,3.8453121965169816,416,relaxed
75,global,2.4743365216364577,0.024924145014296045,0.0032867055978174665,313.1241540510188,334.23904430670933,7.6498232033664975,0.3531103656334118,0.8156271191422253,118.93912923984267,0.6196500330620273,0.9359619127255788,0.3597712859881516,0.5080892823314538,1.8823529411764706,0.47058823529411764,0.0,0.5610554914768011,1.0251784094423677,0.0,3.8453121965169816,416,relaxed
76,global,2.3080309416580214,0.05423534173612633,0.003391839598117866,312.98051784717126,333.39666078071485,3.650980794114,0.8127922187659369,1.4827758562450726,134.6984110328451,1.9482651575194063,1.0963726706613084,25.345383498940944,0.6364443260504661,2.526404195943737,0.29411764705882354,0.23529411764705882,1.443201682105057,1.4498109494546256,0.0,3.8453121965169816,416,relaxed
77,global,5.105617674902694,0.005057104643336169,0.0012269320912484654,312.5528370298631,330.80458725100476,7.676953271585008,0.43125143007910127,1.4468268679389746,121.03736032542302,1.9747400983064543,5.930905316164492,8.388887374578312,0.7866009363291729,6.050711252996026,0.29411764705882354,0.17647058823529413,0.13966997424316333,1.3779059422353312,0.0,3.8453121965169816,416,relaxed
78,global,19.273260059998176,0.09580073970653238,0.009495389325350911,313.13349854402753,333.8460177808054,7.345088779407549,0.1667891593590659,0.5548799500108472,239.05538899231493,3.292123270759045,9.462725365340136,93.56138602018181,0.6345106896348565,2.823529411764706,0.7058823529411765,0.23529411764705882,2.2144890559544996,1.9825743990964715,0.0,3.8453121965169816,416,relaxed
79,global,17.453377602983338,0.10285871854615987,0.01419425439155331,315.8920427323618,337.8675702684137,13.351107442026409,0.4453203278894306,0.1802627914267998,268.77848847481016,2.942013949087745,25.03795291697125,90.10088989607779,0.5899548409791409,3.0588235294117645,0.7647058823529411,0.29411764705882354,2.06033099941558,2.2922879124399542,0.0,3.8453121965169816,416,relaxed
80,global,15.582063422476626,0.032278267618888745,0.007888676448512271,311.55822104613543,336.00358093794756,3.3346788943736403,0.626059126971758,2.362842088549495,211.31846503638405,3.229571162332796,8.16597568959378,93.74377608425131,0.5555135057438991,4.3169590701603155,0.5294117647058824,0.29411764705882354,4.132004680628803,1.8505846644796027,0.0,3.8453121965169816,416,relaxed
81,global,12.626865687994995,0.045656002102496006,0.005307782210116741,310.7842996596582,339.2206058170719,2.415936356541865,0.12015064999910918,0.7838287317822322,195.74720813513244,2.717474374877528,3.55170554432075,65.76502975293891,0.6239152288894374,4.0554270921199365,0.47058823529411764,0.29411764705882354,3.4223278142569633,1.763043635088238,0.0,3.8453121965169816,416,relaxed
82,global,18.669451237034234,0.03694090607397023,0.0028579712383645737,318.09945393142,335.2560318280946,12.267519010103166,0.2769307823175973,0.7767034093725388,104.2721629467356,1.5160628484391108,2.3707840757493406,8.560983008154338,0.5575984199616034,2.021629905241466,0.4117647058823529,0.0,0.2291409986941971,1.4374334616149607,0.0,3.8453121965169816,416,relaxed
83,global,6.992903381605343,0.09558231181012536,0.0005349475445389617,313.0660393558105,336.2361927742529,7.570306764542936,0.11266526146226419,0.3292794869719553,119.1181171405893,1.5186728196241628,7.804727848947361,4.125201616086441,0.574838705572985,1.8823529411764706,0.47058823529411764,0.0,0.511873448431285,1.7483157445078024,0.0,3.8453121965169816,416,relaxed
84,global,13.918984973782123,0.06867904745069162,0.004852954586166883,314.8983306486344,336.2750934628701,8.53162176029341,0.25563649185672277,0.7258975565203296,165.36438805099976,2.0283528143504155,1.2496955262133238,41.234785124311024,0.663259335638414,3.741028568172475,0.47058823529411764,0.17647058823529413,2.401746391077038,1.722290418576308,0.0,3.8453121965169816,416,relaxed
85,global,29.377722805646208,0.008584846685372668,0.006492416134564482,319.6646710150865,331.24405486945506,3.4612897420326165,0.7268813016065443,0.5286972236402676,194.25333071562105,1.9090018112559382,0.13946742435967202,34.10232248113014,0.5997780149649199,3.912615919289187,0.47058823529411764,0.29411764705882354,1.3906107741038385,1.3265270417377537,0.0,3.8453121965169816,416,relaxed
86,global,1.6279661744132383,0.06271262317037699,0.005657375508080473,312.8043174818638,336.3943752120159,7.459233403993124,0.30123239723007345,0.4882370653223389,119.05420659376553,0.41229819475495627,5.291533421313191,0.8155807247240283,0.525682947648095,1.8823529411764706,0.47058823529411764,0.0,0.6043920057267835,1.5258709833482365,0.0,3.8453121965169816,416,relaxed
87,global,9.21811531285963,0.058860269178446056,0.000514573227185993,315.2616824119275,335.3775404911612,3.986547295423776,0.5389549549539854,0.6934783593397696,119.2120556447226,1.6697843445234897,10.775208470323241,3.4690533619758517,0.7059637137271043,1.8823529411764706,0.47058823529411764,0.0,0.580251434220261,1.4806057891771216,0.0,3.8453121965169816,416,relaxed
88,global,9.272772726480724,0.18219093059417119,0.0065020231462833596,317.37254488928744,335.16894095293355,12.437150765204912,0.494653672690265,0.6074454849161034,119.50125494176066,1.0789586625217122,2.9149644703854833,36.84990053550058,0.6046387104440349,1.8823529411764706,0.47058823529411764,0.0,0.8225583910545928,2.313104858037572,0.0,3.8453121965169816,416,relaxed
89,global,18.669451237034234,0.030823539318024992,0.0028579712383645737,314.29212925834565,340.505720945228,12.267519010103166,0.3629753037234106,1.566102852042494,238.60694296109,2.4052298354491404,0.22815188094433472,50.41123189212688,0.7154818733719298,4.098980657623063,0.6470588235294118,0.29411764705882354,1.3120498049947635,1.47560358045191,0.0,3.8453121965169816,416,relaxed
90,global,16.2560007376242,0.02106460877450471,0.0017763903704679472,313.2217460751286,338.8834680372251,10.452856942190508,0.4647190260155325,0.7242900227403252,135.55023327690785,2.225591558547736,2.5610736936615686,24.77448332549485,0.5554127011605655,3.9205894964791574,0.35294117647058826,0.17647058823529413,1.7043902966855926,1.3553430497722296,0.0,3.8453121965169816,416,relaxed
91,global,16.2101169980654,0.02917875722912079,0.0026281994170344776,319.3015304895015,337.1003670831259,16.99292425009954,0.8212810566062885,0.48074055410405814,179.3947667311189,2.236985100320791,0.23346482076460592,38.95268727209084,0.6758319522577709,3.7179122224893395,0.4117647058823529,0.29411764705882354,1.157312818356551,1.3838506646334272,0.0,3.8453121965169816,416,relaxed
92,global,15.92932272646493,0.04601647606121241,0.0018618265366763705,313.53673464534046,336.5327747590299,5.92650927217353,0.6014134266519173,0.3486769326939021,209.1496782893969,2.263848694278687,1.2558572067809781,32.59614796953996,0.6019042982799495,4.021594460887288,0.5294117647058824,0.29411764705882354,1.6304601247904487,1.4847242750975724,0.0,3.8453121965169816,416,relaxed
93,global,2.8797626196326487,0.0057906406804934946,0.006567373163606229,311.307685101237,331.2192069633141,8.131163777909247,0.2820616379625727,1.9432464877887332,121.41823810804067,2.9617609494586707,3.7611906457704536,77.23514088227508,0.7771165365415205,5.129326871817774,0.4117647058823529,0.058823529411764705,0.49104254897212485,1.5328306561901863,0.0,3.8453121965169816,416,relaxed
94,global,28.19873541489214,0.07784121812848835,0.007013604322042106,310.72747704942407,332.9353842752272,6.848891750576483,0.12272533446138512,1.875558470927233,120.45147718100135,3.0123253667321874,4.7513577058393075,79.7101208678138,0.6621095271155834,1.8823529411764706,0.47058823529411764,0.0,1.7186190478043393,1.8452016496188448,0.0,3.8453121965169816,416,relaxed
95,global,21.26951749069541,0.009771624412533056,0.015609343250422075,311.0561556659644,335.5545943834583,8.20889015541893,0.680570796820597,0.30816228052910044,239.77563306913024,2.840917782130502,35.98158704038186,83.01998144970935,0.5958546377063317,4.055851907282047,0.6470588235294118,0.29411764705882354,1.5920685881775938,2.1112531508904917,0.0,3.8453121965169816,416,relaxed
96,global,7.135360418791339,0.07270036232659975,0.0040006607370595216,312.2360276692035,334.09691260417316,3.0780011071838134,0.4786261458142501,0.6956712661214136,46.615630716297716,1.9450121130687332,0.8633083295958786,29.23075966667729,0.6303099383451202,1.5529838053627663,0.11764705882352941,0.058823529411764705,2.649286204348807,1.6859150181082239,0.0,3.8453121965169816,416,relaxed
97,global,13.434654594293974,0.11875763373902562,0.009555950915482468,311.5603497314108,330.4733058483496,7.418963804607389,0.3404897568812963,1.0691339964858653,269.09792144352156,3.7890180575707206,9.696712174072294,122.8536734476202,0.62422886360083,3.0588235294117645,0.7647058823529411,0.29411764705882354,2.6230217786127383,2.1653654279062677,0.0,3.8453121965169816,416,relaxed
98,global,7.067723075449703,0.12437556638945675,0.014727615842930503,312.93889309275363,334.4872504298245,6.174749718370777,0.17178287439983547,1.941739685371354,225.8434486512536,3.543561081206646,29.651526092204126,119.48385866931251,0.5576536926611313,3.8953009015108973,0.5882352941176471,0.29411764705882354,2.7868903578122306,2.749471267999521,0.0,3.8453121965169816,416,relaxed
99,global,4.505136419409082,0.07402440803630352,0.0035014557119706106,312.08505922480913,329.40769301716864,4.679197798437675,0.22568626641844708,0.4454274415508843,118.92407281933974,0.7181422303122086,1.0616331280562226,0.2379210216273499,0.4341181344366389,1.8823529411764706,0.47058823529411764,0.0,0.5215469734690958,1.5383414382079446,0.0,3.8453121965169816,416,relaxed
100,global,7.32561506125124,0.05799229306508486,0.003602401850958211,310.7155627821123,332.61330160863736,2.7683769856096374,0.2828587427077994,2.936405273838856,47.37127691747256,1.8450276586265804,0.5789312034569468,28.623328833914684,0.5187356100915275,0.9012299914485493,0.11764705882352941,0.058823529411764705,4.853472187169304,1.5629523254711155,0.0,3.8453121965169816,416,relaxed
101,global,9.09124448677075,0.08440865104113127,0.007799652411717602,316.8483199040629,329.3722677622158,6.447394427242183,0.538397363972229,1.183800156714709,165.78724763297683,2.4717492449435836,1.372597222595418,52.28313600793462,0.6249374499038857,3.7630533318878356,0.4117647058823529,0.23529411764705882,2.9865313126792685,1.6784266415016138,0.0,3.8453121965169816,416,relaxed
102,global,8.45975912556943,0.09438460910585948,0.0018114284584760127,310.474451807279,338.4156674473661,5.244504190007645,0.1965779745647493,2.793568045332022,119.10554623992356,1.4831997252375633,2.114803962277209,16.070779231871928,0.5585330741385292,1.8823529411764706,0.47058823529411764,0.0,0.47379790493424445,1.9817473562850396,0.0,3.8453121965169816,416,relaxed
103,global,5.0214669846589075,0.16282227792662057,0.005130803569412655,313.2541447846406,334.60439215568607,5.0723068492578705,0.3184348349266377,0.7113444457329111,119.07686604372715,0.660936023300222,2.312666474303048,9.747365541916368,0.5315747096442327,1.8823529411764706,0.47058823529411764,0.0,0.563727253286391,2.3242682112866393,0.0,3.8453121965169816,416,relaxed
104,global,3.801566970038966,0.10132406438170688,0.002795485714984291,313.75016282013917,333.8186426032505,15.34020199088339,0.1774779661412505,0.3545000952121584,118.91662666468774,0.632974316259663,0.8974263726982042,0.1838677882209756,0.45819405660050144,1.8823529411764706,0.47058823529411764,0.0,0.5102249527458865,1.7922499705759707,0.0,3.8453121965169816,416,relaxed
105,global,21.3791656451313,0.1252144630469283,0.0021874990712320123,311.757298316668,337.0774514490762,19.928029991541063,0.4222108670574757,0.8377119796997445,119.47358755363067,2.2522552135236396,3.247498713839598,39.258733074227905,0.6634775728988918,1.8823529411764706,0.47058823529411764,0.0,0.6584873705977441,2.0352286279665472,0.0,3.8453121965169816,416,relaxed
106,global,11.009690765888976,0.1565252820588308,0.0027746565975523456,313.4743666803768,333.1070095751468,7.23991539435154,0.4888424803190161,1.4371166562041116,119.36563796714734,1.8575194729269158,2.212038227966065,30.8560375933985,0.6445252504121607,1.8823529411764706,0.47058823529411764,0.0,0.6673231037719253,2.156332867128391,0.0,3.8453121965169816,416,relaxed
107,global,2.4743365216364577,0.018649374784006148,0.009318381149616136,313.1241540510188,335.81650349852185,10.410126019843032,0.3848692607529859,0.8500529380936828,166.2749992822009,3.1245296202220096,15.656765984774822,103.90417615926461,0.6685594539496064,5.267084460979061,0.47058823529411764,0.17647058823529413,0.8143249417757128,2.149305208050757,0.0,3.8453121965169816,416,relaxed
108,global,15.480860594083953,0.05365230557972622,0.003533554587862163,314.6429483913248,337.22447143460084,16.131011115352898,0.8127922187659369,0.7372858181083862,224.45213572113445,2.496721359563462,0.5351450583374493,55.21794211750652,0.677197407975161,4.272496517400832,0.5882352941176471,0.29411764705882354,2.1290513446427135,1.64498760631917,0.0,3.8453121965169816,416,relaxed
109,global,5.105617674902694,0.15660783385072463,0.00792997224443305,312.5528370298631,330.80458725100476,8.15286779282211,0.1574123809947277,0.8659386511217072,119.0526524547599,0.6692059325085318,5.2781105620568,3.438168786707488,0.5211565853283406,1.8823529411764706,0.47058823529411764,0.0,0.5241797901820178,2.294141852644051,0.0,3.8453121965169816,416,relaxed
110,global,7.6907664421537545,0.16332886270111455,0.0026216859862304483,317.3272476719114,337.20837121280067,11.150135476486257,0.4921326119067262,1.3413251221651374,119.15948878323509,1.5313511318525737,3.0083986847676925,17.163930756353402,0.6357839986630226,1.8823529411764706,0.47058823529411764,0.0,0.5107029444558783,2.167851306041315,0.0,3.8453121965169816,416,relaxed
111,global,26.979589215095146,0.018814696483887602,0.0036081231262814926,310.43229056061455,338.2125595814997,5.772449786123382,0.33417517977834804,0.10886493957125598,253.20571068048102,2.431503310360582,0.6238771689702386,52.253022283906496,0.6674838816019713,3.650735294117647,0.7058823529411765,0.29411764705882354,1.4975707163042826,1.4545648764262835,0.0,3.8453121965169816,416,relaxed
112,global,5.397005330682688,0.021310338558655398,0.0018508199328075327,312.84764321475916,331.41497331186787,9.65879488740104,0.4604946775497155,0.13697273954486544,178.8461980893452,2.093324625882556,2.603804550671096,24.224019458513204,0.7527083236526965,3.5699155266577685,0.4117647058823529,0.29411764705882354,0.4072055336724308,1.3231129587150672,0.0,3.8453121965169816,416,relaxed
113,global,12.626865687994995,0.17249107701550614,0.00149378976378557,314.9722404481103,339.34365096191755,13.637890810144935,0.5226853597245611,0.4870083412259989,119.7437370377525,1.978639435164398,3.7717889249004326,46.458030975021984,0.5993825173865508,1.8823529411764706,0.47058823529411764,0.0,1.0469686445228663,2.2459418552576493,0.0,3.8453121965169816,416,relaxed
114,global,14.831762224141276,0.03694090607397023,0.005289245880658352,318.09945393142,335.2560318280946,12.267519010103166,0.6416383816942377,0.5973906617432593,195.50485002607482,2.4375256567596155,1.8822356376853386,59.912022246391,0.5720529758405368,3.918979342284234,0.47058823529411764,0.29411764705882354,3.2784566044210384,1.5543367342049206,0.0,3.8453121965169816,416,relaxed
115,global,13.159225623576994,0.15845569477847057,0.0016895878036618205,317.20145823730974,339.00616842885916,11.570093732152726,0.39120915440866194,0.914785853457575,119.6783443973939,1.9873956051472073,4.864423060398572,40.941163212794784,0.5818681885191793,1.8823529411764706,0.47058823529411764,0.0,0.9876475835319002,2.0743896645480406,0.0,3.8453121965169816,416,relaxed
116,global,5.218833899025826,0.014374973716388614,0.0029074384930756108,312.7746776223477,338.4260719803875,14.48443880533175,0.2500021714059769,1.983257336027581,166.429059627286,2.2537130853381653,0.6027991045981429,44.28216096923681,0.4683860239540297,1.4996996000985134,0.35294117647058826,0.29411764705882354,6.755578525898284,1.3343527245862803,0.0,3.8453121965169816,416,relaxed
117,global,0.17190288839871393,0.04214174060383162,0.016996848933472156,319.6646710150865,336.999723085257,11.036503698164887,0.4417093913739279,1.172615421757909,119.87445872539098,1.9401589788486755,42.974963081290696,2.487399561507601,0.6768225433368473,1.8823529411764706,0.47058823529411764,0.0,0.6069953560197326,2.5708189278769176,0.0,3.8453121965169816,416,relaxed
118,global,7.003329324884698,0.09479984776302032,0.0005536845876959375,313.06532513236385,333.80964517126904,7.5755230435114225,0.11409872642738927,0.32985245958585496,119.12113489049763,1.5210601082906507,8.021324026554652,3.572830236277497,0.5780982267357113,1.8823529411764706,0.47058823529411764,0.0,0.5208780448747589,1.6979677546136072,0.0,3.8453121965169816,416,relaxed
119,global,9.21811531285963,0.05532989955073008,0.016142873118681667,311.7130522274481,332.0333850257774,3.9299147493810835,0.2162470696979552,1.080291769327424,211.71276954212695,3.9012363438851385,28.825785890662143,133.15638846613115,0.5854580550241398,3.874956855868127,0.5294117647058824,0.29411764705882354,3.7063143656243693,2.440375810077634,0.0,3.8453121965169816,416,relaxed
120,global,27.989628497140746,0.16482819305177765,0.002624581831269215,317.37254488928744,332.9676867282692,6.861576460953744,0.12405465276514793,1.8601236279191575,119.2027307122094,1.9712427567181603,2.2392202471279568,27.03577135463243,0.684765572243221,1.8823529411764706,0.47058823529411764,0.0,0.4156528279182636,1.7863751897220201,0.0,3.8453121965169816,416,relaxed
121,global,13.536980383728814,0.05538925735037844,0.003475716783415861,311.7315754650126,334.908528396689,9.132192316654773,0.4507384881452739,0.304432661043595,224.41814078020252,2.500881869821155,0.331104002701196,56.132036150266956,0.5874940865184098,3.7098349265837447,0.5882352941176471,0.29411764705882354,2.6212619497751994,1.7022264626348687,0.0,3.8453121965169816,416,relaxed
122,global,12.612770760476776,0.025683868393088546,0.0017763903704679472,313.2217460751286,335.9149875794619,1.596853982873883,0.3753475521153192,0.2659119080338346,75.16023647377327,1.9783406558391103,3.3597744213336362,13.812485831159767,0.6416387955299548,1.7203307212714645,0.17647058823529413,0.11764705882352941,0.9602825101118635,1.354899374417582,0.0,3.8453121965169816,416,relaxed
123,global,13.460467187555892,0.04984614256934956,0.001327484832507924,319.3015304895015,340.5818269307204,14.856177988008934,0.7613184512086949,1.2333158527249348,118.96693032110646,1.883174673569867,6.624858923709238,7.048128169709896,0.6029053288800753,1.8823529411764706,0.47058823529411764,0.0,0.18618334774859902,1.4816133027830265,0.0,3.8453121965169816,416,relaxed
124,global,6.6865096725758875,0.18712729314806043,0.0028309914909279725,316.9575977617441,336.4716973720354,5.92650927217353,0.6061195683950389,0.8409791386156973,119.19757309878376,1.3080549371531678,2.629154432398585,16.669381396946058,0.6241815158521802,1.8823529411764706,0.47058823529411764,0.0,0.6205984587094227,2.239149815831332,0.0,3.8453121965169816,416,relaxed
125,global,15.683906231563622,0.0057906406804934946,0.016687728501271773,313.4521054395607,335.82515061695847,1.0166894430912112,0.43274723391803266,1.4114374048823501,225.76663118018192,3.1225403662168736,32.56042180095486,94.17402874308634,0.570509579101926,4.395896880264501,0.5882352941176471,0.29411764705882354,2.5524016844706447,2.0321593967309677,0.0,3.8453121965169816,416,relaxed
126,global,12.60996833438874,0.013132385266335075,0.0013709871223367785,313.7968481037203,340.60508212307957,5.852892433950934,0.2700334470502375,1.875558470927233,89.66208908165407,2.0606448566789277,3.619502043704623,15.14895541116656,0.6892996247563725,1.6977557875978724,0.17647058823529413,0.17647058823529413,0.529867753916678,1.3425719892581638,0.0,3.8453121965169816,416,relaxed
127,global,29.95625323465818,0.09128943678492435,0.017288394755057803,314.50261719401743,334.2393656223451,8.82915923943376,0.590757168467732,1.3920528184595669,121.19156116176795,3.759687804379784,30.56697741186339,125.26846127490974,0.6292953626414439,1.8823529411764706,0.47058823529411764,0.0,1.2224775095277676,2.1404427680387523,0.0,3.8453121965169816,416,relaxed
128,global,10.945848177604265,0.00855048894717754,0.01651240214183071,314.23383491679704,334.09691260417316,3.0780011071838134,0.33356861305480906,0.6956712661214136,224.32052616100896,2.929069631302605,29.365863351054326,89.45594929642431,0.5841942896444272,3.158182563357095,0.5882352941176471,0.29411764705882354,1.1261208292248852,2.047130350670328,0.0,3.8453121965169816,416,relaxed
129,global,12.99920082844673,0.09046282880610129,0.0031795184222475695,313.17684456873155,336.055647867,8.859371615296185,0.5368881846616458,0.5403183519264367,163.80690564784928,1.539238954704623,0.8440577107406751,36.412416150768365,0.5714324342507782,2.260699845525342,0.5294117647058824,0.11764705882352941,0.9053223526998683,1.8826949854624133,0.0,3.8453121965169816,416,relaxed
130,global,12.703641692071738,0.015727758364553188,0.006819110460341871,314.00553063479276,331.51742657298706,6.974687967687872,0.45839981558892906,0.7698703738952096,179.5219889524445,2.600092116409093,3.3112450629162025,65.3018689710218,0.6122192684686698,2.7750946050726903,0.4117647058823529,0.29411764705882354,1.6940474055494,1.497331511917411,0.0,3.8453121965169816,416,relaxed
131,global,13.728277460710014,0.07402440803630352,0.006398434103976678,314.6438086585768,329.5464770145842,6.48576644203222,0.11167391737800364,0.4454274415508843,89.88893669476036,0.6001117420869932,1.413939018210579,13.593891971035378,0.5841770806512259,2.2724523326636454,0.35294117647058826,0.0,0.5926938914093249,1.5640676127951227,0.0,3.8453121965169816,416,relaxed
132,global,5.411654992884953,0.05799229306508486,0.003602401850958211,317.3225958772365,336.49062859753695,16.531569395464768,0.08556555323633092,2.936405273838856,178.53686096052613,1.3169984335654477,0.3487564908552615,19.430323707974168,0.5936104605894442,2.3529411764705883,0.5882352941176471,0.11764705882352941,1.2378060111468467,1.3600272825669497,0.0,3.8453121965169816,416,relaxed
133,global,5.974034976270897,0.19883252767976817,0.010063349535676005,315.2900551535384,333.9020732936306,13.851811083115948,0.725746171422794,0.45115088555492533,180.04979893910797,2.0778851135010656,14.535228815323844,66.14801630098542,0.5630813887240941,2.407079800789981,0.47058823529411764,0.23529411764705882,2.6520998931240545,2.7724345834287467,0.0,3.8453121965169816,416,relaxed
134,global,8.45975912556943,0.09438460910585948,0.007149697159556393,312.10355624895254,338.05118728850545,5.244504190007645,0.7473517853201816,2.793568045332022,195.95852761448523,3.5360274564010616,11.139975053126346,112.47715250698954,0.6414994972786063,2.800176190718502,0.5882352941176471,0.17647058823529413,3.8161564730724082,2.352414423011492,0.0,3.8453121965169816,416,relaxed
135,global,11.815371922889653,0.005255486540297144,0.005666688902875335,313.2541447846406,329.6327300742892,5.0723068492578705,0.189645087945288,2.9857636092577757,151.02369613292905,2.1259975336181642,0.2028504153498982,41.36741107721462,0.5388338112129437,1.7544615509063128,0.29411764705882354,0.29411764705882354,5.175831762506973,1.253318649849037,0.0,3.8453121965169816,416,relaxed
136,global,26.099631304781735,0.10132406438170688,0.0005121844358584142,313.75016282013917,333.8186426032505,16.617265651779626,0.42565571805250674,0.14454080520335633,119.58137628422399,2.3634610986249562,7.2724525513312726,29.621256064469062,0.6265723078492966,1.8823529411764706,0.47058823529411764,0.0,0.9109114280806858,1.7425827029734626,0.0,3.8453121965169816,416,relaxed
137,global,27.872932699970576,0.1269676933400726,0.004277817828385707,310.98404209381766,329.6338182880803,8.198876949465284,0.16288449251068082,1.8925370553505811,119.52564957085677,2.2067924684160096,0.8181447252788248,46.03711746001393,0.6667307910986562,1.8823529411764706,0.47058823529411764,0.0,0.728586006302772,1.8914815558774984,0.0,3.8453121965169816,416,relaxed
138,global,9.679612434563035,0.02427224163544682,0.0027746565975523456,311.9885668892073,340.59386916101295,9.173661124312128,0.46683726453915997,1.4371166562041116,178.78226785026848,2.4215512704400446,0.39038250886631065,51.99738866626144,0.674979920192997,3.020820057366926,0.4117647058823529,0.29411764705882354,0.35382202394582096,1.4397016059588885,0.0,3.8453121965169816,416,relaxed
139,global,6.069281055798891,0.018547350172974236,0.0032867055978174665,313.1241540510188,334.161157778751,3.649411806868118,0.12351646737390926,0.8156271191422253,32.003703855689565,1.3898854309448776,0.4287167484447938,13.34012488742694,0.6184335946764832,2.332120602850683,0.058823529411764705,0.058823529411764705,2.42812873508103,1.111950864547202,0.0,3.8453121965169816,416,relaxed
140,global,18.941138613329002,0.12481177735440821,0.003391839598117866,312.9176958345261,336.46008168547087,6.271673228523808,0.2706324158394326,0.4214186608482917,119.56814611540354,1.7512486875628699,1.1458598411725647,41.26178987483844,0.6220509356753433,1.8823529411764706,0.47058823529411764,0.0,0.9170785793682008,1.9708915494935828,0.0,3.8453121965169816,416,relaxed
141,global,5.34507055827182,0.18348797934052846,0.0019177584553538296,313.90743646537493,337.56922928132127,10.91555249592432,0.580195376234945,0.8659386511217072,119.23045975551362,1.4542443837813324,4.100304993669224,16.332816778970532,0.6207770131122446,1.8823529411764706,0.47058823529411764,0.0,0.6238774868901904,2.4827711956558125,0.0,3.8453121965169816,416,relaxed
142,global,5.80041397062495,0.034744513459702864,0.016781080548249037,312.69061913061023,330.7605760783844,7.175273404529269,0.31261725405471197,2.0851096549006143,225.73920922103255,3.7343385223628047,29.83443507807595,128.5942666560534,0.5502479967359358,2.4930285163877137,0.5882352941176471,0.29411764705882354,3.7900922080505626,2.4583026289663876,0.0,3.8453121965169816,416,relaxed
143,global,7.774083100738895,0.10285871854615987,0.009381710565220868,312.4023050187773,339.9244502986527,8.809364735748968,0.99415037811566,0.10886493957125598,225.68619691695295,3.437576679084773,29.709597194158746,100.98927002755664,0.6131807163853098,3.716426530878633,0.5882352941176471,0.29411764705882354,3.01951073238644,2.6497777643048614,0.0,3.8453121965169816,416,relaxed
144,global,7.73625541366733,0.06799894100601364,0.016548989626916498,316.8726444392581,329.58668821402705,8.568071098358555,0.5477142706417838,0.9549309210759958,210.4264442642893,3.6321037532051994,15.433296154013707,120.97818690386403,0.6096311214964492,3.4288043833759865,0.5294117647058824,0.29411764705882354,2.3728506963106972,2.169236001165699,0.0,3.8453121965169816,416,relaxed
145,global,12.626865687994995,0.039128559453852546,0.009715403114732842,317.09530256718256,328.45617498634886,11.015672839865195,0.2390442479069756,0.6762870769362049,149.41344446699023,1.6964084968324082,2.45267505131547,30.13092958365437,0.6173718624158222,2.4535908827648387,0.35294117647058826,0.23529411764705882,1.3953652818162576,1.4983295367615268,0.0,3.8453121965169816,416,relaxed
146,global,21.747757148094678,0.1107045863641807,0.001430908236483978,310.20125714279897,338.57087428865105,12.267519010103166,0.22635381470054455,0.8536626144278852,119.56259498429135,2.2673175292923466,3.8499584685210397,38.76002340792308,0.6376618783607116,1.8823529411764706,0.47058823529411764,0.0,0.8259724495626817,1.954461743883482,0.0,3.8453121965169816,416,relaxed
147,global,10.65492944172818,0.06602985234763586,0.0005349475445389617,312.0866610586251,334.54206645267874,5.232796596075681,0.10803775886306366,1.2735354657508238,119.1453731708786,1.6093810958491122,8.914553833852233,4.577792907853764,0.6127237670853077,1.8823529411764706,0.47058823529411764,0.0,0.5093909513944502,1.554958503690027,0.0,3.8453121965169816,416,relaxed
148,global,25.298541482941257,0.07267858954205121,0.012484643562726626,318.20902971113236,336.11228466535914,11.825260081767311,0.5894989888159132,0.8020636689410883,150.22322683574717,3.0085367744751377,17.332391354363278,87.31190553192847,0.6195850168733305,2.1176470588235294,0.5294117647058824,0.058823529411764705,1.5502793145442815,1.9523250911796575,0.0,3.8453121965169816,416,relaxed
149,global,0.17190288839871393,0.07578741707148773,0.006961492507662041,312.95496308206106,337.55835313577467,10.9136203982299,0.24327291110012622,2.656389282660796,119.5474839551976,1.2715704692686634,15.44808827162901,27.175737435642493,0.674535541040942,1.8823529411764706,0.47058823529411764,0.0,0.6011991138963718,1.8771777905357592,0.0,3.8453121965169816,416,relaxed
150,global,1.6279661744132383,0.01624547468575671,0.01892366335645067,312.4755169800529,337.8826653378316,5.485784943701192,0.4283036528089614,0.8375556487346499,150.98181895965706,3.2834261428618037,64.71342477532826,113.76363138581439,0.6073411453046426,2.1176470588235294,0.5294117647058824,0.058823529411764705,0.6066353675908684,3.291382755093405,0.0,3.8453121965169816,416,relaxed
151,global,4.227741800460226,0.09894649374773601,0.006153753776869381,313.8675722862852,335.3775404911612,3.986547295423776,0.6453404383163173,0.34640057894663845,120.72068581600655,1.7918102723293032,4.144444889426065,45.8507883282453,0.4901120018531659,1.8552362598912036,0.35294117647058826,0.11764705882352941,3.049641867463444,1.9449342189601584,0.0,3.8453121965169816,416,relaxed
152,global,7.687531620848508,0.017758528523848086,0.002624581831269215,315.914178045732,333.0312406786604,10.670121140244902,0.5365890802898963,1.3513329330256285,92.1160685984512,2.3997629935838183,2.2442082082846344,35.84997134301289,0.655425907385999,1.2597495412069892,0.23529411764705882,0.11764705882352941,5.506319334448193,1.3589610139761068,0.0,3.8453121965169816,416,relaxed
153,global,2.8194025658625446,0.03288692800887015,0.0047774536238211545,314.61878460593675,339.63677059519466,13.972822143813474,0.6509716310043375,0.18184307338704198,165.42702536805308,2.8732753852938764,4.299562668979178,71.54354301059672,0.6774402900981061,4.381483718508931,0.4117647058823529,0.23529411764705882,1.124034341925531,1.6796249786592103,0.0,3.8453121965169816,416,relaxed
154,global,10.752151374624809,0.04409422010196531,0.0017763903704679472,313.9648363865516,333.66042729077753,1.596853982873883,0.11145349939814886,2.3999955970562965,119.15767821976594,1.090996558267486,2.8927925586326086,1.925780720463645,0.5680933421448655,2.3795944254809864,0.35294117647058826,0.11764705882352941,0.36013751777183023,1.3415167960244458,0.0,3.8453121965169816,416,relaxed
155,global,13.460467187555892,0.03812840205435705,0.00862802175486043,313.3040229982945,332.20863340274497,8.82508241647909,0.5182895521594362,0.11150487496983041,195.65487284041453,3.148646345480823,8.971373652687607,92.54903583519096,0.5821385531892174,3.8482099582359393,0.47058823529411764,0.29411764705882354,2.677340533128572,1.862932052225538,0.0,3.8453121965169816,416,relaxed
156,global,11.633649605610062,0.02272072064750419,0.002497342574307124,312.36705515860115,332.71631662308823,18.406987807756003,0.6045571495765284,1.8174978868696094,61.70780089165407,2.5057844682315458,0.665516171933669,54.31113891551887,0.6137786190500583,2.3988897402723324,0.23529411764705882,0.0,2.0668821475508405,1.4159203066779105,0.0,3.8453121965169816,416,relaxed
157,global,2.8797626196326487,0.11134278209718185,0.002218163597818441,317.9212289334458,335.91454853173514,13.45564647534648,0.29441647685834615,1.9432464877887332,118.96725426809842,1.1209993036233654,3.827399314136983,1.9851445262264746,0.5984782382476945,1.8823529411764706,0.47058823529411764,0.0,0.42526040375024304,1.7645442575799368,0.0,3.8453121965169816,416,relaxed
158,global,17.686845542297892,0.07401387870769656,0.0020249322461843022,317.8135500882168,340.60508212307957,14.098885139603828,0.5256820040134575,0.5546142730720359,74.75673338366755,1.536311694216411,2.52044590092412,18.453135967392974,0.5681329196388368,1.4628588543023957,0.29411764705882354,0.0,0.37008682919610836,1.6775619653732166,0.0,3.8453121965169816,416,relaxed
159,global,4.42168547339733,0.04685524528704793,0.017288394755057803,314.50261719401743,331.92088478145297,8.82915923943376,0.1314549427994069,0.1447214647652264,164.949498822896,2.3943847365198643,32.60348145723158,64.07225008202,0.51371767129544,2.5859910990555712,0.47058823529411764,0.17647058823529413,1.0043933556075588,2.323500495150831,0.0,3.8453121965169816,416,relaxed
160,global,7.135360418791339,0.09122601687327295,0.0015525238531866239,315.9523213556134,334.09691260417316,18.832438134690136,0.39931486363869634,0.6956712661214136,119.09453816354265,1.3756982064243084,6.417952216435329,4.523341607393632,0.6284659201245906,1.8823529411764706,0.47058823529411764,0.0,0.5122441415518808,1.7651078111710825,0.0,3.8453121965169816,416,relaxed
161,global,5.534017901262576,0.15261476119134393,0.00234485695,319.5112482553601,336.055647867,8.074174546,0.15005159648835342,0.38462592100000004,118.94288353969318,0.967544911003988,1.9869630982964055,1.0701558300242924,0.5361159954992878,1.8823529411764706,0.47058823529411764,0.0,0.4803268355677493,1.7887309530451954,0.0,3.8453121965169816,416,relaxed
162,global,12.703641692071738,0.015727758364553188,0.009449438298860139,317.3265528912824,335.73350047476896,9.678677778740633,0.20112240104000717,0.6860828019856157,194.50871619194632,2.6326470902888093,6.655947393262515,69.7496930923017,0.6125188288506263,3.146593428987178,0.47058823529411764,0.29411764705882354,1.6579970318163604,1.6055611272676602,0.0,3.8453121965169816,416,relaxed
163,global,5.328029148810579,0.07402440803630352,0.003905533770213153,316.0212106641162,331.36865005290446,15.694087148205426,0.8770834612980428,0.47236325312826555,77.67320382883877,1.4760595666579572,0.6035621219845126,34.978780271258614,0.4940751886578918,4.19997919164343,0.23529411764705882,0.058823529411764705,3.222909776007439,1.6263584389120955,0.0,3.8453121965169816,416,relaxed
164,global,28.579368853233856,0.08197557119089237,0.001930464010866096,311.8374374005649,339.22886529873347,13.443658979239764,0.5132052811652267,0.7076595712532279,119.22393801816268,2.097422776943351,2.485922286881223,29.665452594960954,0.646995932342195,1.8823529411764706,0.47058823529411764,0.0,0.39458728482357713,1.773785779004944,0.0,3.8453121965169816,416,relaxed
165,global,7.256028913638299,0.09199275797805342,0.0038257141624138107,319.0356618970375,339.72687077988945,10.509094091778888,0.4943252587562746,0.5340649238546231,89.40053751368085,0.8251985986869433,1.4867596188346086,7.239524998231449,0.530239477645069,1.500888123386531,0.35294117647058826,0.0,0.504314135767527,1.7495878241755218,0.0,3.8453121965169816,416,relaxed
166,global,5.899502780393661,0.13163701785632337,0.0030007374210859307,311.7225043213202,338.4156674473661,9.6001930375987,0.7652667691331165,1.5659140434617473,238.18355733243854,2.322474772736179,1.3331841686220227,60.960830126078704,0.6425543523185039,2.823529411764706,0.7058823529411765,0.23529411764705882,1.4787742327253748,2.3438665430808823,0.0,3.8453121965169816,416,relaxed
167,global,0.5195897386597519,0.09507393453364782,0.0026296130120390558,314.3180527944291,337.10847774087,5.14509205781532,0.3184348349266377,2.481588060859918,118.95800918504246,0.6611661784021919,0.9527531228411348,0.5058886156567279,0.577060954853842,1.8823529411764706,0.47058823529411764,0.0,0.5794173107686814,1.3874915616343084,0.0,3.8453121965169816,416,relaxed
168,global,19.525847257477377,0.08804995994290654,0.002795485714984291,317.122890275149,333.42380422497723,3.4723296275951645,0.5237792899446658,1.8143161266056793,119.8376802835127,2.6415551180509853,1.1555589612999626,60.7351924807694,0.620152114925806,1.8823529411764706,0.47058823529411764,0.0,1.0379368354028298,1.6174759552642988,0.0,3.8453121965169816,416,relaxed
169,global,27.872932699970576,0.07466990118857714,0.005854640361093407,312.8354547238358,339.30030400648474,19.928029991541063,0.365510368998067,0.7894397143171552,120.56910065092178,2.95928763457976,5.24568863284212,80.90376139849158,0.6436916743333557,1.8823529411764706,0.47058823529411764,0.0,1.9126095696738712,1.9238848917184546,0.0,3.8453121965169816,416,relaxed
170,global,26.742886761632562,0.1565252820588308,0.0027746565975523456,311.8147451739452,337.8249161522411,1.2715553527902994,0.4888424803190161,2.0129586691079044,120.094557494429,2.8673655921236647,0.6554681946413096,80.03093169826226,0.6477755976405251,1.8823529411764706,0.47058823529411764,0.0,1.1659841150302435,2.0175370196290254,0.0,3.8453121965169816,416,relaxed
171,global,3.0249072248157898,0.12411963070778274,0.007368271064943623,314.1451502617403,338.33061101341053,3.649411806868118,0.7710392934014162,0.334211921475305,76.38218285568432,1.9487657961798082,9.712243253034917,53.02810237608656,0.5169287300424932,1.430532095260296,0.29411764705882354,0.0,2.6506644471797256,2.2825178511146427,0.0,3.8453121965169816,416,relaxed
172,global,21.274349649064227,0.04634724129546161,0.014464368033314641,311.0168444394511,337.22447143460084,16.131011115352898,0.26631557452342397,0.9578007297304821,180.55267343337368,3.5139232516987033,40.542858800391954,110.14686606059257,0.5902477215089024,2.3529411764705883,0.5882352941176471,0.11764705882352941,1.74189440672062,2.2550718760768946,0.0,3.8453121965169816,416,relaxed
173,global,7.051380824219475,0.01956464796503568,0.003303348719165925,314.50873614151175,340.12450269106614,8.15286779282211,0.2851686443773482,0.7954692356837053,166.13369927498601,2.260323853709077,0.5545591039070359,42.23299768575658,0.4294600087097522,1.5713605000119175,0.35294117647058826,0.29411764705882354,6.139143395438502,1.36408084624915,0.0,3.8453121965169816,416,relaxed
174,global,14.525035098975854,0.04986368520286661,0.01648070551676903,312.69061913061023,340.4548527657831,5.242268761186601,0.5286401527341675,2.108468521845391,269.03407787377705,3.294809674892184,52.12892687651046,102.28360269690043,0.5442151711058566,3.0588235294117645,0.7647058823529411,0.29411764705882354,1.2327668733856711,2.3878802884804666,0.0,3.8453121965169816,416,relaxed
175,global,16.731930163077745,0.16188694684617247,0.0005369658653158558,313.8050449058074,338.67043898869747,14.882723872982648,0.99415037811566,0.10886493957125598,119.74211396249585,2.4449241676110924,5.211734263114742,44.312155376732015,0.6233290652375311,1.8823529411764706,0.47058823529411764,0.0,1.0105308674408329,2.1192059014082174,0.0,3.8453121965169816,416,relaxed
176,global,11.184101072934824,0.10740563520421444,0.016548989626916498,316.8726444392581,336.321423123363,3.3346788943736403,0.4428783545715627,0.7104779895356591,226.0632660716285,3.5270897336406013,28.855134945529926,121.98008981072908,0.5846006023958877,4.641484858962562,0.5882352941176471,0.29411764705882354,2.4679845470911346,2.3620652673508458,0.0,3.8453121965169816,416,relaxed
177,global,12.626865687994995,0.08226896820715487,0.0032739660964891696,317.13654607468084,328.45617498634886,5.804177580740322,0.21715249921179308,0.819021152167494,119.01122740242336,1.191062685036713,3.2355617771248957,4.5308178267754275,0.5501856465490954,1.8823529411764706,0.47058823529411764,0.0,0.49347199408473635,1.4906161424904383,0.0,3.8453121965169816,416,relaxed
178,global,7.884749703358068,0.1458175257658564,0.0025119481584382868,318.09945393142,330.6784833415298,8.817093922741819,0.2769307823175973,0.5389758937007174,119.04996208993694,1.2956172718038752,4.617032526611258,4.008375991003929,0.6015479742939593,1.8823529411764706,0.47058823529411764,0.0,0.5104861542933462,1.8069564079589515,0.0,3.8453121965169816,416,relaxed
179,global,6.992903381605343,0.15935346673145803,0.005272650216421361,313.0660393558105,336.2361927742529,9.725479201983601,0.9926982628971517,2.077265917315835,121.48727407760646,3.4066042019199934,3.4897516586238395,111.46277918008927,0.6102236145393952,1.8823529411764706,0.47058823529411764,0.0,3.18281331270863,2.4566037395766633,0.0,3.8453121965169816,416,relaxed
180,global,3.6596459370433525,0.03223000394170761,0.0017294362950958115,310.305110099433,330.25132449908585,14.756532252368157,0.2500021714059769,1.9725410570665756,90.38305566190407,1.8836900085197892,3.8917700803098567,17.1415991131789,0.5275534853221816,1.9641478092864564,0.29411764705882354,0.058823529411764705,1.675511828958869,1.462885795984937,0.0,3.8453121965169816,416,relaxed
181,global,0.23511794257515284,0.07578741707148773,0.0018133513289194346,317.2442401638816,338.7371240716295,14.010809885983956,0.0654351896076229,2.656389282660796,118.96147293169932,0.8452748910451523,1.4061404493016443,0.4670542025302355,0.5089585410313081,1.8823529411764706,0.47058823529411764,0.0,0.5780278961915708,0.907691360209296,0.0,3.8453121965169816,416,relaxed
182,global,1.6279661744132383,0.19164531435806798,0.0029343274989427504,315.1410590908266,333.80964517126904,16.566046601061288,0.5263025849659652,0.9886833894308215,118.97570445893693,0.9393659734084787,2.5126484883726854,1.3193644867948564,0.5891618543101547,1.8823529411764706,0.47058823529411764,0.0,0.5040489159897161,2.3752680005348914,0.0,3.8453121965169816,416,relaxed
183,global,2.936783556633296,0.006476503480990034,0.002658545441584982,318.8838427677772,335.3775404911612,5.174685996165195,0.313887104632435,2.4069362882340695,165.42297396159861,2.087169385278069,2.921967412917765,19.905582574900414,0.8448328368177251,6.282309601156186,0.47058823529411764,0.17647058823529413,0.3269440472947317,1.2161051466420958,0.0,3.8453121965169816,416,relaxed
184,global,7.687531620848508,0.14765179818180713,0.0017067801483766874,317.22383358279325,337.19827379147046,10.670121140244902,0.48364401597655104,1.92797015352985,119.10955834119503,1.805872811816197,4.788941208160112,18.247740197512314,0.6349377307070341,1.8823529411764706,0.47058823529411764,0.0,0.3092180907380059,2.0593432798378273,0.0,3.8453121965169816,416,relaxed
185,global,21.651758049081785,0.0442585586547974,0.016032207182321723,311.9955472999778,328.54328794622637,9.1680671161883,0.39292688551659066,0.7853810436909594,239.7295281439372,3.5993239064440843,25.122842543214034,116.22449554260209,0.6130580529011896,2.823529411764706,0.7058823529411765,0.23529411764705882,2.4724638432565333,2.007268230350411,0.0,3.8453121965169816,416,relaxed
186,global,16.579647181080677,0.02222136035445256,0.0011043959523994,313.2217460751286,332.8469146783297,18.93153593162935,0.6735344572003524,2.3942796137362072,252.58239243433266,2.2314138697218406,4.690901438621852,27.182595203112317,0.6561199841904634,3.7294741990901286,0.7058823529411765,0.29411764705882354,0.5213499456565959,1.390210455177661,0.0,3.8453121965169816,416,relaxed
187,global,6.702531468049207,0.04509894129124111,0.002650416549998355,310.7489898415294,331.7104901004172,16.99292425009954,0.5658459546162367,0.22227030343120546,166.02424987327467,2.420781706039504,0.22849255474212107,45.58769663271525,0.409607099076651,1.6052260335103823,0.35294117647058826,0.29411764705882354,5.824190475384222,1.5492929977817773,0.0,3.8453121965169816,416,relaxed
188,global,15.767279251939142,0.08870123415696012,0.006367745677603365,316.13007725825776,332.71631662308823,9.314691894564687,0.6045571495765284,1.8174978868696094,268.418906743859,3.0819220906715388,2.535248967620413,86.64601869118904,0.6536001815171194,3.0588235294117645,0.7647058823529411,0.29411764705882354,2.308185983635359,1.8036017240697344,0.0,3.8453121965169816,416,relaxed
189,global,2.8797626196326487,0.09228911932819063,0.0035499747668339314,317.9212289334458,329.901065486869,7.236769876346862,0.3865117440537313,1.9432464877887332,118.8734966429397,1.362980426256622,3.149840391702499,7.621680474283814,0.605463162409544,1.8823529411764706,0.47058823529411764,0.0,0.14770853863455075,1.466070028228828,0.0,3.8453121965169816,416,relaxed
190,global,5.235579825656298,0.07401387870769656,0.007679192107483808,312.5727828095197,331.04036782687234,14.098885139603828,0.16162049662945166,0.8443269804556341,119.03620008574418,0.5059900824922169,5.0599395222806764,2.0142223835499773,0.44583812057076877,1.8823529411764706,0.47058823529411764,0.0,0.5521700340513811,1.8127052641360475,0.0,3.8453121965169816,416,relaxed
191,global,14.97110772243264,0.0278743669304731,0.0017416476215132357,314.06230392314086,333.27394734269603,3.0044370575788717,0.21382844080521002,0.7157183552614024,74.6475867492725,1.5600465825226895,4.007240440163022,5.536254628657635,0.5367817920180517,1.5756090995450123,0.29411764705882354,0.0,0.24673684975223936,1.3454633576804462,0.0,3.8453121965169816,416,relaxed
192,global,12.380108335075459,0.07877093402732915,0.0040006607370595216,311.31109385917915,330.0348116091463,3.0780011071838134,0.0973388691634634,1.2989068621287148,118.91957059110729,0.7107213840947937,0.37595026971820955,9.627136942940744,0.6221801323417537,1.8823529411764706,0.47058823529411764,0.0,0.33224397332416855,1.6099501204812199,0.0,3.8453121965169816,416,relaxed
193,global,11.648449820262329,0.15237742748157238,0.016716753975756463,312.81546739632904,339.53009708079696,15.236539501977292,0.7363643060212228,2.208693300715245,180.61318425541384,3.607584944631058,57.17073251263189,124.74176223952921,0.5789877824458277,2.3529411764705883,0.5882352941176471,0.11764705882352941,0.890155699298905,2.9114221572127508,0.0,3.8453121965169816,416,relaxed
194,global,4.282013601041685,0.11041948936985095,0.004823777730712711,316.0144133147786,338.35294850829484,14.287163244716004,0.5851561467254749,1.0278195067756144,119.0773008598048,0.7821849243125479,2.2986187978948553,8.434922988789774,0.5646439364719542,1.8823529411764706,0.47058823529411764,0.0,0.5888513206010101,2.044240423100987,0.0,3.8453121965169816,416,relaxed
195,global,16.749937590567956,0.07402440803630352,0.016574225245383656,316.0212106641162,331.36865005290446,7.687548391215537,0.06157960929761841,0.6244246375356148,237.81484176993968,1.9675314992318158,20.505622592516712,34.05681177141506,0.5716510085759537,2.823529411764706,0.7058823529411765,0.23529411764705882,0.5434432936742448,1.8624020183462102,0.0,3.8453121965169816,416,relaxed
196,global,11.246821196115459,0.1047822715943179,0.0027856852584094306,310.7155627821123,332.61330160863736,2.7683769856096374,0.3748009148980692,0.8848642173032606,89.89574925915272,1.589799712496384,1.425067638732538,22.028890177101943,0.5900288293374182,2.1257738657958827,0.35294117647058826,0.0,0.5361940969544146,1.9383469868047456,0.0,3.8453121965169816,416,relaxed
197,global,10.533794411085408,0.09199275797805342,0.0064550763041865,310.1292762627647,339.72687077988945,10.509094091778888,0.6089530631141559,0.5340649238546231,225.63874045907806,3.3290082441497755,10.346715710974829,102.21742372244543,0.649487402945618,4.175922445056928,0.5882352941176471,0.29411764705882354,3.2223656022845413,2.319805481543692,0.0,3.8453121965169816,416,relaxed
198,global,9.163736838628449,0.01801604973116297,0.0018114284584760127,312.23574947780685,336.405685533682,5.244504190007645,0.6674902140432875,1.7090046889537003,105.62824288021866,2.403144948824413,2.0165175251717455,38.93920070323821,0.6439350491904285,1.6318034116999858,0.35294117647058826,0.058823529411764705,2.6950385909668966,1.3663399325164933,0.0,3.8453121965169816,416,relaxed
199,global,13.034345663448963,0.044119222621673976,0.0012445467379431155,314.3180527944291,340.6984985341079,5.14509205781532,0.5128377838178135,1.1631410682040868,89.58952551921487,1.752372509157938,4.938392258466814,7.98949085266448,0.602062850284908,2.0539995064357175,0.35294117647058826,0.0,0.13700945491178523,1.491357450068119,0.0,3.8453121965169816,416,relaxed
200,global,14.484874350384038,0.012252889558448915,0.002795485714984291,311.1912733368645,338.847488763516,15.34020199088339,0.3249467180175548,1.3157455967295555,105.23821785118467,2.3156296985711498,0.24012753216686633,48.84869742203944,0.6661993388812819,2.799320724729072,0.23529411764705882,0.17647058823529413,0.6214505575055844,1.3743653699886291,0.0,3.8453121965169816,416,relaxed
201,global,6.535313050106124,0.03127437965687124,0.001892628748180981,317.33498098081367,329.6338182880803,9.374532602707273,0.49720273957616345,0.9444394613754177,119.05483120002594,1.3235711301165887,6.986118530154991,0.5071874857955793,0.4264330926842364,1.8823529411764706,0.47058823529411764,0.0,0.5182110528066892,1.490305680735604,0.0,3.8453121965169816,416,relaxed
202,global,11.009690765888976,0.010837758211576454,0.01949009781515148,311.72804486767217,339.2020991795143,2.0553770322398464,0.5899728830626751,0.5706041413754471,268.8866428889657,3.0332820112518286,70.2380317426716,87.32203422783577,0.529407278258866,3.0588235294117645,0.7647058823529411,0.29411764705882354,0.5198681826922719,2.62976987027545,0.0,3.8453121965169816,416,relaxed
203,global,4.334697516321292,0.028413112220860307,0.016501865775386135,314.11091177823107,336.4035984358548,3.649411806868118,0.20263851235410685,0.8156271191422253,225.5162226337989,3.6251972646477904,32.689491770154625,122.53292964015284,0.5308684707017911,2.4360201116201963,0.5882352941176471,0.29411764705882354,3.4123877853349502,2.561689057100521,0.0,3.8453121965169816,416,relaxed
204,global,16.312991380590216,0.05423534173612633,0.005328048656465442,315.9742144122802,335.4080654579307,10.524801735392682,0.8127922187659369,0.9578007297304821,253.52118619332097,2.7529481038300343,2.0848008226024333,72.77154098359519,0.6489548011822208,3.650735294117647,0.7058823529411765,0.29411764705882354,1.6449485763576561,1.642612965960352,0.0,3.8453121965169816,416,relaxed
205,global,1.686217633121247,0.01286812927650402,0.0028911879741901503,312.03223950636414,338.5750540244706,12.66587222642654,0.1574123809947277,0.8659386511217072,118.9697227137163,0.44397197484106676,0.8094305541283046,0.8981910847624922,0.7208326097860358,1.8823529411764706,0.47058823529411764,0.0,0.6100859447383482,0.6352855313171678,0.0,3.8453121965169816,416,relaxed
206,global,25.805130832269306,0.1396981722351444,0.009495389325350911,317.73445616439216,337.0124657330579,4.112946619058163,0.06380759855254503,0.5548799500108472,149.01269165642015,1.7949978763247088,8.00099339698402,35.23389330278172,0.6891785851313186,2.1176470588235294,0.5294117647058824,0.058823529411764705,0.5871352973267978,1.875926118266237,0.0,3.8453121965169816,416,relaxed
207,global,13.342753333210618,0.16188694684617247,0.0111528026180205,314.88275388182575,338.43477577765384,9.94635367656112,0.2821168974253493,0.10886493957125598,91.64218216530539,2.46585011579657,21.611899444052693,88.10347680764089,0.6089398019348927,2.39065489050339,0.35294117647058826,0.0,1.5881729861512548,2.443735996087019,0.0,3.8453121965169816,416,relaxed
208,global,14.047547070969571,0.07722097606720571,0.0016658262165550539,316.9270783610137,339.7913612485104,14.286392740989626,0.28449699238268966,2.400317007897347,119.21072356897417,2.0435037078411717,3.911683628970567,22.49319062321909,0.6242200004514024,1.8823529411764706,0.47058823529411764,0.0,0.4604103747335441,1.703643449876488,0.0,3.8453121965169816,416,relaxed
209,global,3.578588177848175,0.08226896820715487,0.005073163336189527,316.41941175711804,337.8192979384546,16.264175843152643,0.17656061447972143,0.819021152167494,118.98038145829997,0.44553124961287927,2.7228480554837184,0.3860875149866659,0.4658436485077933,1.8823529411764706,0.47058823529411764,0.0,0.5694692291524325,1.689090592893316,0.0,3.8453121965169816,416,relaxed
210,global,13.77119683284788,0.03694090607397023,0.0018109692371860685,311.0552031977735,338.0898686509703,12.267519010103166,0.2769307823175973,0.7767034093725388,104.3238010613755,1.565440732588904,2.6432138808563814,10.666541372082339,0.5626645752008916,2.043633335143845,0.4117647058823529,0.0,0.2531178091471936,1.5277283891977484,0.0,3.8453121965169816,416,relaxed
211,global,6.266572418928343,0.07566981757997197,0.004453626049710207,318.6030623945717,341.02207216362655,6.3249847552765655,0.1979113738164966,0.7262076224981089,118.95414039565199,0.43819621398125896,1.244800373320972,3.9292594543872212,0.4499825405602773,1.8823529411764706,0.47058823529411764,0.0,0.5096181088404571,1.564439379619304,0.0,3.8453121965169816,416,relaxed
212,global,3.6596459370433525,0.1910056115769374,0.0017294362950958115,311.25871316921615,335.9205001601817,15.944997034030322,0.3844801358660356,1.461778295655058,119.14703449438584,1.4660341351575912,4.556414000900516,14.737129913260224,0.6303622854581601,1.8823529411764706,0.47058823529411764,0.0,0.4644613438341287,2.7230152224459165,0.0,3.8453121965169816,416,relaxed
213,global,12.423302028300476,0.07362232729957274,0.0022129839530212955,317.2442401638816,339.12207869541265,14.010809885983956,0.0654351896076229,1.0107524568598296,118.96208969622751,1.001510394270358,1.6967699144834933,4.2132174156816715,0.5632690783547751,1.8823529411764706,0.47058823529411764,0.0,0.4675535151271707,1.5816410296652113,0.0,3.8453121965169816,416,relaxed
214,global,13.039688587734622,0.0237798516335858,0.0016299251863051284,312.31133885372424,333.80964517126904,5.868047011306466,0.686813174201403,1.292027475965651,121.04375934158928,2.2453582312240288,3.7202714732764366,27.13397857577821,0.49642255480266034,3.830144339428313,0.29411764705882354,0.17647058823529413,2.1050952897297273,1.360719589291956,0.0,3.8453121965169816,416,relaxed
215,global,12.186091821705382,0.16749484428387784,0.000514573227185993,314.0588777422023,335.3775404911612,6.245666097908261,0.2442784001642611,1.2398187743427165,119.72622664403889,2.0967571860134395,8.46937173693477,34.67419356288543,0.5444430914537752,1.8823529411764706,0.47058823529411764,0.0,1.063214448595872,2.1097456962810996,0.0,3.8453121965169816,416,relaxed
216,global,10.182423845560866,0.007607522141834092,0.0037552869498644233,315.5502771299541,333.0312406786604,18.282754643812623,0.13657215978144543,0.9743050958218372,135.8035971819925,1.6709377194193726,0.45387670236986605,20.80198777035396,0.4460910614432322,1.495223919654137,0.29411764705882354,0.23529411764705882,4.836488728587473,1.1978962189615017,0.0,3.8453121965169816,416,relaxed
217,global,19.248503679891208,0.030823539318024992,0.0012216625600442663,314.61465925146723,340.505720945228,6.009475660629045,0.400412373473669,1.6631526349233077,149.04501702291077,1.9961698326613566,4.822317567236091,11.612704845094989,0.6144597919097373,2.958684862979106,0.47058823529411764,0.11764705882352941,0.4185353415309359,1.436360519961418,0.0,3.8453121965169816,416,relaxed
218,global,11.9697720438261,0.025143711183569298,0.0017763903704679472,313.9860036128904,332.0579503137434,16.549192278958614,0.22043139841727377,2.177977666754259,119.4329919507371,1.9236914914603565,4.058027180616306,18.72915614469143,0.5973420102097066,1.8823529411764706,0.47058823529411764,0.0,0.9882916957426571,1.3817773349206106,0.0,3.8453121965169816,416,relaxed
219,global,13.460467187555892,0.1459554551693555,0.008117548331918741,319.3015304895015,334.7470448479692,11.675315973539961,0.686813174201403,1.292027475965651,150.32744371711692,3.105373750279743,3.4253928261221356,94.25956546917796,0.6458527340390697,2.1176470588235294,0.5294117647058824,0.058823529411764705,2.1678397977727317,2.0373136485250805,0.0,3.8453121965169816,416,relaxed
220,global,14.596787223645682,0.029161987549326834,0.001545177090408618,311.31979305939916,336.2754690369958,1.1313093776060157,0.843225261075549,2.563799553281796,17.687144756159324,2.4286658903051945,1.731837013613855,43.7461603778311,0.5803617936403265,3.477839932061237,0.058823529411764705,0.0,1.3576333250896448,1.38360231039976,0.0,3.8453121965169816,416,relaxed
221,global,20.70453549861931,0.0578439556841779,0.002612489756686211,317.9212289334458,329.901065486869,7.478538829334992,0.5008163767557652,0.8204532612669299,118.92798072804645,1.546951393152153,4.795647627368947,7.396386879297431,0.6122032812079633,1.8823529411764706,0.47058823529411764,0.0,0.1872624207725566,1.4688210278729272,0.0,3.8453121965169816,416,relaxed
222,global,1.7422375424179872,0.009671805201804093,0.00332248158168375,317.15821626483677,333.117326925972,16.713544916668802,0.7569273642460506,0.5546142730720359,119.37325435846495,2.3361315693598512,0.6236663534522204,44.61217801916751,0.820415652548727,1.8823529411764706,0.47058823529411764,0.0,0.4536849196928433,1.1838083225527707,0.0,3.8453121965169816,416,relaxed
223,global,14.97110772243264,0.0278743669304731,0.001440903602919789,315.73341531723776,337.30001914302284,4.6523501604862965,0.21382844080521002,0.961648692995751,74.5850679031693,1.535731842841707,4.519099258986706,4.183124489077265,0.5885258196261186,1.6454788806104157,0.29411764705882354,0.0,0.05371459986159121,1.37052403187732,0.0,3.8453121965169816,416,relaxed
224,global,18.114742642557854,0.006352674350926485,0.0006383700662799356,312.09663944339985,334.09691260417316,14.45906864148166,0.15873567721219595,0.7985979761147671,118.86004939328834,1.6357007883775438,8.66828464688523,1.2391818917836417,0.4589600991967919,1.756243212394531,0.4117647058823529,0.058823529411764705,0.15652026527054594,1.518929834345432,0.0,3.8453121965169816,416,relaxed
225,global,8.0,0.14912966789645973,0.0031834573679706546,313.4241052657342,337.79605436043244,8.676921228559337,0.3125857313010331,0.6273986506679547,119.30665728814033,1.16972277963157,1.767880245111456,24.276993146901983,0.5816883986362003,1.8823529411764706,0.47058823529411764,0.0,0.7295205845023771,2.305528987581498,0.0,3.8453121965169816,416,relaxed
226,global,6.2134691424825075,0.0827713636568901,0.003396582629291116,314.5606069486724,330.1351382399787,6.181514629498447,0.16731028055669406,1.5821772114259927,118.90280706581613,0.8264659319458552,0.9159069176639937,2.0571796987029676,0.5842638929226921,1.8823529411764706,0.47058823529411764,0.0,0.42943247272032126,1.5223086712969787,0.0,3.8453121965169816,416,relaxed
227,global,19.586534516972254,0.019443027781201244,0.0022582183633000925,312.23572796359383,331.36865005290446,15.694087148205426,0.8770834612980428,0.47236325312826555,149.93188864044626,2.300928414279486,0.346904147881706,41.80815493817708,0.680775849711364,3.5855676096773497,0.35294117647058826,0.23529411764705882,1.1227915784456766,1.380852386242764,0.0,3.8453121965169816,416,relaxed
228,global,1.851686056519858,0.033372790970818966,0.003602401850958211,310.7155627821123,335.9972650962766,4.654612466413812,0.44108723472462663,2.0269672704409842,107.79984599766645,2.135089847381537,1.340609755514209,41.710649431887205,0.743122208366686,8.143803795281372,0.23529411764705882,0.17647058823529413,0.49902391641908617,1.347907443286862,0.0,3.8453121965169816,416,relaxed
229,global,17.800003659454763,0.14137404576281568,0.0033099440425912096,319.0356618970375,339.72687077988945,10.509094091778888,0.3189779454980346,1.1677061672693922,119.46024953327408,1.7151797083277744,1.441137199475932,34.502832427917284,0.6467051029795772,1.8823529411764706,0.47058823529411764,0.0,0.8246005665525259,1.9224038295947803,0.0,3.8453121965169816,416,relaxed
230,global,19.463794947607116,0.01801604973116297,0.0005786882224430561,312.23574947780685,336.12404067967145,5.244504190007645,0.2902283109348698,0.388109455262853,104.18932735638205,1.67294869830759,9.389827053562316,2.0905991460288873,0.6058667734108464,1.6531016745948874,0.4117647058823529,0.0,0.270274712724957,1.4007846965665844,0.0,3.8453121965169816,416,relaxed
231,global,11.961803304136359,0.019731706140049085,0.0025944818985515214,314.00593713870694,338.34268601749136,11.036586798348937,0.5128377838178135,2.334645652012739,31.201353016941557,2.3320595209061032,0.19297114886346592,46.40732036858092,0.6999590506391766,1.2655020969805695,0.11764705882352941,0.0,1.1875516607382657,1.3489662586629037,0.0,3.8453121965169816,416,relaxed
232,global,11.967956697239567,0.025141359003535757,0.0027029162916532247,313.98555137135287,332.05977843045315,15.34020199088339,0.22044543718996656,1.3157455967295555,45.55975212677718,1.6800912923978646,2.007796399141041,10.845704800087791,0.6189465962487181,2.2210188174594983,0.17647058823529413,0.0,0.21058481757750652,1.314111879105392,0.0,3.8453121965169816,416,relaxed
233,global,5.362657476218589,0.14330369543281607,0.004036697534020329,314.50074752589444,340.3778321994099,15.632918290558084,0.9646865412189123,1.6306690517128726,106.32167959515579,3.268131172478755,1.8803079982586033,112.0415642114503,0.6584231280123511,2.6013525780682643,0.4117647058823529,0.0,1.5989963974866033,2.402305486025427,0.0,3.8453121965169816,416,relaxed
234,global,8.373935961551833,0.01576902190468621,0.0027746565975523456,313.4743666803768,335.4894433610901,9.061864656935352,0.34483142596681593,1.4371166562041116,151.44421017292615,2.2898838231585743,0.7246947678138206,39.767180938675345,0.5968393752569208,1.6180787042561544,0.29411764705882354,0.29411764705882354,6.1502917101278305,1.3396086353351064,0.0,3.8453121965169816,416,relaxed
235,global,1.7443488913857657,0.01581308549539799,0.004949626095527596,313.1241540510188,334.161157778751,19.068472803092654,0.4990341329499768,0.8156271191422253,119.02313457970648,0.5152527541717166,3.3075555179251506,1.2560474215840476,0.6749756296209636,1.8823529411764706,0.47058823529411764,0.0,0.603752701217661,1.0257513841174517,0.0,3.8453121965169816,416,relaxed
236,global,10.813142836205703,0.03625490727725106,0.000833447255584761,315.7191721763629,337.22447143460084,4.907636014752886,0.6979469121155498,1.0184796808695733,119.02836219576848,1.6190225712271522,8.42443569501178,2.256581179008703,0.6383833945679153,1.8823529411764706,0.47058823529411764,0.0,0.3411132097265817,1.4216149944283691,0.0,3.8453121965169816,416,relaxed
237,global,4.41340714522673,0.01286812927650402,0.002118873227912311,312.08370916248407,333.98520820620666,5.392323428839694,0.08143596865695402,1.7151012406702337,16.302955823970414,0.9740018254437355,1.3414112917447658,0.7269619327151298,0.6770379463671219,2.8020889440449857,0.058823529411764705,0.0,0.1987394425733119,0.9229498730812272,0.0,3.8453121965169816,416,relaxed
238,global,1.9146819098372596,0.04247919484632519,0.009495389325350911,311.3114145606513,329.55740061968567,12.303379446018933,0.24964807501384612,0.5548799500108472,119.21698646748784,0.6725078431587752,13.044882102346993,0.8067419246154789,0.5501349180393305,1.8823529411764706,0.47058823529411764,0.0,0.6043198025826553,1.6669308020637328,0.0,3.8453121965169816,416,relaxed
239,global,9.18394330798732,0.0052492839316428536,0.0028642200555417333,314.88275388182575,333.9822907362461,11.931640799886798,0.3366223202074026,1.182602515481942,150.44595547924965,2.0682845656932556,0.34302324406324486,35.72341429994966,0.6306430915723152,1.7361866194857574,0.29411764705882354,0.29411764705882354,4.138713403917784,1.2689484362864978,0.0,3.8453121965169816,416,relaxed
240,global,12.836757269020074,0.14844926178257384,0.010318628632499008,316.9270783610137,339.7913612485104,9.769045234182714,0.2791823326720314,0.1349814309302939,180.33709570366022,2.48434284528499,15.403781193109989,83.6141968916577,0.5957132064536317,3.413260640184563,0.5294117647058824,0.17647058823529413,1.8262988541731795,2.3037611180098225,0.0,3.8453121965169816,416,relaxed
241,global,1.2533819583109107,0.07253314742256459,0.0016104556433364139,314.2011447059807,341.2211442423567,11.098476730053301,0.17656061447972143,1.566084317430495,118.97457667110952,0.8546551353107996,1.682884150672038,0.5721064944828217,0.5289942449526225,1.8823529411764706,0.47058823529411764,0.0,0.5802552752529188,1.329217645330183,0.0,3.8453121965169816,416,relaxed
242,global,10.489412195370683,0.1588660923871849,0.004325948638882258,311.8417762457949,333.0521010507435,18.352558827163925,0.2121399901389639,0.9479601039594507,119.70071174200741,1.5009201116500077,2.8538507407946323,49.21749921726726,0.5993395890072308,1.8823529411764706,0.47058823529411764,0.0,0.9582060266396383,2.413604589802127,0.0,3.8453121965169816,416,relaxed
243,global,6.266572418928343,0.059263608049944176,0.004453626049710207,318.6030623945717,340.53293308079566,17.097381521291688,0.1979113738164966,2.5646286320135165,238.98197969414178,2.6574996372011377,1.4571575768577198,73.08045601022695,0.6463241977196219,3.109335777513542,0.6470588235294118,0.29411764705882354,2.542778934317496,1.6390776897996342,0.0,3.8453121965169816,416,relaxed
244,global,3.6596459370433525,0.02424385852364684,0.0017294362950958115,310.305110099433,334.7612753108836,10.960172640479858,0.3488452198909969,1.9725410570665756,194.0049662455829,1.9770427834342048,2.9790373060835837,24.997111498307223,0.5055745343647194,2.682551466117116,0.5294117647058824,0.23529411764705882,2.1982712702529987,1.3712845670889948,0.0,3.8453121965169816,416,relaxed
245,global,3.2840781083393473,0.07578741707148773,0.0018133513289194346,312.28752758031897,333.9314380141529,6.128321616444812,0.09220297912893227,2.194934603811797,118.97934182703011,0.8916910801936092,2.0226918452276696,0.5272672030202481,0.6345575282213707,1.8823529411764706,0.47058823529411764,0.0,0.5633961881402326,1.412023189265201,0.0,3.8453121965169816,416,relaxed
246,global,5.581083454336834,0.19164531435806798,0.003757726772725077,315.7348014057224,331.81254148844204,14.972428193406758,0.8178014066141641,0.4640539148581415,119.14486515396021,0.8355976873513262,1.4555804447254987,16.003264534233658,0.5701054251440073,1.8823529411764706,0.47058823529411764,0.0,0.5973417366313967,2.3597512285803166,0.0,3.8453121965169816,416,relaxed
247,global,4.601836147579247,0.038344389648082775,0.0032963720209657175,318.0316504714123,334.86143833640284,11.033739182873338,0.2560946920175238,2.365387955925704,106.20147160194733,2.0781658181749103,1.364547310847974,32.35487136979113,0.615963925623565,1.9534128593817424,0.23529411764705882,0.17647058823529413,3.6945627545615416,1.3106151827911294,0.0,3.8453121965169816,416,relaxed
248,global,7.687531620848508,0.09729336451518232,0.003310200981250579,315.914178045732,336.31570906720833,5.118227786163466,0.20797002369517453,0.11936409269917325,118.94234237334868,0.7902902473563778,1.0005985880710861,3.5508261088052087,0.526402689285532,1.8823529411764706,0.47058823529411764,0.0,0.4781553735818071,1.738322017925732,0.0,3.8453121965169816,416,relaxed
249,global,9.882638637685027,0.030823539318024992,0.0014059865499425634,315.65999259674953,340.505720945228,7.120168393797329,0.3091165964630682,1.366480842904997,45.123109606060105,1.654442440321512,4.282631690603579,5.5848532169852,0.6543298150021634,1.467093864313489,0.17647058823529413,0.0,0.10120376600104096,1.4007226540848183,0.0,3.8453121965169816,416,relaxed
250,global,16.2560007376242,0.03451286572778693,0.018162079734797228,313.2217460751286,333.66042729077753,4.404830746432678,0.1997735465399587,0.3860287196862868,240.23934840122683,3.414592517039363,32.64008721639987,106.93075261540193,0.6138850621460117,4.181876321548665,0.6470588235294118,0.29411764705882354,2.0240455796565566,2.1174429635278287,0.0,3.8453121965169816,416,relaxed
251,global,13.460467187555892,0.025926170782012745,0.002302349753578521,310.356638588309,332.96941092507427,19.987539352174323,0.8179025696747517,0.19864559339377807,16.410001811295913,2.324571389055201,0.09184301762158117,46.47720780671117,0.6520427836722235,1.975663320252791,0.058823529411764705,0.0,0.3122341133248496,1.4468236181659133,0.0,3.8453121965169816,416,relaxed
252,global,9.380753892557301,0.029161987549326834,0.0014436479927955725,311.20904404710126,337.73290734672315,5.971974991502345,0.44943664155096913,2.5406041597442703,90.75130592665292,2.589820962022507,1.8640277723806657,46.50239902078935,0.5994328549085121,1.8834413105950727,0.29411764705882354,0.058823529411764705,1.951525488197763,1.4455801968057733,0.0,3.8453121965169816,416,relaxed
253,global,6.74435241035283,0.03345829578588601,0.0008784479734517646,312.44761740762175,329.901065486869,7.236769876346862,0.3865117440537313,1.4349661503319797,119.0975958873874,1.543864230101154,8.669343169649084,1.2920855626634702,0.6376658148129514,1.8823529411764706,0.47058823529411764,0.0,0.49019618911724594,1.51942043488433,0.0,3.8453121965169816,416,relaxed
254,global,20.369363348484548,0.07401387870769656,0.0020249322461843022,312.5852584429565,340.60508212307957,8.213595651854527,0.45610826018442796,0.23364975713399772,208.13541373563345,2.0062272167706747,1.4533750392092002,40.805689562821485,0.6183203624327935,2.588235294117647,0.6470588235294118,0.17647058823529413,0.8665350795755633,1.751064874091592,0.0,3.8453121965169816,416,relaxed
255,global,4.923666003378747,0.036607047797728304,0.001440903602919789,317.55483851868854,337.30001914302284,10.753447736763189,0.25562461190287905,0.961648692995751,119.03440307151887,1.2737230651016362,5.878306185848427,0.17278982970549794,0.4402436864047451,1.8823529411764706,0.47058823529411764,0.0,0.5297747898121441,1.4499714858860768,0.0,3.8453121965169816,416,relaxed
256,global,4.311250363209577,0.018649972184066638,0.01253038058692951,311.34935576476073,336.1840143370934,3.9138005385733274,0.7899556473090266,1.3747639599697354,225.46739512095607,3.5154463859655705,28.63891191223422,117.77824531551056,0.6224326688859432,2.604957078925699,0.5882352941176471,0.29411764705882354,3.400574410807951,2.4402829408201265,0.0,3.8453121965169816,416,relaxed
257,global,14.251539398622409,0.020000000000000004,0.0020109601880382837,310.46926590038487,335.61172164309147,8.074174546,0.40519401798559307,1.5800123050395112,150.0603942166827,2.2902270596915586,1.7161927258590932,35.558140753030614,0.6129461354013924,3.708639498244847,0.35294117647058826,0.23529411764705882,1.3348684771422727,1.3459589565992964,0.0,3.8453121965169816,416,relaxed
258,global,0.9503344224363381,0.10652613078639468,0.003396582629291116,312.6840854854015,334.2115567170302,6.181514629498447,0.4162225934390972,0.3989093315575749,118.95665775983959,0.5485765875395255,1.034243017732627,0.39624891702606324,0.5702263029556762,1.8823529411764706,0.47058823529411764,0.0,0.5756948624868539,1.6444838055026103,0.0,3.8453121965169816,416,relaxed
259,global,5.328029148810579,0.030380699919255155,0.00250654360755674,317.03706453772935,334.8678757035744,3.70728394842593,0.2652715895954552,0.6863150783695849,118.94734656288503,0.9429733880266887,2.288153708402606,1.6483036601034735,0.3751416767406144,1.8823529411764706,0.47058823529411764,0.0,0.49317904771070975,1.265908254537747,0.0,3.8453121965169816,416,relaxed
260,global,7.32561506125124,0.15485396585150438,0.0007750185129506929,316.1538894792159,339.3434713416182,7.021588333090374,0.2002611415017036,2.936405273838856,119.17321040014829,1.5928187111887004,6.353496513084787,13.395141146729424,0.6160195581131402,1.8823529411764706,0.47058823529411764,0.0,0.48042879230773133,2.108201601836716,0.0,3.8453121965169816,416,relaxed
261,global,8.557209305436638,0.01033260567397791,0.003286026696363899,313.79907772686084,333.9440606807123,10.7330449699009,0.5872754008991727,0.5340649238546231,151.57867309725586,2.2575837024183656,0.045080114469861876,46.00925532126233,0.5190718947322663,1.4749803721401782,0.29411764705882354,0.29411764705882354,6.474259449904881,1.3130232534551871,0.0,3.8453121965169816,416,relaxed
262,global,7.294699378728663,0.027790107993060434,0.0005786882224430561,313.23722591711754,334.29294028600214,5.244504190007645,0.6207473918760995,0.31024076280973323,148.6517016669106,1.5305523796066294,8.303380878226854,1.3397780361525575,0.5493297109028212,2.1176470588235294,0.5294117647058824,0.058823529411764705,0.5633676910654078,1.4827831491050016,0.0,3.8453121965169816,416,relaxed
263,global,11.961803304136359,0.031143033197745945,0.0025944818985515214,311.9830060906664,335.97681064925246,11.036586798348937,0.3289191085614566,2.334645652012739,164.6995650460712,2.276826869372243,0.8292777535986133,46.65696112152831,0.5276222577507779,2.3343756936347737,0.5294117647058824,0.11764705882352941,2.3970615439095466,1.4067728383877292,0.0,3.8453121965169816,416,relaxed
264,global,3.6387571765640434,0.025141359003535757,0.0031523348996397435,312.7228773713583,332.5178681980551,15.34020199088339,0.3658784051178362,0.18502182525813637,76.44372300148022,1.1949218613945238,1.1706799196867383,15.079929651180995,0.6928040250753225,4.9226613177582665,0.29411764705882354,0.0,0.41560523260184645,1.242642820707884,0.0,3.8453121965169816,416,relaxed
265,global,10.258252739535852,0.03127437965687124,0.002328954063951519,317.33498098081367,338.8618770625394,8.267791643292856,0.238582499717516,0.7894397143171552,74.60210761753265,1.341718965701895,2.057638955349727,5.892640352591668,0.5011435431113241,1.6090523502532628,0.29411764705882354,0.0,0.2057876706825014,1.3305103256365012,0.0,3.8453121965169816,416,relaxed
266,global,11.84283918138035,0.0957315072265645,0.006500801274920441,313.926180829387,338.313555241369,11.401077298469367,0.4888424803190161,1.7932058302629257,106.8252514330153,3.3529519312321296,5.52426439350112,101.22280475527289,0.6671537594586523,2.4172335831839664,0.4117647058823529,0.0,2.8629797750227195,2.083822130339292,0.0,3.8453121965169816,416,relaxed
267,global,13.802146399720039,0.0301347457211828,0.0032867055978174665,314.15160926286654,337.2310857147505,3.649411806868118,0.11394427550342962,2.8632375805035206,163.80037918207435,1.7983126303249337,0.28474550182927905,24.441781697132587,0.6651139525437298,3.041651348046938,0.35294117647058826,0.29411764705882354,0.36439266460764796,1.3316616152506875,0.0,3.8453121965169816,416,relaxed
268,global,6.6122668270685665,0.05231791655976818,0.0036232868006711794,315.7191721763629,335.6441530791416,16.131011115352898,0.3489836240026316,1.300651375887568,104.55158588182022,1.2863578470799797,1.1505547792174249,13.852073195255521,0.6052019876274218,2.0650736061920933,0.4117647058823529,0.0,0.6898860273802457,1.541051058593527,0.0,3.8453121965169816,416,relaxed
269,global,4.41340714522673,0.02856186929821322,0.003408061214587866,313.9435218307058,333.98520820620666,6.224091099910594,0.4777293485097745,2.1387725945388403,64.5869668994641,2.8942068651652724,0.13807669588951896,77.12980492576082,0.4047580974663818,2.3580620954998546,0.17647058823529413,0.058823529411764705,7.43377176549623,1.5338931849337012,0.0,3.8453121965169816,416,relaxed
270,global,5.173645874730013,0.08744496439064342,0.0028884118900716835,312.69061913061023,334.62991505160994,10.765743665299121,0.16456107609149145,0.5548799500108472,118.92199741382672,0.7706919291955474,1.3213616372349184,0.7991865843098697,0.491408074321415,1.8823529411764706,0.47058823529411764,0.0,0.4830705840953601,1.7823486773620385,0.0,3.8453121965169816,416,relaxed
271,global,13.855209982905949,0.1035369238386697,0.0111528026180205,313.2776623884547,335.54343232384525,3.2299176110005856,0.5200402664919779,1.2421673074545754,181.3386256341528,3.79425754943854,17.37980075908646,127.00482101839373,0.6032907870711957,3.8325639917277705,0.5294117647058824,0.17647058823529413,2.413040556730525,2.154120892154748,0.0,3.8453121965169816,416,relaxed
272,global,13.459740918987093,0.04229722769847714,0.0021653041945906004,312.39732266875603,338.45061773974686,14.286392740989626,0.2440172282436216,1.0957465965227662,118.98675297265723,1.4902548565358509,1.530487177055124,11.379833992780794,0.6632832467705141,1.8823529411764706,0.47058823529411764,0.0,0.3509751623244943,1.5652754439190648,0.0,3.8453121965169816,416,relaxed
273,global,9.694794013886579,0.015948813322451724,0.0017120674697476187,312.4761110018242,341.2211442423567,10.001360434846456,0.3726409688426169,0.8919850910069365,89.94216761968794,2.2116865441967795,2.2666348156022593,23.64937016792162,0.6970126143368821,1.82246365453203,0.17647058823529413,0.17647058823529413,0.8428301036827368,1.3315863341456116,0.0,3.8453121965169816,416,relaxed
274,global,18.669451237034234,0.03694090607397023,0.0019676301603512823,314.0405426576202,335.2560318280946,12.29947339260709,0.2769307823175973,1.0070382427452786,118.92649427261104,1.7109022235949458,3.349051113182579,10.35969437503495,0.6409373515700909,1.8823529411764706,0.47058823529411764,0.0,0.17308587347996476,1.4873163689013804,0.0,3.8453121965169816,416,relaxed
275,global,6.266572418928343,0.08527201331929513,0.006495694153012069,311.3333724969295,341.02207216362655,7.499669348269505,0.264879645829233,1.4798833265575442,209.69224533190467,3.0561096771320666,9.622929233261669,87.40305983207061,0.6152077733519149,3.448637316712564,0.5294117647058824,0.29411764705882354,1.8083488449172773,2.3027544717117063,0.0,3.8453121965169816,416,relaxed
276,global,3.6596459370433525,0.02028070529136651,0.0037756007374295042,310.305110099433,335.018585645213,14.756532252368157,0.16305125813282878,1.9725410570665756,77.85899492577954,2.121959334872915,0.8529419743382978,46.29501920529635,0.5255862929132235,0.9682672587868024,0.17647058823529413,0.11764705882352941,6.5671556631749715,1.3144167209928317,0.0,3.8453121965169816,416,relaxed
277,global,6.188746204687844,0.05155277237048173,0.0018133513289194346,317.2442401638816,338.7371240716295,14.010809885983956,0.15881518926479016,2.656389282660796,192.88933414702768,1.650776463496941,2.9819046196844035,14.054557517803273,0.5426453908102647,2.4448529411764706,0.5882352941176471,0.17647058823529413,0.4318495965184324,1.418082356275499,0.0,3.8453121965169816,416,relaxed
278,global,7.580319410310755,0.029998687928183526,0.003549084826998913,316.0950564759165,335.59704731180386,16.566046601061288,0.24410560438793266,0.5899341995697523,59.68704213452557,0.782785684201973,1.584677461314061,2.3193889025928036,0.37858783871055085,1.089718819064397,0.23529411764705882,0.0,0.431772889045147,1.329432483431735,0.0,3.8453121965169816,416,relaxed
279,global,12.02642731023706,0.14355823175671878,0.011507808245453024,318.0316504714123,334.89884791987924,11.033739182873338,0.14619610244175268,2.365387955925704,120.58816403880691,2.40465114145229,10.557928160196665,80.2982846790921,0.6304193742994478,1.8823529411764706,0.47058823529411764,0.0,1.769873529498236,2.1236578401279607,0.0,3.8453121965169816,416,relaxed
280,global,13.161317472485287,0.017758528523848086,0.0017460515909101838,312.87005705199397,333.3626632050429,5.560954881352391,0.20758957507845988,0.11841014925729998,60.58845572234619,1.649747275189028,3.8018081718608765,6.651622409799011,0.5818640810131979,1.931223600800214,0.17647058823529413,0.058823529411764705,1.162821996290818,1.3262974946321973,0.0,3.8453121965169816,416,relaxed
281,global,9.882638637685027,0.016264657323111942,0.002735997766935119,315.65999259674953,333.29370661241506,12.773350937485773,0.3921768789905231,2.651349245237353,3.6847086435949423,2.4560255360606194,0.7831316196668474,48.99035007318338,0.429005121439874,0.1839023592594745,0.0,0.0,6.005957389232862,1.364186943039719,0.0,3.6847086435949423,416,relaxed
282,global,3.788760167068821,0.03515767490141797,0.0017763903704679472,313.2217460751286,332.6813018902015,7.918195365503426,0.49873985413992505,2.608537025274172,91.77475166955522,2.6358457661710695,2.3738699713920624,54.47774234944639,0.536219911259367,1.4542483660130718,0.35294117647058826,0.0,4.2510064279372255,1.5047421124306741,0.0,3.6847086435949423,416,relaxed
283,global,11.854655972176865,0.13113361926474137,0.002302349753578521,314.49656615295584,332.96941092507427,17.472501139521597,0.37234941218573725,2.3118429434884415,119.8344385169074,2.393262268791403,2.5701180730839366,53.31745447104427,0.6220610474980504,1.8823529411764706,0.47058823529411764,0.0,1.1243194341274947,2.0498301803161403,0.0,3.6847086435949423,416,relaxed
284,global,4.371659932384908,0.02576355125744341,0.001545177090408618,311.31979305939916,332.8297157108996,10.87673414080238,0.37560997329830204,2.6404922788102203,92.034807609409,2.562396333641535,2.2662585175214587,47.5292538660043,0.4605283420446444,1.4542483660130718,0.35294117647058826,0.0,4.925316180606395,1.4839165666673726,0.0,3.6847086435949423,416,relaxed
285,global,7.564490738467981,0.09228911932819063,0.003183059291012963,316.7745206460712,335.16257404379945,13.42100910109836,0.3865117440537313,1.9432464877887332,119.64944229846871,2.087635930985361,1.8000381128139589,42.87334206616972,0.6188056951573332,1.8823529411764706,0.47058823529411764,0.0,1.0124381554669954,1.756074032202843,0.0,3.6847086435949423,416,relaxed
286,global,17.686845542297892,0.015565115957292805,0.0027862567933616533,313.66014314840305,334.735146660474,6.107815151411975,0.18165742890558634,2.769330966912606,178.61656738317637,2.179140565084647,0.8252238337240392,32.54632939184355,0.6418309530676518,3.2260528241074837,0.4117647058823529,0.29411764705882354,0.20418806070045434,1.3216575930287853,0.0,3.6847086435949423,416,relaxed
287,global,14.97110772243264,0.12950691666598038,0.001440903602919789,313.62851632051724,334.6030101922909,4.6523501604862965,0.4532253219854172,2.018114189377763,119.58076601369129,2.0264309321293226,4.907528762598613,40.840579644506484,0.5509308846904086,1.8823529411764706,0.47058823529411764,0.0,0.7971257367427471,1.9336316628134615,0.0,3.6847086435949423,416,relaxed
288,global,6.60499260359064,0.07270036232659975,0.0036132525687883124,319.16726795475944,333.9679973776726,3.0780011071838134,0.5244236890946048,0.6956712661214136,104.16460694256884,1.0933584387981654,1.7622990567764079,5.287887437603338,0.42877567487129403,1.7108864379084967,0.4117647058823529,0.0,0.4442358099729285,1.4438540008806868,0.0,3.6847086435949423,416,relaxed
289,global,9.882638637685027,0.02863801163237803,0.002735997766935119,315.152355926916,333.29370661241506,13.452190549873766,0.5325930793314428,2.651349245237353,75.3498399445491,2.649444071601748,0.4162815547145448,59.516809532202515,0.6702386516034227,1.790501921959892,0.29411764705882354,0.0,0.44187780919563313,1.4243773836933034,0.0,3.6847086435949423,416,relaxed
290,global,6.2134691424825075,0.0827713636568901,0.003396582629291116,311.4862195953766,329.59611880738623,6.181514629498447,0.43179992794860295,2.397035828089663,150.93107488993905,2.7910859422648957,0.3429752669020902,85.62471246626654,0.43018361213519835,2.1176470588235294,0.5294117647058824,0.058823529411764705,3.709226493423756,1.8377054950895786,0.0,3.6847086435949423,416,relaxed
291,global,22.77530265894927,0.007870688898620096,0.0014763935249504645,316.0212106641162,338.07486853470914,3.94795288042096,0.18972367660401707,2.3499584545846677,163.5806034221389,1.9605492894713938,3.281487991962748,16.05777399583898,0.6905611629778405,2.9365972163567546,0.35294117647058826,0.29411764705882354,0.06824890435365921,1.3527935694773794,0.0,3.6847086435949423,416,relaxed
292,global,3.3624269763355557,0.05713641001773913,0.004192034240374003,314.7868167136119,339.56618173851587,13.911840030401853,0.35754331331549116,0.7679555077465386,118.96342749615103,0.5329363742444854,1.9741897296587074,0.6340346468759009,0.428293265578858,1.8823529411764706,0.47058823529411764,0.0,0.5634766901458843,1.5556325134671631,0.0,3.6847086435949423,416,relaxed
293,global,15.296150635481336,0.09199275797805342,0.0012043587581660794,316.1098523693515,336.02025287876404,11.554526112656854,0.8093793330922551,2.373937915449923,119.43899895531366,2.262398078412667,5.85137547321685,37.286817494461644,0.5906736775244833,1.8823529411764706,0.47058823529411764,0.0,0.5374516221100388,1.7360520287572243,0.0,3.6847086435949423,416,relaxed
294,global,7.205070020460061,0.0710457952860285,0.0026986874651922605,317.2411425789621,336.12404067967145,15.93564127097115,0.2902283109348698,0.9046845757951381,118.98022886452611,1.0677734305505526,3.2196296569071032,2.1781474222642476,0.5691369444845745,1.8823529411764706,0.47058823529411764,0.0,0.4793069126939011,1.6353730865495788,0.0,3.6847086435949423,416,relaxed
295,global,14.073800882916894,0.019731706140049085,0.005047141624703914,315.18765150348963,339.38267790496496,11.036586798348937,0.6315630992884584,2.8084636601401516,179.14886353347435,2.3545903342348224,2.0189179584356056,56.70947325694074,0.6006660821121803,2.7030859887227967,0.4117647058823529,0.29411764705882354,1.2543264622418142,1.4970870169521593,0.0,3.6847086435949423,416,relaxed
296,global,11.967956697239567,0.05750279846800685,0.0032407992048414467,313.98555137135287,337.7634049733101,6.495919662847403,0.4181308311571512,1.7234326933248711,209.77582469338492,2.3605380731864036,0.5590514567085771,47.575324958471846,0.5916603403023818,4.316096335162714,0.5294117647058824,0.29411764705882354,2.311056988905446,1.6167032976645948,0.0,3.6847086435949423,416,relaxed
297,global,7.290732747044352,0.06601518858266958,0.003990148105146268,317.2119354700021,334.19783802049204,9.929410423474659,0.5230566954986269,2.053557652680901,105.92057485915377,2.664644046839456,0.2933189466432672,71.52090478643726,0.5826988748216221,2.0544239856607462,0.4117647058823529,0.0,2.2647319012220675,1.6317193649026576,0.0,3.6847086435949423,416,relaxed
298,global,11.84283918138035,0.19918034676765847,0.0018828528184753803,311.4733176374449,338.313555241369,11.086157131305656,0.4888424803190161,2.73717842830657,120.19633073267384,2.762302563585899,1.9970344772494102,86.40205804388727,0.6321040014942269,1.8823529411764706,0.47058823529411764,0.0,1.1844482985760916,2.5058767937866113,0.0,3.6847086435949423,416,relaxed
299,global,8.678286928796474,0.06823592384148672,0.005861816709924645,318.31757782745785,337.2725134303641,6.380583126711313,0.12351646737390926,1.0214087114472574,118.99371567745621,0.4802413099347762,1.6420847514297494,6.565052364826754,0.5790588207730769,1.8823529411764706,0.47058823529411764,0.0,0.5070511809468599,1.4904806950923166,0.0,3.6847086435949423,416,relaxed
300,global,6.6122668270685665,0.11452399791701291,0.0010163690046058119,315.3213343628516,334.4061086891474,8.66269374568105,0.48573828399657487,1.300651375887568,119.20980387529096,1.5881867286503997,8.716281218664713,7.321158707972098,0.6405694068136767,1.8823529411764706,0.47058823529411764,0.0,0.5838169801313622,1.8330674740935948,0.0,3.6847086435949423,416,relaxed
301,global,11.590473942044582,0.012658101146485759,0.0022434528937478916,311.7657141652901,333.98520820620666,15.400732261944832,0.2269308117681486,1.6176866194958017,148.88068097893537,2.2231662168513044,1.6509199040878966,28.649712660276975,0.6869529250116934,2.417349365603713,0.29411764705882354,0.29411764705882354,0.40398938749410374,1.2861577702553622,0.0,3.6847086435949423,416,relaxed
302,global,5.173645874730013,0.08744496439064342,0.0028884118900716835,312.0424808201711,341.92066890609766,5.382775725795375,0.28018979867891985,2.727696031509274,90.62471368099182,1.8904648826314707,0.9672888603729077,48.24576182460445,0.5405850141262442,1.8522376779362457,0.35294117647058826,0.0,1.75512047856082,1.909854128377754,0.0,3.6847086435949423,416,relaxed
303,global,13.342753333210618,0.16188694684617247,0.004432962943592579,313.51574789505423,332.6474591811539,18.002105550932917,0.2821168974253493,2.940664088272392,120.72275027864187,3.4573172754359875,2.8193346697114783,106.83024613544046,0.6837301336856632,1.8823529411764706,0.47058823529411764,0.0,1.7679788746519427,2.250354025661242,0.0,3.6847086435949423,416,relaxed
304,global,4.469126639888717,0.037729312721711844,0.0021653041945906004,312.39732266875603,330.56716034606603,13.992175762314693,0.2440172282436216,2.928760575024783,92.51491276456554,2.4439883032727745,2.0086266572800757,49.219415134961736,0.40957723775692023,1.2862928362144577,0.29411764705882354,0.058823529411764705,6.040148162944301,1.467283489058039,0.0,3.6847086435949423,416,relaxed
305,global,25.711567896071912,0.10768277293219689,0.0017120674697476187,312.4761110018242,341.2211442423567,15.600296412441317,0.5217772570300531,0.8919850910069365,119.39947991709684,2.2996650525575366,3.2660543927545755,33.17538033687937,0.6724462121618134,1.8823529411764706,0.47058823529411764,0.0,0.6310068851389097,1.9050677526614672,0.0,3.6847086435949423,416,relaxed
306,global,14.375909570182003,0.013039489685332459,0.0011996619667428918,317.2763398884703,337.9116175396698,9.233044215156761,0.2769307823175973,1.8468568531017875,119.0708792294358,1.8930409116264428,5.6932277032635925,7.303016539149633,0.6562295118182123,2.1861813817083435,0.23529411764705882,0.23529411764705882,0.11808771657857792,1.411884348273459,0.0,3.6847086435949423,416,relaxed
307,global,12.832268936741034,0.016064907957075603,0.002921847809232556,318.6030623945717,334.9964456193574,6.3249847552765655,0.5870219269071609,2.8072393265933293,61.41937160108015,2.358587480703601,0.5925679192395393,42.55171325498812,0.6521711187095747,1.272981858264798,0.11764705882352941,0.11764705882352941,2.858168730918182,1.3118098239737956,0.0,3.6847086435949423,416,relaxed
308,global,6.624433556160785,0.01648530341549144,0.0025307050723188482,314.83027820072056,341.84238513765354,10.337049608720772,0.3119078738931927,2.475502418238507,166.27636561058185,2.1445619073077005,0.7196838193041234,41.62269871345779,0.17932485595200143,1.4167939054148386,0.35294117647058826,0.29411764705882354,6.614745670274713,1.3411795919722675,0.0,3.6847086435949423,416,relaxed
309,global,4.9977080479960705,0.009016742372526379,0.0026881082675524106,315.1048545357658,338.9227896564118,19.030649691683784,0.0654351896076229,2.656389282660796,32.164692341480354,1.349561272117752,0.3117266799712191,17.116320650749067,0.639824278896316,4.233547079447076,0.11764705882352941,0.0,0.7803845642620806,0.958163424933533,0.0,3.6847086435949423,416,relaxed
310,global,9.181161916322036,0.13520084849794922,0.0030927917402208396,315.21197624613586,333.41070547073735,15.545034030241276,0.24410560438793266,2.3588680121192755,119.44526993249907,1.9516081732087742,2.25832020841352,36.06586776440757,0.6451869856255721,1.8823529411764706,0.47058823529411764,0.0,0.718071875951657,2.0882105847798362,0.0,3.6847086435949423,416,relaxed
311,global,20.406957968974787,0.18678748307503723,0.004880632386711029,312.84165201952277,334.86143833640284,4.993457757574731,0.2560946920175238,2.588620852150575,120.11560819926268,2.4887940806972377,2.168120483008488,68.78106473811863,0.6856449173759411,1.8823529411764706,0.47058823529411764,0.0,1.380842461592209,2.172048982483361,0.0,3.6847086435949423,416,relaxed
312,global,19.723456357799066,0.017758528523848086,0.0026314884512594876,319.69246651748654,333.3626632050429,12.85279789340022,0.6018811204706875,0.8837567301520634,31.016706296573492,2.023360636066501,3.601935917918506,12.3823500933185,0.656568643968063,2.3713513912851996,0.11764705882352941,0.0,0.27346630268482963,1.337487949483607,0.0,3.6847086435949423,416,relaxed
313,global,8.0,0.020000000000000004,0.0007443496728902592,319.46408861379814,334.34594419578883,12.109254188927753,0.39625890128190344,1.7138973115572693,119.05193646749477,1.70630324333455,10.004302857416514,1.4809989545347433,0.577459965332672,1.8823529411764706,0.47058823529411764,0.0,0.3411320958122488,1.5240015644008567,0.0,3.6847086435949423,416,relaxed
314,global,16.47804091229876,0.007019081049947112,0.0019959311930190307,314.05598663256075,331.88505985469425,19.439608256088384,0.8104524497277107,1.0381725092546024,133.9887818910161,2.138657808051545,2.255188638122872,24.71007584843042,0.6627474560154529,2.3364845954929727,0.29411764705882354,0.23529411764705882,0.1727823397625836,1.3092186709149993,0.0,3.6847086435949423,416,relaxed
315,global,13.480345483483532,0.01333491401473881,0.002302349753578521,319.8337655981225,332.96941092507427,11.471049230550829,0.8179025696747517,1.406384435484777,149.11827477118288,2.2187226748203175,3.506522336858427,23.138069233210864,0.6889196420192019,2.991130725253275,0.29411764705882354,0.29411764705882354,0.3394707623252832,1.3818923315180698,0.0,3.6847086435949423,416,relaxed
316,global,0.7039083387434353,0.056978063045739616,0.005283714813137624,315.6601997150009,336.2754690369958,11.160352349336916,0.843225261075549,2.880334272129975,92.432370871651,3.0878176638575745,2.5215808420333143,120.33910325068655,0.6899617078605881,3.5153562835824808,0.35294117647058826,0.0,2.1438547043777922,1.7394172006097175,0.0,3.6847086435949423,416,relaxed
317,global,10.614205378061378,0.022150479077190782,0.0033562095399589315,315.8728528964137,329.31124720944837,11.409867541275712,0.3865117440537313,2.816698404505104,90.4226169618849,2.836467512088126,0.6846341726793171,62.51948461003529,0.670009096520357,1.7348981558069245,0.29411764705882354,0.058823529411764705,1.153460097092523,1.4026383166400727,0.0,3.6847086435949423,416,relaxed
318,global,8.552535868062332,0.06299901083382667,0.0035190255176297223,316.8240884005293,328.88578596590486,11.364233268849075,0.329770792881378,2.6306314846930428,105.60215250190282,3.0265425308877485,0.4665530280823385,80.37108514847202,0.5617748061042045,1.8408115760294517,0.4117647058823529,0.0,1.6467290072677758,1.5544236696639882,0.0,3.6847086435949423,416,relaxed
319,global,6.498864770399509,0.013582066247430469,0.0026842508936286485,315.73341531723776,336.9045479552932,6.995558954528777,0.19637239879497592,0.961648692995751,61.92500244554585,1.7784616714695998,1.2583128410060995,15.898338803555994,0.6269771458574696,1.6257861350986218,0.11764705882352941,0.11764705882352941,4.051086740009291,1.196886064924629,0.0,3.6847086435949423,416,relaxed
320,global,7.166670551443163,0.15794677517446695,0.0077623581781294995,313.8682058236787,335.3682055758645,12.814304409537723,0.45957359794613245,0.6956712661214136,90.27750625425044,1.0334984132378413,8.009785883425563,34.50093873730175,0.5956823363055729,2.0490221363801187,0.35294117647058826,0.0,0.8740623803759937,2.5010688103757013,0.0,3.6847086435949423,416,relaxed
321,global,13.8147441022381,0.016264657323111942,0.002735997766935119,317.53772270977646,332.8440394583414,12.773350937485773,0.3921768789905231,2.651349245237353,2.6702078396603905,2.33623290792126,0.9826288166728676,41.28168511911031,0.6875798112552681,0.6741159442101466,0.0,0.0,3.6132105914930155,1.2971495563060234,0.0,2.6702078396603905,416,relaxed
322,global,6.2134691424825075,0.019009968773674057,0.0024909007263372784,314.5606069486724,335.3493510743412,6.181514629498447,0.3366356227471341,2.2975209837546835,122.27667936609909,2.106201736041904,1.7268695819854998,32.687960803660054,0.34101106510549106,1.0029034147444116,0.23529411764705882,0.23529411764705882,7.388725104969823,1.3214695060141541,0.0,2.6702078396603905,416,relaxed
323,global,12.96398759726712,0.07402440803630352,0.0033028887378931393,316.8166143023321,330.3688120970357,5.372873959196333,0.8770834612980428,0.8805716009772796,89.9081153855521,1.793940462906101,2.5602291577771763,16.36927687478881,0.6310682253788064,2.22943889871977,0.35294117647058826,0.0,0.5214581137239422,1.5043189252687665,0.0,2.6702078396603905,416,relaxed
324,global,10.939587024601568,0.05799229306508486,0.0021817201637745424,318.05931529119493,336.75792957765253,6.114244768227195,0.19230390849958762,1.1142217342818022,118.97406391821843,1.1722129624554691,2.7284424979622877,4.226424233181755,0.5656906339679014,1.8823529411764706,0.47058823529411764,0.0,0.44535365274081895,1.4589914491822085,0.0,2.6702078396603905,416,relaxed
325,global,7.256028913638299,0.017664546580180823,0.0038257141624138107,319.0356618970375,328.570986844567,10.267721640728627,0.4943252587562746,1.8364735848999039,195.6628141147268,2.438413278424223,1.487472308284428,44.78308510799154,0.315098270862169,1.7420297451371174,0.4117647058823529,0.35294117647058826,6.118884129191569,1.3783112969990308,0.0,2.6702078396603905,416,relaxed
326,global,17.337931273537542,0.13797999977284892,0.0018141810037497381,313.77199569585514,331.80770800831766,13.168281799554773,0.40603710376816493,0.388109455262853,119.72449067426007,1.9261586896160636,3.6280005551064027,41.966209143193396,0.5773710183060011,1.8823529411764706,0.47058823529411764,0.0,1.1142900727239762,1.949651653875842,0.0,2.6702078396603905,416,relaxed
327,global,4.561766854136074,0.019731706140049085,0.004143993691508833,316.1958081296053,338.34268601749136,13.967669828694115,0.6552691999443,2.334645652012739,180.87760474677498,2.6534656873783753,1.3416009542962275,69.59218107875141,0.6104389825780191,2.1395041439238223,0.4117647058823529,0.29411764705882354,5.031893475869144,1.4972608834460326,0.0,2.6702078396603905,416,relaxed
328,global,8.252369566673694,0.18729865474797325,0.004535684196175716,316.1582743976299,329.6034300534349,15.34020199088339,0.08715388462641943,2.5928727724535707,119.06805667740215,1.0599462020008406,0.418872577131709,17.72377253229939,0.6509822605950777,1.8823529411764706,0.47058823529411764,0.0,0.4390074665281998,2.095443608500754,0.0,2.6702078396603905,416,relaxed
329,global,17.989644061987914,0.11631246230931151,0.002059278044347577,317.213837863007,329.30239639231786,9.640731497113714,0.5230566954986269,0.7894397143171552,119.32622811900404,1.7715223578746029,6.991118292305614,18.499021436747952,0.5806706998258635,1.8823529411764706,0.47058823529411764,0.0,0.6637612757207234,1.6835624663664983,0.0,2.6702078396603905,416,relaxed
330,global,20.682236038306172,0.0957315072265645,0.006500801274920441,313.926180829387,332.8274633438502,6.460698117593377,0.4888424803190161,2.175248628001121,150.2869240076186,3.135686313840671,4.287977822517356,91.9199519519081,0.6409777556913707,2.1176470588235294,0.5294117647058824,0.058823529411764705,2.1021751605220116,1.8467678503259761,0.0,2.6702078396603905,416,relaxed
331,global,17.339207327463562,0.018547350172974236,0.0046078391130105695,313.1241540510188,334.161157778751,19.004791892686654,0.3998257919383208,2.067526959865643,136.3738233950847,2.422673730313018,1.9319905665490102,58.47183839416258,0.5764686219444454,3.5120721178143692,0.35294117647058826,0.17647058823529413,3.097780013392974,1.532105203435229,0.0,2.6702078396603905,416,relaxed
332,global,20.643316893622462,0.1978921794593622,0.0010706988871374591,318.27572461001233,332.5172453264932,11.664424305194867,0.5381036500745214,1.300651375887568,119.71162276610407,2.535271811227319,7.365106522272496,37.38559773339983,0.6116591469773531,1.8823529411764706,0.47058823529411764,0.0,1.0034928137505341,1.9194563758307448,0.0,2.6702078396603905,416,relaxed
333,global,16.378073101434936,0.01286812927650402,0.0018784001392898528,313.5087610452204,331.843769950016,9.233425667121896,0.4569483303165964,2.1802245326263527,30.79056002638446,2.2127114846187625,1.8020176606428537,33.79421525537944,0.7198907078879486,1.683110600068021,0.058823529411764705,0.058823529411764705,0.1391313973257954,1.3443050951773226,0.0,2.6702078396603905,416,relaxed
334,global,5.173645874730013,0.00943364359252391,0.0022265201821742697,316.44303552711926,341.92066890609766,6.395849982825022,0.2899464316049135,2.16397325989104,90.78286185947971,2.136329570187001,1.3757807247875242,28.608900500973668,0.7374293774550592,3.3504085029521,0.17647058823529413,0.17647058823529413,0.933993082995888,1.2164269076677,0.0,2.6702078396603905,416,relaxed
335,global,15.557635164257448,0.052932380335027264,0.0034205242989254836,314.2514843323506,328.1201607717065,7.1322509462426,0.2821168974253493,2.86099566387342,208.27782183195822,2.502027565422037,1.0481971278283044,55.64198758040204,0.6355695998388049,2.588235294117647,0.6470588235294118,0.17647058823529413,0.8551039643174552,1.4596411903225952,0.0,2.6702078396603905,416,relaxed
336,global,17.196764732478908,0.04451979753066755,0.004906013330882421,319.9414946243292,337.1117877194023,19.236605754238894,0.5463957602257832,1.795442166059024,223.8215024787891,2.619983648367548,1.309973737913657,63.958622336672924,0.6406524425791902,3.4425608881268155,0.6470588235294118,0.23529411764705882,1.4927343858033573,1.5401554485056117,0.0,2.6702078396603905,416,relaxed
337,global,20.634789758647457,0.015948813322451724,0.0017120674697476187,316.21642865966584,335.8773121307623,13.853664884526822,0.553422735913696,1.2041665405794892,164.53105703428946,2.2489860266302704,3.3367004435398635,23.710397926669817,0.6740894869823134,4.014905365673035,0.47058823529411764,0.17647058823529413,0.7257647317767733,1.349392019239113,0.0,2.6702078396603905,416,relaxed
338,global,29.1984067902593,0.10566438366245558,0.0030611525347040086,318.09945393142,330.61331683099155,4.176986214321645,0.2769307823175973,1.0439280454870628,119.22625306314724,1.8765824981437926,3.0608616290345414,22.946819693252657,0.6138024682238545,1.8823529411764706,0.47058823529411764,0.0,0.5265215913213152,1.584977048165726,0.0,2.6702078396603905,416,relaxed
339,global,12.692702769611728,0.011626896022081015,0.002954715482678421,318.6030623945717,334.9964456193574,6.0718224340740745,0.16377656678757901,1.5695057885129038,180.2655776593383,1.9982459093940284,1.6280562761522193,21.688780939197606,0.4720804463010776,1.6657116822161975,0.35294117647058826,0.35294117647058826,5.2730257560066836,1.2602829514803138,0.0,2.6702078396603905,416,relaxed
340,global,3.6596459370433525,0.020507154204999115,0.0018534919307621849,318.11007936542495,337.05335953507114,14.756532252368157,0.20790377367661028,2.6418136444059073,76.1073388885191,2.1645271732310425,3.684690609784064,29.020479891526108,0.5982728019584005,2.618487318664047,0.17647058823529413,0.11764705882352941,1.6383985276710404,1.2381405972187889,0.0,2.6702078396603905,416,relaxed
341,global,15.640633998778195,0.009016742372526379,0.0011535222178952823,312.62662335699696,333.96279370716553,19.030649691683784,0.30107252642356863,2.91932208809328,149.43937512660378,1.8851557589500616,4.312210873155948,17.41092193958445,0.5237181917152737,1.6955219746202193,0.4117647058823529,0.17647058823529413,2.3903272189396567,1.3384538788354936,0.0,2.6702078396603905,416,relaxed
342,global,6.190503950564654,0.0055573194581910595,0.003165520881336513,316.0950564759165,335.59704731180386,15.963548510991682,0.44332166728809286,2.0159335284672886,150.3113541363313,2.2132693211683683,0.14683865607967067,41.80980492696414,0.7578607433757615,4.97228354982839,0.29411764705882354,0.29411764705882354,0.5021149824219686,1.2138094810964832,0.0,2.6702078396603905,416,relaxed
343,global,10.298061906225602,0.038344389648082775,0.0032963720209657175,319.5058484053305,331.123274134647,19.53352969571013,0.16217361692694948,1.3371234199941016,118.98581019848942,1.1019593435826485,3.9145784998938895,1.1598981977780685,0.5168705393200584,1.8823529411764706,0.47058823529411764,0.0,0.4923159820696294,1.3643647523646845,0.0,2.6702078396603905,416,relaxed
344,global,19.723456357799066,0.017758528523848086,0.0026314884512594876,317.4266480724144,331.30367336707786,12.85279789340022,0.8035240843904659,2.8600318947769567,90.61722896009478,2.2313444763397468,1.0864491328364556,35.092209119959264,0.6548379309673751,3.069188647707982,0.23529411764705882,0.11764705882352941,0.7677314690340492,1.3454924145221983,0.0,2.6702078396603905,416,relaxed
345,global,8.0,0.179236372528408,0.00234485695,318.3757387773587,337.9823378766857,15.536368650801036,0.251131171,0.24107859345244687,119.23818490770772,1.302062649569753,2.1085099357919104,19.503265314844533,0.5572939669852077,1.8823529411764706,0.47058823529411764,0.0,0.6731578123791515,2.2261904195563567,0.0,2.6702078396603905,416,relaxed
346,global,12.894872792041248,0.045211349070004146,0.0017763903704679472,318.9951852832317,333.66042729077753,12.779932143493111,0.31556242463685413,2.177977666754259,105.05224691708632,1.9794797437832106,5.164508352438511,17.442917664831818,0.5558666098036349,2.747087460616908,0.35294117647058826,0.058823529411764705,0.7574387660258995,1.3705064113744043,0.0,2.6702078396603905,416,relaxed
347,global,2.57698617159639,0.13811094999907675,0.001983949683727731,317.54567791324973,332.96941092507427,19.987539352174323,0.8179025696747517,1.8610486152083672,119.0826230743132,1.3757739985094701,7.216447494488201,3.8201425146444783,0.6646448896173331,1.8823529411764706,0.47058823529411764,0.0,0.46275877614652555,1.9730292635032214,0.0,2.6702078396603905,416,relaxed
348,global,2.789658063765442,0.00971973054447818,0.002778388709179897,314.103003078182,337.0068752763569,1.1313093776060157,0.9882757849024058,2.563799553281796,125.0964564479805,2.5686054303383137,0.4047204740821831,57.80356538004647,0.7973153094470818,13.331934888908881,0.29411764705882354,0.17647058823529413,0.18683019189931893,1.264714668575809,0.0,2.6702078396603905,416,relaxed
349,global,10.614205378061378,0.06631592874105868,0.0035766303017658726,317.45601422480655,338.5843489515559,11.409867541275712,0.3865117440537313,2.816698404505104,120.01216643581817,2.8091303683653246,0.3623444811902436,69.93717707372682,0.6719763461653412,1.8823529411764706,0.47058823529411764,0.0,1.219787797756938,1.7637157785418467,0.0,2.6702078396603905,416,relaxed
350,global,19.815323621094496,0.08204685253370003,0.0020249322461843022,316.68536643478296,338.13440857473904,14.098885139603828,0.6037401553592886,2.3792000751243565,119.75971098485545,2.553114128006055,1.6252954413140532,54.63080472042912,0.645762798935119,1.8823529411764706,0.47058823529411764,0.0,0.9844977905079463,1.7062416946379937,0.0,2.6702078396603905,416,relaxed
351,global,7.171109041462679,0.013582066247430469,0.006663467657308737,315.67689415354226,336.9045479552932,15.80243548065238,0.19637239879497592,2.365622019497594,181.25821360133398,2.6659780700311377,3.1407734973887695,71.27462895646579,0.4917955019635937,1.7593450763098495,0.4117647058823529,0.29411764705882354,6.078171319059305,1.5396072344047607,0.0,2.6702078396603905,416,relaxed
352,global,9.172240876870546,0.00931501354007623,0.0040006607370595216,314.7008118241746,336.3434081182974,8.268049055085253,0.16376833898008836,1.8265895620277883,166.24020717172232,2.1978672452781365,0.09186610306862411,45.5952109649087,0.4336993340312175,1.5320000224637342,0.35294117647058826,0.29411764705882354,6.346005789064549,1.3066640287652624,0.0,2.6702078396603905,416,relaxed
353,global,15.994611260642223,0.016345318009653234,0.003576533706112264,311.3169887329495,328.51921888355434,10.219064193240195,0.5411253236356025,1.4140613533205515,46.548524163713395,2.4313163922051113,0.0788567487867849,50.655024336389594,0.6356793767748063,2.7337042803143445,0.11764705882352941,0.058823529411764705,0.923097628638205,1.3938475391118748,0.0,2.6702078396603905,416,relaxed
354,global,6.2134691424825075,0.07587984403145018,0.0017963395744796384,316.42498062325785,337.89562559333825,3.788077880722166,0.1652018793297298,2.7709972762922934,118.86691885950023,1.1558248561886957,2.9144513815134943,2.785022832109476,0.5498434068483579,1.8823529411764706,0.47058823529411764,0.0,0.25319921349425034,1.533603521791369,0.0,2.6702078396603905,416,relaxed
355,global,5.328029148810579,0.07402440803630352,0.002531779932166938,318.9019006079199,330.3581144441236,16.701528016162886,0.8770834612980428,0.47236325312826555,89.28681207140534,0.8327855828332106,2.030157620731297,2.7285431730517025,0.4667449306058819,1.5271665341905158,0.35294117647058826,0.0,0.3310660780621984,1.4520105299815984,0.0,2.6702078396603905,416,relaxed
356,global,7.32561506125124,0.019639451404580774,0.003602401850958211,319.0033729575051,335.30167703457613,13.625048073793835,0.4086155829500351,2.147067149996057,166.2226104065475,2.4013964350914003,0.2217569372544338,49.221241703450474,0.42744483539414846,1.6274038383130318,0.35294117647058826,0.29411764705882354,6.129331271165656,1.3489243204069117,0.0,2.6702078396603905,416,relaxed
357,global,13.486812500624898,0.11744068399048505,0.008583858522706543,315.6930930324272,336.72839321205316,10.509094091778888,0.3157089724199069,0.8848720063891428,253.95812715554888,3.084036791351559,8.713391861254097,89.05305697835381,0.6341747603385051,3.6821293763693603,0.7058823529411765,0.29411764705882354,1.8754629997036942,2.114308665978978,0.0,2.6702078396603905,416,relaxed
358,global,15.838099364249492,0.04761620119575092,0.0037667296145025486,316.58715659027143,331.89086080035275,10.950275114522821,0.2902283109348698,0.388109455262853,45.03327025989824,1.2449818304841056,2.0425015633973747,10.198193333496887,0.5062981419946329,1.2402283282867321,0.17647058823529413,0.0,0.17529420147559757,1.4815427881215228,0.0,2.6702078396603905,416,relaxed
359,global,24.975621443427205,0.014354956369188099,0.0032765372472767845,314.00593713870694,330.2798029562846,11.450666897141575,0.6659060084811437,1.4298795525009342,223.85307859092757,2.1873216584037887,0.2615612895258107,38.89646640400558,0.6098699622066471,4.130022637667874,0.5882352941176471,0.29411764705882354,1.4355234105185863,1.363445160769926,0.0,2.6702078396603905,416,relaxed
360,global,12.772627852580332,0.025141359003535757,0.0027029162916532247,316.87311112469695,332.7598173776973,13.784069533147866,0.22044543718996656,2.6054920965450563,46.396183821068725,2.0281563678708547,2.2765298255016755,29.215417215007076,0.5422681645323211,2.718287167155941,0.17647058823529413,0.0,1.0019710954075929,1.3046326719291506,0.0,2.6702078396603905,416,relaxed
361,global,15.46668473098547,0.03133454190427003,0.003753425362293392,317.33498098081367,329.6338182880803,6.49440497046793,0.5230566954986269,2.782985691853813,32.69898869692396,2.74196417882642,0.7750677560314114,60.74657600740575,0.5607621640897471,3.078154567440769,0.11764705882352941,0.0,2.0561295291524795,1.4237435769288174,0.0,2.6702078396603905,416,relaxed
362,global,14.04005592810465,0.009721472205484083,0.0025438001500140963,315.4946373175608,329.9747044773638,11.401077298469367,0.21832828406740046,2.690166320206811,179.39004183553664,1.998681812024328,2.604539855889014,21.535338910329347,0.6557278920106094,1.8334203678848122,0.35294117647058826,0.35294117647058826,3.299335509009475,1.2871444733271822,0.0,2.6702078396603905,416,relaxed
363,global,19.639338788386873,0.1198853130681241,0.002561494109085481,313.99072042877526,331.718380718277,10.92747087475163,0.8632566290569039,2.5073915968760465,120.46071042403624,2.845087948985444,1.1774551867514216,74.49958270668556,0.6371835763831254,1.8823529411764706,0.47058823529411764,0.0,1.9933339392515161,1.8502291692087613,0.0,2.6702078396603905,416,relaxed
364,global,14.30423274525722,0.0508062931916038,0.003238401373697469,317.2911842955494,340.7322747594084,6.791678141804169,0.4173089996499062,2.511652831431369,120.3421981774574,2.1909863252093147,0.3632472282357749,46.489730296359696,0.6229690304711246,2.5681689396895413,0.4117647058823529,0.058823529411764705,1.6974419739080404,1.5203471573153053,0.0,2.6702078396603905,416,relaxed
365,global,16.23351267936028,0.16140593608303466,0.0026774468627870822,314.79411155359503,335.1545563758951,17.09023981107029,0.5363022249190244,1.7151012406702337,120.18055572948133,2.6661785337741897,1.577185609532301,70.0062111484688,0.6560703699316125,1.8823529411764706,0.47058823529411764,0.0,1.506636173367895,2.126943583233977,0.0,2.6702078396603905,416,relaxed
366,global,12.661949215638188,0.01868119862085152,0.0025753544954568953,316.2162763180889,334.66092844091554,12.449898026865421,0.5100753226581463,2.9194120919898383,60.356990513232596,2.4481395769110486,0.5438097972962032,45.74594473184928,0.6940923092867425,1.6488519055392328,0.23529411764705882,0.0,0.28766376537179195,1.3200215745406698,0.0,2.6702078396603905,416,relaxed
367,global,20.759075494933633,0.009884871902507406,0.0015192956702018041,312.87443203683375,333.82648526619295,5.893301836960819,0.8001057634133824,2.789202434683582,104.69856754614338,2.065504399728119,2.6293224001777404,24.251622931434337,0.6935956961759876,2.625400456262842,0.23529411764705882,0.17647058823529413,0.12024267620256766,1.3476959201188254,0.0,2.6702078396603905,416,relaxed
368,global,4.469126639888717,0.014186642012558329,0.0021653041945906004,318.8489894811912,330.9344041338092,10.04261772083607,0.2440172282436216,2.928760575024783,149.46955335340994,2.1138693029012128,3.824219796179406,32.882905691425336,0.504117109680482,2.1176470588235294,0.5294117647058824,0.058823529411764705,1.7323489405803685,1.293512991635231,0.0,2.6702078396603905,416,relaxed
369,global,11.296954448153397,0.06100663399499082,0.004644830401771795,312.4761110018242,338.8745812135076,16.182428022675538,0.36840539209278866,0.8919850910069365,165.80986165294237,2.481685683205415,2.425306953689029,59.42227534187115,0.6936380834858374,3.886127655176334,0.47058823529411764,0.17647058823529413,2.7130620120058127,1.851642666746905,0.0,2.6702078396603905,416,relaxed
370,global,13.214233847392194,0.022570829655173347,0.002583887666664877,318.09945393142,335.2560318280946,19.036979001769677,0.13748542467586233,1.6150833694490168,148.9605320447793,1.510720607596744,1.9923095510816415,10.527580579506509,0.6092569915981043,2.9282917395243278,0.47058823529411764,0.11764705882352941,0.43783978383429434,1.284349513970688,0.0,2.6702078396603905,416,relaxed
371,global,16.02148218600233,0.03636823213797524,0.002921847809232556,317.79540436298794,330.9194409755822,11.731437036343932,0.23943070810070138,2.8072393265933293,119.3349550286974,2.0255131939861486,2.376400042671132,35.74499259092771,0.6765326764918701,1.8823529411764706,0.47058823529411764,0.0,0.5072634715166148,1.3773174354424842,0.0,2.6702078396603905,416,relaxed
372,global,14.487331480848301,0.15014553545467152,0.0018534919307621849,317.79888108079257,332.8113111281664,13.075606602105818,0.3193093163109947,2.1575543720788435,119.4186699893834,2.000528993317209,5.7275325870458875,30.667363235952834,0.5817545667594106,1.8823529411764706,0.47058823529411764,0.0,0.6419536234234631,1.9135291249276591,0.0,2.6702078396603905,416,relaxed
373,global,15.876275855391283,0.018163074720076833,0.0033357957197129966,314.1793377678953,328.28610693960275,14.474555509378908,0.4876640595052287,2.656389282660796,46.2813757409961,2.4641262156502464,0.14990801157523545,50.67696682425565,0.6606098583075183,2.221219664889455,0.17647058823529413,0.0,0.8946681892640153,1.3703909393388034,0.0,2.6702078396603905,416,relaxed
374,global,8.982827959669525,0.029998687928183526,0.0016919337201495854,319.09211170909094,338.2231346894664,15.098559799159556,0.26808293133274164,0.5899341995697523,119.03940963092035,1.2717806974725319,5.687321005030611,1.690961006864327,0.4804603198987542,1.8823529411764706,0.47058823529411764,0.0,0.5141105585849041,1.400439739660209,0.0,2.6702078396603905,416,relaxed
375,global,14.615687464484672,0.038344389648082775,0.0032963720209657175,318.4558424275942,331.5816941899443,11.033739182873338,0.31026293491214596,2.4651034869788515,46.78972573182354,2.2019441278097567,1.8821137883420982,36.847927110853874,0.6409577455983182,3.5761491931035163,0.17647058823529413,0.0,0.7763764398755943,1.3607539798960766,0.0,2.6702078396603905,416,relaxed
376,global,15.751039017609546,0.05396602709487165,0.003889623930439779,319.0408542918092,339.20805907479695,12.85279789340022,0.6018811204706875,0.9875531886270328,194.00249386498913,2.253728891655796,0.8286384075341983,42.222251721661166,0.6519518724697727,3.2462980867087317,0.5882352941176471,0.17647058823529413,1.3411039523796477,1.5854800385733856,0.0,2.6702078396603905,416,relaxed
377,global,20.501782516277697,0.020000000000000004,0.004104993103345584,312.997048762,328.6720253743972,17.749530481821584,0.47904323454390807,0.9957570792615911,194.575332609998,2.110825027082147,0.8983261023886986,35.4624082177065,0.6240313271767515,3.860501192249459,0.5294117647058824,0.23529411764705882,2.016948852393753,1.412832831577843,0.0,2.6702078396603905,416,relaxed
378,global,16.2560007376242,0.014366239926147065,0.0021361998141572417,313.2217460751286,337.40197197708,1.596853982873883,0.2966896984758176,2.177977666754259,178.46171399711037,2.2175534804375348,1.3300148431817433,32.41644790153582,0.6930107010932599,3.020820057366926,0.4117647058823529,0.29411764705882354,0.07545561804125023,1.3221543569754297,0.0,2.6702078396603905,416,relaxed
379,global,16.84870215828908,0.15846598366744288,0.001212012629517395,310.356638588309,339.6893940954438,19.987539352174323,0.24933677584557262,0.19864559339377807,119.65810399804764,2.296520317287285,3.394064365603127,46.82076078411586,0.6531721434853851,1.8823529411764706,0.47058823529411764,0.0,0.8647168714079486,2.283235955277809,0.0,2.6702078396603905,416,relaxed
380,global,14.596787223645682,0.008308451869312394,0.001545177090408618,315.4735874461978,336.2754690369958,1.1313093776060157,0.843225261075549,2.8081570589593436,32.36384452410329,2.049416191019443,2.710680772120906,23.899452028307916,0.5131607153505049,0.4705092810904558,0.058823529411764705,0.058823529411764705,4.68701801488479,1.3461674919904505,0.0,2.6702078396603905,416,relaxed
381,global,13.69640869698716,0.022150479077190782,0.0024952597805358518,315.8728528964137,332.6109275143898,17.028842253624486,0.33871561486014934,2.729285080062371,45.864014499149484,2.40527993808416,1.0570231182661303,45.13557319013799,0.6959657466283986,1.4399583593892071,0.17647058823529413,0.0,0.9144026274626589,1.3786866540214355,0.0,2.6702078396603905,416,relaxed
382,global,9.05972030740995,0.010504203616180291,0.013539566591487466,317.8135500882168,331.78086175752793,14.098885139603828,0.5256820040134575,0.5546142730720359,210.1627516989987,2.360241971216479,13.641762443644682,66.91509182571045,0.505188478861637,2.1983826755951417,0.5294117647058824,0.29411764705882354,4.298226149036965,1.7643915008789914,0.0,2.6702078396603905,416,relaxed
383,global,12.036490769462974,0.055694721595993285,0.004326075592264542,317.37091666831685,330.2562014609678,6.995558954528777,0.19637239879497592,2.5149535543932924,119.44080734865173,1.7047530094896628,0.9101355048984952,28.933620368870795,0.5322334493735585,1.8823529411764706,0.47058823529411764,0.0,0.9413355729542884,1.365862161179429,0.0,2.6702078396603905,416,relaxed
384,global,7.135360418791339,0.009720340834730862,0.0034027175654848876,310.9840899870209,332.27682631139794,10.338731713337094,0.4786261458142501,0.6956712661214136,151.61937774354993,2.4081944392992614,0.20611450689623173,47.96178741320503,0.49557202459873356,1.5672790171654454,0.29411764705882354,0.29411764705882354,6.413734829325295,1.3364636606898237,0.0,2.6702078396603905,416,relaxed
385,global,16.24904689100475,0.016264657323111942,0.0033363133501046827,318.80565353432945,332.8440394583414,18.35100688497493,0.3418731587610304,2.651349245237353,163.86213534400198,2.017090344869115,0.283388457384259,34.5014505349631,0.6220704274346952,2.8746015472478788,0.4117647058823529,0.23529411764705882,0.45003694333401895,1.2982613591668912,0.0,2.6702078396603905,416,relaxed
386,global,23.920952353740013,0.13727301282344978,0.0018415632268363492,316.42498062325785,334.24392234331486,3.788077880722166,0.1652018793297298,2.7709972762922934,119.41657552749535,2.0112258361372963,3.6917713856195093,29.540144207023598,0.6237462242641539,1.8823529411764706,0.47058823529411764,0.0,0.7403273608805766,1.7527855218845418,0.0,2.6702078396603905,416,relaxed
387,global,13.207729975923739,0.05326257540293576,0.003898443149952335,317.00345321322516,331.4689231670146,15.694087148205426,0.5518881232811707,2.8697164383620213,105.88580570419377,2.8022021985600745,0.2009178263043248,69.51091442972962,0.6005045632771102,2.2140227614818833,0.4117647058823529,0.0,2.0728115035262147,1.601532814305647,0.0,2.6702078396603905,416,relaxed
388,global,14.554700971454718,0.04797791618359661,0.002576997121894491,318.6560859725214,331.51481335593905,13.184241854020243,0.6203059745077831,2.7265052748643983,120.51539063057082,2.701466769309693,1.1105993313530131,54.7063690491102,0.6674204728294859,3.2603692284295493,0.4117647058823529,0.058823529411764705,1.1347269642601825,1.4107674550714924,0.0,2.6702078396603905,416,relaxed
389,global,7.256028913638299,0.05706831739124185,0.0038257141624138107,315.24380725825716,336.02637376681776,6.4095281165499465,0.4943252587562746,0.5340649238546231,75.68614628957461,1.3882503921069191,0.6849540149702683,16.857199512518786,0.5823144622489078,1.5568500634640405,0.23529411764705882,0.058823529411764705,2.248476562800269,1.491940535739818,0.0,2.6702078396603905,416,relaxed
390,global,8.434117587620893,0.04761620119575092,0.0037667296145025486,316.58715659027143,331.89086080035275,17.39332128018917,0.2902283109348698,2.466695935030996,105.52424172813778,2.4557757686187123,0.40098175263433283,67.77274803235896,0.5502088523282714,1.8408115760294517,0.4117647058823529,0.0,1.770750020525148,1.4911385907185835,0.0,2.6702078396603905,416,relaxed
391,global,11.961803304136359,0.05919899196012238,0.0025944818985515214,314.00593713870694,331.0071032413373,4.193705358309377,0.950755595598211,1.7788937965856129,180.30808547104215,2.495029636911145,2.1216658262376056,47.26696601578229,0.5817202604230559,4.203896164958769,0.47058823529411764,0.23529411764705882,2.2527741111291264,1.5072515262128146,0.0,2.6702078396603905,416,relaxed
392,global,4.216593118347905,0.025141359003535757,0.0027029162916532247,315.4353853020053,335.4182609581841,17.521359183986327,0.24369788818521865,0.2653556114347153,104.64480067464031,0.8900687149895958,2.7930895968261025,0.21027879669820634,0.5456069687681883,2.6315021876519205,0.4117647058823529,0.0,0.5445599255475846,1.2546844810624078,0.0,2.6702078396603905,416,relaxed
393,global,14.986020781745129,0.03133454190427003,0.004176619283004995,316.0712471547968,328.85312921705366,13.431554746722526,0.8619697640918743,1.128301882539825,150.3038074681369,2.1786991173442365,1.4118557081437368,30.336700500091784,0.6108095208044839,3.811280772097239,0.4117647058823529,0.17647058823529413,1.8397419489892257,1.3754000631016876,0.0,2.6702078396603905,416,relaxed
394,global,14.540979093008335,0.018700241225251227,0.0026797678366186828,317.29662471612147,331.40485075081176,11.401077298469367,0.4888424803190161,1.7932058302629257,16.339350473176005,2.3470518531719624,1.5374957052934655,37.145678243278034,0.6839054724932078,1.9631519386325507,0.058823529411764705,0.0,0.31009311188584254,1.3502587748883816,0.0,2.6702078396603905,416,relaxed
395,global,12.180453384460808,0.1068011716613312,0.0020941243982072026,310.46400836006774,337.27357108984137,8.546937029147939,0.23953620535772818,2.4547659914365063,105.02802217769427,1.9457898243420038,1.90392020239179,37.99562472970261,0.5825564463743802,2.1282687953089883,0.4117647058823529,0.0,1.0319767719784314,2.0644653311912267,0.0,2.6702078396603905,416,relaxed
396,global,19.425507571100393,0.05231791655976818,0.0029556422789961748,315.94818356098267,332.4115373878652,16.131011115352898,0.4996182595072617,2.4145004393956806,179.06368201383847,2.619666560204774,0.2136688734770934,58.416849756439326,0.6214209490929498,2.3529411764705883,0.5882352941176471,0.11764705882352941,1.4581307997461088,1.5651536743314678,0.0,2.6702078396603905,416,relaxed
397,global,12.84049580522295,0.03895322295343541,0.0036335104366356855,319.4487702745659,332.5551524416429,5.392323428839694,0.08143596865695402,1.6287057924199801,75.37282802304972,0.9555716371052219,0.9409151881482964,1.7350574470637639,0.653955476943295,3.074555163032401,0.23529411764705882,0.058823529411764705,0.4133010334011588,1.1510075304191738,0.0,2.6702078396603905,416,relaxed
398,global,12.021850513392689,0.19935149581188782,0.0027761211760059393,318.72073440963425,334.66092844091554,12.449898026865421,0.4221554430677145,2.9194120919898383,120.33246277489486,2.5292041359556756,1.7114047545262578,81.99212011632355,0.6448130871716444,1.8823529411764706,0.47058823529411764,0.0,1.5718178655851642,2.1344514653180067,0.0,2.6702078396603905,416,relaxed
399,global,13.342753333210618,0.16188694684617247,0.0025660472276954026,316.6205473419081,330.32258558485825,16.33698594467547,0.3232506902201435,0.10886493957125598,104.82838523273514,1.5296953466576344,2.986492860461174,35.13523300181204,0.565399801621501,2.023839622726091,0.4117647058823529,0.0,0.7701908247567116,2.024745416394513,0.0,2.6702078396603905,416,relaxed
400,global,4.469126639888717,0.08640446838593398,0.004003931063827988,312.39732266875603,330.56716034606603,12.057477108203686,0.4747770509933957,2.7674727645606074,121.19781692102734,3.4505320447083783,0.49254542121250716,103.7095379508368,0.5730555870765787,1.8823529411764706,0.47058823529411764,0.0,2.8908351413855127,1.9554348036332645,0.0,2.6702078396603905,416,relaxed
401,global,13.649103027828218,0.01891535508347944,0.0017120674697476187,313.66510331833445,333.0957102111777,10.001360434846456,0.7285867045867788,0.8919850910069365,45.58595025542108,2.095277753183093,3.9352387878956185,15.572065064401318,0.6673376561170443,2.1541798240565613,0.11764705882352941,0.058823529411764705,0.1359742293355606,1.3528305630057118,0.0,2.6702078396603905,416,relaxed
402,global,22.12875349877345,0.03694090607397023,0.002495560089771846,318.09945393142,332.61602930485384,12.267519010103166,0.807855451341803,2.976308379051402,223.1725556722443,2.401043234229712,1.153858929501786,40.17344709287138,0.6747974493997014,3.3584100537722015,0.6470588235294118,0.23529411764705882,0.7687762083232081,1.4154860405596337,0.0,2.6702078396603905,416,relaxed
403,global,12.992767203027627,0.058697777539606664,0.0035933908060975586,317.7397674054386,328.9576013382097,18.880091371834716,0.8700652845851577,2.8072393265933293,91.12375961386628,2.7291769182186116,0.30249939213039784,63.21272029128089,0.6756858060692281,2.7324174696256613,0.35294117647058826,0.0,1.561095688291164,1.5163897837568134,0.0,2.6702078396603905,416,relaxed
404,global,20.29859932807185,0.020510069596183678,0.0024504026504973504,318.64792933544385,337.05335953507114,16.009092895355476,0.8465044937580661,2.073486351493041,150.0147857421856,2.2357985192723433,1.0266886957841805,36.766064305439826,0.6431519167577963,4.041750847619907,0.4117647058823529,0.17647058823529413,0.9128953940354445,1.3571108752756829,0.0,2.6702078396603905,416,relaxed
405,global,15.06896550405468,0.009107190184190081,0.0026881082675524106,315.1048545357658,331.5522960588201,15.782374904368748,0.4525029328072212,0.9760140480336154,134.10577910082617,1.996552743176439,1.3908481757093207,24.36419953084961,0.6498431738412466,2.2238301875791193,0.29411764705882354,0.23529411764705882,0.5684623580793027,1.2809479148084069,0.0,2.6702078396603905,416,relaxed
406,global,19.263757945136952,0.029998687928183526,0.003549084826998913,311.18396888498995,329.3478495287776,14.048409140955815,0.45468912614777646,1.6327628996396677,224.29312635733046,2.6385428178143964,0.060051177705676355,58.812929332477346,0.6757789577143439,4.495601128525284,0.5882352941176471,0.29411764705882354,1.5329973768797645,1.4701689389384656,0.0,2.6702078396603905,416,relaxed
407,global,14.615687464484672,0.038344389648082775,0.002934406860164585,318.4558424275942,333.2618275986093,12.64531303368861,0.2284993970252041,1.147075710700594,118.88311192652304,1.2493781006732414,2.3876918138188103,5.198415554437205,0.6109511690191125,1.8823529411764706,0.47058823529411764,0.0,0.25148530894559923,1.3860865647440195,0.0,2.6702078396603905,416,relaxed
408,global,10.847644954531463,0.06579214174425005,0.0026314884512594876,319.69246651748654,333.3626632050429,12.85279789340022,0.5973282683220414,2.401443941586873,209.778022683437,2.5549569686821574,1.9094115938487795,46.21125022811162,0.5909516009968725,4.353937899554935,0.5294117647058824,0.29411764705882354,2.245744559103676,1.4881059349646892,0.0,2.6702078396603905,416,relaxed
409,global,13.443657248708007,0.020000000000000004,0.00234485695,315.636919038004,336.055647867,8.074174546,0.251131171,2.842565592095223,163.5765464608124,2.0260865717837393,1.8961653832552225,25.439860914492755,0.6677877765540214,2.7611483810886086,0.35294117647058826,0.29411764705882354,0.10355904206096593,1.3253829811278668,0.0,2.6702078396603905,416,relaxed
410,global,13.897820639782267,0.01213255762823108,0.002905006174207611,318.7065328326867,333.00769405624146,1.596853982873883,0.4297089828208805,2.5966349414823044,150.19838042935297,1.8763454078622999,1.7163681228112404,22.689363697541275,0.47027887281345326,1.6297921986057222,0.29411764705882354,0.29411764705882354,3.979643619639856,1.2577139588857467,0.0,2.6702078396603905,416,relaxed
411,global,5.070109629291187,0.043601464378402975,0.002302349753578521,316.3621705210021,334.69714766441547,6.8204190330844146,0.3137383898151411,2.403958053887743,120.07194576944983,1.7971886318130428,2.6794220533373916,17.18763361231069,0.5403593858377863,1.67217024880709,0.29411764705882354,0.17647058823529413,2.5727099583284714,1.4020323234626486,0.0,2.6702078396603905,416,relaxed
412,global,8.925650092030141,0.008742292500603085,0.0028017274996633094,311.31979305939916,333.25129713102257,18.3855264709219,0.07808103982521214,2.877227094343024,121.71792989908111,1.6644211227520085,0.6629570657394382,21.83544278138297,0.3938338208397296,1.0283381288563886,0.23529411764705882,0.23529411764705882,6.521478658300099,1.1368999347813489,0.0,2.6702078396603905,416,relaxed
413,global,13.26571623860758,0.0072101775037751725,0.0024952597805358518,317.7614579035087,330.43502849820874,3.2943336275995243,0.07552154013347123,2.729285080062371,119.19431947628189,1.6340401131240068,2.5596727932984096,8.491401971514044,0.5479170029578311,1.9483566926941294,0.23529411764705882,0.23529411764705882,0.7289641907828475,1.2416083022522688,0.0,2.6702078396603905,416,relaxed
414,global,8.625813951800573,0.07401387870769656,0.0034270578522690356,319.4806374423058,333.6806969407125,1.3032836018414606,0.6218848244054641,1.0934804145139667,16.4942224575673,1.7217057105814602,2.296523086503049,11.436079172330803,0.5124720896823854,0.6245086634530177,0.058823529411764705,0.0,2.482786704136192,1.4343448682402138,0.0,2.6702078396603905,416,relaxed
415,global,3.2772160404457757,0.013582066247430469,0.0020308101459233837,315.73341531723776,334.1058407122533,14.52074514829249,0.3437169538923325,0.18481083264448284,134.03813506093053,1.0464112108835781,3.286944372443215,2.8795872807208522,0.7453576179149968,2.613537920099006,0.47058823529411764,0.058823529411764705,0.42913786634648843,1.1125125867713288,0.0,2.6702078396603905,416,relaxed
416,global,13.5828445006332,0.07270036232659975,0.001881312769959377,316.8944013459015,338.14736994555983,15.115761163942858,0.7690540182829984,0.6956712661214136,104.22968766649707,1.3441806764714617,2.804288102513385,13.604507056625652,0.56214236854749,1.7651706161000353,0.4117647058823529,0.0,0.2839561478640158,1.6826249353484886,0.0,2.6702078396603905,416,relaxed
417,local,13.8147441022381,0.016264657323111942,0.002735997766935119,317.53772270977646,332.8440394583414,12.773350937485773,0.3921768789905231,2.651349245237353,2.6702078396603905,2.33623290792126,0.9826288166728676,41.28168511911031,0.6875798112552681,0.6741159442101466,0.0,0.0,3.6132105914930155,1.2971495563060234,0.0,2.6702078396603905,416,relaxed
418,local,11.458980337503153,0.016264657323111942,0.002735997766935119,317.53772270977646,332.8440394583414,12.773350937485773,0.3921768789905231,2.651349245237353,3.3091916084505186,2.4279098996969717,0.9969319673587154,45.77861618018886,0.47374543759972026,0.4285730183238353,0.0,0.0,5.062872718956106,1.3498468787559605,0.0,2.6702078396603905,416,relaxed
419,local,18.541019662496844,0.016264657323111942,0.002735997766935119,317.53772270977646,332.8440394583414,12.773350937485773,0.3921768789905231,2.651349245237353,75.15313808173335,2.159748810341069,1.0005921205923791,34.15609945012214,0.7104046287371473,2.210997138407623,0.17647058823529413,0.11764705882352941,0.1293639032524332,1.3257751640684632,0.0,2.6702078396603905,416,relaxed
420,local,7.082039324993691,0.016264657323111942,0.002735997766935119,317.53772270977646,332.8440394583414,12.773350937485773,0.3921768789905231,2.651349245237353,33.60308658542482,2.7513895658112864,0.9037021520096602,56.962323652942494,0.5436866007086474,0.5936087314818347,0.11764705882352941,0.0,6.420980837463968,1.4117694148292943,0.0,2.6702078396603905,416,relaxed
421,local,11.594179312997381,0.016264657323111942,0.002735997766935119,317.53772270977646,332.8440394583414,12.773350937485773,0.3921768789905231,2.651349245237353,3.1930423260518825,2.4261005051476836,0.9887471383437872,45.26564261789177,0.4893223222888287,0.43303934385484943,0.0,0.0,4.835382645148534,1.3411836387002207,0.0,2.6702078396603905,416,relaxed
422,local,11.84629928401694,0.016264657323111942,0.002735997766935119,317.53772270977646,332.8440394583414,12.773350937485773,0.3921768789905231,2.651349245237353,17.979451439797415,2.4179114689807095,0.9718297490713134,44.96434961278627,0.5061398603003017,0.5414887573867636,0.058823529411764705,0.0,4.893443508969561,1.335764017415752,0.0,2.6702078396603905,416,relaxed
423,local,11.529375655944992,0.016264657323111942,0.002735997766935119,317.53772270977646,332.8440394583414,12.773350937485773,0.3921768789905231,2.651349245237353,3.262695306575601,2.425329799510253,0.9835776832199168,45.59797188024598,0.48335605155106337,0.4285730183238353,0.0,0.0,4.973299421713689,1.3433415522222303,0.0,2.6702078396603905,416,relaxed
424,local,11.690480572684216,0.016264657323111942,0.002735997766935119,317.53772270977646,332.8440394583414,12.773350937485773,0.3921768789905231,2.651349245237353,3.2888346767860166,2.416847303141221,0.9812024557815386,45.29238847299865,0.4909019197915125,0.44440323194677667,0.0,0.0,5.015530868670622,1.3437650579300058,0.0,2.6702078396603905,416,relaxed
425,local,11.603612873110272,0.016264657323111942,0.002735997766935119,317.53772270977646,332.8440394583414,12.773350937485773,0.3921768789905231,2.651349245237353,3.227410768135119,2.42182931511523,0.9876308685842787,45.55636364224068,0.4875853292573922,0.4361741216818769,0.0,0.0,4.895529815924145,1.342669277284137,0.0,2.6702078396603905,416,relaxed
426,local,11.570233585264731,0.016264657323111942,0.002735997766935119,317.53772270977646,332.8440394583414,12.773350937485773,0.3921768789905231,2.651349245237353,32.695479099282096,2.4269164086810444,0.9877249256162335,45.435209018901936,0.4719680996127802,0.6022746862703579,0.058823529411764705,0.058823529411764705,4.8457895561584845,1.3438950329719224,0.0,2.6702078396603905,416,relaxed
427,local,11.585032858888859,0.016264657323111942,0.002735997766935119,317.53772270977646,332.8440394583414,12.773350937485773,0.3921768789905231,2.651349245237353,3.3867655054123933,2.4177911668478522,0.9951791145043387,45.30614005788413,0.4766236788037106,0.38392841023982216,0.0,0.0,5.272410123960471,1.344424816617619,0.0,2.6702078396603905,416,relaxed
428,local,11.59778261232559,0.016264657323111942,0.002735997766935119,317.53772270977646,332.8440394583414,12.773350937485773,0.3921768789905231,2.651349245237353,3.217289608578758,2.417731951532172,1.000272568903801,45.293058441048366,0.4724674097330559,0.40532924142575333,0.0,0.0,4.912611649483941,1.3405117818054713,0.0,2.6702078396603905,416,relaxed
429,local,11.590685678404467,0.016264657323111942,0.002735997766935119,317.53772270977646,332.8440394583414,12.773350937485773,0.3921768789905231,2.651349245237353,3.1534365215269307,2.4287180550715477,0.9789343941206093,45.51403526249364,0.48341430841125876,0.412930344783795,0.0,0.0,4.772132213094195,1.34411255585932,0.0,2.6702078396603905,416,relaxed
430,local,11.588526493481773,0.016264657323111942,0.002735997766935119,317.53772270977646,332.8440394583414,12.773350937485773,0.3921768789905231,2.651349245237353,18.067915309977764,2.4249301673038737,0.9880216114178217,45.53991887129047,0.47787640215384997,0.5103629215644755,0.058823529411764705,0.0,5.091776711285958,1.3411096216338643,0.0,2.6702078396603905,416,relaxed
431,local,11.592020128074688,0.016264657323111942,0.002735997766935119,317.53772270977646,332.8440394583414,12.773350937485773,0.3921768789905231,2.651349245237353,3.2977188125749577,2.423845149285532,0.9884172520217944,45.53494189184031,0.48930428966072226,0.390224345521381,0.0,0.0,5.082227839513748,1.3432838629807646,0.0,2.6702078396603905,416,relaxed
432,local,11.589860943151994,0.016264657323111942,0.002735997766935119,317.53772270977646,332.8440394583414,12.773350937485773,0.3921768789905231,2.651349245237353,32.73787749970189,2.424536268143647,0.9907521445655026,45.32443409794831,0.48470333601420124,0.6406233590728121,0.058823529411764705,0.058823529411764705,4.893159220309437,1.3436228094036258,0.0,2.6702078396603905,416,relaxed
433,local,11.591195392822215,0.016264657323111942,0.002735997766935119,317.53772270977646,332.8440394583414,12.773350937485773,0.3921768789905231,2.651349245237353,3.2212932827762564,2.4285413324382605,0.9815618683195597,45.44599631754056,0.4890692140358851,0.4222770830422765,0.0,0.0,4.899192156407122,1.344317515920057,0.0,2.6702078396603905,416,relaxed
434,local,11.590370657569743,0.016264657323111942,0.002735997766935119,317.53772270977646,332.8440394583414,12.773350937485773,0.3921768789905231,2.651349245237353,17.973455443272854,2.422098292200255,0.9902982635274543,45.55576824583555,0.47989678971519467,0.5336066984625575,0.058823529411764705,0.0,4.8790613181239175,1.3438628979771898,0.0,2.6702078396603905,416,relaxed
435,local,11.590880371987492,0.016264657323111942,0.002735997766935119,317.53772270977646,332.8440394583414,12.773350937485773,0.3921768789905231,2.651349245237353,32.82728273956146,2.428725022367234,0.986115464614443,45.45297419989294,0.486621477224336,0.6192225278868809,0.058823529411764705,0.058823529411764705,5.090620569323015,1.3438859474382243,0.0,2.6702078396603905,416,relaxed
436,local,11.590565351152767,0.016264657323111942,0.002735997766935119,317.53772270977646,332.8440394583414,12.773350937485773,0.3921768789905231,2.651349245237353,3.3561833857023897,2.41576692524971,0.987777675028433,45.44085286595377,0.48908202593028516,0.39782544887942267,0.0,0.0,5.193792750064856,1.3440764268635441,0.0,2.6702078396603905,416,relaxed
437,local,11.590760044735791,0.016264657323111942,0.002735997766935119,317.53772270977646,332.8440394583414,12.773350937485773,0.3921768789905231,2.651349245237353,3.2847337082461983,2.427065934474349,0.9812354553817272,45.410672654115764,0.47780344555983933,0.390224345521381,0.0,0.0,5.0600355044719345,1.3440856633269196,0.0,2.6702078396603905,416,relaxed
438,local,11.590639717484091,0.016264657323111942,0.002735997766935119,317.53772270977646,332.8440394583414,12.773350937485773,0.3921768789905231,2.651349245237353,3.2643101090744047,2.4232028076584604,0.9877435526071494,45.445367767847145,0.47884932097958477,0.39782544887942267,0.0,0.0,5.010683016039268,1.3440805682296282,0.0,2.6702078396603905,416,relaxed
439,local,11.590719044725917,0.016264657323111942,0.002735997766935119,317.53772270977646,332.8440394583414,12.773350937485773,0.3921768789905231,2.651349245237353,3.277855361373572,2.4292590048031784,0.9843988163753226,45.400097026132286,0.4833025580145955,0.390224345521381,0.0,0.0,5.045726102054557,1.344088299998055,0.0,2.6702078396603905,416,relaxed
440,local,11.590685678404467,0.0794833721937705,0.002735997766935119,317.53772270977646,332.8440394583414,12.773350937485773,0.3921768789905231,2.651349245237353,209.2089261652418,2.880531502145709,0.7337088177054629,67.57809915404854,0.6419376024397204,3.8507677606618262,0.5882352941176471,0.23529411764705882,1.2098901506295763,1.6081590360125717,0.0,2.6702078396603905,416,relaxed
441,local,11.590685678404467,0.1255166278062295,0.002735997766935119,317.53772270977646,332.8440394583414,12.773350937485773,0.3921768789905231,2.651349245237353,119.98847300877932,2.5819843604870867,1.7371117519359862,68.98759747417387,0.657141755215284,1.8823529411764706,0.47058823529411764,0.0,1.1449916049177677,1.8626927451837383,0.0,2.6702078396603905,416,relaxed
442,local,11.590685678404467,0.15396674438754102,0.002735997766935119,317.53772270977646,332.8440394583414,12.773350937485773,0.3921768789905231,2.651349245237353,119.98927681447432,2.4961139978941036,2.2487372533014227,68.28069578943042,0.656188592510691,1.8823529411764706,0.47058823529411764,0.0,1.1412507023891125,1.9902756618373365,0.0,2.6702078396603905,416,relaxed
443,local,11.590685678404467,0.1397411432250647,0.002735997766935119,317.53772270977646,332.8440394583414,12.773350937485773,0.3921768789905231,2.651349245237353,119.97320960350737,2.521641693119294,2.148149655268498,70.7381563873679,0.6229739695879682,1.8823529411764706,0.47058823529411764,0.0,1.0674734344162151,1.9311502860794338,0.0,2.6702078396603905,416,relaxed
444,local,11.590685678404467,0.13955920973004537,0.002735997766935119,317.53772270977646,332.8440394583414,12.773350937485773,0.3921768789905231,2.651349245237353,119.97196475317973,2.520442271931784,2.180300161548499,70.79478024346577,0.6221003840220308,1.8823529411764706,0.47058823529411764,0.0,1.0627262879904698,1.9298644761489565,0.0,2.6702078396603905,416,relaxed
445,local,11.590685678404467,0.13358071592017162,0.002735997766935119,317.53772270977646,332.8440394583414,12.773350937485773,0.3921768789905231,2.651349245237353,119.96857965603147,2.535838396998573,2.11731972275392,70.46067785282992,0.6027891973341245,1.8823529411764706,0.47058823529411764,0.0,1.0669178963054349,1.907601297105452,0.0,2.6702078396603905,416,relaxed
446,local,11.590685678404467,0.13050050834891974,0.002735997766935119,317.53772270977646,332.8440394583414,12.773350937485773,0.3921768789905231,2.651349245237353,120.06072577415212,2.5415664340238853,2.023927911416426,70.816950856943,0.619601411497857,1.8823529411764706,0.47058823529411764,0.0,1.2462175380536114,1.8922244954544187,0.0,2.6702078396603905,416,relaxed
447,local,11.590685678404467,0.13629207557641204,0.002735997766935119,317.53772270977646,332.8440394583414,12.773350937485773,0.3921768789905231,2.651349245237353,119.9668033748368,2.5375242250789247,2.132956429077169,70.98020218627963,0.618196125659935,1.8823529411764706,0.47058823529411764,0.0,1.050557021046414,1.9168128967037021,0.0,2.6702078396603905,416,relaxed
448,local,11.590685678404467,0.13581264102859686,0.002735997766935119,317.53772270977646,332.8440394583414,12.773350937485773,0.3921768789905231,2.651349245237353,119.96696069687899,2.5370738753052264,2.1358332572987786,71.1885857658545,0.6177199363476992,1.8823529411764706,0.47058823529411764,0.0,1.04667227771661,1.91592667750226,0.0,2.6702078396603905,416,relaxed
449,local,11.590685678404467,0.13717226615039596,0.002735997766935119,317.53772270977646,332.8440394583414,12.773350937485773,0.3921768789905231,2.651349245237353,119.97163625077461,2.5363857285397446,2.1282646073726768,70.42507758489126,0.6167313265787369,1.8823529411764706,0.47058823529411764,0.0,1.0716680290718716,1.918659322492988,0.0,2.6702078396603905,416,relaxed
450,local,11.590685678404467,0.13662827845909664,0.002735997766935119,317.53772270977646,332.8440394583414,12.773350937485773,0.3921768789905231,2.651349245237353,119.96384031338968,2.538641733094776,2.1520771703312773,70.68004406344643,0.6177107875333324,1.8823529411764706,0.47058823529411764,0.0,1.0498602696903294,1.9174526347227414,0.0,2.6702078396603905,416,relaxed
451,local,11.590685678404467,0.1368360632677114,0.002735997766935119,317.53772270977646,332.8440394583414,12.773350937485773,0.3921768789905231,2.651349245237353,119.96580103405267,2.5346055010134783,2.128023646801995,70.56301437008679,0.6172883787062731,1.8823529411764706,0.47058823529411764,0.0,1.0572796588670603,1.917876490901092,0.0,2.6702078396603905,416,relaxed
452,local,11.590685678404467,0.136591531388484,0.002735997766935119,317.53772270977646,332.8440394583414,12.773350937485773,0.3921768789905231,2.651349245237353,119.96661158946436,2.5405298984572493,2.147629970406119,70.73275646076243,0.6175742962215457,1.8823529411764706,0.47058823529411764,0.0,1.0544660132481491,1.9173811926679079,0.0,2.6702078396603905,416,relaxed
453,local,11.590685678404467,0.13671857366315562,0.002735997766935119,317.53772270977646,332.8440394583414,12.773350937485773,0.3921768789905231,2.651349245237353,119.96598196057417,2.5442648919482065,2.1065975694141277,70.63201753054015,0.6175673506827423,1.8823529411764706,0.47058823529411764,0.0,1.0567091070932586,1.9176320843113197,0.0,2.6702078396603905,416,relaxed
454,local,11.590685678404467,0.13666276815802605,0.002735997766935119,317.53772270977646,332.8440394583414,12.773350937485773,0.3921768789905231,2.651349245237353,119.96447924060696,2.5362999099428105,2.1326753494477337,70.62194219359037,0.6176311324326283,1.8823529411764706,0.47058823529411764,0.0,1.0531765379098261,1.9175193789068288,0.0,2.6702078396603905,416,relaxed
455,local,11.590685678404467,0.13662827845909664,0.007948337219377051,317.53772270977646,332.8440394583414,12.773350937485773,0.3921768789905231,2.651349245237353,180.88569427339442,3.615627781613326,6.410601972544966,115.02110435847185,0.6135273040376346,2.3529411764705883,0.5882352941176471,0.11764705882352941,3.6723215229174664,2.1062684536514142,0.0,2.6702078396603905,416,relaxed
456,local,11.590685678404467,0.13662827845909664,0.01255166278062295,317.53772270977646,332.8440394583414,12.773350937485773,0.3921768789905231,2.651349245237353,121.35593323325153,3.6330032339200353,13.841240304442536,129.17060502914464,0.610764366498763,1.8823529411764706,0.47058823529411764,0.0,2.146395854487576,2.277087250647475,0.0,2.6702078396603905,416,relaxed
457,local,11.590685678404467,0.13662827845909664,0.015396674438754102,317.53772270977646,332.8440394583414,12.773350937485773,0.3921768789905231,2.651349245237353,180.30052885690068,3.509935176114552,22.05688713736964,124.77632372745484,0.5873979722402919,2.3529411764705883,0.5882352941176471,0.11764705882352941,1.682701236870281,2.364983277987394,0.0,2.6702078396603905,416,relaxed
458,local,11.590685678404467,0.13662827845909664,0.011681200584620206,317.53772270977646,332.8440394583414,12.773350937485773,0.3921768789905231,2.651349245237353,121.40471978786276,3.6051329833905985,11.66917558017212,126.26730222869786,0.6321645756444695,1.8823529411764706,0.47058823529411764,0.0,2.3883825143227955,2.2525814243259092,0.0,2.6702078396603905,416,relaxed
459,local,11.590685678404467,0.13662827845909664,0.01212144356953233,317.53772270977646,332.8440394583414,12.773350937485773,0.3921768789905231,2.651349245237353,121.34752747236705,3.60236853310317,12.82007505003137,127.86778406959887,0.6397025232832432,1.8823529411764706,0.47058823529411764,0.0,2.1950956767294367,2.2632501361844333,0.0,2.6702078396603905,416,relaxed
460,local,11.590685678404467,0.13662827845909664,0.012279652973368974,317.53772270977646,332.8440394583414,12.773350937485773,0.3921768789905231,2.651349245237353,121.34267135159584,3.6282969354278976,13.150450264113687,128.18806002925754,0.6321837856856286,1.8823529411764706,0.47058823529411764,0.0,2.165413427825512,2.2664609997753207,0.0,2.6702078396603905,416,relaxed
461,local,11.590685678404467,0.13662827845909664,0.012312986448257589,317.53772270977646,332.8440394583414,12.773350937485773,0.3921768789905231,2.651349245237353,121.32815591266326,3.613142030081679,13.131605471445523,128.46935257964964,0.6309510684106973,1.8823529411764706,0.47058823529411764,0.0,2.1322259004585686,2.2671639068758123,0.0,2.6702078396603905,416,relaxed
462,local,11.590685678404467,0.13662827845909664,0.012404152694910991,317.53772270977646,332.8440394583414,12.773350937485773,0.3921768789905231,2.651349245237353,150.8849749081799,3.6905563337821135,13.996095266930078,128.2986852389722,0.628606914145922,2.1176470588235294,0.5294117647058824,0.058823529411764705,2.1529467728451657,2.2704232822557784,0.0,2.6702078396603905,416,relaxed
463,local,11.590685678404467,0.13662827845909664,0.012347808855852432,317.53772270977646,332.8440394583414,12.773350937485773,0.3921768789905231,2.651349245237353,121.33660639164587,3.617982701583977,13.180733204770137,128.44714610396642,0.6296006713570653,1.8823529411764706,0.47058823529411764,0.0,2.147523377855593,2.2683595865837587,0.0,2.6702078396603905,416,relaxed
464,local,11.590685678404467,0.13662827845909664,0.012312986448257589,313.819660112501,332.8440394583414,12.773350937485773,0.3921768789905231,2.651349245237353,151.20728282787763,3.766497489378002,19.378364549630682,136.83242634815193,0.6172661475527095,2.1176470588235294,0.5294117647058824,0.058823529411764705,2.4063857595229363,2.4358077653318935,0.0,2.6702078396603905,416,relaxed
465,local,11.590685678404467,0.13662827845909664,0.012312986448257589,316.180339887499,332.8440394583414,12.773350937485773,0.3921768789905231,2.651349245237353,121.46283512881412,3.6655645953746046,15.9806274545452,132.64837732442564,0.6100795026044369,1.8823529411764706,0.47058823529411764,0.0,2.2028059045970427,2.3285293025085596,0.0,2.6702078396603905,416,relaxed
466,local,11.590685678404467,0.13662827845909664,0.012312986448257589,317.6393202250021,332.8440394583414,12.773350937485773,0.3921768789905231,2.651349245237353,121.32854248986041,3.6186018969384977,13.07646080285573,127.8867633467986,0.633097196282043,1.8823529411764706,0.47058823529411764,0.0,2.1464904424795783,2.2638227225007026,0.0,2.6702078396603905,416,relaxed
467,local,11.590685678404467,0.13662827845909664,0.012312986448257589,316.9238844763052,332.8440394583414,12.773350937485773,0.3921768789905231,2.651349245237353,150.9603637313918,3.720172552610025,15.121430007237748,130.68181035843136,0.6111160256957371,2.1176470588235294,0.5294117647058824,0.058823529411764705,2.2109892309217285,2.301610104135274,0.0,2.6702078396603905,416,relaxed
468,local,11.590685678404467,0.13662827845909664,0.012312986448257589,318.54101966249686,332.8440394583414,12.773350937485773,0.3921768789905231,2.651349245237353,121.40652870442746,3.52013558326214,11.473203823746987,123.85680190626168,0.6225727319626216,1.8823529411764706,0.47058823529411764,0.0,2.452867495056154,2.229621898081199,0.0,2.6702078396603905,416,relaxed
469,local,11.590685678404467,0.13662827845909664,0.012312986448257589,317.51837118509604,332.8440394583414,12.773350937485773,0.3921768789905231,2.651349245237353,121.33028667334119,3.6196546172777895,13.17782877171379,128.45228184173774,0.6314753898992218,1.8823529411764706,0.47058823529411764,0.0,2.1346505566467036,2.267984520802435,0.0,2.6702078396603905,416,relaxed
470,local,11.590685678404467,0.13662827845909664,0.012312986448257589,317.6519186930525,332.8440394583414,12.773350937485773,0.3921768789905231,2.651349245237353,121.32603466531582,3.6068788744288747,12.99351947008788,127.9505758904382,0.6334718845872852,1.8823529411764706,0.47058823529411764,0.0,2.1439502951119014,2.263690361813725,0.0,2.6702078396603905,416,relaxed
471,local,11.590685678404467,0.13662827845909664,0.012312986448257589,317.99152504394976,332.8440394583414,12.773350937485773,0.3921768789905231,2.651349245237353,121.30650913420581,3.553862283707795,12.590197443508638,126.52228861287738,0.6374942415515629,1.8823529411764706,0.47058823529411764,0.0,2.1514909826177484,2.254955602861392,0.0,2.6702078396603905,416,relaxed
472,local,11.590685678404467,0.13662827845909664,0.012312986448257589,317.89324420323163,332.8440394583414,12.773350937485773,0.3921768789905231,2.651349245237353,121.33673831185449,3.574660346658897,12.612301346011602,126.96122997871741,0.6391020413230076,1.8823529411764706,0.47058823529411764,0.0,2.201234970836044,2.2578896612095214,0.0,2.6702078396603905,416,relaxed
473,local,11.590685678404467,0.13662827845909664,0.012312986448257589,317.99155838401407,332.8440394583414,12.773350937485773,0.3921768789905231,2.651349245237353,121.30962058439438,3.5684172836188592,12.66752202380092,126.6417047777087,0.6374275732058932,1.8823529411764706,0.47058823529411764,0.0,2.1516570726578617,2.254954136202789,0.0,2.6702078396603905,416,relaxed
474,local,11.590685678404467,0.13662827845909664,0.012312986448257589,317.9539851032383,332.8440394583414,12.773350937485773,0.3921768789905231,2.651349245237353,121.32188361164546,3.5683495307532347,12.699131227082432,126.83879457299575,0.6389266878867765,1.8823529411764706,0.47058823529411764,0.0,2.1708014127147064,2.256371588945668,0.0,2.6702078396603905,416,relaxed
475,local,11.590685678404467,0.13662827845909664,0.012312986448257589,317.9728371574553,332.8440394583414,12.773350937485773,0.3921768789905231,2.651349245237353,121.30638051583544,3.5617735645081576,12.654150969671278,126.66792879477083,0.6376399279506103,1.8823529411764706,0.47058823529411764,0.0,2.1454193154210004,2.2555788978472293,0.0,2.6702078396603905,416,relaxed
476,local,11.590685678404467,0.13662827845909664,0.012312986448257589,317.9821804103312,332.8440394583414,12.773350937485773,0.3921768789905231,2.651349245237353,121.30360319609167,3.5636270149161007,12.620507946397472,126.61104114477575,0.6373264239711477,1.8823529411764706,0.47058823529411764,0.0,2.1423131032544602,2.2551918474218953,0.0,2.6702078396603905,416,relaxed
477,local,11.590685678404467,0.13662827845909664,0.012312986448257589,317.98207536867466,332.8440394583414,12.773350937485773,0.3921768789905231,2.651349245237353,121.3044781038904,3.563767825827305,12.65258049158825,126.50160103485835,0.6372888344293064,1.8823529411764706,0.47058823529411764,0.0,2.1449668427120505,2.2551969998372248,0.0,2.6702078396603905,416,relaxed
478,local,11.590685678404467,0.13662827845909664,0.012312986448257589,317.9857497427611,332.8440394583414,12.773350937485773,0.3921768789905231,2.651349245237353,121.30426349277283,3.56030670280906,12.668040953276034,126.48987890266987,0.6376558784621884,1.8823529411764706,0.47058823529411764,0.0,2.1442593379472727,2.254999361005055,0.0,2.6702078396603905,416,relaxed
479,local,11.590685678404467,0.13662827845909664,0.012312986448257589,317.9839251589318,332.8440394583414,12.773350937485773,0.3921768789905231,2.651349245237353,121.31533870797085,3.5680160067420754,12.614868457069193,126.68108358211106,0.6381183279405425,1.8823529411764706,0.47058823529411764,0.0,2.1643560240379385,2.2550960339880928,0.0,2.6702078396603905,416,relaxed
480,local,11.590685678404467,0.13662827845909664,0.012312986448257589,317.9822137502569,332.8440394583414,12.773350937485773,0.3921768789905231,2.651349245237353,121.304304317685,3.566023370761055,12.611787788354066,126.56907025811506,0.6372837790575095,1.8823529411764706,0.47058823529411764,0.0,2.1448120406562823,2.255188852288214,0.0,2.6702078396603905,416,relaxed
481,local,11.590685678404467,0.13662827845909664,0.012312986448257589,317.9821402879886,332.8440394583414,12.773350937485773,0.3921768789905231,2.651349245237353,121.3022917388142,3.549625499093445,12.58827323868467,126.451650640689,0.6373115423509021,1.8823529411764706,0.47058823529411764,0.0,2.144728881507057,2.2551945663038313,0.0,2.6702078396603905,416,relaxed
482,local,11.590685678404467,0.13662827845909664,0.012312986448257589,317.9821402879886,333.3475241575015,12.773350937485773,0.3921768789905231,2.651349245237353,121.28596451451664,3.556144619971757,12.95350249000023,126.46210374913153,0.6198504123807593,1.8823529411764706,0.47058823529411764,0.0,2.0987184690673812,2.2563485555505345,0.0,2.6702078396603905,416,relaxed
483,local,11.590685678404467,0.13662827845909664,0.012312986448257589,317.9821402879886,336.6524758424985,12.773350937485773,0.3921768789905231,2.651349245237353,121.02038185594654,3.117625361835613,17.088353174570635,117.55900554021167,0.6198637767438864,1.8823529411764706,0.47058823529411764,0.0,1.5968231213918254,2.3032186165551387,0.0,2.6702078396603905,416,relaxed
484,local,11.590685678404467,0.13662827845909664,0.012312986448257589,317.9821402879886,338.69504831500296,12.773350937485773,0.3921768789905231,2.651349245237353,121.03152493935352,3.1726235693800167,18.47871503267676,115.37244440101651,0.6118181650839122,1.8823529411764706,0.47058823529411764,0.0,1.605787061421801,2.3053990219475113,0.0,2.6702078396603905,416,relaxed
485,local,11.590685678404467,0.13662827845909664,0.012312986448257589,317.9821402879886,337.50378500746007,12.773350937485773,0.3921768789905231,2.651349245237353,121.07048956821113,3.1633337699809827,18.142058249051352,116.45409313120345,0.6230251892935685,1.8823529411764706,0.47058823529411764,0.0,1.674693397385627,2.310754424332064,0.0,2.6702078396603905,416,relaxed
486,local,11.590685678404467,0.13662827845909664,0.012312986448257589,317.9821402879886,335.39009663000587,12.773350937485773,0.3921768789905231,2.651349245237353,150.71941233434998,3.3481392502887304,14.305371555507737,118.73129028672975,0.6145094541978231,2.1176470588235294,0.5294117647058824,0.058823529411764705,2.0154281664056213,2.294260063052032,0.0,2.6702078396603905,416,relaxed
487,local,11.590685678404467,0.13662827845909664,0.012312986448257589,317.9821402879886,336.17028989001767,12.773350937485773,0.3921768789905231,2.651349245237353,121.02087990629973,3.153596623337326,16.082622773744454,118.05485191891717,0.6244896937946118,1.8823529411764706,0.47058823529411764,0.0,1.6263004266174543,2.299700705282292,0.0,2.6702078396603905,416,relaxed
488,local,11.590685678404467,0.13662827845909664,0.012312986448257589,317.9821402879886,336.6123460232557,12.773350937485773,0.3921768789905231,2.651349245237353,121.02052259465576,3.119983229333047,16.795661569384073,117.58087688719027,0.6122986419611183,1.8823529411764706,0.47058823529411764,0.0,1.6090427215157188,2.3029342835963256,0.0,2.6702078396603905,416,relaxed
489,local,11.590685678404467,0.13662827845909664,0.012312986448257589,317.9821402879886,336.97764700857954,12.773350937485773,0.3921768789905231,2.651349245237353,121.0427242794777,3.15267344645568,17.140430008472112,117.14537274602651,0.6102697814385283,1.8823529411764706,0.47058823529411764,0.0,1.6472787617978222,2.3020318830390973,0.0,2.6702078396603905,416,relaxed
490,local,11.590685678404467,0.13662827845909664,0.012312986448257589,317.9821402879886,336.77668017578003,12.773350937485773,0.3921768789905231,2.651349245237353,121.01802410282177,3.1372417400762482,16.897138360467427,117.23545833554475,0.613191383143082,1.8823529411764706,0.47058823529411764,0.0,1.606157479189083,2.3008314586104714,0.0,2.6702078396603905,416,relaxed
491,local,11.590685678404467,0.13662827845909664,0.012312986448257589,317.9821402879886,336.853442675298,12.773350937485773,0.3921768789905231,2.651349245237353,121.01714994136765,3.1570792869200055,16.769569108356333,117.54633318341486,0.6149901616547137,1.8823529411764706,0.47058823529411764,0.0,1.6023187712153852,2.30094538199006,0.0,2.6702078396603905,416,relaxed
492,local,11.590685678404467,0.13662827845909664,0.012312986448257589,317.9821402879886,336.90088450906154,12.773350937485773,0.3921768789905231,2.651349245237353,121.02714555857509,3.157290279737982,16.93152932083674,117.38432129239273,0.6117101587985778,1.8823529411764706,0.47058823529411764,0.0,1.6194078488250387,2.3001227169578287,0.0,2.6702078396603905,416,relaxed
493,local,11.590685678404467,0.13662827845909664,0.012312986448257589,317.9821402879886,336.82412200954354,12.773350937485773,0.3921768789905231,2.651349245237353,121.01642846576823,3.1474073878588267,16.727041695507584,117.49709136291955,0.6146455315026531,1.8823529411764706,0.47058823529411764,0.0,1.6039686861314584,2.3016656713201145,0.0,2.6702078396603905,416,relaxed
494,local,11.590685678404467,0.13662827845909664,0.012312986448257589,317.9821402879886,336.82256625468654,12.773350937485773,0.3921768789905231,2.651349245237353,121.01997002655452,3.1546340585175536,16.795666742883736,117.52449107077895,0.6133496715622871,1.8823529411764706,0.47058823529411764,0.0,1.607601183630987,2.3015730307446134,0.0,2.6702078396603905,416,relaxed
495,local,11.590685678404467,0.13662827845909664,0.012312986448257589,317.9821402879886,336.82415540191107,12.773350937485773,0.3921768789905231,2.651349245237353,121.01785402924816,3.1502481207754465,16.74092242276568,117.59090811130075,0.614507259555081,1.8823529411764706,0.47058823529411764,0.0,1.6042883451039507,2.3016707616961973,0.0,2.6702078396603905,416,relaxed
496,local,11.590685678404467,0.13662827845909664,0.012312986448257589,317.9821402879886,336.82352776406634,12.773350937485773,0.3921768789905231,2.651349245237353,121.02541173170934,3.139401884167851,16.83091087378358,117.57309490208344,0.61201213535423,1.8823529411764706,0.47058823529411764,0.0,1.616844602779369,2.301632525444127,0.0,2.6702078396603905,416,relaxed
497,local,11.590685678404467,0.13662827845909664,0.012312986448257589,317.9821402879886,336.82389502796894,12.773350937485773,0.3921768789905231,2.651349245237353,121.01538036879894,3.151273521964316,16.733129214405988,117.45049949102284,0.615370057328888,1.8823529411764706,0.47058823529411764,0.0,1.6023339760174646,2.3016534168486156,0.0,2.6702078396603905,416,relaxed
498,local,11.590685678404467,0.13662827845909664,0.012312986448257589,317.9821402879886,336.823754745641,12.773350937485773,0.3921768789905231,2.651349245237353,121.01430203487243,3.1495213952684913,16.74004213107227,117.33372258946719,0.6154015416006263,1.8823529411764706,0.47058823529411764,0.0,1.602303392500112,2.301647100320995,0.0,2.6702078396603905,416,relaxed
499,local,11.590685678404467,0.13662827845909664,0.012312986448257589,317.9821402879886,336.8236680463943,12.773350937485773,0.3921768789905231,2.651349245237353,121.02555465996416,3.145706282433987,16.86500446843987,117.50289664919825,0.6120180925694958,1.8823529411764706,0.47058823529411764,0.0,1.6169177295078085,2.3016414954682545,0.0,2.6702078396603905,416,relaxed
500,local,11.590685678404467,0.13662827845909664,0.012312986448257589,317.9821402879886,336.82380832872224,12.773350937485773,0.3921768789905231,2.651349245237353,121.01504812101285,3.1522078164783998,16.747762062132978,117.37508895535031,0.6152481546017888,1.8823529411764706,0.47058823529411764,0.0,1.6025672519866792,2.3016506046048484,0.0,2.6702078396603905,416,relaxed
501,local,11.590685678404467,0.13662827845909664,0.012312986448257589,317.9821402879886,336.8237213532789,12.773350937485773,0.3921768789905231,2.651349245237353,121.01317404111346,3.150893411377289,16.721588028565094,117.25502686404546,0.6154014573745527,1.8823529411764706,0.47058823529411764,0.0,1.6023046609896934,2.301644619294442,0.0,2.6702078396603905,416,relaxed
502,local,11.590685678404467,0.13662827845909664,0.012312986448257589,317.9821402879886,336.8237213532789,8.257354213751997,0.3921768789905231,2.651349245237353,106.76787815747555,3.207233092017634,13.57493080037481,113.36839594766167,0.6365879607226391,2.4172335831839664,0.4117647058823529,0.0,2.189984470766686,2.193602455139464,0.0,2.6702078396603905,416,relaxed
503,local,11.590685678404467,0.13662827845909664,0.012312986448257589,317.9821402879886,336.8237213532789,12.742645786248001,0.3921768789905231,2.651349245237353,121.02017293584647,3.1518148247423587,16.864662171515025,117.19434039838858,0.6112615426266457,1.8823529411764706,0.47058823529411764,0.0,1.6121953860159024,2.3003927680512612,0.0,2.6702078396603905,416,relaxed
504,local,11.590685678404467,0.13662827845909664,0.012312986448257589,317.9821402879886,336.8237213532789,5.4852915724960045,0.3921768789905231,2.651349245237353,180.87992142347142,3.2324953375077534,14.647238475471035,107.62885934714221,0.6416320326584424,3.675854576115292,0.5294117647058824,0.17647058823529413,2.167837252815728,2.1522402347875684,0.0,2.6702078396603905,416,relaxed
505,local,11.590685678404467,0.13662827845909664,0.012312986448257589,317.9821402879886,336.8237213532789,10.114535974826879,0.3921768789905231,2.651349245237353,121.25331079702252,3.2406276984070166,14.084442811697272,116.53943063979784,0.6066979562407865,1.8823529411764706,0.47058823529411764,0.0,2.2008577096629995,2.241603366128259,0.0,2.6702078396603905,416,relaxed
506,local,11.590685678404467,0.13662827845909664,0.012312986448257589,317.9821402879886,336.8237213532789,7.198520503736015,0.3921768789905231,2.651349245237353,151.64299474055784,3.1805700651795785,14.746270121976577,111.45589756682186,0.6360864512468729,3.3165746221252017,0.47058823529411764,0.11764705882352941,2.798311860115076,2.18278680522655,0.0,2.6702078396603905,416,relaxed
507,local,11.590685678404467,0.13662827845909664,0.012312986448257589,317.9821402879886,336.8237213532789,8.966734523196216,0.3921768789905231,2.651349245237353,106.85733620549426,3.2674600141290004,13.642442271346011,119.6019973098172,0.624124330899677,2.4462258769385463,0.4117647058823529,0.0,2.2110715282829396,2.208679694263711,0.0,2.6702078396603905,416,relaxed
508,local,11.590685678404467,0.13662827845909664,0.012312986448257589,317.9821402879886,336.8237213532789,8.534020934398185,0.3921768789905231,2.651349245237353,106.77783385656376,3.256701100416707,13.489554743260783,116.30271319740953,0.6354333603080012,2.4172335831839664,0.4117647058823529,0.0,2.1526960824087276,2.196863631614249,0.0,2.6702078396603905,416,relaxed
509,local,11.590685678404467,0.13662827845909664,0.012312986448257589,317.9821402879886,336.8237213532789,8.30930018205406,0.3921768789905231,2.651349245237353,106.75551352262939,3.2359644275276946,13.59016714257707,114.31334499387982,0.6340138748275279,2.4172335831839664,0.4117647058823529,0.0,2.1448315796191375,2.1947695557328832,0.0,2.6702078396603905,416,relaxed
510,local,11.590685678404467,0.13662827845909664,0.012312986448257589,317.9821402879886,336.8237213532789,8.380931986286889,0.3921768789905231,2.651349245237353,106.77753531338675,3.232978596925951,13.518819647786541,114.96869810618766,0.6351209672770799,2.4172335831839664,0.4117647058823529,0.0,2.1786264509712945,2.194983140090172,0.0,2.6702078396603905,416,relaxed
511,local,11.590685678404467,0.13662827845909664,0.012312986448257589,317.9821402879886,336.8237213532789,8.31029078133767,0.3921768789905231,2.651349245237353,136.2905899144352,3.22500599160358,13.649282533036043,114.21833246156848,0.6361870071737983,2.6525277008310253,0.47058823529411764,0.058823529411764705,2.155916806575428,2.1948038794225275,0.0,2.6702078396603905,416,relaxed
512,local,11.590685678404467,0.13662827845909664,0.012312986448257589,317.9821402879886,336.8237213532789,8.309266782508153,0.3921768789905231,2.651349245237353,136.28785834579296,3.229678848317663,13.54805569188046,114.22406845180251,0.6346677732468246,2.6525277008310253,0.47058823529411764,0.058823529411764705,2.1543537737966676,2.194766802420273,0.0,2.6702078396603905,416,relaxed
513,local,11.590685678404467,0.13662827845909664,0.012312986448257589,317.9821402879886,336.8237213532789,8.309678557311168,0.3921768789905231,2.651349245237353,136.29398610925503,3.23940842699999,13.68633373357083,114.0866088733741,0.635585984370602,2.6525277008310253,0.47058823529411764,0.058823529411764705,2.16334605660549,2.1947822902497967,0.0,2.6702078396603905,416,relaxed
514,local,11.590685678404467,0.13662827845909664,0.012312986448257589,317.9821402879886,336.8237213532789,8.309444708541772,0.3921768789905231,2.651349245237353,106.7693409886932,3.227264766108301,13.63579859878279,114.22728063850028,0.636363894687599,2.4172335831839664,0.4117647058823529,0.0,2.172495460698052,2.1947727746755232,0.0,2.6702078396603905,416,relaxed
515,local,11.590685678404467,0.13662827845909664,0.012312986448257589,317.9821402879886,336.8237213532789,8.30935538626009,0.3921768789905231,2.651349245237353,106.75551352262939,3.2359644275276946,13.59016714257707,114.31334499387982,0.6340138748275279,2.4172335831839664,0.4117647058823529,0.0,2.1448315796191375,2.1947695557328832,0.0,2.6702078396603905,416,relaxed
516,local,11.590685678404467,0.13662827845909664,0.012312986448257589,317.9821402879886,336.8237213532789,8.30938878580518,0.3921768789905231,2.651349245237353,106.76231011140013,3.2317389267597565,13.610310696516892,114.2661650678709,0.6351014074158473,2.4172335831839664,0.4117647058823529,0.0,2.1586228577408635,2.1947706834443683,0.0,2.6702078396603905,416,relaxed
