bootstrap_sample,effective_resistance_ohm,power_uW,inferred_temperature_K,ambient_temperature_K,delta_temperature_K,S_e_uW_per_K
0.0,1677.2756985331255,60.69616969995819,330.1097199882728,314.3780145586637,15.731705429609065,3.858206598867552
1.0,1680.4114712761734,60.59736505227861,331.5308157281945,314.4400253741296,17.090790354064893,3.5456151410731023
2.0,1680.7253524648288,60.594839781121806,330.4976483023526,314.27837102759594,16.219277274756678,3.7359765638528337
3.0,1679.5986978137355,60.70473339233153,329.62579271597707,314.4289491237631,15.196843592213952,3.994561964395908
4.0,1683.6162334353837,60.594839781121806,330.96144836633295,314.28132449728514,16.680123869047804,3.6327571819513653
5.0,1679.5986978137355,60.641336933559245,331.2221044777147,314.2641735071526,16.95793097056213,3.575986778034931
6.0,1682.0817394671826,60.65552902631116,330.7934352761631,314.51659246052253,16.276842815640578,3.7264922757641097
7.0,1678.729799279782,60.65805682667344,330.8040356944352,314.41613808145854,16.387897612976644,3.701393446505412
8.0,1678.099846251568,60.51361444483179,331.2665261518718,314.3141435112115,16.95238264066029,3.569622968495879
9.0,1684.1746526671006,60.763169041904774,330.64345902125035,314.2645399128103,16.378919108440073,3.709839986363536
10.0,1678.7301257263714,60.61488206507747,329.1462853155419,314.33663587331097,14.80964944223092,4.09293159176538
11.0,1677.2756985331255,60.55758167770207,330.4083713247754,314.4935415746438,15.91482975013156,3.805103958287802
12.0,1679.0354266421664,60.72256049645529,331.6592123637515,314.47892381377306,17.180288549978457,3.534431934586537
13.0,1683.1991680979897,60.66433842502213,330.0329806923364,314.28398707285805,15.74899361947837,3.851950155722485
14.0,1680.724998735395,60.62391826614229,329.32311482318056,314.53284673176785,14.790268091412713,4.098905975973537
15.0,1684.257670268307,60.56041198009323,330.8049305150891,314.3505256858232,16.45440482926591,3.6804984810134296
16.0,1686.0154072273003,60.7243811971968,330.96946845158305,314.4909880329723,16.47848041861073,3.685071660407165
17.0,1679.5986978137355,60.722868289198225,330.99263824351283,314.48781293727154,16.504825306241287,3.6790979100055012
18.0,1683.7630739445467,60.684014398362706,331.53751493158575,314.3296294089515,17.20788552263423,3.5265235998079234
19.0,1679.0354266421664,60.61486929937127,329.88721042735693,314.27215431894484,15.615056108412091,3.8818220618955723
20.0,1679.289059474553,60.594839781121806,330.9811060280632,314.2539934538815,16.727112574181717,3.6225522792648555
21.0,1680.6357782114778,60.641336933559245,331.85815181440586,314.5035103874779,17.35464142692797,3.4942431503924
22.0,1677.2756985331255,60.59820297679279,331.36991428720955,314.4085646329201,16.96134965428945,3.5727229384406787
23.0,1677.8382927604591,60.594839781121806,331.8976901781296,314.28976295004236,17.60792722808725,3.44133860824141
24.0,1679.8497904567153,60.62393095663266,331.17479932206436,314.5462757388158,16.62852358324858,3.6457795337707943
25.0,1680.1605950974129,60.66433842502213,331.21941527103104,314.3774615643012,16.84195370672984,3.6019775069671045
26.0,1682.3321681013333,60.580617230477465,330.3966302515183,314.28598739313543,16.110642858382846,3.7602855306891474
27.0,1677.8382927604591,60.511089173674975,331.6397332110239,314.34374877258017,17.295984438443725,3.498562882560023
28.0,1676.8784038947963,60.75607506931345,331.5235444131324,314.38068823936896,17.142856173763448,3.5441045793931663
29.0,1678.7301257263714,60.68195195100577,332.25411797370214,314.48696115764074,17.7671568160614,3.4154002567337987
30.0,1683.1991680979897,60.78001047608068,331.8454137284047,314.288846998901,17.556566729503686,3.4619530921122696
31.0,1681.9216970943453,60.78000418849405,330.9131749047858,314.508633398128,16.404541506657836,3.7050718036725554
32.0,1682.089125165839,60.65805682667344,331.3473221095832,314.3092870743451,17.038035035238124,3.5601556576929343
33.0,1682.567496758355,60.580604489609044,329.5076375850216,314.4126233855638,15.095014199457808,4.0132856908332695
34.0,1681.9220508237809,60.68195195100577,330.96098774946967,314.31729630374343,16.643691445726233,3.6459430979530496
35.0,1685.162951657265,60.621185106371605,329.2640490294223,314.48545468825006,14.778594341172266,4.1019587997949625
36.0,1676.9820556461275,60.6388052405981,330.6051851487527,314.39376820666286,16.21141694208984,3.740500010406928
37.0,1681.4618579262747,60.60075774567887,330.45057463616666,314.4287848056071,16.021789830559555,3.782396248269998
38.0,1682.3321681013333,60.68198752001895,330.8970266370887,314.3007387823453,16.596287854743366,3.656359063612861
39.0,1680.4114712761734,60.502702111514004,332.1439435467707,314.3832007809808,17.76074276578987,3.406541207727653
40.0,1678.7301257263714,60.742882648863,330.64093855535657,314.5122147245402,16.128723830816398,3.766130742024637
41.0,1679.2890594745552,60.783450524757136,331.34870528576323,314.4654968524832,16.883208433280004,3.6002310085173996
42.0,1679.5986978137355,60.69870378790712,331.8745887647124,314.43746427215063,17.437124492561793,3.4810042110899393
43.0,1679.5986978137355,60.72256049645529,330.2368212506983,314.3136004814429,15.923220769255408,3.8134596873578834
44.0,1679.5990515431688,60.54003661371492,331.1330721727805,314.3215898281769,16.811482344603576,3.6011123452863183
45.0,1677.5404783420813,60.5716945377753,330.6592171404349,314.3332253723512,16.325991768083725,3.7101387406178357
46.0,1680.3412451586628,60.49357217364893,329.98931196745207,314.5238580580491,15.465453909402981,3.9115290458347873
47.0,1685.3145421541044,60.6210923911749,330.8093857766179,314.2847841523687,16.524601624249215,3.6685357849847215
48.0,1675.682842003034,60.679017833319755,331.9162949399016,314.31835130606055,17.597943633841055,3.44807433731253
49.0,1682.567496758355,60.74515355121145,331.680329875675,314.4590055783103,17.221324297364674,3.527321854133314
50.0,1677.445050579208,60.53104757654161,331.67407896205594,314.30411622852023,17.369962733535715,3.4848115971875955
51.0,1680.9643108363746,60.65805682667344,331.1248860954481,314.4246938363503,16.700192259097832,3.63217715614193
52.0,1681.5322574156603,60.580604489609044,329.6198585945575,314.5442110982336,15.075647496323938,4.01844129775395
53.0,1676.7147630771833,60.59820297679279,331.0080792645467,314.44616978779453,16.56190947675219,3.6588898799292413
54.0,1679.436558519477,60.5405904228598,331.3588977869934,314.3357128861996,17.023184900793808,3.5563609733239008
55.0,1681.3560902071492,60.65552902631116,330.63523116869123,314.2688847412279,16.366346427463327,3.706112985884801
56.0,1679.598872038681,60.82596223745027,332.36699479234915,314.25423293300855,18.112761859340594,3.3581826289005643
57.0,1678.965554029975,60.45384235683529,330.4583671104789,314.4057368151249,16.052630295353993,3.765977365985439
58.0,1680.9643108363746,60.600728388109744,331.2019727483387,314.5293803600184,16.672592388320254,3.6347513917849223
59.0,1683.0479980160048,60.69617598754483,332.0735611578486,314.37794304030206,17.69561811754653,3.4300116325046606
60.0,1679.0354266421664,60.59820297679279,331.7685445674377,314.4110831667348,17.357461400702903,3.4911904211026403
61.0,1680.0024384674161,60.49693311484089,330.7406766947972,314.3409758959977,16.399700798799472,3.688904685338499
62.0,1681.5263288690755,60.580604489609044,330.8835254743377,314.27842898816687,16.60509648617085,3.648313910133682
63.0,1679.530419889385,60.53415053593246,330.3533288686965,314.43135197566204,15.921976893034469,3.8019242800443256
64.0,1680.9691087902418,60.698716553613316,332.06575313841864,314.3489757728272,17.71677736559144,3.4260585489717252
65.0,1683.7630739445467,60.621185106371605,330.6490646323,314.33110282973337,16.31796180256663,3.7149973654697845
66.0,1684.7440231911953,60.621185106371605,330.40040678571324,314.35750063441617,16.042906151297075,3.778691001160682
67.0,1679.0354266421664,60.59820297679279,330.63860914689525,314.2722486681706,16.36636047872463,3.702607128540712
68.0,1678.4723968920753,60.64134968720046,330.5785339502408,314.2702948982325,16.308239052008275,3.7184486622872255
69.0,1678.4723968920753,60.65805682667344,330.3133373903041,314.51016447347087,15.803172916833262,3.8383467134034546
70.0,1678.566898048072,60.70221423528794,329.6713318501701,314.30975407228317,15.361577777886907,3.9515611685844654
71.0,1679.8496172583045,60.580617230477465,331.2944416462855,314.4749054354351,16.8195362108504,3.6018006959904447
72.0,1674.9153515804858,60.69869543719616,332.13699252894816,314.49395588323773,17.643036645710424,3.4403768838712874
73.0,1681.5322574156603,60.67859038856864,331.6411232718306,314.54306956678755,17.09805370504307,3.548859503855195
74.0,1679.7588645990738,60.698716553613316,331.68723171719347,314.51131680007376,17.175914917119712,3.5339437140034513
75.0,1681.9216970943453,60.69870378790712,330.27522104706077,314.29452734977457,15.980693697286199,3.7982521245754697
76.0,1682.089125165839,60.88718916955073,331.5024568009529,314.2559467540607,17.24651004689224,3.5304063839003987
77.0,1680.093343785784,60.49357217364893,331.26446984945835,314.2959725690872,16.96849728037114,3.565051823630065
78.0,1681.5320840437812,60.4793448393201,331.99876110038326,314.49083300123147,17.507928099151798,3.454397601864159
79.0,1682.9865028656789,60.6631951368349,331.8188711162095,314.4188153151937,17.40005580101581,3.486379344444022
80.0,1679.5986978137355,60.61486929937127,331.6216316586401,314.4203142996671,17.20131735897303,3.5238504141516613
81.0,1683.6062530678748,60.78556101960083,332.02609712989863,314.2982959553837,17.727801174514923,3.4288268703613816
82.0,1680.725352464831,60.61486929937127,330.51788029054484,314.52474750744665,15.99313278309819,3.7900560272612807
83.0,1680.6357782114778,60.745153551211374,332.07067067023786,314.53578912668956,17.534881543548295,3.4642465876002264
84.0,1678.0054090199208,60.398923373069074,331.1415710989399,314.36808432566653,16.773486773273362,3.6008567681531707
85.0,1677.5404783420813,60.6388052405981,330.52314550619343,314.45484222662066,16.068303279572774,3.7738150808795523
86.0,1675.3074924063735,60.59820297679279,330.5112804779291,314.426849222174,16.084431255755135,3.7675067282910786
87.0,1682.4186834884886,60.39891712882021,330.01386411920765,314.2729950995876,15.74086901962005,3.837076406235042
88.0,1677.2756985331255,60.65552902631116,329.8742597063824,314.46999654341533,15.404263162967084,3.937580680400946
89.0,1679.7770393150477,60.65552902631116,331.88731395104116,314.4863229046844,17.40099104635675,3.485751407188421
90.0,1679.5986978137355,60.62139285855867,330.5925234577378,314.26530828827816,16.327215169459635,3.7129046337278715
91.0,1680.885063596321,60.79674766296982,331.11119492589154,314.2684219559761,16.842772969915416,3.609663787047718
92.0,1679.7588645990738,60.698716553613316,332.13774738046783,314.52127120619207,17.61647617427576,3.445565160315538
93.0,1681.2908937326795,60.64363492181105,332.26251999765776,314.32454696981597,17.937973027841792,3.3807406682842687
94.0,1679.289059474553,60.621185106371605,331.359394141854,314.33029763937975,17.02909650247426,3.5598591562132254
95.0,1683.5457703575285,60.719184117655814,331.3130271088946,314.43890337706716,16.87412373182741,3.598360725726416
96.0,1680.9041553575776,60.53415053593246,331.06349580941264,314.29968334401786,16.76381246539478,3.6110014151549334
97.0,1678.4725711170213,60.69870378790712,331.5748947811145,314.2912478997701,17.283646881344396,3.5119152922190295
98.0,1676.1495718364115,60.61486929937127,330.75893851209366,314.48234948199405,16.276589030099615,3.724052329838809
99.0,1680.1605950974129,60.66433842502213,330.73775947019305,314.4472595151792,16.290499955013843,3.7239089403361767
100.0,1681.5322574156603,60.580604489609044,329.10977190438234,314.2794581950081,14.830313709374252,4.084917263167266
101.0,1678.099846251568,60.49694585570931,332.1533702551335,314.2512977607596,17.902072494373897,3.379326381050113
102.0,1681.2908937326795,60.621185106371605,330.84293736680803,314.3146879304996,16.528249436308442,3.6677317425523586
103.0,1679.8497904567153,60.72256049645529,330.97672888794546,314.3569199938712,16.619808894074254,3.6536256754495984
104.0,1680.4077833060528,60.63798409689032,331.6280079202297,314.3530304334555,17.27497748677422,3.5101628435298955
105.0,1677.5404783420813,60.70221423528794,331.50392163236467,314.41295310399977,17.090968528364897,3.55171294912538
106.0,1678.965554029975,60.511089173674975,331.5817332002227,314.3262057567824,17.255527443440315,3.50676554930103
107.0,1676.9820556461254,60.53751373160345,330.8565764881237,314.4655976089112,16.390978879212525,3.693343404180621
108.0,1682.4812586623957,60.69617598754483,330.68304007471363,314.49634090798264,16.18669916673099,3.7497562265378668
109.0,1680.2309217519023,60.698716553613316,331.88205855930886,314.4531917534624,17.42886680584644,3.4826542212860443
110.0,1677.8382927604591,60.49693311484089,331.09939785390344,314.4793042620031,16.620093591900343,3.639987511521809
111.0,1681.131912566409,60.62139285855867,330.59061012906517,314.26040272349866,16.33020740556651,3.712224306342523
112.0,1679.219325040648,60.511089173674975,331.0268776725459,314.4427733196942,16.584104352851682,3.6487402567067138
113.0,1675.3074924063735,60.55758167770207,331.1542846131843,314.51472970072035,16.63955491246395,3.6393750912376315
114.0,1683.6165875212018,60.62117883101849,331.3515654731605,314.54840389924584,16.80316157391468,3.6077245680436203
115.0,1687.4245376571923,60.65837033440424,329.4715925228719,314.4879547074976,14.983637815374323,4.048307299056859
116.0,1680.0022637245877,60.45636523894676,331.06925578971914,314.33677278985425,16.732482999864885,3.6131138002312593
117.0,1678.308223449765,60.66181301743851,329.17196313075505,314.4572328689048,14.714730261850264,4.122522937081061
118.0,1676.7106774051254,60.45637778965298,331.1412442895564,314.31366951706616,16.827574772490266,3.5926970230129136
119.0,1676.4208136117372,60.53104757654161,330.3998162403117,314.4632664218332,15.936549818478454,3.7982529635339115
120.0,1681.9216970943453,60.70473339233153,331.69673905535035,314.5078806570776,17.18885839827277,3.531632641666969
121.0,1681.9216970943453,60.72256049645529,329.9474833562614,314.42931298260396,15.518170373657426,3.9129974110565064
122.0,1682.9865028656789,60.6631951368349,330.5187163589948,314.50608753941185,16.01262881958297,3.7884594603632857
123.0,1682.6526968113933,60.62117883101849,331.47444049460967,314.35668744324363,17.117753051366037,3.541421508366764
124.0,1683.5457703575285,60.76474818525055,329.83421104385934,314.3258614065129,15.508349637346441,3.9181956562882676
125.0,1683.7630739445467,60.661746706912616,331.68802916913614,314.2945441805584,17.393484988577768,3.487613134846119
126.0,1683.0483517454386,60.621185106371605,331.70771956304,314.27574336649593,17.431976196544042,3.4775853536554275
127.0,1684.1746526670984,60.66175298226572,330.34313665768076,314.4957454970755,15.847391160605241,3.8278699861377645
128.0,1678.1705139115325,60.74514730067133,331.4293594639705,314.28172326810835,17.147636195862162,3.542479360235642
129.0,1681.7641132811898,60.681958232649976,331.42379359806074,314.42478889753954,16.999004700521198,3.569735952293103
130.0,1680.2513607973563,60.49693311484089,330.95878872575287,314.5396030545285,16.41918567122434,3.6845270116450166
131.0,1683.0483517454409,60.783450524757136,332.56174782685525,314.36313846700006,18.198609359855197,3.3400052346219917
132.0,1681.5263288690755,60.684014398362706,331.1299832513285,314.3659780881142,16.76400516321428,3.6198995292320313
133.0,1679.2890594745552,60.62393095663266,330.968822858269,314.5166082137703,16.452214644498667,3.6848492599082547
134.0,1679.0354266421664,60.59820297679279,331.59315603528876,314.43826078692103,17.154895248367723,3.5324146314771974
135.0,1682.567496758355,60.580604489609044,329.644225833796,314.4019478072089,15.242278026587087,3.974511184216583
136.0,1682.4183294026723,60.76474175178194,330.77332122137534,314.2725222939196,16.50079892745572,3.6825333136249143
137.0,1679.8497904567153,60.69870378790712,330.9604277194465,314.4425524310911,16.517875288355413,3.6747283006003695
138.0,1683.7630739445467,60.684014398362706,329.75545710219683,314.40130839389843,15.354148708298396,3.9522877856175156
139.0,1677.3462701953613,60.76584456611526,331.2921911078395,314.37398379735214,16.91820731048739,3.5917425204056497
140.0,1683.2087898961831,60.69870378790712,331.81897812080535,314.2548602595722,17.56411786123317,3.4558356000262846
141.0,1677.5404783420813,60.5716945377753,331.5841666296351,314.474830190656,17.109336438979085,3.540271404084308
142.0,1682.6526968113933,60.54003661371492,329.51262116481024,314.40023281549827,15.11238834931197,4.005987353843455
143.0,1682.0817394671826,60.783450524757136,331.5644122454802,314.4283486487158,17.13606359676436,3.5471069642992163
144.0,1680.0024384674161,60.554220736510096,330.8966992268792,314.4523144488266,16.44438477805261,3.6823646219546258
145.0,1683.1991680979897,60.72256677809946,330.2974816343986,314.54227970586345,15.755201928535143,3.8541281193052415
146.0,1678.1705139115325,60.73935722726036,330.318620017805,314.5364494630618,15.782170554743232,3.8486060593867766
147.0,1683.1991680979897,60.66433842502213,331.59557795408796,314.3744737072109,17.221104246877076,3.5226741302621853
148.0,1676.1495718364115,60.59820297679279,330.9012856448352,314.254166978115,16.64711866672019,3.640161651393564
149.0,1679.8496172583045,60.54003661371492,331.3934570383275,314.4047893203441,16.98866771798339,3.563554106696085
150.0,1681.4618579262747,60.578075332144465,331.6735692372979,314.4554650868467,17.21810415045121,3.51827790114494
151.0,1679.5986978137355,60.70473339233153,330.8488318509407,314.3488811704523,16.49995068048844,3.6790857480632497
152.0,1678.402353184219,60.511089173674975,330.4900926399836,314.2629105243467,16.22718211563688,3.7289955053480988
153.0,1677.445050579208,60.5809853901692,331.5546561637777,314.28272188849513,17.271934275282547,3.507481236589998
154.0,1683.7734829508802,60.562913812640765,330.4111914271766,314.43001752870504,15.981173898471582,3.789641123824635
155.0,1684.5329099683402,60.450483809574656,331.60839150387267,314.5333229024567,17.07506860141598,3.5402776539686465
156.0,1679.2206323910548,60.594839781121806,330.08333610230187,314.3008724528148,15.782463649487056,3.839377750322979
157.0,1681.2910681331568,60.66175298226572,331.2133242688346,314.3535473338645,16.859776934970057,3.5980163448332987
158.0,1679.5986978137355,60.5716945377753,331.1839878716045,314.4444634219674,16.739524449637088,3.6184835907383555
159.0,1680.6356036448703,60.74514730067133,331.55140920945286,314.3615331097057,17.189876099747153,3.5337745861684735
160.0,1679.7770393150477,60.69977914998898,330.523859091973,314.4456543203732,16.078204771599815,3.7752833735024773
161.0,1680.7953961726853,60.65805682667344,331.9403087996348,314.3318120814939,17.608496718140884,3.444817453620638
162.0,1680.2309217519023,60.600728388109744,330.8500743357797,314.369647729501,16.480426606278684,3.677133476934522
163.0,1681.9220508237809,60.70474608282189,331.03550705003033,314.3153928584227,16.72011419160765,3.6306418357651835
164.0,1679.290506511117,60.621185106371605,331.32466878361055,314.4987830418886,16.825885741721947,3.602852535486651
165.0,1679.0354266421664,60.5716945377753,330.3338815360676,314.2520781859619,16.0818033501057,3.766474021545424
166.0,1680.899477781549,60.55758167770207,328.5245520533259,314.5024688698901,14.022083183435825,4.3187293132905
167.0,1680.724998735395,60.84674084200495,331.07918365905266,314.46979457861363,16.60938908043903,3.6633942734031377
168.0,1675.0232709147515,60.51697313225256,331.18605122892995,314.5479039458147,16.638147283115245,3.6372423024327056
169.0,1679.5986978137355,60.5716945377753,328.9350230228156,314.53107157391423,14.403951448901353,4.2052137396224945
170.0,1681.2026940023338,60.55423348944349,330.06967884081126,314.50881033405716,15.560868506754105,3.891443042729927
171.0,1677.2756985331255,60.514447720935614,331.2940554624968,314.5348410891106,16.759214373386158,3.610816496090253
172.0,1679.5986978137355,60.722868289198225,331.95392430586236,314.36340259721857,17.59052170864379,3.4520220204361345
173.0,1677.8381183599815,60.470482881996666,330.7809459534138,314.4372577138065,16.343688239607275,3.699928804041463
174.0,1680.2513607973563,60.638927232678576,330.60205829200703,314.3371840848829,16.264874207124137,3.728213723664599
175.0,1679.8497904567153,60.745153551211374,329.5727867882712,314.289147239787,15.283639548484189,3.974521471702465
176.0,1679.5986978137355,60.69870378790712,329.77798046700207,314.2925272511559,15.485453215846178,3.91972407535315
177.0,1684.7440231911953,60.63797134395693,330.62524018004996,314.3898863133077,16.23535386674223,3.7349337650208225
178.0,1678.1699514794993,60.67216135963257,331.8991247946116,314.3911114979917,17.508013296619936,3.4653938360525363
179.0,1682.4812586623957,60.68194547900874,331.13891286420176,314.38197430559114,16.756938558610614,3.621302618420541
180.0,1681.5322574156603,60.661746706912616,331.89659197787773,314.4091279304459,17.487464047431843,3.4688704172530507
181.0,1680.8807120679378,60.73936351484701,331.16117187237586,314.3258017696426,16.835370102733236,3.6078424854459197
182.0,1678.2638800688267,60.84100108565631,331.9075233149813,314.34231789132735,17.565205423653936,3.4637227187634045
183.0,1684.7440231911953,60.724374952947855,331.70589682311305,314.5407541266519,17.165142696461146,3.5376562855761815
184.0,1675.3074924063735,60.70221423528794,330.8896086601463,314.3885618569048,16.50104680324148,3.678688689214768
185.0,1682.4887977653902,60.70474608282198,330.5411685577512,314.2798930834095,16.261275474341687,3.7330863854195617
186.0,1682.653043555147,60.66175298226572,331.3123002507321,314.2739130937621,17.038387156970032,3.560299013246117
187.0,1680.6357782114778,60.69870378790712,330.24615049302673,314.51930310187595,15.726847391150784,3.8595595339763515
188.0,1679.8472279105897,60.681958232649976,331.4378527609202,314.50850362201055,16.92934913890963,3.5844235791192576
189.0,1680.0024384674161,60.44173031542861,331.3322013136395,314.37258764058134,16.95961367305813,3.5638624487918453
190.0,1681.4618579262747,60.64111830026401,330.7558958049041,314.4846093978762,16.2712864070279,3.726879165132996
191.0,1679.598872038681,60.638811522242285,331.74473788209247,314.4513549327119,17.293382949380543,3.506474800201796
192.0,1676.9820556461254,60.53751373160345,331.4397893502357,314.4233743556801,17.01641499455559,3.5575950487204535
193.0,1677.5404783420813,60.6388052405981,331.1050957089198,314.41520989344343,16.689885815476373,3.633266632918981
194.0,1680.2309217519023,60.61488206507747,330.5813247863279,314.44162363819817,16.139701148129745,3.7556384414281094
195.0,1682.9865028656789,60.58002236524008,330.35317875109314,314.3305103087038,16.022668442389318,3.780894710706897
196.0,1680.4076050375752,60.66175298226572,330.6646656335518,314.54877325640297,16.11589237714884,3.7640951901788364
197.0,1681.5322574156603,60.661746706912616,331.8665041742841,314.4729885673075,17.39351560697662,3.4876069954817477
198.0,1679.7770393150477,60.70221423528794,329.76142671298305,314.37077777076104,15.390648942222015,3.9440971243753222
199.0,1681.2908937326795,60.66181301743859,330.47924850278696,314.2784413820403,16.200807120746674,3.744369806104004
200.0,1680.1604210476455,60.5716945377753,330.40760068053936,314.53610615467744,15.87149452586192,3.8163825365706
201.0,1678.4723968920753,60.61488206507747,331.1492682116329,314.306959256422,16.84230895521091,3.598965095953995
202.0,1684.1856150040342,60.53667327788379,331.91145362444803,314.3236909598247,17.587762664623313,3.441976926357412
203.0,1683.4618169431615,60.621185106371605,331.6053433146573,314.41791937978064,17.187423934876676,3.5270663792355323
204.0,1680.6357782114778,60.65552902631116,330.85553947946954,314.39240715043195,16.46313232903759,3.684324939752032
205.0,1682.8306929169241,60.554220736510096,330.42195397713573,314.26995052207894,16.152003455056786,3.7490222748529747
206.0,1681.3559161573817,60.600728388109744,330.6789240090824,314.40493257298425,16.27399143609813,3.7237778221812463
207.0,1678.6599698740142,60.511089173674975,330.8916303001224,314.34859012792265,16.543040172199767,3.657797390552348
208.0,1679.1288665122515,60.79674766296982,330.8711644622797,314.3727300933768,16.498434368902906,3.685001031222856
209.0,1679.0354266421664,60.62139285855867,331.3041423059351,314.49249932965597,16.81164297627913,3.605917217257954
210.0,1680.724998735395,60.763169041904774,331.4187417505867,314.3414914814568,17.077250269129934,3.558135419010908
211.0,1680.4114712761734,60.522547013806665,331.0838206209001,314.3745250744822,16.709295546417877,3.6220884863564122
212.0,1677.4425006883273,60.69616134959586,330.8919742712492,314.29016421580593,16.601810055443252,3.6559966140375972
213.0,1681.1319125664158,60.594839781121806,330.6364931363323,314.5367402971522,16.0997528391801,3.763712423811823
214.0,1680.7253524648288,60.511089173674975,330.3742553877503,314.3500077683409,16.02424761940938,3.7762203013126734
215.0,1680.8807120679378,60.65552902631116,331.63152028878943,314.3448201010012,17.286700187788256,3.508797420409923
216.0,1675.682842003034,60.672148581863155,331.7341770261793,314.40393980714816,17.33023721903112,3.500941609456812
217.0,1680.4076050375775,60.69617598754483,330.6646656335518,314.42576035536126,16.238905278190543,3.7377012149373186
218.0,1682.4887977653902,60.62117883101849,331.55865458456174,314.3844204322724,17.17423415228933,3.5297747948159697
219.0,1681.3560902071492,60.69870378790712,331.94717788201405,314.3001185711363,17.64705931087775,3.4395931196588707
220.0,1679.782245560383,60.409918187451716,330.97654826120396,314.2974676302533,16.679080630950637,3.6218973649753625
221.0,1677.542527758455,60.55758167770207,332.1104615497554,314.2832528057788,17.827208743976655,3.3969188641582986
222.0,1680.7253524648288,60.594839781121806,330.8775253488559,314.4191173519982,16.458407996857716,3.681695082093647
223.0,1679.0354266421664,60.65552902631116,330.9104976849139,314.30226413171874,16.608233553195134,3.6521360825060225
224.0,1683.7630739445467,60.63797134395693,331.5129993053249,314.33391848561956,17.179080819705348,3.5297564509040464
225.0,1679.0354266421664,60.641336933559245,331.4995328810395,314.54281222240775,16.956720658631752,3.57624201957293
226.0,1681.9392077013001,60.476824486414095,331.10012074985013,314.3076463572979,16.792474392552208,3.6014242494981414
227.0,1681.3560902071492,60.681958232649976,330.4062517768988,314.507522532783,15.89872924411577,3.8167804043275213
228.0,1679.0354266421664,60.65552902631116,330.67283943177785,314.32224763325956,16.35059179851828,3.709684014728315
229.0,1680.4114712761734,60.63798409689032,331.177122352756,314.27780437233497,16.899317980421017,3.5881912019848055
230.0,1681.1319125664158,60.56037826912721,331.1030647906783,314.49750881734354,16.60555597333473,3.646994919433912
231.0,1682.653043555147,60.78001047608077,331.2986451547759,314.3560958318898,16.942549322886123,3.5874182401805776
232.0,1682.4812586623957,60.66433842502213,331.48317970038266,314.4856215045905,16.99755819579218,3.5690031312874018
233.0,1682.4183294026723,60.60328061147485,329.48853030632176,314.5017823134797,14.986747992842083,4.043791264150166
234.0,1678.729799279782,60.55759443134328,330.9238144385411,314.33517660088626,16.588637837654858,3.6505465381782267
235.0,1680.6356036448703,60.76584456611526,330.48141185083307,314.4195453521712,16.061866498661857,3.7832368094441438
236.0,1681.7641132811898,60.745153551211374,330.9678068140502,314.46272030388127,16.50508651016895,3.680389891551654
237.0,1679.2890594745552,60.681958232649976,332.13918449514364,314.49510515111314,17.6440793440305,3.4392249688664216
238.0,1681.2908937326795,60.63797134395693,330.23431584928863,314.25310338279945,15.981212466489183,3.794328588716781
239.0,1683.1991680979897,60.78001047608068,331.35646158261306,314.34202656893063,17.01443501368243,3.5722614607657244
240.0,1684.7440231911953,60.74515355121145,330.571373294337,314.3327038178655,16.2386694764715,3.7407715970342394
241.0,1681.9216970943453,60.800136641125455,329.1022389895857,314.2650841052153,14.83715488437042,4.097829881466885
242.0,1680.2309217519023,60.68195195100577,330.79942040860425,314.31688598280766,16.482534425796587,3.6815910941483176
243.0,1678.308223449765,60.55758167770207,330.960234181903,314.3614761397425,16.59875804216051,3.6483200444206143
244.0,1679.8497904567153,60.681958232649976,330.4129908804026,314.49227608613813,15.920714794264484,3.811509660012938
245.0,1678.566898048072,60.61486929937127,330.67672354147066,314.38400184271256,16.2927216987581,3.720364861077299
246.0,1681.9220508237809,60.742882648863,330.02319453987866,314.510683154606,15.51251138527266,3.915734927777804
247.0,1682.567496758355,60.594839781121806,331.4367697437299,314.2826285273742,17.154141216355697,3.5323738458762
248.0,1681.2908937326795,60.580604489609044,331.67092023262717,314.31589575598883,17.355024476638334,3.4906666119173058
249.0,1679.8472279105897,60.69870378790712,331.41759518469036,314.3628936107278,17.054701573962575,3.5590598595155645
250.0,1680.2513607973563,60.49693311484089,330.2689566886247,314.52670754653656,15.742249142088156,3.8429663111542003
251.0,1677.5404783420813,60.55758167770207,329.845251030312,314.3739297152253,15.471321315086698,3.9141829223500113
252.0,1679.5990515431688,60.54003661371492,332.1102730715941,314.54410520010646,17.566167871487664,3.4463997530149886
253.0,1681.2910681331568,60.62117236550317,331.52043845603254,314.38546579486894,17.1349726611636,3.5378622168975498
254.0,1683.0483517454409,60.72256049645529,331.4302898936166,314.3321062475717,17.0981836460449,3.5514041580961404
255.0,1681.2026940023338,60.59736505227861,329.66695711816726,314.27879138040794,15.388165737759323,3.9379199629742367
256.0,1680.0024384674161,60.49693311484089,331.58888171227983,314.50162910331517,17.08725260896466,3.540471631062665
257.0,1677.8382927604591,60.53751373160345,331.1001281895231,314.34341218657227,16.75671600295084,3.6127313801190435
258.0,1680.724998735395,60.745140860720994,329.5214636266242,314.51291721558493,15.008546411039276,4.047370024857368
259.0,1679.289059474553,60.74515355121145,331.51138768129164,314.27613805516194,17.2352496261297,3.524471932168482
260.0,1684.7440231911953,60.67859038856864,331.01347079715026,314.3955586824511,16.617912114699152,3.6513967560880407
261.0,1680.724998735395,60.69617598754483,330.9354204402026,314.3153181867358,16.620102253466825,3.651973679938345
262.0,1676.9791124303854,60.672148581863155,331.75644746652324,314.4983398041485,17.258107662374755,3.515573652037035
263.0,1682.9865028656789,60.57723890000673,329.3112818453175,314.5138283199617,14.79745352535582,4.0937610512650755
264.0,1678.566898048072,60.55758167770207,331.51621091605864,314.45050680269196,17.065704113366678,3.548495935205537
265.0,1679.0354266421664,60.6388052405981,331.3950918757479,314.4981658250081,16.896926050739808,3.5887477437319504
266.0,1676.1497460613552,60.45637778965298,330.44412379547094,314.43340227761144,16.01072151785951,3.7759933381025705
267.0,1683.6165875212018,60.68400815411375,330.2048882465512,314.5462883452112,15.658599901339983,3.8754427941492215
268.0,1683.6165875212018,60.59736505227861,330.6232417335029,314.39537862467125,16.227863108831627,3.734155547522455
269.0,1681.2026940023338,60.580617230477465,331.0671720554208,314.4359736302686,16.631198425152206,3.6425888070013235
270.0,1679.2206323910548,60.554220736510096,331.60735661096436,314.41873595107546,17.188620659888898,3.522924959174793
271.0,1681.9220508237786,60.59736505227861,330.5301598247591,314.27741180560906,16.252748019150033,3.7284381066438055
272.0,1680.0024384674161,60.554220736510096,330.46731813868536,314.2866897563502,16.180628382335158,3.7423899310745448
273.0,1682.6526968113933,60.60326812297695,331.3693919402102,314.41250919890234,16.95688274130788,3.5739628000932107
274.0,1680.3410717867878,60.49694585570931,330.9826941224799,314.5222806652514,16.460413457228526,3.6752992877674235
275.0,1679.7770393150477,60.65552902631116,330.7910782046872,314.5365231132977,16.254555091389534,3.731601922370794
276.0,1680.6357782114778,60.65552902631116,331.94234902824917,314.49594070661476,17.446408321634408,3.4766771422571434
277.0,1681.3560902071492,60.69870378790712,331.5061439248454,314.35380096173714,17.152342963108254,3.5387995633284395
278.0,1683.0481775204923,60.502702111514004,331.5079026566272,314.27528529050886,17.232617366118347,3.5109409572611114
279.0,1678.0036352035243,60.6289330213775,330.50901979429193,314.276226823743,16.23279297054893,3.734966196598223
280.0,1680.2513607973563,60.45384235683529,330.1293388126096,314.4413350527672,15.688003759842388,3.8535076407607036
281.0,1679.7794614059517,60.65552902631116,330.62859383998097,314.48644307164284,16.142150768338126,3.7575865754694466
282.0,1679.2206323910548,60.655529026311235,331.711142162613,314.5354906121923,17.175651550420696,3.531483440278896
283.0,1679.2206323910548,60.53751373160345,328.71648511390663,314.31555162424416,14.400933489662464,4.20372150007217
284.0,1681.9220508237786,60.522547013806665,330.5784171269712,314.4361492135663,16.142267913404908,3.749321182034611
285.0,1682.4186834884886,60.49357217364893,329.85384038741444,314.25499040023936,15.598849987175072,3.878078975269652
286.0,1677.3462701953613,60.65805682667344,330.7349931365651,314.29692741380984,16.438065722755255,3.690096988887466
287.0,1680.1636324631636,60.71919039895138,331.3346458909851,314.38194675165255,16.952699139332537,3.5816827692101674
288.0,1681.2908937326795,60.684014398362706,330.84293736680803,314.3548172326909,16.48812013411714,3.6804689621829985
289.0,1683.0483517454386,60.661746706912616,330.732184433716,314.44725249936386,16.28493193435213,3.7250230428627176
290.0,1680.8807120679378,60.641336933559245,330.60470125648465,314.25399948078814,16.350701775696507,3.7087910822088275
291.0,1677.8382927604591,60.64111830026401,331.01335022383836,314.50143854707073,16.511911676767625,3.6725679913602307
292.0,1679.5986978137355,60.65552902631116,331.91611180811356,314.54059353760573,17.375518270507825,3.490861572127276
293.0,1677.5404783420813,60.6388052405981,331.0047222597348,314.25001111824037,16.754711141494454,3.619209231869178
294.0,1680.7253524648288,60.594839781121806,330.26056781368317,314.41209324812934,15.848474565553829,3.823386252757904
295.0,1682.332342844162,60.63797134395693,331.54941783748876,314.2700914336406,17.279326403848188,3.5092786562821434
296.0,1679.7770393150477,60.59820297679279,330.57293371172943,314.3166261927692,16.256307518960227,3.727673268121636
297.0,1681.2908937326795,60.578075332144465,331.111393899123,314.3211954062252,16.790198492897844,3.607942774337578
298.0,1681.4560701161192,60.578075332144465,330.27867325384165,314.2789651494295,15.99970810441215,3.7861987816789724
299.0,1681.4560701161192,60.594839781121806,330.7701408715629,314.4873482800184,16.282792591544478,3.721403404265446
300.0,1679.5990515431688,60.59736505227861,329.8012855578022,314.3196876270892,15.481597930713008,3.91415442536866
301.0,1679.7794614059517,60.5405904228598,331.3079069418388,314.4076486490975,16.900258292741285,3.5822287076442008
302.0,1684.744023191193,60.57723890000673,330.9003592594217,314.4880188670206,16.412340392401063,3.690956771043701
303.0,1681.1319125664158,60.49693311484089,331.0421473118068,314.45893349141306,16.583213820393723,3.6480825592710446
304.0,1684.7436691053767,60.63544607280011,330.20942954023946,314.4456959376937,15.763733602545756,3.8465155274514293
305.0,1681.131912566409,60.59820297679279,329.8713822499415,314.25979815700634,15.611584092935175,3.8816178176445106
306.0,1682.0887735205856,60.641336933559245,332.0150765216124,314.3828722676199,17.632204253992484,3.439237435094262
307.0,1681.5322574156603,60.621185106371605,330.4420538268313,314.31611008943077,16.12594373740052,3.759233325723091
308.0,1675.9567481265462,60.672148581863155,330.90229390906865,314.30890934451236,16.59338456455629,3.6564058613731976
309.0,1680.6357782114778,60.70473339233153,331.28913669548723,314.2548279907934,17.034308704693842,3.5636746077992707
310.0,1675.0232709147515,60.473839175486106,329.8713480162012,314.3569927125936,15.514355303607601,3.8979279507298594
311.0,1680.2309217519023,60.76584456611526,331.8784476089119,314.25593154718894,17.62251606172299,3.448193456217174
312.0,1680.2309217519023,60.66432592394206,330.8594013626017,314.508333764257,16.35106759834474,3.7101140680308395
313.0,1683.1335689619266,60.577251640167326,331.44777677928386,314.32515327664544,17.12262350263842,3.537848719901655
314.0,1684.743848790715,60.577251640167326,330.86781849214714,314.25927504450436,16.608543447642774,3.6473548587287445
315.0,1680.9691087902418,60.742882648863,330.6551503835058,314.52334474574445,16.131805637761374,3.7654112634903
316.0,1679.5990515431688,60.580617230477465,331.27017675028105,314.3123401228291,16.957836627451968,3.572426044747202
317.0,1683.2087898961831,60.783450524757136,330.85924370213115,314.33706296013804,16.52218074199311,3.6788999874737285
318.0,1677.5404783420813,60.55758167770207,330.9191060578181,314.35926278450404,16.559843273314073,3.656893406430341
319.0,1680.4114712761734,60.64364759952861,331.94599048877694,314.47974948892494,17.466240999852005,3.472049171887784
320.0,1679.2206323910548,60.554220736510096,330.9200733151918,314.28791902016354,16.632154295028272,3.640792386985679
321.0,1678.402353184219,60.578075332144465,331.7498777674998,314.34770276223645,17.40217500526336,3.4810634483231193
322.0,1679.290506511117,60.684014398362706,331.4059967890465,314.2666363131797,17.13936047586685,3.5406230287185503
323.0,1680.7953961726853,60.65805682667344,330.8123473819651,314.3085329853435,16.50381439662158,3.67539620653335
324.0,1683.0483517454386,60.64363492181105,330.19743257170353,314.29078311276396,15.906649458939569,3.812470695249351
325.0,1681.3560902071492,60.641336933559245,331.62255572264064,314.4243493183173,17.198206404323344,3.526026813953984
326.0,1681.9220508237786,60.580617230477465,331.1040068788145,314.53295255449274,16.57105432432178,3.6558094641909222
327.0,1679.2206323910548,60.554220736510096,331.82406157741804,314.40440245191365,17.41965912550438,3.4762000966971716
328.0,1686.4427604183356,60.658382884413186,330.95861356651477,314.33097356957893,16.62763999693584,3.64804523646118
329.0,1683.7734829508802,60.580604489609044,331.1557627229381,314.4282189227611,16.72754380017699,3.621607882979691
330.0,1684.5914657849894,60.67857763563523,330.38197214595664,314.3463573576481,16.03561478830852,3.7839882309891633
331.0,1679.436558519477,60.65552902631116,331.0816623541878,314.5344825163964,16.54717983779142,3.665611277625841
332.0,1679.8472279105897,60.69870378790712,330.45710802466937,314.25614743569423,16.200960588975136,3.74661140952426
333.0,1683.1479802109266,60.409918187451716,331.5549036459802,314.29404408953786,17.260859556442313,3.4998209671953893
334.0,1678.729799279782,60.70474608282189,331.19683296728556,314.30698815876895,16.889844808516614,3.5941565343579622
335.0,1681.9392077013001,60.43628455197972,330.5831892212392,314.32430954101267,16.258879680226528,3.717124779850618
336.0,1679.8472279105897,60.72256049645529,330.27688066250136,314.35473372018333,15.922146942318022,3.8137168760241957
337.0,1683.5457703575285,60.67605255482069,330.82297949566583,314.27801545234934,16.544964043316497,3.6673426666848146
338.0,1677.9102581869195,60.62140554904903,331.05450258476543,314.2959154795081,16.758587105257334,3.617333917728154
339.0,1678.6597966756076,60.659211274094844,329.9522183544061,314.4776290218545,15.474589332551602,3.9199238164269112
340.0,1682.0025595368013,60.840824271914514,329.8367935182157,314.4132892954723,15.423504222743418,3.9446823104051125
341.0,1682.567496758355,60.594839781121806,330.36857317038675,314.34514852530816,16.02342464507859,3.781641011413425
342.0,1680.163458062686,60.54003661371492,329.8581118451186,314.3817916390087,15.476320206109847,3.911784959696977
343.0,1681.5322574156603,60.580604489609044,330.48629043689476,314.3270900840052,16.15920035288957,3.748985294236796
344.0,1680.7953961726853,60.76584456611526,331.9837256575688,314.2647781071296,17.718947550439225,3.429427419046058
345.0,1680.163458062686,60.580617230477465,331.55206798778846,314.25828224390693,17.29378574388153,3.503028089260944
346.0,1681.3685369206391,60.62139285855867,331.27660898815935,314.3602062887883,16.916402699371076,3.583586530534206
347.0,1680.9691087902418,60.68195195100577,331.6169587520076,314.251945177344,17.36501357466358,3.494494933165141
348.0,1678.6368616140207,60.71537692011823,329.8529832868103,314.3820126184464,15.470970668363861,3.924471076935938
349.0,1682.0887735205856,60.7855547690608,331.87526860089326,314.32801899156783,17.547249609325434,3.464107260248723
350.0,1682.0887735205856,60.783450524757136,331.19640006904547,314.2728389567169,16.92356111232857,3.5916465879322095
351.0,1678.822348885497,60.621185106371605,331.57950170571274,314.46740213980826,17.112099565904487,3.542591887856829
352.0,1675.8582687189016,60.49693311484089,331.18259710453833,314.27688005063334,16.905717053904993,3.578489627026315
353.0,1679.2890594745552,60.70473339233153,331.35277916731764,314.5092589875284,16.84352017978921,3.6040407672721555
354.0,1682.0025595368013,60.78001047608068,331.86100359059185,314.366342433775,17.494661156816846,3.4742033544558004
355.0,1679.0354266421664,60.55758167770207,331.6335948701437,314.54627307960044,17.087321790543285,3.5440066278389355
356.0,1677.9102581869195,60.65805682667344,330.6085818684361,314.28200465637053,16.32657721206556,3.715295376292731
357.0,1681.9216970943453,60.72256049645529,331.07792451044963,314.5290612170066,16.54886329344305,3.6692889064177985
358.0,1683.6162334353837,60.661746706912616,331.12871357233433,314.48716264684793,16.6415509254864,3.645197913255167
359.0,1677.8382927604591,60.49693311484089,330.5717134651069,314.40326809111997,16.168445373986913,3.7416666671103207
360.0,1683.6165875212018,60.55423348944349,331.00069060724013,314.2942886987242,16.706401908515943,3.6246125180656943
361.0,1681.3560902071492,60.69870378790712,330.58588347889213,314.41643061667065,16.169452862221476,3.7539120405072195
362.0,1683.6062530678748,60.84674084200495,330.2123458849626,314.54757504022854,15.66477084473405,3.8843045611777653
363.0,1681.291247818495,60.380911853825815,330.6800883155768,314.2828449535232,16.397243362053644,3.6823818809421827
364.0,1683.6904700151,60.67857763563523,331.43976942722054,314.4910484332619,16.94872099395866,3.580127235398116
365.0,1681.2908937326795,60.594839781121806,330.30922577082293,314.3915915271453,15.91763424367764,3.8067742262132707
366.0,1681.9216970943453,60.82064486214109,331.5337603321317,314.4115718769605,17.12218845517117,3.552153687677249
367.0,1681.3560902071492,60.806292704060105,330.17463808340125,314.35735316514274,15.817284918258508,3.844293949201676
368.0,1681.2908937326795,60.594839781121806,330.73547175613214,314.4530547216917,16.28241703444047,3.7214892391560763
369.0,1676.7147630771833,60.65552902631116,331.2209713696896,314.44144913298754,16.779522236702064,3.6148543546513228
370.0,1680.1636324631636,60.63797134395693,330.4383786648222,314.4508935173822,15.987485147439997,3.7928398859946153
371.0,1679.7794614059517,60.55758167770207,330.27432114288075,314.4527422723232,15.821578870557573,3.8275308787540707
372.0,1677.4425006883273,60.672148581863155,330.84356778544384,314.5261912943248,16.317376491119035,3.718253888110312
373.0,1680.1605950974129,60.72256677809946,330.73683299603096,314.3999998831114,16.336833112919578,3.7169117391594417
374.0,1683.0483517454409,60.73936351484701,331.07390317870164,314.3721198724573,16.70178330624435,3.6366992913947205
375.0,1679.7588645990738,60.64134968720046,330.6868207627256,314.3478822030358,16.33893855968978,3.7114620062780768
376.0,1677.2756985331255,60.514447720935614,331.0647131965129,314.28338271733696,16.78133047917595,3.606057803106157
377.0,1682.830692916931,60.49357217364893,330.8167525108798,314.38204045466557,16.43471205621421,3.6808416214858726
378.0,1679.0354266421664,60.59820297679279,331.7868753788984,314.25702359800187,17.529851780896536,3.456857692478082
379.0,1680.6356036448703,60.64134968720046,331.556396303851,314.4064602438187,17.149936060032303,3.5359519402829913
380.0,1683.6162334353837,60.63797134395693,331.8592442684617,314.2947922463374,17.56445202212427,3.4523121625187643
381.0,1684.881619507569,60.67857763563523,331.21306904199656,314.26875253379575,16.944316508200814,3.5810578494722782
382.0,1680.7253524648288,60.578075332144465,330.3300703624045,314.31510122583364,16.01496913657087,3.7825908258425445
383.0,1679.436558519477,60.5716945377753,331.6143618205417,314.43372670599143,17.180635114550284,3.525579475608391
384.0,1679.5986978137355,60.70221423528794,331.54644145085575,314.51197115380955,17.034470297046198,3.5634929162319646
385.0,1680.9694551870589,60.7393507491408,331.9022848291525,314.4064994534464,17.495785375706134,3.471656141454544
386.0,1680.7253524648288,60.49693311484089,329.8501092641015,314.38481448456224,15.46529477953925,3.9117866149489102
387.0,1678.7301257263714,60.61488206507747,330.34006517701215,314.44158592419166,15.898479252820493,3.8126213898303507
388.0,1679.8472279105897,60.69870378790712,329.5728361562148,314.31001453795886,15.262821618255941,3.9768992461593786
389.0,1682.0025595368013,60.68194547900874,331.5616456429639,314.5150292704415,17.046616372522408,3.5597648326750937
390.0,1684.2462597331971,60.72256049645529,331.40208957961414,314.53852512132494,16.863564458289204,3.600814089254268
391.0,1681.2908937326795,60.580604489609044,331.9060051755569,314.3496654742191,17.556339701337834,3.450639798510658
392.0,1680.8807120679378,60.69870378790712,331.0561204696597,314.50605071026115,16.550069759398525,3.667579935935755
393.0,1683.0483517454386,60.661746706912616,330.5646563931546,314.45166231849953,16.11299407465509,3.764771862128989
394.0,1678.7301257263714,60.600728388109744,329.7376103987746,314.4830535052574,15.254556893517247,3.9726311823494087
395.0,1681.5322574156603,60.661746706912616,331.12905631636136,314.2638851205425,16.865171195818846,3.5968651609034166
396.0,1677.8382927604591,60.49693311484089,330.8774230689783,314.54324114650353,16.334181922474784,3.7037014404499193
397.0,1679.5986978137355,60.72256049645529,330.43744470613325,314.47181420213093,15.96563050400232,3.803329939348975
398.0,1682.0025595368013,60.763169041904774,331.53651490912586,314.3770672899562,17.15944761916967,3.5410912047088994
399.0,1681.2908937326795,60.64111830026401,328.9777295498427,314.5130771937212,14.464652356121519,4.192366107893382
400.0,1681.2908937326795,60.56037826912721,330.68350865000986,314.4269318022331,16.256576847776728,3.7252847777365585
401.0,1683.0483517454409,60.69870378790712,332.060424204809,314.2815711197327,17.77885308507632,3.414095582962997
402.0,1683.1384608454148,60.49357217364893,330.0231057872032,314.3146521039129,15.708453683290259,3.8510201827184605
403.0,1681.7641132811898,60.70473339233153,330.8800852525914,314.5267601789825,16.353325073608914,3.7120728120483073
404.0,1682.4186834884908,60.554220736510096,330.5320976761635,314.4635063816076,16.068591294555915,3.7684834735342383
405.0,1680.7953961726853,60.58352348824319,329.3500516919871,314.3702039541844,14.979847737802743,4.0443350659270205
406.0,1677.8382927604591,60.554220736510096,331.6499843927771,314.4568256958001,17.193158696977036,3.521995103038103
407.0,1675.682842003034,60.6289330213775,331.6357748697437,314.42075513228815,17.215019737455577,3.52186253318456
408.0,1681.4445235016099,60.68400815411375,329.1165586719292,314.35627630953803,14.760282362391195,4.111304016021738
409.0,1681.6193570352343,60.82064278223967,329.9942957643121,314.3532247368093,15.64107102750279,3.8885216156422078
410.0,1683.0483517454409,60.745153551211374,331.68809294432526,314.2752591324262,17.412833811899077,3.4885277265841195
411.0,1675.3009704345488,60.62139285855867,331.2369393635535,314.5346318536674,16.70230750988611,3.629522018001214
412.0,1678.965554029975,60.554220736510096,330.2401507442933,314.53407097342483,15.706079770868485,3.8554637197772035
413.0,1678.965554029975,60.53751373160345,330.7158062642632,314.32485551299243,16.390950751270793,3.693349742199058
414.0,1682.4186834884908,60.56037826912721,331.8878452477484,314.3103979692465,17.577447278501893,3.445345465106052
415.0,1679.128387540611,60.594833499826244,330.9213757367513,314.2824148155173,16.638960921234002,3.641743843661382
416.0,1678.308223449765,60.61486929937127,330.306352354127,314.4575069151882,15.848845438938781,3.824560567071185
417.0,1677.5404783420813,60.61486929937127,330.7018082940287,314.39257629360105,16.30923200042764,3.716598629400937
418.0,1677.5124146055834,60.7594404065717,329.8970869660544,314.3279709342605,15.569116031793897,3.9025619876230637
419.0,1677.2756985331255,60.61486929937127,329.7708475450235,314.35260535382486,15.418242191198658,3.9313735345247487
420.0,1677.542527758455,60.55758167770207,329.77518061428435,314.275328527912,15.499852086372357,3.906978036967525
421.0,1679.436558519477,60.59820297679279,331.8938435223569,314.36767883471583,17.526164687641085,3.457584934114238
422.0,1680.725352464831,60.5716945377753,331.34389708217,314.4537216130454,16.890175469124586,3.586208719293709
423.0,1681.3560902071492,60.69870378790712,330.8962798837806,314.49131797428146,16.40496190949915,3.7000210133228086
424.0,1681.2908937326795,60.594839781121806,330.5971412294537,314.3593654677894,16.237775761664295,3.7317204443837646
425.0,1682.4887977653902,60.54003661371492,331.51844972068744,314.30124720117084,17.217202519516604,3.516252802689032
426.0,1681.2026940023338,60.59736505227861,331.20938220222365,314.3770679150697,16.832314287153963,3.6000614067980616
427.0,1677.2756985331255,60.59820297679279,330.80387670666215,314.440082029793,16.363794676869134,3.7031876880275654
428.0,1678.965554029975,60.511089173674975,331.65445653715705,314.4089541508329,17.24550238632412,3.5088040822551485
429.0,1679.8496172583045,60.59736505227861,329.4123169734807,314.5490785517885,14.863238421692188,4.076996098228475
430.0,1673.4325534450682,60.5882476499517,330.05909040322,314.3253505625731,15.733739840646933,3.8508484482135974
431.0,1676.9820556461275,60.61486929937127,330.71059278720895,314.25411642974166,16.456476357467295,3.6833443552979466
432.0,1678.7301257263714,60.61488206507747,329.777041134557,314.27196729024377,15.505073844313245,3.90935784464574
433.0,1683.2180979298262,60.57723890000673,331.5148777655242,314.25623483802894,17.25864292749526,3.5099653637018773
434.0,1678.965554029975,60.554220736510096,331.0687853516943,314.3181768219551,16.750608529739225,3.61504602229832
435.0,1679.0354266421664,60.62139285855867,330.5759177476914,314.25712370379625,16.31879404389514,3.714820635366566
436.0,1680.899477781549,60.59820297679279,330.04237395919506,314.4910299478125,15.551344011382582,3.8966537511123676
437.0,1679.0364293922175,60.67216135963257,331.50993649797437,314.47337659034326,17.0365599076311,3.5612918152834356
438.0,1681.9216970943453,60.681958232649976,329.43880074558757,314.458657455684,14.980143289903594,4.050826287726418
439.0,1680.2309217519023,60.58352348824319,331.65841170103465,314.5305194534736,17.12789224756108,3.537126612696315
440.0,1680.093343785784,60.43628455197972,329.3638359278788,314.32230332386445,15.041532604014378,4.017960545845582
441.0,1679.0354266421664,60.641336933559245,330.9726156025797,314.4101575951942,16.562458007385487,3.6613730224413685
442.0,1681.3560902071492,60.72256049645529,330.7393255373101,314.4806061843192,16.25871935299091,3.7347689678452403
443.0,1678.566898048072,60.62139285855867,331.3585805162986,314.3412670426044,17.01731347369423,3.562336261376901
444.0,1679.0354266421664,60.55758167770207,329.5939839151375,314.5436185196083,15.05036539552924,4.023661890341273
445.0,1681.3560902071492,60.73936351484701,330.7243033566011,314.52652133803815,16.197782018562975,3.7498568288694405
446.0,1681.5263288690755,60.661746706912616,331.0254967329468,314.41411426656316,16.611382466383645,3.6518180729191823
447.0,1684.1746526671006,60.840824271914514,331.0219194990639,314.3063568750857,16.7155626239782,3.6397712503340656
448.0,1682.332342844162,60.580604489609044,329.89977634511564,314.4676518136547,15.432124531460943,3.925616616565363
449.0,1677.5404783420813,60.59820297679279,330.52314550619343,314.3510552856134,16.172090220580003,3.7470853891031206
450.0,1679.5986978137355,60.641336933559245,330.92629465338746,314.3284645562356,16.59783009715187,3.653570170233583
451.0,1677.4425006883273,60.65552068154002,329.45717118339473,314.49153258275766,14.965638600637078,4.05298579634002
452.0,1677.9102581869195,60.5809853901692,330.24144766183,314.49790120280767,15.743546459022355,3.8479884788253207
453.0,1681.2908937326795,60.562913812640765,331.2009740405703,314.38270194923746,16.818272091332858,3.60101878978705
454.0,1681.3560902071492,60.641336933559245,331.976692429433,314.5247286375863,17.45196379184671,3.474757205369057
455.0,1679.0361967931701,60.54003661371492,330.6657728624345,314.26277353478673,16.402999327647763,3.6907906538576034
456.0,1677.5404783420813,60.70221423528794,331.71757494063854,314.3619583938995,17.355616546739043,3.4975544701518144
457.0,1679.5986978137355,60.783450524757136,329.56371660871554,314.40487322041764,15.158843388297896,4.009768355525057
458.0,1676.8785779542864,60.73935515854222,330.48155849522385,314.39201375141755,16.0895447438063,3.7750822739670085
459.0,1679.5986978137355,60.72256049645529,331.7441500650609,314.384431455643,17.35971860941794,3.4979000445037327
460.0,1683.6162334353837,60.594839781121806,331.06244721908945,314.46004456405234,16.60240265503711,3.6497632927085735
461.0,1682.653043555147,60.66175298226572,330.4559690689352,314.2630277631863,16.19294130574889,3.7461849479272376
462.0,1684.881619507569,60.67857763563523,330.4822649631737,314.5200307610632,15.962234202110494,3.8013837453664494
463.0,1684.8946210878137,60.684014398362706,330.54532458139715,314.2771491703233,16.268175411073855,3.730228674388075
464.0,1680.4077833060528,60.580617230477465,330.5593098895345,314.443960331698,16.11534955783651,3.7591872899225174
465.0,1679.599051543171,60.655522738724514,330.7097361145823,314.44205383579487,16.267682278787447,3.7285903240080756
466.0,1680.7253524648288,60.53751373160345,331.2065861729523,314.5044136811628,16.702172491789497,3.6245293096669102
467.0,1677.8385251935595,60.614860960193944,332.25957227203656,314.3184217680448,17.941150503991764,3.3785381236675773
468.0,1679.5986978137355,60.55758167770207,331.59435655775127,314.2799716348291,17.31438492292216,3.497530056498347
469.0,1680.4114712761734,60.580617230477465,330.8092776764858,314.33915248051846,16.47012519596734,3.678212309236753
470.0,1682.4186834884908,60.56037826912721,330.7407637710728,314.53422926725085,16.206534503821956,3.7367876676438985
471.0,1680.725352464831,60.55758167770207,330.64967046242924,314.36967675363167,16.279993708797576,3.7197546117586793
472.0,1681.7641132811898,60.806292704060105,330.64165507896337,314.48051475896006,16.161140320003312,3.7625001392257973
473.0,1677.5404783420813,60.69977914998898,331.8314684407055,314.5288804558484,17.302587984857098,3.508132956937557
474.0,1677.3462701953613,60.66432592394206,330.47454899985195,314.2937632318693,16.180785767982627,3.749158217271516
475.0,1684.881619507569,60.62117236550317,330.76220124627037,314.32787857234337,16.434322673927,3.6886930826591637
476.0,1676.9791124303854,60.614860960193944,330.4197371535141,314.42983161016656,15.989905543347561,3.790820452057776
477.0,1677.5404783420813,60.59820297679279,330.44154780818707,314.3454397320346,16.09610807615246,3.7647736142237624
478.0,1681.5322574156603,60.71919039895138,330.635209906431,314.31682221663897,16.31838768979202,3.720906228801901
479.0,1686.0150604835467,60.702321048322055,328.65792441901823,314.25386187483747,14.40406254418076,4.2142500327343955
480.0,1678.965554029975,60.49693311484089,331.7292610482214,314.36423911885674,17.365021929364673,3.4838385670299163
481.0,1680.7253524648288,60.63797134395693,330.9472910394665,314.44033065123034,16.506960388236166,3.6734789396581533
482.0,1683.2180979298262,60.56041198009323,330.41410407879613,314.35034104902473,16.063763029771394,3.770001578575022
483.0,1681.9216970943453,60.65552902631116,332.09203358597426,314.38970978569574,17.70232380027852,3.4264161988358177
484.0,1679.7770393150477,60.722868289198225,330.97181739372985,314.5408258494913,16.430991544238566,3.6956301831030007
485.0,1678.1699514794993,60.6987082029006,331.0949077659046,314.41562711979526,16.679280646109362,3.639168228580606
486.0,1679.5986978137355,60.5716945377753,330.48213324786826,314.50413779896684,15.977995448901424,3.7909445356576277
487.0,1680.7253524648288,60.53751373160345,329.9363733431477,314.41592719455383,15.520446148593862,3.9005008716897027
488.0,1681.7641132811898,60.681958232649976,330.8493435230522,314.4199009318899,16.429442591162285,3.693488558479274
489.0,1680.7953961726853,60.64134968720046,329.6548278487876,314.5152204381292,15.139607410658414,4.005477027396921
490.0,1678.4723968920753,60.698716553613316,330.2489404304592,314.515468952782,15.733471477677199,3.8579353984105316
491.0,1678.6599698740142,60.56037826912721,330.5620615304151,314.4862578422255,16.075803688189637,3.7671757781925965
492.0,1685.3141877111852,60.53415053593246,330.94675518706566,314.4254132440436,16.521341943022037,3.663997194943338
493.0,1681.4618579262747,60.49693311484089,331.21647566091724,314.35046737482435,16.866008286092892,3.586914703743179
494.0,1681.7641132811898,60.62393095663266,331.2813096582595,314.50062204110293,16.78068761715656,3.6127203091874978
495.0,1680.163458062686,60.59736505227861,331.10788104542047,314.44438180651684,16.663499238903626,3.636533010473832
496.0,1679.2890594745552,60.69870378790712,330.54375226427646,314.3973027383536,16.14644952592289,3.7592601203413936
497.0,1680.6357782114778,60.69870378790712,331.0415935732103,314.41130488997976,16.63028868323056,3.6498887628519467
498.0,1682.0961881326316,60.62286900755617,331.8472978672791,314.42127158093103,17.426026286348076,3.478869365361249
499.0,1681.5322574156603,60.71919039895138,332.1148289241284,314.4359182213764,17.678910702751978,3.4345549575913386
500.0,1681.2908937326795,60.580604489609044,331.3808205673041,314.4369274254049,16.943893141899196,3.5753651172294116
501.0,1682.653043555147,60.78556101960092,330.68873309275193,314.42834050905174,16.260392583700195,3.7382591291512735
502.0,1677.5404783420813,60.55758167770207,329.74287362191035,314.3319348343518,15.410938787558564,3.9295193182255015
503.0,1677.5404783420813,60.61486929937127,330.3018269753271,314.4082898537512,15.89353712157589,3.8138061298567085
504.0,1677.9102581869195,60.65805682667344,331.3875681449967,314.4705243480898,16.91704379690691,3.5856180048291932
505.0,1681.9216970943453,60.58351079775282,331.30513713638715,314.46926107312225,16.83587606326489,3.598476881755103
506.0,1679.2907377733345,60.84100108565631,330.4810531024105,314.29674262242173,16.184310479988767,3.7592581507184812
507.0,1680.163458062686,60.59736505227861,330.1555736282984,314.33499248217555,15.820581146122834,3.8302869213580863
508.0,1681.2908937326795,60.49693311484089,331.0553899821101,314.5341280825078,16.521261899602337,3.6617622480941994
509.0,1679.0354266421664,60.61486929937127,331.4076102130305,314.3588418259965,17.048768387034045,3.555381123334996
510.0,1678.402353184219,60.53751373160345,329.52985805103646,314.3771225470781,15.152735503958354,3.9951541235435153
511.0,1677.5404783420813,60.69616969995819,331.31195715278994,314.474631700154,16.837325452635923,3.6048581391800596
512.0,1679.2206323910548,60.60075774567887,330.44412682399206,314.54676550186696,15.897361322125107,3.81200103072061
513.0,1678.4723968920753,60.698716553613316,330.58402623306694,314.32523302970407,16.25879320336287,3.733285477858145
514.0,1681.3560902071492,60.70473339233153,331.56241599345634,314.26586019684316,17.296555796613177,3.509642850643021
515.0,1678.308223449765,60.61486929937127,330.8309059564021,314.50321803977266,16.32768791662943,3.7123975916783793
516.0,1685.3145421541044,60.58254911623532,330.4713992249937,314.2654144114574,16.205984813536304,3.7382824810271815
517.0,1679.436558519477,60.59820297679279,329.4859122069383,314.4477390422558,15.038173164682462,4.029625295119572
518.0,1680.4112926506036,60.62117236550317,331.33851901794327,314.3137696904098,17.02474932753347,3.5607673980528385
519.0,1680.5005183775036,60.57723890000673,331.48882594744583,314.43466513795806,17.05416080948777,3.5520504102615065
520.0,1679.7770393150477,60.61486929937127,331.88858742837203,314.34961083392636,17.53897659444567,3.4560094754084503
521.0,1678.402353184219,60.53751373160345,330.4360015292516,314.3367540058127,16.09924752343892,3.760269766861264
522.0,1678.7301257263714,60.64134968720046,331.43340030940317,314.4895948429854,16.943805466417757,3.5789687155810572
523.0,1681.2908937326795,60.49693311484089,330.79295518083273,314.47120997913055,16.321745201702186,3.706523559045126
524.0,1677.4425006883273,60.65552068154002,330.3855297018741,314.5115743765448,15.873955325329291,3.8210716509170832
525.0,1677.542527758455,60.69977914998898,331.6933490081276,314.4726142104547,17.22073479767289,3.5248077310958643
526.0,1680.2309217519023,60.65805682667344,330.98877071344634,314.36420561892544,16.624565094520904,3.6487003709146664
527.0,1680.0024384674161,60.554220736510096,330.71868111978966,314.51109513882454,16.20758598096512,3.7361653245355324
528.0,1675.023091410262,60.533575186370975,330.288893600446,314.49203367708895,15.796859923357033,3.8320005039018428
529.0,1677.8382927604591,60.554220736510096,330.2917570392845,314.42669881415674,15.865058225127768,3.8168294044204445
530.0,1678.1705139115325,60.65805682667344,331.36399057266027,314.3066032550196,17.05738731764069,3.55611651990461
531.0,1683.6162334353837,60.67859038856864,331.1230601511425,314.3442598844669,16.778800266675603,3.6163843316665774
532.0,1679.7794614059517,60.5716945377753,331.0930815133766,314.3448297031491,16.748251810227487,3.6165980320875395
533.0,1680.2513607973563,60.594839781121806,330.52343194469177,314.5309782839064,15.992453660785372,3.7889645370494107
534.0,1682.4887977653902,60.62117883101849,331.8352616079642,314.39662043448465,17.43864117347954,3.4762558749824155
535.0,1681.9216970943453,60.69870378790712,329.73293431769986,314.4649683231495,15.267965994550366,3.975559272896761
536.0,1677.2756985331255,60.6388052405981,331.6230282763271,314.3428348593525,17.280193416974612,3.5091508397719453
537.0,1680.725352464831,60.70221423528794,329.8102222836849,314.4486783590369,15.361543924648004,3.9515698768982217
538.0,1679.7794614059517,60.722868289198225,330.72224465369135,314.3772868270521,16.344957826639245,3.7150825920291597
539.0,1680.7253524648288,60.655529026311235,330.6606680113974,314.44239999607015,16.218268015327226,3.7399510828769236
540.0,1679.8497904567153,60.681958232649976,331.83487738408013,314.4112748089744,17.423602575105747,3.482744625921984
541.0,1680.6357782114778,60.806292704060105,330.42996500108796,314.4948633770655,15.93510162402248,3.8158710335673933
542.0,1682.0887735205856,60.745153551211374,330.89030570445436,314.4078872370025,16.48241846745185,3.685451480992671
543.0,1680.2513607973563,60.554220736510096,329.9515939119192,314.4309838027876,15.52061010913161,3.9015361065531047
544.0,1683.0483517454409,60.800136641125455,329.9400249321505,314.43365499235915,15.506369939791341,3.9209780804406376
545.0,1680.7253524648288,60.594839781121806,331.44628467588285,314.52963121670086,16.916653459181987,3.5819637688583295
546.0,1681.3560902071492,60.73936351484701,331.75390231891237,314.3328439619795,17.42105835693286,3.48654842147838
547.0,1682.6448744320983,60.68400172064514,331.3931991116417,314.4310289933095,16.96217011833221,3.5776083659873024
548.0,1676.7147630771833,60.5716945377753,331.9463473147435,314.4272257053512,17.5191216093923,3.4574618458782647
549.0,1681.9216970943453,60.65552902631116,330.467248067217,314.34247275836333,16.124775308853657,3.761635611319615
550.0,1683.6162334353837,60.63797134395693,331.16263531727907,314.49584887862,16.666786438659074,3.6382521349949903
551.0,1677.5404783420813,60.55758167770207,331.37112385116274,314.52160435417227,16.849519496990467,3.5940242502771906
552.0,1675.3074924063735,60.722868289198225,331.7170802012161,314.3439606516724,17.37311954954373,3.495219618792814
553.0,1680.724998735395,60.7393507491408,331.5411993991884,314.4616976710434,17.079501728144976,3.5562718231439745
554.0,1683.7734829508802,60.661746706912616,331.0783290071639,314.5100782502808,16.568250756883117,3.6613247588440374
555.0,1681.9216970943453,60.73936351484701,331.1399738590163,314.38932072478553,16.750653134230788,3.626089265183524
556.0,1680.7253524648288,60.511089173674975,329.1201273561331,314.29376481910896,14.826362537024124,4.081317249768294
557.0,1683.2087898961831,60.783450524757136,330.3180389030762,314.33215701879,15.985881884286187,3.802320758075042
558.0,1678.4725711170213,60.681958232649976,331.1507132040738,314.45851905763544,16.69219414643834,3.6353494154390638
559.0,1683.6165875212018,60.60326812297695,332.25996897210524,314.5085480634494,17.75142090865586,3.4139953322511714
560.0,1679.290506511117,60.67859038856864,329.7103944267964,314.2605635543959,15.449830872400526,3.9274598466294193
561.0,1680.2513607973563,60.554220736510096,332.1287190349316,314.30253032598654,17.82618870894504,3.3969247002374923
562.0,1683.0483517454386,60.661746706912616,330.4841436795838,314.5484938025879,15.935649876995853,3.806669145918033
563.0,1681.291247818495,60.436297280075344,331.52380178557746,314.534966633416,16.98883515216147,3.557412661831974
564.0,1681.9216970943453,60.745153551211374,331.3201800295823,314.525184822338,16.794995207244256,3.6168604278618615
565.0,1678.1943617346205,60.65552068154002,331.1309991454989,314.47934995185136,16.65164919364753,3.6426134118102618
566.0,1679.7794614059517,60.722868289198225,329.9605572343672,314.5262656177451,15.43429161662209,3.934282816310288
567.0,1682.4887977653902,60.522547013806665,330.6191387042328,314.51023925182704,16.10889945240575,3.7570876392035615
568.0,1679.8497904567153,60.73936351484701,331.16355086695313,314.52608694464965,16.637463922303482,3.650758540995084
569.0,1680.163458062686,60.55423348944349,329.8193080927962,314.2924177475326,15.526890345263553,3.8999588547951225
570.0,1680.6588180201727,60.49357217364893,331.82543906867096,314.4835389238139,17.34190014485705,3.4882897299803117
571.0,1677.5404783420813,60.59820297679279,331.5510804907592,314.4104717549834,17.1406087357758,3.5353588609903044
572.0,1676.7147630771833,60.6388052405981,330.75416429890265,314.43888761296364,16.31527668593901,3.71668874563791
573.0,1679.5986978137355,60.72256049645529,331.34478182928456,314.3784058909801,16.966375938304452,3.578994165711245
574.0,1679.0354266421664,60.73936351484701,331.18823922767115,314.4340658679634,16.75417335970775,3.625327386245125
575.0,1679.8472279105897,60.69870378790712,331.07149230526545,314.407063604193,16.66442870107244,3.6424113227476473
576.0,1683.0483517454386,60.562913812640765,330.3726616223254,314.27648419560836,16.09617742671702,3.76256499957041
577.0,1681.7641132811898,60.65552902631116,330.6828126476751,314.54277458735174,16.140038060323377,3.758078438205113
578.0,1683.4618169431615,60.580604489609044,331.2584277088314,314.34712893042547,16.91129877840592,3.582256175792043
579.0,1682.9865028656789,60.476824486414095,329.45368309455984,314.3497992473323,15.103883847227507,4.0040578369195625
580.0,1680.4114712761734,60.59736505227861,331.7044193958564,314.43917168689364,17.26524770896276,3.509788337460181
581.0,1683.7734829508802,60.621185106371605,330.4955505546745,314.32446663580663,16.17108391886785,3.748739751182723
582.0,1683.7734829508802,60.74515355121145,330.93220776043034,314.46950751225967,16.462700248170677,3.689865734994562
583.0,1675.3009704345488,60.514447720935614,331.3993747226107,314.2547570708028,17.14461765180789,3.5296469685081835
584.0,1684.257670268307,60.51987204565885,330.3764939485323,314.53431669735085,15.842177251181454,3.8201738994648284
585.0,1681.2026940023338,60.55423348944349,331.15294119170034,314.4750576866452,16.67788350505515,3.630810436533461
586.0,1676.9820556461275,60.5716945377753,330.9199094308377,314.34039118643807,16.57951824439965,3.653404981066663
587.0,1682.644528381524,60.580617230477465,330.75083170145547,314.26717887002616,16.48365283142931,3.6751937116127964
588.0,1681.2908937326795,60.53751373160345,329.99758738131385,314.4598375443344,15.537749836979458,3.896157060498276
589.0,1676.7147630771833,60.59820297679279,330.8955980531602,314.41120978996565,16.484388263194546,3.6760965593180788
590.0,1680.7253524648288,60.66181301743859,330.00750223582963,314.3402939568268,15.667208279002807,3.8718967627906977
591.0,1679.2206323910548,60.47965715995693,330.7627986662862,314.42120959862785,16.341589067658333,3.7009654880902816
592.0,1679.0354266421664,60.681958232649976,331.480167322967,314.54301084083306,16.937156482133958,3.5827713050097825
593.0,1680.7953961726853,60.61488206507747,331.32558146763137,314.3109133616719,17.01466810595946,3.56250746048034
594.0,1680.2309217519023,60.65805682667344,330.4029398858066,314.42347119693216,15.97946868887442,3.7959996047244133
595.0,1682.3321681013265,60.65805682667344,330.58098955748216,314.4212897457029,16.159699811779262,3.7536623534589464
596.0,1680.1636324631636,60.594839781121806,331.2245549107397,314.4539862570239,16.77056865371577,3.613165482477311
597.0,1679.782245560383,60.436297280075344,329.98491188199284,314.3930537838786,15.591858098114244,3.876144645479092
598.0,1679.0361967931701,60.580617230477465,331.64192131117704,314.3389102802749,17.303011030902155,3.5011604120395035
599.0,1680.6357782114778,60.641336933559245,329.8125594479543,314.330924539318,15.481634908636295,3.9169853372353463
600.0,1683.1991680979897,60.69617598754483,331.0438296906348,314.5095501502484,16.53427954038642,3.670929588391748
601.0,1681.7642878477968,60.78556101960083,331.71101535431825,314.29060462303204,17.42041073128621,3.4893299565223748
602.0,1680.7253524648288,60.594839781121806,331.07810725838243,314.3848385537426,16.69326870463982,3.629896627991122
603.0,1679.5986978137355,60.55758167770207,329.1534839878215,314.5176166192922,14.635867368529318,4.137614816591986
604.0,1679.7794614059517,60.55758167770207,332.10851356760924,314.48455111354986,17.62396245405938,3.4360934344678915
605.0,1683.6165875211996,60.560405711031194,330.78136944094666,314.3910118459039,16.390357595042758,3.6948800756700764
606.0,1679.5986978137355,60.61486929937127,330.311478982823,314.5094979628812,15.80198101994182,3.835903183460123
607.0,1680.2513607973563,60.44173031542861,331.26506828889313,314.52185138309886,16.74321690579427,3.609923389006072
608.0,1681.9392077013001,60.53415053593246,330.83626418571134,314.4590364028159,16.37722778289543,3.6962391522181206
609.0,1681.4445235016099,60.49694585570931,330.4899278009464,314.4305655839406,16.0593622170058,3.7670827171235395
610.0,1681.9220508237809,60.61488206507747,330.22359625965055,314.48513419670127,15.738462062949282,3.8513853401072815
611.0,1678.4723968920753,60.61488206507747,330.4405612010168,314.35775391778236,16.082807283234445,3.7689242305518125
612.0,1681.8516533864886,60.78556101960092,330.88778920825285,314.33864929817395,16.549139910078907,3.6730344507257895
613.0,1677.5404783420813,60.62139285855867,331.8583312227121,314.441189545472,17.417141677240068,3.480559208964578
614.0,1680.163458062686,60.580617230477465,331.87919205388516,314.434773671873,17.444418382012145,3.472779424560541
615.0,1681.2026940023338,60.55423348944349,331.1617893567288,314.2894518415418,16.872337515186985,3.5889652773326715
616.0,1681.5322574156603,60.580604489609044,331.63243395475473,314.29536106382216,17.337072890932575,3.494281005260881
617.0,1680.2309217519023,60.61488206507747,331.5511718494148,314.3226796326255,17.228492216789277,3.5182929128300544
618.0,1679.8497904567153,60.641336933559245,330.25583079113187,314.27506899945973,15.980761791672137,3.794646195474895
619.0,1680.9646565413973,60.69617598754483,332.16944813758613,314.37047786313474,17.798970274451392,3.4100948005215788
620.0,1680.8807120679378,60.78000418849405,331.6847283748816,314.4096059657145,17.275122409167125,3.5183544723388387
621.0,1682.4810846126284,60.62393095663266,330.30599075868423,314.2841072537448,16.02188350493941,3.7838204814023784
622.0,1681.9216970943453,60.72256049645529,330.4966406033637,314.4573499219706,16.039290681393084,3.7858632094559224
623.0,1678.100779477625,60.53750745625033,329.72681749049445,314.32746097770803,15.399356512786426,3.9311712412128847
624.0,1680.6356036448703,60.68195195100577,330.83174253098804,314.5040264632365,16.32771606775151,3.7164997051153574
625.0,1680.2309217519023,60.600728388109744,331.4867764086207,314.33830708106296,17.148469327557734,3.5338855748905744
626.0,1680.2309217519023,60.66432592394206,330.9851926795033,314.52098163102414,16.46421104847917,3.684617850519216
627.0,1681.9220508237786,60.63798409689032,331.54364145382544,314.27217995639137,17.271461497434075,3.5108774150872506
628.0,1683.2084382509292,60.745140860720994,331.80275885482916,314.34800629074317,17.454752564085993,3.4801490675787115
629.0,1678.402353184219,60.511089173674975,331.29733393711354,314.34811775453346,16.949216182580074,3.5701408561810997
630.0,1676.9788814865115,60.49693311484089,331.27107202104304,314.2754011120399,16.995670909003138,3.559549572285127
631.0,1682.4183294026723,60.76474175178194,332.1015803733621,314.5250539081359,17.57652646522621,3.4571530314593306
632.0,1678.1705139115325,60.66432592394206,330.74683238220337,314.50079824739294,16.24603413481043,3.734100606987918
633.0,1679.5986978137355,60.65552902631116,332.13664773252697,314.54570099068707,17.5909467418399,3.4481105489360933
634.0,1682.4183294026723,60.60328061147485,330.6679519143545,314.392266167273,16.275685747081468,3.723546986174892
635.0,1681.1319125664158,60.53751373160345,330.8661750652682,314.4590292244246,16.407145840843555,3.6897041276309506
636.0,1678.4723968920753,60.61488206507747,330.9946333615685,314.2646721298633,16.729961231705204,3.623133444577581
637.0,1680.163458062686,60.55423348944349,331.8684352181648,314.3971645845373,17.471270633627512,3.4659318580351464
638.0,1684.3284546265268,60.72256677809946,331.2022691141026,314.3678180957839,16.834451018318703,3.6070416975298536
639.0,1681.3560902071492,60.69870378790712,331.3280723046119,314.25651136641835,17.071560938193556,3.5555450381873523
640.0,1678.0036352035243,60.59813858911983,329.39827135169656,314.27455993393346,15.123711417763104,4.006829865713128
641.0,1683.0483517454409,60.681958232649976,330.9710290304294,314.3559569193847,16.615072111044697,3.6522235851334206
642.0,1682.332342844162,60.594839781121806,331.4980324424556,314.51523306344853,16.982799379007076,3.5680124594785485
643.0,1681.2908937326795,60.63797134395693,330.5770725225298,314.4276458599812,16.149426662548592,3.7548064467563864
644.0,1677.3462701953613,60.600728388109744,331.737111706079,314.3986869604306,17.33842474564841,3.4951692138767845
645.0,1678.402353184219,60.554220736510096,330.53887529945183,314.4075882143218,16.131287085130054,3.753836901974762
646.0,1674.1900637755657,60.62140554904903,328.25927880814857,314.38133428293236,13.877944525216208,4.368183302570493
647.0,1679.0361967931701,60.59736505227861,330.01196986771873,314.5253953396397,15.486574528079018,3.9128966152203843
648.0,1680.6357782114778,60.65552902631116,331.16971560083897,314.2549262096851,16.914789391153874,3.5859464533464953
649.0,1681.9220508237786,60.580617230477465,330.0707307205751,314.35847526899573,15.71225545157938,3.8556283289289293
650.0,1678.566898048072,60.61486929937127,330.8053070069603,314.27161858278726,16.53368842417302,3.6661431946878538
651.0,1678.4723968920753,60.65805682667344,330.79140826551867,314.31274330402397,16.4786649614947,3.6810055285674936
652.0,1679.3125764062268,60.75725048974313,331.65400690621624,314.38145461611975,17.272552290096485,3.517560663259902
653.0,1681.3560902071492,60.641336933559245,330.37127369542867,314.2870530777102,16.084220617718472,3.7702378234451963
654.0,1679.289059474553,60.580604489609044,330.9478001388654,314.2605912054089,16.687208933456475,3.630361717839461
655.0,1677.2760522625588,60.52001147029311,332.2310416125818,314.3691001496923,17.86194146288949,3.388210155991795
656.0,1680.163458062686,60.580617230477465,330.07463930417566,314.4559085683127,15.618730735862982,3.8787157711461884
657.0,1681.9220508237809,60.74514730067133,331.1538784375443,314.3915732960238,16.76230514152047,3.6239137032653534
658.0,1681.1319125664158,60.64111830026401,331.39113777147713,314.45108722812074,16.940050543356392,3.5797483688173797
659.0,1681.1319125664158,60.554220736510096,331.208396093425,314.4319014440987,16.77649464932631,3.609468008797759
660.0,1681.4500131062523,60.843335791472775,330.8340240000679,314.52062524123926,16.31339875882867,3.729654175132873
661.0,1680.4076050375752,60.62117236550317,331.68269733789003,314.31801265483404,17.364684683055998,3.491060936145631
662.0,1677.6121925585085,60.65552902631116,329.577816694847,314.3634984420154,15.214318252831617,3.98673986033007
663.0,1681.9220508237786,60.67858410727307,330.59372224827507,314.47490255317433,16.11881969510074,3.7644557886404124
664.0,1678.872789625588,60.51361444483179,331.69839776617647,314.4893358459132,17.209061920263252,3.516380772247584
665.0,1678.1705139115325,60.600728388109744,330.0616130485963,314.43364299572573,15.62797005287058,3.8777095286907377
666.0,1678.0036352035243,60.71284673105838,331.7971217142125,314.27534613233604,17.521775581876454,3.464993969781028
667.0,1679.7794614059517,60.69616969995819,329.7259743344771,314.51566533558116,15.210308998895925,3.990462633228816
668.0,1680.2309217519023,60.61488206507747,329.9653348204437,314.5289596535807,15.436375166862945,3.9267562112119823
669.0,1684.1743042172084,60.82065762784729,331.3783146522188,314.3105115338407,17.067803118378094,3.563473119886029
670.0,1678.7301257263714,60.61488206507747,330.4480635471763,314.48342171618503,15.96464183099124,3.796820668247582
671.0,1681.7642878477968,60.69617598754483,330.9019278284944,314.54288675358873,16.35904107490569,3.710252679825534
672.0,1683.545944758004,60.49357217364893,331.7218608596966,314.52447394534926,17.197386914347362,3.5176025564198135
673.0,1682.4812586623957,60.62625070791514,331.0705812585025,314.4042696779699,16.66631158053258,3.6376525432736333
674.0,1681.9220508237786,60.64364759952861,330.84033893177167,314.28843301291954,16.55190591885213,3.663846803917445
675.0,1679.7588645990738,60.600728388109744,331.49365444871756,314.41876032902667,17.074894119690896,3.5491129820960077
676.0,1683.680033650231,60.72256049645529,331.0615622584491,314.3790593566408,16.682502901808277,3.63989509570973
677.0,1683.4618169431615,60.67859038856864,331.8514054270697,314.54114586069255,17.31025956637717,3.5053541603979506
678.0,1684.1746526670984,60.66175298226572,329.75587044104964,314.52475835141223,15.231112089637406,3.9827527120319313
679.0,1679.3806296293994,60.578081607497566,330.47955922690454,314.54903997260624,15.930519254298304,3.8026432560352763
680.0,1681.2908937326795,60.621185106371605,331.2457498987725,314.50301245004755,16.742737448724938,3.620745131554833
681.0,1680.6357782114778,60.70473339233153,331.70250813197697,314.25336560601716,17.449142525959815,3.4789522351610445
682.0,1680.2309217519023,60.65805682667344,331.5998560238033,314.47055407082325,17.12930195298003,3.5411867333052998
683.0,1680.2309217519023,60.65805682667344,330.0907483428092,314.37172833359256,15.71902000921665,3.858895579438626
684.0,1681.9220508237786,60.70474608282198,330.9058808788259,314.4107647891617,16.49511608966418,3.6801648289616766
685.0,1680.724998735395,60.69617598754483,330.0642472969129,314.4995590351522,15.56468826176075,3.8996075582614074
686.0,1680.1636324631636,60.594839781121806,331.5997811334763,314.4674617246871,17.132319408789215,3.5368731072125277
687.0,1677.4425006883273,60.614860960193944,331.9263510756029,314.29670068182827,17.629650393774625,3.4382338620621904
688.0,1680.093343785784,60.53415053593246,331.1280586363508,314.28860403964023,16.83945459671054,3.5947809466321643
689.0,1675.682842003034,60.672148581863155,329.48984171699163,314.4186995442018,15.071142172789848,4.0257166899668375
690.0,1679.7770393150477,60.6388052405981,330.267495444032,314.33128152820524,15.936213915826784,3.8050948337469097
691.0,1683.2084382509292,60.84674084200495,331.24612569106574,314.3870717351756,16.859053955890147,3.6091432533049437
692.0,1678.308223449765,60.59820297679279,330.10985343114265,314.435071947108,15.674781484034668,3.865967958693029
693.0,1681.9220508237786,60.59736505227861,329.9729345913982,314.36187253441074,15.611062056987464,3.881693944401138
694.0,1681.9220508237786,60.60326812297695,329.7116930745079,314.38999701584913,15.321696058658745,3.9553890046479707
695.0,1680.8807120679378,60.641336933559245,330.17628454043484,314.4027726026055,15.773511937829312,3.844504456114449
696.0,1675.5895946219366,60.57422233813758,331.1342280090161,314.4319215876649,16.70230642135124,3.626698062532435
697.0,1682.3321681013265,60.65805682667344,330.9669385202484,314.341233127105,16.62570539314339,3.648450119397005
698.0,1680.7253524648288,60.511089173674975,329.67309376885265,314.54995658307826,15.123137185774397,4.0012259645832495
699.0,1681.2908937326795,60.724374952947855,331.16125913524326,314.34561129525304,16.81564783999022,3.6111826038920647
700.0,1686.9988998160445,60.82596867740068,331.16398824219965,314.5349631195812,16.62902512261843,3.6578192785737365
701.0,1679.219325040648,60.64111830026401,330.1901863425382,314.3141483982378,15.876037944300379,3.8196632253599927
702.0,1679.8497904567153,60.681958232649976,331.3410207746164,314.33891115502746,17.002109619588964,3.56908404841334
703.0,1679.8497904567153,60.641336933559245,330.39609024596155,314.4603161788194,15.93577406714212,3.8053587279826755
704.0,1682.0817394671826,60.69870378790712,331.31659552725466,314.3503223277536,16.966273199501074,3.5776097127619093
705.0,1676.1495718364115,60.61486929937127,330.9886108011618,314.45739410940536,16.53121669175647,3.6666913530688734
706.0,1683.1384608454148,60.49357217364893,330.47580312913334,314.38713911788363,16.088664011249705,3.7600121508752933
707.0,1675.1240387714836,60.57809230319517,331.0130085520487,314.28728168260216,16.725726869446532,3.6218511025583755
708.0,1681.2912478184974,60.55423348944349,331.6878733151997,314.3878622491952,17.30001106600446,3.500242471430329
709.0,1676.4208136117372,60.55759443134328,331.89726382951534,314.4820964710262,17.415167358489157,3.477290409260639
710.0,1680.6588180201727,60.41872389705406,330.6685084409846,314.29199225660636,16.37651618437826,3.689351460152932
711.0,1678.6599698740142,60.554220736510096,330.4336005597411,314.3096898590263,16.12391070071476,3.7555542114126057
712.0,1679.0361967931701,60.63798409689032,331.7253234242801,314.46205006090025,17.263273363379824,3.5125426574962457
713.0,1680.9643108363746,60.68195195100577,330.41382255335844,314.5349571100126,15.87886544334583,3.821554642396384
714.0,1680.6357782114778,60.641336933559245,331.3942480541512,314.42770846212807,16.96653959202314,3.5741723646505927
715.0,1681.2026940023338,60.55423348944349,330.7951084793499,314.4783620189718,16.316746460378113,3.7111708290918832
716.0,1681.3560902071492,60.641336933559245,330.5977103792088,314.5382460565505,16.0594643226583,3.7760497931428745
717.0,1680.3412451586628,60.49357217364893,331.61308587988145,314.3803231541712,17.232762725710245,3.5103815410512302
718.0,1682.9868573085982,60.47681821735206,330.7114771194251,314.44553221069265,16.26594490873248,3.7180021546049065
719.0,1681.4618579262747,60.53751373160345,329.6809651812417,314.47087028724866,15.210094893993016,3.980087839919511
720.0,1676.8785779542864,60.77999582659806,332.132040508907,314.313869883193,17.818170625714004,3.4111243574513983
721.0,1684.1744784421523,60.7225147263577,330.5443267716842,314.30966965309864,16.234657118585574,3.74030164498159
722.0,1679.8496172583045,60.580617230477465,331.9485300758397,314.52341635508884,17.425113720750858,3.47662679287622
723.0,1681.3685369206391,60.65552902631116,331.83748046967935,314.2982699629482,17.539210506731138,3.458281602985094
724.0,1680.6357782114778,60.65552902631116,330.5982531440869,314.31707639469914,16.281176749387782,3.7255003099571398
725.0,1679.219325040648,60.49693311484089,331.0025481676222,314.51692982509263,16.485618342529563,3.6696793446182747
726.0,1682.0887735205856,60.800136641125455,331.465287526474,314.494887334274,16.97040019220003,3.582716727509498
727.0,1684.1746526670984,60.702314582806736,331.2393341350686,314.4354413970409,16.803892738027685,3.612395980452534
728.0,1680.8807120679378,60.72256049645529,330.7743728292852,314.32092091337995,16.453451915905248,3.6905666243662774
729.0,1679.0354266421664,60.5405904228598,331.00866991688065,314.53904490592504,16.46962501095561,3.6758936759390783
730.0,1676.4947639277004,60.65805682667344,331.57851105128793,314.3003260632476,17.278184988040323,3.5106729594954533
731.0,1676.5877710204577,60.80288991289119,330.56792251408825,314.250625482846,16.317297031242276,3.726284432799966
732.0,1680.9643108363746,60.74514730067133,330.3148568422857,314.3232165430105,15.991640299275161,3.798556380950156
733.0,1680.7253524648288,60.49693311484089,330.5549012300735,314.25176797051734,16.303133259556148,3.7107549911843094
734.0,1678.4723968920753,60.600728388109744,329.701119071797,314.3921824499767,15.308936621820294,3.958519777378507
735.0,1679.7588645990738,60.58352348824319,331.98817105409825,314.53528266145526,17.45288839264299,3.4712605802132606
736.0,1677.5404783420813,60.62139285855867,329.8153540333703,314.5260949530503,15.289259080319994,3.9649660287717428
737.0,1678.4723968920753,60.598196695148594,329.8230617704924,314.4696383345782,15.353423435914237,3.946885002428789
738.0,1682.0025595368013,60.69617598754483,331.0075011844588,314.53241675242424,16.475084432034578,3.6841192673662797
739.0,1682.9865028656789,60.6631951368349,331.5884877023583,314.4262847204408,17.162202981917517,3.5346974511810054
740.0,1681.4560701161192,60.638927232678576,331.59894240600664,314.4514407776949,17.147501628311716,3.536312667995873
741.0,1680.9041553575776,60.450483809574656,331.48361534475856,314.35265097450855,17.130964370250013,3.528726258666104
742.0,1681.7642878477968,60.82596223745027,331.30831046328564,314.49471468651996,16.81359577676568,3.6176653135377657
743.0,1684.8942690903668,60.62117236550317,329.18880316417153,314.39694350419325,14.791859659978286,4.098279307606151
744.0,1683.0483517454386,60.63797134395693,331.65491545056625,314.3483638024562,17.30655164811003,3.5037581476018027
745.0,1682.3321681013265,60.55759443134328,330.87417596300594,314.35981669893846,16.51435926406748,3.666966030169067
746.0,1676.1495718364115,60.59820297679279,330.96070857748117,314.417357849371,16.54335072811017,3.662994515000241
747.0,1679.7588645990738,60.68195195100577,330.94111990887217,314.30200395277996,16.639115956092212,3.646945673744632
748.0,1677.542527758455,60.55758167770207,330.97647217677417,314.4304432053383,16.546028971435874,3.6599465516617458
749.0,1685.381771574687,60.6414601237087,330.4763623060993,314.32280843634,16.15355386975932,3.7540630756946998
750.0,1684.5914657849826,60.763169041904774,331.53295490973557,314.38478721472774,17.148167695007828,3.5434205054802526
751.0,1677.8382927604591,60.554220736510096,331.6946245981771,314.36983588449226,17.324788713684825,3.4952357421062463
752.0,1679.2206323910548,60.53751373160345,329.53273183748627,314.4675404592396,15.065191378246652,4.0183700433448495
753.0,1676.7147630771833,60.55758167770207,331.3866445620699,314.5178414092444,16.86880315282548,3.5899157236628754
754.0,1681.9220508237786,60.59736505227861,330.31529996580934,314.4441015764302,15.871198389379117,3.818071173052055
755.0,1678.6599698740142,60.578075332144465,330.45515264965854,314.47849168658644,15.976660963072106,3.7916605648803903
756.0,1677.5403051436704,60.45636523894676,331.8768880044714,314.38503165908156,17.491856345389863,3.4562578176489875
757.0,1682.4186834884908,60.60075774567887,331.7700625832599,314.4838863486036,17.286176234656295,3.5057352721062203
758.0,1679.5986978137355,60.73936351484701,331.8698820755705,314.33019911030743,17.53968296526307,3.4629681525680875
759.0,1681.7641132811898,60.72256049645529,330.48487329690107,314.35456242165424,16.130310875246835,3.7645003227829035
760.0,1683.0481775204923,60.63798409689032,332.00851472335063,314.53799858686347,17.470516136487163,3.4708753664265206
761.0,1679.7770393150477,60.55758167770207,331.69327305649796,314.26772536979087,17.42554768670709,3.47521826954672
762.0,1684.5914657849894,60.66175298226572,329.53108415964107,314.487782578186,15.043301581455069,4.032476026210078
763.0,1676.1495718364115,60.61486929937127,331.77685911208033,314.3605239537533,17.41633515832706,3.4803458218011056
764.0,1678.566898048072,60.5716945377753,330.6434069915357,314.3411981829399,16.30220880859582,3.7155513862536886
765.0,1679.219325040648,60.53751373160345,330.4391837439602,314.26834673424355,16.17083700971665,3.743622775693551
766.0,1683.0483517454386,60.580604489609044,330.19841775279235,314.51645741448425,15.681960338308102,3.8630759919486555
767.0,1682.4186834884908,60.578075332144465,330.4010769646317,314.5162458473854,15.884831117246335,3.813580067991669
768.0,1683.4618169431546,60.73936351484701,331.0107607626981,314.4137901095061,16.59697065319199,3.6596656573086968
769.0,1680.9643108363746,60.742882648863,330.7782772716196,314.2989549928432,16.47932227877635,3.6860061124657717
770.0,1682.9865028656789,60.50189666864887,329.8726721513919,314.52260601692234,15.350066134469557,3.941474658065999
771.0,1679.0361967931701,60.68400815411375,332.0057079565675,314.2518107906825,17.753897165885007,3.418066894671502
772.0,1684.1746526670984,60.63544607280011,330.59593760078724,314.46115271017965,16.13478489060759,3.758057295706329
773.0,1679.7770393150477,60.59820297679279,331.39986160940725,314.3027185106012,17.097143098806043,3.544346714921313
774.0,1682.4186834884908,60.56037826912721,330.2897500823373,314.3183433217064,15.971406760630941,3.7917998819244154
775.0,1683.0483517454386,60.580604489609044,331.03695434243946,314.34120580424997,16.69574853818949,3.628504846670294
776.0,1678.4725711170213,60.641336933559245,330.45892832335846,314.38609780768894,16.072830515669523,3.7729096237554147
777.0,1678.4723968920753,60.65805682667344,331.6227463610664,314.25660471585667,17.366141645209723,3.492891977154025
778.0,1679.2907377733345,60.75606229154403,332.39754720433024,314.5377700828461,17.859777121484115,3.401837653307474
779.0,1679.5990515431688,60.55423348944349,330.5719852682691,314.34308563445853,16.228899633810556,3.7312593494193247
780.0,1683.4618169431615,60.594839781121806,330.93478025354517,314.49454585626466,16.440234397280506,3.685764954248172
781.0,1681.5322574156603,60.63797134395693,329.80603714774674,314.3894011420785,15.416636005668238,3.933281639500482
782.0,1679.7770393150477,60.61486929937127,330.27994160240974,314.39717234098305,15.882769261426688,3.8163917325539787
783.0,1680.8807120679378,60.62393095663266,331.60643093277866,314.36840779099884,17.23802314177982,3.5168725820827076
784.0,1676.9820556461254,60.53751373160345,331.9148046969567,314.3956097058624,17.51919499109431,3.455496314892153
785.0,1685.8712844607085,60.6631951368349,329.6761415545059,314.2821550618788,15.39398649262705,3.9407073122929877
786.0,1684.1154300157493,60.43628455197972,331.077658814291,314.3567427467239,16.72091606756709,3.6144122910350367
787.0,1683.0481775204923,60.54003661371492,331.3011040433219,314.5143416895893,16.786762353732627,3.606415301414779
788.0,1681.3560902071492,60.7855547690608,331.32041667315355,314.46897625009683,16.851440423056715,3.6071429648169384
789.0,1683.0483517454409,60.78000418849405,331.5555580780286,314.3061758295971,17.24938224843146,3.5236046899025015
790.0,1676.1495718364115,60.55758167770207,331.2750430164742,314.3074205011162,16.967622515358016,3.5690080695093958
791.0,1681.1319125664158,60.53751373160345,330.4749256245012,314.4641614504721,16.010764174029134,3.7810508651298864
792.0,1680.163458062686,60.43929036112283,330.76012538379854,314.4887860092142,16.27133937458433,3.7144631409709516
793.0,1678.4727453419673,60.533575186370975,331.2045079554214,314.305849539664,16.89865841575738,3.582152718698996
794.0,1680.9694551870589,60.69617598754483,329.420842407748,314.4320783774048,14.98876403034319,4.049445028600873
795.0,1680.9692819886484,60.580604489609044,329.78011899848167,314.48907008548485,15.291048912996814,3.961834458466601
796.0,1680.0024384674161,60.554220736510096,329.55585512956566,314.26245505712126,15.293400072444399,3.9595002059493956
797.0,1677.5404783420813,60.66181301743851,328.90326587152583,314.5158222518322,14.387443619693613,4.216302396793012
798.0,1679.8497904567153,60.65552902631116,330.0723133371994,314.35651606739606,15.715797269803318,3.8595260542623593
799.0,1678.566898048072,60.59820297679279,330.52575225427,314.338374462978,16.187377791292022,3.743546592789816
800.0,1678.965554029975,60.53751373160345,330.4319383976746,314.26222584586344,16.169712551811187,3.7438831109476074
801.0,1679.8497904567153,60.65552902631116,331.20429388445444,314.29977810503016,16.904515779424287,3.588125789449669
802.0,1680.8807120679378,60.69870378790712,331.6272582756709,314.34081220202523,17.286446073645664,3.511346608164088
803.0,1681.5322574156603,60.621185106371605,331.49566166758586,314.3083743289007,17.187287338685167,3.5270944106418334
804.0,1679.436558519477,60.55758167770207,330.6628356774321,314.474986000899,16.18784967653312,3.7409280965519454
805.0,1681.2908937326795,60.511089173674975,328.665534842302,314.45042241577,14.215112426532016,4.256813970794428
806.0,1679.5990515431688,60.45636523894676,331.1078276178688,314.4377810132221,16.6700466046467,3.626646443933445
807.0,1679.8496172583045,60.55423348944349,330.47894737624495,314.38778727989927,16.091160096345675,3.763198745576799
808.0,1678.965554029975,60.554220736510096,332.1304407845997,314.5287401707409,17.60170061385884,3.4402483069637175
809.0,1683.0483517454386,60.621185106371605,330.2904296269821,314.3013585479414,15.989071079040684,3.7914138230229675
810.0,1682.4812586623957,60.7393507491408,329.74301206651955,314.49292369493435,15.250088371585207,3.982885165591149
811.0,1679.0354266421664,60.641336933559245,332.20991952315273,314.25687118403164,17.953048339121096,3.377773834731845
812.0,1679.7770393150477,60.65552902631116,331.64065266195496,314.4117355167248,17.228917145230184,3.5205653678068565
813.0,1676.1493976114655,60.53104757654161,331.6050401826958,314.26684154773386,17.33819863496194,3.491195876282247
814.0,1683.0479980160048,60.72256677809946,329.89197872798525,314.52900400903866,15.362974718946589,3.952526635561833
815.0,1679.8497904567153,60.73936351484701,330.61898799694745,314.4312324410157,16.187755555931744,3.7521794361782317
816.0,1678.4723968920753,60.600728388109744,331.5174725931128,314.31819272025166,17.199279872861155,3.523445681219014
817.0,1681.2908937326795,60.42461484193259,331.0379603405186,314.37303265032784,16.66492769019078,3.6258552071305656
818.0,1683.1991680979897,60.7393507491408,329.6447874331007,314.37466815399114,15.270119279109565,3.9776605302773147
819.0,1683.4618169431615,60.621185106371605,331.2048776851707,314.45474049810906,16.750137187061625,3.619145588443148
820.0,1680.724998735395,60.7393507491408,330.5969027320188,314.27133105502094,16.325571676997868,3.7205037563689314
821.0,1678.099846251568,60.470482881996666,330.37666038148916,314.329506267887,16.047154113602176,3.7682995036945273
822.0,1681.5263288690755,60.594839781121806,331.10731815669027,314.4911570738853,16.61616108280498,3.6467412345820116
823.0,1683.0483517454386,60.661746706912616,331.0460057898585,314.5449598763582,16.50104591350032,3.6762364655492683
824.0,1680.7953961726853,60.74514730067133,330.1616381240116,314.44990814686173,15.711729977149844,3.866229077830084
825.0,1681.2912478184974,60.470482881996666,329.39310363063913,314.43242396562545,14.960679665013686,4.041960942684307
826.0,1680.9692819886484,60.67859038856864,331.2089699640931,314.5076610484045,16.701308915688628,3.6331637654800386
827.0,1682.892622917509,60.68194547900874,331.1078389342578,314.3449906888576,16.76284824540022,3.620025940141769
828.0,1681.9216970943453,60.72256049645529,331.6944320674291,314.27644964020317,17.417982427225922,3.4861994349896857
829.0,1685.3141877111852,60.60093291736995,330.44279203420933,314.52083287331635,15.921959160892982,3.8061228712491655
830.0,1682.0887735205856,60.65552902631116,330.49438310258193,314.48019350564726,16.01418959693467,3.7876115215921655
831.0,1679.0354266421664,60.70473339233153,330.6228380208201,314.3518062730984,16.27103174772168,3.7308472095404523
832.0,1678.4725711170213,60.681958232649976,331.21181376531206,314.3440319349647,16.867781830347383,3.5975067049702445
833.0,1681.2026940023338,60.580617230477465,331.12146384152805,314.40600138537644,16.715462456151613,3.624226215062487
834.0,1683.0483517454386,60.621185106371605,331.1937046232129,314.37468915673185,16.819015466481062,3.60432423807355
835.0,1679.5986978137355,60.681958232649976,330.95087425125604,314.4410956530187,16.509778598237347,3.6755161719205995
836.0,1680.1636324631636,60.63797134395693,331.1797550252514,314.51728444231935,16.66247058293203,3.63919450252897
837.0,1677.1797138134455,60.661806766898465,330.80757829482576,314.2533919102335,16.554186384592242,3.664439034186498
838.0,1679.530419889385,60.49357217364893,329.8086931536236,314.4280716767939,15.380621476829731,3.9331032406447286
839.0,1683.7630739445467,60.74515355121145,331.5920580410955,314.4832730641709,17.108784976924653,3.550524109873438
840.0,1679.760962605171,60.762437588237646,331.85770995019135,314.4502365105674,17.40747343962397,3.490594875757582
841.0,1684.0321613076055,60.53667327788379,330.4030206912726,314.52992645118013,15.873094240092485,3.813791587337736
842.0,1681.7641132811898,60.73936351484701,330.4797103673672,314.31528492941504,16.16442543795216,3.7575949573956495
843.0,1679.0352525923986,60.53104757654161,329.94393800706473,314.4765326590463,15.467405348018417,3.9134584123572123
844.0,1676.7850844574377,60.64197182370759,331.0111764308531,314.4945242306709,16.516652200182193,3.671565586580473
845.0,1680.6357782114778,60.59820297679279,330.9006120434502,314.4625894179504,16.438022625499798,3.6864654805127635
846.0,1683.0483517454409,60.641336933559245,330.5686948557831,314.4270160682915,16.141678787491628,3.756817226505022
847.0,1680.7253524648288,60.47965715995693,331.38221799154627,314.43904487287267,16.9431731186736,3.5695590628948017
848.0,1678.7301257263714,60.600728388109744,330.6117064584895,314.3522314907038,16.259474967785707,3.7271024130961004
849.0,1679.5986978137355,60.55758167770207,330.71273913876684,314.4910820479969,16.221657090769952,3.7331316608929583
850.0,1678.2638800688267,60.73935515854222,329.4773483210511,314.47743242135897,14.999915899692155,4.049313047134403
851.0,1681.4618579262747,60.578075332144465,330.79975565940697,314.54338141100544,16.256374248401528,3.726419828093035
852.0,1681.8514791615426,60.60075774567887,330.6196646075465,314.3478938698846,16.271770737661882,3.7242878309129064
853.0,1681.3560902071492,60.69870378790712,331.38802186746057,314.42137394269196,16.96664792476861,3.577530697698787
854.0,1676.4250991276472,60.62140554904903,330.59581074910454,314.3823012126693,16.213509536435254,3.7389440831930716
855.0,1677.2756985331255,60.70221423528794,330.745552055387,314.3964833041505,16.34906875123653,3.7128851287445253
856.0,1683.1991680979897,60.7393507491408,331.14508662653634,314.32091090142285,16.82417572511349,3.610242293087501
857.0,1676.9791124303854,60.57168620453781,330.7575038001439,314.3579649801692,16.399538819974737,3.693499364187067
858.0,1681.4560701161192,60.60075774567887,331.0677525657048,314.34764332636826,16.720109239336523,3.624423553591782
859.0,1681.5263288690755,60.63797134395693,330.60112462489434,314.31134317850695,16.289781446387394,3.7224545672099665
860.0,1679.2206323910548,60.64111830026401,331.5772674873632,314.45724060203304,17.120026885330162,3.5421158334877543
861.0,1681.2908937326795,60.724374952947855,331.3585773045579,314.38682932254386,16.97174798201405,3.5779682220889097
862.0,1682.332342844162,60.594839781121806,329.8553421841316,314.2575622016429,15.597779982488703,3.8848374479669765
863.0,1681.9216970943453,60.681958232649976,332.16757821764435,314.5093387109071,17.65823950673723,3.4364670503816477
864.0,1683.7734829508802,60.7225147263577,330.88325724173774,314.52807512434396,16.35518211739378,3.7127385247382323
865.0,1683.7734829508802,60.74515355121145,329.1334352675573,314.28664785191523,14.84678741564204,4.0914678610682165
866.0,1681.5263288690755,60.64363492181105,331.47650329489574,314.33059783632706,17.145905458568677,3.5369164415580254
867.0,1678.566898048072,60.65552902631116,330.29356002386,314.5206194782082,15.772940545651807,3.8455435022249116
868.0,1676.1495718364115,60.5405904228598,331.67822941631835,314.47870807230146,17.199521344016887,3.519899723483861
869.0,1679.598872038681,60.68194547900874,331.5430274969388,314.4294565328269,17.113570964111886,3.545837721785954
870.0,1682.3321681013333,60.68400815411375,329.60428102124985,314.44335430074534,15.160926720504506,4.002658232761011
871.0,1679.5986978137355,60.641336933559245,331.11560063578804,314.26328758923506,16.85231304655298,3.5983984374158657
872.0,1678.1705139115325,60.64134968720046,331.75230938635985,314.53280282765706,17.21950655870279,3.5216659362722647
873.0,1679.8472279105897,60.65552902631116,331.0617128814578,314.26302968577414,16.79868319568368,3.610731169803609
874.0,1680.4114712761734,60.60326812297695,330.2230044033747,314.47181713493865,15.75118726843607,3.8475365120202922
875.0,1676.1493976114655,60.57422233813758,329.6306394724414,314.26482321553715,15.365816256904225,3.942141525408398
876.0,1676.4208136117372,60.50018295447033,329.8458352552364,314.37149903298075,15.474336222255658,3.909711026406234
877.0,1680.6588180201727,60.539702473919235,331.75145978253875,314.46719448123974,17.284265301299,3.502590443885941
878.0,1680.1605950974129,60.7393507491408,331.2590873619385,314.36906297333144,16.89002438860706,3.596167142903104
879.0,1677.2756985331255,60.6388052405981,331.39692813879213,314.45385613111284,16.94307200767929,3.5789734714645682
880.0,1681.5263288690755,60.621185106371605,331.22897472655507,314.36685141208415,16.86212331447092,3.5951098195532145
881.0,1679.8496172583045,60.63798409689032,332.1216388213025,314.341805738336,17.77983308296649,3.4104923153065467
882.0,1680.8807120679378,60.69870378790712,330.1388827257646,314.52217693567786,15.616705790086712,3.886780259793195
883.0,1680.0024384674161,60.594839781121806,330.8801553584001,314.3275412729541,16.55261408544601,3.6607414072681244
884.0,1680.1636324631636,60.580604489609044,331.6169252469209,314.3045964134967,17.312328833424203,3.499275289448555
885.0,1678.6599698740142,60.594839781121806,330.72856991649076,314.42607050643323,16.30249941005752,3.716904890285655
886.0,1682.6448744320983,60.63544607280011,331.35931483629895,314.4104174954152,16.948897340883775,3.577545184991861
887.0,1680.2309217519023,60.68195195100577,330.66303388804124,314.3303270927195,16.33270679532177,3.7153640674176005
888.0,1680.4077833060528,60.580617230477465,331.65629674783867,314.4381632467392,17.218133501099487,3.518419532907502
889.0,1677.8382927604591,60.49693311484089,330.9452237496149,314.5366309443567,16.408592805258195,3.686905625170638
890.0,1683.6162334353837,60.661746706912616,330.53019975256296,314.4526332471906,16.077566505372374,3.773067689481632
891.0,1678.4725711170213,60.641336933559245,329.4474687041633,314.32312366102843,15.124345043134895,4.009518214548074
892.0,1682.3321681013265,60.600728388109744,328.30936289394583,314.49088724871626,13.818475645229569,4.385485775996602
893.0,1678.566898048072,60.5716945377753,330.0840057030957,314.3015027333923,15.782502969703444,3.8379016721270705
894.0,1677.1475277331933,60.65552902631116,331.7544159253228,314.39848400333887,17.355931921983938,3.494801045484724
895.0,1678.1705139115325,60.70474608282189,331.76042270670274,314.5426167375124,17.21780596919035,3.5256957937293136
896.0,1682.0887735205856,60.783450524757136,332.372911485268,314.40988005457484,17.96303143069315,3.383808059306594
897.0,1680.7953961726853,60.76584456611526,329.3435504298121,314.51078956188917,14.832760867922957,4.096731896859897
898.0,1681.2908937326795,60.63543979150456,330.65186180906915,314.25511741113314,16.396744397936004,3.6980170160569954
899.0,1680.2309217519023,60.698716553613316,331.5332240822869,314.4488514118549,17.084372670432003,3.5528794486358195
900.0,1683.6165875212018,60.59736505227861,330.78548586991,314.4806925733285,16.304793296581522,3.716536845946002
901.0,1683.0483517454386,60.580604489609044,329.5903182335248,314.2840021981756,15.306316035349198,3.9578827687668974
902.0,1682.3321681013333,60.55423348944349,331.5680381982919,314.3709502858357,17.197087912456198,3.521191134086303
903.0,1680.0024384674161,60.554220736510096,331.3049268755259,314.50291638659223,16.80201048893366,3.6039866048407143
904.0,1680.2513607973563,60.554220736510096,330.9544069074407,314.4526740609908,16.501732846449954,3.669567390283938
905.0,1678.965554029975,60.53751373160345,331.0017362304888,314.30292889944116,16.698807331047647,3.6252597285225074
906.0,1679.436558519477,60.61486929937127,329.70768016419106,314.3719432729977,15.335736891193335,3.9525240768951786
907.0,1684.7436691053767,60.62117236550317,331.9013019992587,314.3431483762953,17.558153622963403,3.452593801561223
908.0,1680.1604210476455,60.5716945377753,330.8868991305981,314.4107267833164,16.476172347281704,3.6763207655914467
909.0,1683.0483517454386,60.562913812640765,331.1678998057295,314.29144546090345,16.876454344826072,3.5886041330244196
910.0,1678.566898048072,60.6388052405981,330.2537998720116,314.3686850878766,15.885114784134998,3.817335037525831
911.0,1675.3074924063735,60.61486929937127,331.24931106839335,314.42875989419446,16.820551174198897,3.603619683542156
912.0,1684.7440231911953,60.63797134395693,330.00656599378635,314.31660357184956,15.689962421936798,3.86476205062011
913.0,1681.8513049365986,60.70474608282189,330.44887344090773,314.3164615321052,16.13241190880251,3.7629057840817266
914.0,1677.610282549183,60.681958232649976,331.2941121337287,314.4059348663835,16.888177267345156,3.593162084459175
915.0,1678.965554029975,60.47965715995693,331.2893382521134,314.3741787716274,16.91515948048601,3.5754707030535906
916.0,1683.0483517454386,60.594839781121806,331.6631242748998,314.30260657830235,17.36051769659747,3.4903820750113885
917.0,1681.7642878477968,60.69617598754483,329.66434633519054,314.3991009154001,15.26524541979046,3.97610220592038
918.0,1680.7253524648288,60.554220736510096,329.1201273561331,314.5100144049124,14.610112951220685,4.1446784798094765
919.0,1681.3560902071492,60.72256049645529,331.75390231891237,314.50344114872127,17.2504611701911,3.520054327671206
920.0,1681.1319125664158,60.554220736510096,330.49486789555635,314.27924580174505,16.215622093811305,3.7343137615189383
921.0,1677.5404783420813,60.5716945377753,331.1050149291498,314.33306786094346,16.771947068206316,3.6114885344825485
922.0,1679.5986978137355,60.641336933559245,330.62186486650546,314.2720069316193,16.349857934886188,3.7089824985064235
923.0,1684.2462597331971,60.78000418849405,331.30306771095724,314.43357154316715,16.86949616779009,3.6029531400318193
924.0,1677.9102581869195,60.65805682667344,331.4803329488853,314.4600551228433,17.02027782604199,3.5638699583307134
925.0,1682.4186834884908,60.63543979150456,329.6293088271526,314.3303607024855,15.298948124667106,3.963373121955987
926.0,1684.3284546265268,60.69617598754483,328.4542741169949,314.39580160116566,14.058472515829237,4.3174090157521405
927.0,1679.7588645990738,60.64134968720046,330.71240469944587,314.26420899121115,16.44819570823472,3.68680861797143
928.0,1680.7253524648288,60.53751373160345,329.93270604481665,314.48390967836775,15.448796366448903,3.918590956579405
929.0,1681.5322574156603,60.661746706912616,331.32741888805674,314.5280234409753,16.79939544708145,3.6109481973919095
930.0,1684.5329099683402,60.499363679695755,331.54326928612926,314.4191516774869,17.124117608642337,3.532991600639466
931.0,1680.1605950974129,60.82065114972772,330.3939357225023,314.4843115703243,15.909624152178026,3.8228842220261616
932.0,1681.9220508237786,60.59736505227861,331.5043468457459,314.25683503043615,17.247511815309736,3.5133975092273557
933.0,1683.0481775204923,60.63798409689032,331.1286832326919,314.4620248037716,16.6666584289203,3.6382808440875074
934.0,1684.1746526670984,60.71919668024693,330.28115018412615,314.4924751529342,15.788675031191929,3.8457436460178434
935.0,1677.5404783420813,60.59820297679279,331.36082771052594,314.5316974195527,16.82913029097324,3.6007923124403094
936.0,1684.0211378437252,60.70474608282189,330.48569883878974,314.44603269821454,16.039666140575207,3.7846639419294625
937.0,1681.9216970943453,60.69870378790712,330.4788457072597,314.49686179850255,15.981983908757172,3.797945495030054
938.0,1680.7253524648288,60.578075332144465,331.5494157064915,314.4579166356476,17.091499070843895,3.544339503577167
939.0,1684.7440231911953,60.684014398362706,330.5008077171841,314.26234821272556,16.238459504458547,3.737054883913149
940.0,1678.100779477625,60.51361444483179,330.44124714037827,314.5311935571913,15.910053583186993,3.8034827556319337
941.0,1679.8497904567153,60.69870378790712,330.87145605365595,314.54954220218485,16.321913851471095,3.7188472099695797
942.0,1683.0483517454386,60.594839781121806,331.01758711179343,314.49043849487043,16.527148616923,3.6663819746302533
943.0,1679.5986978137355,60.66181301743851,330.9533260050024,314.3815486357138,16.57177736928861,3.6605495998189714
944.0,1679.8497904567153,60.65552902631116,330.5845897380765,314.4432859598963,16.141303778180202,3.7577837490615376
945.0,1678.1705139115302,60.580617230477465,331.38873505364063,314.5052057476679,16.88352930597273,3.5881489072931227
946.0,1683.0483517454386,60.661746706912616,329.26725072042257,314.48488053553945,14.78237018488312,4.1036549584549755
947.0,1686.2937420069313,60.702314582806736,330.8396200601462,314.470444765002,16.369175295144203,3.7083306573675485
948.0,1676.9820556461254,60.511089173674975,331.03769238720224,314.29734585615927,16.740346531042974,3.614685577832238
949.0,1677.3462701953613,60.600728388109744,331.3722686466274,314.4836673144341,16.888601332193275,3.5882621181063605
950.0,1682.4183294026723,60.702314582806736,330.43725979804645,314.3488297087849,16.08843008926158,3.7730415115719245
951.0,1680.4076050375775,60.72256677809946,330.9660672326909,314.3960593768583,16.570007855832557,3.664606999973475
952.0,1679.8497904567153,60.641336933559245,331.1374755934378,314.4956020196703,16.641873573767498,3.643900830321646
953.0,1677.1452723900934,60.71537692011823,331.13362102925896,314.2584893404916,16.87513168876734,3.5979201845596527
954.0,1683.6162334353837,60.63797134395693,330.4344274876225,314.25837231037184,16.176055177250646,3.74862540214599
955.0,1678.4725711170213,60.641336933559245,331.0905901964999,314.4964411148686,16.594149081631258,3.6543806274878907
956.0,1679.0354266421664,60.5716945377753,331.41386320296067,314.4070900011534,17.006773201807277,3.5616218208483232
957.0,1683.2180979298262,60.57723890000673,331.0118309858412,314.4334445895502,16.578386396290966,3.6539888413723727
958.0,1680.899477781549,60.61486929937127,330.04237395919506,314.4031629444256,15.639211014769444,3.8758265517440407
959.0,1677.3462701953613,60.698716553613316,330.41851465090554,314.41022991483595,16.008284736069584,3.7917064541492094
960.0,1675.3009704345488,60.5716945377753,330.41811856029886,314.4735032160945,15.944615344204351,3.7988808905190856
961.0,1677.5404783420813,60.61486929937127,330.7676660558203,314.48629486291856,16.28137119290176,3.7229585015417945
962.0,1681.9216970943453,60.82064486214109,330.76209167287027,314.25492195959373,16.50716971327654,3.6844986704912652
963.0,1679.8497904567153,60.7855547690608,332.13382210412203,314.48828542781075,17.64553667631128,3.4448119025285293
964.0,1683.0483517454386,60.621185106371605,330.7105656510577,314.4046469518245,16.305918699233246,3.717741160405896
965.0,1680.9643108363746,60.64134968720046,329.89780358381705,314.545570955331,15.352232628486036,3.950002006527739
966.0,1683.6162334353837,60.63797134395693,331.5434717000557,314.48755182099535,17.055919879060355,3.5552448518711968
967.0,1677.8382927604591,60.578075332144465,331.6966748384987,314.31658126978834,17.38009356871038,3.4854861449770334
968.0,1680.0024384674161,60.49693311484089,331.8657815844638,314.485344906487,17.380436677976775,3.4807487427228
969.0,1682.3321681013265,60.61488206507747,330.54141357132374,314.26766241370575,16.273751157617994,3.7247025272782732
970.0,1682.4887977653902,60.59736505227861,331.2132605899694,314.50213116357224,16.71112942639718,3.626168136580763
971.0,1675.682842003034,60.59813858911983,331.6080994181383,314.2876065716583,17.320492846480022,3.498638238890238
972.0,1680.2309217519023,60.66432592394206,331.17017642426026,314.428800754058,16.741375670202274,3.6236165485443106
973.0,1678.2644841988167,60.85753356701771,332.2552838299663,314.377945178491,17.87733865147527,3.404171882261437
974.0,1680.9646565413973,60.78001047608068,330.9585212460949,314.3425261651619,16.615995080932976,3.6579217904214696
975.0,1682.9865028656789,60.51987204565885,330.8242508268479,314.48646026173327,16.33779056511463,3.704287419064135
976.0,1683.6202858315364,60.578075332144465,330.6875207394768,314.49357819619047,16.19394254328631,3.7407861100049993
977.0,1676.8784038947963,60.65804848155453,329.35125616868294,314.52103927731736,14.83021689136558,4.090165971670363
978.0,1684.8942690903668,60.62117236550317,332.0830139482428,314.5339719591794,17.549041989063426,3.4543864219643625
979.0,1685.3007793638121,60.63544607280011,331.5005878771331,314.29195268159623,17.208635195536885,3.5235476482484853
980.0,1680.4114712761734,60.54003661371492,331.43461103981093,314.45340753253845,16.981203507272483,3.565120492654578
981.0,1683.6904700151,60.68400172064514,330.9946121055147,314.4404011316397,16.554210973875,3.665774334784877
982.0,1682.653043555147,60.71919668024693,330.9485015280033,314.3497132352441,16.598788292759195,3.658049949750498
983.0,1677.3462701953613,60.61488206507747,331.07416166031777,314.39669725670683,16.67746440361094,3.634538236637061
984.0,1679.7794614059517,60.61486929937127,329.6920663303218,314.2919335647864,15.400132765535375,3.9359965412131976
985.0,1684.5329099683402,60.499363679695755,328.7108478943785,314.2770683303624,14.433779564016106,4.191512237759449
986.0,1679.0364293922175,60.80288991289119,330.3779166420832,314.36379018927335,16.014126452809876,3.796828387240727
987.0,1679.0354266421664,60.66181301743851,331.64491363245645,314.3077018481407,17.33721178431574,3.498937070856846
988.0,1682.332342844162,60.63797134395693,330.336976077242,314.4687221520937,15.868253925148338,3.821338606628711
989.0,1680.2309217519023,60.61488206507747,330.62886627806256,314.48285161229916,16.146014665763403,3.754169887731334
990.0,1684.7436691053767,60.7243811971968,330.39860761909915,314.53321824940366,15.865389369695492,3.8274750012241454
991.0,1680.9646565413973,60.78001047608068,331.1136581362894,314.46857379297865,16.64508434331077,3.6515291375202072
992.0,1680.9646565413973,60.69617598754483,331.84133878289765,314.3320614060754,17.50927737682224,3.4665151897068514
993.0,1680.9694551870589,60.69617598754483,331.62617925837617,314.28914098356455,17.33703827481162,3.5009541436917857
994.0,1677.2756985331255,60.5716945377753,331.39382278525693,314.3640769356749,17.029745849582014,3.5568172932693534
995.0,1683.1384608454148,60.539702473919235,330.92049357579657,314.5034099385083,16.417083637288272,3.6876039503395632
996.0,1677.3462701953613,60.65805682667344,331.50649438628585,314.46000806451013,17.046486321775717,3.5583906079921546
997.0,1680.0024384674161,60.554220736510096,330.27314003585167,314.4587560717716,15.814383964080093,3.829059726515403
998.0,1677.2756985331255,60.55758167770207,331.74174874151674,314.45815560815817,17.28359313335858,3.5037611224960843
999.0,1678.566898048072,60.55758167770207,331.1909882670683,314.38802318771775,16.802965079350543,3.6039818800862915
