C_pF,C_th_pJ_per_K,S_e_mW_per_K,name,gamma,replay_step_ns,source_file,source_setting_mV,current_uA,temperature_min_K,temperature_max_K,temperature_mean_K,measured_resistance_mean_ohm,replayed_resistance_mean_ohm,resistance_rmse_ohm,resistance_log_rmse,fraction_above_major_heating_branch,late_invalid_resistance_fraction,outside_temperature_calibration_fraction,smoothing_window
0.39,0.047873236,0.0036751265,central,0.956269682,1.0,1000mv0_converted.csv,1000.0,759.2191989197131,350.221085388914,350.6752929914714,350.49829575249004,230.55558060730556,18.48572313667524,212.07996930912626,2.5234689839204205,1.0,0.0,0.0,
0.39,0.047873236,0.0036751265,central,0.956269682,1.0,100mv0_converted.csv,100.0,76.17083384633712,317.92721543331874,317.9812555977485,317.9496124779589,2245.5564588875172,2350.5849125928216,107.67946691070902,0.04696923765751404,0.0,0.0,0.0,
0.39,0.047873236,0.0036751265,central,0.956269682,1.0,1100mv0_converted.csv,1100.0,834.7865599618726,353.969434036032,354.3818013815846,354.20354547479,209.96291429798154,18.23926017307999,191.74342107792796,2.4433037142560003,1.0,0.0,0.0,
0.39,0.047873236,0.0036751265,central,0.956269682,1.0,1200mv0_converted.csv,1200.0,908.6058899457871,356.78526846365924,357.4364195921907,357.1219324902865,190.4078320014925,18.219566194137723,172.20698590312665,2.346621153376746,1.0,0.0,0.0,
0.39,0.047873236,0.0036751265,central,0.956269682,1.0,150mv0_converted.csv,150.0,114.17150902555795,321.8190315873775,321.88645050532153,321.8551776184266,2105.387001524954,2135.1135616491338,32.60605649595493,0.015416980222875538,0.0,0.0,0.0,
0.39,0.047873236,0.0036751265,central,0.956269682,1.0,200mv0_converted.csv,200.0,152.35217904164247,326.69966933673527,326.77533647987235,326.744638669977,1957.2703914348324,1895.581735138846,62.580663030895785,0.03245980143355775,1.0,0.0,0.0,
0.39,0.047873236,0.0036751265,central,0.956269682,1.0,250mv0_converted.csv,250.0,189.60094286792295,330.8551086181902,330.95830188379824,330.91170924182495,1680.6169070790982,1679.2945278658726,5.294340128398595,0.0031490472411013124,0.5742574257425742,0.0,0.0,
0.39,0.047873236,0.0036751265,central,0.956269682,1.0,300mv0_converted.csv,300.0,228.7136509323431,328.1267434038702,329.84989072948923,328.9609915993015,1017.9021323048438,1763.4682822652383,760.0799097332059,0.5776943465545562,0.0,0.0,0.0,
0.39,0.047873236,0.0036751265,central,0.956269682,1.0,350mv0_converted.csv,350.0,267.07439601247086,327.06990411892986,329.20446249602213,328.06891468514095,711.7171214286312,1788.4901461459622,1085.7104341730767,0.9591512955477681,0.0,0.0,0.0,
0.39,0.047873236,0.0036751265,central,0.956269682,1.0,400mv0_converted.csv,400.0,303.3911472089279,329.2067097475923,330.97874826275194,330.1143048852367,618.8494207894227,1649.7467306911356,1035.5948550327068,1.003221727060823,0.0,0.0,0.0,
0.39,0.047873236,0.0036751265,central,0.956269682,1.0,450mv0_converted.csv,450.0,341.9425303334189,330.9556667305036,332.37389596561184,331.67884082220985,543.6778432052596,1519.4991503422802,978.060089250696,1.0403864636267914,0.0,0.0,0.0,
0.39,0.047873236,0.0036751265,central,0.956269682,1.0,500mv0_converted.csv,500.0,381.06588239966646,333.09835001183694,334.19503014739917,333.64354260007156,488.4121672435573,1221.3062780399134,734.3328053649279,0.9245526952279994,0.0,0.0,0.0,
0.39,0.047873236,0.0036751265,central,0.956269682,1.0,50mv0_converted.csv,50.0,37.79944238139679,315.3055792381678,315.32918477568643,315.3183996148947,2317.5257234282963,2511.190864789604,196.4725313639721,0.08162204323322417,0.0,0.0,0.0,
0.39,0.047873236,0.0036751265,central,0.956269682,1.0,550mv0_converted.csv,550.0,419.61731636118117,335.12823657175306,336.10555798489384,335.6360442389862,441.17624883923725,837.8587531665764,398.15871466887245,0.6473172126850052,0.0,0.0,0.0,
0.39,0.047873236,0.0036751265,central,0.956269682,1.0,600mv0_converted.csv,600.0,458.3699322834958,337.1880142280125,337.996778131313,337.57682975412627,406.2137219772026,443.6570600755144,44.11348478443891,0.10557690371790801,0.0,0.0,0.0,
0.39,0.047873236,0.0036751265,central,0.956269682,1.0,650mv0_converted.csv,650.0,495.4173600492479,338.8899808990918,339.48492975185104,339.2005614941049,371.71004807550025,220.64215269183168,151.7055975751694,0.5225269856348682,1.0,0.0,0.0,
0.39,0.047873236,0.0036751265,central,0.956269682,1.0,700mv0_converted.csv,700.0,533.4180352284689,340.49122578451914,341.0714192541358,340.77844947223645,340.7151551339026,111.76395945029684,229.14024289765757,1.1147274034943813,1.0,0.0,0.0,
0.39,0.047873236,0.0036751265,central,0.956269682,1.0,750mv0_converted.csv,750.0,570.4337430744487,342.3025635454738,342.7381502798781,342.50253996065237,317.67631504893757,52.59652883699625,265.187307384233,1.7983321891107977,1.0,0.0,0.0,
0.39,0.047873236,0.0036751265,central,0.956269682,1.0,800mv0_converted.csv,800.0,606.6551780288738,344.13072360822906,344.40080780578137,344.25421461330245,298.2108713285761,29.821423370059176,268.4176724969844,2.302528776003172,1.0,0.0,0.0,
0.39,0.047873236,0.0036751265,central,0.956269682,1.0,850mv0_converted.csv,850.0,646.2233016263873,345.98184956802277,346.31926629297084,346.1309142231058,279.40774791155536,22.14456909481842,257.272376179288,2.535062643295974,1.0,0.0,0.0,
0.39,0.047873236,0.0036751265,central,0.956269682,1.0,900mv0_converted.csv,900.0,682.8259268820619,347.2625235118037,347.55919141786575,347.42484665348854,260.6128530389083,19.847987694315393,240.77061729426202,2.5749214746250617,1.0,0.0,0.0,
0.39,0.047873236,0.0036751265,central,0.956269682,1.0,950mv0_converted.csv,950.0,722.372921341621,348.92064804650613,349.39154773353016,349.16455430983643,245.00311323851165,18.81482211197957,226.19512962101064,2.5666105115235496,1.0,0.0,0.0,
0.39,0.047873236,0.0036751265,central,0.1569637099,1.0,1000mv0_converted.csv,1000.0,759.2191989197131,350.221085388914,350.6752929914714,350.49829575249004,230.55558060730556,18.544010351199915,212.02175294021131,2.5203231732169495,1.0,0.0,0.0,
0.39,0.047873236,0.0036751265,central,0.1569637099,1.0,100mv0_converted.csv,100.0,76.17083384633712,317.92721543331874,317.9812555977485,317.9496124779589,2245.5564588875172,2350.5849778581373,107.67953504083516,0.04696926663351149,0.0,0.0,0.0,
0.39,0.047873236,0.0036751265,central,0.1569637099,1.0,1100mv0_converted.csv,1100.0,834.7865599618726,353.969434036032,354.3818013815846,354.20354547479,209.96291429798154,18.248595266058892,191.73408893016742,2.4427920865026334,1.0,0.0,0.0,
0.39,0.047873236,0.0036751265,central,0.1569637099,1.0,1200mv0_converted.csv,1200.0,908.6058899457871,356.78526846365924,357.4364195921907,357.1219324902865,190.4078320014925,18.220753093757253,172.20580048728328,2.3465560414188027,1.0,0.0,0.0,
0.39,0.047873236,0.0036751265,central,0.1569637099,1.0,150mv0_converted.csv,150.0,114.17150902555795,321.8190315873775,321.88645050532153,321.8551776184266,2105.387001524954,2135.1147605971537,32.60736771795757,0.015417593772448675,0.0,0.0,0.0,
0.39,0.047873236,0.0036751265,central,0.1569637099,1.0,200mv0_converted.csv,200.0,152.35217904164247,326.69966933673527,326.77533647987235,326.744638669977,1957.2703914348324,1895.587102606745,62.577264042142126,0.03245799716318724,1.0,0.0,0.0,
0.39,0.047873236,0.0036751265,central,0.1569637099,1.0,250mv0_converted.csv,250.0,189.60094286792295,330.8551086181902,330.95830188379824,330.91170924182495,1680.6169070790982,1679.317032313583,5.307654755955275,0.0031569947668409143,0.5742574257425742,0.0,0.0,
0.39,0.047873236,0.0036751265,central,0.1569637099,1.0,300mv0_converted.csv,300.0,228.7136509323431,328.1267434038702,329.84989072948923,328.9609915993015,1017.9021323048438,1787.5546657448947,783.9764366175268,0.5909616825781605,0.0,0.0,0.0,
0.39,0.047873236,0.0036751265,central,0.1569637099,1.0,350mv0_converted.csv,350.0,267.07439601247086,327.06990411892986,329.20446249602213,328.06891468514095,711.7171214286312,1831.7474159769492,1128.7647957148604,0.9826180919511543,0.0,0.0,0.0,
0.39,0.047873236,0.0036751265,central,0.1569637099,1.0,400mv0_converted.csv,400.0,303.3911472089279,329.2067097475923,330.97874826275194,330.1143048852367,618.8494207894227,1724.7802069635675,1110.6271985503713,1.0473097140065828,0.0,0.0,0.0,
0.39,0.047873236,0.0036751265,central,0.1569637099,1.0,450mv0_converted.csv,450.0,341.9425303334189,330.9556667305036,332.37389596561184,331.67884082220985,543.6778432052596,1620.4781566657643,1079.246527256451,1.104431160716463,0.0,0.0,0.0,
0.39,0.047873236,0.0036751265,central,0.1569637099,1.0,500mv0_converted.csv,500.0,381.06588239966646,333.09835001183694,334.19503014739917,333.64354260007156,488.4121672435573,1415.7469482421875,929.5672801999125,1.0718058059353721,0.0,0.0,0.0,
0.39,0.047873236,0.0036751265,central,0.1569637099,1.0,50mv0_converted.csv,50.0,37.79944238139679,315.3055792381678,315.32918477568643,315.3183996148947,2317.5257234282963,2511.190864789604,196.4725313639721,0.08162204323322417,0.0,0.0,0.0,
0.39,0.047873236,0.0036751265,central,0.1569637099,1.0,550mv0_converted.csv,550.0,419.61731636118117,335.12823657175306,336.10555798489384,335.6360442389862,441.17624883923725,1055.8997216555151,618.5457923081128,0.8780154907849197,0.0,0.0,0.0,
0.39,0.047873236,0.0036751265,central,0.1569637099,1.0,600mv0_converted.csv,600.0,458.3699322834958,337.1880142280125,337.996778131313,337.57682975412627,406.2137219772026,603.6460522944384,204.2410706585205,0.4058795414777277,0.0,0.0,0.0,
0.39,0.047873236,0.0036751265,central,0.1569637099,1.0,650mv0_converted.csv,650.0,495.4173600492479,338.8899808990918,339.48492975185104,339.2005614941049,371.71004807550025,304.6582061465424,72.20252964474594,0.21781473184592046,1.0,0.0,0.0,
0.39,0.047873236,0.0036751265,central,0.1569637099,1.0,700mv0_converted.csv,700.0,533.4180352284689,340.49122578451914,341.0714192541358,340.77844947223645,340.7151551339026,141.50274643095412,199.68912104560872,0.8836988746850201,1.0,0.0,0.0,
0.39,0.047873236,0.0036751265,central,0.1569637099,1.0,750mv0_converted.csv,750.0,570.4337430744487,342.3025635454738,342.7381502798781,342.50253996065237,317.67631504893757,63.21709887816174,254.5943458191998,1.616287069969298,1.0,0.0,0.0,
0.39,0.047873236,0.0036751265,central,0.1569637099,1.0,800mv0_converted.csv,800.0,606.6551780288738,344.13072360822906,344.40080780578137,344.25421461330245,298.2108713285761,33.81822480305587,264.4229516089683,2.177024602737747,1.0,0.0,0.0,
0.39,0.047873236,0.0036751265,central,0.1569637099,1.0,850mv0_converted.csv,850.0,646.2233016263873,345.98184956802277,346.31926629297084,346.1309142231058,279.40774791155536,23.124272544785303,256.29346081282387,2.49186305633413,1.0,0.0,0.0,
0.39,0.047873236,0.0036751265,central,0.1569637099,1.0,900mv0_converted.csv,900.0,682.8259268820619,347.2625235118037,347.55919141786575,347.42484665348854,260.6128530389083,20.34670859988373,240.2721811327847,2.5501222206926326,1.0,0.0,0.0,
0.39,0.047873236,0.0036751265,central,0.1569637099,1.0,950mv0_converted.csv,950.0,722.372921341621,348.92064804650613,349.39154773353016,349.16455430983643,245.00311323851165,18.953062378533996,226.05706040617704,2.5592979190805463,1.0,0.0,0.0,
0.39,0.047873236,0.0036751265,central,0.5,1.0,1000mv0_converted.csv,1000.0,759.2191989197131,350.221085388914,350.6752929914714,350.49829575249004,230.55558060730556,18.51550309964926,212.05022388918377,2.521860220875219,1.0,0.0,0.0,
0.39,0.047873236,0.0036751265,central,0.5,1.0,100mv0_converted.csv,100.0,76.17083384633712,317.92721543331874,317.9812555977485,317.9496124779589,2245.5564588875172,2350.5849440168627,107.67950043758786,0.046969251925222076,0.0,0.0,0.0,
0.39,0.047873236,0.0036751265,central,0.5,1.0,1100mv0_converted.csv,1100.0,834.7865599618726,353.969434036032,354.3818013815846,354.20354547479,209.96291429798154,18.24367619505023,191.7390065542646,2.443061653709046,1.0,0.0,0.0,
0.39,0.047873236,0.0036751265,central,0.5,1.0,1200mv0_converted.csv,1200.0,908.6058899457871,356.78526846365924,357.4364195921907,357.1219324902865,190.4078320014925,18.22015131582128,172.20640162274395,2.346589055964607,1.0,0.0,0.0,
0.39,0.047873236,0.0036751265,central,0.5,1.0,150mv0_converted.csv,150.0,114.17150902555795,321.8190315873775,321.88645050532153,321.8551776184266,2105.387001524954,2135.114255395266,32.60680550392313,0.01541733068714128,0.0,0.0,0.0,
0.39,0.047873236,0.0036751265,central,0.5,1.0,200mv0_converted.csv,200.0,152.35217904164247,326.69966933673527,326.77533647987235,326.744638669977,1957.2703914348324,1895.5853198967357,62.57821749361918,0.03245850467571812,1.0,0.0,0.0,
0.39,0.047873236,0.0036751265,central,0.5,1.0,250mv0_converted.csv,250.0,189.60094286792295,330.8551086181902,330.95830188379824,330.91170924182495,1680.6169070790982,1679.3072811919865,5.301929174326577,0.0031535772501171603,0.5742574257425742,0.0,0.0,
0.39,0.047873236,0.0036751265,central,0.5,1.0,300mv0_converted.csv,300.0,228.7136509323431,328.1267434038702,329.84989072948923,328.9609915993015,1017.9021323048438,1784.914306640625,781.337780069688,0.5895219609085476,0.0,0.0,0.0,
0.39,0.047873236,0.0036751265,central,0.5,1.0,350mv0_converted.csv,350.0,267.07439601247086,327.06990411892986,329.20446249602213,328.06891468514095,711.7171214286312,1818.4619454865408,1115.649596038203,0.9755120375607748,0.0,0.0,0.0,
0.39,0.047873236,0.0036751265,central,0.5,1.0,400mv0_converted.csv,400.0,303.3911472089279,329.2067097475923,330.97874826275194,330.1143048852367,618.8494207894227,1702.473498656018,1088.4398161358838,1.0344629292053473,0.0,0.0,0.0,
0.39,0.047873236,0.0036751265,central,0.5,1.0,450mv0_converted.csv,450.0,341.9425303334189,330.9556667305036,332.37389596561184,331.67884082220985,543.6778432052596,1581.6433226330446,1040.480179899707,1.0803496177859542,0.0,0.0,0.0,
0.39,0.047873236,0.0036751265,central,0.5,1.0,500mv0_converted.csv,500.0,381.06588239966646,333.09835001183694,334.19503014739917,333.64354260007156,488.4121672435573,1334.2389278600713,847.9177179999012,1.0128155217586992,0.0,0.0,0.0,
0.39,0.047873236,0.0036751265,central,0.5,1.0,50mv0_converted.csv,50.0,37.79944238139679,315.3055792381678,315.32918477568643,315.3183996148947,2317.5257234282963,2511.190864789604,196.4725313639721,0.08162204323322417,0.0,0.0,0.0,
0.39,0.047873236,0.0036751265,central,0.5,1.0,550mv0_converted.csv,550.0,419.61731636118117,335.12823657175306,336.10555798489384,335.6360442389862,441.17624883923725,1026.4001374197478,587.4985893133894,0.8497181504721256,0.0,0.0,0.0,
0.39,0.047873236,0.0036751265,central,0.5,1.0,600mv0_converted.csv,600.0,458.3699322834958,337.1880142280125,337.996778131313,337.57682975412627,406.2137219772026,576.2174211256574,174.07227206685238,0.357696854298354,0.0,0.0,0.0,
0.39,0.047873236,0.0036751265,central,0.5,1.0,650mv0_converted.csv,650.0,495.4173600492479,338.8899808990918,339.48492975185104,339.2005614941049,371.71004807550025,290.40466731609683,83.7690697479072,0.2548655386642744,1.0,0.0,0.0,
0.39,0.047873236,0.0036751265,central,0.5,1.0,700mv0_converted.csv,700.0,533.4180352284689,340.49122578451914,341.0714192541358,340.77844947223645,340.7151551339026,128.89190318796895,212.10884811267348,0.9736666802886494,1.0,0.0,0.0,
0.39,0.047873236,0.0036751265,central,0.5,1.0,750mv0_converted.csv,750.0,570.4337430744487,342.3025635454738,342.7381502798781,342.50253996065237,317.67631504893757,57.89542638193263,259.9000034356178,1.702989766737165,1.0,0.0,0.0,
0.39,0.047873236,0.0036751265,central,0.5,1.0,800mv0_converted.csv,800.0,606.6551780288738,344.13072360822906,344.40080780578137,344.25421461330245,298.2108713285761,31.623964139730624,266.61603007683584,2.2439223001804067,1.0,0.0,0.0,
0.39,0.047873236,0.0036751265,central,0.5,1.0,850mv0_converted.csv,850.0,646.2233016263873,345.98184956802277,346.31926629297084,346.1309142231058,279.40774791155536,22.642053377510297,256.775217054936,2.5128692404072157,1.0,0.0,0.0,
0.39,0.047873236,0.0036751265,central,0.5,1.0,900mv0_converted.csv,900.0,682.8259268820619,347.2625235118037,347.55919141786575,347.42484665348854,260.6128530389083,20.108356456945437,240.51041586327793,2.5618961387774712,1.0,0.0,0.0,
0.39,0.047873236,0.0036751265,central,0.5,1.0,950mv0_converted.csv,950.0,722.372921341621,348.92064804650613,349.39154773353016,349.16455430983643,245.00311323851165,18.886467773135347,226.12357189243343,2.5628129214407434,1.0,0.0,0.0,
0.39,0.047873236,0.0036751265,central,2.0,1.0,1000mv0_converted.csv,1000.0,759.2191989197131,350.221085388914,350.6752929914714,350.49829575249004,230.55558060730556,18.42885955961624,212.13677902008166,2.5265491633060564,1.0,0.0,0.0,
0.39,0.047873236,0.0036751265,central,2.0,1.0,100mv0_converted.csv,100.0,76.17083384633712,317.92721543331874,317.9812555977485,317.9496124779589,2245.5564588875172,2350.584769976021,107.67931095528226,0.04696917126132887,0.0,0.0,0.0,
0.39,0.047873236,0.0036751265,central,2.0,1.0,1100mv0_converted.csv,1100.0,834.7865599618726,353.969434036032,354.3818013815846,354.20354547479,209.96291429798154,18.231945963189155,191.75073307310558,2.443704775076592,1.0,0.0,0.0,
0.39,0.047873236,0.0036751265,central,2.0,1.0,1200mv0_converted.csv,1200.0,908.6058899457871,356.78526846365924,357.4364195921907,357.1219324902865,190.4078320014925,18.218430396353845,172.2081203219409,2.3466834673187553,1.0,0.0,0.0,
0.39,0.047873236,0.0036751265,central,2.0,1.0,150mv0_converted.csv,150.0,114.17150902555795,321.8190315873775,321.88645050532153,321.8551776184266,2105.387001524954,2135.1116157758356,32.604085575369425,0.01541605815898929,0.0,0.0,0.0,
0.39,0.047873236,0.0036751265,central,2.0,1.0,200mv0_converted.csv,200.0,152.35217904164247,326.69966933673527,326.77533647987235,326.744638669977,1957.2703914348324,1895.5734476523824,62.58629622073035,0.032462789586240555,1.0,0.0,0.0,
0.39,0.047873236,0.0036751265,central,2.0,1.0,250mv0_converted.csv,250.0,189.60094286792295,330.8551086181902,330.95830188379824,330.91170924182495,1680.6169070790982,1679.2646351427136,5.278310537330811,0.003139476626564214,0.5742574257425742,0.0,0.0,
0.39,0.047873236,0.0036751265,central,2.0,1.0,300mv0_converted.csv,300.0,228.7136509323431,328.1267434038702,329.84989072948923,328.9609915993015,1017.9021323048438,1711.4147888787902,707.5838463542078,0.5478442954747268,0.0,0.0,0.0,
0.39,0.047873236,0.0036751265,central,2.0,1.0,350mv0_converted.csv,350.0,267.07439601247086,327.06990411892986,329.20446249602213,328.06891468514095,711.7171214286312,1739.3649455155476,1035.792187413645,0.9311792519637283,0.0,0.0,0.0,
0.39,0.047873236,0.0036751265,central,2.0,1.0,400mv0_converted.csv,400.0,303.3911472089279,329.2067097475923,330.97874826275194,330.1143048852367,618.8494207894227,1526.1157432027383,911.7402997574912,0.9248759700948989,0.0,0.0,0.0,
0.39,0.047873236,0.0036751265,central,2.0,1.0,450mv0_converted.csv,450.0,341.9425303334189,330.9556667305036,332.37389596561184,331.67884082220985,543.6778432052596,1336.937254650758,796.7610728218714,0.9122375562900208,0.0,0.0,0.0,
0.39,0.047873236,0.0036751265,central,2.0,1.0,500mv0_converted.csv,500.0,381.06588239966646,333.09835001183694,334.19503014739917,333.64354260007156,488.4121672435573,935.2617380878713,454.2171550887492,0.6594928038507513,0.0,0.0,0.0,
0.39,0.047873236,0.0036751265,central,2.0,1.0,50mv0_converted.csv,50.0,37.79944238139679,315.3055792381678,315.32918477568643,315.3183996148947,2317.5257234282963,2511.190864789604,196.4725313639721,0.08162204323322417,0.0,0.0,0.0,
0.39,0.047873236,0.0036751265,central,2.0,1.0,550mv0_converted.csv,550.0,419.61731636118117,335.12823657175306,336.10555798489384,335.6360442389862,441.17624883923725,602.0423145860728,173.65465310735976,0.3290114162140983,0.0,0.0,0.0,
0.39,0.047873236,0.0036751265,central,2.0,1.0,600mv0_converted.csv,600.0,458.3699322834958,337.1880142280125,337.996778131313,337.57682975412627,406.2137219772026,303.72415402856205,108.57921752280834,0.3154789223064086,0.0,0.0,0.0,
0.39,0.047873236,0.0036751265,central,2.0,1.0,650mv0_converted.csv,650.0,495.4173600492479,338.8899808990918,339.48492975185104,339.2005614941049,371.71004807550025,141.8539733131333,230.45869335335513,0.9697098054049309,1.0,0.0,0.0,
0.39,0.047873236,0.0036751265,central,2.0,1.0,700mv0_converted.csv,700.0,533.4180352284689,340.49122578451914,341.0714192541358,340.77844947223645,340.7151551339026,86.73810584946435,254.19227468061817,1.3726061831206806,1.0,0.0,0.0,
0.39,0.047873236,0.0036751265,central,2.0,1.0,750mv0_converted.csv,750.0,570.4337430744487,342.3025635454738,342.7381502798781,342.50253996065237,317.67631504893757,43.647549657538384,274.13203143805595,1.9860157541344496,1.0,0.0,0.0,
0.39,0.047873236,0.0036751265,central,2.0,1.0,800mv0_converted.csv,800.0,606.6551780288738,344.13072360822906,344.40080780578137,344.25421461330245,298.2108713285761,26.570071664186987,271.6681850483797,2.4180843927430886,1.0,0.0,0.0,
0.39,0.047873236,0.0036751265,central,2.0,1.0,850mv0_converted.csv,850.0,646.2233016263873,345.98184956802277,346.31926629297084,346.1309142231058,279.40774791155536,21.272920325250908,258.14358580850063,2.575246352657206,1.0,0.0,0.0,
0.39,0.047873236,0.0036751265,central,2.0,1.0,900mv0_converted.csv,900.0,682.8259268820619,347.2625235118037,347.55919141786575,347.42484665348854,260.6128530389083,19.382499921439898,241.2358848541058,2.598655163268065,1.0,0.0,0.0,
0.39,0.047873236,0.0036751265,central,2.0,1.0,950mv0_converted.csv,950.0,722.372921341621,348.92064804650613,349.39154773353016,349.16455430983643,245.00311323851165,18.673367623055334,226.33645012381024,2.5741569283654693,1.0,0.0,0.0,
0.39,0.047873236,0.0036751265,central,0.956269682,0.5,1000mv0_converted.csv,1000.0,759.2191989197131,350.221085388914,350.6752929914714,350.49829575249004,230.55558060730556,18.4804635944933,212.08522828921315,2.5237535352958744,1.0,0.0,0.0,
0.39,0.047873236,0.0036751265,central,0.956269682,0.5,100mv0_converted.csv,100.0,76.17083384633712,317.92721543331874,317.9812555977485,317.9496124779589,2245.5564588875172,2350.5848134862313,107.67935830540813,0.046969191398537134,0.0,0.0,0.0,
0.39,0.047873236,0.0036751265,central,0.956269682,0.5,1100mv0_converted.csv,1100.0,834.7865599618726,353.969434036032,354.3818013815846,354.20354547479,209.96291429798154,18.239028685163742,191.74365245605384,2.443316404137585,1.0,0.0,0.0,
0.39,0.047873236,0.0036751265,central,0.956269682,0.5,1200mv0_converted.csv,1200.0,908.6058899457871,356.78526846365924,357.43641959219076,357.1219324902865,190.4078320014925,18.21952202296493,172.20703003035246,2.3466235768944195,1.0,0.0,0.0,
0.39,0.047873236,0.0036751265,central,0.956269682,0.5,150mv0_converted.csv,150.0,114.17150902555795,321.8190315873775,321.88645050532153,321.8551776184266,2105.387001524954,2135.1136921797647,32.606170665990966,0.015417033606556944,0.0,0.0,0.0,
0.39,0.047873236,0.0036751265,central,0.956269682,0.5,200mv0_converted.csv,200.0,152.35217904164247,326.69966933673527,326.77533647987235,326.744638669977,1957.2703914348324,1895.5825086536975,62.58075787036673,0.03245984811768781,1.0,0.0,0.0,
0.39,0.047873236,0.0036751265,central,0.956269682,0.5,250mv0_converted.csv,250.0,189.60094286792295,330.8551086181902,330.95830188379824,330.91170924182495,1680.6169070790982,1679.118381613552,5.266106429389193,0.0031321063795970213,0.5742574257425742,0.0,0.0,
0.39,0.047873236,0.0036751265,central,0.956269682,0.5,300mv0_converted.csv,300.0,228.7136509323431,328.12674340387014,329.84989072948923,328.9609915993015,1017.9021323048438,1762.7482934328589,759.3719555123156,0.5772978900893788,0.0,0.0,0.0,
0.39,0.047873236,0.0036751265,central,0.956269682,0.5,350mv0_converted.csv,350.0,267.07439601247086,327.06990411892986,329.20446249602213,328.06891468514095,711.7171214286312,1788.254016234143,1085.4750405307748,0.9590207588907343,0.0,0.0,0.0,
0.39,0.047873236,0.0036751265,central,0.956269682,0.5,400mv0_converted.csv,400.0,303.3911472089279,329.20670974759236,330.97874826275194,330.1143048852367,618.8494207894227,1646.5566200785117,1032.4146537349973,1.0013041929547126,0.0,0.0,0.0,
0.39,0.047873236,0.0036751265,central,0.956269682,0.5,450mv0_converted.csv,450.0,341.9425303334189,330.9556667305036,332.37389596561184,331.67884082220985,543.6778432052596,1517.7170434328589,976.283074201387,1.039216418831038,0.0,0.0,0.0,
0.39,0.047873236,0.0036751265,central,0.956269682,0.5,500mv0_converted.csv,500.0,381.06588239966646,333.09835001183694,334.1950301473992,333.64354260007156,488.4121672435573,1215.7995520865563,728.8346595608193,0.9200452685954675,0.0,0.0,0.0,
0.39,0.047873236,0.0036751265,central,0.956269682,0.5,50mv0_converted.csv,50.0,37.79944238139679,315.3055792381678,315.32918477568643,315.3183996148947,2317.5257234282963,2511.190864789604,196.4725313639721,0.08162204323322417,0.0,0.0,0.0,
0.39,0.047873236,0.0036751265,central,0.956269682,0.5,550mv0_converted.csv,550.0,419.61731636118117,335.12823657175306,336.10555798489384,335.6360442389862,441.17624883923725,832.5407201181544,392.8730620059319,0.6409855371828531,0.0,0.0,0.0,
0.39,0.047873236,0.0036751265,central,0.956269682,0.5,600mv0_converted.csv,600.0,458.3699322834958,337.1880142280125,337.996778131313,337.57682975412627,406.2137219772026,442.07422298015933,42.77004873493102,0.10258153961635669,0.0,0.0,0.0,
0.39,0.047873236,0.0036751265,central,0.956269682,0.5,650mv0_converted.csv,650.0,495.4173600492479,338.8899808990918,339.48492975185104,339.2005614941049,371.71004807550025,218.55554456049853,153.7816824301608,0.5319826399288989,1.0,0.0,0.0,
0.39,0.047873236,0.0036751265,central,0.956269682,0.5,700mv0_converted.csv,700.0,533.4180352284689,340.49122578451914,341.0714192541358,340.77844947223645,340.7151551339026,111.33459155394299,229.5691612908968,1.1185698006641216,1.0,0.0,0.0,
0.39,0.047873236,0.0036751265,central,0.956269682,0.5,750mv0_converted.csv,750.0,570.4337430744487,342.3025635454738,342.73815027987814,342.50253996065237,317.67631504893757,52.44577713768081,265.3380079295829,1.8012048014889959,1.0,0.0,0.0,
0.39,0.047873236,0.0036751265,central,0.956269682,0.5,800mv0_converted.csv,800.0,606.6551780288738,344.13072360822906,344.40080780578137,344.25421461330245,298.2108713285761,29.796518080305344,268.44256603356126,2.3033643106516886,1.0,0.0,0.0,
0.39,0.047873236,0.0036751265,central,0.956269682,0.5,850mv0_converted.csv,850.0,646.2233016263873,345.98184956802277,346.31926629297084,346.1309142231058,279.40774791155536,22.12118926850876,257.29575413943866,2.536118953466037,1.0,0.0,0.0,
0.39,0.047873236,0.0036751265,central,0.956269682,0.5,900mv0_converted.csv,900.0,682.8259268820619,347.2625235118037,347.5591914178657,347.42484665348854,260.6128530389083,19.871124607501645,240.7474818054743,2.5737564757090405,1.0,0.0,0.0,
0.39,0.047873236,0.0036751265,central,0.956269682,0.5,950mv0_converted.csv,950.0,722.372921341621,348.9206480465062,349.39154773353016,349.16455430983643,245.00311323851165,18.81468381976137,226.19526785536598,2.5666178604872987,1.0,0.0,0.0,
0.39,0.047873236,0.0036751265,central,0.1569637099,0.5,1000mv0_converted.csv,1000.0,759.2191989197131,350.221085388914,350.6752929914714,350.49829575249004,230.55558060730556,18.543976018924525,212.0217856955246,2.5203249970449004,1.0,0.0,0.0,
0.39,0.047873236,0.0036751265,central,0.1569637099,0.5,100mv0_converted.csv,100.0,76.17083384633712,317.92721543331874,317.9812555977485,317.9496124779589,2245.5564588875172,2350.584963354734,107.67952088977599,0.04696926062207424,0.0,0.0,0.0,
0.39,0.047873236,0.0036751265,central,0.1569637099,0.5,1100mv0_converted.csv,1100.0,834.7865599618726,353.969434036032,354.3818013815846,354.20354547479,209.96291429798154,18.248605501533735,191.7340781378907,2.4427915139948273,1.0,0.0,0.0,
0.39,0.047873236,0.0036751265,central,0.1569637099,0.5,1200mv0_converted.csv,1200.0,908.6058899457871,356.78526846365924,357.43641959219076,357.1219324902865,190.4078320014925,18.2207513186011,172.20580224984428,2.3465561385759712,1.0,0.0,0.0,
0.39,0.047873236,0.0036751265,central,0.1569637099,0.5,150mv0_converted.csv,150.0,114.17150902555795,321.8190315873775,321.88645050532153,321.8551776184266,2105.387001524954,2135.114714669709,32.60731227679445,0.015417567809728798,0.0,0.0,0.0,
0.39,0.047873236,0.0036751265,central,0.1569637099,0.5,200mv0_converted.csv,200.0,152.35217904164247,326.69966933673527,326.77533647987235,326.744638669977,1957.2703914348324,1895.5866481667697,62.577838072410344,0.032458299643726894,1.0,0.0,0.0,
0.39,0.047873236,0.0036751265,central,0.1569637099,0.5,250mv0_converted.csv,250.0,189.60094286792295,330.8551086181902,330.95830188379824,330.91170924182495,1680.6169070790982,1679.2906566657643,5.300811529067543,0.003152899816572851,0.5742574257425742,0.0,0.0,
0.39,0.047873236,0.0036751265,central,0.1569637099,0.5,300mv0_converted.csv,300.0,228.7136509323431,328.12674340387014,329.84989072948923,328.9609915993015,1017.9021323048438,1787.5520418374845,783.972941899248,0.5909596171842918,0.0,0.0,0.0,
0.39,0.047873236,0.0036751265,central,0.1569637099,0.5,350mv0_converted.csv,350.0,267.07439601247086,327.06990411892986,329.20446249602213,328.06891468514095,711.7171214286312,1831.7451667407952,1128.762621089532,0.9826170086894638,0.0,0.0,0.0,
0.39,0.047873236,0.0036751265,central,0.1569637099,0.5,400mv0_converted.csv,400.0,303.3911472089279,329.20670974759236,330.97874826275194,330.1143048852367,618.8494207894227,1724.7414103592976,1110.586404081891,1.047285459249068,0.0,0.0,0.0,
0.39,0.047873236,0.0036751265,central,0.1569637099,0.5,450mv0_converted.csv,450.0,341.9425303334189,330.9556667305036,332.37389596561184,331.67884082220985,543.6778432052596,1620.430962590888,1079.194898433861,1.1043976138472071,0.0,0.0,0.0,
0.39,0.047873236,0.0036751265,central,0.1569637099,0.5,500mv0_converted.csv,500.0,381.06588239966646,333.09835001183694,334.1950301473992,333.64354260007156,488.4121672435573,1415.615663434019,929.4268746503238,1.0717021234312953,0.0,0.0,0.0,
0.39,0.047873236,0.0036751265,central,0.1569637099,0.5,50mv0_converted.csv,50.0,37.79944238139679,315.3055792381678,315.32918477568643,315.3183996148947,2317.5257234282963,2511.190864789604,196.4725313639721,0.08162204323322417,0.0,0.0,0.0,
0.39,0.047873236,0.0036751265,central,0.1569637099,0.5,550mv0_converted.csv,550.0,419.61731636118117,335.12823657175306,336.10555798489384,335.6360442389862,441.17624883923725,1055.8404613532643,618.4782457223548,0.8779408149918706,0.0,0.0,0.0,
0.39,0.047873236,0.0036751265,central,0.1569637099,0.5,600mv0_converted.csv,600.0,458.3699322834958,337.1880142280125,337.996778131313,337.57682975412627,406.2137219772026,603.6489100692296,204.24400795109992,0.40588388162610295,0.0,0.0,0.0,
0.39,0.047873236,0.0036751265,central,0.1569637099,0.5,650mv0_converted.csv,650.0,495.4173600492479,338.8899808990918,339.48492975185104,339.2005614941049,371.71004807550025,304.58277364296487,72.25226768397914,0.21796358759340576,1.0,0.0,0.0,
0.39,0.047873236,0.0036751265,central,0.1569637099,0.5,700mv0_converted.csv,700.0,533.4180352284689,340.49122578451914,341.0714192541358,340.77844947223645,340.7151551339026,141.48124135838876,199.70896800399575,0.8838357851346202,1.0,0.0,0.0,
0.39,0.047873236,0.0036751265,central,0.1569637099,0.5,750mv0_converted.csv,750.0,570.4337430744487,342.3025635454738,342.73815027987814,342.50253996065237,317.67631504893757,63.20598632510346,254.60523622732435,1.6164549384032423,1.0,0.0,0.0,
0.39,0.047873236,0.0036751265,central,0.1569637099,0.5,800mv0_converted.csv,800.0,606.6551780288738,344.13072360822906,344.40080780578137,344.25421461330245,298.2108713285761,33.80623611601273,264.4348388702552,2.1773741770232102,1.0,0.0,0.0,
0.39,0.047873236,0.0036751265,central,0.1569637099,0.5,850mv0_converted.csv,850.0,646.2233016263873,345.98184956802277,346.31926629297084,346.1309142231058,279.40774791155536,23.122801110295967,256.29494457963585,2.491929076968558,1.0,0.0,0.0,
0.39,0.047873236,0.0036751265,central,0.1569637099,0.5,900mv0_converted.csv,900.0,682.8259268820619,347.2625235118037,347.5591914178657,347.42484665348854,260.6128530389083,20.41504714512589,240.2039207910677,2.5467762127089655,1.0,0.0,0.0,
0.39,0.047873236,0.0036751265,central,0.1569637099,0.5,950mv0_converted.csv,950.0,722.372921341621,348.9206480465062,349.39154773353016,349.16455430983643,245.00311323851165,18.96296839194723,226.04716220688957,2.558775914682718,1.0,0.0,0.0,
0.39,0.047873236,0.0036751265,central,0.5,0.5,1000mv0_converted.csv,1000.0,759.2191989197131,350.221085388914,350.6752929914714,350.49829575249004,230.55558060730556,18.511652804837368,212.05407340167176,2.5220681720515272,1.0,0.0,0.0,
0.39,0.047873236,0.0036751265,central,0.5,0.5,100mv0_converted.csv,100.0,76.17083384633712,317.92721543331874,317.9812555977485,317.9496124779589,2245.5564588875172,2350.5849246789912,107.67947947087363,0.046969243004420645,0.0,0.0,0.0,
0.39,0.047873236,0.0036751265,central,0.5,0.5,1100mv0_converted.csv,1100.0,834.7865599618726,353.969434036032,354.3818013815846,354.20354547479,209.96291429798154,18.24351709195883,191.73916560050836,2.4430703737941837,1.0,0.0,0.0,
0.39,0.047873236,0.0036751265,central,0.5,0.5,1200mv0_converted.csv,1200.0,908.6058899457871,356.78526846365924,357.43641959219076,357.1219324902865,190.4078320014925,18.220092093590463,172.20646072930174,2.346592303969058,1.0,0.0,0.0,
0.39,0.047873236,0.0036751265,central,0.5,0.5,150mv0_converted.csv,150.0,114.17150902555795,321.8190315873775,321.88645050532153,321.8551776184266,2105.387001524954,2135.1143037399443,32.60684827132532,0.015417350679144511,0.0,0.0,0.0,
0.39,0.047873236,0.0036751265,central,0.5,0.5,200mv0_converted.csv,200.0,152.35217904164247,326.69966933673527,326.77533647987235,326.744638669977,1957.2703914348324,1895.5849101755878,62.57905265153264,0.03245894386153841,1.0,0.0,0.0,
0.39,0.047873236,0.0036751265,central,0.5,0.5,250mv0_converted.csv,250.0,189.60094286792295,330.8551086181902,330.95830188379824,330.91170924182495,1680.6169070790982,1679.2172053875308,5.284111203023219,0.003142900916139747,0.5742574257425742,0.0,0.0,
0.39,0.047873236,0.0036751265,central,0.5,0.5,300mv0_converted.csv,300.0,228.7136509323431,328.12674340387014,329.84989072948923,328.9609915993015,1017.9021323048438,1784.8757988958075,781.3010029598663,0.5895018893724733,0.0,0.0,0.0,
0.39,0.047873236,0.0036751265,central,0.5,0.5,350mv0_converted.csv,350.0,267.07439601247086,327.06990411892986,329.20446249602213,328.06891468514095,711.7171214286312,1818.3863247408726,1115.5751097975492,0.9754713237127468,0.0,0.0,0.0,
0.39,0.047873236,0.0036751265,central,0.5,0.5,400mv0_converted.csv,400.0,303.3911472089279,329.20670974759236,330.97874826275194,330.1143048852367,618.8494207894227,1701.541230758818,1087.5165712044213,1.0339221561029717,0.0,0.0,0.0,
0.39,0.047873236,0.0036751265,central,0.5,0.5,450mv0_converted.csv,450.0,341.9425303334189,330.9556667305036,332.37389596561184,331.67884082220985,543.6778432052596,1581.3540196182705,1040.193323821527,1.080167047133666,0.0,0.0,0.0,
0.39,0.047873236,0.0036751265,central,0.5,0.5,500mv0_converted.csv,500.0,381.06588239966646,333.09835001183694,334.1950301473992,333.64354260007156,488.4121672435573,1332.997749555229,846.6809760126281,1.0118863521104686,0.0,0.0,0.0,
0.39,0.047873236,0.0036751265,central,0.5,0.5,50mv0_converted.csv,50.0,37.79944238139679,315.3055792381678,315.32918477568643,315.3183996148947,2317.5257234282963,2511.190864789604,196.4725313639721,0.08162204323322417,0.0,0.0,0.0,
0.39,0.047873236,0.0036751265,central,0.5,0.5,550mv0_converted.csv,550.0,419.61731636118117,335.12823657175306,336.10555798489384,335.6360442389862,441.17624883923725,1025.7959365089341,586.8722135100409,0.8491141632941089,0.0,0.0,0.0,
0.39,0.047873236,0.0036751265,central,0.5,0.5,600mv0_converted.csv,600.0,458.3699322834958,337.1880142280125,337.996778131313,337.57682975412627,406.2137219772026,576.2094793036432,174.06323880298368,0.35768186380740513,0.0,0.0,0.0,
0.39,0.047873236,0.0036751265,central,0.5,0.5,650mv0_converted.csv,650.0,495.4173600492479,338.8899808990918,339.48492975185104,339.2005614941049,371.71004807550025,275.4601543162129,98.23256382358198,0.30655086031983214,1.0,0.0,0.0,
0.39,0.047873236,0.0036751265,central,0.5,0.5,700mv0_converted.csv,700.0,533.4180352284689,340.49122578451914,341.0714192541358,340.77844947223645,340.7151551339026,134.7222098171121,206.3392276129836,0.9302401637377693,1.0,0.0,0.0,
0.39,0.047873236,0.0036751265,central,0.5,0.5,750mv0_converted.csv,750.0,570.4337430744487,342.3025635454738,342.73815027987814,342.50253996065237,317.67631504893757,57.792572701331416,260.00277897662994,1.7047674800396198,1.0,0.0,0.0,
0.39,0.047873236,0.0036751265,central,0.5,0.5,800mv0_converted.csv,800.0,606.6551780288738,344.13072360822906,344.40080780578137,344.25421461330245,298.2108713285761,31.608636289539902,266.6313494221703,2.2444068811538234,1.0,0.0,0.0,
0.39,0.047873236,0.0036751265,central,0.5,0.5,850mv0_converted.csv,850.0,646.2233016263873,345.98184956802277,346.31926629297084,346.1309142231058,279.40774791155536,22.61854336049297,256.79872377222057,2.5139078908467116,1.0,0.0,0.0,
0.39,0.047873236,0.0036751265,central,0.5,0.5,900mv0_converted.csv,900.0,682.8259268820619,347.2625235118037,347.5591914178657,347.42484665348854,260.6128530389083,20.122251586158676,240.49652285379557,2.5612054787691223,1.0,0.0,0.0,
0.39,0.047873236,0.0036751265,central,0.5,0.5,950mv0_converted.csv,950.0,722.372921341621,348.9206480465062,349.39154773353016,349.16455430983643,245.00311323851165,18.886467754250706,226.1235719165406,2.5628129233478285,1.0,0.0,0.0,
0.39,0.047873236,0.0036751265,central,2.0,0.5,1000mv0_converted.csv,1000.0,759.2191989197131,350.221085388914,350.6752929914714,350.49829575249004,230.55558060730556,18.423111339606862,212.14252792163106,2.526861125107623,1.0,0.0,0.0,
0.39,0.047873236,0.0036751265,central,2.0,0.5,100mv0_converted.csv,100.0,76.17083384633712,317.92721543331874,317.9812555977485,317.9496124779589,2245.5564588875172,2350.584690207302,107.67922278262809,0.04696913369189006,0.0,0.0,0.0,
0.39,0.047873236,0.0036751265,central,2.0,0.5,1100mv0_converted.csv,1100.0,834.7865599618726,353.969434036032,354.3818013815846,354.20354547479,209.96291429798154,18.231711151576278,191.75096788189157,2.4437176544989843,1.0,0.0,0.0,
0.39,0.047873236,0.0036751265,central,2.0,0.5,1200mv0_converted.csv,1200.0,908.6058899457871,356.78526846365924,357.43641959219076,357.1219324902865,190.4078320014925,18.218392041650148,172.20815876945582,2.3466855745852584,1.0,0.0,0.0,
0.39,0.047873236,0.0036751265,central,2.0,0.5,150mv0_converted.csv,150.0,114.17150902555795,321.8190315873775,321.88645050532153,321.8551776184266,2105.387001524954,2135.1120122021966,32.604394098402594,0.015416202339940573,0.0,0.0,0.0,
0.39,0.047873236,0.0036751265,central,2.0,0.5,200mv0_converted.csv,200.0,152.35217904164247,326.69966933673527,326.77533647987235,326.744638669977,1957.2703914348324,1895.573104405167,62.588300570927345,0.032463841282188446,1.0,0.0,0.0,
0.39,0.047873236,0.0036751265,central,2.0,0.5,250mv0_converted.csv,250.0,189.60094286792295,330.8551086181902,330.95830188379824,330.91170924182495,1680.6169070790982,1678.8711819790378,5.274479101132112,0.0031369539673749103,0.5742574257425742,0.0,0.0,
0.39,0.047873236,0.0036751265,central,2.0,0.5,300mv0_converted.csv,300.0,228.7136509323431,328.12674340387014,329.84989072948923,328.9609915993015,1017.9021323048438,1709.6492750715502,705.8272798146353,0.5468268406742977,0.0,0.0,0.0,
0.39,0.047873236,0.0036751265,central,2.0,0.5,350mv0_converted.csv,350.0,267.07439601247086,327.06990411892986,329.20446249602213,328.06891468514095,711.7171214286312,1740.9227633334622,1037.3264280282092,0.9320467013913427,0.0,0.0,0.0,
0.39,0.047873236,0.0036751265,central,2.0,0.5,400mv0_converted.csv,400.0,303.3911472089279,329.20670974759236,330.97874826275194,330.1143048852367,618.8494207894227,1524.2246178353187,909.8326253046288,0.9236036068103196,0.0,0.0,0.0,
0.39,0.047873236,0.0036751265,central,2.0,0.5,450mv0_converted.csv,450.0,341.9425303334189,330.9556667305036,332.37389596561184,331.67884082220985,543.6778432052596,1334.8106761970143,794.6248678676019,0.9106114320651246,0.0,0.0,0.0,
0.39,0.047873236,0.0036751265,central,2.0,0.5,500mv0_converted.csv,500.0,381.06588239966646,333.09835001183694,334.1950301473992,333.64354260007156,488.4121672435573,926.9844765238242,446.0964433988423,0.6506995768728728,0.0,0.0,0.0,
0.39,0.047873236,0.0036751265,central,2.0,0.5,50mv0_converted.csv,50.0,37.79944238139679,315.3055792381678,315.32918477568643,315.3183996148947,2317.5257234282963,2511.190864789604,196.4725313639721,0.08162204323322417,0.0,0.0,0.0,
0.39,0.047873236,0.0036751265,central,2.0,0.5,550mv0_converted.csv,550.0,419.61731636118117,335.12823657175306,336.10555798489384,335.6360442389862,441.17624883923725,593.8035544216043,165.9675266419518,0.3163246900406685,0.0,0.0,0.0,
0.39,0.047873236,0.0036751265,central,2.0,0.5,600mv0_converted.csv,600.0,458.3699322834958,337.1880142280125,337.996778131313,337.57682975412627,406.2137219772026,301.15867478776687,110.93621957295736,0.3234451431391449,0.0,0.0,0.0,
0.39,0.047873236,0.0036751265,central,2.0,0.5,650mv0_converted.csv,650.0,495.4173600492479,338.8899808990918,339.48492975185104,339.2005614941049,371.71004807550025,134.29199226303857,237.97760394748005,1.0242318526765746,1.0,0.0,0.0,
0.39,0.047873236,0.0036751265,central,2.0,0.5,700mv0_converted.csv,700.0,533.4180352284689,340.49122578451914,341.0714192541358,340.77844947223645,340.7151551339026,86.08870017174446,254.83952555810504,1.3800623379291175,1.0,0.0,0.0,
0.39,0.047873236,0.0036751265,central,2.0,0.5,750mv0_converted.csv,750.0,570.4337430744487,342.3025635454738,342.73815027987814,342.50253996065237,317.67631504893757,43.42531087138865,274.3541686590949,1.9911205489400865,1.0,0.0,0.0,
0.39,0.047873236,0.0036751265,central,2.0,0.5,800mv0_converted.csv,800.0,606.6551780288738,344.13072360822906,344.40080780578137,344.25421461330245,298.2108713285761,26.53366432567634,271.70457713845263,2.4194554256265435,1.0,0.0,0.0,
0.39,0.047873236,0.0036751265,central,2.0,0.5,850mv0_converted.csv,850.0,646.2233016263873,345.98184956802277,346.31926629297084,346.1309142231058,279.40774791155536,21.202248299475944,258.2142621006035,2.578572862338363,1.0,0.0,0.0,
0.39,0.047873236,0.0036751265,central,2.0,0.5,900mv0_converted.csv,900.0,682.8259268820619,347.2625235118037,347.5591914178657,347.42484665348854,260.6128530389083,19.41736699094867,241.20101402530818,2.5968580919616757,1.0,0.0,0.0,
0.39,0.047873236,0.0036751265,central,2.0,0.5,950mv0_converted.csv,950.0,722.372921341621,348.9206480465062,349.39154773353016,349.16455430983643,245.00311323851165,18.670429229736328,226.33938906946804,2.574314283903132,1.0,0.0,0.0,
0.39,0.047873236,0.0036751265,central,0.956269682,0.25,1000mv0_converted.csv,1000.0,759.2191989197131,350.221085388914,350.6752929914714,350.49829575249004,230.55558060730556,18.479156380832784,212.0865355663743,2.5238242748300426,1.0,0.0,0.0,
0.39,0.047873236,0.0036751265,central,0.956269682,0.25,100mv0_converted.csv,100.0,76.17083384633712,317.92721543331874,317.9812555977485,317.9496124779589,2245.5564588875172,2350.584910175588,107.6794636304807,0.04696923625176714,0.0,0.0,0.0,
0.39,0.047873236,0.0036751265,central,0.956269682,0.25,1100mv0_converted.csv,1100.0,834.7865599618726,353.969434036032,354.38180138158464,354.2035454747901,209.96291429798154,18.238980038331288,191.74370113211756,2.4433190719830318,1.0,0.0,0.0,
0.39,0.047873236,0.0036751265,central,0.956269682,0.25,1200mv0_converted.csv,1200.0,908.6058899457871,356.7852684636593,357.43641959219076,357.1219324902865,190.4078320014925,18.21947498132687,172.20707699308517,2.3466261572297746,1.0,0.0,0.0,
0.39,0.047873236,0.0036751265,central,0.956269682,0.25,150mv0_converted.csv,150.0,114.17150902555795,321.8190315873775,321.88645050532153,321.8551776184266,2105.387001524954,2135.113228070854,32.60571078729397,0.015416818455266082,0.0,0.0,0.0,
0.39,0.047873236,0.0036751265,central,0.956269682,0.25,200mv0_converted.csv,200.0,152.35217904164247,326.69966933673527,326.77533647987235,326.744638669977,1957.2703914348324,1895.5702508605352,62.592188725938286,0.03246588481390384,1.0,0.0,0.0,
0.39,0.047873236,0.0036751265,central,0.956269682,0.25,250mv0_converted.csv,250.0,189.60094286792295,330.85510861819023,330.95830188379824,330.911709241825,1680.6169070790982,1679.2300844098081,5.282931699632032,0.0031422121796083878,0.5742574257425742,0.0,0.0,
0.39,0.047873236,0.0036751265,central,0.956269682,0.25,300mv0_converted.csv,300.0,228.7136509323431,328.1267434038702,329.84989072948923,328.9609915993015,1017.9021323048438,1762.5249095954518,759.1499088912165,0.5771726781781586,0.0,0.0,0.0,
0.39,0.047873236,0.0036751265,central,0.956269682,0.25,350mv0_converted.csv,350.0,267.07439601247086,327.06990411892986,329.20446249602213,328.06891468514095,711.7171214286312,1787.9297455136139,1085.1507497115103,0.9588403732023596,0.0,0.0,0.0,
0.39,0.047873236,0.0036751265,central,0.956269682,0.25,400mv0_converted.csv,400.0,303.3911472089279,329.20670974759236,330.97874826275194,330.1143048852368,618.8494207894227,1645.1041827815593,1030.96715848361,1.0004302711462674,0.0,0.0,0.0,
0.39,0.047873236,0.0036751265,central,0.956269682,0.25,450mv0_converted.csv,450.0,341.9425303334189,330.95566673050365,332.3738959656119,331.67884082220985,543.6778432052596,1517.688399211015,976.2542024031422,1.0391958544523865,0.0,0.0,0.0,
0.39,0.047873236,0.0036751265,central,0.956269682,0.25,500mv0_converted.csv,500.0,381.06588239966646,333.098350011837,334.1950301473992,333.6435426000716,488.4121672435573,1215.1412776531558,728.1810930162437,0.9195019604531525,0.0,0.0,0.0,
0.39,0.047873236,0.0036751265,central,0.956269682,0.25,50mv0_converted.csv,50.0,37.79944238139679,315.3055792381678,315.32918477568643,315.3183996148947,2317.5257234282963,2511.190864789604,196.4725313639721,0.08162204323322417,0.0,0.0,0.0,
0.39,0.047873236,0.0036751265,central,0.956269682,0.25,550mv0_converted.csv,550.0,419.61731636118117,335.1282365717531,336.10555798489384,335.6360442389862,441.17624883923725,829.8094663714419,390.1584830954329,0.6377163664461675,0.0,0.0,0.0,
0.39,0.047873236,0.0036751265,central,0.956269682,0.25,600mv0_converted.csv,600.0,458.3699322834958,337.18801422801255,337.996778131313,337.57682975412627,406.2137219772026,440.2092883421643,41.22896583268977,0.09912372884220068,0.0,0.0,0.0,
0.39,0.047873236,0.0036751265,central,0.956269682,0.25,650mv0_converted.csv,650.0,495.4173600492479,338.8899808990919,339.48492975185104,339.20056149410493,371.71004807550025,217.0437197543607,155.28622912748156,0.5388990049522961,1.0,0.0,0.0,
0.39,0.047873236,0.0036751265,central,0.956269682,0.25,700mv0_converted.csv,700.0,533.4180352284689,340.4912257845192,341.07141925413583,340.77844947223656,340.7151551339026,110.54437618444462,230.35843734283506,1.1256958049124475,1.0,0.0,0.0,
0.39,0.047873236,0.0036751265,central,0.956269682,0.25,750mv0_converted.csv,750.0,570.4337430744487,342.3025635454738,342.73815027987814,342.50253996065237,317.67631504893757,52.17227323928682,265.6113023202737,1.806432810059517,1.0,0.0,0.0,
0.39,0.047873236,0.0036751265,central,0.956269682,0.25,800mv0_converted.csv,800.0,606.6551780288738,344.1307236082291,344.40080780578137,344.25421461330257,298.2108713285761,29.731730206177968,268.50734461922576,2.305540999206388,1.0,0.0,0.0,
0.39,0.047873236,0.0036751265,central,0.956269682,0.25,850mv0_converted.csv,850.0,646.2233016263873,345.98184956802277,346.31926629297084,346.13091422310583,279.40774791155536,22.113714803563486,257.30322799180226,2.5364568878417035,1.0,0.0,0.0,
0.39,0.047873236,0.0036751265,central,0.956269682,0.25,900mv0_converted.csv,900.0,682.8259268820619,347.26252351180375,347.55919141786575,347.42484665348854,260.6128530389083,19.844321411434965,240.77428272139406,2.5751061818807344,1.0,0.0,0.0,
0.39,0.047873236,0.0036751265,central,0.956269682,0.25,950mv0_converted.csv,950.0,722.372921341621,348.92064804650624,349.39154773353016,349.1645543098365,245.00311323851165,18.814775315841825,226.1951763915452,2.5666129981277916,1.0,0.0,0.0,
0.39,0.047873236,0.0036751265,central,0.1569637099,0.25,1000mv0_converted.csv,1000.0,759.2191989197131,350.221085388914,350.6752929914714,350.49829575249004,230.55558060730556,18.543986896477122,212.02177495704865,2.5203244181748197,1.0,0.0,0.0,
0.39,0.047873236,0.0036751265,central,0.1569637099,0.25,100mv0_converted.csv,100.0,76.17083384633712,317.92721543331874,317.9812555977485,317.9496124779589,2245.5564588875172,2350.584987527073,107.67954628927536,0.046969271434101935,0.0,0.0,0.0,
0.39,0.047873236,0.0036751265,central,0.1569637099,0.25,1100mv0_converted.csv,1100.0,834.7865599618726,353.969434036032,354.38180138158464,354.2035454747901,209.96291429798154,18.248608220921884,191.73407527875818,2.442791362123188,1.0,0.0,0.0,
0.39,0.047873236,0.0036751265,central,0.1569637099,0.25,1200mv0_converted.csv,1200.0,908.6058899457871,356.7852684636593,357.43641959219076,357.1219324902865,190.4078320014925,18.2207510353315,172.2058025202612,2.346556153848171,1.0,0.0,0.0,
0.39,0.047873236,0.0036751265,central,0.1569637099,0.25,150mv0_converted.csv,150.0,114.17150902555795,321.8190315873775,321.88645050532153,321.8551776184266,2105.387001524954,2135.114804107364,32.60740626042847,0.015417611811494274,0.0,0.0,0.0,
0.39,0.047873236,0.0036751265,central,0.1569637099,0.25,200mv0_converted.csv,200.0,152.35217904164247,326.69966933673527,326.77533647987235,326.744638669977,1957.2703914348324,1895.585829933091,62.57858800077387,0.03245869574041793,1.0,0.0,0.0,
0.39,0.047873236,0.0036751265,central,0.1569637099,0.25,250mv0_converted.csv,250.0,189.60094286792295,330.85510861819023,330.95830188379824,330.911709241825,1680.6169070790982,1679.3070672667852,5.305694029220178,0.003155821031618362,0.5742574257425742,0.0,0.0,
0.39,0.047873236,0.0036751265,central,0.1569637099,0.25,300mv0_converted.csv,300.0,228.7136509323431,328.1267434038702,329.84989072948923,328.9609915993015,1017.9021323048438,1787.5428394279857,783.9624406763547,0.5909535557903846,0.0,0.0,0.0,
0.39,0.047873236,0.0036751265,central,0.1569637099,0.25,350mv0_converted.csv,350.0,267.07439601247086,327.06990411892986,329.20446249602213,328.06891468514095,711.7171214286312,1831.7390934405942,1128.755666152196,0.982612907789526,0.0,0.0,0.0,
0.39,0.047873236,0.0036751265,central,0.1569637099,0.25,400mv0_converted.csv,400.0,303.3911472089279,329.20670974759236,330.97874826275194,330.1143048852368,618.8494207894227,1724.725749100789,1110.5699920604777,1.0472757811544096,0.0,0.0,0.0,
0.39,0.047873236,0.0036751265,central,0.1569637099,0.25,450mv0_converted.csv,450.0,341.9425303334189,330.95566673050365,332.3738959656119,331.67884082220985,543.6778432052596,1620.3961121209777,1079.1590275542949,1.104375365206267,0.0,0.0,0.0,
0.39,0.047873236,0.0036751265,central,0.1569637099,0.25,500mv0_converted.csv,500.0,381.06588239966646,333.098350011837,334.1950301473992,333.6435426000716,488.4121672435573,1415.5873866317295,929.3954999713675,1.0716774402309395,0.0,0.0,0.0,
0.39,0.047873236,0.0036751265,central,0.1569637099,0.25,50mv0_converted.csv,50.0,37.79944238139679,315.3055792381678,315.32918477568643,315.3183996148947,2317.5257234282963,2511.190864789604,196.4725313639721,0.08162204323322417,0.0,0.0,0.0,
0.39,0.047873236,0.0036751265,central,0.1569637099,0.25,550mv0_converted.csv,550.0,419.61731636118117,335.1282365717531,336.10555798489384,335.6360442389862,441.17624883923725,1055.6731651986,618.302449809398,0.8777763478248465,0.0,0.0,0.0,
0.39,0.047873236,0.0036751265,central,0.1569637099,0.25,600mv0_converted.csv,600.0,458.3699322834958,337.18801422801255,337.996778131313,337.57682975412627,406.2137219772026,603.6990628384127,204.28985173018793,0.4059481551580128,0.0,0.0,0.0,
0.39,0.047873236,0.0036751265,central,0.1569637099,0.25,650mv0_converted.csv,650.0,495.4173600492479,338.8899808990919,339.48492975185104,339.20056149410493,371.71004807550025,304.594042183149,72.2437188230266,0.21794226649567913,1.0,0.0,0.0,
0.39,0.047873236,0.0036751265,central,0.1569637099,0.25,700mv0_converted.csv,700.0,533.4180352284689,340.4912257845192,341.07141925413583,340.77844947223656,340.7151551339026,141.44656387178026,199.74251183143178,0.8840736562707012,1.0,0.0,0.0,
0.39,0.047873236,0.0036751265,central,0.1569637099,0.25,750mv0_converted.csv,750.0,570.4337430744487,342.3025635454738,342.73815027987814,342.50253996065237,317.67631504893757,63.19719167275004,254.61364281689143,1.616592250496717,1.0,0.0,0.0,
0.39,0.047873236,0.0036751265,central,0.1569637099,0.25,800mv0_converted.csv,800.0,606.6551780288738,344.1307236082291,344.40080780578137,344.25421461330257,298.2108713285761,33.79937483532594,264.4416583096544,2.17757266170364,1.0,0.0,0.0,
0.39,0.047873236,0.0036751265,central,0.1569637099,0.25,850mv0_converted.csv,850.0,646.2233016263873,345.98184956802277,346.31926629297084,346.13091422310583,279.40774791155536,23.112475650145274,256.3052328087712,2.4923704057208274,1.0,0.0,0.0,
0.39,0.047873236,0.0036751265,central,0.1569637099,0.25,900mv0_converted.csv,900.0,682.8259268820619,347.26252351180375,347.55919141786575,347.42484665348854,260.6128530389083,20.37314245016268,240.2457489832051,2.5488247245959723,1.0,0.0,0.0,
0.39,0.047873236,0.0036751265,central,0.1569637099,0.25,950mv0_converted.csv,950.0,722.372921341621,348.92064804650624,349.39154773353016,349.1645543098365,245.00311323851165,18.96244245472521,226.0476911424966,2.5588038525051577,1.0,0.0,0.0,
0.39,0.047873236,0.0036751265,central,0.5,0.25,1000mv0_converted.csv,1000.0,759.2191989197131,350.221085388914,350.6752929914714,350.49829575249004,230.55558060730556,18.51077323384804,212.05495278582657,2.522115682929481,1.0,0.0,0.0,
0.39,0.047873236,0.0036751265,central,0.5,0.25,100mv0_converted.csv,100.0,76.17083384633712,317.92721543331874,317.9812555977485,317.9496124779589,2245.5564588875172,2350.584953685798,107.67951101932483,0.04696925642754926,0.0,0.0,0.0,
0.39,0.047873236,0.0036751265,central,0.5,0.25,1100mv0_converted.csv,1100.0,834.7865599618726,353.969434036032,354.38180138158464,354.2035454747901,209.96291429798154,18.243417003367206,191.73926569021248,2.443075860187381,1.0,0.0,0.0,
0.39,0.047873236,0.0036751265,central,0.5,0.25,1200mv0_converted.csv,1200.0,908.6058899457871,356.7852684636593,357.43641959219076,357.1219324902865,190.4078320014925,18.220133809760064,172.2064191185067,2.3465900165827076,1.0,0.0,0.0,
0.39,0.047873236,0.0036751265,central,0.5,0.25,150mv0_converted.csv,150.0,114.17150902555795,321.8190315873775,321.88645050532153,321.8551776184266,2105.387001524954,2135.1141369508045,32.606673439999796,0.015417268869034616,0.0,0.0,0.0,
0.39,0.047873236,0.0036751265,central,0.5,0.25,200mv0_converted.csv,200.0,152.35217904164247,326.69966933673527,326.77533647987235,326.744638669977,1957.2703914348324,1895.579751798422,62.58386457444687,0.03246148493133972,1.0,0.0,0.0,
0.39,0.047873236,0.0036751265,central,0.5,0.25,250mv0_converted.csv,250.0,189.60094286792295,330.85510861819023,330.95830188379824,330.911709241825,1680.6169070790982,1679.273466506807,5.295279106013707,0.0031495954845736328,0.5742574257425742,0.0,0.0,
0.39,0.047873236,0.0036751265,central,0.5,0.25,300mv0_converted.csv,300.0,228.7136509323431,328.1267434038702,329.84989072948923,328.9609915993015,1017.9021323048438,1784.8259627842667,781.2507631437288,0.5894738638431588,0.0,0.0,0.0,
0.39,0.047873236,0.0036751265,central,0.5,0.25,350mv0_converted.csv,350.0,267.07439601247086,327.06990411892986,329.20446249602213,328.06891468514095,711.7171214286312,1818.2126247292697,1115.403767379591,0.9753776387214527,0.0,0.0,0.0,
0.39,0.047873236,0.0036751265,central,0.5,0.25,400mv0_converted.csv,400.0,303.3911472089279,329.20670974759236,330.97874826275194,330.1143048852368,618.8494207894227,1701.3569215075804,1087.3339616078079,1.0338150791604654,0.0,0.0,0.0,
0.39,0.047873236,0.0036751265,central,0.5,0.25,450mv0_converted.csv,450.0,341.9425303334189,330.95566673050365,332.3738959656119,331.67884082220985,543.6778432052596,1582.1670272373917,1041.0010934352401,1.0806769319949403,0.0,0.0,0.0,
0.39,0.047873236,0.0036751265,central,0.5,0.25,500mv0_converted.csv,500.0,381.06588239966646,333.098350011837,334.1950301473992,333.6435426000716,488.4121672435573,1332.6797032120205,846.3645015574779,1.0116477022671166,0.0,0.0,0.0,
0.39,0.047873236,0.0036751265,central,0.5,0.25,50mv0_converted.csv,50.0,37.79944238139679,315.3055792381678,315.32918477568643,315.3183996148947,2317.5257234282963,2511.190864789604,196.4725313639721,0.08162204323322417,0.0,0.0,0.0,
0.39,0.047873236,0.0036751265,central,0.5,0.25,550mv0_converted.csv,550.0,419.61731636118117,335.1282365717531,336.10555798489384,335.6360442389862,441.17624883923725,1025.0766317537516,586.1434713109428,0.8484102175245688,0.0,0.0,0.0,
0.39,0.047873236,0.0036751265,central,0.5,0.25,600mv0_converted.csv,600.0,458.3699322834958,337.18801422801255,337.996778131313,337.57682975412627,406.2137219772026,576.0622099319307,173.90211180479466,0.3574128105219125,0.0,0.0,0.0,
0.39,0.047873236,0.0036751265,central,0.5,0.25,650mv0_converted.csv,650.0,495.4173600492479,338.8899808990919,339.48492975185104,339.20056149410493,371.71004807550025,277.40702427023706,96.3352807333329,0.2995725060024117,1.0,0.0,0.0,
0.39,0.047873236,0.0036751265,central,0.5,0.25,700mv0_converted.csv,700.0,533.4180352284689,340.4912257845192,341.07141925413583,340.77844947223656,340.7151551339026,135.2416879635046,205.81800929989825,0.9263492689358598,1.0,0.0,0.0,
0.39,0.047873236,0.0036751265,central,0.5,0.25,750mv0_converted.csv,750.0,570.4337430744487,342.3025635454738,342.73815027987814,342.50253996065237,317.67631504893757,57.61153774450321,260.18361582641114,1.7079021316005412,1.0,0.0,0.0,
0.39,0.047873236,0.0036751265,central,0.5,0.25,800mv0_converted.csv,800.0,606.6551780288738,344.1307236082291,344.40080780578137,344.25421461330257,298.2108713285761,31.569266649756102,266.67071079907055,2.245652887642177,1.0,0.0,0.0,
0.39,0.047873236,0.0036751265,central,0.5,0.25,850mv0_converted.csv,850.0,646.2233016263873,345.98184956802277,346.31926629297084,346.13091422310583,279.40774791155536,22.61707364450587,256.80019319392153,2.513972853936749,1.0,0.0,0.0,
0.39,0.047873236,0.0036751265,central,0.5,0.25,900mv0_converted.csv,900.0,682.8259268820619,347.26252351180375,347.55919141786575,347.42484665348854,260.6128530389083,20.105926230402275,240.51284532070517,2.5620169334979543,1.0,0.0,0.0,
0.39,0.047873236,0.0036751265,central,0.5,0.25,950mv0_converted.csv,950.0,722.372921341621,348.92064804650624,349.39154773353016,349.1645543098365,245.00311323851165,18.886489679317663,226.12354993339295,2.562811759558555,1.0,0.0,0.0,
0.39,0.047873236,0.0036751265,central,2.0,0.25,1000mv0_converted.csv,1000.0,759.2191989197131,350.221085388914,350.6752929914714,350.49829575249004,230.55558060730556,18.4207551786215,212.14488449900833,2.5269890255750536,1.0,0.0,0.0,
0.39,0.047873236,0.0036751265,central,2.0,0.25,100mv0_converted.csv,100.0,76.17083384633712,317.92721543331874,317.9812555977485,317.9496124779589,2245.5564588875172,2350.584724048577,107.67925854490399,0.046969148905601554,0.0,0.0,0.0,
0.39,0.047873236,0.0036751265,central,2.0,0.25,1100mv0_converted.csv,1100.0,834.7865599618726,353.969434036032,354.38180138158464,354.2035454747901,209.96291429798154,18.231597730428867,191.75108121367344,2.443723873929599,1.0,0.0,0.0,
0.39,0.047873236,0.0036751265,central,2.0,0.25,1200mv0_converted.csv,1200.0,908.6058899457871,356.7852684636593,357.43641959219076,357.1219324902865,190.4078320014925,18.218361203033144,172.2081895846355,2.346687266854377,1.0,0.0,0.0,
0.39,0.047873236,0.0036751265,central,2.0,0.25,150mv0_converted.csv,150.0,114.17150902555795,321.8190315873775,321.88645050532153,321.8551776184266,2105.387001524954,2135.1111516669243,32.60347264466422,0.015415771175697927,0.0,0.0,0.0,
0.39,0.047873236,0.0036751265,central,2.0,0.25,200mv0_converted.csv,200.0,152.35217904164247,326.69966933673527,326.77533647987235,326.744638669977,1957.2703914348324,1895.5503328531095,62.609584069349154,0.0324750801629382,1.0,0.0,0.0,
0.39,0.047873236,0.0036751265,central,2.0,0.25,250mv0_converted.csv,250.0,189.60094286792295,330.85510861819023,330.95830188379824,330.911709241825,1680.6169070790982,1679.1268818165997,5.2617043155885,0.0031294984305290396,0.5742574257425742,0.0,0.0,
0.39,0.047873236,0.0036751265,central,2.0,0.25,300mv0_converted.csv,300.0,228.7136509323431,328.1267434038702,329.84989072948923,328.9609915993015,1017.9021323048438,1709.3438237256344,705.5051247327568,0.5466359093769344,0.0,0.0,0.0,
0.39,0.047873236,0.0036751265,central,2.0,0.25,350mv0_converted.csv,350.0,267.07439601247086,327.06990411892986,329.20446249602213,328.06891468514095,711.7171214286312,1741.79926080987,1038.1739394524934,0.9325195134134213,0.0,0.0,0.0,
0.39,0.047873236,0.0036751265,central,2.0,0.25,400mv0_converted.csv,400.0,303.3911472089279,329.20670974759236,330.97874826275194,330.1143048852368,618.8494207894227,1523.1769572342976,908.7778035348696,0.9228963191384614,0.0,0.0,0.0,
0.39,0.047873236,0.0036751265,central,2.0,0.25,450mv0_converted.csv,450.0,341.9425303334189,330.95566673050365,332.3738959656119,331.67884082220985,543.6778432052596,1335.7262615543782,795.518037993116,0.9112826985927773,0.0,0.0,0.0,
0.39,0.047873236,0.0036751265,central,2.0,0.25,500mv0_converted.csv,500.0,381.06588239966646,333.098350011837,334.1950301473992,333.6435426000716,488.4121672435573,922.9104378577506,442.0977340478285,0.646343466742605,0.0,0.0,0.0,
0.39,0.047873236,0.0036751265,central,2.0,0.25,50mv0_converted.csv,50.0,37.79944238139679,315.3055792381678,315.32918477568643,315.3183996148947,2317.5257234282963,2511.190864789604,196.4725313639721,0.08162204323322417,0.0,0.0,0.0,
0.39,0.047873236,0.0036751265,central,2.0,0.25,550mv0_converted.csv,550.0,419.61731636118117,335.1282365717531,336.10555798489384,335.6360442389862,441.17624883923725,589.4577271112121,161.9542401517528,0.30962339050704624,0.0,0.0,0.0,
0.39,0.047873236,0.0036751265,central,2.0,0.25,600mv0_converted.csv,600.0,458.3699322834958,337.18801422801255,337.996778131313,337.57682975412627,406.2137219772026,298.50982968169865,113.39251297423613,0.3318452258914614,0.0,0.0,0.0,
0.39,0.047873236,0.0036751265,central,2.0,0.25,650mv0_converted.csv,650.0,495.4173600492479,338.8899808990919,339.48492975185104,339.20056149410493,371.71004807550025,132.5507788327661,239.70895568017636,1.0372280074133875,1.0,0.0,0.0,
0.39,0.047873236,0.0036751265,central,2.0,0.25,700mv0_converted.csv,700.0,533.4180352284689,340.4912257845192,341.07141925413583,340.77844947223656,340.7151551339026,84.89316830776706,256.03260942324795,1.3940742137712197,1.0,0.0,0.0,
0.39,0.047873236,0.0036751265,central,2.0,0.25,750mv0_converted.csv,750.0,570.4337430744487,342.3025635454738,342.73815027987814,342.50253996065237,317.67631504893757,43.009501957657314,274.7695922669883,2.0007254370412526,1.0,0.0,0.0,
0.39,0.047873236,0.0036751265,central,2.0,0.25,800mv0_converted.csv,800.0,606.6551780288738,344.1307236082291,344.40080780578137,344.25421461330257,298.2108713285761,26.407756201111443,271.8304726464362,2.4242094447624893,1.0,0.0,0.0,
0.39,0.047873236,0.0036751265,central,2.0,0.25,850mv0_converted.csv,850.0,646.2233016263873,345.98184956802277,346.31926629297084,346.13091422310583,279.40774791155536,21.115267328696675,258.30124939998666,2.5826822467015793,1.0,0.0,0.0,
0.39,0.047873236,0.0036751265,central,2.0,0.25,900mv0_converted.csv,900.0,682.8259268820619,347.26252351180375,347.55919141786575,347.42484665348854,260.6128530389083,19.376942530717,241.24144211534784,2.5989420112563453,1.0,0.0,0.0,
0.39,0.047873236,0.0036751265,central,2.0,0.25,950mv0_converted.csv,950.0,722.372921341621,348.92064804650624,349.39154773353016,349.1645543098365,245.00311323851165,18.666640517735246,226.34317866820442,2.574517209828469,1.0,0.0,0.0,
0.0,0.047873236,0.0036751265,zero_electrical_C,0.956269682,1.0,1000mv0_converted.csv,1000.0,759.2191989197131,350.22075568380944,350.67529487787806,350.49817787470556,230.5542164888722,18.485350259459846,212.07909452967706,2.5234829687643408,1.0,0.0,0.0,
0.0,0.047873236,0.0036751265,zero_electrical_C,0.956269682,1.0,100mv0_converted.csv,100.0,76.17083384633712,317.92674556302546,317.9805152721002,317.9495267794199,2245.7264357654694,2350.589812325959,107.84965700006889,0.04705434119591867,0.0,0.0,0.0,
0.0,0.047873236,0.0036751265,zero_electrical_C,0.956269682,1.0,1100mv0_converted.csv,1100.0,834.7865599618726,353.9690157507033,354.38060152748113,354.2034500317539,209.96068445973128,18.23941712332244,191.74104697794638,2.4432844598963355,1.0,0.0,0.0,
0.0,0.047873236,0.0036751265,zero_electrical_C,0.956269682,1.0,1200mv0_converted.csv,1200.0,908.6058899457871,356.7847170456187,357.43604063115976,357.12182725558984,190.40696180854948,18.219522929427647,172.2061991564632,2.3466188490536046,1.0,0.0,0.0,
0.0,0.047873236,0.0036751265,zero_electrical_C,0.956269682,1.0,150mv0_converted.csv,150.0,114.17150902555795,321.8189501843452,321.8863173517594,321.8554419786208,2105.308296464096,2135.099959873917,32.647999370703545,0.015436574058062291,0.0,0.0,0.0,
0.0,0.047873236,0.0036751265,zero_electrical_C,0.956269682,1.0,200mv0_converted.csv,200.0,152.35217904164247,326.702018674466,326.775035693602,326.74480648665565,1957.2516462810129,1895.573326790687,62.564842158749954,0.032452256934472526,1.0,0.0,0.0,
0.0,0.047873236,0.0036751265,zero_electrical_C,0.956269682,1.0,250mv0_converted.csv,250.0,189.60094286792295,330.8549945102252,330.9608631059185,330.9121943428987,1680.536009763378,1679.2962719001393,5.702320936972635,0.0033921170754544817,0.5445544554455446,0.0,0.0,
0.0,0.047873236,0.0036751265,zero_electrical_C,0.956269682,1.0,300mv0_converted.csv,300.0,228.7136509323431,328.13180488598937,329.8420399934983,328.9585773429838,1017.4386421639383,1763.562718759669,761.4441317480814,0.5787111460581095,0.0,0.0,0.0,
0.0,0.047873236,0.0036751265,zero_electrical_C,0.956269682,1.0,350mv0_converted.csv,350.0,267.07439601247086,327.0715254307726,329.200985248243,328.07167862111993,710.657784095842,1789.6670369063274,1088.3746607998155,0.9613848834721908,0.0,0.0,0.0,
0.0,0.047873236,0.0036751265,zero_electrical_C,0.956269682,1.0,400mv0_converted.csv,400.0,303.3911472089279,329.20433197304106,330.9684395948795,330.1108778947528,619.1284819792245,1648.6842983736851,1034.5578652578708,1.0024238505045813,0.0,0.0,0.0,
0.0,0.047873236,0.0036751265,zero_electrical_C,0.956269682,1.0,450mv0_converted.csv,450.0,341.9425303334189,330.95998236344536,332.37317393644616,331.6793758457626,543.6395699102709,1521.6513780650525,980.3937079598021,1.041994232451849,0.0,0.0,0.0,
0.0,0.047873236,0.0036751265,zero_electrical_C,0.956269682,1.0,500mv0_converted.csv,500.0,381.06588239966646,333.09510934975367,334.1958065887241,333.64470990770604,488.35678896426754,1224.8564646503712,738.0233370098579,0.9276446425062804,0.0,0.0,0.0,
0.0,0.047873236,0.0036751265,zero_electrical_C,0.956269682,1.0,50mv0_converted.csv,50.0,37.79944238139679,315.3054632981272,315.32906860905894,315.3184398997552,2317.522483844282,2511.188145401454,197.17469402136507,0.08196542325330555,0.0,0.0,0.0,
0.0,0.047873236,0.0036751265,zero_electrical_C,0.956269682,1.0,550mv0_converted.csv,550.0,419.61731636118117,335.1308114848061,336.10562190953226,335.6346306371067,441.26149547968083,841.3447265625,401.6345620075669,0.6513808886402473,0.0,0.0,0.0,
0.0,0.047873236,0.0036751265,zero_electrical_C,0.956269682,1.0,600mv0_converted.csv,600.0,458.3699322834958,337.18991630393623,337.9948488450493,337.5771501601465,406.1416101751117,443.2441947106088,43.9924371039688,0.10537708638503569,0.0,0.0,0.0,
0.0,0.047873236,0.0036751265,zero_electrical_C,0.956269682,1.0,650mv0_converted.csv,650.0,495.4173600492479,338.889742787613,339.4844672435729,339.2005613665095,371.735189396038,221.72258448836828,150.67162045095097,0.5177801472820652,1.0,0.0,0.0,
0.0,0.047873236,0.0036751265,zero_electrical_C,0.956269682,1.0,700mv0_converted.csv,700.0,533.4180352284689,340.492255591698,341.0699723271631,340.77832801805744,340.71030709535864,111.96087193253017,228.94112088168526,1.1129472913480443,1.0,0.0,0.0,
0.0,0.047873236,0.0036751265,zero_electrical_C,0.956269682,1.0,750mv0_converted.csv,750.0,570.4337430744487,342.30243820057,342.73873548563756,342.50236944494156,317.68002974620157,52.79244609870533,264.99565601118786,1.794631976631903,1.0,0.0,0.0,
0.0,0.047873236,0.0036751265,zero_electrical_C,0.956269682,1.0,800mv0_converted.csv,800.0,606.6551780288738,344.12967927006065,344.4018840562654,344.2542070196053,298.2000820842029,29.843408527940806,268.38491232840585,2.301756403242258,1.0,0.0,0.0,
0.0,0.047873236,0.0036751265,zero_electrical_C,0.956269682,1.0,850mv0_converted.csv,850.0,646.2233016263873,345.98270533971333,346.31935210336195,346.130656448405,279.40763672939227,22.148176665353304,257.2686975138332,2.5348993599578415,1.0,0.0,0.0,
0.0,0.047873236,0.0036751265,zero_electrical_C,0.956269682,1.0,900mv0_converted.csv,900.0,682.8259268820619,347.2624021627832,347.5585570600856,347.4249235327754,260.61732005286666,19.886924479267385,240.7361559638638,2.572978825995726,1.0,0.0,0.0,
0.0,0.047873236,0.0036751265,zero_electrical_C,0.956269682,1.0,950mv0_converted.csv,950.0,722.372921341621,348.9199089000669,349.3918325708315,349.164219631939,245.0081761998012,18.815287675007735,226.19968423368533,2.566606541019861,1.0,0.0,0.0,
0.0,0.047873236,0.0036751265,zero_electrical_C,0.1569637099,1.0,1000mv0_converted.csv,1000.0,759.2191989197131,350.22075568380944,350.67529487787806,350.49817787470556,230.5542164888722,18.543994015986378,212.02052695118334,2.520317979395019,1.0,0.0,0.0,
0.0,0.047873236,0.0036751265,zero_electrical_C,0.1569637099,1.0,100mv0_converted.csv,100.0,76.17083384633712,317.92674556302546,317.9805152721002,317.9495267794199,2245.7264357654694,2350.589976697865,107.8498360567452,0.047054417433687004,0.0,0.0,0.0,
0.0,0.047873236,0.0036751265,zero_electrical_C,0.1569637099,1.0,1100mv0_converted.csv,1100.0,834.7865599618726,353.9690157507033,354.38060152748113,354.2034500317539,209.96068445973128,18.248602517760627,191.73186567073657,2.442781063302441,1.0,0.0,0.0,
0.0,0.047873236,0.0036751265,zero_electrical_C,0.1569637099,1.0,1200mv0_converted.csv,1200.0,908.6058899457871,356.7847170456187,357.43604063115976,357.12182725558984,190.40696180854948,18.220754547874527,172.20496931687003,2.346551288829376,1.0,0.0,0.0,
0.0,0.047873236,0.0036751265,zero_electrical_C,0.1569637099,1.0,150mv0_converted.csv,150.0,114.17150902555795,321.8189501843452,321.8863173517594,321.8554419786208,2105.308296464096,2135.1010621325804,32.649282824960366,0.015437174837310283,0.0,0.0,0.0,
0.0,0.047873236,0.0036751265,zero_electrical_C,0.1569637099,1.0,200mv0_converted.csv,200.0,152.35217904164247,326.702018674466,326.775035693602,326.74480648665565,1957.2516462810129,1895.5785637279548,62.56084273091329,0.03245013895515732,1.0,0.0,0.0,
0.0,0.047873236,0.0036751265,zero_electrical_C,0.1569637099,1.0,250mv0_converted.csv,250.0,189.60094286792295,330.8549945102252,330.9608631059185,330.9121943428987,1680.536009763378,1679.2913298654084,5.750752042145659,0.003420975120144039,0.5445544554455446,0.0,0.0,
0.0,0.047873236,0.0036751265,zero_electrical_C,0.1569637099,1.0,300mv0_converted.csv,300.0,228.7136509323431,328.13180488598937,329.8420399934983,328.9585773429838,1017.4386421639383,1787.69542369276,785.4951018516238,0.5920782508369712,0.0,0.0,0.0,
0.0,0.047873236,0.0036751265,zero_electrical_C,0.1569637099,1.0,350mv0_converted.csv,350.0,267.07439601247086,327.0715254307726,329.200985248243,328.07167862111993,710.657784095842,1831.6342096612004,1130.179316966768,0.984171448868598,0.0,0.0,0.0,
0.0,0.047873236,0.0036751265,zero_electrical_C,0.1569637099,1.0,400mv0_converted.csv,400.0,303.3911472089279,329.20433197304106,330.9684395948795,330.1108778947528,619.1284819792245,1724.9653006072092,1110.8984166752236,1.0473143905954025,0.0,0.0,0.0,
0.0,0.047873236,0.0036751265,zero_electrical_C,0.1569637099,1.0,450mv0_converted.csv,450.0,341.9425303334189,330.95998236344536,332.37317393644616,331.6793758457626,543.6395699102709,1620.4774701713336,1079.5170025843786,1.1047246190873663,0.0,0.0,0.0,
0.0,0.047873236,0.0036751265,zero_electrical_C,0.1569637099,1.0,500mv0_converted.csv,500.0,381.06588239966646,333.09510934975367,334.1958065887241,333.64470990770604,488.35678896426754,1415.6403893196937,929.7549527601299,1.0721211223416702,0.0,0.0,0.0,
0.0,0.047873236,0.0036751265,zero_electrical_C,0.1569637099,1.0,50mv0_converted.csv,50.0,37.79944238139679,315.3054632981272,315.32906860905894,315.3184398997552,2317.522483844282,2511.188145401454,197.17469402136507,0.08196542325330555,0.0,0.0,0.0,
0.0,0.047873236,0.0036751265,zero_electrical_C,0.1569637099,1.0,550mv0_converted.csv,550.0,419.61731636118117,335.1308114848061,336.10562190953226,335.6346306371067,441.26149547968083,1056.4221324354114,619.298651895137,0.8787901069923663,0.0,0.0,0.0,
0.0,0.047873236,0.0036751265,zero_electrical_C,0.1569637099,1.0,600mv0_converted.csv,600.0,458.3699322834958,337.18991630393623,337.9948488450493,337.5771501601465,406.1416101751117,603.8443101939589,205.0214726618727,0.4074142807007515,0.0,0.0,0.0,
0.0,0.047873236,0.0036751265,zero_electrical_C,0.1569637099,1.0,650mv0_converted.csv,650.0,495.4173600492479,338.889742787613,339.4844672435729,339.2005613665095,371.735189396038,304.7941335545908,72.53958514822999,0.21877043773374308,1.0,0.0,0.0,
0.0,0.047873236,0.0036751265,zero_electrical_C,0.1569637099,1.0,700mv0_converted.csv,700.0,533.4180352284689,340.492255591698,341.0699723271631,340.77832801805744,340.71030709535864,141.58201765305924,199.64710678467037,0.8833494157353915,1.0,0.0,0.0,
0.0,0.047873236,0.0036751265,zero_electrical_C,0.1569637099,1.0,750mv0_converted.csv,750.0,570.4337430744487,342.30243820057,342.73873548563756,342.50236944494156,317.68002974620157,63.22909017128519,254.59380237675387,1.6161705500468082,1.0,0.0,0.0,
0.0,0.047873236,0.0036751265,zero_electrical_C,0.1569637099,1.0,800mv0_converted.csv,800.0,606.6551780288738,344.12967927006065,344.4018840562654,344.2542070196053,298.2000820842029,33.81421200591739,264.4169026606071,2.1771150405663966,1.0,0.0,0.0,
0.0,0.047873236,0.0036751265,zero_electrical_C,0.1569637099,1.0,850mv0_converted.csv,850.0,646.2233016263873,345.98270533971333,346.31935210336195,346.130656448405,279.40763672939227,23.117563719796664,256.30011933071967,2.4921489377844512,1.0,0.0,0.0,
0.0,0.047873236,0.0036751265,zero_electrical_C,0.1569637099,1.0,900mv0_converted.csv,900.0,682.8259268820619,347.2624021627832,347.5585570600856,347.4249235327754,260.61732005286666,20.355629514939714,240.26774541466696,2.5497015011457256,1.0,0.0,0.0,
0.0,0.047873236,0.0036751265,zero_electrical_C,0.1569637099,1.0,950mv0_converted.csv,950.0,722.372921341621,348.9199089000669,349.3918325708315,349.164219631939,245.0081761998012,18.951575817448077,226.06357009724047,2.559397165216595,1.0,0.0,0.0,
0.0,0.047873236,0.0036751265,zero_electrical_C,0.5,1.0,1000mv0_converted.csv,1000.0,759.2191989197131,350.22075568380944,350.67529487787806,350.49817787470556,230.5542164888722,18.514622622197216,212.0498593428763,2.5219016393848266,1.0,0.0,0.0,
0.0,0.047873236,0.0036751265,zero_electrical_C,0.5,1.0,100mv0_converted.csv,100.0,76.17083384633712,317.92674556302546,317.9805152721002,317.9495267794199,2245.7264357654694,2350.589930770421,107.84978709008334,0.047054396611523816,0.0,0.0,0.0,
0.0,0.047873236,0.0036751265,zero_electrical_C,0.5,1.0,1100mv0_converted.csv,1100.0,834.7865599618726,353.9690157507033,354.38060152748113,354.2034500317539,209.96068445973128,18.243658594565815,191.73680753504294,2.44305198022504,1.0,0.0,0.0,
0.0,0.047873236,0.0036751265,zero_electrical_C,0.5,1.0,1200mv0_converted.csv,1200.0,908.6058899457871,356.7847170456187,357.43604063115976,357.12182725558984,190.40696180854948,18.220112300155186,172.2056106800911,2.3465865194630284,1.0,0.0,0.0,
0.0,0.047873236,0.0036751265,zero_electrical_C,0.5,1.0,150mv0_converted.csv,150.0,114.17150902555795,321.8189501843452,321.8863173517594,321.8554419786208,2105.308296464096,2135.100564182395,32.64870328443886,0.015436903557383449,0.0,0.0,0.0,
0.0,0.047873236,0.0036751265,zero_electrical_C,0.5,1.0,200mv0_converted.csv,200.0,152.35217904164247,326.702018674466,326.775035693602,326.74480648665565,1957.2516462810129,1895.5765985167852,62.56228863481778,0.032450905092237435,1.0,0.0,0.0,
0.0,0.047873236,0.0036751265,zero_electrical_C,0.5,1.0,250mv0_converted.csv,250.0,189.60094286792295,330.8549945102252,330.9608631059185,330.9121943428987,1680.536009763378,1679.2937446820854,5.729391298473262,0.0034082467516515246,0.5445544554455446,0.0,0.0,
0.0,0.047873236,0.0036751265,zero_electrical_C,0.5,1.0,300mv0_converted.csv,300.0,228.7136509323431,328.13180488598937,329.8420399934983,328.9585773429838,1017.4386421639383,1785.0854842686417,782.8339323141661,0.5906176676757974,0.0,0.0,0.0,
0.0,0.047873236,0.0036751265,zero_electrical_C,0.5,1.0,350mv0_converted.csv,350.0,267.07439601247086,327.0715254307726,329.200985248243,328.07167862111993,710.657784095842,1818.6096312267946,1117.343022802895,0.9772261720225988,0.0,0.0,0.0,
0.0,0.047873236,0.0036751265,zero_electrical_C,0.5,1.0,400mv0_converted.csv,400.0,303.3911472089279,329.20433197304106,330.9684395948795,330.1108778947528,619.1284819792245,1702.7078132251702,1088.7636171335275,1.034503007558135,0.0,0.0,0.0,
0.0,0.047873236,0.0036751265,zero_electrical_C,0.5,1.0,450mv0_converted.csv,450.0,341.9425303334189,330.95998236344536,332.37317393644616,331.6793758457626,543.6395699102709,1582.4473127610613,1041.5437818681244,1.0811437052301438,0.0,0.0,0.0,
0.0,0.047873236,0.0036751265,zero_electrical_C,0.5,1.0,500mv0_converted.csv,500.0,381.06588239966646,333.09510934975367,334.1958065887241,333.64470990770604,488.35678896426754,1335.032389725789,848.976650737618,1.0137712776377679,0.0,0.0,0.0,
0.0,0.047873236,0.0036751265,zero_electrical_C,0.5,1.0,50mv0_converted.csv,50.0,37.79944238139679,315.3054632981272,315.32906860905894,315.3184398997552,2317.522483844282,2511.188145401454,197.17469402136507,0.08196542325330555,0.0,0.0,0.0,
0.0,0.047873236,0.0036751265,zero_electrical_C,0.5,1.0,550mv0_converted.csv,550.0,419.61731636118117,335.1308114848061,336.10562190953226,335.6346306371067,441.26149547968083,1027.58159856513,588.8182171465809,0.850990916713671,0.0,0.0,0.0,
0.0,0.047873236,0.0036751265,zero_electrical_C,0.5,1.0,600mv0_converted.csv,600.0,458.3699322834958,337.18991630393623,337.9948488450493,337.5771501601465,406.1416101751117,576.993420893603,175.27308064129863,0.35993008269752114,0.0,0.0,0.0,
0.0,0.047873236,0.0036751265,zero_electrical_C,0.5,1.0,650mv0_converted.csv,650.0,495.4173600492479,338.889742787613,339.4844672435729,339.2005613665095,371.735189396038,291.09305051293705,83.32287782823015,0.2532109051972165,1.0,0.0,0.0,
0.0,0.047873236,0.0036751265,zero_electrical_C,0.5,1.0,700mv0_converted.csv,700.0,533.4180352284689,340.492255591698,341.0699723271631,340.77832801805744,340.71030709535864,134.4278667940952,206.62275985407578,0.9320650084764653,1.0,0.0,0.0,
0.0,0.047873236,0.0036751265,zero_electrical_C,0.5,1.0,750mv0_converted.csv,750.0,570.4337430744487,342.30243820057,342.73873548563756,342.50236944494156,317.68002974620157,58.057552828647125,259.7456356659037,1.7002413453381482,1.0,0.0,0.0,
0.0,0.047873236,0.0036751265,zero_electrical_C,0.5,1.0,800mv0_converted.csv,800.0,606.6551780288738,344.12967927006065,344.4018840562654,344.2542070196053,298.2000820842029,31.636297811375986,266.5932685557078,2.2435011326254215,1.0,0.0,0.0,
0.0,0.047873236,0.0036751265,zero_electrical_C,0.5,1.0,850mv0_converted.csv,850.0,646.2233016263873,345.98270533971333,346.31935210336195,346.130656448405,279.40763672939227,22.645104285514,256.7721254343572,2.512734577519979,1.0,0.0,0.0,
0.0,0.047873236,0.0036751265,zero_electrical_C,0.5,1.0,900mv0_converted.csv,900.0,682.8259268820619,347.2624021627832,347.5585570600856,347.4249235327754,260.61732005286666,20.131718607232123,240.49153654677716,2.560752431498863,1.0,0.0,0.0,
0.0,0.047873236,0.0036751265,zero_electrical_C,0.5,1.0,950mv0_converted.csv,950.0,722.372921341621,348.9199089000669,349.3918325708315,349.164219631939,245.0081761998012,18.886914262677184,226.12814754283642,2.5628100950802883,1.0,0.0,0.0,
0.0,0.047873236,0.0036751265,zero_electrical_C,2.0,1.0,1000mv0_converted.csv,1000.0,759.2191989197131,350.22075568380944,350.67529487787806,350.49817787470556,230.5542164888722,18.427043404909643,212.13734349474387,2.5266414438056946,1.0,0.0,0.0,
0.0,0.047873236,0.0036751265,zero_electrical_C,2.0,1.0,100mv0_converted.csv,100.0,76.17083384633712,317.92674556302546,317.9805152721002,317.9495267794199,2245.7264357654694,2350.58962136448,107.84944718631002,0.04705425182902538,0.0,0.0,0.0,
0.0,0.047873236,0.0036751265,zero_electrical_C,2.0,1.0,1100mv0_converted.csv,1100.0,834.7865599618726,353.9690157507033,354.38060152748113,354.2034500317539,209.96068445973128,18.232160039467388,191.74830089731446,2.4436823645376196,1.0,0.0,0.0,
0.0,0.047873236,0.0036751265,zero_electrical_C,2.0,1.0,1200mv0_converted.csv,1200.0,908.6058899457871,356.7847170456187,357.43604063115976,357.12182725558984,190.40696180854948,18.218328778106386,172.20739188035225,2.346684365185648,1.0,0.0,0.0,
0.0,0.047873236,0.0036751265,zero_electrical_C,2.0,1.0,150mv0_converted.csv,150.0,114.17150902555795,321.8189501843452,321.8863173517594,321.8554419786208,2105.308296464096,2135.0980961865716,32.645984374728606,0.015435630990308303,0.0,0.0,0.0,
0.0,0.047873236,0.0036751265,zero_electrical_C,2.0,1.0,200mv0_converted.csv,200.0,152.35217904164247,326.702018674466,326.775035693602,326.74480648665565,1957.2516462810129,1895.563667523979,62.572652087274825,0.032456390733324465,1.0,0.0,0.0,
0.0,0.047873236,0.0036751265,zero_electrical_C,2.0,1.0,250mv0_converted.csv,250.0,189.60094286792295,330.8549945102252,330.9608631059185,330.9121943428987,1680.536009763378,1679.3031839805074,5.645158122699994,0.0033580621772385313,0.5445544554455446,0.0,0.0,
0.0,0.047873236,0.0036751265,zero_electrical_C,2.0,1.0,300mv0_converted.csv,300.0,228.7136509323431,328.13180488598937,329.8420399934983,328.9585773429838,1017.4386421639383,1710.621172310102,707.0970598267033,0.5476343869089021,0.0,0.0,0.0,
0.0,0.047873236,0.0036751265,zero_electrical_C,2.0,1.0,350mv0_converted.csv,350.0,267.07439601247086,327.0715254307726,329.200985248243,328.07167862111993,710.657784095842,1740.4312103573639,1037.7778631295967,0.9328411186718227,0.0,0.0,0.0,
0.0,0.047873236,0.0036751265,zero_electrical_C,2.0,1.0,400mv0_converted.csv,400.0,303.3911472089279,329.20433197304106,330.9684395948795,330.1108778947528,619.1284819792245,1525.941379660427,910.7960022674699,0.9237783251832614,0.0,0.0,0.0,
0.0,0.047873236,0.0036751265,zero_electrical_C,2.0,1.0,450mv0_converted.csv,450.0,341.9425303334189,330.95998236344536,332.37317393644616,331.6793758457626,543.6395699102709,1343.7948300201115,803.0498323098498,0.9167387418468013,0.0,0.0,0.0,
0.0,0.047873236,0.0036751265,zero_electrical_C,2.0,1.0,500mv0_converted.csv,500.0,381.06588239966646,333.09510934975367,334.1958065887241,333.64470990770604,488.35678896426754,946.2600659663134,464.2497885734522,0.6698594528415583,0.0,0.0,0.0,
0.0,0.047873236,0.0036751265,zero_electrical_C,2.0,1.0,50mv0_converted.csv,50.0,37.79944238139679,315.3054632981272,315.32906860905894,315.3184398997552,2317.522483844282,2511.188145401454,197.17469402136507,0.08196542325330555,0.0,0.0,0.0,
0.0,0.047873236,0.0036751265,zero_electrical_C,2.0,1.0,550mv0_converted.csv,550.0,419.61731636118117,335.1308114848061,336.10562190953226,335.6346306371067,441.26149547968083,607.8042309449451,177.80137636920833,0.33537661827988274,0.0,0.0,0.0,
0.0,0.047873236,0.0036751265,zero_electrical_C,2.0,1.0,600mv0_converted.csv,600.0,458.3699322834958,337.18991630393623,337.9948488450493,337.5771501601465,406.1416101751117,302.20227624874303,109.24106025478386,0.31797766474083733,0.0,0.0,0.0,
0.0,0.047873236,0.0036751265,zero_electrical_C,2.0,1.0,650mv0_converted.csv,650.0,495.4173600492479,338.889742787613,339.4844672435729,339.2005613665095,371.735189396038,139.29349291206586,232.96155750076124,0.9875627788986808,1.0,0.0,0.0,
0.0,0.047873236,0.0036751265,zero_electrical_C,2.0,1.0,700mv0_converted.csv,700.0,533.4180352284689,340.492255591698,341.0699723271631,340.77832801805744,340.71030709535864,87.0143634305142,253.8901644315529,1.3690395059406337,1.0,0.0,0.0,
0.0,0.047873236,0.0036751265,zero_electrical_C,2.0,1.0,750mv0_converted.csv,750.0,570.4337430744487,342.30243820057,342.73873548563756,342.50236944494156,317.68002974620157,43.94298904721099,273.83601503472363,1.9792415098114287,1.0,0.0,0.0,
0.0,0.047873236,0.0036751265,zero_electrical_C,2.0,1.0,800mv0_converted.csv,800.0,606.6551780288738,344.12967927006065,344.4018840562654,344.2542070196053,298.2000820842029,26.59658175175733,271.63040636799764,2.4170458205311975,1.0,0.0,0.0,
0.0,0.047873236,0.0036751265,zero_electrical_C,2.0,1.0,850mv0_converted.csv,850.0,646.2233016263873,345.98270533971333,346.31935210336195,346.130656448405,279.40763672939227,21.27992072908005,258.13646651712514,2.574916094225155,1.0,0.0,0.0,
0.0,0.047873236,0.0036751265,zero_electrical_C,2.0,1.0,900mv0_converted.csv,900.0,682.8259268820619,347.2624021627832,347.5585570600856,347.4249235327754,260.61732005286666,19.44368303884374,241.17915913094743,2.5955209181785257,1.0,0.0,0.0,
0.0,0.047873236,0.0036751265,zero_electrical_C,2.0,1.0,950mv0_converted.csv,950.0,722.372921341621,348.9199089000669,349.3918325708315,349.164219631939,245.0081761998012,18.681326403476223,226.33350681631725,2.573751566038492,1.0,0.0,0.0,
0.0,0.047873236,0.0036751265,zero_electrical_C,0.956269682,0.5,1000mv0_converted.csv,1000.0,759.2191989197131,350.22075568380944,350.67529487787806,350.49817787470556,230.5542164888722,18.48090638264571,212.0835378568535,2.523723389102303,1.0,0.0,0.0,
0.0,0.047873236,0.0036751265,zero_electrical_C,0.956269682,0.5,100mv0_converted.csv,100.0,76.17083384633712,317.92674556302546,317.9805152721002,317.9495267794199,2245.7264357654694,2350.589812325959,107.84965700006889,0.04705434119591867,0.0,0.0,0.0,
0.0,0.047873236,0.0036751265,zero_electrical_C,0.956269682,0.5,1100mv0_converted.csv,1100.0,834.7865599618726,353.9690157507033,354.38060152748113,354.2034500317539,209.96068445973128,18.239094743634215,191.74136928112532,2.4433021337947176,1.0,0.0,0.0,
0.0,0.047873236,0.0036751265,zero_electrical_C,0.956269682,0.5,1200mv0_converted.csv,1200.0,908.6058899457871,356.7847170456187,357.43604063115976,357.12182725558984,190.40696180854948,18.219505668866752,172.2062162712405,2.346619793361288,1.0,0.0,0.0,
0.0,0.047873236,0.0036751265,zero_electrical_C,0.956269682,0.5,150mv0_converted.csv,150.0,114.17150902555795,321.8189501843452,321.8863173517594,321.8554419786208,2105.308296464096,2135.0998100054144,32.6478464918808,0.015436502531466195,0.0,0.0,0.0,
0.0,0.047873236,0.0036751265,zero_electrical_C,0.956269682,0.5,200mv0_converted.csv,200.0,152.35217904164247,326.702018674466,326.775035693602,326.74480648665565,1957.2516462810129,1895.5788912631497,62.55922716319917,0.03244929373346558,1.0,0.0,0.0,
0.0,0.047873236,0.0036751265,zero_electrical_C,0.956269682,0.5,250mv0_converted.csv,250.0,189.60094286792295,330.8549945102252,330.9608631059185,330.91219434289866,1680.536009763378,1679.2491769318533,5.7366144816820865,0.003412521522938728,0.5445544554455446,0.0,0.0,
0.0,0.047873236,0.0036751265,zero_electrical_C,0.956269682,0.5,300mv0_converted.csv,300.0,228.7136509323431,328.13180488598937,329.8420399934983,328.9585773429838,1017.4386421639383,1763.2037595239017,761.0901787201809,0.5785124327806787,0.0,0.0,0.0,
0.0,0.047873236,0.0036751265,zero_electrical_C,0.956269682,0.5,350mv0_converted.csv,350.0,267.07439601247086,327.0715254307726,329.200985248243,328.07167862111993,710.657784095842,1789.0630100363553,1087.7729031243136,0.961051469828355,0.0,0.0,0.0,
0.0,0.047873236,0.0036751265,zero_electrical_C,0.956269682,0.5,400mv0_converted.csv,400.0,303.3911472089279,329.20433197304106,330.9684395948795,330.1108778947528,619.1284819792245,1647.9878570254486,1033.8596114766683,1.0019998630672278,0.0,0.0,0.0,
0.0,0.047873236,0.0036751265,zero_electrical_C,0.956269682,0.5,450mv0_converted.csv,450.0,341.9425303334189,330.95998236344536,332.37317393644616,331.6793758457626,543.6395699102709,1519.5194829053219,978.2680588248631,1.040598440737655,0.0,0.0,0.0,
0.0,0.047873236,0.0036751265,zero_electrical_C,0.956269682,0.5,500mv0_converted.csv,500.0,381.06588239966646,333.09510934975367,334.1958065887241,333.64470990770604,488.35678896426754,1219.354847520885,732.5307183289164,0.9231557300224422,0.0,0.0,0.0,
0.0,0.047873236,0.0036751265,zero_electrical_C,0.956269682,0.5,50mv0_converted.csv,50.0,37.79944238139679,315.3054632981272,315.32906860905894,315.3184398997552,2317.522483844282,2511.188145401454,197.17469402136507,0.08196542325330555,0.0,0.0,0.0,
0.0,0.047873236,0.0036751265,zero_electrical_C,0.956269682,0.5,550mv0_converted.csv,550.0,419.61731636118117,335.1308114848061,336.10562190953226,335.6346306371067,441.26149547968083,835.0083732982673,395.3389413811935,0.6438603045132384,0.0,0.0,0.0,
0.0,0.047873236,0.0036751265,zero_electrical_C,0.956269682,0.5,600mv0_converted.csv,600.0,458.3699322834958,337.18991630393623,337.9948488450493,337.5771501601465,406.1416101751117,442.999376353651,43.84482549791976,0.10503201523109094,0.0,0.0,0.0,
0.0,0.047873236,0.0036751265,zero_electrical_C,0.956269682,0.5,650mv0_converted.csv,650.0,495.4173600492479,338.889742787613,339.4844672435729,339.2005613665095,371.735189396038,219.66929158125774,152.7139563045345,0.5270394911988636,1.0,0.0,0.0,
0.0,0.047873236,0.0036751265,zero_electrical_C,0.956269682,0.5,700mv0_converted.csv,700.0,533.4180352284689,340.492255591698,341.0699723271631,340.77832801805744,340.71030709535864,111.42638049739422,229.4744116269632,1.1177408946935163,1.0,0.0,0.0,
0.0,0.047873236,0.0036751265,zero_electrical_C,0.956269682,0.5,750mv0_converted.csv,750.0,570.4337430744487,342.30243820057,342.73873548563756,342.50236944494156,317.68002974620157,52.28075597781946,265.5070324618623,1.8043724790200648,1.0,0.0,0.0,
0.0,0.047873236,0.0036751265,zero_electrical_C,0.956269682,0.5,800mv0_converted.csv,800.0,606.6551780288738,344.12967927006065,344.4018840562654,344.2542070196053,298.2000820842029,29.81508183243251,268.4132291142736,2.3027062182048668,1.0,0.0,0.0,
0.0,0.047873236,0.0036751265,zero_electrical_C,0.956269682,0.5,850mv0_converted.csv,850.0,646.2233016263873,345.98270533971333,346.31935210336195,346.130656448405,279.40763672939227,22.124493778342067,257.2923785531427,2.535969197607728,1.0,0.0,0.0,
0.0,0.047873236,0.0036751265,zero_electrical_C,0.956269682,0.5,900mv0_converted.csv,900.0,682.8259268820619,347.2624021627832,347.5585570600856,347.4249235327754,260.61732005286666,19.869357250704624,240.75372235881852,2.5738625581908545,1.0,0.0,0.0,
0.0,0.047873236,0.0036751265,zero_electrical_C,0.956269682,0.5,950mv0_converted.csv,950.0,722.372921341621,348.9199089000669,349.3918325708315,349.164219631939,245.0081761998012,18.813414526457834,226.2015571767996,2.5667060968903237,1.0,0.0,0.0,
0.0,0.047873236,0.0036751265,zero_electrical_C,0.1569637099,0.5,1000mv0_converted.csv,1000.0,759.2191989197131,350.22075568380944,350.67529487787806,350.49817787470556,230.5542164888722,18.543971014494943,212.0205491169289,2.5203192007454702,1.0,0.0,0.0,
0.0,0.047873236,0.0036751265,zero_electrical_C,0.1569637099,0.5,100mv0_converted.csv,100.0,76.17083384633712,317.92674556302546,317.9805152721002,317.9495267794199,2245.7264357654694,2350.589969446163,107.84982822413669,0.047054414102525595,0.0,0.0,0.0,
0.0,0.047873236,0.0036751265,zero_electrical_C,0.1569637099,0.5,1100mv0_converted.csv,1100.0,834.7865599618726,353.9690157507033,354.38060152748113,354.2034500317539,209.96068445973128,18.248626255753017,191.7318414573391,2.4427797526526565,1.0,0.0,0.0,
0.0,0.047873236,0.0036751265,zero_electrical_C,0.1569637099,0.5,1200mv0_converted.csv,1200.0,908.6058899457871,356.7847170456187,357.43604063115976,357.12182725558984,190.40696180854948,18.220754547874527,172.20496928124888,2.3465512880781976,1.0,0.0,0.0,
0.0,0.047873236,0.0036751265,zero_electrical_C,0.1569637099,0.5,150mv0_converted.csv,150.0,114.17150902555795,321.8189501843452,321.8863173517594,321.8554419786208,2105.308296464096,2135.101066967048,32.64928815097699,0.01543717733025897,0.0,0.0,0.0,
0.0,0.047873236,0.0036751265,zero_electrical_C,0.1569637099,0.5,200mv0_converted.csv,200.0,152.35217904164247,326.702018674466,326.775035693602,326.74480648665565,1957.2516462810129,1895.5807174833694,62.55871193570335,0.032449014340589215,1.0,0.0,0.0,
0.0,0.047873236,0.0036751265,zero_electrical_C,0.1569637099,0.5,250mv0_converted.csv,250.0,189.60094286792295,330.8549945102252,330.9608631059185,330.91219434289866,1680.536009763378,1679.2835113223236,5.75679792454137,0.0034245733382488692,0.5445544554455446,0.0,0.0,
0.0,0.047873236,0.0036751265,zero_electrical_C,0.1569637099,0.5,300mv0_converted.csv,300.0,228.7136509323431,328.13180488598937,329.8420399934983,328.9585773429838,1017.4386421639383,1787.687929059019,785.486353185634,0.5920732099383712,0.0,0.0,0.0,
0.0,0.047873236,0.0036751265,zero_electrical_C,0.1569637099,0.5,350mv0_converted.csv,350.0,267.07439601247086,327.0715254307726,329.200985248243,328.07167862111993,710.657784095842,1831.6240053082456,1130.168379222401,0.9841652766508596,0.0,0.0,0.0,
0.0,0.047873236,0.0036751265,zero_electrical_C,0.1569637099,0.5,400mv0_converted.csv,400.0,303.3911472089279,329.20433197304106,330.9684395948795,330.1108778947528,619.1284819792245,1724.9320817701887,1110.8629728833982,1.0472929813927565,0.0,0.0,0.0,
0.0,0.047873236,0.0036751265,zero_electrical_C,0.1569637099,0.5,450mv0_converted.csv,450.0,341.9425303334189,330.95998236344536,332.37317393644616,331.6793758457626,543.6395699102709,1620.4643965617265,1079.499920761408,1.104711636859909,0.0,0.0,0.0,
0.0,0.047873236,0.0036751265,zero_electrical_C,0.1569637099,0.5,500mv0_converted.csv,500.0,381.06588239966646,333.09510934975367,334.1958065887241,333.64470990770604,488.35678896426754,1415.6028980217357,929.7104257777668,1.0720834436290856,0.0,0.0,0.0,
0.0,0.047873236,0.0036751265,zero_electrical_C,0.1569637099,0.5,50mv0_converted.csv,50.0,37.79944238139679,315.3054632981272,315.32906860905894,315.3184398997552,2317.522483844282,2511.188145401454,197.17469402136507,0.08196542325330555,0.0,0.0,0.0,
0.0,0.047873236,0.0036751265,zero_electrical_C,0.1569637099,0.5,550mv0_converted.csv,550.0,419.61731636118117,335.1308114848061,336.10562190953226,335.6346306371067,441.26149547968083,1056.0508048180307,618.9062498736591,0.8784195751695667,0.0,0.0,0.0,
0.0,0.047873236,0.0036751265,zero_electrical_C,0.1569637099,0.5,600mv0_converted.csv,600.0,458.3699322834958,337.18991630393623,337.9948488450493,337.5771501601465,406.1416101751117,603.7598629186649,204.9257557845585,0.40726150237991865,0.0,0.0,0.0,
0.0,0.047873236,0.0036751265,zero_electrical_C,0.1569637099,0.5,650mv0_converted.csv,650.0,495.4173600492479,338.889742787613,339.4844672435729,339.2005613665095,371.735189396038,304.71337044593133,72.59225937798081,0.2189291953066546,1.0,0.0,0.0,
0.0,0.047873236,0.0036751265,zero_electrical_C,0.1569637099,0.5,700mv0_converted.csv,700.0,533.4180352284689,340.492255591698,341.0699723271631,340.77832801805744,340.71030709535864,141.4814910888672,199.7423766475984,0.8840026991498972,1.0,0.0,0.0,
0.0,0.047873236,0.0036751265,zero_electrical_C,0.1569637099,0.5,750mv0_converted.csv,750.0,570.4337430744487,342.30243820057,342.73873548563756,342.50236944494156,317.68002974620157,63.216221271174966,254.60613926419265,1.616368448459907,1.0,0.0,0.0,
0.0,0.047873236,0.0036751265,zero_electrical_C,0.1569637099,0.5,800mv0_converted.csv,800.0,606.6551780288738,344.12967927006065,344.4018840562654,344.2542070196053,298.2000820842029,33.80446216847637,264.42657543883684,2.1773988742453416,1.0,0.0,0.0,
0.0,0.047873236,0.0036751265,zero_electrical_C,0.1569637099,0.5,850mv0_converted.csv,850.0,646.2233016263873,345.98270533971333,346.31935210336195,346.130656448405,279.40763672939227,23.088656208302716,256.32898640654264,2.493394762092558,1.0,0.0,0.0,
0.0,0.047873236,0.0036751265,zero_electrical_C,0.1569637099,0.5,900mv0_converted.csv,900.0,682.8259268820619,347.2624021627832,347.5585570600856,347.4249235327754,260.61732005286666,20.35578986441735,240.2675852530357,2.5496936407337323,1.0,0.0,0.0,
0.0,0.047873236,0.0036751265,zero_electrical_C,0.1569637099,0.5,950mv0_converted.csv,950.0,722.372921341621,348.9199089000669,349.3918325708315,349.164219631939,245.0081761998012,18.961589964309542,226.05356702674618,2.558869636483771,1.0,0.0,0.0,
0.0,0.047873236,0.0036751265,zero_electrical_C,0.5,0.5,1000mv0_converted.csv,1000.0,759.2191989197131,350.22075568380944,350.67529487787806,350.49817787470556,230.5542164888722,18.512037900414796,212.05244340842094,2.5220412363661113,1.0,0.0,0.0,
0.0,0.047873236,0.0036751265,zero_electrical_C,0.5,0.5,100mv0_converted.csv,100.0,76.17083384633712,317.92674556302546,317.9805152721002,317.9495267794199,2245.7264357654694,2350.5898824257424,107.8497352196538,0.047054374511563635,0.0,0.0,0.0,
0.0,0.047873236,0.0036751265,zero_electrical_C,0.5,0.5,1100mv0_converted.csv,1100.0,834.7865599618726,353.9690157507033,354.38060152748113,354.2034500317539,209.96068445973128,18.24368144498013,191.73678470579677,2.4430507281201486,1.0,0.0,0.0,
0.0,0.047873236,0.0036751265,zero_electrical_C,0.5,0.5,1200mv0_converted.csv,1200.0,908.6058899457871,356.7847170456187,357.43604063115976,357.12182725558984,190.40696180854948,18.220167820996576,172.20555522182107,2.3465834734872053,1.0,0.0,0.0,
0.0,0.047873236,0.0036751265,zero_electrical_C,0.5,0.5,150mv0_converted.csv,150.0,114.17150902555795,321.8189501843452,321.8863173517594,321.8554419786208,2105.308296464096,2135.1004844136755,32.648607905320254,0.015436858897786409,0.0,0.0,0.0,
0.0,0.047873236,0.0036751265,zero_electrical_C,0.5,0.5,200mv0_converted.csv,200.0,152.35217904164247,326.702018674466,326.775035693602,326.74480648665565,1957.2516462810129,1895.5795185353497,62.55933953225011,0.03244934879392113,1.0,0.0,0.0,
0.0,0.047873236,0.0036751265,zero_electrical_C,0.5,0.5,250mv0_converted.csv,250.0,189.60094286792295,330.8549945102252,330.9608631059185,330.91219434289866,1680.536009763378,1679.269910755724,5.747311038989043,0.003418910202402763,0.5445544554455446,0.0,0.0,
0.0,0.047873236,0.0036751265,zero_electrical_C,0.5,0.5,300mv0_converted.csv,300.0,228.7136509323431,328.13180488598937,329.8420399934983,328.9585773429838,1017.4386421639383,1785.05598555461,782.8024272635485,0.5905998309945798,0.0,0.0,0.0,
0.0,0.047873236,0.0036751265,zero_electrical_C,0.5,0.5,350mv0_converted.csv,350.0,267.07439601247086,327.0715254307726,329.200985248243,328.07167862111993,710.657784095842,1818.2425730488087,1116.982717290943,0.9770299341511609,0.0,0.0,0.0,
0.0,0.047873236,0.0036751265,zero_electrical_C,0.5,0.5,400mv0_converted.csv,400.0,303.3911472089279,329.20433197304106,330.9684395948795,330.1108778947528,619.1284819792245,1703.064155805229,1089.1141011168866,1.03470685607676,0.0,0.0,0.0,
0.0,0.047873236,0.0036751265,zero_electrical_C,0.5,0.5,450mv0_converted.csv,450.0,341.9425303334189,330.95998236344536,332.37317393644616,331.6793758457626,543.6395699102709,1582.7605959448483,1041.855614351169,1.0813393131818954,0.0,0.0,0.0,
0.0,0.047873236,0.0036751265,zero_electrical_C,0.5,0.5,500mv0_converted.csv,500.0,381.06588239966646,333.09510934975367,334.1958065887241,333.64470990770604,488.35678896426754,1333.9320721012532,847.8811961028758,1.0129488772512802,0.0,0.0,0.0,
0.0,0.047873236,0.0036751265,zero_electrical_C,0.5,0.5,50mv0_converted.csv,50.0,37.79944238139679,315.3054632981272,315.32906860905894,315.3184398997552,2317.522483844282,2511.188145401454,197.17469402136507,0.08196542325330555,0.0,0.0,0.0,
0.0,0.047873236,0.0036751265,zero_electrical_C,0.5,0.5,550mv0_converted.csv,550.0,419.61731636118117,335.1308114848061,336.10562190953226,335.6346306371067,441.26149547968083,1025.9056559647663,587.1103473480122,0.849345182560032,0.0,0.0,0.0,
0.0,0.047873236,0.0036751265,zero_electrical_C,0.5,0.5,600mv0_converted.csv,600.0,458.3699322834958,337.18991630393623,337.9948488450493,337.5771501601465,406.1416101751117,576.6434640412283,174.89921656093688,0.35930381997115535,0.0,0.0,0.0,
0.0,0.047873236,0.0036751265,zero_electrical_C,0.5,0.5,650mv0_converted.csv,650.0,495.4173600492479,338.889742787613,339.4844672435729,339.2005613665095,371.735189396038,281.30047758498995,92.73807446076516,0.2863339428825402,1.0,0.0,0.0,
0.0,0.047873236,0.0036751265,zero_electrical_C,0.5,0.5,700mv0_converted.csv,700.0,533.4180352284689,340.492255591698,341.0699723271631,340.77832801805744,340.71030709535864,134.52490642283223,206.5227811194917,0.9313018483230685,1.0,0.0,0.0,
0.0,0.047873236,0.0036751265,zero_electrical_C,0.5,0.5,750mv0_converted.csv,750.0,570.4337430744487,342.30243820057,342.73873548563756,342.50236944494156,317.68002974620157,57.6504384409083,260.15232259550805,1.7072727360129791,1.0,0.0,0.0,
0.0,0.047873236,0.0036751265,zero_electrical_C,0.5,0.5,800mv0_converted.csv,800.0,606.6551780288738,344.12967927006065,344.4018840562654,344.2542070196053,298.2000820842029,31.619133883183544,266.6104253709691,2.2440438839825743,1.0,0.0,0.0,
0.0,0.047873236,0.0036751265,zero_electrical_C,0.5,0.5,850mv0_converted.csv,850.0,646.2233016263873,345.98270533971333,346.31935210336195,346.130656448405,279.40763672939227,22.62059991666586,256.79662611925266,2.513817031423555,1.0,0.0,0.0,
0.0,0.047873236,0.0036751265,zero_electrical_C,0.5,0.5,900mv0_converted.csv,900.0,682.8259268820619,347.2624021627832,347.5585570600856,347.4249235327754,260.61732005286666,20.11931226749231,240.50394125212728,2.561368795615124,1.0,0.0,0.0,
0.0,0.047873236,0.0036751265,zero_electrical_C,0.5,0.5,950mv0_converted.csv,950.0,722.372921341621,348.9199089000669,349.3918325708315,349.164219631939,245.0081761998012,18.88572555013222,226.12933594743006,2.5628730231012753,1.0,0.0,0.0,
0.0,0.047873236,0.0036751265,zero_electrical_C,2.0,0.5,1000mv0_converted.csv,1000.0,759.2191989197131,350.22075568380944,350.67529487787806,350.49817787470556,230.5542164888722,18.424052550060914,212.14033433395218,2.526803761204056,1.0,0.0,0.0,
0.0,0.047873236,0.0036751265,zero_electrical_C,2.0,0.5,100mv0_converted.csv,100.0,76.17083384633712,317.92674556302546,317.9805152721002,317.9495267794199,2245.7264357654694,2350.589686629796,107.84951512232031,0.04705428075181718,0.0,0.0,0.0,
0.0,0.047873236,0.0036751265,zero_electrical_C,2.0,0.5,1100mv0_converted.csv,1100.0,834.7865599618726,353.9690157507033,354.38060152748113,354.2034500317539,209.96068445973128,18.231749506279975,191.74871149986072,2.443704883653514,1.0,0.0,0.0,
0.0,0.047873236,0.0036751265,zero_electrical_C,2.0,0.5,1200mv0_converted.csv,1200.0,908.6058899457871,356.7847170456187,357.43604063115976,357.12182725558984,190.40696180854948,18.218313953664044,172.20740669642015,2.3466851787390044,1.0,0.0,0.0,
0.0,0.047873236,0.0036751265,zero_electrical_C,2.0,0.5,150mv0_converted.csv,150.0,114.17150902555795,321.8189501843452,321.8863173517594,321.8554419786208,2105.308296464096,2135.097960821473,32.64580416074077,0.01543554662982171,0.0,0.0,0.0,
0.0,0.047873236,0.0036751265,zero_electrical_C,2.0,0.5,200mv0_converted.csv,200.0,152.35217904164247,326.702018674466,326.775035693602,326.74480648665565,1957.2516462810129,1895.576170666383,62.560221830353235,0.03244982893040113,1.0,0.0,0.0,
0.0,0.047873236,0.0036751265,zero_electrical_C,2.0,0.5,250mv0_converted.csv,250.0,189.60094286792295,330.8549945102252,330.9608631059185,330.91219434289866,1680.536009763378,1679.207738290919,5.7111853693772945,0.0033973372662091878,0.5445544554455446,0.0,0.0,
0.0,0.047873236,0.0036751265,zero_electrical_C,2.0,0.5,300mv0_converted.csv,300.0,228.7136509323431,328.13180488598937,329.8420399934983,328.9585773429838,1017.4386421639383,1710.2237234587717,706.6765887854111,0.5473856629613423,0.0,0.0,0.0,
0.0,0.047873236,0.0036751265,zero_electrical_C,2.0,0.5,350mv0_converted.csv,350.0,267.07439601247086,327.0715254307726,329.200985248243,328.07167862111993,710.657784095842,1742.5002526009437,1039.8128965451992,0.933993897208607,0.0,0.0,0.0,
0.0,0.047873236,0.0036751265,zero_electrical_C,2.0,0.5,400mv0_converted.csv,400.0,303.3911472089279,329.20433197304106,330.9684395948795,330.1108778947528,619.1284819792245,1526.9558504312345,911.7477774187548,0.9243873021262639,0.0,0.0,0.0,
0.0,0.047873236,0.0036751265,zero_electrical_C,2.0,0.5,450mv0_converted.csv,450.0,341.9425303334189,330.95998236344536,332.37317393644616,331.6793758457626,543.6395699102709,1340.3304781772122,799.5864486522784,0.9141219999070703,0.0,0.0,0.0,
0.0,0.047873236,0.0036751265,zero_electrical_C,2.0,0.5,500mv0_converted.csv,500.0,381.06588239966646,333.09510934975367,334.1958065887241,333.64470990770604,488.35678896426754,936.5159404490254,454.65849960055914,0.6595873188995235,0.0,0.0,0.0,
0.0,0.047873236,0.0036751265,zero_electrical_C,2.0,0.5,50mv0_converted.csv,50.0,37.79944238139679,315.3054632981272,315.32906860905894,315.3184398997552,2317.522483844282,2511.188145401454,197.17469402136507,0.08196542325330555,0.0,0.0,0.0,
0.0,0.047873236,0.0036751265,zero_electrical_C,2.0,0.5,550mv0_converted.csv,550.0,419.61731636118117,335.1308114848061,336.10562190953226,335.6346306371067,441.26149547968083,597.5904719286626,168.26480737448165,0.3196393216283435,0.0,0.0,0.0,
0.0,0.047873236,0.0036751265,zero_electrical_C,2.0,0.5,600mv0_converted.csv,600.0,458.3699322834958,337.18991630393623,337.9948488450493,337.5771501601465,406.1416101751117,301.5229273125677,109.90091270117442,0.3202595890620629,0.0,0.0,0.0,
0.0,0.047873236,0.0036751265,zero_electrical_C,2.0,0.5,650mv0_converted.csv,650.0,495.4173600492479,338.889742787613,339.4844672435729,339.2005613665095,371.735189396038,141.20281227036278,231.06207243217952,0.974021837822277,1.0,0.0,0.0,
0.0,0.047873236,0.0036751265,zero_electrical_C,2.0,0.5,700mv0_converted.csv,700.0,533.4180352284689,340.492255591698,341.0699723271631,340.77832801805744,340.71030709535864,86.21969710246171,254.68455306062702,1.3783602682701437,1.0,0.0,0.0,
0.0,0.047873236,0.0036751265,zero_electrical_C,2.0,0.5,750mv0_converted.csv,750.0,570.4337430744487,342.30243820057,342.73873548563756,342.50236944494156,317.68002974620157,43.16035869334004,274.6181882116141,1.9971861948854635,1.0,0.0,0.0,
0.0,0.047873236,0.0036751265,zero_electrical_C,2.0,0.5,800mv0_converted.csv,800.0,606.6551780288738,344.12967927006065,344.4018840562654,344.2542070196053,298.2000820842029,26.46395435899791,271.76302020569636,2.422042207893364,1.0,0.0,0.0,
0.0,0.047873236,0.0036751265,zero_electrical_C,2.0,0.5,850mv0_converted.csv,850.0,646.2233016263873,345.98270533971333,346.31935210336195,346.130656448405,279.40763672939227,21.235777524438234,258.18061259932574,2.5769919341820238,1.0,0.0,0.0,
0.0,0.047873236,0.0036751265,zero_electrical_C,2.0,0.5,900mv0_converted.csv,900.0,682.8259268820619,347.2624021627832,347.5585570600856,347.4249235327754,260.61732005286666,19.41054398942702,241.21230245854164,2.597226525598488,1.0,0.0,0.0,
0.0,0.047873236,0.0036751265,zero_electrical_C,2.0,0.5,950mv0_converted.csv,950.0,722.372921341621,348.9199089000669,349.3918325708315,349.164219631939,245.0081761998012,18.6622529171481,226.35258451415288,2.5747729827253645,1.0,0.0,0.0,
0.0,0.047873236,0.0036751265,zero_electrical_C,0.956269682,0.25,1000mv0_converted.csv,1000.0,759.2191989197131,350.22075568380944,350.6752948778781,350.49817787470556,230.5542164888722,18.479712967825407,212.0847310804221,2.523787963627752,1.0,0.0,0.0,
0.0,0.047873236,0.0036751265,zero_electrical_C,0.956269682,0.25,100mv0_converted.csv,100.0,76.17083384633712,317.92674556302546,317.9805152721002,317.9495267794199,2245.7264357654694,2350.589812325959,107.84965700006889,0.04705434119591867,0.0,0.0,0.0,
0.0,0.047873236,0.0036751265,zero_electrical_C,0.956269682,0.25,1100mv0_converted.csv,1100.0,834.7865599618726,353.96901575070336,354.3806015274812,354.203450031754,209.96068445973128,18.239007553251664,191.74145642735283,2.443306913433828,1.0,0.0,0.0,
0.0,0.047873236,0.0036751265,zero_electrical_C,0.956269682,0.25,1200mv0_converted.csv,1200.0,908.6058899457871,356.7847170456188,357.43604063115976,357.12182725558984,190.40696180854948,18.21947418817199,172.206247782602,2.3466215219086197,1.0,0.0,0.0,
0.0,0.047873236,0.0036751265,zero_electrical_C,0.956269682,0.25,150mv0_converted.csv,150.0,114.17150902555795,321.8189501843452,321.8863173517594,321.8554419786208,2105.308296464096,2135.100888091739,32.64882913089613,0.015436962230547949,0.0,0.0,0.0,
0.0,0.047873236,0.0036751265,zero_electrical_C,0.956269682,0.25,200mv0_converted.csv,200.0,152.35217904164247,326.70201867446605,326.77503569360204,326.74480648665565,1957.2516462810129,1895.553281878481,62.58330181713618,0.03246200790457171,1.0,0.0,0.0,
0.0,0.047873236,0.0036751265,zero_electrical_C,0.956269682,0.25,250mv0_converted.csv,250.0,189.60094286792295,330.85499451022525,330.9608631059186,330.9121943428987,1680.536009763378,1679.1147593885364,5.708769315275704,0.0033958282699469,0.5445544554455446,0.0,0.0,
0.0,0.047873236,0.0036751265,zero_electrical_C,0.956269682,0.25,300mv0_converted.csv,300.0,228.7136509323431,328.1318048859894,329.84203999349836,328.9585773429838,1017.4386421639383,1762.9166646523051,760.8076712041488,0.5783539430822553,0.0,0.0,0.0,
0.0,0.047873236,0.0036751265,zero_electrical_C,0.956269682,0.25,350mv0_converted.csv,350.0,267.07439601247086,327.0715254307726,329.200985248243,328.07167862111993,710.657784095842,1788.7254638671875,1087.4374818807698,0.9608660357167575,0.0,0.0,0.0,
0.0,0.047873236,0.0036751265,zero_electrical_C,0.956269682,0.25,400mv0_converted.csv,400.0,303.3911472089279,329.2043319730411,330.9684395948795,330.1108778947528,619.1284819792245,1647.3259736618193,1033.1985912004266,1.0016002977474987,0.0,0.0,0.0,
0.0,0.047873236,0.0036751265,zero_electrical_C,0.956269682,0.25,450mv0_converted.csv,450.0,341.9425303334189,330.9599823634454,332.3731739364462,331.6793758457626,543.6395699102709,1518.3501351233756,977.1020620748573,1.039832034109842,0.0,0.0,0.0,
0.0,0.047873236,0.0036751265,zero_electrical_C,0.956269682,0.25,500mv0_converted.csv,500.0,381.06588239966646,333.09510934975367,334.1958065887241,333.64470990770604,488.35678896426754,1216.2902699083386,729.472249644786,0.9206470355676973,0.0,0.0,0.0,
0.0,0.047873236,0.0036751265,zero_electrical_C,0.956269682,0.25,50mv0_converted.csv,50.0,37.79944238139679,315.3054632981273,315.32906860905894,315.3184398997552,2317.522483844282,2511.188145401454,197.17469402136507,0.08196542325330555,0.0,0.0,0.0,
0.0,0.047873236,0.0036751265,zero_electrical_C,0.956269682,0.25,550mv0_converted.csv,550.0,419.61731636118117,335.1308114848061,336.10562190953226,335.6346306371067,441.26149547968083,832.0541478525294,392.39840711496026,0.6403356210492174,0.0,0.0,0.0,
0.0,0.047873236,0.0036751265,zero_electrical_C,0.956269682,0.25,600mv0_converted.csv,600.0,458.3699322834958,337.18991630393623,337.9948488450494,337.5771501601466,406.1416101751117,440.15540517674816,41.551673518714544,0.09987157771376137,0.0,0.0,0.0,
0.0,0.047873236,0.0036751265,zero_electrical_C,0.956269682,0.25,650mv0_converted.csv,650.0,495.4173600492479,338.88974278761305,339.4844672435729,339.2005613665096,371.735189396038,218.31125648422997,154.06574476032287,0.5332358174392828,1.0,0.0,0.0,
0.0,0.047873236,0.0036751265,zero_electrical_C,0.956269682,0.25,700mv0_converted.csv,700.0,533.4180352284689,340.49225559169804,341.06997232716316,340.77832801805755,340.71030709535864,111.19003582944964,229.71042623952874,1.1198695859916854,1.0,0.0,0.0,
0.0,0.047873236,0.0036751265,zero_electrical_C,0.956269682,0.25,750mv0_converted.csv,750.0,570.4337430744487,342.30243820057007,342.73873548563756,342.50236944494156,317.68002974620157,52.14281463623047,265.644876626815,1.8070148624283031,1.0,0.0,0.0,
0.0,0.047873236,0.0036751265,zero_electrical_C,0.956269682,0.25,800mv0_converted.csv,800.0,606.6551780288738,344.1296792700607,344.4018840562654,344.2542070196054,298.2000820842029,29.707626286119517,268.52067065767756,2.3063166535315327,1.0,0.0,0.0,
0.0,0.047873236,0.0036751265,zero_electrical_C,0.956269682,0.25,850mv0_converted.csv,850.0,646.2233016263873,345.9827053397134,346.31935210336195,346.13065644840503,279.40763672939227,22.124888769470818,257.29198347420515,2.5359513390614885,1.0,0.0,0.0,
0.0,0.047873236,0.0036751265,zero_electrical_C,0.956269682,0.25,900mv0_converted.csv,900.0,682.8259268820619,347.26240216278325,347.5585570600856,347.4249235327754,260.61732005286666,19.851539592931765,240.77153930177525,2.574759691693402,1.0,0.0,0.0,
0.0,0.047873236,0.0036751265,zero_electrical_C,0.956269682,0.25,950mv0_converted.csv,950.0,722.372921341621,348.9199089000669,349.3918325708316,349.164219631939,245.0081761998012,18.815926731222927,226.1990451643627,2.5665725762402656,1.0,0.0,0.0,
0.0,0.047873236,0.0036751265,zero_electrical_C,0.1569637099,0.25,1000mv0_converted.csv,1000.0,759.2191989197131,350.22075568380944,350.6752948778781,350.49817787470556,230.5542164888722,18.543906221295348,212.0206135850262,2.520322698632901,1.0,0.0,0.0,
0.0,0.047873236,0.0036751265,zero_electrical_C,0.1569637099,0.25,100mv0_converted.csv,100.0,76.17083384633712,317.92674556302546,317.9805152721002,317.9495267794199,2245.7264357654694,2350.5899670289295,107.84982579786286,0.04705441307172192,0.0,0.0,0.0,
0.0,0.047873236,0.0036751265,zero_electrical_C,0.1569637099,0.25,1100mv0_converted.csv,1100.0,834.7865599618726,353.96901575070336,354.3806015274812,354.203450031754,209.96068445973128,18.248608881884284,191.7318587128179,2.4427807022864396,1.0,0.0,0.0,
0.0,0.047873236,0.0036751265,zero_electrical_C,0.1569637099,0.25,1200mv0_converted.csv,1200.0,908.6058899457871,356.7847170456188,357.43604063115976,357.12182725558984,190.40696180854948,18.220754528989886,172.20496930730948,2.346551289271924,1.0,0.0,0.0,
0.0,0.047873236,0.0036751265,zero_electrical_C,0.1569637099,0.25,150mv0_converted.csv,150.0,114.17150902555795,321.8189501843452,321.8863173517594,321.8554419786208,2105.308296464096,2135.1012627629952,32.6494609669639,0.015437258179534452,0.0,0.0,0.0,
0.0,0.047873236,0.0036751265,zero_electrical_C,0.1569637099,0.25,200mv0_converted.csv,200.0,152.35217904164247,326.70201867446605,326.77503569360204,326.74480648665565,1957.2516462810129,1895.576335038289,62.562895994196225,0.03245122337383953,1.0,0.0,0.0,
0.0,0.047873236,0.0036751265,zero_electrical_C,0.1569637099,0.25,250mv0_converted.csv,250.0,189.60094286792295,330.85499451022525,330.9608631059186,330.9121943428987,1680.536009763378,1679.2621139677444,5.750949389665784,0.003421073200662949,0.5445544554455446,0.0,0.0,
0.0,0.047873236,0.0036751265,zero_electrical_C,0.1569637099,0.25,300mv0_converted.csv,300.0,228.7136509323431,328.1318048859894,329.84203999349836,328.9585773429838,1017.4386421639383,1787.6821530785892,785.4797471693641,0.5920694273596999,0.0,0.0,0.0,
0.0,0.047873236,0.0036751265,zero_electrical_C,0.1569637099,0.25,350mv0_converted.csv,350.0,267.07439601247086,327.0715254307726,329.200985248243,328.07167862111993,710.657784095842,1831.6180637472928,1130.1621408786834,0.984161807175703,0.0,0.0,0.0,
0.0,0.047873236,0.0036751265,zero_electrical_C,0.1569637099,0.25,400mv0_converted.csv,400.0,303.3911472089279,329.2043319730411,330.9684395948795,330.1108778947528,619.1284819792245,1724.917455087794,1110.8470519828254,1.047283194602572,0.0,0.0,0.0,
0.0,0.047873236,0.0036751265,zero_electrical_C,0.1569637099,0.25,450mv0_converted.csv,450.0,341.9425303334189,330.9599823634454,332.3731739364462,331.6793758457626,543.6395699102709,1620.4411210163985,1079.474788564075,1.104695526220775,0.0,0.0,0.0,
0.0,0.047873236,0.0036751265,zero_electrical_C,0.1569637099,0.25,500mv0_converted.csv,500.0,381.06588239966646,333.09510934975367,334.1958065887241,333.64470990770604,488.35678896426754,1415.4856077892946,929.5890274232908,1.071997887245674,0.0,0.0,0.0,
0.0,0.047873236,0.0036751265,zero_electrical_C,0.1569637099,0.25,50mv0_converted.csv,50.0,37.79944238139679,315.3054632981273,315.32906860905894,315.3184398997552,2317.522483844282,2511.188145401454,197.17469402136507,0.08196542325330555,0.0,0.0,0.0,
0.0,0.047873236,0.0036751265,zero_electrical_C,0.1569637099,0.25,550mv0_converted.csv,550.0,419.61731636118117,335.1308114848061,336.10562190953226,335.6346306371067,441.26149547968083,1055.9508147286897,618.7998518757778,0.8783193519833965,0.0,0.0,0.0,
0.0,0.047873236,0.0036751265,zero_electrical_C,0.1569637099,0.25,600mv0_converted.csv,600.0,458.3699322834958,337.18991630393623,337.9948488450494,337.5771501601466,406.1416101751117,603.6611630279239,204.80434703838125,0.40705548139578507,0.0,0.0,0.0,
0.0,0.047873236,0.0036751265,zero_electrical_C,0.1569637099,0.25,650mv0_converted.csv,650.0,495.4173600492479,338.88974278761305,339.4844672435729,339.2005613665096,371.735189396038,304.61742650400294,72.65237318820537,0.2191217699542632,1.0,0.0,0.0,
0.0,0.047873236,0.0036751265,zero_electrical_C,0.1569637099,0.25,700mv0_converted.csv,700.0,533.4180352284689,340.49225559169804,341.06997232716316,340.77832801805755,340.71030709535864,141.4498034184522,199.77088627457624,0.884188172396522,1.0,0.0,0.0,
0.0,0.047873236,0.0036751265,zero_electrical_C,0.1569637099,0.25,750mv0_converted.csv,750.0,570.4337430744487,342.30243820057007,342.73873548563756,342.50236944494156,317.68002974620157,63.19710903356571,254.62485809871873,1.6166568452643106,1.0,0.0,0.0,
0.0,0.047873236,0.0036751265,zero_electrical_C,0.1569637099,0.25,800mv0_converted.csv,800.0,606.6551780288738,344.1296792700607,344.4018840562654,344.2542070196054,298.2000820842029,33.80024530391882,264.43074688119924,2.1775207755925834,1.0,0.0,0.0,
0.0,0.047873236,0.0036751265,zero_electrical_C,0.1569637099,0.25,850mv0_converted.csv,850.0,646.2233016263873,345.9827053397134,346.31935210336195,346.13065644840503,279.40763672939227,23.125606121403155,256.2921194883165,2.4918081228822375,1.0,0.0,0.0,
0.0,0.047873236,0.0036751265,zero_electrical_C,0.1569637099,0.25,900mv0_converted.csv,900.0,682.8259268820619,347.26240216278325,347.5585570600856,347.4249235327754,260.61732005286666,20.36769730973952,240.25567836683254,2.549109344883761,1.0,0.0,0.0,
0.0,0.047873236,0.0036751265,zero_electrical_C,0.1569637099,0.25,950mv0_converted.csv,950.0,722.372921341621,348.9199089000669,349.3918325708316,349.164219631939,245.0081761998012,18.963796710023786,226.05135687749086,2.55875304051274,1.0,0.0,0.0,
0.0,0.047873236,0.0036751265,zero_electrical_C,0.5,0.25,1000mv0_converted.csv,1000.0,759.2191989197131,350.22075568380944,350.6752948778781,350.49817787470556,230.5542164888722,18.51098647920212,212.05349456717016,2.5220980280306753,1.0,0.0,0.0,
0.0,0.047873236,0.0036751265,zero_electrical_C,0.5,0.25,100mv0_converted.csv,100.0,76.17083384633712,317.92674556302546,317.9805152721002,317.9495267794199,2245.7264357654694,2350.589930770421,107.84978565866125,0.04705439598542358,0.0,0.0,0.0,
0.0,0.047873236,0.0036751265,zero_electrical_C,0.5,0.25,1100mv0_converted.csv,1100.0,834.7865599618726,353.96901575070336,354.3806015274812,354.203450031754,209.96068445973128,18.24353824275555,191.73692779813496,2.4430585755020653,1.0,0.0,0.0,
0.0,0.047873236,0.0036751265,zero_electrical_C,0.5,0.25,1200mv0_converted.csv,1200.0,908.6058899457871,356.7847170456188,357.43604063115976,357.12182725558984,190.40696180854948,18.220218450716228,172.20550470391169,2.3465806970202348,1.0,0.0,0.0,
0.0,0.047873236,0.0036751265,zero_electrical_C,0.5,0.25,150mv0_converted.csv,150.0,114.17150902555795,321.8189501843452,321.8863173517594,321.8554419786208,2105.308296464096,2135.1010863049196,32.64917217133701,0.015437122914955958,0.0,0.0,0.0,
0.0,0.047873236,0.0036751265,zero_electrical_C,0.5,0.25,200mv0_converted.csv,200.0,152.35217904164247,326.70201867446605,326.77503569360204,326.74480648665565,1957.2516462810129,1895.5666383044554,62.57148199821134,0.03245576081745516,1.0,0.0,0.0,
0.0,0.047873236,0.0036751265,zero_electrical_C,0.5,0.25,250mv0_converted.csv,250.0,189.60094286792295,330.85499451022525,330.9608631059186,330.9121943428987,1680.536009763378,1679.1991619450032,5.731769294918924,0.003409598245204275,0.5445544554455446,0.0,0.0,
0.0,0.047873236,0.0036751265,zero_electrical_C,0.5,0.25,300mv0_converted.csv,300.0,228.7136509323431,328.1318048859894,329.84203999349836,328.9585773429838,1017.4386421639383,1785.0173617825649,782.7649709265155,0.5905792559771783,0.0,0.0,0.0,
0.0,0.047873236,0.0036751265,zero_electrical_C,0.5,0.25,350mv0_converted.csv,350.0,267.07439601247086,327.0715254307726,329.200985248243,328.07167862111993,710.657784095842,1818.2241126334313,1116.9643633905407,0.9770198562148443,0.0,0.0,0.0,
0.0,0.047873236,0.0036751265,zero_electrical_C,0.5,0.25,400mv0_converted.csv,400.0,303.3911472089279,329.2043319730411,330.9684395948795,330.1108778947528,619.1284819792245,1703.4833259204827,1089.5274496554648,1.0349479168401525,0.0,0.0,0.0,
0.0,0.047873236,0.0036751265,zero_electrical_C,0.5,0.25,450mv0_converted.csv,450.0,341.9425303334189,330.9599823634454,332.3731739364462,331.6793758457626,543.6395699102709,1581.7847598236385,1040.8872769278544,1.080727938560907,0.0,0.0,0.0,
0.0,0.047873236,0.0036751265,zero_electrical_C,0.5,0.25,500mv0_converted.csv,500.0,381.06588239966646,333.09510934975367,334.1958065887241,333.64470990770604,488.35678896426754,1332.842499081451,846.7972952128936,1.0121354523365533,0.0,0.0,0.0,
0.0,0.047873236,0.0036751265,zero_electrical_C,0.5,0.25,50mv0_converted.csv,50.0,37.79944238139679,315.3054632981273,315.32906860905894,315.3184398997552,2317.522483844282,2511.188145401454,197.17469402136507,0.08196542325330555,0.0,0.0,0.0,
0.0,0.047873236,0.0036751265,zero_electrical_C,0.5,0.25,550mv0_converted.csv,550.0,419.61731636118117,335.1308114848061,336.10562190953226,335.6346306371067,441.26149547968083,1025.4858223188041,586.6785843954166,0.8489301300261227,0.0,0.0,0.0,
0.0,0.047873236,0.0036751265,zero_electrical_C,0.5,0.25,600mv0_converted.csv,600.0,458.3699322834958,337.18991630393623,337.9948488450494,337.5771501601466,406.1416101751117,575.7732519772974,174.02375619978258,0.3578024763274123,0.0,0.0,0.0,
0.0,0.047873236,0.0036751265,zero_electrical_C,0.5,0.25,650mv0_converted.csv,650.0,495.4173600492479,338.88974278761305,339.4844672435729,339.2005613665096,371.735189396038,280.9676423025603,93.07777439234852,0.2875538506129417,1.0,0.0,0.0,
0.0,0.047873236,0.0036751265,zero_electrical_C,0.5,0.25,700mv0_converted.csv,700.0,533.4180352284689,340.49225559169804,341.06997232716316,340.77832801805755,340.71030709535864,135.26237782393352,205.8097043509864,0.9262266424852499,1.0,0.0,0.0,
0.0,0.047873236,0.0036751265,zero_electrical_C,0.5,0.25,750mv0_converted.csv,750.0,570.4337430744487,342.30243820057007,342.73873548563756,342.50236944494156,317.68002974620157,57.56041264297939,260.2422268583135,1.7088332697199202,1.0,0.0,0.0,
0.0,0.047873236,0.0036751265,zero_electrical_C,0.5,0.25,800mv0_converted.csv,800.0,606.6551780288738,344.1296792700607,344.4018840562654,344.2542070196054,298.2000820842029,31.554064609036587,266.67548015669246,2.2461032951608484,1.0,0.0,0.0,
0.0,0.047873236,0.0036751265,zero_electrical_C,0.5,0.25,850mv0_converted.csv,850.0,646.2233016263873,345.9827053397134,346.31935210336195,346.13065644840503,279.40763672939227,22.62003001600209,256.79719577158124,2.513842195000362,1.0,0.0,0.0,
0.0,0.047873236,0.0036751265,zero_electrical_C,0.5,0.25,900mv0_converted.csv,900.0,682.8259268820619,347.26240216278325,347.5585570600856,347.4249235327754,260.61732005286666,20.110459337140075,240.51279299363654,2.561808855523266,1.0,0.0,0.0,
0.0,0.047873236,0.0036751265,zero_electrical_C,0.5,0.25,950mv0_converted.csv,950.0,722.372921341621,348.9199089000669,349.3918325708316,349.164219631939,245.0081761998012,18.88721205456422,226.12784974402757,2.562794327601209,1.0,0.0,0.0,
0.0,0.047873236,0.0036751265,zero_electrical_C,2.0,0.25,1000mv0_converted.csv,1000.0,759.2191989197131,350.22075568380944,350.6752948778781,350.49817787470556,230.5542164888722,18.421533773441126,212.1428533762215,2.5269404821716273,1.0,0.0,0.0,
0.0,0.047873236,0.0036751265,zero_electrical_C,2.0,0.25,100mv0_converted.csv,100.0,76.17083384633712,317.92674556302546,317.9805152721002,317.9495267794199,2245.7264357654694,2350.5896938814976,107.84952366370945,0.04705428439497199,0.0,0.0,0.0,
0.0,0.047873236,0.0036751265,zero_electrical_C,2.0,0.25,1100mv0_converted.csv,1100.0,834.7865599618726,353.96901575070336,354.3806015274812,354.203450031754,209.96068445973128,18.231598391391262,191.7488625267871,2.4437131706267543,1.0,0.0,0.0,
0.0,0.047873236,0.0036751265,zero_electrical_C,2.0,0.25,1200mv0_converted.csv,1200.0,908.6058899457871,356.7847170456188,357.43604063115976,357.12182725558984,190.40696180854948,18.218348644747593,172.20737195581896,2.3466832734616174,1.0,0.0,0.0,
0.0,0.047873236,0.0036751265,zero_electrical_C,2.0,0.25,150mv0_converted.csv,150.0,114.17150902555795,321.8189501843452,321.8863173517594,321.8554419786208,2105.308296464096,2135.099911529239,32.647642108043726,0.015436406554308791,0.0,0.0,0.0,
0.0,0.047873236,0.0036751265,zero_electrical_C,2.0,0.25,200mv0_converted.csv,200.0,152.35217904164247,326.70201867446605,326.77503569360204,326.74480648665565,1957.2516462810129,1895.5237251508354,62.609506514496175,0.03247585743856609,1.0,0.0,0.0,
0.0,0.047873236,0.0036751265,zero_electrical_C,2.0,0.25,250mv0_converted.csv,250.0,189.60094286792295,330.85499451022525,330.9608631059186,330.9121943428987,1680.536009763378,1678.8978694500308,5.684679873563535,0.0033813183215219396,0.5445544554455446,0.0,0.0,
0.0,0.047873236,0.0036751265,zero_electrical_C,2.0,0.25,300mv0_converted.csv,300.0,228.7136509323431,328.1318048859894,329.84203999349836,328.9585773429838,1017.4386421639383,1709.788195921643,706.2306057528034,0.5471245977246506,0.0,0.0,0.0,
0.0,0.047873236,0.0036751265,zero_electrical_C,2.0,0.25,350mv0_converted.csv,350.0,267.07439601247086,327.0715254307726,329.200985248243,328.07167862111993,710.657784095842,1742.4608758605352,1039.7690477383833,0.9339677794517471,0.0,0.0,0.0,
0.0,0.047873236,0.0036751265,zero_electrical_C,2.0,0.25,400mv0_converted.csv,400.0,303.3911472089279,329.2043319730411,330.9684395948795,330.1108778947528,619.1284819792245,1526.7022342493037,911.469415021296,0.9241937872555772,0.0,0.0,0.0,
0.0,0.047873236,0.0036751265,zero_electrical_C,2.0,0.25,450mv0_converted.csv,450.0,341.9425303334189,330.9599823634454,332.3731739364462,331.6793758457626,543.6395699102709,1337.5653039913366,796.8366008851615,0.9120406320713733,0.0,0.0,0.0,
0.0,0.047873236,0.0036751265,zero_electrical_C,2.0,0.25,500mv0_converted.csv,500.0,381.06588239966646,333.09510934975367,334.1958065887241,333.64470990770604,488.35678896426754,930.3496897480276,448.58827181474265,0.6530356643063288,0.0,0.0,0.0,
0.0,0.047873236,0.0036751265,zero_electrical_C,2.0,0.25,50mv0_converted.csv,50.0,37.79944238139679,315.3054632981273,315.32906860905894,315.3184398997552,2317.522483844282,2511.188145401454,197.17469402136507,0.08196542325330555,0.0,0.0,0.0,
0.0,0.047873236,0.0036751265,zero_electrical_C,2.0,0.25,550mv0_converted.csv,550.0,419.61731636118117,335.1308114848061,336.10562190953226,335.6346306371067,441.26149547968083,592.866387999884,163.83211243874533,0.312284314208676,0.0,0.0,0.0,
0.0,0.047873236,0.0036751265,zero_electrical_C,2.0,0.25,600mv0_converted.csv,600.0,458.3699322834958,337.18991630393623,337.9948488450494,337.5771501601466,406.1416101751117,297.9186928626334,113.30503343158999,0.33196634434666494,0.0,0.0,0.0,
0.0,0.047873236,0.0036751265,zero_electrical_C,2.0,0.25,650mv0_converted.csv,650.0,495.4173600492479,338.88974278761305,339.4844672435729,339.2005613665096,371.735189396038,136.86640492052135,235.37624079448096,1.0051074635640125,1.0,0.0,0.0,
0.0,0.047873236,0.0036751265,zero_electrical_C,2.0,0.25,700mv0_converted.csv,700.0,533.4180352284689,340.49225559169804,341.06997232716316,340.77832801805755,340.71030709535864,85.8618704163202,255.0425603267594,1.382591078598978,1.0,0.0,0.0,
0.0,0.047873236,0.0036751265,zero_electrical_C,2.0,0.25,750mv0_converted.csv,750.0,570.4337430744487,342.30243820057007,342.73873548563756,342.50236944494156,317.68002974620157,42.95934295654297,274.81910362964635,2.0018562935751327,1.0,0.0,0.0,
0.0,0.047873236,0.0036751265,zero_electrical_C,2.0,0.25,800mv0_converted.csv,800.0,606.6551780288738,344.1296792700607,344.4018840562654,344.2542070196054,298.2000820842029,26.35651646982325,271.8704539915883,2.426108340264852,1.0,0.0,0.0,
0.0,0.047873236,0.0036751265,zero_electrical_C,2.0,0.25,850mv0_converted.csv,850.0,646.2233016263873,345.9827053397134,346.31935210336195,346.13065644840503,279.40763672939227,21.175562282600026,258.24083293579247,2.5798305406720354,1.0,0.0,0.0,
0.0,0.047873236,0.0036751265,zero_electrical_C,2.0,0.25,900mv0_converted.csv,900.0,682.8259268820619,347.26240216278325,347.5585570600856,347.4249235327754,260.61732005286666,19.387452002799158,241.23539750788302,2.5984167432311347,1.0,0.0,0.0,
0.0,0.047873236,0.0036751265,zero_electrical_C,2.0,0.25,950mv0_converted.csv,950.0,722.372921341621,348.9199089000669,349.3918325708316,349.164219631939,245.0081761998012,18.673167483641368,226.34166751325074,2.574188361818382,1.0,0.0,0.0,
6.8354944763,0.047873236,0.0036751265,large_C_diagnostic,0.956269682,1.0,1000mv0_converted.csv,1000.0,759.2191989197131,350.19530297234354,350.6894493200962,350.5002439078937,230.59155991945735,18.475667028143853,212.1313813823728,2.5241560405424353,1.0,0.0,0.0,
6.8354944763,0.047873236,0.0036751265,large_C_diagnostic,0.956269682,1.0,100mv0_converted.csv,100.0,76.17083384633712,317.90183815553934,318.0177091998842,317.95102880990805,2244.945195889048,2350.5031254834466,123.98538964928977,0.0547318898467294,0.04950495049504951,0.0,0.0,
6.8354944763,0.047873236,0.0036751265,large_C_diagnostic,0.956269682,1.0,1100mv0_converted.csv,1100.0,834.7865599618726,353.9413319331177,354.40442702131793,354.2051228531544,210.0170568323421,18.23817479728472,191.80800514235682,2.443597088784505,1.0,0.0,0.0,
6.8354944763,0.047873236,0.0036751265,large_C_diagnostic,0.956269682,1.0,1200mv0_converted.csv,1200.0,908.6058899457871,356.7468710953503,357.45503175059565,357.1236716945321,190.43548335232884,18.21942914830576,172.24147626769027,2.3467556425270497,1.0,0.0,0.0,
6.8354944763,0.047873236,0.0036751265,large_C_diagnostic,0.956269682,1.0,150mv0_converted.csv,150.0,114.17150902555795,321.7856059992577,321.9038885666046,321.8508085615767,2106.9158805026386,2135.3365538946473,38.301562840251876,0.01816758570543406,0.15841584158415842,0.0,0.0,
6.8354944763,0.047873236,0.0036751265,large_C_diagnostic,0.956269682,1.0,200mv0_converted.csv,200.0,152.35217904164247,326.6519952444696,326.80750330368494,326.7418651790158,1957.6954025903724,1895.6652493618503,64.7215220517503,0.033497621887616916,1.0,0.0,0.0,
6.8354944763,0.047873236,0.0036751265,large_C_diagnostic,0.956269682,1.0,250mv0_converted.csv,250.0,189.60094286792295,330.82438343186516,330.95838605158804,330.9036920205657,1682.1148282311676,1679.8956262569616,14.564962352269621,0.00863019935203589,0.5346534653465347,0.0,0.0,
6.8354944763,0.047873236,0.0036751265,large_C_diagnostic,0.956269682,1.0,300mv0_converted.csv,300.0,228.7136509323431,327.2755467978532,330.69599161529965,329.00089179355933,1089.3613471000683,1719.6015709603187,684.3003668403253,0.5610839754636042,0.0,0.0,0.0,
6.8354944763,0.047873236,0.0036751265,large_C_diagnostic,0.956269682,1.0,350mv0_converted.csv,350.0,267.07439601247086,326.4715633494985,329.85593895197223,328.02323536697406,775.5850868036557,1762.2586391939976,1005.0810325388874,0.9200473081268421,0.0,0.0,0.0,
6.8354944763,0.047873236,0.0036751265,large_C_diagnostic,0.956269682,1.0,400mv0_converted.csv,400.0,303.3911472089279,328.75298540437416,331.470645329957,330.1709424448114,633.9876013161876,1567.4773589785736,939.7550420689288,0.9551065378099697,0.0,0.0,0.0,
6.8354944763,0.047873236,0.0036751265,large_C_diagnostic,0.956269682,1.0,450mv0_converted.csv,450.0,341.9425303334189,330.6345379401894,332.7144377435034,331.66999853668705,552.8027042215263,1426.2942027479114,875.8146042291164,0.973546517470311,0.0,0.0,0.0,
6.8354944763,0.047873236,0.0036751265,large_C_diagnostic,0.956269682,1.0,500mv0_converted.csv,500.0,381.06588239966646,332.83739578357563,334.45444353020196,333.62425061312166,493.12982267667553,1106.7617888497834,615.1943526453423,0.8233754762564673,0.0,0.0,0.0,
6.8354944763,0.047873236,0.0036751265,large_C_diagnostic,0.956269682,1.0,50mv0_converted.csv,50.0,37.79944238139679,315.29689363677755,315.33602101897907,315.31773383067383,2323.396067199367,2511.233294496442,212.14184570914196,0.08964637128999149,0.009900990099009901,0.0,0.0,
6.8354944763,0.047873236,0.0036751265,large_C_diagnostic,0.956269682,1.0,550mv0_converted.csv,550.0,419.61731636118117,334.94990038550964,336.3003289318754,335.65940670849005,441.6581915151591,717.1167107006111,277.3458001449662,0.4952554664195271,0.0,0.0,0.0,
6.8354944763,0.047873236,0.0036751265,large_C_diagnostic,0.956269682,1.0,600mv0_converted.csv,600.0,458.3699322834958,337.05829069109495,338.13568707089826,337.57153443301456,408.2980293125015,388.87229783464187,30.993701550856617,0.0754349159580005,0.0,0.0,0.0,
6.8354944763,0.047873236,0.0036751265,large_C_diagnostic,0.956269682,1.0,650mv0_converted.csv,650.0,495.4173600492479,338.8072463507458,339.5729555041507,339.2005636028626,371.6903051760382,197.06582188370203,175.3900888946967,0.6347902295662532,1.0,0.0,0.0,
6.8354944763,0.047873236,0.0036751265,large_C_diagnostic,0.956269682,1.0,700mv0_converted.csv,700.0,533.4180352284689,340.42227775886,341.14700070902256,340.78045673439055,340.9768280420451,101.68937803967164,239.57233171170606,1.209718399155435,1.0,0.0,0.0,
6.8354944763,0.047873236,0.0036751265,large_C_diagnostic,0.956269682,1.0,750mv0_converted.csv,750.0,570.4337430744487,342.25311157180386,342.7968968559425,342.50535805827457,317.73108139537817,49.74803399567557,268.1530545212767,1.8540109417804889,1.0,0.0,0.0,
6.8354944763,0.047873236,0.0036751265,large_C_diagnostic,0.956269682,1.0,800mv0_converted.csv,800.0,606.6551780288738,344.1045979307929,344.4295486653452,344.2543401136422,298.44728448122123,29.45064427592967,269.0569358560657,2.315764211772654,1.0,0.0,0.0,
6.8354944763,0.047873236,0.0036751265,large_C_diagnostic,0.956269682,1.0,850mv0_converted.csv,850.0,646.2233016263873,345.9527074323563,346.3289060605991,346.1351744421049,279.4236594972153,22.085824532083947,257.3540540282638,2.5377603479689275,1.0,0.0,0.0,
6.8354944763,0.047873236,0.0036751265,large_C_diagnostic,0.956269682,1.0,900mv0_converted.csv,900.0,682.8259268820619,347.2564386010835,347.59388317669135,347.4235760765159,260.5496927219125,19.871150385035147,240.68990712832624,2.57350016811277,1.0,0.0,0.0,
6.8354944763,0.047873236,0.0036751265,large_C_diagnostic,0.956269682,1.0,950mv0_converted.csv,950.0,722.372921341621,348.9107357386079,349.3984181629903,349.1700855009654,244.93127859870688,18.813189043857083,226.13198940150855,2.56638760623639,1.0,0.0,0.0,
6.8354944763,0.047873236,0.0036751265,large_C_diagnostic,0.1569637099,1.0,1000mv0_converted.csv,1000.0,759.2191989197131,350.19530297234354,350.6894493200962,350.5002439078937,230.59155991945735,18.544234247490913,212.0627980504004,2.520452301962054,1.0,0.0,0.0,
6.8354944763,0.047873236,0.0036751265,large_C_diagnostic,0.1569637099,1.0,100mv0_converted.csv,100.0,76.17083384633712,317.90183815553934,318.0177091998842,317.95102880990805,2244.945195889048,2350.503142404084,123.98535256346132,0.054731873562731875,0.04950495049504951,0.0,0.0,
6.8354944763,0.047873236,0.0036751265,large_C_diagnostic,0.1569637099,1.0,1100mv0_converted.csv,1100.0,834.7865599618726,353.9413319331177,354.40442702131793,354.2051228531544,210.0170568323421,18.248536818098312,191.79762386966934,2.443028694194733,1.0,0.0,0.0,
6.8354944763,0.047873236,0.0036751265,large_C_diagnostic,0.1569637099,1.0,1200mv0_converted.csv,1200.0,908.6058899457871,356.7468710953503,357.45503175059565,357.1236716945321,190.43548335232884,18.220746351940797,172.24015651051926,2.3466832925633168,1.0,0.0,0.0,
6.8354944763,0.047873236,0.0036751265,large_C_diagnostic,0.1569637099,1.0,150mv0_converted.csv,150.0,114.17150902555795,321.7856059992577,321.9038885666046,321.8508085615767,2106.9158805026386,2135.341934657333,38.30425116547179,0.01816884269990226,0.15841584158415842,0.0,0.0,
6.8354944763,0.047873236,0.0036751265,large_C_diagnostic,0.1569637099,1.0,200mv0_converted.csv,200.0,152.35217904164247,326.6519952444696,326.80750330368494,326.7418651790158,1957.6954025903724,1895.7174906211324,64.67295033652735,0.033471951065058334,1.0,0.0,0.0,
6.8354944763,0.047873236,0.0036751265,large_C_diagnostic,0.1569637099,1.0,250mv0_converted.csv,250.0,189.60094286792295,330.82438343186516,330.95838605158804,330.9036920205657,1682.1148282311676,1679.8247420811417,14.498630341822077,0.008590425127473078,0.5346534653465347,0.0,0.0,
6.8354944763,0.047873236,0.0036751265,large_C_diagnostic,0.1569637099,1.0,300mv0_converted.csv,300.0,228.7136509323431,327.2755467978532,330.69599161529965,329.00089179355933,1089.3613471000683,1783.0433845142327,741.1173362362272,0.5923462224531626,0.0,0.0,0.0,
6.8354944763,0.047873236,0.0036751265,large_C_diagnostic,0.1569637099,1.0,350mv0_converted.csv,350.0,267.07439601247086,326.4715633494985,329.85593895197223,328.02323536697406,775.5850868036557,1832.883247602104,1074.0145515040506,0.9571814016670172,0.0,0.0,0.0,
6.8354944763,0.047873236,0.0036751265,large_C_diagnostic,0.1569637099,1.0,400mv0_converted.csv,400.0,303.3911472089279,328.75298540437416,331.470645329957,330.1709424448114,633.9876013161876,1718.9156578743812,1089.372673612171,1.0444464690124526,0.0,0.0,0.0,
6.8354944763,0.047873236,0.0036751265,large_C_diagnostic,0.1569637099,1.0,450mv0_converted.csv,450.0,341.9425303334189,330.6345379401894,332.7144377435034,331.66999853668705,552.8027042215263,1617.3889836981746,1065.4778764709413,1.0963399226369133,0.0,0.0,0.0,
6.8354944763,0.047873236,0.0036751265,large_C_diagnostic,0.1569637099,1.0,500mv0_converted.csv,500.0,381.06588239966646,332.83739578357563,334.45444353020196,333.62425061312166,493.12982267667553,1412.0629991588025,919.0584202380973,1.0618166659949244,0.0,0.0,0.0,
6.8354944763,0.047873236,0.0036751265,large_C_diagnostic,0.1569637099,1.0,50mv0_converted.csv,50.0,37.79944238139679,315.29689363677755,315.33602101897907,315.31773383067383,2323.396067199367,2511.233294496442,212.14184570914196,0.08964637128999149,0.009900990099009901,0.0,0.0,
6.8354944763,0.047873236,0.0036751265,large_C_diagnostic,0.1569637099,1.0,550mv0_converted.csv,550.0,419.61731636118117,334.94990038550964,336.3003289318754,335.65940670849005,441.6581915151591,1045.7559270575496,605.878334907486,0.8634731447078275,0.0,0.0,0.0,
6.8354944763,0.047873236,0.0036751265,large_C_diagnostic,0.1569637099,1.0,600mv0_converted.csv,600.0,458.3699322834958,337.05829069109495,338.13568707089826,337.57153443301456,408.2980293125015,602.2384700963993,197.6113183745031,0.38804974566561373,0.0,0.0,0.0,
6.8354944763,0.047873236,0.0036751265,large_C_diagnostic,0.1569637099,1.0,650mv0_converted.csv,650.0,495.4173600492479,338.8072463507458,339.5729555041507,339.2005636028626,371.6903051760382,303.6739127281869,69.3956026724524,0.21300851995603937,1.0,0.0,0.0,
6.8354944763,0.047873236,0.0036751265,large_C_diagnostic,0.1569637099,1.0,700mv0_converted.csv,700.0,533.4180352284689,340.42227775886,341.14700070902256,340.78045673439055,340.9768280420451,140.94768728124032,200.13222238268284,0.8879567090789376,1.0,0.0,0.0,
6.8354944763,0.047873236,0.0036751265,large_C_diagnostic,0.1569637099,1.0,750mv0_converted.csv,750.0,570.4337430744487,342.25311157180386,342.7968968559425,342.50535805827457,317.73108139537817,63.02984936402576,254.78917942337142,1.6194137334745424,1.0,0.0,0.0,
6.8354944763,0.047873236,0.0036751265,large_C_diagnostic,0.1569637099,1.0,800mv0_converted.csv,800.0,606.6551780288738,344.1045979307929,344.4295486653452,344.2543401136422,298.44728448122123,33.785019449668354,264.7130332810963,2.178702494468453,1.0,0.0,0.0,
6.8354944763,0.047873236,0.0036751265,large_C_diagnostic,0.1569637099,1.0,850mv0_converted.csv,850.0,646.2233016263873,345.9527074323563,346.3289060605991,346.1351744421049,279.4236594972153,23.112740412797077,256.3269853381598,2.492402020392099,1.0,0.0,0.0,
6.8354944763,0.047873236,0.0036751265,large_C_diagnostic,0.1569637099,1.0,900mv0_converted.csv,900.0,682.8259268820619,347.2564386010835,347.59388317669135,347.4235760765159,260.5496927219125,20.352936036515946,240.2082201506165,2.5495583307772454,1.0,0.0,0.0,
6.8354944763,0.047873236,0.0036751265,large_C_diagnostic,0.1569637099,1.0,950mv0_converted.csv,950.0,722.372921341621,348.9107357386079,349.3984181629903,349.1700855009654,244.93127859870688,18.96189853932598,225.9834096589211,2.558521917178228,1.0,0.0,0.0,
6.8354944763,0.047873236,0.0036751265,large_C_diagnostic,0.5,1.0,1000mv0_converted.csv,1000.0,759.2191989197131,350.19530297234354,350.6894493200962,350.5002439078937,230.59155991945735,18.508365121218237,212.09867082812582,2.5223877938814274,1.0,0.0,0.0,
6.8354944763,0.047873236,0.0036751265,large_C_diagnostic,0.5,1.0,100mv0_converted.csv,100.0,76.17083384633712,317.90183815553934,318.0177091998842,317.95102880990805,2244.945195889048,2350.502789487933,123.98508515028308,0.054731760743572944,0.04950495049504951,0.0,0.0,
6.8354944763,0.047873236,0.0036751265,large_C_diagnostic,0.5,1.0,1100mv0_converted.csv,1100.0,834.7865599618726,353.9413319331177,354.40442702131793,354.2051228531544,210.0170568323421,18.24278223396528,191.80338892234784,2.443344308059701,1.0,0.0,0.0,
6.8354944763,0.047873236,0.0036751265,large_C_diagnostic,0.5,1.0,1200mv0_converted.csv,1200.0,908.6058899457871,356.7468710953503,357.45503175059565,357.1236716945321,190.43548335232884,18.220107239071684,172.2407970159649,2.3467183995564933,1.0,0.0,0.0,
6.8354944763,0.047873236,0.0036751265,large_C_diagnostic,0.5,1.0,150mv0_converted.csv,150.0,114.17150902555795,321.7856059992577,321.9038885666046,321.8508085615767,2106.9158805026386,2135.3399138497834,38.3032902934711,0.01816839349882285,0.15841584158415842,0.0,0.0,
6.8354944763,0.047873236,0.0036751265,large_C_diagnostic,0.5,1.0,200mv0_converted.csv,200.0,152.35217904164247,326.6519952444696,326.80750330368494,326.7418651790158,1957.6954025903724,1895.7133837407177,64.67703481727725,0.033474102071215664,1.0,0.0,0.0,
6.8354944763,0.047873236,0.0036751265,large_C_diagnostic,0.5,1.0,250mv0_converted.csv,250.0,189.60094286792295,330.82438343186516,330.95838605158804,330.9036920205657,1682.1148282311676,1679.868923073948,14.524244621131379,0.008605816780867106,0.5346534653465347,0.0,0.0,
6.8354944763,0.047873236,0.0036751265,large_C_diagnostic,0.5,1.0,300mv0_converted.csv,300.0,228.7136509323431,327.2755467978532,330.69599161529965,329.00089179355933,1089.3613471000683,1777.757350808323,736.9225945175895,0.5902652388644287,0.0,0.0,0.0,
6.8354944763,0.047873236,0.0036751265,large_C_diagnostic,0.5,1.0,350mv0_converted.csv,350.0,267.07439601247086,326.4715633494985,329.85593895197223,328.02323536697406,775.5850868036557,1812.252577979966,1053.0055523384005,0.9455270667253874,0.0,0.0,0.0,
6.8354944763,0.047873236,0.0036751265,large_C_diagnostic,0.5,1.0,400mv0_converted.csv,400.0,303.3911472089279,328.75298540437416,331.470645329957,330.1709424448114,633.9876013161876,1663.8829442392482,1033.9543460501338,1.0113717927985664,0.0,0.0,0.0,
6.8354944763,0.047873236,0.0036751265,large_C_diagnostic,0.5,1.0,450mv0_converted.csv,450.0,341.9425303334189,330.6345379401894,332.7144377435034,331.66999853668705,552.8027042215263,1566.3760901724938,1014.5469331968173,1.0644852584612061,0.0,0.0,0.0,
6.8354944763,0.047873236,0.0036751265,large_C_diagnostic,0.5,1.0,500mv0_converted.csv,500.0,381.06588239966646,332.83739578357563,334.45444353020196,333.62425061312166,493.12982267667553,1299.7665217937808,806.7606326847585,0.9795796473280293,0.0,0.0,0.0,
6.8354944763,0.047873236,0.0036751265,large_C_diagnostic,0.5,1.0,50mv0_converted.csv,50.0,37.79944238139679,315.29689363677755,315.33602101897907,315.31773383067383,2323.396067199367,2511.233294496442,212.14184570914196,0.08964637128999149,0.009900990099009901,0.0,0.0,
6.8354944763,0.047873236,0.0036751265,large_C_diagnostic,0.5,1.0,550mv0_converted.csv,550.0,419.61731636118117,334.94990038550964,336.3003289318754,335.65940670849005,441.6581915151591,909.674532748685,468.58013448389,0.7258672320534869,0.0,0.0,0.0,
6.8354944763,0.047873236,0.0036751265,large_C_diagnostic,0.5,1.0,600mv0_converted.csv,600.0,458.3699322834958,337.05829069109495,338.13568707089826,337.57153443301456,408.2980293125015,565.4949147441599,158.0237669842158,0.3266228080206399,0.0,0.0,0.0,
6.8354944763,0.047873236,0.0036751265,large_C_diagnostic,0.5,1.0,650mv0_converted.csv,650.0,495.4173600492479,338.8072463507458,339.5729555041507,339.2005636028626,371.6903051760382,250.97643755922223,120.9082153173017,0.3945492432977617,1.0,0.0,0.0,
6.8354944763,0.047873236,0.0036751265,large_C_diagnostic,0.5,1.0,700mv0_converted.csv,700.0,533.4180352284689,340.42227775886,341.14700070902256,340.78045673439055,340.9768280420451,125.29499930202371,215.81226980875923,1.0019309676652026,1.0,0.0,0.0,
6.8354944763,0.047873236,0.0036751265,large_C_diagnostic,0.5,1.0,750mv0_converted.csv,750.0,570.4337430744487,342.25311157180386,342.7968968559425,342.50535805827457,317.73108139537817,56.5961707842232,261.260572299892,1.7255541545287139,1.0,0.0,0.0,
6.8354944763,0.047873236,0.0036751265,large_C_diagnostic,0.5,1.0,800mv0_converted.csv,800.0,606.6551780288738,344.1045979307929,344.4295486653452,344.2543401136422,298.44728448122123,31.398853226463395,267.1038969266502,2.2517525865745727,1.0,0.0,0.0,
6.8354944763,0.047873236,0.0036751265,large_C_diagnostic,0.5,1.0,850mv0_converted.csv,850.0,646.2233016263873,345.9527074323563,346.3289060605991,346.1351744421049,279.4236594972153,22.599992336613116,256.8396967912195,2.51476449241886,1.0,0.0,0.0,
6.8354944763,0.047873236,0.0036751265,large_C_diagnostic,0.5,1.0,900mv0_converted.csv,900.0,682.8259268820619,347.2564386010835,347.59388317669135,347.4235760765159,260.5496927219125,20.12295690857538,240.43816382265172,2.5609134445769417,1.0,0.0,0.0,
6.8354944763,0.047873236,0.0036751265,large_C_diagnostic,0.5,1.0,950mv0_converted.csv,950.0,722.372921341621,348.9107357386079,349.3984181629903,349.1700855009654,244.93127859870688,18.88462281935286,226.0606093626488,2.562600268887037,1.0,0.0,0.0,
6.8354944763,0.047873236,0.0036751265,large_C_diagnostic,2.0,1.0,1000mv0_converted.csv,1000.0,759.2191989197131,350.19530297234354,350.6894493200962,350.5002439078937,230.59155991945735,18.41580887596206,212.1912605601032,2.5274019797978378,1.0,0.0,0.0,
6.8354944763,0.047873236,0.0036751265,large_C_diagnostic,2.0,1.0,100mv0_converted.csv,100.0,76.17083384633712,317.90183815553934,318.0177091998842,317.95102880990805,2244.945195889048,2350.502521174969,123.98491083096512,0.05473168752557805,0.04950495049504951,0.0,0.0,
6.8354944763,0.047873236,0.0036751265,large_C_diagnostic,2.0,1.0,1100mv0_converted.csv,1100.0,834.7865599618726,353.9413319331177,354.40442702131793,354.2051228531544,210.0170568323421,18.23049311118551,191.8156976127302,2.4440186019482506,1.0,0.0,0.0,
6.8354944763,0.047873236,0.0036751265,large_C_diagnostic,2.0,1.0,1200mv0_converted.csv,1200.0,908.6058899457871,356.7468710953503,357.45503175059565,357.1236716945321,190.43548335232884,18.21833094983998,172.24257624205762,2.346815960260972,1.0,0.0,0.0,
6.8354944763,0.047873236,0.0036751265,large_C_diagnostic,2.0,1.0,150mv0_converted.csv,150.0,114.17150902555795,321.7856059992577,321.9038885666046,321.8508085615767,2106.9158805026386,2135.3297421294865,38.29828061094232,0.01816605105103789,0.15841584158415842,0.0,0.0,
6.8354944763,0.047873236,0.0036751265,large_C_diagnostic,2.0,1.0,200mv0_converted.csv,200.0,152.35217904164247,326.6519952444696,326.80750330368494,326.7418651790158,1957.6954025903724,1895.6050384823639,64.77786614135586,0.03352739788923345,1.0,0.0,0.0,
6.8354944763,0.047873236,0.0036751265,large_C_diagnostic,2.0,1.0,250mv0_converted.csv,250.0,189.60094286792295,330.82438343186516,330.95838605158804,330.9036920205657,1682.1148282311676,1679.952770875232,14.66596998393688,0.008690720647526646,0.5346534653465347,0.0,0.0,
6.8354944763,0.047873236,0.0036751265,large_C_diagnostic,2.0,1.0,300mv0_converted.csv,300.0,228.7136509323431,327.2755467978532,330.69599161529965,329.00089179355933,1089.3613471000683,1676.2156329768718,671.2164544432939,0.5565578956358076,0.0,0.0,0.0,
6.8354944763,0.047873236,0.0036751265,large_C_diagnostic,2.0,1.0,350mv0_converted.csv,350.0,267.07439601247086,326.4715633494985,329.85593895197223,328.02323536697406,775.5850868036557,1756.1099297551825,1007.8728026654919,0.9249690024917823,0.0,0.0,0.0,
6.8354944763,0.047873236,0.0036751265,large_C_diagnostic,2.0,1.0,400mv0_converted.csv,400.0,303.3911472089279,328.75298540437416,331.470645329957,330.1709424448114,633.9876013161876,1522.3015716854889,910.0729716707317,0.9408904550362163,0.0,0.0,0.0,
6.8354944763,0.047873236,0.0036751265,large_C_diagnostic,2.0,1.0,450mv0_converted.csv,450.0,341.9425303334189,330.6345379401894,332.7144377435034,331.66999853668705,552.8027042215263,1228.2326853534962,701.7012312994316,0.8469659655324389,0.0,0.0,0.0,
6.8354944763,0.047873236,0.0036751265,large_C_diagnostic,2.0,1.0,500mv0_converted.csv,500.0,381.06588239966646,332.83739578357563,334.45444353020196,333.62425061312166,493.12982267667553,779.0541859239635,331.20803754250846,0.5258326006260872,0.0,0.0,0.0,
6.8354944763,0.047873236,0.0036751265,large_C_diagnostic,2.0,1.0,50mv0_converted.csv,50.0,37.79944238139679,315.29689363677755,315.33602101897907,315.31773383067383,2323.396067199367,2511.233294496442,212.14184570914196,0.08964637128999149,0.009900990099009901,0.0,0.0,
6.8354944763,0.047873236,0.0036751265,large_C_diagnostic,2.0,1.0,550mv0_converted.csv,550.0,419.61731636118117,334.94990038550964,336.3003289318754,335.65940670849005,441.6581915151591,421.77721926245357,111.00797283687189,0.2626477713021074,0.0,0.0,0.0,
6.8354944763,0.047873236,0.0036751265,large_C_diagnostic,2.0,1.0,600mv0_converted.csv,600.0,458.3699322834958,337.05829069109495,338.13568707089826,337.57153443301456,408.2980293125015,233.1069382771407,185.51896955324904,0.6075166148519542,0.0,0.0,0.0,
6.8354944763,0.047873236,0.0036751265,large_C_diagnostic,2.0,1.0,650mv0_converted.csv,650.0,495.4173600492479,338.8072463507458,339.5729555041507,339.2005636028626,371.6903051760382,123.31875043812364,250.316937461766,1.1185695244128058,1.0,0.0,0.0,
6.8354944763,0.047873236,0.0036751265,large_C_diagnostic,2.0,1.0,700mv0_converted.csv,700.0,533.4180352284689,340.42227775886,341.14700070902256,340.78045673439055,340.9768280420451,66.17902842606648,275.32552114303326,1.646138344144823,1.0,0.0,0.0,
6.8354944763,0.047873236,0.0036751265,large_C_diagnostic,2.0,1.0,750mv0_converted.csv,750.0,570.4337430744487,342.25311157180386,342.7968968559425,342.50535805827457,317.73108139537817,39.58202550906946,278.3869905081663,2.0850651773923334,1.0,0.0,0.0,
6.8354944763,0.047873236,0.0036751265,large_C_diagnostic,2.0,1.0,800mv0_converted.csv,800.0,606.6551780288738,344.1045979307929,344.4295486653452,344.2543401136422,298.44728448122123,26.010494798716934,272.5040361729304,2.4402554714341,1.0,0.0,0.0,
6.8354944763,0.047873236,0.0036751265,large_C_diagnostic,2.0,1.0,850mv0_converted.csv,850.0,646.2233016263873,345.9527074323563,346.3289060605991,346.1351744421049,279.4236594972153,21.189032658491985,258.25120989668045,2.5792570628691975,1.0,0.0,0.0,
6.8354944763,0.047873236,0.0036751265,large_C_diagnostic,2.0,1.0,900mv0_converted.csv,900.0,682.8259268820619,347.2564386010835,347.59388317669135,347.4235760765159,260.5496927219125,19.416967958506973,241.14401314500387,2.596626727742568,1.0,0.0,0.0,
6.8354944763,0.047873236,0.0036751265,large_C_diagnostic,2.0,1.0,950mv0_converted.csv,950.0,722.372921341621,348.9107357386079,349.3984181629903,349.1700855009654,244.93127859870688,18.673681429117032,226.27141472623714,2.573831517565756,1.0,0.0,0.0,
6.8354944763,0.047873236,0.0036751265,large_C_diagnostic,0.956269682,0.5,1000mv0_converted.csv,1000.0,759.2191989197131,350.19530297234354,350.6894493200962,350.5002439078937,230.59155991945735,18.474760206619113,212.13228729604904,2.5242051062623148,1.0,0.0,0.0,
6.8354944763,0.047873236,0.0036751265,large_C_diagnostic,0.956269682,0.5,100mv0_converted.csv,100.0,76.17083384633712,317.90183815553934,318.0177091998842,317.95102880990805,2244.945195889048,2350.502658957302,123.98498707923508,0.05473171930207177,0.04950495049504951,0.0,0.0,
6.8354944763,0.047873236,0.0036751265,large_C_diagnostic,0.956269682,0.5,1100mv0_converted.csv,1100.0,834.7865599618726,353.9413319331177,354.40442702131793,354.2051228531544,210.0170568323421,18.238163787539644,191.80801609113945,2.4435976912239052,1.0,0.0,0.0,
6.8354944763,0.047873236,0.0036751265,large_C_diagnostic,0.956269682,0.5,1200mv0_converted.csv,1200.0,908.6058899457871,356.7468710953503,357.45503175059565,357.1236716945321,190.43548335232884,18.219405939083288,172.24149942009655,2.3467569152479144,1.0,0.0,0.0,
6.8354944763,0.047873236,0.0036751265,large_C_diagnostic,0.956269682,0.5,150mv0_converted.csv,150.0,114.17150902555795,321.78560599925777,321.9038885666046,321.8508085615767,2106.9158805026386,2135.3370881033416,38.301925775208666,0.018167755557691116,0.15841584158415842,0.0,0.0,
6.8354944763,0.047873236,0.0036751265,large_C_diagnostic,0.956269682,0.5,200mv0_converted.csv,200.0,152.35217904164247,326.6519952444696,326.80750330368494,326.7418651790158,1957.6954025903724,1895.642821057008,64.74343812341749,0.03350919085002145,1.0,0.0,0.0,
6.8354944763,0.047873236,0.0036751265,large_C_diagnostic,0.956269682,0.5,250mv0_converted.csv,250.0,189.60094286792295,330.82438343186516,330.95838605158804,330.9036920205657,1682.1148282311676,1679.6847781946162,14.582924941659131,0.008640324246655078,0.5346534653465347,0.0,0.0,
6.8354944763,0.047873236,0.0036751265,large_C_diagnostic,0.956269682,0.5,300mv0_converted.csv,300.0,228.7136509323431,327.2755467978532,330.69599161529965,329.00089179355933,1089.3613471000683,1718.2345913424351,683.0329395278612,0.5603563622679762,0.0,0.0,0.0,
6.8354944763,0.047873236,0.0036751265,large_C_diagnostic,0.956269682,0.5,350mv0_converted.csv,350.0,267.07439601247086,326.4715633494985,329.85593895197223,328.02323536697406,775.5850868036557,1762.12733021349,1004.9480669430209,0.919968655705358,0.0,0.0,0.0,
6.8354944763,0.047873236,0.0036751265,large_C_diagnostic,0.956269682,0.5,400mv0_converted.csv,400.0,303.3911472089279,328.75298540437416,331.470645329957,330.1709424448114,633.9876013161876,1561.3562205097462,933.6553917717964,0.9512386291762788,0.0,0.0,0.0,
6.8354944763,0.047873236,0.0036751265,large_C_diagnostic,0.956269682,0.5,450mv0_converted.csv,450.0,341.9425303334189,330.6345379401894,332.7144377435034,331.66999853668705,552.8027042215263,1417.060871992961,866.6016166992417,0.9670848781564816,0.0,0.0,0.0,
6.8354944763,0.047873236,0.0036751265,large_C_diagnostic,0.956269682,0.5,500mv0_converted.csv,500.0,381.06588239966646,332.83739578357563,334.45444353020196,333.62425061312166,493.12982267667553,1098.8031259668935,607.27292856593,0.8162055045106178,0.0,0.0,0.0,
6.8354944763,0.047873236,0.0036751265,large_C_diagnostic,0.956269682,0.5,50mv0_converted.csv,50.0,37.79944238139679,315.29689363677755,315.33602101897907,315.31773383067383,2323.396067199367,2511.233294496442,212.14184570914196,0.08964637128999149,0.009900990099009901,0.0,0.0,
6.8354944763,0.047873236,0.0036751265,large_C_diagnostic,0.956269682,0.5,550mv0_converted.csv,550.0,419.61731636118117,334.94990038550964,336.3003289318754,335.65940670849005,441.6581915151591,709.4251225537593,269.7591968466696,0.4846087691322967,0.0,0.0,0.0,
6.8354944763,0.047873236,0.0036751265,large_C_diagnostic,0.956269682,0.5,600mv0_converted.csv,600.0,458.3699322834958,337.05829069109495,338.1356870708983,337.57153443301456,408.2980293125015,378.3073884567412,38.64696622185097,0.09536238066299345,0.0,0.0,0.0,
6.8354944763,0.047873236,0.0036751265,large_C_diagnostic,0.956269682,0.5,650mv0_converted.csv,650.0,495.4173600492479,338.8072463507458,339.57295550415074,339.2005636028626,371.6903051760382,192.824137772664,179.6201801971813,0.656573170340879,1.0,0.0,0.0,
6.8354944763,0.047873236,0.0036751265,large_C_diagnostic,0.956269682,0.5,700mv0_converted.csv,700.0,533.4180352284689,340.42227775886,341.14700070902256,340.78045673439055,340.9768280420451,101.0277508272983,240.2338226061768,1.2162595600604609,1.0,0.0,0.0,
6.8354944763,0.047873236,0.0036751265,large_C_diagnostic,0.956269682,0.5,750mv0_converted.csv,750.0,570.4337430744487,342.25311157180386,342.7968968559425,342.50535805827457,317.73108139537817,49.081531826812444,268.81927762865814,1.8675019971507025,1.0,0.0,0.0,
6.8354944763,0.047873236,0.0036751265,large_C_diagnostic,0.956269682,0.5,800mv0_converted.csv,800.0,606.6551780288738,344.1045979307929,344.4295486653452,344.2543401136422,298.44728448122123,29.4085750579834,269.0989874364131,2.317194061716227,1.0,0.0,0.0,
6.8354944763,0.047873236,0.0036751265,large_C_diagnostic,0.956269682,0.5,850mv0_converted.csv,850.0,646.2233016263873,345.9527074323563,346.3289060605991,346.1351744421049,279.4236594972153,22.04724931244803,257.39262755670865,2.5395084688505083,1.0,0.0,0.0,
6.8354944763,0.047873236,0.0036751265,large_C_diagnostic,0.956269682,0.5,900mv0_converted.csv,900.0,682.8259268820619,347.2564386010836,347.59388317669135,347.4235760765159,260.5496927219125,19.826130272138236,240.73492485102318,2.5757683155549045,1.0,0.0,0.0,
6.8354944763,0.047873236,0.0036751265,large_C_diagnostic,0.956269682,0.5,950mv0_converted.csv,950.0,722.372921341621,348.91073573860785,349.3984181629903,349.1700855009654,244.93127859870688,18.813281314207774,226.13189700938142,2.5663826990181455,1.0,0.0,0.0,
6.8354944763,0.047873236,0.0036751265,large_C_diagnostic,0.1569637099,0.5,1000mv0_converted.csv,1000.0,759.2191989197131,350.19530297234354,350.6894493200962,350.5002439078937,230.59155991945735,18.543591452117013,212.06344327660184,2.5204870600544074,1.0,0.0,0.0,
6.8354944763,0.047873236,0.0036751265,large_C_diagnostic,0.1569637099,0.5,100mv0_converted.csv,100.0,76.17083384633712,317.90183815553934,318.0177091998842,317.95102880990805,2244.945195889048,2350.503055383663,123.98528094107422,0.05473184320262735,0.04950495049504951,0.0,0.0,
6.8354944763,0.047873236,0.0036751265,large_C_diagnostic,0.1569637099,0.5,1100mv0_converted.csv,1100.0,834.7865599618726,353.9413319331177,354.40442702131793,354.2051228531544,210.0170568323421,18.248534117594804,191.79762646264666,2.4430288399984423,1.0,0.0,0.0,
6.8354944763,0.047873236,0.0036751265,large_C_diagnostic,0.1569637099,0.5,1200mv0_converted.csv,1200.0,908.6058899457871,356.7468710953503,357.45503175059565,357.1236716945321,190.43548335232884,18.220741441934415,172.2401614087896,2.346683561786453,1.0,0.0,0.0,
6.8354944763,0.047873236,0.0036751265,large_C_diagnostic,0.1569637099,0.5,150mv0_converted.csv,150.0,114.17150902555795,321.78560599925777,321.9038885666046,321.8508085615767,2106.9158805026386,2135.3439820544554,38.305807012705735,0.01816957189093969,0.15841584158415842,0.0,0.0,
6.8354944763,0.047873236,0.0036751265,large_C_diagnostic,0.1569637099,0.5,200mv0_converted.csv,200.0,152.35217904164247,326.6519952444696,326.80750330368494,326.7418651790158,1957.6954025903724,1895.71131458849,64.67851593623179,0.033474896578326176,1.0,0.0,0.0,
6.8354944763,0.047873236,0.0036751265,large_C_diagnostic,0.1569637099,0.5,250mv0_converted.csv,250.0,189.60094286792295,330.82438343186516,330.95838605158804,330.9036920205657,1682.1148282311676,1679.784313843982,14.501403354618395,0.008591963649807379,0.5346534653465347,0.0,0.0,
6.8354944763,0.047873236,0.0036751265,large_C_diagnostic,0.1569637099,0.5,300mv0_converted.csv,300.0,228.7136509323431,327.2755467978532,330.69599161529965,329.00089179355933,1089.3613471000683,1783.008330996674,741.0848945822927,0.5923279691426564,0.0,0.0,0.0,
6.8354944763,0.047873236,0.0036751265,large_C_diagnostic,0.1569637099,0.5,350mv0_converted.csv,350.0,267.07439601247086,326.4715633494985,329.85593895197223,328.02323536697406,775.5850868036557,1832.8621439414449,1073.9921893731785,0.9571684973187056,0.0,0.0,0.0,
6.8354944763,0.047873236,0.0036751265,large_C_diagnostic,0.1569637099,0.5,400mv0_converted.csv,400.0,303.3911472089279,328.75298540437416,331.470645329957,330.1709424448114,633.9876013161876,1718.8548197226949,1089.3116546643655,1.0444111003913332,0.0,0.0,0.0,
6.8354944763,0.047873236,0.0036751265,large_C_diagnostic,0.1569637099,0.5,450mv0_converted.csv,450.0,341.9425303334189,330.6345379401894,332.7144377435034,331.66999853668705,552.8027042215263,1617.237145150062,1065.324805941602,1.0962431931380943,0.0,0.0,0.0,
6.8354944763,0.047873236,0.0036751265,large_C_diagnostic,0.1569637099,0.5,500mv0_converted.csv,500.0,381.06588239966646,332.83739578357563,334.45444353020196,333.62425061312166,493.12982267667553,1411.905140489635,918.8995401637064,1.0616982441502856,0.0,0.0,0.0,
6.8354944763,0.047873236,0.0036751265,large_C_diagnostic,0.1569637099,0.5,50mv0_converted.csv,50.0,37.79944238139679,315.29689363677755,315.33602101897907,315.31773383067383,2323.396067199367,2511.233294496442,212.14184570914196,0.08964637128999149,0.009900990099009901,0.0,0.0,
6.8354944763,0.047873236,0.0036751265,large_C_diagnostic,0.1569637099,0.5,550mv0_converted.csv,550.0,419.61731636118117,334.94990038550964,336.3003289318754,335.65940670849005,441.6581915151591,1045.2874103206218,605.4022847828815,0.8630155444704949,0.0,0.0,0.0,
6.8354944763,0.047873236,0.0036751265,large_C_diagnostic,0.1569637099,0.5,600mv0_converted.csv,600.0,458.3699322834958,337.05829069109495,338.1356870708983,337.57153443301456,408.2980293125015,601.457935597637,196.77990362745936,0.3867416406043504,0.0,0.0,0.0,
6.8354944763,0.047873236,0.0036751265,large_C_diagnostic,0.1569637099,0.5,650mv0_converted.csv,650.0,495.4173600492479,338.8072463507458,339.57295550415074,339.2005636028626,371.6903051760382,303.33632274665456,69.69848657541264,0.21395787448747278,1.0,0.0,0.0,
6.8354944763,0.047873236,0.0036751265,large_C_diagnostic,0.1569637099,0.5,700mv0_converted.csv,700.0,533.4180352284689,340.42227775886,341.14700070902256,340.78045673439055,340.9768280420451,140.92672623738204,200.15297447549693,0.8881087790630026,1.0,0.0,0.0,
6.8354944763,0.047873236,0.0036751265,large_C_diagnostic,0.1569637099,0.5,750mv0_converted.csv,750.0,570.4337430744487,342.25311157180386,342.7968968559425,342.50535805827457,317.73108139537817,63.04262134816387,254.77588516261116,1.6192266037327978,1.0,0.0,0.0,
6.8354944763,0.047873236,0.0036751265,large_C_diagnostic,0.1569637099,0.5,800mv0_converted.csv,800.0,606.6551780288738,344.1045979307929,344.4295486653452,344.2543401136422,298.44728448122123,33.772586067124166,264.7255208138575,2.1790669935181404,1.0,0.0,0.0,
6.8354944763,0.047873236,0.0036751265,large_C_diagnostic,0.1569637099,0.5,850mv0_converted.csv,850.0,646.2233016263873,345.9527074323563,346.3289060605991,346.1351744421049,279.4236594972153,23.116736950260577,256.3229830012958,2.4922330299573736,1.0,0.0,0.0,
6.8354944763,0.047873236,0.0036751265,large_C_diagnostic,0.1569637099,0.5,900mv0_converted.csv,900.0,682.8259268820619,347.2564386010836,347.59388317669135,347.4235760765159,260.5496927219125,20.376118348376586,240.18503617271193,2.548420791766331,1.0,0.0,0.0,
6.8354944763,0.047873236,0.0036751265,large_C_diagnostic,0.1569637099,0.5,950mv0_converted.csv,950.0,722.372921341621,348.91073573860785,349.3984181629903,349.1700855009654,244.93127859870688,18.962974491685923,225.98233485774145,2.558465310483196,1.0,0.0,0.0,
6.8354944763,0.047873236,0.0036751265,large_C_diagnostic,0.5,0.5,1000mv0_converted.csv,1000.0,759.2191989197131,350.19530297234354,350.6894493200962,350.5002439078937,230.59155991945735,18.507913759439298,212.0991215468271,2.5224121637290877,1.0,0.0,0.0,
6.8354944763,0.047873236,0.0036751265,large_C_diagnostic,0.5,0.5,100mv0_converted.csv,100.0,76.17083384633712,317.90183815553934,318.0177091998842,317.95102880990805,2244.945195889048,2350.503094059406,123.98533472788058,0.05473186618024748,0.04950495049504951,0.0,0.0,
6.8354944763,0.047873236,0.0036751265,large_C_diagnostic,0.5,0.5,1100mv0_converted.csv,1100.0,834.7865599618726,353.9413319331177,354.40442702131793,354.2051228531544,210.0170568323421,18.242791015322847,191.80338017878955,2.443343827445346,1.0,0.0,0.0,
6.8354944763,0.047873236,0.0036751265,large_C_diagnostic,0.5,0.5,1200mv0_converted.csv,1200.0,908.6058899457871,356.7468710953503,357.45503175059565,357.1236716945321,190.43548335232884,18.220138266535088,172.240766042962,2.3467166977308955,1.0,0.0,0.0,
6.8354944763,0.047873236,0.0036751265,large_C_diagnostic,0.5,0.5,150mv0_converted.csv,150.0,114.17150902555795,321.78560599925777,321.9038885666046,321.8508085615767,2106.9158805026386,2135.3400322942452,38.3033686197705,0.01816843015243879,0.15841584158415842,0.0,0.0,
6.8354944763,0.047873236,0.0036751265,large_C_diagnostic,0.5,0.5,200mv0_converted.csv,200.0,152.35217904164247,326.6519952444696,326.80750330368494,326.7418651790158,1957.6954025903724,1895.6796451984067,64.70855183310323,0.033490762060481266,1.0,0.0,0.0,
6.8354944763,0.047873236,0.0036751265,large_C_diagnostic,0.5,0.5,250mv0_converted.csv,250.0,189.60094286792295,330.82438343186516,330.95838605158804,330.9036920205657,1682.1148282311676,1679.6085664352568,14.553800702537815,0.00862283439044686,0.5346534653465347,0.0,0.0,
6.8354944763,0.047873236,0.0036751265,large_C_diagnostic,0.5,0.5,300mv0_converted.csv,300.0,228.7136509323431,327.2755467978532,330.69599161529965,329.00089179355933,1089.3613471000683,1777.5323836827042,736.7100161026848,0.5901492134247046,0.0,0.0,0.0,
6.8354944763,0.047873236,0.0036751265,large_C_diagnostic,0.5,0.5,350mv0_converted.csv,350.0,267.07439601247086,326.4715633494985,329.85593895197223,328.02323536697406,775.5850868036557,1811.8084789313893,1052.5436434493563,0.9452627413803272,0.0,0.0,0.0,
6.8354944763,0.047873236,0.0036751265,large_C_diagnostic,0.5,0.5,400mv0_converted.csv,400.0,303.3911472089279,328.75298540437416,331.470645329957,330.1709424448114,633.9876013161876,1660.2388021639078,1030.2570949330673,1.0090933347173945,0.0,0.0,0.0,
6.8354944763,0.047873236,0.0036751265,large_C_diagnostic,0.5,0.5,450mv0_converted.csv,450.0,341.9425303334189,330.6345379401894,332.7144377435034,331.66999853668705,552.8027042215263,1557.1955409286045,1005.3154425846745,1.058463100522092,0.0,0.0,0.0,
6.8354944763,0.047873236,0.0036751265,large_C_diagnostic,0.5,0.5,500mv0_converted.csv,500.0,381.06588239966646,332.83739578357563,334.45444353020196,333.62425061312166,493.12982267667553,1299.0067368309096,806.0039786952202,0.9789870090537475,0.0,0.0,0.0,
6.8354944763,0.047873236,0.0036751265,large_C_diagnostic,0.5,0.5,50mv0_converted.csv,50.0,37.79944238139679,315.29689363677755,315.33602101897907,315.31773383067383,2323.396067199367,2511.233294496442,212.14184570914196,0.08964637128999149,0.009900990099009901,0.0,0.0,
6.8354944763,0.047873236,0.0036751265,large_C_diagnostic,0.5,0.5,550mv0_converted.csv,550.0,419.61731636118117,334.94990038550964,336.3003289318754,335.65940670849005,441.6581915151591,921.5167314888228,480.42000647210426,0.7388765673027764,0.0,0.0,0.0,
6.8354944763,0.047873236,0.0036751265,large_C_diagnostic,0.5,0.5,600mv0_converted.csv,600.0,458.3699322834958,337.05829069109495,338.1356870708983,337.57153443301456,408.2980293125015,562.6506604487353,155.13168170158826,0.3216022916970748,0.0,0.0,0.0,
6.8354944763,0.047873236,0.0036751265,large_C_diagnostic,0.5,0.5,650mv0_converted.csv,650.0,495.4173600492479,338.8072463507458,339.57295550415074,339.2005636028626,371.6903051760382,251.32469177246094,120.56788505024004,0.3932558618823234,1.0,0.0,0.0,
6.8354944763,0.047873236,0.0036751265,large_C_diagnostic,0.5,0.5,700mv0_converted.csv,700.0,533.4180352284689,340.42227775886,341.14700070902256,340.78045673439055,340.9768280420451,133.56613536872487,207.58159741850665,0.9389004753630982,1.0,0.0,0.0,
6.8354944763,0.047873236,0.0036751265,large_C_diagnostic,0.5,0.5,750mv0_converted.csv,750.0,570.4337430744487,342.25311157180386,342.7968968559425,342.50535805827457,317.73108139537817,56.18056971483892,261.6764583557893,1.7329233051598945,1.0,0.0,0.0,
6.8354944763,0.047873236,0.0036751265,large_C_diagnostic,0.5,0.5,800mv0_converted.csv,800.0,606.6551780288738,344.1045979307929,344.4295486653452,344.2543401136422,298.44728448122123,31.37249995694302,267.1302485546246,2.2525921227546553,1.0,0.0,0.0,
6.8354944763,0.047873236,0.0036751265,large_C_diagnostic,0.5,0.5,850mv0_converted.csv,850.0,646.2233016263873,345.9527074323563,346.3289060605991,346.1351744421049,279.4236594972153,22.584410110322555,256.8552790565707,2.515454085640645,1.0,0.0,0.0,
6.8354944763,0.047873236,0.0036751265,large_C_diagnostic,0.5,0.5,900mv0_converted.csv,900.0,682.8259268820619,347.2564386010836,347.59388317669135,347.4235760765159,260.5496927219125,20.095057817968993,240.46606065823224,2.5623006854276684,1.0,0.0,0.0,
6.8354944763,0.047873236,0.0036751265,large_C_diagnostic,0.5,0.5,950mv0_converted.csv,950.0,722.372921341621,348.91073573860785,349.3984181629903,349.1700855009654,244.93127859870688,18.887070400880116,226.058162018882,2.5624706818722442,1.0,0.0,0.0,
6.8354944763,0.047873236,0.0036751265,large_C_diagnostic,2.0,0.5,1000mv0_converted.csv,1000.0,759.2191989197131,350.19530297234354,350.6894493200962,350.5002439078937,230.59155991945735,18.4142587302935,212.19280901003916,2.5274861309727408,1.0,0.0,0.0,
6.8354944763,0.047873236,0.0036751265,large_C_diagnostic,2.0,0.5,100mv0_converted.csv,100.0,76.17083384633712,317.90183815553934,318.0177091998842,317.95102880990805,2244.945195889048,2350.5023761409343,123.98481912429986,0.054731648946105646,0.04950495049504951,0.0,0.0,
6.8354944763,0.047873236,0.0036751265,large_C_diagnostic,2.0,0.5,1100mv0_converted.csv,1100.0,834.7865599618726,353.9413319331177,354.40442702131793,354.2051228531544,210.0170568323421,18.23049184591463,191.8156988750344,2.4440186713036733,1.0,0.0,0.0,
6.8354944763,0.047873236,0.0036751265,large_C_diagnostic,2.0,0.5,1200mv0_converted.csv,1200.0,908.6058899457871,356.7468710953503,357.45503175059565,357.1236716945321,190.43548335232884,18.218269027105652,172.24263810582252,2.3468193580579717,1.0,0.0,0.0,
6.8354944763,0.047873236,0.0036751265,large_C_diagnostic,2.0,0.5,150mv0_converted.csv,150.0,114.17150902555795,321.78560599925777,321.9038885666046,321.8508085615767,2106.9158805026386,2135.3306872679455,38.29891541779023,0.01816634809585973,0.15841584158415842,0.0,0.0,
6.8354944763,0.047873236,0.0036751265,large_C_diagnostic,2.0,0.5,200mv0_converted.csv,200.0,152.35217904164247,326.6519952444696,326.80750330368494,326.7418651790158,1957.6954025903724,1895.556911355198,64.82494414512549,0.03355224951717961,1.0,0.0,0.0,
6.8354944763,0.047873236,0.0036751265,large_C_diagnostic,2.0,0.5,250mv0_converted.csv,250.0,189.60094286792295,330.82438343186516,330.95838605158804,330.9036920205657,1682.1148282311676,1679.33251953125,14.751257404444829,0.008740062885472412,0.5346534653465347,0.0,0.0,
6.8354944763,0.047873236,0.0036751265,large_C_diagnostic,2.0,0.5,300mv0_converted.csv,300.0,228.7136509323431,327.2755467978532,330.69599161529965,329.00089179355933,1089.3613471000683,1676.5223110689976,671.5236167383614,0.5567106269568539,0.0,0.0,0.0,
6.8354944763,0.047873236,0.0036751265,large_C_diagnostic,2.0,0.5,350mv0_converted.csv,350.0,267.07439601247086,326.4715633494985,329.85593895197223,328.02323536697406,775.5850868036557,1757.777861038057,1009.3457533853414,0.9257093685180205,0.0,0.0,0.0,
6.8354944763,0.047873236,0.0036751265,large_C_diagnostic,2.0,0.5,400mv0_converted.csv,400.0,303.3911472089279,328.75298540437416,331.470645329957,330.1709424448114,633.9876013161876,1523.8338429668163,911.442882325103,0.9417478340378896,0.0,0.0,0.0,
6.8354944763,0.047873236,0.0036751265,large_C_diagnostic,2.0,0.5,450mv0_converted.csv,450.0,341.9425303334189,330.6345379401894,332.7144377435034,331.66999853668705,552.8027042215263,1223.6179706837872,697.384498087597,0.8434635916699077,0.0,0.0,0.0,
6.8354944763,0.047873236,0.0036751265,large_C_diagnostic,2.0,0.5,500mv0_converted.csv,500.0,381.06588239966646,332.83739578357563,334.45444353020196,333.62425061312166,493.12982267667553,776.0272851320776,328.3987634798201,0.5224305114091509,0.0,0.0,0.0,
6.8354944763,0.047873236,0.0036751265,large_C_diagnostic,2.0,0.5,50mv0_converted.csv,50.0,37.79944238139679,315.29689363677755,315.33602101897907,315.31773383067383,2323.396067199367,2511.2332751585705,212.1418243229731,0.08964636279748352,0.009900990099009901,0.0,0.0,
6.8354944763,0.047873236,0.0036751265,large_C_diagnostic,2.0,0.5,550mv0_converted.csv,550.0,419.61731636118117,334.94990038550964,336.3003289318754,335.65940670849005,441.6581915151591,428.08910256565207,110.65368984165653,0.25886711506873383,0.0,0.0,0.0,
6.8354944763,0.047873236,0.0036751265,large_C_diagnostic,2.0,0.5,600mv0_converted.csv,600.0,458.3699322834958,337.05829069109495,338.1356870708983,337.57153443301456,408.2980293125015,221.4643764684696,196.11276220657487,0.6562663183667388,0.0,0.0,0.0,
6.8354944763,0.047873236,0.0036751265,large_C_diagnostic,2.0,0.5,650mv0_converted.csv,650.0,495.4173600492479,338.8072463507458,339.57295550415074,339.2005636028626,371.6903051760382,118.43629176073735,255.09577370203598,1.1585684644149132,1.0,0.0,0.0,
6.8354944763,0.047873236,0.0036751265,large_C_diagnostic,2.0,0.5,700mv0_converted.csv,700.0,533.4180352284689,340.42227775886,341.14700070902256,340.78045673439055,340.9768280420451,66.09512608594234,275.4096246575045,1.6475093825736653,1.0,0.0,0.0,
6.8354944763,0.047873236,0.0036751265,large_C_diagnostic,2.0,0.5,750mv0_converted.csv,750.0,570.4337430744487,342.25311157180386,342.7968968559425,342.50535805827457,317.73108139537817,38.68784082998143,279.2774057512427,2.1078247403288217,1.0,0.0,0.0,
6.8354944763,0.047873236,0.0036751265,large_C_diagnostic,2.0,0.5,800mv0_converted.csv,800.0,606.6551780288738,344.1045979307929,344.4295486653452,344.2543401136422,298.44728448122123,25.976110968259302,272.53836342121355,2.4415780692515567,1.0,0.0,0.0,
6.8354944763,0.047873236,0.0036751265,large_C_diagnostic,2.0,0.5,850mv0_converted.csv,850.0,646.2233016263873,345.9527074323563,346.3289060605991,346.1351744421049,279.4236594972153,21.126367946662526,258.3138622430721,2.5822173670730018,1.0,0.0,0.0,
6.8354944763,0.047873236,0.0036751265,large_C_diagnostic,2.0,0.5,900mv0_converted.csv,900.0,682.8259268820619,347.2564386010836,347.59388317669135,347.4235760765159,260.5496927219125,19.300713114219135,241.26026662116482,2.6026309862485753,1.0,0.0,0.0,
6.8354944763,0.047873236,0.0036751265,large_C_diagnostic,2.0,0.5,950mv0_converted.csv,950.0,722.372921341621,348.91073573860785,349.3984181629903,349.1700855009654,244.93127859870688,18.676483701951433,226.2686120280383,2.57368148702298,1.0,0.0,0.0,
6.8354944763,0.047873236,0.0036751265,large_C_diagnostic,0.956269682,0.25,1000mv0_converted.csv,1000.0,759.2191989197131,350.1953029723436,350.6894493200963,350.5002439078938,230.59155991945735,18.472839903123308,212.13420761123285,2.524309055568886,1.0,0.0,0.0,
6.8354944763,0.047873236,0.0036751265,large_C_diagnostic,0.956269682,0.25,100mv0_converted.csv,100.0,76.17083384633712,317.90183815553934,318.0177091998842,317.95102880990805,2244.945195889048,2350.5027411432548,123.9850597393087,0.05473175009491869,0.04950495049504951,0.0,0.0,
6.8354944763,0.047873236,0.0036751265,large_C_diagnostic,0.956269682,0.25,1100mv0_converted.csv,1100.0,834.7865599618726,353.94133193311774,354.404427021318,354.2051228531544,210.0170568323421,18.23807159272751,191.80810824238637,2.4436027455751934,1.0,0.0,0.0,
6.8354944763,0.047873236,0.0036751265,large_C_diagnostic,0.956269682,0.25,1200mv0_converted.csv,1200.0,908.6058899457871,356.74687109535034,357.4550317505957,357.1236716945321,190.43548335232884,18.219350588203657,172.24155477237983,2.34675995340574,1.0,0.0,0.0,
6.8354944763,0.047873236,0.0036751265,large_C_diagnostic,0.956269682,0.25,150mv0_converted.csv,150.0,114.17150902555795,321.78560599925777,321.9038885666047,321.8508085615767,2106.9158805026386,2135.336834293781,38.301767480781095,0.018167681488992678,0.15841584158415842,0.0,0.0,
6.8354944763,0.047873236,0.0036751265,large_C_diagnostic,0.956269682,0.25,200mv0_converted.csv,200.0,152.35217904164247,326.6519952444696,326.80750330368494,326.7418651790158,1957.6954025903724,1895.6437939936573,64.74224211139328,0.03350856382507625,1.0,0.0,0.0,
6.8354944763,0.047873236,0.0036751265,large_C_diagnostic,0.956269682,0.25,250mv0_converted.csv,250.0,189.60094286792295,330.82438343186516,330.9583860515881,330.9036920205657,1682.1148282311676,1679.3167265334932,14.66757598667835,0.008689921071843902,0.5346534653465347,0.0,0.0,
6.8354944763,0.047873236,0.0036751265,large_C_diagnostic,0.956269682,0.25,300mv0_converted.csv,300.0,228.7136509323431,327.2755467978532,330.69599161529965,329.00089179355933,1089.3613471000683,1717.7738508469988,682.6082585594276,0.56011410651014,0.0,0.0,0.0,
6.8354944763,0.047873236,0.0036751265,large_C_diagnostic,0.956269682,0.25,350mv0_converted.csv,350.0,267.07439601247086,326.4715633494986,329.85593895197223,328.02323536697406,775.5850868036557,1762.0806461749692,1004.8974837421595,0.9199385031964012,0.0,0.0,0.0,
6.8354944763,0.047873236,0.0036751265,large_C_diagnostic,0.956269682,0.25,400mv0_converted.csv,400.0,303.3911472089279,328.75298540437416,331.470645329957,330.1709424448114,633.9876013161876,1562.0622232267172,934.3570999603423,0.9516828175354993,0.0,0.0,0.0,
6.8354944763,0.047873236,0.0036751265,large_C_diagnostic,0.956269682,0.25,450mv0_converted.csv,450.0,341.9425303334189,330.63453794018943,332.7144377435034,331.6699985366871,552.8027042215263,1415.3103933806467,864.8522343934816,0.9658502286067054,0.0,0.0,0.0,
6.8354944763,0.047873236,0.0036751265,large_C_diagnostic,0.956269682,0.25,500mv0_converted.csv,500.0,381.06588239966646,332.83739578357563,334.454443530202,333.6242506131217,493.12982267667553,1096.1621250870205,604.6438764024927,0.8138144144907065,0.0,0.0,0.0,
6.8354944763,0.047873236,0.0036751265,large_C_diagnostic,0.956269682,0.25,50mv0_converted.csv,50.0,37.79944238139679,315.29689363677755,315.33602101897907,315.31773383067383,2323.396067199367,2511.233294496442,212.14184570914196,0.08964637128999149,0.009900990099009901,0.0,0.0,
6.8354944763,0.047873236,0.0036751265,large_C_diagnostic,0.956269682,0.25,550mv0_converted.csv,550.0,419.61731636118117,334.9499003855097,336.3003289318754,335.6594067084901,441.6581915151591,704.6532749893641,265.03261048657504,0.47794788922297143,0.0,0.0,0.0,
6.8354944763,0.047873236,0.0036751265,large_C_diagnostic,0.956269682,0.25,600mv0_converted.csv,600.0,458.3699322834958,337.05829069109495,338.1356870708983,337.5715344330146,408.2980293125015,375.14793924766013,41.15290504536899,0.10204141075291591,0.0,0.0,0.0,
6.8354944763,0.047873236,0.0036751265,large_C_diagnostic,0.956269682,0.25,650mv0_converted.csv,650.0,495.4173600492479,338.8072463507458,339.57295550415074,339.2005636028627,371.6903051760382,191.3932794249884,181.04590087958027,0.6639873076176707,1.0,0.0,0.0,
6.8354944763,0.047873236,0.0036751265,large_C_diagnostic,0.956269682,0.25,700mv0_converted.csv,700.0,533.4180352284689,340.42227775886005,341.1470007090226,340.78045673439055,340.9768280420451,100.58524715310276,240.67646001724867,1.220670714384086,1.0,0.0,0.0,
6.8354944763,0.047873236,0.0036751265,large_C_diagnostic,0.956269682,0.25,750mv0_converted.csv,750.0,570.4337430744487,342.25311157180386,342.7968968559426,342.50535805827457,317.73108139537817,48.92437966979376,268.97636571710586,1.8707168605014886,1.0,0.0,0.0,
6.8354944763,0.047873236,0.0036751265,large_C_diagnostic,0.956269682,0.25,800mv0_converted.csv,800.0,606.6551780288738,344.104597930793,344.42954866534524,344.2543401136422,298.44728448122123,29.33206076669221,269.1754747501301,2.3198000608922165,1.0,0.0,0.0,
6.8354944763,0.047873236,0.0036751265,large_C_diagnostic,0.956269682,0.25,850mv0_converted.csv,850.0,646.2233016263873,345.9527074323563,346.32890606059914,346.1351744421049,279.4236594972153,22.04469427731958,257.3951823455602,2.539624359757578,1.0,0.0,0.0,
6.8354944763,0.047873236,0.0036751265,large_C_diagnostic,0.956269682,0.25,900mv0_converted.csv,900.0,682.8259268820619,347.2564386010836,347.5938831766914,347.42357607651593,260.5496927219125,19.825805040869383,240.73524999141262,2.5757847186597256,1.0,0.0,0.0,
6.8354944763,0.047873236,0.0036751265,large_C_diagnostic,0.956269682,0.25,950mv0_converted.csv,950.0,722.372921341621,348.9107357386079,349.39841816299037,349.1700855009654,244.93127859870688,18.81320320733703,226.13197508701145,2.566386850280356,1.0,0.0,0.0,
6.8354944763,0.047873236,0.0036751265,large_C_diagnostic,0.1569637099,0.25,1000mv0_converted.csv,1000.0,759.2191989197131,350.1953029723436,350.6894493200963,350.5002439078938,230.59155991945735,18.545049705127678,212.06198271041438,2.520408485364166,1.0,0.0,0.0,
6.8354944763,0.047873236,0.0036751265,large_C_diagnostic,0.1569637099,0.25,100mv0_converted.csv,100.0,76.17083384633712,317.90183815553934,318.0177091998842,317.95102880990805,2244.945195889048,2350.5030287940904,123.98524841363682,0.05473182934567104,0.04950495049504951,0.0,0.0,
6.8354944763,0.047873236,0.0036751265,large_C_diagnostic,0.1569637099,0.25,1100mv0_converted.csv,1100.0,834.7865599618726,353.94133193311774,354.404427021318,354.2051228531544,210.0170568323421,18.24853474078792,191.79762584485889,2.4430288059575513,1.0,0.0,0.0,
6.8354944763,0.047873236,0.0036751265,large_C_diagnostic,0.1569637099,0.25,1200mv0_converted.csv,1200.0,908.6058899457871,356.74687109535034,357.4550317505957,357.1236716945321,190.43548335232884,18.22074548324736,172.24015733105168,2.346683339204042,1.0,0.0,0.0,
6.8354944763,0.047873236,0.0036751265,large_C_diagnostic,0.1569637099,0.25,150mv0_converted.csv,150.0,114.17150902555795,321.78560599925777,321.9038885666047,321.8508085615767,2106.9158805026386,2135.346592667079,38.30776626610317,0.018170489461607278,0.15841584158415842,0.0,0.0,
6.8354944763,0.047873236,0.0036751265,large_C_diagnostic,0.1569637099,0.25,200mv0_converted.csv,200.0,152.35217904164247,326.6519952444696,326.80750330368494,326.7418651790158,1957.6954025903724,1895.7125522122524,64.6774775583131,0.0334743456929174,1.0,0.0,0.0,
6.8354944763,0.047873236,0.0036751265,large_C_diagnostic,0.1569637099,0.25,250mv0_converted.csv,250.0,189.60094286792295,330.82438343186516,330.9583860515881,330.9036920205657,1682.1148282311676,1679.7668916305693,14.506781303543848,0.008595118159007166,0.5346534653465347,0.0,0.0,
6.8354944763,0.047873236,0.0036751265,large_C_diagnostic,0.1569637099,0.25,300mv0_converted.csv,300.0,228.7136509323431,327.2755467978532,330.69599161529965,329.00089179355933,1089.3613471000683,1782.9944826635983,741.0725257599088,0.592321362196878,0.0,0.0,0.0,
6.8354944763,0.047873236,0.0036751265,large_C_diagnostic,0.1569637099,0.25,350mv0_converted.csv,350.0,267.07439601247086,326.4715633494986,329.85593895197223,328.02323536697406,775.5850868036557,1832.851047629177,1073.9808527609434,0.9571622175597957,0.0,0.0,0.0,
6.8354944763,0.047873236,0.0036751265,large_C_diagnostic,0.1569637099,0.25,400mv0_converted.csv,400.0,303.3911472089279,328.75298540437416,331.470645329957,330.1709424448114,633.9876013161876,1718.8478556717976,1089.3046450704294,1.0444069789109085,0.0,0.0,0.0,
6.8354944763,0.047873236,0.0036751265,large_C_diagnostic,0.1569637099,0.25,450mv0_converted.csv,450.0,341.9425303334189,330.63453794018943,332.7144377435034,331.6699985366871,552.8027042215263,1617.235051825495,1065.3219616897647,1.0962394637856332,0.0,0.0,0.0,
6.8354944763,0.047873236,0.0036751265,large_C_diagnostic,0.1569637099,0.25,500mv0_converted.csv,500.0,381.06588239966646,332.83739578357563,334.454443530202,333.6242506131217,493.12982267667553,1411.8629863474628,918.8572798384488,1.061666356444572,0.0,0.0,0.0,
6.8354944763,0.047873236,0.0036751265,large_C_diagnostic,0.1569637099,0.25,50mv0_converted.csv,50.0,37.79944238139679,315.29689363677755,315.33602101897907,315.31773383067383,2323.396067199367,2511.233294496442,212.14184570914196,0.08964637128999149,0.009900990099009901,0.0,0.0,
6.8354944763,0.047873236,0.0036751265,large_C_diagnostic,0.1569637099,0.25,550mv0_converted.csv,550.0,419.61731636118117,334.9499003855097,336.3003289318754,335.6594067084901,441.6581915151591,1045.2065840617265,605.3193101143776,0.8629379722488238,0.0,0.0,0.0,
6.8354944763,0.047873236,0.0036751265,large_C_diagnostic,0.1569637099,0.25,600mv0_converted.csv,600.0,458.3699322834958,337.05829069109495,338.1356870708983,337.5715344330146,408.2980293125015,601.3787155906753,196.69391472223978,0.38660813683883266,0.0,0.0,0.0,
6.8354944763,0.047873236,0.0036751265,large_C_diagnostic,0.1569637099,0.25,650mv0_converted.csv,650.0,495.4173600492479,338.8072463507458,339.57295550415074,339.2005636028627,371.6903051760382,303.3611519690787,69.67834313482221,0.21390122615504467,1.0,0.0,0.0,
6.8354944763,0.047873236,0.0036751265,large_C_diagnostic,0.1569637099,0.25,700mv0_converted.csv,700.0,533.4180352284689,340.42227775886005,341.1470007090226,340.78045673439055,340.9768280420451,140.88662901019106,200.1931504028766,0.8883910115624897,1.0,0.0,0.0,
6.8354944763,0.047873236,0.0036751265,large_C_diagnostic,0.1569637099,0.25,750mv0_converted.csv,750.0,570.4337430744487,342.25311157180386,342.7968968559426,342.50535805827457,317.73108139537817,63.036162196999726,254.78229115135437,1.6193248362929218,1.0,0.0,0.0,
6.8354944763,0.047873236,0.0036751265,large_C_diagnostic,0.1569637099,0.25,800mv0_converted.csv,800.0,606.6551780288738,344.104597930793,344.42954866534524,344.2543401136422,298.44728448122123,33.765607550592705,264.7325233842462,2.179273381496401,1.0,0.0,0.0,
6.8354944763,0.047873236,0.0036751265,large_C_diagnostic,0.1569637099,0.25,850mv0_converted.csv,850.0,646.2233016263873,345.9527074323563,346.32890606059914,346.1351744421049,279.4236594972153,23.114952370671944,256.32477506787666,2.4923134581595257,1.0,0.0,0.0,
6.8354944763,0.047873236,0.0036751265,large_C_diagnostic,0.1569637099,0.25,900mv0_converted.csv,900.0,682.8259268820619,347.2564386010836,347.5938831766914,347.42357607651593,260.5496927219125,20.382518428387026,240.17863678947987,2.5481070252241147,1.0,0.0,0.0,
6.8354944763,0.047873236,0.0036751265,large_C_diagnostic,0.1569637099,0.25,950mv0_converted.csv,950.0,722.372921341621,348.9107357386079,349.39841816299037,349.1700855009654,244.93127859870688,18.96825442927899,225.97706721243713,2.5581880758086846,1.0,0.0,0.0,
6.8354944763,0.047873236,0.0036751265,large_C_diagnostic,0.5,0.25,1000mv0_converted.csv,1000.0,759.2191989197131,350.1953029723436,350.6894493200963,350.5002439078938,230.59155991945735,18.50927945882967,212.09775569629727,2.522338373917871,1.0,0.0,0.0,
6.8354944763,0.047873236,0.0036751265,large_C_diagnostic,0.5,0.25,100mv0_converted.csv,100.0,76.17083384633712,317.90183815553934,318.0177091998842,317.95102880990805,2244.945195889048,2350.502936939202,123.98520227664693,0.054731810120782556,0.04950495049504951,0.0,0.0,
6.8354944763,0.047873236,0.0036751265,large_C_diagnostic,0.5,0.25,1100mv0_converted.csv,1100.0,834.7865599618726,353.94133193311774,354.404427021318,354.2051228531544,210.0170568323421,18.24276064882184,191.80341055334884,2.443345492251421,1.0,0.0,0.0,
6.8354944763,0.047873236,0.0036751265,large_C_diagnostic,0.5,0.25,1200mv0_converted.csv,1200.0,908.6058899457871,356.74687109535034,357.4550317505957,357.1236716945321,190.43548335232884,18.220096323749807,172.24080790357047,2.3467189980675927,1.0,0.0,0.0,
6.8354944763,0.047873236,0.0036751265,large_C_diagnostic,0.5,0.25,150mv0_converted.csv,150.0,114.17150902555795,321.78560599925777,321.9038885666047,321.8508085615767,2106.9158805026386,2135.3398558361696,38.30326471255475,0.01816838151675052,0.15841584158415842,0.0,0.0,
6.8354944763,0.047873236,0.0036751265,large_C_diagnostic,0.5,0.25,200mv0_converted.csv,200.0,152.35217904164247,326.6519952444696,326.80750330368494,326.7418651790158,1957.6954025903724,1895.6801552347617,64.7079116951391,0.033490426650061834,1.0,0.0,0.0,
6.8354944763,0.047873236,0.0036751265,large_C_diagnostic,0.5,0.25,250mv0_converted.csv,250.0,189.60094286792295,330.82438343186516,330.9583860515881,330.9036920205657,1682.1148282311676,1679.570853960396,14.566315395722983,0.00863015011684777,0.5346534653465347,0.0,0.0,
6.8354944763,0.047873236,0.0036751265,large_C_diagnostic,0.5,0.25,300mv0_converted.csv,300.0,228.7136509323431,327.2755467978532,330.69599161529965,329.00089179355933,1089.3613471000683,1777.4522149114325,736.6352021516702,0.5901088611952309,0.0,0.0,0.0,
6.8354944763,0.047873236,0.0036751265,large_C_diagnostic,0.5,0.25,350mv0_converted.csv,350.0,267.07439601247086,326.4715633494986,329.85593895197223,328.02323536697406,775.5850868036557,1812.101265180229,1052.8470738146293,0.9454352899383446,0.0,0.0,0.0,
6.8354944763,0.047873236,0.0036751265,large_C_diagnostic,0.5,0.25,400mv0_converted.csv,400.0,303.3911472089279,328.75298540437416,331.470645329957,330.1709424448114,633.9876013161876,1661.0622401473545,1031.0925112646173,1.0096083296091996,0.0,0.0,0.0,
6.8354944763,0.047873236,0.0036751265,large_C_diagnostic,0.5,0.25,450mv0_converted.csv,450.0,341.9425303334189,330.63453794018943,332.7144377435034,331.6699985366871,552.8027042215263,1557.240478515625,1005.3602791020807,1.058490529306651,0.0,0.0,0.0,
6.8354944763,0.047873236,0.0036751265,large_C_diagnostic,0.5,0.25,500mv0_converted.csv,500.0,381.06588239966646,332.83739578357563,334.454443530202,333.6242506131217,493.12982267667553,1298.9574844813583,805.9558483286474,0.9789484279312057,0.0,0.0,0.0,
6.8354944763,0.047873236,0.0036751265,large_C_diagnostic,0.5,0.25,50mv0_converted.csv,50.0,37.79944238139679,315.29689363677755,315.33602101897907,315.31773383067383,2323.396067199367,2511.233294496442,212.14184570914196,0.08964637128999149,0.009900990099009901,0.0,0.0,
6.8354944763,0.047873236,0.0036751265,large_C_diagnostic,0.5,0.25,550mv0_converted.csv,550.0,419.61731636118117,334.9499003855097,336.3003289318754,335.6594067084901,441.6581915151591,911.5804648824258,470.5016433270307,0.7279644491640314,0.0,0.0,0.0,
6.8354944763,0.047873236,0.0036751265,large_C_diagnostic,0.5,0.25,600mv0_converted.csv,600.0,458.3699322834958,337.05829069109495,338.1356870708983,337.5715344330146,408.2980293125015,562.358046729966,154.83314917416791,0.3210942258553918,0.0,0.0,0.0,
6.8354944763,0.047873236,0.0036751265,large_C_diagnostic,0.5,0.25,650mv0_converted.csv,650.0,495.4173600492479,338.8072463507458,339.57295550415074,339.2005636028627,371.6903051760382,253.9122408120939,117.98683740193641,0.38306809556669463,1.0,0.0,0.0,
6.8354944763,0.047873236,0.0036751265,large_C_diagnostic,0.5,0.25,700mv0_converted.csv,700.0,533.4180352284689,340.42227775886005,341.1470007090226,340.78045673439055,340.9768280420451,133.72452605596862,207.41689459956947,0.9376298392250971,1.0,0.0,0.0,
6.8354944763,0.047873236,0.0036751265,large_C_diagnostic,0.5,0.25,750mv0_converted.csv,750.0,570.4337430744487,342.25311157180386,342.7968968559426,342.50535805827457,317.73108139537817,56.08296913675743,261.77412575601033,1.7346643904862558,1.0,0.0,0.0,
6.8354944763,0.047873236,0.0036751265,large_C_diagnostic,0.5,0.25,800mv0_converted.csv,800.0,606.6551780288738,344.104597930793,344.42954866534524,344.2543401136422,298.44728448122123,31.326775711361723,267.17597398097,2.254050988478615,1.0,0.0,0.0,
6.8354944763,0.047873236,0.0036751265,large_C_diagnostic,0.5,0.25,850mv0_converted.csv,850.0,646.2233016263873,345.9527074323563,346.32890606059914,346.1351744421049,279.4236594972153,22.586435280223885,256.85325366612295,2.5153644118707037,1.0,0.0,0.0,
6.8354944763,0.047873236,0.0036751265,large_C_diagnostic,0.5,0.25,900mv0_converted.csv,900.0,682.8259268820619,347.2564386010836,347.5938831766914,347.42357607651593,260.5496927219125,20.095152939900313,240.46596554509017,2.56229595632476,1.0,0.0,0.0,
6.8354944763,0.047873236,0.0036751265,large_C_diagnostic,0.5,0.25,950mv0_converted.csv,950.0,722.372921341621,348.9107357386079,349.39841816299037,349.1700855009654,244.93127859870688,18.884514780327827,226.0607172056322,2.5626059830804513,1.0,0.0,0.0,
6.8354944763,0.047873236,0.0036751265,large_C_diagnostic,2.0,0.25,1000mv0_converted.csv,1000.0,759.2191989197131,350.1953029723436,350.6894493200963,350.5002439078938,230.59155991945735,18.411297826483697,212.19576953217253,2.5276469211506156,1.0,0.0,0.0,
6.8354944763,0.047873236,0.0036751265,large_C_diagnostic,2.0,0.25,100mv0_converted.csv,100.0,76.17083384633712,317.90183815553934,318.0177091998842,317.95102880990805,2244.945195889048,2350.5023761409343,123.98481918138637,0.05473164897348896,0.04950495049504951,0.0,0.0,
6.8354944763,0.047873236,0.0036751265,large_C_diagnostic,2.0,0.25,1100mv0_converted.csv,1100.0,834.7865599618726,353.94133193311774,354.404427021318,354.2051228531544,210.0170568323421,18.230337898329932,191.81585261684663,2.4440271119074253,1.0,0.0,0.0,
6.8354944763,0.047873236,0.0036751265,large_C_diagnostic,2.0,0.25,1200mv0_converted.csv,1200.0,908.6058899457871,356.74687109535034,357.4550317505957,357.1236716945321,190.43548335232884,18.218236111178257,172.24267100768154,2.3468211645737047,1.0,0.0,0.0,
6.8354944763,0.047873236,0.0036751265,large_C_diagnostic,2.0,0.25,150mv0_converted.csv,150.0,114.17150902555795,321.78560599925777,321.9038885666047,321.8508085615767,2106.9158805026386,2135.3301941522277,38.29862245130238,0.01816621101699328,0.15841584158415842,0.0,0.0,
6.8354944763,0.047873236,0.0036751265,large_C_diagnostic,2.0,0.25,200mv0_converted.csv,200.0,152.35217904164247,326.6519952444696,326.80750330368494,326.7418651790158,1957.6954025903724,1895.5592343169865,64.82207921481894,0.0335507474332689,1.0,0.0,0.0,
6.8354944763,0.047873236,0.0036751265,large_C_diagnostic,2.0,0.25,250mv0_converted.csv,250.0,189.60094286792295,330.82438343186516,330.9583860515881,330.9036920205657,1682.1148282311676,1678.7279294457767,14.922378968495277,0.008840665967443637,0.5346534653465347,0.0,0.0,
6.8354944763,0.047873236,0.0036751265,large_C_diagnostic,2.0,0.25,300mv0_converted.csv,300.0,228.7136509323431,327.2755467978532,330.69599161529965,329.00089179355933,1089.3613471000683,1675.9394337871288,671.141785909902,0.5564989508842291,0.0,0.0,0.0,
6.8354944763,0.047873236,0.0036751265,large_C_diagnostic,2.0,0.25,350mv0_converted.csv,350.0,267.07439601247086,326.4715633494986,329.85593895197223,328.02323536697406,775.5850868036557,1757.2023128094058,1008.8077156135843,0.9254220500279516,0.0,0.0,0.0,
6.8354944763,0.047873236,0.0036751265,large_C_diagnostic,2.0,0.25,400mv0_converted.csv,400.0,303.3911472089279,328.75298540437416,331.470645329957,330.1709424448114,633.9876013161876,1524.9572475924351,912.4594035615372,0.9423923247065168,0.0,0.0,0.0,
6.8354944763,0.047873236,0.0036751265,large_C_diagnostic,2.0,0.25,450mv0_converted.csv,450.0,341.9425303334189,330.63453794018943,332.7144377435034,331.6699985366871,552.8027042215263,1224.7178568320699,698.391129178924,0.8442511857557587,0.0,0.0,0.0,
6.8354944763,0.047873236,0.0036751265,large_C_diagnostic,2.0,0.25,500mv0_converted.csv,500.0,381.06588239966646,332.83739578357563,334.454443530202,333.6242506131217,493.12982267667553,775.8885733727182,328.2125627216434,0.5222090981293702,0.0,0.0,0.0,
6.8354944763,0.047873236,0.0036751265,large_C_diagnostic,2.0,0.25,50mv0_converted.csv,50.0,37.79944238139679,315.29689363677755,315.33602101897907,315.31773383067383,2323.396067199367,2511.233294496442,212.14184570914196,0.08964637128999149,0.009900990099009901,0.0,0.0,
6.8354944763,0.047873236,0.0036751265,large_C_diagnostic,2.0,0.25,550mv0_converted.csv,550.0,419.61731636118117,334.9499003855097,336.3003289318754,335.6594067084901,441.6581915151591,426.9963575306505,110.63886906582374,0.2593161386403472,0.0,0.0,0.0,
6.8354944763,0.047873236,0.0036751265,large_C_diagnostic,2.0,0.25,600mv0_converted.csv,600.0,458.3699322834958,337.05829069109495,338.1356870708983,337.5715344330146,408.2980293125015,218.30121846718365,198.99408045633058,0.6698822551192859,0.0,0.0,0.0,
6.8354944763,0.047873236,0.0036751265,large_C_diagnostic,2.0,0.25,650mv0_converted.csv,650.0,495.4173600492479,338.8072463507458,339.57295550415074,339.2005636028627,371.6903051760382,116.81575027314743,256.68349783270094,1.1721626223331134,1.0,0.0,0.0,
6.8354944763,0.047873236,0.0036751265,large_C_diagnostic,2.0,0.25,700mv0_converted.csv,700.0,533.4180352284689,340.42227775886005,341.1470007090226,340.78045673439055,340.9768280420451,66.32182334673287,275.1858015136266,1.644244747478282,1.0,0.0,0.0,
6.8354944763,0.047873236,0.0036751265,large_C_diagnostic,2.0,0.25,750mv0_converted.csv,750.0,570.4337430744487,342.25311157180386,342.7968968559426,342.50535805827457,317.73108139537817,38.48825296080938,279.4761607435023,2.11299428484022,1.0,0.0,0.0,
6.8354944763,0.047873236,0.0036751265,large_C_diagnostic,2.0,0.25,800mv0_converted.csv,800.0,606.6551780288738,344.104597930793,344.42954866534524,344.2543401136422,298.44728448122123,25.865068832246383,272.6492533970657,2.445857641591452,1.0,0.0,0.0,
6.8354944763,0.047873236,0.0036751265,large_C_diagnostic,2.0,0.25,850mv0_converted.csv,850.0,646.2233016263873,345.9527074323563,346.32890606059914,346.1351744421049,279.4236594972153,21.12288027470655,258.31734900612315,2.582382381513654,1.0,0.0,0.0,
6.8354944763,0.047873236,0.0036751265,large_C_diagnostic,2.0,0.25,900mv0_converted.csv,900.0,682.8259268820619,347.2564386010836,347.5938831766914,347.42357607651593,260.5496927219125,19.301812389109394,241.25916736750227,2.6025740388183367,1.0,0.0,0.0,
6.8354944763,0.047873236,0.0036751265,large_C_diagnostic,2.0,0.25,950mv0_converted.csv,950.0,722.372921341621,348.9107357386079,349.39841816299037,349.1700855009654,244.93127859870688,18.679360134766835,226.26573515177017,2.573527507950899,1.0,0.0,0.0,
0.39,0.047873236,0.0034344414,lower_Se,0.956269682,1.0,1000mv0_converted.csv,1000.0,759.2191989197131,352.74233876351616,353.2125328870732,353.0316002243899,230.55558060730556,18.27125381243111,212.29442490688393,2.5351385541294498,1.0,0.0,0.0,
0.39,0.047873236,0.0034344414,lower_Se,0.956269682,1.0,100mv0_converted.csv,100.0,76.17083384633712,318.17559964381195,318.23085562115295,318.1981938415582,2245.5564588875172,2336.0871992961015,93.58938369848754,0.04096321036517977,0.0,0.0,0.0,
0.39,0.047873236,0.0034344414,lower_Se,0.956269682,1.0,1100mv0_converted.csv,1100.0,834.7865599618726,356.75740532685677,357.17224390480123,356.9942912975025,209.96291429798154,18.21963572738194,191.7630435116306,2.444380223448038,1.0,0.0,0.0,
0.39,0.047873236,0.0034344414,lower_Se,0.956269682,1.0,1200mv0_converted.csv,1200.0,908.6058899457871,359.773286379772,360.43454637041776,360.1169847710173,190.4078320014925,18.215929427949508,172.21062220564622,2.3468207763512257,1.0,0.0,0.0,
0.39,0.047873236,0.0034344414,lower_Se,0.956269682,1.0,150mv0_converted.csv,150.0,114.17150902555795,322.3404121620223,322.4095717465485,322.37737701457706,2105.387001524954,2108.1651236656867,13.67205829127724,0.006505956991986413,0.48514851485148514,0.0,0.0,
0.39,0.047873236,0.0034344414,lower_Se,0.956269682,1.0,200mv0_converted.csv,200.0,152.35217904164247,327.55951883146196,327.6402768128641,327.6089419026228,1957.2703914348324,1854.7418418355508,103.06466462360814,0.05405798007241537,1.0,0.0,0.0,
0.39,0.047873236,0.0034344414,lower_Se,0.956269682,1.0,250mv0_converted.csv,250.0,189.60094286792295,332.0068248700194,332.1171258488428,332.0678345411876,1680.6169070790982,1593.5623960589419,87.20898496817583,0.05327683738288371,1.0,0.0,0.0,
0.39,0.047873236,0.0034344414,lower_Se,0.956269682,1.0,300mv0_converted.csv,300.0,228.7136509323431,329.144125403363,330.8765080301031,329.9834498623165,1017.9021323048438,1690.3385904142172,688.3309441462031,0.5366787733718968,0.0,0.0,0.0,
0.39,0.047873236,0.0034344414,lower_Se,0.956269682,1.0,350mv0_converted.csv,350.0,267.07439601247086,328.02340023197877,330.1718207727466,329.02912507893814,711.7171214286312,1711.5533688989017,1009.3414315234074,0.9160499064272767,0.0,0.0,0.0,
0.39,0.047873236,0.0034344414,lower_Se,0.956269682,1.0,400mv0_converted.csv,400.0,303.3911472089279,330.30359206420246,332.084281396324,331.21528475021915,618.8494207894227,1529.702229414836,916.0879250226624,0.9285528346766397,0.0,0.0,0.0,
0.39,0.047873236,0.0034344414,lower_Se,0.956269682,1.0,450mv0_converted.csv,450.0,341.9425303334189,332.16091774784627,333.58508039481455,332.8896758978312,543.6778432052596,1344.0494747350713,803.1139859162059,0.9185076536571928,0.0,0.0,0.0,
0.39,0.047873236,0.0034344414,lower_Se,0.956269682,1.0,500mv0_converted.csv,500.0,381.06588239966646,334.44490657795944,335.54614175712015,334.9917896789144,488.4121672435573,920.5324549911046,434.52144420928374,0.6436587813419274,0.0,0.0,0.0,
0.39,0.047873236,0.0034344414,lower_Se,0.956269682,1.0,50mv0_converted.csv,50.0,37.79944238139679,315.36938303935233,315.39379038136747,315.382713966729,2317.5257234282963,2507.1033125773515,192.44452030786917,0.080018693867007,0.0,0.0,0.0,
0.39,0.047873236,0.0034344414,lower_Se,0.956269682,1.0,550mv0_converted.csv,550.0,419.61731636118117,336.61219961511176,337.59572711319515,337.1239480954904,441.17624883923725,509.3574850252359,75.79770758550133,0.16289440477000242,0.0,0.0,0.0,
0.39,0.047873236,0.0034344414,lower_Se,0.956269682,1.0,600mv0_converted.csv,600.0,458.3699322834958,338.8098706919272,339.62296676338855,339.20234288889816,406.2137219772026,208.6205891524211,198.75303970660732,0.667980858654669,1.0,0.0,0.0,
0.39,0.047873236,0.0034344414,lower_Se,0.956269682,1.0,650mv0_converted.csv,650.0,495.4173600492479,340.6275203381008,341.22374264832774,340.9386928870242,371.71004807550025,95.29528544208792,276.75095954353293,1.3611736802032617,1.0,0.0,0.0,
0.39,0.047873236,0.0034344414,lower_Se,0.956269682,1.0,700mv0_converted.csv,700.0,533.4180352284689,342.33443181155127,342.92414627820676,342.62814117113936,340.7151551339026,49.76097004956538,291.10155398024574,1.9237009015421704,1.0,0.0,0.0,
0.39,0.047873236,0.0034344414,lower_Se,0.956269682,1.0,750mv0_converted.csv,750.0,570.4337430744487,344.2693947573212,344.7079342536603,344.4719708704762,317.67631504893757,28.62322129353438,289.15086716509,2.4066752493210912,1.0,0.0,0.0,
0.39,0.047873236,0.0034344414,lower_Se,0.956269682,1.0,800mv0_converted.csv,800.0,606.6551780288738,346.2219956353227,346.4931371639851,346.3477155469055,298.2108713285761,21.378384920630126,276.8597925816845,2.6353684244177433,1.0,0.0,0.0,
0.39,0.047873236,0.0034344414,lower_Se,0.956269682,1.0,850mv0_converted.csv,850.0,646.2233016263873,348.200856715389,348.56029356821233,348.35772967115105,279.40774791155536,19.211718455399616,260.2050930030647,2.6771330896067598,1.0,0.0,0.0,
0.39,0.047873236,0.0034344414,lower_Se,0.956269682,1.0,900mv0_converted.csv,900.0,682.8259268820619,349.57059064889694,349.8766307868692,349.73958403397444,260.6128530389083,18.608622862560914,242.00993406426898,2.639398413721768,1.0,0.0,0.0,
0.39,0.047873236,0.0034344414,lower_Se,0.956269682,1.0,950mv0_converted.csv,950.0,722.372921341621,351.34775737938327,351.8409557755896,351.60414560777707,245.00311323851165,18.347234574875028,226.66269324864933,2.5917763131701066,1.0,0.0,0.0,
0.39,0.047873236,0.0034344414,lower_Se,0.1569637099,1.0,1000mv0_converted.csv,1000.0,759.2191989197131,352.74233876351616,353.2125328870732,353.0316002243899,230.55558060730556,18.283809605211314,212.28188416994854,2.5344519416968114,1.0,0.0,0.0,
0.39,0.047873236,0.0034344414,lower_Se,0.1569637099,1.0,100mv0_converted.csv,100.0,76.17083384633712,318.17559964381195,318.23085562115295,318.1981938415582,2245.5564588875172,2336.0873346612007,93.5895306345577,0.040963273288422,0.0,0.0,0.0,
0.39,0.047873236,0.0034344414,lower_Se,0.1569637099,1.0,1100mv0_converted.csv,1100.0,834.7865599618726,356.75740532685677,357.17224390480123,356.9942912975025,209.96291429798154,18.221203265803876,191.76147650412173,2.4442942005340074,1.0,0.0,0.0,
0.39,0.047873236,0.0034344414,lower_Se,0.1569637099,1.0,1200mv0_converted.csv,1200.0,908.6058899457871,359.773286379772,360.43454637041776,360.1169847710173,190.4078320014925,18.21613019055659,172.21042171544636,2.34680976064607,1.0,0.0,0.0,
0.39,0.047873236,0.0034344414,lower_Se,0.1569637099,1.0,150mv0_converted.csv,150.0,114.17150902555795,322.3404121620223,322.4095717465485,322.37737701457706,2105.387001524954,2108.1654910852412,13.672797612340117,0.006506307597531125,0.48514851485148514,0.0,0.0,
0.39,0.047873236,0.0034344414,lower_Se,0.1569637099,1.0,200mv0_converted.csv,200.0,152.35217904164247,327.55951883146196,327.6402768128641,327.6089419026228,1957.2703914348324,1854.7333307549504,103.07396795904603,0.05406298748109815,1.0,0.0,0.0,
0.39,0.047873236,0.0034344414,lower_Se,0.1569637099,1.0,250mv0_converted.csv,250.0,189.60094286792295,332.0068248700194,332.1171258488428,332.0678345411876,1680.6169070790982,1593.8660562345297,86.91440352166889,0.053091879890663954,1.0,0.0,0.0,
0.39,0.047873236,0.0034344414,lower_Se,0.1569637099,1.0,300mv0_converted.csv,300.0,228.7136509323431,329.144125403363,330.8765080301031,329.9834498623165,1017.9021323048438,1732.3799166537747,729.9255402206041,0.5606048403923564,0.0,0.0,0.0,
0.39,0.047873236,0.0034344414,lower_Se,0.1569637099,1.0,350mv0_converted.csv,350.0,267.07439601247086,328.02340023197877,330.1718207727466,329.02912507893814,711.7171214286312,1783.5399109491027,1080.93728947843,0.9564393941399149,0.0,0.0,0.0,
0.39,0.047873236,0.0034344414,lower_Se,0.1569637099,1.0,400mv0_converted.csv,400.0,303.3911472089279,330.30359206420246,332.084281396324,331.21528475021915,618.8494207894227,1653.8224420830754,1040.2213142648634,1.005791819524493,0.0,0.0,0.0,
0.39,0.047873236,0.0034344414,lower_Se,0.1569637099,1.0,450mv0_converted.csv,450.0,341.9425303334189,332.16091774784627,333.58508039481455,332.8896758978312,543.6778432052596,1506.7623943668782,966.3736506770456,1.0321295478014074,0.0,0.0,0.0,
0.39,0.047873236,0.0034344414,lower_Se,0.1569637099,1.0,500mv0_converted.csv,500.0,381.06588239966646,334.44490657795944,335.54614175712015,334.9917896789144,488.4121672435573,1189.1237962175123,705.1471055081473,0.8983164699754715,0.0,0.0,0.0,
0.39,0.047873236,0.0034344414,lower_Se,0.1569637099,1.0,50mv0_converted.csv,50.0,37.79944238139679,315.36938303935233,315.39379038136747,315.382713966729,2317.5257234282963,2507.1033125773515,192.44452030786917,0.080018693867007,0.0,0.0,0.0,
0.39,0.047873236,0.0034344414,lower_Se,0.1569637099,1.0,550mv0_converted.csv,550.0,419.61731636118117,336.61219961511176,337.59572711319515,337.1239480954904,441.17624883923725,706.0751101050047,274.21808815135745,0.4822562016815462,0.0,0.0,0.0,
0.39,0.047873236,0.0034344414,lower_Se,0.1569637099,1.0,600mv0_converted.csv,600.0,458.3699322834958,338.8098706919272,339.62296676338855,339.20234288889816,406.2137219772026,302.88926938500737,109.72604509579615,0.31801924704991286,1.0,0.0,0.0,
0.39,0.047873236,0.0034344414,lower_Se,0.1569637099,1.0,650mv0_converted.csv,650.0,495.4173600492479,340.6275203381008,341.22374264832774,340.9386928870242,371.71004807550025,130.4587246734317,241.86542360507616,1.0529484711776755,1.0,0.0,0.0,
0.39,0.047873236,0.0034344414,lower_Se,0.1569637099,1.0,700mv0_converted.csv,700.0,533.4180352284689,342.33443181155127,342.92414627820676,342.62814117113936,340.7151551339026,59.90394086176806,280.99389864006025,1.7407775398593335,1.0,0.0,0.0,
0.39,0.047873236,0.0034344414,lower_Se,0.1569637099,1.0,750mv0_converted.csv,750.0,570.4337430744487,344.2693947573212,344.7079342536603,344.4719708704762,317.67631504893757,31.814700778168028,285.9631866428,2.301596130812792,1.0,0.0,0.0,
0.39,0.047873236,0.0034344414,lower_Se,0.1569637099,1.0,800mv0_converted.csv,800.0,606.6551780288738,346.2219956353227,346.4931371639851,346.3477155469055,298.2108713285761,22.517476317906144,275.7210860123555,2.5835038631118556,1.0,0.0,0.0,
0.39,0.047873236,0.0034344414,lower_Se,0.1569637099,1.0,850mv0_converted.csv,850.0,646.2233016263873,348.200856715389,348.56029356821233,348.35772967115105,279.40774791155536,19.45111690181317,259.9658683338221,2.664759581561688,1.0,0.0,0.0,
0.39,0.047873236,0.0034344414,lower_Se,0.1569637099,1.0,900mv0_converted.csv,900.0,682.8259268820619,349.57059064889694,349.8766307868692,349.73958403397444,260.6128530389083,18.725263444503934,241.8933594147645,2.633152015332375,1.0,0.0,0.0,
0.39,0.047873236,0.0034344414,lower_Se,0.1569637099,1.0,950mv0_converted.csv,950.0,722.372921341621,351.34775737938327,351.8409557755896,351.60414560777707,245.00311323851165,18.377997162318465,226.63196921182714,2.590102041978098,1.0,0.0,0.0,
0.39,0.047873236,0.0034344414,lower_Se,0.5,1.0,1000mv0_converted.csv,1000.0,759.2191989197131,352.74233876351616,353.2125328870732,353.0316002243899,230.55558060730556,18.277751129452543,212.28793498728797,2.5347831697284233,1.0,0.0,0.0,
0.39,0.047873236,0.0034344414,lower_Se,0.5,1.0,100mv0_converted.csv,100.0,76.17083384633712,318.17559964381195,318.23085562115295,318.1981938415582,2245.5564588875172,2336.0872790648205,93.58946993219323,0.04096324729560242,0.0,0.0,0.0,
0.39,0.047873236,0.0034344414,lower_Se,0.5,1.0,1100mv0_converted.csv,1100.0,834.7865599618726,356.75740532685677,357.17224390480123,356.9942912975025,209.96291429798154,18.220370094374854,191.7623094051415,2.4443399223405513,1.0,0.0,0.0,
0.39,0.047873236,0.0034344414,lower_Se,0.5,1.0,1200mv0_converted.csv,1200.0,908.6058899457871,359.773286379772,360.43454637041776,360.1169847710173,190.4078320014925,18.216019942028687,172.21053178469796,2.3468158092584352,1.0,0.0,0.0,
0.39,0.047873236,0.0034344414,lower_Se,0.5,1.0,150mv0_converted.csv,150.0,114.17150902555795,322.3404121620223,322.4095717465485,322.37737701457706,2105.387001524954,2108.1652952892946,13.672463488027104,0.006506149106383813,0.48514851485148514,0.0,0.0,
0.39,0.047873236,0.0034344414,lower_Se,0.5,1.0,200mv0_converted.csv,200.0,152.35217904164247,327.55951883146196,327.6402768128641,327.6089419026228,1957.2703914348324,1854.7372357963336,103.0697226647364,0.05406070222136041,1.0,0.0,0.0,
0.39,0.047873236,0.0034344414,lower_Se,0.5,1.0,250mv0_converted.csv,250.0,189.60094286792295,332.0068248700194,332.1171258488428,332.0678345411876,1680.6169070790982,1593.7356319616338,87.04074511244873,0.05317119000804125,1.0,0.0,0.0,
0.39,0.047873236,0.0034344414,lower_Se,0.5,1.0,300mv0_converted.csv,300.0,228.7136509323431,329.144125403363,330.8765080301031,329.9834498623165,1017.9021323048438,1727.7500398843595,725.3018653792569,0.5580081769649329,0.0,0.0,0.0,
0.39,0.047873236,0.0034344414,lower_Se,0.5,1.0,350mv0_converted.csv,350.0,267.07439601247086,328.02340023197877,330.1718207727466,329.02912507893814,711.7171214286312,1759.8265731358292,1057.5530380155913,0.9433873213173399,0.0,0.0,0.0,
0.39,0.047873236,0.0034344414,lower_Se,0.5,1.0,400mv0_converted.csv,400.0,303.3911472089279,330.30359206420246,332.084281396324,331.21528475021915,618.8494207894227,1617.192571356745,1003.7843372811233,0.9837124656613129,0.0,0.0,0.0,
0.39,0.047873236,0.0034344414,lower_Se,0.5,1.0,450mv0_converted.csv,450.0,341.9425303334189,332.16091774784627,333.58508039481455,332.8896758978312,543.6778432052596,1450.9167057452817,910.5059072241785,0.9946818403388448,0.0,0.0,0.0,
0.39,0.047873236,0.0034344414,lower_Se,0.5,1.0,500mv0_converted.csv,500.0,381.06588239966646,334.44490657795944,335.54614175712015,334.9917896789144,488.4121672435573,1068.2279657042852,583.5936633350593,0.7919329357356099,0.0,0.0,0.0,
0.39,0.047873236,0.0034344414,lower_Se,0.5,1.0,50mv0_converted.csv,50.0,37.79944238139679,315.36938303935233,315.39379038136747,315.382713966729,2317.5257234282963,2507.1033125773515,192.44452030786917,0.080018693867007,0.0,0.0,0.0,
0.39,0.047873236,0.0034344414,lower_Se,0.5,1.0,550mv0_converted.csv,550.0,419.61731636118117,336.61219961511176,337.59572711319515,337.1239480954904,441.17624883923725,672.682752552599,237.04902613333576,0.4323795394816139,0.0,0.0,0.0,
0.39,0.047873236,0.0034344414,lower_Se,0.5,1.0,600mv0_converted.csv,600.0,458.3699322834958,338.8098706919272,339.62296676338855,339.20234288889816,406.2137219772026,284.8451701249227,124.6725923045742,0.3654366108446916,1.0,0.0,0.0,
0.39,0.047873236,0.0034344414,lower_Se,0.5,1.0,650mv0_converted.csv,650.0,495.4173600492479,340.6275203381008,341.22374264832774,340.9386928870242,371.71004807550025,123.36322973270228,248.8326842017459,1.1053171051292547,1.0,0.0,0.0,
0.39,0.047873236,0.0034344414,lower_Se,0.5,1.0,700mv0_converted.csv,700.0,533.4180352284689,342.33443181155127,342.92414627820676,342.62814117113936,340.7151551339026,57.70270470345374,283.1807333560486,1.776620032974355,1.0,0.0,0.0,
0.39,0.047873236,0.0034344414,lower_Se,0.5,1.0,750mv0_converted.csv,750.0,570.4337430744487,344.2693947573212,344.7079342536603,344.4719708704762,317.67631504893757,30.180186432186918,287.59595667640656,2.3539123498318637,1.0,0.0,0.0,
0.39,0.047873236,0.0034344414,lower_Se,0.5,1.0,800mv0_converted.csv,800.0,606.6551780288738,346.2219956353227,346.4931371639851,346.3477155469055,298.2108713285761,21.889654952700777,276.3487142172743,2.611748361569225,1.0,0.0,0.0,
0.39,0.047873236,0.0034344414,lower_Se,0.5,1.0,850mv0_converted.csv,850.0,646.2233016263873,348.200856715389,348.56029356821233,348.35772967115105,279.40774791155536,19.328040604544157,260.0888498286548,2.6710997550974582,1.0,0.0,0.0,
0.39,0.047873236,0.0034344414,lower_Se,0.5,1.0,900mv0_converted.csv,900.0,682.8259268820619,349.57059064889694,349.8766307868692,349.73958403397444,260.6128530389083,18.66950256045502,241.9490939646109,2.6361332280330676,1.0,0.0,0.0,
0.39,0.047873236,0.0034344414,lower_Se,0.5,1.0,950mv0_converted.csv,950.0,722.372921341621,351.34775737938327,351.8409557755896,351.60414560777707,245.00311323851165,18.363316885315545,226.6466310458951,2.590900614569043,1.0,0.0,0.0,
0.39,0.047873236,0.0034344414,lower_Se,2.0,1.0,1000mv0_converted.csv,1000.0,759.2191989197131,352.74233876351616,353.2125328870732,353.0316002243899,230.55558060730556,18.259774481896127,212.305892827757,2.535766822389049,1.0,0.0,0.0,
0.39,0.047873236,0.0034344414,lower_Se,2.0,1.0,100mv0_converted.csv,100.0,76.17083384633712,318.17559964381195,318.23085562115295,318.1981938415582,2245.5564588875172,2336.086964824412,93.58912608025328,0.04096310000315572,0.0,0.0,0.0,
0.39,0.047873236,0.0034344414,lower_Se,2.0,1.0,1100mv0_converted.csv,1100.0,834.7865599618726,356.75740532685677,357.17224390480123,356.9942912975025,209.96291429798154,18.21834369697193,191.76433519999847,2.4444511348690163,1.0,0.0,0.0,
0.39,0.047873236,0.0034344414,lower_Se,2.0,1.0,1200mv0_converted.csv,1200.0,908.6058899457871,359.773286379772,360.43454637041776,360.1169847710173,190.4078320014925,18.215773799631855,172.2107776620788,2.3468293164946843,1.0,0.0,0.0,
0.39,0.047873236,0.0034344414,lower_Se,2.0,1.0,150mv0_converted.csv,150.0,114.17150902555795,322.3404121620223,322.4095717465485,322.37737701457706,2105.387001524954,2108.1643839921103,13.671232901869097,0.0065055653646044825,0.48514851485148514,0.0,0.0,
0.39,0.047873236,0.0034344414,lower_Se,2.0,1.0,200mv0_converted.csv,200.0,152.35217904164247,327.55951883146196,327.6402768128641,327.6089419026228,1957.2703914348324,1854.7525320525217,103.05296303427447,0.05405168255361578,1.0,0.0,0.0,
0.39,0.047873236,0.0034344414,lower_Se,2.0,1.0,250mv0_converted.csv,250.0,189.60094286792295,332.0068248700194,332.1171258488428,332.0678345411876,1680.6169070790982,1593.1317440826115,87.63125739101874,0.05354219607947262,1.0,0.0,0.0,
0.39,0.047873236,0.0034344414,lower_Se,2.0,1.0,300mv0_converted.csv,300.0,228.7136509323431,329.144125403363,330.8765080301031,329.9834498623165,1017.9021323048438,1596.8711662670173,595.3177551740241,0.48062932957804455,0.0,0.0,0.0,
0.39,0.047873236,0.0034344414,lower_Se,2.0,1.0,350mv0_converted.csv,350.0,267.07439601247086,328.02340023197877,330.1718207727466,329.02912507893814,711.7171214286312,1631.9785083732982,929.289900200549,0.8684451968963989,0.0,0.0,0.0,
0.39,0.047873236,0.0034344414,lower_Se,2.0,1.0,400mv0_converted.csv,400.0,303.3911472089279,330.30359206420246,332.084281396324,331.21528475021915,618.8494207894227,1341.7511022586634,730.0913988214164,0.7972460804976688,0.0,0.0,0.0,
0.39,0.047873236,0.0034344414,lower_Se,2.0,1.0,450mv0_converted.csv,450.0,341.9425303334189,332.16091774784627,333.58508039481455,332.8896758978312,543.6778432052596,1076.5307931427908,541.0475800394223,0.6979690646154031,0.0,0.0,0.0,
0.39,0.047873236,0.0034344414,lower_Se,2.0,1.0,500mv0_converted.csv,500.0,381.06588239966646,334.44490657795944,335.54614175712015,334.9917896789144,488.4121672435573,623.2380129370359,157.2004927219569,0.27777841265122916,0.0,0.0,0.0,
0.39,0.047873236,0.0034344414,lower_Se,2.0,1.0,50mv0_converted.csv,50.0,37.79944238139679,315.36938303935233,315.39379038136747,315.382713966729,2317.5257234282963,2507.1033125773515,192.44452030786917,0.080018693867007,0.0,0.0,0.0,
0.39,0.047873236,0.0034344414,lower_Se,2.0,1.0,550mv0_converted.csv,550.0,419.61731636118117,336.61219961511176,337.59572711319515,337.1239480954904,441.17624883923725,340.6025577960628,112.81080774387216,0.3005073935183456,0.0,0.0,0.0,
0.39,0.047873236,0.0034344414,lower_Se,2.0,1.0,600mv0_converted.csv,600.0,458.3699322834958,338.8098706919272,339.62296676338855,339.20234288889816,406.2137219772026,133.2664324316648,273.9904427493801,1.125642210907832,1.0,0.0,0.0,
0.39,0.047873236,0.0034344414,lower_Se,2.0,1.0,650mv0_converted.csv,650.0,495.4173600492479,340.6275203381008,341.22374264832774,340.9386928870242,371.71004807550025,68.89167128459061,303.13947352862124,1.6894623364058297,1.0,0.0,0.0,
0.39,0.047873236,0.0034344414,lower_Se,2.0,1.0,700mv0_converted.csv,700.0,533.4180352284689,342.33443181155127,342.92414627820676,342.62814117113936,340.7151551339026,41.364676258351544,299.492890460618,2.110626171447368,1.0,0.0,0.0,
0.39,0.047873236,0.0034344414,lower_Se,2.0,1.0,750mv0_converted.csv,750.0,570.4337430744487,344.2693947573212,344.7079342536603,344.4719708704762,317.67631504893757,25.73060691002572,292.04137336476697,2.5134852937414003,1.0,0.0,0.0,
0.39,0.047873236,0.0034344414,lower_Se,2.0,1.0,800mv0_converted.csv,800.0,606.6551780288738,346.2219956353227,346.4931371639851,346.3477155469055,298.2108713285761,20.46291221014344,277.7750126453166,2.6791464025491685,1.0,0.0,0.0,
0.39,0.047873236,0.0034344414,lower_Se,2.0,1.0,850mv0_converted.csv,850.0,646.2233016263873,348.200856715389,348.56029356821233,348.35772967115105,279.40774791155536,18.994727937301786,260.4219593273143,2.6884929952051433,1.0,0.0,0.0,
0.39,0.047873236,0.0034344414,lower_Se,2.0,1.0,900mv0_converted.csv,900.0,682.8259268820619,349.57059064889694,349.8766307868692,349.73958403397444,260.6128530389083,18.499188413714418,242.11931314277828,2.645295987458668,1.0,0.0,0.0,
0.39,0.047873236,0.0034344414,lower_Se,2.0,1.0,950mv0_converted.csv,950.0,722.372921341621,351.34775737938327,351.8409557755896,351.60414560777707,245.00311323851165,18.314087744986658,226.69580924417207,2.593584120649128,1.0,0.0,0.0,
0.39,0.047873236,0.0034344414,lower_Se,0.956269682,0.5,1000mv0_converted.csv,1000.0,759.2191989197131,352.74233876351616,353.2125328870733,353.0316002243899,230.55558060730556,18.270775483386352,212.29490322979737,2.535164733961299,1.0,0.0,0.0,
0.39,0.047873236,0.0034344414,lower_Se,0.956269682,0.5,100mv0_converted.csv,100.0,76.17083384633712,318.17559964381195,318.23085562115295,318.1981938415582,2245.5564588875172,2336.0871992961015,93.58938369848754,0.04096321036517977,0.0,0.0,0.0,
0.39,0.047873236,0.0034344414,lower_Se,0.956269682,0.5,1100mv0_converted.csv,1100.0,834.7865599618726,356.7574053268569,357.1722439048013,356.9942912975025,209.96291429798154,18.219592311594745,191.76308693356918,2.4443826065469962,1.0,0.0,0.0,
0.39,0.047873236,0.0034344414,lower_Se,0.956269682,0.5,1200mv0_converted.csv,1200.0,908.6058899457871,359.77328637977206,360.4345463704178,360.11698477101737,190.4078320014925,18.215929427949508,172.21062220564622,2.3468207763512257,1.0,0.0,0.0,
0.39,0.047873236,0.0034344414,lower_Se,0.956269682,0.5,150mv0_converted.csv,150.0,114.17150902555795,322.3404121620223,322.4095717465485,322.37737701457706,2105.387001524954,2108.1636733253404,13.67158417790794,0.00650573040316708,0.48514851485148514,0.0,0.0,
0.39,0.047873236,0.0034344414,lower_Se,0.956269682,0.5,200mv0_converted.csv,200.0,152.35217904164247,327.55951883146196,327.64027681286416,327.6089419026228,1957.2703914348324,1854.666913627398,103.13774998120695,0.05409740671361293,1.0,0.0,0.0,
0.39,0.047873236,0.0034344414,lower_Se,0.956269682,0.5,250mv0_converted.csv,250.0,189.60094286792295,332.0068248700194,332.1171258488428,332.0678345411876,1680.6169070790982,1593.5506301728806,87.22071068246828,0.05328420178654168,1.0,0.0,0.0,
0.39,0.047873236,0.0034344414,lower_Se,0.956269682,0.5,300mv0_converted.csv,300.0,228.7136509323431,329.144125403363,330.87650803010314,329.9834498623165,1017.9021323048438,1688.9623709197092,686.9766015695814,0.5358856784995308,0.0,0.0,0.0,
0.39,0.047873236,0.0034344414,lower_Se,0.956269682,0.5,350mv0_converted.csv,350.0,267.07439601247086,328.02340023197877,330.1718207727466,329.02912507893814,711.7171214286312,1710.4348072014232,1008.22713187473,0.9154045353474553,0.0,0.0,0.0,
0.39,0.047873236,0.0034344414,lower_Se,0.956269682,0.5,400mv0_converted.csv,400.0,303.3911472089279,330.3035920642025,332.08428139632406,331.21528475021915,618.8494207894227,1525.3121664217203,911.7162364031512,0.9257118862276106,0.0,0.0,0.0,
0.39,0.047873236,0.0034344414,lower_Se,0.956269682,0.5,450mv0_converted.csv,450.0,341.9425303334189,332.16091774784627,333.5850803948146,332.88967589783124,543.6778432052596,1335.3915060817606,794.4867396721238,0.9120850328381725,0.0,0.0,0.0,
0.39,0.047873236,0.0034344414,lower_Se,0.956269682,0.5,500mv0_converted.csv,500.0,381.06588239966646,334.4449065779595,335.54614175712015,334.9917896789144,488.4121672435573,911.6402376382658,425.6782901695187,0.6340393416030186,0.0,0.0,0.0,
0.39,0.047873236,0.0034344414,lower_Se,0.956269682,0.5,50mv0_converted.csv,50.0,37.79944238139679,315.36938303935233,315.39379038136747,315.382713966729,2317.5257234282963,2507.1033125773515,192.44452030786917,0.080018693867007,0.0,0.0,0.0,
0.39,0.047873236,0.0034344414,lower_Se,0.956269682,0.5,550mv0_converted.csv,550.0,419.61731636118117,336.6121996151118,337.5957271131952,337.1239480954905,441.17624883923725,502.2938540619199,69.47077849475119,0.1505348591297395,0.0,0.0,0.0,
0.39,0.047873236,0.0034344414,lower_Se,0.956269682,0.5,600mv0_converted.csv,600.0,458.3699322834958,338.80987069192724,339.6229667633886,339.2023428888982,406.2137219772026,208.7422169600383,198.6327683186741,0.6674027528590097,1.0,0.0,0.0,
0.39,0.047873236,0.0034344414,lower_Se,0.956269682,0.5,650mv0_converted.csv,650.0,495.4173600492479,340.62752033810085,341.2237426483278,340.9386928870242,371.71004807550025,94.47685362560914,277.56839620571714,1.369778408702054,1.0,0.0,0.0,
0.39,0.047873236,0.0034344414,lower_Se,0.956269682,0.5,700mv0_converted.csv,700.0,533.4180352284689,342.3344318115513,342.9241462782068,342.6281411711394,340.7151551339026,49.718854054366005,291.1436549406313,1.924544458703688,1.0,0.0,0.0,
0.39,0.047873236,0.0034344414,lower_Se,0.956269682,0.5,750mv0_converted.csv,750.0,570.4337430744487,344.2693947573212,344.70793425366037,344.4719708704762,317.67631504893757,28.56888212071787,289.2051878226519,2.4085759359384538,1.0,0.0,0.0,
0.39,0.047873236,0.0034344414,lower_Se,0.956269682,0.5,800mv0_converted.csv,800.0,606.6551780288738,346.22199563532274,346.4931371639852,346.34771554690553,298.2108713285761,21.37182320698653,276.86635129834906,2.6356753830273347,1.0,0.0,0.0,
0.39,0.047873236,0.0034344414,lower_Se,0.956269682,0.5,850mv0_converted.csv,850.0,646.2233016263873,348.2008567153891,348.5602935682124,348.3577296711511,279.40774791155536,19.20753529992434,260.2092758581881,2.677350848738925,1.0,0.0,0.0,
0.39,0.047873236,0.0034344414,lower_Se,0.956269682,0.5,900mv0_converted.csv,900.0,682.8259268820619,349.57059064889694,349.8766307868692,349.7395840339746,260.6128530389083,18.608543584842494,242.0100133767304,2.639402674741426,1.0,0.0,0.0,
0.39,0.047873236,0.0034344414,lower_Se,0.956269682,0.5,950mv0_converted.csv,950.0,722.372921341621,351.3477573793833,351.8409557755897,351.60414560777707,245.00311323851165,18.34638540815599,226.66354235145116,2.5918225963819057,1.0,0.0,0.0,
0.39,0.047873236,0.0034344414,lower_Se,0.1569637099,0.5,1000mv0_converted.csv,1000.0,759.2191989197131,352.74233876351616,353.2125328870733,353.0316002243899,230.55558060730556,18.283802825625582,212.28189059850467,2.5344523059480104,1.0,0.0,0.0,
0.39,0.047873236,0.0034344414,lower_Se,0.1569637099,0.5,100mv0_converted.csv,100.0,76.17083384633712,318.17559964381195,318.23085562115295,318.1981938415582,2245.5564588875172,2336.087428933323,93.58963175082141,0.04096331659976592,0.0,0.0,0.0,
0.39,0.047873236,0.0034344414,lower_Se,0.1569637099,0.5,1100mv0_converted.csv,1100.0,834.7865599618726,356.7574053268569,357.1722439048013,356.9942912975025,209.96291429798154,18.221203530188834,191.76147608445453,2.4442941828362548,1.0,0.0,0.0,
0.39,0.047873236,0.0034344414,lower_Se,0.1569637099,0.5,1200mv0_converted.csv,1200.0,908.6058899457871,359.77328637977206,360.4345463704178,360.11698477101737,190.4078320014925,18.21613319321434,172.2104187087397,2.346809595718382,1.0,0.0,0.0,
0.39,0.047873236,0.0034344414,lower_Se,0.1569637099,0.5,150mv0_converted.csv,150.0,114.17150902555795,322.3404121620223,322.4095717465485,322.37737701457706,2105.387001524954,2108.1652469446162,13.672680440263983,0.006506251733278525,0.48514851485148514,0.0,0.0,
0.39,0.047873236,0.0034344414,lower_Se,0.1569637099,0.5,200mv0_converted.csv,200.0,152.35217904164247,327.55951883146196,327.64027681286416,327.6089419026228,1957.2703914348324,1854.7224145266089,103.08467932701103,0.05406876415665797,1.0,0.0,0.0,
0.39,0.047873236,0.0034344414,lower_Se,0.1569637099,0.5,250mv0_converted.csv,250.0,189.60094286792295,332.0068248700194,332.1171258488428,332.0678345411876,1680.6169070790982,1593.8669844523515,86.9134850179181,0.05309130314656507,1.0,0.0,0.0,
0.39,0.047873236,0.0034344414,lower_Se,0.1569637099,0.5,300mv0_converted.csv,300.0,228.7136509323431,329.144125403363,330.87650803010314,329.9834498623165,1017.9021323048438,1732.3561310720916,729.8981954119581,0.5605885552717489,0.0,0.0,0.0,
0.39,0.047873236,0.0034344414,lower_Se,0.1569637099,0.5,350mv0_converted.csv,350.0,267.07439601247086,328.02340023197877,330.1718207727466,329.02912507893814,711.7171214286312,1783.5129720857828,1080.909204350198,0.9564235038959369,0.0,0.0,0.0,
0.39,0.047873236,0.0034344414,lower_Se,0.1569637099,0.5,400mv0_converted.csv,400.0,303.3911472089279,330.3035920642025,332.08428139632406,331.21528475021915,618.8494207894227,1653.7740671894337,1040.170351824929,1.0057603003995725,0.0,0.0,0.0,
0.39,0.047873236,0.0034344414,lower_Se,0.1569637099,0.5,450mv0_converted.csv,450.0,341.9425303334189,332.16091774784627,333.5850803948146,332.88967589783124,543.6778432052596,1506.6476579420637,966.2451815787773,1.0320388379228898,0.0,0.0,0.0,
0.39,0.047873236,0.0034344414,lower_Se,0.1569637099,0.5,500mv0_converted.csv,500.0,381.06588239966646,334.4449065779595,335.54614175712015,334.9917896789144,488.4121672435573,1189.0228851620514,705.0325709169872,0.8982104085002973,0.0,0.0,0.0,
0.39,0.047873236,0.0034344414,lower_Se,0.1569637099,0.5,50mv0_converted.csv,50.0,37.79944238139679,315.36938303935233,315.39379038136747,315.382713966729,2317.5257234282963,2507.1033125773515,192.44452030786917,0.080018693867007,0.0,0.0,0.0,
0.39,0.047873236,0.0034344414,lower_Se,0.1569637099,0.5,550mv0_converted.csv,550.0,419.61731636118117,336.6121996151118,337.5957271131952,337.1239480954905,441.17624883923725,705.96676907681,274.0839608896083,0.48205995428795667,0.0,0.0,0.0,
0.39,0.047873236,0.0034344414,lower_Se,0.1569637099,0.5,600mv0_converted.csv,600.0,458.3699322834958,338.80987069192724,339.6229667633886,339.2023428888982,406.2137219772026,302.8826150422049,109.73300648639476,0.3180399104209883,1.0,0.0,0.0,
0.39,0.047873236,0.0034344414,lower_Se,0.1569637099,0.5,650mv0_converted.csv,650.0,495.4173600492479,340.62752033810085,341.2237426483278,340.9386928870242,371.71004807550025,130.4316693296527,241.89185073849356,1.0531227884596357,1.0,0.0,0.0,
0.39,0.047873236,0.0034344414,lower_Se,0.1569637099,0.5,700mv0_converted.csv,700.0,533.4180352284689,342.3344318115513,342.9241462782068,342.6281411711394,340.7151551339026,59.89775886157952,280.999700833194,1.7408743543734615,1.0,0.0,0.0,
0.39,0.047873236,0.0034344414,lower_Se,0.1569637099,0.5,750mv0_converted.csv,750.0,570.4337430744487,344.2693947573212,344.70793425366037,344.4719708704762,317.67631504893757,31.809704676713093,285.9681262370592,2.3017494300453776,1.0,0.0,0.0,
0.39,0.047873236,0.0034344414,lower_Se,0.1569637099,0.5,800mv0_converted.csv,800.0,606.6551780288738,346.22199563532274,346.4931371639852,346.34771554690553,298.2108713285761,22.51415165816203,275.7243864531566,2.5836504916903875,1.0,0.0,0.0,
0.39,0.047873236,0.0034344414,lower_Se,0.1569637099,0.5,850mv0_converted.csv,850.0,646.2233016263873,348.2008567153891,348.5602935682124,348.3577296711511,279.40774791155536,19.448503683109095,259.9684790841557,2.66489381885322,1.0,0.0,0.0,
0.39,0.047873236,0.0034344414,lower_Se,0.1569637099,0.5,900mv0_converted.csv,900.0,682.8259268820619,349.57059064889694,349.8766307868692,349.7395840339746,260.6128530389083,18.72987171210865,241.88875191961225,2.6329060028821023,1.0,0.0,0.0,
0.39,0.047873236,0.0034344414,lower_Se,0.1569637099,0.5,950mv0_converted.csv,950.0,722.372921341621,351.3477573793833,351.8409557755897,351.60414560777707,245.00311323851165,18.380210064425327,226.629758935407,2.589981721133295,1.0,0.0,0.0,
0.39,0.047873236,0.0034344414,lower_Se,0.5,0.5,1000mv0_converted.csv,1000.0,759.2191989197131,352.74233876351616,353.2125328870733,353.0316002243899,230.55558060730556,18.277430506035834,212.28825551503036,2.5348007096922904,1.0,0.0,0.0,
0.39,0.047873236,0.0034344414,lower_Se,0.5,0.5,100mv0_converted.csv,100.0,76.17083384633712,318.17559964381195,318.23085562115295,318.1981938415582,2245.5564588875172,2336.087312906095,93.58950647560411,0.040963262933873715,0.0,0.0,0.0,
0.39,0.047873236,0.0034344414,lower_Se,0.5,0.5,1100mv0_converted.csv,1100.0,834.7865599618726,356.7574053268569,357.1722439048013,356.9942912975025,209.96291429798154,18.220351474119884,191.7623280137391,2.4443409440795114,1.0,0.0,0.0,
0.39,0.047873236,0.0034344414,lower_Se,0.5,0.5,1200mv0_converted.csv,1200.0,908.6058899457871,359.77328637977206,360.4345463704178,360.11698477101737,190.4078320014925,18.216019942028687,172.2105317926652,2.3468158094266753,1.0,0.0,0.0,
0.39,0.047873236,0.0034344414,lower_Se,0.5,0.5,150mv0_converted.csv,150.0,114.17150902555795,322.3404121620223,322.4095717465485,322.37737701457706,2105.387001524954,2108.164608794864,13.672199383604742,0.0065060230510549195,0.48514851485148514,0.0,0.0,
0.39,0.047873236,0.0034344414,lower_Se,0.5,0.5,200mv0_converted.csv,200.0,152.35217904164247,327.55951883146196,327.64027681286416,327.6089419026228,1957.2703914348324,1854.699033831606,103.10704421872178,0.054080833872214525,1.0,0.0,0.0,
0.39,0.047873236,0.0034344414,lower_Se,0.5,0.5,250mv0_converted.csv,250.0,189.60094286792295,332.0068248700194,332.1171258488428,332.0678345411876,1680.6169070790982,1593.7321281810798,87.04419728994264,0.05317335718219002,1.0,0.0,0.0,
0.39,0.047873236,0.0034344414,lower_Se,0.5,0.5,300mv0_converted.csv,300.0,228.7136509323431,329.144125403363,330.87650803010314,329.9834498623165,1017.9021323048438,1727.5819974087253,725.1381743512761,0.5579146924453031,0.0,0.0,0.0,
0.39,0.047873236,0.0034344414,lower_Se,0.5,0.5,350mv0_converted.csv,350.0,267.07439601247086,328.02340023197877,330.1718207727466,329.02912507893814,711.7171214286312,1759.6657231396969,1057.3937827776058,0.9432969829470278,0.0,0.0,0.0,
0.39,0.047873236,0.0034344414,lower_Se,0.5,0.5,400mv0_converted.csv,400.0,303.3911472089279,330.3035920642025,332.08428139632406,331.21528475021915,618.8494207894227,1620.281576326578,1006.8344658834769,0.9855906225689585,0.0,0.0,0.0,
0.39,0.047873236,0.0034344414,lower_Se,0.5,0.5,450mv0_converted.csv,450.0,341.9425303334189,332.16091774784627,333.5850803948146,332.88967589783124,543.6778432052596,1444.735410784731,904.3814651505324,0.9904454061253194,0.0,0.0,0.0,
0.39,0.047873236,0.0034344414,lower_Se,0.5,0.5,500mv0_converted.csv,500.0,381.06588239966646,334.4449065779595,335.54614175712015,334.9917896789144,488.4121672435573,1063.1257819751702,578.5351847061153,0.7871892372833189,0.0,0.0,0.0,
0.39,0.047873236,0.0034344414,lower_Se,0.5,0.5,50mv0_converted.csv,50.0,37.79944238139679,315.36938303935233,315.39379038136747,315.382713966729,2317.5257234282963,2507.1033125773515,192.44452030786917,0.080018693867007,0.0,0.0,0.0,
0.39,0.047873236,0.0034344414,lower_Se,0.5,0.5,550mv0_converted.csv,550.0,419.61731636118117,336.6121996151118,337.5957271131952,337.1239480954905,441.17624883923725,672.0470840907333,236.36372880080188,0.4313829010740051,0.0,0.0,0.0,
0.39,0.047873236,0.0034344414,lower_Se,0.5,0.5,600mv0_converted.csv,600.0,458.3699322834958,338.80987069192724,339.6229667633886,339.2023428888982,406.2137219772026,284.844802403214,124.67307337134577,0.3654392277989141,1.0,0.0,0.0,
0.39,0.047873236,0.0034344414,lower_Se,0.5,0.5,650mv0_converted.csv,650.0,495.4173600492479,340.62752033810085,341.2237426483278,340.9386928870242,371.71004807550025,124.2316431479879,247.96096081708566,1.0981969850433093,1.0,0.0,0.0,
0.39,0.047873236,0.0034344414,lower_Se,0.5,0.5,700mv0_converted.csv,700.0,533.4180352284689,342.3344318115513,342.9241462782068,342.6281411711394,340.7151551339026,57.92176607339689,282.9640582543715,1.772977753680938,1.0,0.0,0.0,
0.39,0.047873236,0.0034344414,lower_Se,0.5,0.5,750mv0_converted.csv,750.0,570.4337430744487,344.2693947573212,344.70793425366037,344.4719708704762,317.67631504893757,30.13372234306713,287.64239669993344,2.355452133660541,1.0,0.0,0.0,
0.39,0.047873236,0.0034344414,lower_Se,0.5,0.5,800mv0_converted.csv,800.0,606.6551780288738,346.22199563532274,346.4931371639852,346.34771554690553,298.2108713285761,21.885591506958008,276.3527756185973,2.6119339544170392,1.0,0.0,0.0,
0.39,0.047873236,0.0034344414,lower_Se,0.5,0.5,850mv0_converted.csv,850.0,646.2233016263873,348.2008567153891,348.5602935682124,348.3577296711511,279.40774791155536,19.325063478828657,260.09182646009754,2.6712537765728683,1.0,0.0,0.0,
0.39,0.047873236,0.0034344414,lower_Se,0.5,0.5,900mv0_converted.csv,900.0,682.8259268820619,349.57059064889694,349.8766307868692,349.7395840339746,260.6128530389083,18.669399960206288,241.94919654782402,2.6361387233223006,1.0,0.0,0.0,
0.39,0.047873236,0.0034344414,lower_Se,0.5,0.5,950mv0_converted.csv,950.0,722.372921341621,351.3477573793833,351.8409557755897,351.60414560777707,245.00311323851165,18.36277410299471,226.64717362255635,2.590930167759949,1.0,0.0,0.0,
0.39,0.047873236,0.0034344414,lower_Se,2.0,0.5,1000mv0_converted.csv,1000.0,759.2191989197131,352.74233876351616,353.2125328870733,353.0316002243899,230.55558060730556,18.258931263838665,212.3067361154766,2.53581300386244,1.0,0.0,0.0,
0.39,0.047873236,0.0034344414,lower_Se,2.0,0.5,100mv0_converted.csv,100.0,76.17083384633712,318.17559964381195,318.23085562115295,318.1981938415582,2245.5564588875172,2336.0870808516397,93.58925490778824,0.04096315521426318,0.0,0.0,0.0,
0.39,0.047873236,0.0034344414,lower_Se,2.0,0.5,1100mv0_converted.csv,1100.0,834.7865599618726,356.7574053268569,357.1722439048013,356.9942912975025,209.96291429798154,18.218274088189155,191.76440472979107,2.444454954157294,1.0,0.0,0.0,
0.39,0.047873236,0.0034344414,lower_Se,2.0,0.5,1200mv0_converted.csv,1200.0,908.6058899457871,359.77328637977206,360.4345463704178,360.11698477101737,190.4078320014925,18.215781315718548,172.21077015573027,2.3468289040726695,1.0,0.0,0.0,
0.39,0.047873236,0.0034344414,lower_Se,2.0,0.5,150mv0_converted.csv,150.0,114.17150902555795,322.3404121620223,322.4095717465485,322.37737701457706,2105.387001524954,2108.161517152692,13.66997974119552,0.006504967538871169,0.48514851485148514,0.0,0.0,
0.39,0.047873236,0.0034344414,lower_Se,2.0,0.5,200mv0_converted.csv,200.0,152.35217904164247,327.55951883146196,327.64027681286416,327.6089419026228,1957.2703914348324,1854.5957647644648,103.20586522209331,0.054134170122268795,1.0,0.0,0.0,
0.39,0.047873236,0.0034344414,lower_Se,2.0,0.5,250mv0_converted.csv,250.0,189.60094286792295,332.0068248700194,332.1171258488428,332.0678345411876,1680.6169070790982,1593.0902389677444,87.67557134096108,0.05357005017397058,1.0,0.0,0.0,
0.39,0.047873236,0.0034344414,lower_Se,2.0,0.5,300mv0_converted.csv,300.0,228.7136509323431,329.144125403363,330.87650803010314,329.9834498623165,1017.9021323048438,1594.2571211711015,592.7075785276535,0.4789944059294493,0.0,0.0,0.0,
0.39,0.047873236,0.0034344414,lower_Se,2.0,0.5,350mv0_converted.csv,350.0,267.07439601247086,328.02340023197877,330.1718207727466,329.02912507893814,711.7171214286312,1633.6359742419554,930.8699702780359,0.8693888259377828,0.0,0.0,0.0,
0.39,0.047873236,0.0034344414,lower_Se,2.0,0.5,400mv0_converted.csv,400.0,303.3911472089279,330.3035920642025,332.08428139632406,331.21528475021915,618.8494207894227,1338.855223400758,727.2107774215683,0.7950545617831188,0.0,0.0,0.0,
0.39,0.047873236,0.0034344414,lower_Se,2.0,0.5,450mv0_converted.csv,450.0,341.9425303334189,332.16091774784627,333.5850803948146,332.88967589783124,543.6778432052596,1063.2504725692295,528.0154081919159,0.6856508081671406,0.0,0.0,0.0,
0.39,0.047873236,0.0034344414,lower_Se,2.0,0.5,500mv0_converted.csv,500.0,381.06588239966646,334.4449065779595,335.54614175712015,334.9917896789144,488.4121672435573,610.2636576737508,145.85305879165475,0.2601335191324601,0.0,0.0,0.0,
0.39,0.047873236,0.0034344414,lower_Se,2.0,0.5,50mv0_converted.csv,50.0,37.79944238139679,315.36938303935233,315.39379038136747,315.382713966729,2317.5257234282963,2507.1033125773515,192.44452030786917,0.080018693867007,0.0,0.0,0.0,
0.39,0.047873236,0.0034344414,lower_Se,2.0,0.5,550mv0_converted.csv,550.0,419.61731636118117,336.6121996151118,337.5957271131952,337.1239480954905,441.17624883923725,331.0613756840772,121.03478873634899,0.32621599959840375,0.0,0.0,0.0,
0.39,0.047873236,0.0034344414,lower_Se,2.0,0.5,600mv0_converted.csv,600.0,458.3699322834958,338.80987069192724,339.6229667633886,339.2023428888982,406.2137219772026,133.45294181899268,273.80567359180105,1.124242571383942,1.0,0.0,0.0,
0.39,0.047873236,0.0034344414,lower_Se,2.0,0.5,650mv0_converted.csv,650.0,495.4173600492479,340.62752033810085,341.2237426483278,340.9386928870242,371.71004807550025,67.80431343305229,304.2247581036813,1.7052873309131076,1.0,0.0,0.0,
0.39,0.047873236,0.0034344414,lower_Se,2.0,0.5,700mv0_converted.csv,700.0,533.4180352284689,342.3344318115513,342.9241462782068,342.6281411711394,340.7151551339026,41.29305546826655,299.5644016959995,2.11233167858844,1.0,0.0,0.0,
0.39,0.047873236,0.0034344414,lower_Se,2.0,0.5,750mv0_converted.csv,750.0,570.4337430744487,344.2693947573212,344.70793425366037,344.4719708704762,317.67631504893757,25.714906447004562,292.0570715451063,2.5140976406045024,1.0,0.0,0.0,
0.39,0.047873236,0.0034344414,lower_Se,2.0,0.5,800mv0_converted.csv,800.0,606.6551780288738,346.22199563532274,346.4931371639852,346.34771554690553,298.2108713285761,20.453837914041955,277.7840831345482,2.6795898832561567,1.0,0.0,0.0,
0.39,0.047873236,0.0034344414,lower_Se,2.0,0.5,850mv0_converted.csv,850.0,646.2233016263873,348.2008567153891,348.5602935682124,348.3577296711511,279.40774791155536,18.987961306430325,260.4287266223438,2.6888492551212138,1.0,0.0,0.0,
0.39,0.047873236,0.0034344414,lower_Se,2.0,0.5,900mv0_converted.csv,900.0,682.8259268820619,349.57059064889694,349.8766307868692,349.7395840339746,260.6128530389083,18.498977434517133,242.11952419559884,2.6453073938094707,1.0,0.0,0.0,
0.39,0.047873236,0.0034344414,lower_Se,2.0,0.5,950mv0_converted.csv,950.0,722.372921341621,351.3477573793833,351.8409557755897,351.60414560777707,245.00311323851165,18.313350639720955,226.69654647100597,2.5936243707558466,1.0,0.0,0.0,
0.39,0.047873236,0.0034344414,lower_Se,0.956269682,0.25,1000mv0_converted.csv,1000.0,759.2191989197131,352.7423387635161,353.2125328870732,353.0316002243899,230.55558060730556,18.270844374552812,212.29483434141818,2.5351609634200365,1.0,0.0,0.0,
0.39,0.047873236,0.0034344414,lower_Se,0.956269682,0.25,100mv0_converted.csv,100.0,76.17083384633712,318.17559964381195,318.23085562115295,318.1981938415582,2245.5564588875172,2336.0871992961015,93.58938369848754,0.04096321036517977,0.0,0.0,0.0,
0.39,0.047873236,0.0034344414,lower_Se,0.956269682,0.25,1100mv0_converted.csv,1100.0,834.7865599618726,356.7574053268568,357.17224390480123,356.9942912975025,209.96291429798154,18.219592311594745,191.76308693588302,2.4443826065941403,1.0,0.0,0.0,
0.39,0.047873236,0.0034344414,lower_Se,0.956269682,0.25,1200mv0_converted.csv,1200.0,908.6058899457871,359.773286379772,360.43454637041776,360.1169847710173,190.4078320014925,18.215929427949508,172.21062220564622,2.3468207763512257,1.0,0.0,0.0,
0.39,0.047873236,0.0034344414,lower_Se,0.956269682,0.25,150mv0_converted.csv,150.0,114.17150902555795,322.3404121620223,322.4095717465485,322.37737701457706,2105.387001524954,2108.1629191483603,13.671252768639034,0.006505572419017783,0.48514851485148514,0.0,0.0,
0.39,0.047873236,0.0034344414,lower_Se,0.956269682,0.25,200mv0_converted.csv,200.0,152.35217904164247,327.55951883146196,327.6402768128641,327.6089419026228,1957.2703914348324,1854.6777271232982,103.12746898020572,0.05409185566089577,1.0,0.0,0.0,
0.39,0.047873236,0.0034344414,lower_Se,0.956269682,0.25,250mv0_converted.csv,250.0,189.60094286792295,332.0068248700194,332.1171258488428,332.0678345411876,1680.6169070790982,1593.7904125251393,86.98730184914247,0.05313763605051721,1.0,0.0,0.0,
0.39,0.047873236,0.0034344414,lower_Se,0.956269682,0.25,300mv0_converted.csv,300.0,228.7136509323431,329.144125403363,330.8765080301031,329.9834498623165,1017.9021323048438,1688.4356423557394,686.4567228901469,0.5355804851846833,0.0,0.0,0.0,
0.39,0.047873236,0.0034344414,lower_Se,0.956269682,0.25,350mv0_converted.csv,350.0,267.07439601247086,328.02340023197877,330.1718207727466,329.0291250789381,711.7171214286312,1709.5815369256652,1007.3757551373687,0.9149104468165064,0.0,0.0,0.0,
0.39,0.047873236,0.0034344414,lower_Se,0.956269682,0.25,400mv0_converted.csv,400.0,303.3911472089279,330.30359206420246,332.084281396324,331.21528475021915,618.8494207894227,1524.7495624806622,911.1528752274127,0.9253422411703991,0.0,0.0,0.0,
0.39,0.047873236,0.0034344414,lower_Se,0.956269682,0.25,450mv0_converted.csv,450.0,341.9425303334189,332.16091774784627,333.58508039481455,332.8896758978312,543.6778432052596,1331.2859491027227,790.3941177658603,0.9090258646499958,0.0,0.0,0.0,
0.39,0.047873236,0.0034344414,lower_Se,0.956269682,0.25,500mv0_converted.csv,500.0,381.06588239966646,334.44490657795944,335.54614175712015,334.9917896789144,488.4121672435573,906.2736749932318,420.3337036709949,0.6281835751435141,0.0,0.0,0.0,
0.39,0.047873236,0.0034344414,lower_Se,0.956269682,0.25,50mv0_converted.csv,50.0,37.79944238139679,315.36938303935233,315.39379038136747,315.382713966729,2317.5257234282963,2507.1033125773515,192.44452030786917,0.080018693867007,0.0,0.0,0.0,
0.39,0.047873236,0.0034344414,lower_Se,0.956269682,0.25,550mv0_converted.csv,550.0,419.61731636118117,336.61219961511176,337.59572711319515,337.1239480954904,441.17624883923725,498.55053801583773,66.21122664693506,0.14408928211827934,0.0,0.0,0.0,
0.39,0.047873236,0.0034344414,lower_Se,0.956269682,0.25,600mv0_converted.csv,600.0,458.3699322834958,338.8098706919272,339.62296676338855,339.20234288889816,406.2137219772026,207.25554649428565,200.11099035757027,0.6745437428953333,1.0,0.0,0.0,
0.39,0.047873236,0.0034344414,lower_Se,0.956269682,0.25,650mv0_converted.csv,650.0,495.4173600492479,340.62752033810085,341.22374264832774,340.9386928870242,371.71004807550025,94.05467314767365,277.9899142887345,1.3742588249089853,1.0,0.0,0.0,
0.39,0.047873236,0.0034344414,lower_Se,0.956269682,0.25,700mv0_converted.csv,700.0,533.4180352284689,342.33443181155127,342.92414627820676,342.62814117113936,340.7151551339026,49.60433181913773,291.2580084848744,1.9268530670542157,1.0,0.0,0.0,
0.39,0.047873236,0.0034344414,lower_Se,0.956269682,0.25,750mv0_converted.csv,750.0,570.4337430744487,344.26939475732115,344.7079342536603,344.4719708704762,317.67631504893757,28.50449996419472,289.2695247358442,2.4108315649327783,1.0,0.0,0.0,
0.39,0.047873236,0.0034344414,lower_Se,0.956269682,0.25,800mv0_converted.csv,800.0,606.6551780288738,346.2219956353227,346.4931371639851,346.3477155469055,298.2108713285761,21.36879832201665,276.86937519875136,2.6358169304827546,1.0,0.0,0.0,
0.39,0.047873236,0.0034344414,lower_Se,0.956269682,0.25,850mv0_converted.csv,850.0,646.2233016263873,348.200856715389,348.5602935682123,348.35772967115105,279.40774791155536,19.20019240426545,260.2166183595791,2.677733209735912,1.0,0.0,0.0,
0.39,0.047873236,0.0034344414,lower_Se,0.956269682,0.25,900mv0_converted.csv,900.0,682.8259268820619,349.57059064889694,349.87663078686916,349.73958403397444,260.6128530389083,18.60255233840187,242.01600431040015,2.639724684173625,1.0,0.0,0.0,
0.39,0.047873236,0.0034344414,lower_Se,0.956269682,0.25,950mv0_converted.csv,950.0,722.372921341621,351.34775737938327,351.8409557755896,351.60414560777707,245.00311323851165,18.346173843534867,226.6637538437334,2.5918341267249874,1.0,0.0,0.0,
0.39,0.047873236,0.0034344414,lower_Se,0.1569637099,0.25,1000mv0_converted.csv,1000.0,759.2191989197131,352.7423387635161,353.2125328870732,353.0316002243899,230.55558060730556,18.28381090825147,212.28188249940078,2.5344518633990245,1.0,0.0,0.0,
0.39,0.047873236,0.0034344414,lower_Se,0.1569637099,0.25,100mv0_converted.csv,100.0,76.17083384633712,318.17559964381195,318.23085562115295,318.1981938415582,2245.5564588875172,2336.0873878403463,93.58958721182948,0.040963297518975796,0.0,0.0,0.0,
0.39,0.047873236,0.0034344414,lower_Se,0.1569637099,0.25,1100mv0_converted.csv,1100.0,834.7865599618726,356.7574053268568,357.17224390480123,356.9942912975025,209.96291429798154,18.221202944764997,191.7614766674854,2.4442942149130413,1.0,0.0,0.0,
0.39,0.047873236,0.0034344414,lower_Se,0.1569637099,0.25,1200mv0_converted.csv,1200.0,908.6058899457871,359.773286379772,360.43454637041776,360.1169847710173,190.4078320014925,18.216134515139135,172.21041737987636,2.3468095229999624,1.0,0.0,0.0,
0.39,0.047873236,0.0034344414,lower_Se,0.1569637099,0.25,150mv0_converted.csv,150.0,114.17150902555795,322.3404121620223,322.4095717465485,322.37737701457706,2105.387001524954,2108.1651526724936,13.672660632470267,0.006506242246746878,0.48514851485148514,0.0,0.0,
0.39,0.047873236,0.0034344414,lower_Se,0.1569637099,0.25,200mv0_converted.csv,200.0,152.35217904164247,327.55951883146196,327.6402768128641,327.6089419026228,1957.2703914348324,1854.723711372602,103.08343587001653,0.05406809313553668,1.0,0.0,0.0,
0.39,0.047873236,0.0034344414,lower_Se,0.1569637099,0.25,250mv0_converted.csv,250.0,189.60094286792295,332.0068248700194,332.1171258488428,332.0678345411876,1680.6169070790982,1593.9018627204518,86.8798265387585,0.05307017662339431,1.0,0.0,0.0,
0.39,0.047873236,0.0034344414,lower_Se,0.1569637099,0.25,300mv0_converted.csv,300.0,228.7136509323431,329.144125403363,330.8765080301031,329.9834498623165,1017.9021323048438,1732.3431940362004,729.8828992412346,0.5605794012677414,0.0,0.0,0.0,
0.39,0.047873236,0.0034344414,lower_Se,0.1569637099,0.25,350mv0_converted.csv,350.0,267.07439601247086,328.02340023197877,330.1718207727466,329.0291250789381,711.7171214286312,1783.4942457746752,1080.8886128287486,0.9564113651494398,0.0,0.0,0.0,
0.39,0.047873236,0.0034344414,lower_Se,0.1569637099,0.25,400mv0_converted.csv,400.0,303.3911472089279,330.30359206420246,332.084281396324,331.21528475021915,618.8494207894227,1653.7268042233911,1040.1205483086144,1.0057295918492313,0.0,0.0,0.0,
0.39,0.047873236,0.0034344414,lower_Se,0.1569637099,0.25,450mv0_converted.csv,450.0,341.9425303334189,332.16091774784627,333.58508039481455,332.8896758978312,543.6778432052596,1506.6090438389542,966.2027753723643,1.0320088032637493,0.0,0.0,0.0,
0.39,0.047873236,0.0034344414,lower_Se,0.1569637099,0.25,500mv0_converted.csv,500.0,381.06588239966646,334.44490657795944,335.54614175712015,334.9917896789144,488.4121672435573,1188.9182781559407,704.9198999419367,0.8981138248441494,0.0,0.0,0.0,
0.39,0.047873236,0.0034344414,lower_Se,0.1569637099,0.25,50mv0_converted.csv,50.0,37.79944238139679,315.36938303935233,315.39379038136747,315.382713966729,2317.5257234282963,2507.1033125773515,192.44452030786917,0.080018693867007,0.0,0.0,0.0,
0.39,0.047873236,0.0034344414,lower_Se,0.1569637099,0.25,550mv0_converted.csv,550.0,419.61731636118117,336.61219961511176,337.59572711319515,337.1239480954904,441.17624883923725,705.8461219107751,273.9466606319361,0.4818682960247849,0.0,0.0,0.0,
0.39,0.047873236,0.0034344414,lower_Se,0.1569637099,0.25,600mv0_converted.csv,600.0,458.3699322834958,338.8098706919272,339.62296676338855,339.20234288889816,406.2137219772026,302.8628917731861,109.7433037111623,0.318091063522865,1.0,0.0,0.0,
0.39,0.047873236,0.0034344414,lower_Se,0.1569637099,0.25,650mv0_converted.csv,650.0,495.4173600492479,340.62752033810085,341.22374264832774,340.9386928870242,371.71004807550025,130.43927221014948,241.88366330200728,1.0530780298137525,1.0,0.0,0.0,
0.39,0.047873236,0.0034344414,lower_Se,0.1569637099,0.25,700mv0_converted.csv,700.0,533.4180352284689,342.33443181155127,342.92414627820676,342.62814117113936,340.7151551339026,59.88953059734684,281.00785509961526,1.7410152605246636,1.0,0.0,0.0,
0.39,0.047873236,0.0034344414,lower_Se,0.1569637099,0.25,750mv0_converted.csv,750.0,570.4337430744487,344.26939475732115,344.7079342536603,344.4719708704762,317.67631504893757,31.809815000779558,285.9679425787215,2.301747072864174,1.0,0.0,0.0,
0.39,0.047873236,0.0034344414,lower_Se,0.1569637099,0.25,800mv0_converted.csv,800.0,606.6551780288738,346.2219956353227,346.4931371639851,346.3477155469055,298.2108713285761,22.51226219328323,275.726267111606,2.583733612500453,1.0,0.0,0.0,
0.39,0.047873236,0.0034344414,lower_Se,0.1569637099,0.25,850mv0_converted.csv,850.0,646.2233016263873,348.200856715389,348.5602935682123,348.35772967115105,279.40774791155536,19.44830894470215,259.9686754152267,2.6649038703422,1.0,0.0,0.0,
0.39,0.047873236,0.0034344414,lower_Se,0.1569637099,0.25,900mv0_converted.csv,900.0,682.8259268820619,349.57059064889694,349.87663078686916,349.73958403397444,260.6128530389083,18.73053167362024,241.88809239289256,2.632870798101056,1.0,0.0,0.0,
0.39,0.047873236,0.0034344414,lower_Se,0.1569637099,0.25,950mv0_converted.csv,950.0,722.372921341621,351.34775737938327,351.8409557755896,351.60414560777707,245.00311323851165,18.377678653981427,226.6322875837965,2.5901193692325393,1.0,0.0,0.0,
0.39,0.047873236,0.0034344414,lower_Se,0.5,0.25,1000mv0_converted.csv,1000.0,759.2191989197131,352.7423387635161,353.2125328870732,353.0316002243899,230.55558060730556,18.277659803333847,212.28802619401466,2.534788163770556,1.0,0.0,0.0,
0.39,0.047873236,0.0034344414,lower_Se,0.5,0.25,100mv0_converted.csv,100.0,76.17083384633712,318.17559964381195,318.23085562115295,318.1981938415582,2245.5564588875172,2336.0873008199255,93.589497171909,0.0409632589935477,0.0,0.0,0.0,
0.39,0.047873236,0.0034344414,lower_Se,0.5,0.25,1100mv0_converted.csv,1100.0,834.7865599618726,356.7574053268568,357.17224390480123,356.9942912975025,209.96291429798154,18.220431110646466,191.76224841403058,2.444336573993769,1.0,0.0,0.0,
0.39,0.047873236,0.0034344414,lower_Se,0.5,0.25,1200mv0_converted.csv,1200.0,908.6058899457871,359.773286379772,360.43454637041776,360.1169847710173,190.4078320014925,18.215993749033107,172.2105579901928,2.3468172474711038,1.0,0.0,0.0,
0.39,0.047873236,0.0034344414,lower_Se,0.5,0.25,150mv0_converted.csv,150.0,114.17150902555795,322.3404121620223,322.4095717465485,322.37737701457706,2105.387001524954,2108.164195447865,13.672042969010768,0.006505948403500904,0.48514851485148514,0.0,0.0,
0.39,0.047873236,0.0034344414,lower_Se,0.5,0.25,200mv0_converted.csv,200.0,152.35217904164247,327.55951883146196,327.6402768128641,327.6089419026228,1957.2703914348324,1854.705074499149,103.1013133616854,0.05407773935544416,1.0,0.0,0.0,
0.39,0.047873236,0.0034344414,lower_Se,0.5,0.25,250mv0_converted.csv,250.0,189.60094286792295,332.0068248700194,332.1171258488428,332.0678345411876,1680.6169070790982,1593.8547496229114,86.9252007362623,0.05309865413844357,1.0,0.0,0.0,
0.39,0.047873236,0.0034344414,lower_Se,0.5,0.25,300mv0_converted.csv,300.0,228.7136509323431,329.144125403363,330.8765080301031,329.9834498623165,1017.9021323048438,1727.4982789294554,725.0549869439715,0.5578669101024061,0.0,0.0,0.0,
0.39,0.047873236,0.0034344414,lower_Se,0.5,0.25,350mv0_converted.csv,350.0,267.07439601247086,328.02340023197877,330.1718207727466,329.0291250789381,711.7171214286312,1759.3893825417697,1057.1210931755056,0.9431426900337552,0.0,0.0,0.0,
0.39,0.047873236,0.0034344414,lower_Se,0.5,0.25,400mv0_converted.csv,400.0,303.3911472089279,330.30359206420246,332.084281396324,331.21528475021915,618.8494207894227,1625.2622940516708,1011.7613184582962,0.9886221843653366,0.0,0.0,0.0,
0.39,0.047873236,0.0034344414,lower_Se,0.5,0.25,450mv0_converted.csv,450.0,341.9425303334189,332.16091774784627,333.58508039481455,332.8896758978312,543.6778432052596,1440.7377277034343,900.4185555101748,0.9876971553908362,0.0,0.0,0.0,
0.39,0.047873236,0.0034344414,lower_Se,0.5,0.25,500mv0_converted.csv,500.0,381.06588239966646,334.44490657795944,335.54614175712015,334.9917896789144,488.4121672435573,1060.1993190652072,575.6324510485159,0.7844571027957554,0.0,0.0,0.0,
0.39,0.047873236,0.0034344414,lower_Se,0.5,0.25,50mv0_converted.csv,50.0,37.79944238139679,315.36938303935233,315.39379038136747,315.382713966729,2317.5257234282963,2507.1033125773515,192.44452030786917,0.080018693867007,0.0,0.0,0.0,
0.39,0.047873236,0.0034344414,lower_Se,0.5,0.25,550mv0_converted.csv,550.0,419.61731636118117,336.61219961511176,337.59572711319515,337.1239480954904,441.17624883923725,671.3725954565672,235.676599297683,0.4303859250358265,0.0,0.0,0.0,
0.39,0.047873236,0.0034344414,lower_Se,0.5,0.25,600mv0_converted.csv,600.0,458.3699322834958,338.8098706919272,339.62296676338855,339.20234288889816,406.2137219772026,284.63624195061107,124.8665639474158,0.36611638271236846,1.0,0.0,0.0,
0.39,0.047873236,0.0034344414,lower_Se,0.5,0.25,650mv0_converted.csv,650.0,495.4173600492479,340.62752033810085,341.22374264832774,340.9386928870242,371.71004807550025,124.07908909863765,248.11198130509106,1.0994278096401924,1.0,0.0,0.0,
0.39,0.047873236,0.0034344414,lower_Se,0.5,0.25,700mv0_converted.csv,700.0,533.4180352284689,342.33443181155127,342.92414627820676,342.62814117113936,340.7151551339026,57.64235860994547,283.2408828088316,1.777683272581349,1.0,0.0,0.0,
0.39,0.047873236,0.0034344414,lower_Se,0.5,0.25,750mv0_converted.csv,750.0,570.4337430744487,344.26939475732115,344.7079342536603,344.4719708704762,317.67631504893757,30.086579993219658,287.6895039017553,2.3570165967277967,1.0,0.0,0.0,
0.39,0.047873236,0.0034344414,lower_Se,0.5,0.25,800mv0_converted.csv,800.0,606.6551780288738,346.2219956353227,346.4931371639851,346.3477155469055,298.2108713285761,21.883713278439966,276.3546531706389,2.6120197684412605,1.0,0.0,0.0,
0.39,0.047873236,0.0034344414,lower_Se,0.5,0.25,850mv0_converted.csv,850.0,646.2233016263873,348.200856715389,348.5602935682123,348.35772967115105,279.40774791155536,19.321260622232266,260.0956288616891,2.671450562350239,1.0,0.0,0.0,
0.39,0.047873236,0.0034344414,lower_Se,0.5,0.25,900mv0_converted.csv,900.0,682.8259268820619,349.57059064889694,349.87663078686916,349.73958403397444,260.6128530389083,18.665826570869672,241.95276949718001,2.6363301328046984,1.0,0.0,0.0,
0.39,0.047873236,0.0034344414,lower_Se,0.5,0.25,950mv0_converted.csv,950.0,722.372921341621,351.34775737938327,351.8409557755896,351.60414560777707,245.00311323851165,18.362750157271282,226.64719760919448,2.5909314729384625,1.0,0.0,0.0,
0.39,0.047873236,0.0034344414,lower_Se,2.0,0.25,1000mv0_converted.csv,1000.0,759.2191989197131,352.7423387635161,353.2125328870732,353.0316002243899,230.55558060730556,18.259250565330582,212.3064167162885,2.535795514840048,1.0,0.0,0.0,
0.39,0.047873236,0.0034344414,lower_Se,2.0,0.25,100mv0_converted.csv,100.0,76.17083384633712,318.17559964381195,318.23085562115295,318.1981938415582,2245.5564588875172,2336.0870881033416,93.58926197542353,0.040963158232181766,0.0,0.0,0.0,
0.39,0.047873236,0.0034344414,lower_Se,2.0,0.25,1100mv0_converted.csv,1100.0,834.7865599618726,356.7574053268568,357.17224390480123,356.9942912975025,209.96291429798154,18.21829684418027,191.76438204738568,2.4444537065585425,1.0,0.0,0.0,
0.39,0.047873236,0.0034344414,lower_Se,2.0,0.25,1200mv0_converted.csv,1200.0,908.6058899457871,359.773286379772,360.43454637041776,360.1169847710173,190.4078320014925,18.215765528159565,172.2107859225077,2.3468297703571226,1.0,0.0,0.0,
0.39,0.047873236,0.0034344414,lower_Se,2.0,0.25,150mv0_converted.csv,150.0,114.17150902555795,322.3404121620223,322.4095717465485,322.37737701457706,2105.387001524954,2108.1599773746907,13.669354047973309,0.006504669130376063,0.48514851485148514,0.0,0.0,
0.39,0.047873236,0.0034344414,lower_Se,2.0,0.25,200mv0_converted.csv,200.0,152.35217904164247,327.55951883146196,327.6402768128641,327.6089419026228,1957.2703914348324,1854.6187405727878,103.18400770008716,0.05412236785520538,1.0,0.0,0.0,
0.39,0.047873236,0.0034344414,lower_Se,2.0,0.25,250mv0_converted.csv,250.0,189.60094286792295,332.0068248700194,332.1171258488428,332.0678345411876,1680.6169070790982,1593.643257367729,87.12983865111673,0.053227139940325255,1.0,0.0,0.0,
0.39,0.047873236,0.0034344414,lower_Se,2.0,0.25,300mv0_converted.csv,300.0,228.7136509323431,329.144125403363,330.8765080301031,329.9834498623165,1017.9021323048438,1593.5745752920018,592.000668955075,0.47854651866573833,0.0,0.0,0.0,
0.39,0.047873236,0.0034344414,lower_Se,2.0,0.25,350mv0_converted.csv,350.0,267.07439601247086,328.02340023197877,330.1718207727466,329.0291250789381,711.7171214286312,1634.3055951713336,931.4788453167242,0.8697403096382599,0.0,0.0,0.0,
0.39,0.047873236,0.0034344414,lower_Se,2.0,0.25,400mv0_converted.csv,400.0,303.3911472089279,330.30359206420246,332.084281396324,331.21528475021915,618.8494207894227,1339.6317114499536,727.9155264200044,0.7955762102052173,0.0,0.0,0.0,
0.39,0.047873236,0.0034344414,lower_Se,2.0,0.25,450mv0_converted.csv,450.0,341.9425303334189,332.16091774784627,333.58508039481455,332.8896758978312,543.6778432052596,1054.3525312064899,519.3279601750936,0.67735708197281,0.0,0.0,0.0,
0.39,0.047873236,0.0034344414,lower_Se,2.0,0.25,500mv0_converted.csv,500.0,381.06588239966646,334.44490657795944,335.54614175712015,334.9917896789144,488.4121672435573,602.4752768337137,139.12429662933826,0.24956836982058034,0.0,0.0,0.0,
0.39,0.047873236,0.0034344414,lower_Se,2.0,0.25,50mv0_converted.csv,50.0,37.79944238139679,315.36938303935233,315.39379038136747,315.382713966729,2317.5257234282963,2507.1033125773515,192.44452030786917,0.080018693867007,0.0,0.0,0.0,
0.39,0.047873236,0.0034344414,lower_Se,2.0,0.25,550mv0_converted.csv,550.0,419.61731636118117,336.61219961511176,337.59572711319515,337.1239480954904,441.17624883923725,326.14231812127747,125.37556524972884,0.340056646304124,0.0,0.0,0.0,
0.39,0.047873236,0.0034344414,lower_Se,2.0,0.25,600mv0_converted.csv,600.0,458.3699322834958,338.8098706919272,339.62296676338855,339.20234288889816,406.2137219772026,132.71671582212542,274.5364371254435,1.1298069884003292,1.0,0.0,0.0,
0.39,0.047873236,0.0034344414,lower_Se,2.0,0.25,650mv0_converted.csv,650.0,495.4173600492479,340.62752033810085,341.22374264832774,340.9386928870242,371.71004807550025,67.25163163288985,304.77600267149563,1.7134389513789214,1.0,0.0,0.0,
0.39,0.047873236,0.0034344414,lower_Se,2.0,0.25,700mv0_converted.csv,700.0,533.4180352284689,342.33443181155127,342.92414627820676,342.62814117113936,340.7151551339026,41.12526903058043,299.73196136998325,2.1164186799582745,1.0,0.0,0.0,
0.39,0.047873236,0.0034344414,lower_Se,2.0,0.25,750mv0_converted.csv,750.0,570.4337430744487,344.26939475732115,344.7079342536603,344.4719708704762,317.67631504893757,25.703482429579932,292.0684583451147,2.5145413198379094,1.0,0.0,0.0,
0.39,0.047873236,0.0034344414,lower_Se,2.0,0.25,800mv0_converted.csv,800.0,606.6551780288738,346.2219956353227,346.4931371639851,346.3477155469055,298.2108713285761,20.43995286922644,277.79796656558625,2.680268803384849,1.0,0.0,0.0,
0.39,0.047873236,0.0034344414,lower_Se,2.0,0.25,850mv0_converted.csv,850.0,646.2233016263873,348.200856715389,348.5602935682123,348.35772967115105,279.40774791155536,18.976054748686234,260.4406341794385,2.6894764471671784,1.0,0.0,0.0,
0.39,0.047873236,0.0034344414,lower_Se,2.0,0.25,900mv0_converted.csv,900.0,682.8259268820619,349.57059064889694,349.87663078686916,349.73958403397444,260.6128530389083,18.490099614209466,242.12840317483472,2.645787418688118,1.0,0.0,0.0,
0.39,0.047873236,0.0034344414,lower_Se,2.0,0.25,950mv0_converted.csv,950.0,722.372921341621,351.34775737938327,351.8409557755896,351.60414560777707,245.00311323851165,18.313992981863493,226.69590386149446,2.593589293527291,1.0,0.0,0.0,
0.39,0.047873236,0.0040850485,upper_Se,0.956269682,1.0,1000mv0_converted.csv,1000.0,759.2191989197131,346.61169234950376,347.0429148652916,346.8716135276668,230.55558060730556,20.653790936611667,209.91204271450923,2.4125704473625897,1.0,0.0,0.0,
0.39,0.047873236,0.0040850485,upper_Se,0.956269682,1.0,100mv0_converted.csv,100.0,76.17083384633712,317.5713244067559,317.6235801579362,317.59360915617725,2245.5564588875172,2371.5448300201115,128.2106496036884,0.05565634965023987,0.0,0.0,0.0,
0.39,0.047873236,0.0040850485,upper_Se,0.956269682,1.0,1100mv0_converted.csv,1100.0,834.7865599618726,349.97882588420055,350.3856324916479,350.2079198801096,209.96291429798154,18.49235736733616,191.49034983309102,2.4295228066801613,1.0,0.0,0.0,
0.39,0.047873236,0.0040850485,upper_Se,0.956269682,1.0,1200mv0_converted.csv,1200.0,908.6058899457871,352.5077124457568,353.1425664701217,352.8335928156528,190.4078320014925,18.275484387237245,172.1510732170959,2.3435567632159127,1.0,0.0,0.0,
0.39,0.047873236,0.0040850485,upper_Se,0.956269682,1.0,150mv0_converted.csv,150.0,114.17150902555795,321.0724341436339,321.137134460767,321.10738003343084,2105.387001524954,2174.42518177599,70.32876090736553,0.03290714831074397,0.0,0.0,0.0,
0.39,0.047873236,0.0040850485,upper_Se,0.956269682,1.0,200mv0_converted.csv,200.0,152.35217904164247,325.46785526272316,325.536551714378,325.5068106949924,1957.2703914348324,1954.1057781559407,11.042782146498286,0.00563824694708618,0.6831683168316832,0.0,0.0,
0.39,0.047873236,0.0040850485,upper_Se,0.956269682,1.0,250mv0_converted.csv,250.0,189.60094286792295,329.2051645094968,329.29870445506134,329.2559618146059,1680.6169070790982,1773.8357670850094,93.3545126019425,0.05406958105652728,0.0,0.0,0.0,
0.39,0.047873236,0.0040850485,upper_Se,0.956269682,1.0,300mv0_converted.csv,300.0,228.7136509323431,326.6731346382959,328.3772903896495,327.49706568272217,1017.9021323048438,1849.0989349667389,844.4375727995701,0.6238445421916953,0.0,0.0,0.0,
0.39,0.047873236,0.0040850485,upper_Se,0.956269682,1.0,350mv0_converted.csv,350.0,267.07439601247086,325.7073211193518,327.8165154036748,326.6944076557421,711.7171214286312,1877.92931041151,1174.622917744443,1.0070983857638975,0.0,0.0,0.0,
0.39,0.047873236,0.0040850485,upper_Se,0.956269682,1.0,400mv0_converted.csv,400.0,303.3911472089279,327.63878261712955,329.3933667997502,328.5377895482046,618.8494207894227,1772.7876617129486,1158.2318836684356,1.0744443742108236,0.0,0.0,0.0,
0.39,0.047873236,0.0040850485,upper_Se,0.956269682,1.0,450mv0_converted.csv,450.0,341.9425303334189,329.23180959630156,330.63834136321066,329.9451665478906,543.6778432052596,1691.6189170308633,1149.868550746567,1.147141232672948,0.0,0.0,0.0,
0.39,0.047873236,0.0040850485,upper_Se,0.956269682,1.0,500mv0_converted.csv,500.0,381.06588239966646,331.1710718128901,332.26029689001064,331.7130870838578,488.4121672435573,1534.2213352316678,1046.8403913891013,1.151861725823083,0.0,0.0,0.0,
0.39,0.047873236,0.0040850485,upper_Se,0.956269682,1.0,50mv0_converted.csv,50.0,37.79944238139679,315.21420010482706,315.2365686660664,315.2262981840385,2317.5257234282963,2517.05837136448,202.258569175658,0.08392067937109891,0.0,0.0,0.0,
0.39,0.047873236,0.0040850485,upper_Se,0.956269682,1.0,550mv0_converted.csv,550.0,419.61731636118117,333.00465036254775,333.97094949191455,333.5054511510769,441.17624883923725,1301.3310450185643,860.8248531311293,1.086089906344646,0.0,0.0,0.0,
0.39,0.047873236,0.0040850485,upper_Se,0.956269682,1.0,600mv0_converted.csv,600.0,458.3699322834958,334.8667938042371,335.66723953440646,335.2494482932726,406.2137219772026,971.3054519502243,565.6540171669515,0.874585795338702,0.0,0.0,0.0,
0.39,0.047873236,0.0040850485,upper_Se,0.956269682,1.0,650mv0_converted.csv,650.0,495.4173600492479,336.40310902385136,336.994606695999,336.7119347905636,371.71004807550025,641.8724890982751,270.60148908120976,0.5482190664346983,0.0,0.0,0.0,
0.39,0.047873236,0.0040850485,upper_Se,0.956269682,1.0,700mv0_converted.csv,700.0,533.4180352284689,337.8528811072959,338.41787298363244,338.1300763213184,340.7151551339026,392.2385377789488,52.4712877197203,0.1440320639328648,0.0,0.0,0.0,
0.39,0.047873236,0.0040850485,upper_Se,0.956269682,1.0,750mv0_converted.csv,750.0,570.4337430744487,339.486870053126,339.9171826507547,339.6825711810223,317.67631504893757,190.64303180958964,127.27874983793951,0.511088981667299,1.0,0.0,0.0,
0.39,0.047873236,0.0040850485,upper_Se,0.956269682,1.0,800mv0_converted.csv,800.0,606.6551780288738,341.1366709379603,341.4049389948251,341.25689859610304,298.2108713285761,90.54494174164121,207.70319733553202,1.1919556533141633,1.0,0.0,0.0,
0.39,0.047873236,0.0040850485,upper_Se,0.956269682,1.0,850mv0_converted.csv,850.0,646.2233016263873,342.8057070198155,343.11102118227495,342.9430747273717,279.40774791155536,46.15631167723401,233.26185411040348,1.8006315451819255,1.0,0.0,0.0,
0.39,0.047873236,0.0040850485,upper_Se,0.956269682,1.0,900mv0_converted.csv,900.0,682.8259268820619,343.9579188600561,344.23968472081987,344.1107676241065,260.6128530389083,31.01998788059348,229.59906700710405,2.128398059532237,1.0,0.0,0.0,
0.39,0.047873236,0.0040850485,upper_Se,0.956269682,1.0,950mv0_converted.csv,950.0,722.372921341621,345.4455850928785,345.88454620096064,345.6720366529223,245.00311323851165,23.449584299975104,221.56060485530077,2.3464062493740596,1.0,0.0,0.0,
0.39,0.047873236,0.0040850485,upper_Se,0.1569637099,1.0,1000mv0_converted.csv,1000.0,759.2191989197131,346.61169234950376,347.0429148652916,346.8716135276668,230.55558060730556,21.314705329366248,209.25186266413496,2.3811413525545433,1.0,0.0,0.0,
0.39,0.047873236,0.0040850485,upper_Se,0.1569637099,1.0,100mv0_converted.csv,100.0,76.17083384633712,317.5713244067559,317.6235801579362,317.59360915617725,2245.5564588875172,2371.5449678024443,128.21079929094518,0.05565641285455363,0.0,0.0,0.0,
0.39,0.047873236,0.0040850485,upper_Se,0.1569637099,1.0,1100mv0_converted.csv,1100.0,834.7865599618726,349.97882588420055,350.3856324916479,350.2079198801096,209.96291429798154,18.61024777251895,191.37249842550918,2.4231694087164497,1.0,0.0,0.0,
0.39,0.047873236,0.0040850485,upper_Se,0.1569637099,1.0,1200mv0_converted.csv,1200.0,908.6058899457871,352.5077124457568,353.1425664701217,352.8335928156528,190.4078320014925,18.293105040446367,172.1334761547165,2.342593603388931,1.0,0.0,0.0,
0.39,0.047873236,0.0040850485,upper_Se,0.1569637099,1.0,150mv0_converted.csv,150.0,114.17150902555795,321.0724341436339,321.137134460767,321.10738003343084,2105.387001524954,2174.4261486695545,70.32979429427401,0.03290762350889316,0.0,0.0,0.0,
0.39,0.047873236,0.0040850485,upper_Se,0.1569637099,1.0,200mv0_converted.csv,200.0,152.35217904164247,325.46785526272316,325.536551714378,325.5068106949924,1957.2703914348324,1954.1179598062345,11.04400014135552,0.005638879956317156,0.6831683168316832,0.0,0.0,
0.39,0.047873236,0.0040850485,upper_Se,0.1569637099,1.0,250mv0_converted.csv,250.0,189.60094286792295,329.2051645094968,329.29870445506134,329.2559618146059,1680.6169070790982,1773.8625041092976,93.38206444742971,0.05408511906503925,0.0,0.0,0.0,
0.39,0.047873236,0.0040850485,upper_Se,0.1569637099,1.0,300mv0_converted.csv,300.0,228.7136509323431,326.6731346382959,328.3772903896495,327.49706568272217,1017.9021323048438,1859.5852993502476,854.8703824248543,0.6293977430163334,0.0,0.0,0.0,
0.39,0.047873236,0.0040850485,upper_Se,0.1569637099,1.0,350mv0_converted.csv,350.0,267.07439601247086,325.7073211193518,327.8165154036748,326.6944076557421,711.7171214286312,1897.699407294245,1194.3172995224609,1.0173991255193722,0.0,0.0,0.0,
0.39,0.047873236,0.0040850485,upper_Se,0.1569637099,1.0,400mv0_converted.csv,400.0,303.3911472089279,327.63878261712955,329.3933667997502,328.5377895482046,618.8494207894227,1808.9304610148515,1194.3672500701268,1.0944683940760744,0.0,0.0,0.0,
0.39,0.047873236,0.0040850485,upper_Se,0.1569637099,1.0,450mv0_converted.csv,450.0,341.9425303334189,329.23180959630156,330.63834136321066,329.9451665478906,543.6778432052596,1735.2333343808014,1193.5474508480645,1.1725031403626567,0.0,0.0,0.0,
0.39,0.047873236,0.0040850485,upper_Se,0.1569637099,1.0,500mv0_converted.csv,500.0,381.06588239966646,331.1710718128901,332.26029689001064,331.7130870838578,488.4121672435573,1619.0902897296567,1131.9018087512666,1.2055893799458528,0.0,0.0,0.0,
0.39,0.047873236,0.0040850485,upper_Se,0.1569637099,1.0,50mv0_converted.csv,50.0,37.79944238139679,315.21420010482706,315.2365686660664,315.2262981840385,2317.5257234282963,2517.05837136448,202.258569175658,0.08392067937109891,0.0,0.0,0.0,
0.39,0.047873236,0.0040850485,upper_Se,0.1569637099,1.0,550mv0_converted.csv,550.0,419.61731636118117,333.00465036254775,333.97094949191455,333.5054511510769,441.17624883923725,1436.2163412264078,996.2403157556552,1.1845684659047886,0.0,0.0,0.0,
0.39,0.047873236,0.0040850485,upper_Se,0.1569637099,1.0,600mv0_converted.csv,600.0,458.3699322834958,334.8667938042371,335.66723953440646,335.2494482932726,406.2137219772026,1141.4193574508818,736.9420184681941,1.0358343399667964,0.0,0.0,0.0,
0.39,0.047873236,0.0040850485,upper_Se,0.1569637099,1.0,650mv0_converted.csv,650.0,495.4173600492479,336.40310902385136,336.994606695999,336.7119347905636,371.71004807550025,808.9565568678449,439.17476793359396,0.7796434077161237,0.0,0.0,0.0,
0.39,0.047873236,0.0040850485,upper_Se,0.1569637099,1.0,700mv0_converted.csv,700.0,533.4180352284689,337.8528811072959,338.41787298363244,338.1300763213184,340.7151551339026,490.0401877223855,152.15664341111983,0.36787394351857833,0.0,0.0,0.0,
0.39,0.047873236,0.0040850485,upper_Se,0.1569637099,1.0,750mv0_converted.csv,750.0,570.4337430744487,339.486870053126,339.9171826507547,339.6825711810223,317.67631504893757,242.91438867550085,76.41085325909104,0.27649206867219717,1.0,0.0,0.0,
0.39,0.047873236,0.0040850485,upper_Se,0.1569637099,1.0,800mv0_converted.csv,800.0,606.6551780288738,341.1366709379603,341.4049389948251,341.25689859610304,298.2108713285761,112.4419702964254,185.85359652340398,0.9764604702257588,1.0,0.0,0.0,
0.39,0.047873236,0.0040850485,upper_Se,0.1569637099,1.0,850mv0_converted.csv,850.0,646.2233016263873,342.8057070198155,343.11102118227495,342.9430747273717,279.40774791155536,52.83727215304233,226.59113135087432,1.666186193230395,1.0,0.0,0.0,
0.39,0.047873236,0.0040850485,upper_Se,0.1569637099,1.0,900mv0_converted.csv,900.0,682.8259268820619,343.9579188600561,344.23968472081987,344.1107676241065,260.6128530389083,34.684544213927616,225.93747946244918,2.016996381981093,1.0,0.0,0.0,
0.39,0.047873236,0.0040850485,upper_Se,0.1569637099,1.0,950mv0_converted.csv,950.0,722.372921341621,345.4455850928785,345.88454620096064,345.6720366529223,245.00311323851165,24.680479295182938,220.33147421707912,2.295461476336029,1.0,0.0,0.0,
0.39,0.047873236,0.0040850485,upper_Se,0.5,1.0,1000mv0_converted.csv,1000.0,759.2191989197131,346.61169234950376,347.0429148652916,346.8716135276668,230.55558060730556,20.964640494620447,209.60152506957067,2.397652215569963,1.0,0.0,0.0,
0.39,0.047873236,0.0040850485,upper_Se,0.5,1.0,100mv0_converted.csv,100.0,76.17083384633712,317.5713244067559,317.6235801579362,317.59360915617725,2245.5564588875172,2371.544892868193,128.21071659002877,0.05565637790907705,0.0,0.0,0.0,
0.39,0.047873236,0.0040850485,upper_Se,0.5,1.0,1100mv0_converted.csv,1100.0,834.7865599618726,349.97882588420055,350.3856324916479,350.2079198801096,209.96291429798154,18.544665232743366,191.4380619743236,2.426698708816019,1.0,0.0,0.0,
0.39,0.047873236,0.0040850485,upper_Se,0.5,1.0,1200mv0_converted.csv,1200.0,908.6058899457871,352.5077124457568,353.1425664701217,352.8335928156528,190.4078320014925,18.2850341796875,172.1415369891665,2.3430346437979925,1.0,0.0,0.0,
0.39,0.047873236,0.0040850485,upper_Se,0.5,1.0,150mv0_converted.csv,150.0,114.17150902555795,321.0724341436339,321.137134460767,321.10738003343084,2105.387001524954,2174.425701481281,70.32931522850198,0.032907403197237256,0.0,0.0,0.0,
0.39,0.047873236,0.0040850485,upper_Se,0.5,1.0,200mv0_converted.csv,200.0,152.35217904164247,325.46785526272316,325.536551714378,325.5068106949924,1957.2703914348324,1954.1132075243656,11.043651480845448,0.0056386978608794595,0.6831683168316832,0.0,0.0,
0.39,0.047873236,0.0040850485,upper_Se,0.5,1.0,250mv0_converted.csv,250.0,189.60094286792295,329.2051645094968,329.29870445506134,329.2559618146059,1680.6169070790982,1773.850911055461,93.37012249267974,0.05407838446182738,0.0,0.0,0.0,
0.39,0.047873236,0.0040850485,upper_Se,0.5,1.0,300mv0_converted.csv,300.0,228.7136509323431,326.6731346382959,328.3772903896495,327.49706568272217,1017.9021323048438,1858.454586217899,853.7364876601548,0.628801658901957,0.0,0.0,0.0,
0.39,0.047873236,0.0040850485,upper_Se,0.5,1.0,350mv0_converted.csv,350.0,267.07439601247086,325.7073211193518,327.8165154036748,326.6944076557421,711.7171214286312,1892.0501721070545,1188.733865589858,1.0144853391595559,0.0,0.0,0.0,
0.39,0.047873236,0.0040850485,upper_Se,0.5,1.0,400mv0_converted.csv,400.0,303.3911472089279,327.63878261712955,329.3933667997502,328.5377895482046,618.8494207894227,1796.1050457340657,1181.6210303496252,1.0874433673781392,0.0,0.0,0.0,
0.39,0.047873236,0.0040850485,upper_Se,0.5,1.0,450mv0_converted.csv,450.0,341.9425303334189,329.23180959630156,330.63834136321066,329.9451665478906,543.6778432052596,1719.6595688621596,1178.0006052197912,1.1635438583767352,0.0,0.0,0.0,
0.39,0.047873236,0.0040850485,upper_Se,0.5,1.0,500mv0_converted.csv,500.0,381.06588239966646,331.1710718128901,332.26029689001064,331.7130870838578,488.4121672435573,1586.510771194307,1099.3141498448665,1.185340208167174,0.0,0.0,0.0,
0.39,0.047873236,0.0040850485,upper_Se,0.5,1.0,50mv0_converted.csv,50.0,37.79944238139679,315.21420010482706,315.2365686660664,315.2262981840385,2317.5257234282963,2517.05837136448,202.258569175658,0.08392067937109891,0.0,0.0,0.0,
0.39,0.047873236,0.0040850485,upper_Se,0.5,1.0,550mv0_converted.csv,550.0,419.61731636118117,333.00465036254775,333.97094949191455,333.5054511510769,441.17624883923725,1385.379697894106,945.2350006802867,1.1486322616362847,0.0,0.0,0.0,
0.39,0.047873236,0.0040850485,upper_Se,0.5,1.0,600mv0_converted.csv,600.0,458.3699322834958,334.8667938042371,335.66723953440646,335.2494482932726,406.2137219772026,1118.279022518951,713.1004743965394,1.0154007783246246,0.0,0.0,0.0,
0.39,0.047873236,0.0040850485,upper_Se,0.5,1.0,650mv0_converted.csv,650.0,495.4173600492479,336.40310902385136,336.994606695999,336.7119347905636,371.71004807550025,726.2057072101253,355.66020714210794,0.6718477064732237,0.0,0.0,0.0,
0.39,0.047873236,0.0040850485,upper_Se,0.5,1.0,700mv0_converted.csv,700.0,533.4180352284689,337.8528811072959,338.41787298363244,338.1300763213184,340.7151551339026,442.1692390064202,103.11600769508631,0.2644614325262354,0.0,0.0,0.0,
0.39,0.047873236,0.0040850485,upper_Se,0.5,1.0,750mv0_converted.csv,750.0,570.4337430744487,339.486870053126,339.9171826507547,339.6825711810223,317.67631504893757,219.07479223874535,99.24561625651023,0.37454776890023783,1.0,0.0,0.0,
0.39,0.047873236,0.0040850485,upper_Se,0.5,1.0,800mv0_converted.csv,800.0,606.6551780288738,341.1366709379603,341.4049389948251,341.25689859610304,298.2108713285761,100.55310307870997,197.71025843016926,1.0874795994799504,1.0,0.0,0.0,
0.39,0.047873236,0.0040850485,upper_Se,0.5,1.0,850mv0_converted.csv,850.0,646.2233016263873,342.8057070198155,343.11102118227495,342.9430747273717,279.40774791155536,49.47042510533097,229.95110263093295,1.7314848148686524,1.0,0.0,0.0,
0.39,0.047873236,0.0040850485,upper_Se,0.5,1.0,900mv0_converted.csv,900.0,682.8259268820619,343.9579188600561,344.23968472081987,344.1107676241065,260.6128530389083,32.93442263461576,227.68622049322872,2.0686242807262376,1.0,0.0,0.0,
0.39,0.047873236,0.0040850485,upper_Se,0.5,1.0,950mv0_converted.csv,950.0,722.372921341621,345.4455850928785,345.88454620096064,345.6720366529223,245.00311323851165,24.080013463992884,220.9309995840548,2.3199484774120855,1.0,0.0,0.0,
0.39,0.047873236,0.0040850485,upper_Se,2.0,1.0,1000mv0_converted.csv,1000.0,759.2191989197131,346.61169234950376,347.0429148652916,346.8716135276668,230.55558060730556,20.075685123405833,210.48970950002314,2.4409741227164634,1.0,0.0,0.0,
0.39,0.047873236,0.0040850485,upper_Se,2.0,1.0,100mv0_converted.csv,100.0,76.17083384633712,317.5713244067559,317.6235801579362,317.59360915617725,2245.5564588875172,2371.5447115756497,128.21052077955835,0.05565629526982023,0.0,0.0,0.0,
0.39,0.047873236,0.0040850485,upper_Se,2.0,1.0,1100mv0_converted.csv,1100.0,834.7865599618726,349.97882588420055,350.3856324916479,350.2079198801096,209.96291429798154,18.40280583825442,191.57987375781042,2.434376941323602,1.0,0.0,0.0,
0.39,0.047873236,0.0040850485,upper_Se,2.0,1.0,1200mv0_converted.csv,1200.0,908.6058899457871,352.5077124457568,353.1425664701217,352.8335928156528,190.4078320014925,18.260640153790465,172.1658996754539,2.344369014195222,1.0,0.0,0.0,
0.39,0.047873236,0.0040850485,upper_Se,2.0,1.0,150mv0_converted.csv,150.0,114.17150902555795,321.0724341436339,321.137134460767,321.10738003343084,2105.387001524954,2174.4238377939355,70.3273369718636,0.032906493563165676,0.0,0.0,0.0,
0.39,0.047873236,0.0040850485,upper_Se,2.0,1.0,200mv0_converted.csv,200.0,152.35217904164247,325.46785526272316,325.536551714378,325.5068106949924,1957.2703914348324,1954.0900504234994,11.04157492950847,0.005637616543332545,0.6831683168316832,0.0,0.0,
0.39,0.047873236,0.0040850485,upper_Se,2.0,1.0,250mv0_converted.csv,250.0,189.60094286792295,329.2051645094968,329.29870445506134,329.2559618146059,1680.6169070790982,1773.8001624381188,93.31786971331093,0.054048914392306684,0.0,0.0,0.0,
0.39,0.047873236,0.0040850485,upper_Se,2.0,1.0,300mv0_converted.csv,300.0,228.7136509323431,326.6731346382959,328.3772903896495,327.49706568272217,1017.9021323048438,1826.0127944190904,820.9603093651357,0.6112400976072272,0.0,0.0,0.0,
0.39,0.047873236,0.0040850485,upper_Se,2.0,1.0,350mv0_converted.csv,350.0,267.07439601247086,325.7073211193518,327.8165154036748,326.6944076557421,711.7171214286312,1854.759713654471,1150.892516441222,0.9945783897447019,0.0,0.0,0.0,
0.39,0.047873236,0.0040850485,upper_Se,2.0,1.0,400mv0_converted.csv,400.0,303.3911472089279,327.63878261712955,329.3933667997502,328.5377895482046,618.8494207894227,1711.492405051052,1096.241002239874,1.0389680558546412,0.0,0.0,0.0,
0.39,0.047873236,0.0040850485,upper_Se,2.0,1.0,450mv0_converted.csv,450.0,341.9425303334189,329.23180959630156,330.63834136321066,329.9451665478906,543.6778432052596,1601.678926071318,1059.652854292432,1.0923333307685965,0.0,0.0,0.0,
0.39,0.047873236,0.0040850485,upper_Se,2.0,1.0,500mv0_converted.csv,500.0,381.06588239966646,331.1710718128901,332.26029689001064,331.7130870838578,488.4121672435573,1372.3329848487779,885.6417069061041,1.040129419614964,0.0,0.0,0.0,
0.39,0.047873236,0.0040850485,upper_Se,2.0,1.0,50mv0_converted.csv,50.0,37.79944238139679,315.21420010482706,315.2365686660664,315.2262981840385,2317.5257234282963,2517.05837136448,202.258569175658,0.08392067937109891,0.0,0.0,0.0,
0.39,0.047873236,0.0040850485,upper_Se,2.0,1.0,550mv0_converted.csv,550.0,419.61731636118117,333.00465036254775,333.97094949191455,333.5054511510769,441.17624883923725,1094.212127987701,655.7729176235374,0.9126600579289554,0.0,0.0,0.0,
0.39,0.047873236,0.0040850485,upper_Se,2.0,1.0,600mv0_converted.csv,600.0,458.3699322834958,334.8667938042371,335.66723953440646,335.2494482932726,406.2137219772026,761.6641235351562,359.3147873636557,0.6324536079583836,0.0,0.0,0.0,
0.39,0.047873236,0.0040850485,upper_Se,2.0,1.0,650mv0_converted.csv,650.0,495.4173600492479,336.40310902385136,336.994606695999,336.7119347905636,371.71004807550025,467.68714406230663,101.3016818429702,0.23911386495427317,0.0,0.0,0.0,
0.39,0.047873236,0.0040850485,upper_Se,2.0,1.0,700mv0_converted.csv,700.0,533.4180352284689,337.8528811072959,338.41787298363244,338.1300763213184,340.7151551339026,299.4444830866143,46.66447244907309,0.1497342931664387,0.0,0.0,0.0,
0.39,0.047873236,0.0040850485,upper_Se,2.0,1.0,750mv0_converted.csv,750.0,570.4337430744487,339.486870053126,339.9171826507547,339.6825711810223,317.67631504893757,145.22213503393797,172.7695226011314,0.786360526003575,1.0,0.0,0.0,
0.39,0.047873236,0.0040850485,upper_Se,2.0,1.0,800mv0_converted.csv,800.0,606.6551780288738,341.1366709379603,341.4049389948251,341.25689859610304,298.2108713285761,71.78907511493948,226.46028546056147,1.4247951554873828,1.0,0.0,0.0,
0.39,0.047873236,0.0040850485,upper_Se,2.0,1.0,850mv0_converted.csv,850.0,646.2233016263873,342.8057070198155,343.11102118227495,342.9430747273717,279.40774791155536,39.27682619755811,240.13969407701458,1.9624021586816858,1.0,0.0,0.0,
0.39,0.047873236,0.0040850485,upper_Se,2.0,1.0,900mv0_converted.csv,900.0,682.8259268820619,343.9579188600561,344.23968472081987,344.1107676241065,260.6128530389083,27.36388891994363,233.25374918231887,2.253946397552645,1.0,0.0,0.0,
0.39,0.047873236,0.0040850485,upper_Se,2.0,1.0,950mv0_converted.csv,950.0,722.372921341621,345.4455850928785,345.88454620096064,345.6720366529223,245.00311323851165,22.31304406647635,222.6961785197968,2.396180026501019,1.0,0.0,0.0,
0.39,0.047873236,0.0040850485,upper_Se,0.956269682,0.5,1000mv0_converted.csv,1000.0,759.2191989197131,346.6116923495037,347.04291486529155,346.8716135276668,230.55558060730556,20.649107866948192,209.9167232381139,2.412797159109252,1.0,0.0,0.0,
0.39,0.047873236,0.0040850485,upper_Se,0.956269682,0.5,100mv0_converted.csv,100.0,76.17083384633712,317.5713244067559,317.6235801579362,317.59360915617725,2245.5564588875172,2371.5448300201115,128.2106496036884,0.05565634965023987,0.0,0.0,0.0,
0.39,0.047873236,0.0040850485,upper_Se,0.956269682,0.5,1100mv0_converted.csv,1100.0,834.7865599618726,349.9788258842005,350.3856324916479,350.2079198801096,209.96291429798154,18.491684734231175,191.49102225751247,2.4295591773721164,1.0,0.0,0.0,
0.39,0.047873236,0.0040850485,upper_Se,0.956269682,0.5,1200mv0_converted.csv,1200.0,908.6058899457871,352.5077124457568,353.1425664701217,352.8335928156528,190.4078320014925,18.2753004319597,172.15125703155758,2.343566826257279,1.0,0.0,0.0,
0.39,0.047873236,0.0040850485,upper_Se,0.956269682,0.5,150mv0_converted.csv,150.0,114.17150902555795,321.0724341436339,321.137134460767,321.10738003343084,2105.387001524954,2174.4250609142946,70.32864462626311,0.032907094906573245,0.0,0.0,0.0,
0.39,0.047873236,0.0040850485,upper_Se,0.956269682,0.5,200mv0_converted.csv,200.0,152.35217904164247,325.46785526272316,325.536551714378,325.5068106949924,1957.2703914348324,1954.126356068224,11.038292609821639,0.0056359699099359836,0.6831683168316832,0.0,0.0,
0.39,0.047873236,0.0040850485,upper_Se,0.956269682,0.5,250mv0_converted.csv,250.0,189.60094286792295,329.2051645094968,329.29870445506134,329.2559618146058,1680.6169070790982,1773.8433547822556,93.3622630590761,0.05407395316960613,0.0,0.0,0.0,
0.39,0.047873236,0.0040850485,upper_Se,0.956269682,0.5,300mv0_converted.csv,300.0,228.7136509323431,326.67313463829583,328.3772903896495,327.49706568272217,1017.9021323048438,1848.841770285427,844.1838289467468,0.6237087891820301,0.0,0.0,0.0,
0.39,0.047873236,0.0040850485,upper_Se,0.956269682,0.5,350mv0_converted.csv,350.0,267.07439601247086,325.7073211193518,327.81651540367477,326.6944076557421,711.7171214286312,1877.4247128326115,1174.1206271841459,1.0068333947039323,0.0,0.0,0.0,
0.39,0.047873236,0.0040850485,upper_Se,0.956269682,0.5,400mv0_converted.csv,400.0,303.3911472089279,327.63878261712955,329.3933667997502,328.5377895482046,618.8494207894227,1771.6764000618812,1157.1231102161094,1.0738219888249532,0.0,0.0,0.0,
0.39,0.047873236,0.0040850485,upper_Se,0.956269682,0.5,450mv0_converted.csv,450.0,341.9425303334189,329.23180959630156,330.63834136321066,329.9451665478906,543.6778432052596,1689.9804276570235,1148.232539750717,1.1461757098684533,0.0,0.0,0.0,
0.39,0.047873236,0.0040850485,upper_Se,0.956269682,0.5,500mv0_converted.csv,500.0,381.06588239966646,331.1710718128901,332.26029689001064,331.7130870838578,488.4121672435573,1531.3699975344214,1043.9905914156777,1.150004921468366,0.0,0.0,0.0,
0.39,0.047873236,0.0040850485,upper_Se,0.956269682,0.5,50mv0_converted.csv,50.0,37.79944238139679,315.21420010482706,315.2365686660664,315.2262981840385,2317.5257234282963,2517.05837136448,202.258569175658,0.08392067937109891,0.0,0.0,0.0,
0.39,0.047873236,0.0040850485,upper_Se,0.956269682,0.5,550mv0_converted.csv,550.0,419.61731636118117,333.00465036254775,333.97094949191455,333.50545115107684,441.17624883923725,1296.4662203647122,855.9652038547762,1.082350133958188,0.0,0.0,0.0,
0.39,0.047873236,0.0040850485,upper_Se,0.956269682,0.5,600mv0_converted.csv,600.0,458.3699322834958,334.8667938042371,335.6672395344064,335.2494482932725,406.2137219772026,972.4739029383895,566.8237948748128,0.8757885687943696,0.0,0.0,0.0,
0.39,0.047873236,0.0040850485,upper_Se,0.956269682,0.5,650mv0_converted.csv,650.0,495.4173600492479,336.40310902385136,336.994606695999,336.7119347905636,371.71004807550025,641.7979150148901,270.5263203574382,0.5481040476290052,0.0,0.0,0.0,
0.39,0.047873236,0.0040850485,upper_Se,0.956269682,0.5,700mv0_converted.csv,700.0,533.4180352284689,337.8528811072959,338.41787298363244,338.1300763213184,340.7151551339026,389.0522787264078,49.34200654877317,0.1360405182938848,0.0,0.0,0.0,
0.39,0.047873236,0.0040850485,upper_Se,0.956269682,0.5,750mv0_converted.csv,750.0,570.4337430744487,339.4868700531259,339.9171826507546,339.6825711810223,317.67631504893757,188.98911882155014,128.92902871963284,0.5197947258835549,1.0,0.0,0.0,
0.39,0.047873236,0.0040850485,upper_Se,0.956269682,0.5,800mv0_converted.csv,800.0,606.6551780288738,341.1366709379602,341.4049389948251,341.25689859610304,298.2108713285761,90.36137080428624,207.88665828864922,1.1939856365274057,1.0,0.0,0.0,
0.39,0.047873236,0.0040850485,upper_Se,0.956269682,0.5,850mv0_converted.csv,850.0,646.2233016263873,342.80570701981543,343.11102118227495,342.9430747273717,279.40774791155536,45.94921901438496,233.46893016974923,1.805128259911521,1.0,0.0,0.0,
0.39,0.047873236,0.0040850485,upper_Se,0.956269682,0.5,900mv0_converted.csv,900.0,682.8259268820619,343.95791886005605,344.2396847208198,344.1107676241065,260.6128530389083,30.944119311795376,229.6749411799541,2.1308472980659414,1.0,0.0,0.0,
0.39,0.047873236,0.0040850485,upper_Se,0.956269682,0.5,950mv0_converted.csv,950.0,722.372921341621,345.44558509287845,345.8845462009606,345.67203665292215,245.00311323851165,23.42540455808734,221.5847824199027,2.347437867874217,1.0,0.0,0.0,
0.39,0.047873236,0.0040850485,upper_Se,0.1569637099,0.5,1000mv0_converted.csv,1000.0,759.2191989197131,346.6116923495037,347.04291486529155,346.8716135276668,230.55558060730556,21.313443929842204,209.25312154320005,2.38120074231121,1.0,0.0,0.0,
0.39,0.047873236,0.0040850485,upper_Se,0.1569637099,0.5,100mv0_converted.csv,100.0,76.17083384633712,317.5713244067559,317.6235801579362,317.59360915617725,2245.5564588875172,2371.5449315439355,128.21075738177146,0.055656395134162824,0.0,0.0,0.0,
0.39,0.047873236,0.0040850485,upper_Se,0.1569637099,0.5,1100mv0_converted.csv,1100.0,834.7865599618726,349.9788258842005,350.3856324916479,350.2079198801096,209.96291429798154,18.610362591129718,191.37237755835613,2.4231630995240696,1.0,0.0,0.0,
0.39,0.047873236,0.0040850485,upper_Se,0.1569637099,0.5,1200mv0_converted.csv,1200.0,908.6058899457871,352.5077124457568,353.1425664701217,352.8335928156528,190.4078320014925,18.293089328425946,172.13349147453278,2.342594453682583,1.0,0.0,0.0,
0.39,0.047873236,0.0040850485,upper_Se,0.1569637099,0.5,150mv0_converted.csv,150.0,114.17150902555795,321.0724341436339,321.137134460767,321.10738003343084,2105.387001524954,2174.426163172958,70.32980635172183,0.03290762903871182,0.0,0.0,0.0,
0.39,0.047873236,0.0040850485,upper_Se,0.1569637099,0.5,200mv0_converted.csv,200.0,152.35217904164247,325.46785526272316,325.536551714378,325.5068106949924,1957.2703914348324,1954.1211396774443,11.04304346659093,0.005638393575033392,0.6831683168316832,0.0,0.0,
0.39,0.047873236,0.0040850485,upper_Se,0.1569637099,0.5,250mv0_converted.csv,250.0,189.60094286792295,329.2051645094968,329.29870445506134,329.2559618146058,1680.6169070790982,1773.8638456741182,93.38343033260882,0.054085889524033814,0.0,0.0,0.0,
0.39,0.047873236,0.0040850485,upper_Se,0.1569637099,0.5,300mv0_converted.csv,300.0,228.7136509323431,326.67313463829583,328.3772903896495,327.49706568272217,1017.9021323048438,1859.5870325069616,854.8715305826545,0.6293982297392505,0.0,0.0,0.0,
0.39,0.047873236,0.0040850485,upper_Se,0.1569637099,0.5,350mv0_converted.csv,350.0,267.07439601247086,325.7073211193518,327.81651540367477,326.6944076557421,711.7171214286312,1897.694959583849,1194.312525558311,1.0173965323446847,0.0,0.0,0.0,
0.39,0.047873236,0.0040850485,upper_Se,0.1569637099,0.5,400mv0_converted.csv,400.0,303.3911472089279,327.63878261712955,329.3933667997502,328.5377895482046,618.8494207894227,1808.921279151841,1194.3575315412397,1.094462803170151,0.0,0.0,0.0,
0.39,0.047873236,0.0040850485,upper_Se,0.1569637099,0.5,450mv0_converted.csv,450.0,341.9425303334189,329.23180959630156,330.63834136321066,329.9451665478906,543.6778432052596,1735.2214174176206,1193.5336146688805,1.172494225917086,0.0,0.0,0.0,
0.39,0.047873236,0.0040850485,upper_Se,0.1569637099,0.5,500mv0_converted.csv,500.0,381.06588239966646,331.1710718128901,332.26029689001064,331.7130870838578,488.4121672435573,1619.0728179629486,1131.8819625645813,1.2055754882859007,0.0,0.0,0.0,
0.39,0.047873236,0.0040850485,upper_Se,0.1569637099,0.5,50mv0_converted.csv,50.0,37.79944238139679,315.21420010482706,315.2365686660664,315.2262981840385,2317.5257234282963,2517.05837136448,202.258569175658,0.08392067937109891,0.0,0.0,0.0,
0.39,0.047873236,0.0040850485,upper_Se,0.1569637099,0.5,550mv0_converted.csv,550.0,419.61731636118117,333.00465036254775,333.97094949191455,333.50545115107684,441.17624883923725,1436.1643525680693,996.1853503230138,1.1845279249255296,0.0,0.0,0.0,
0.39,0.047873236,0.0040850485,upper_Se,0.1569637099,0.5,600mv0_converted.csv,600.0,458.3699322834958,334.8667938042371,335.6672395344064,335.2494482932725,406.2137219772026,1141.5357412206065,737.0613676136854,1.0359369007512644,0.0,0.0,0.0,
0.39,0.047873236,0.0040850485,upper_Se,0.1569637099,0.5,650mv0_converted.csv,650.0,495.4173600492479,336.40310902385136,336.994606695999,336.7119347905636,371.71004807550025,808.9219511428682,439.1363282885431,0.7796025740066265,0.0,0.0,0.0,
0.39,0.047873236,0.0040850485,upper_Se,0.1569637099,0.5,700mv0_converted.csv,700.0,533.4180352284689,337.8528811072959,338.41787298363244,338.1300763213184,340.7151551339026,489.8845504911819,151.98965934277086,0.36754314404762045,0.0,0.0,0.0,
0.39,0.047873236,0.0040850485,upper_Se,0.1569637099,0.5,750mv0_converted.csv,750.0,570.4337430744487,339.4868700531259,339.9171826507546,339.6825711810223,317.67631504893757,242.8421863518139,76.47055580735717,0.2767434364827468,1.0,0.0,0.0,
0.39,0.047873236,0.0040850485,upper_Se,0.1569637099,0.5,800mv0_converted.csv,800.0,606.6551780288738,341.1366709379602,341.4049389948251,341.25689859610304,298.2108713285761,112.35088778958462,185.94294447996234,0.9772421582854668,1.0,0.0,0.0,
0.39,0.047873236,0.0040850485,upper_Se,0.1569637099,0.5,850mv0_converted.csv,850.0,646.2233016263873,342.80570701981543,343.11102118227495,342.9430747273717,279.40774791155536,52.810917467173965,226.61760994507966,1.6666973842159285,1.0,0.0,0.0,
0.39,0.047873236,0.0040850485,upper_Se,0.1569637099,0.5,900mv0_converted.csv,900.0,682.8259268820619,343.95791886005605,344.2396847208198,344.1107676241065,260.6128530389083,34.70502158438806,225.9169733098489,2.016406914052716,1.0,0.0,0.0,
0.39,0.047873236,0.0040850485,upper_Se,0.1569637099,0.5,950mv0_converted.csv,950.0,722.372921341621,345.44558509287845,345.8845462009606,345.67203665292215,245.00311323851165,24.6967355331572,220.3152459102953,2.2948084694900555,1.0,0.0,0.0,
0.39,0.047873236,0.0040850485,upper_Se,0.5,0.5,1000mv0_converted.csv,1000.0,759.2191989197131,346.6116923495037,347.04291486529155,346.8716135276668,230.55558060730556,20.961898879249496,209.60426473740694,2.3977828773211955,1.0,0.0,0.0,
0.39,0.047873236,0.0040850485,upper_Se,0.5,0.5,100mv0_converted.csv,100.0,76.17083384633712,317.5713244067559,317.6235801579362,317.59360915617725,2245.5564588875172,2371.5448880337253,128.2107117498784,0.05565637587092452,0.0,0.0,0.0,
0.39,0.047873236,0.0040850485,upper_Se,0.5,0.5,1100mv0_converted.csv,1100.0,834.7865599618726,349.9788258842005,350.3856324916479,350.2079198801096,209.96291429798154,18.544344798173054,191.4383821907832,2.426715983145334,1.0,0.0,0.0,
0.39,0.047873236,0.0040850485,upper_Se,0.5,0.5,1200mv0_converted.csv,1200.0,908.6058899457871,352.5077124457568,353.1425664701217,352.8335928156528,190.4078320014925,18.284411458685845,172.1421589304633,2.343068684554558,1.0,0.0,0.0,
0.39,0.047873236,0.0040850485,upper_Se,0.5,0.5,150mv0_converted.csv,150.0,114.17150902555795,321.0724341436339,321.137134460767,321.10738003343084,2105.387001524954,2174.4257038985147,70.3293210522961,0.032907405901676304,0.0,0.0,0.0,
0.39,0.047873236,0.0040850485,upper_Se,0.5,0.5,200mv0_converted.csv,200.0,152.35217904164247,325.46785526272316,325.536551714378,325.5068106949924,1957.2703914348324,1954.1233538637066,11.040965266693078,0.005637333247844864,0.6831683168316832,0.0,0.0,
0.39,0.047873236,0.0040850485,upper_Se,0.5,0.5,250mv0_converted.csv,250.0,189.60094286792295,329.2051645094968,329.29870445506134,329.2559618146058,1680.6169070790982,1773.8550771581065,93.37436648033095,0.05408077842276317,0.0,0.0,0.0,
0.39,0.047873236,0.0040850485,upper_Se,0.5,0.5,300mv0_converted.csv,300.0,228.7136509323431,326.67313463829583,328.3772903896495,327.49706568272217,1017.9021323048438,1858.4511646232982,853.7327948102528,0.6287996603596687,0.0,0.0,0.0,
0.39,0.047873236,0.0040850485,upper_Se,0.5,0.5,350mv0_converted.csv,350.0,267.07439601247086,325.7073211193518,327.81651540367477,326.6944076557421,711.7171214286312,1891.8948648282797,1188.5807176378414,1.0144049947159666,0.0,0.0,0.0,
0.39,0.047873236,0.0040850485,upper_Se,0.5,0.5,400mv0_converted.csv,400.0,303.3911472089279,327.63878261712955,329.3933667997502,328.5377895482046,618.8494207894227,1795.686390489635,1181.2060872015722,1.0872131434828145,0.0,0.0,0.0,
0.39,0.047873236,0.0040850485,upper_Se,0.5,0.5,450mv0_converted.csv,450.0,341.9425303334189,329.23180959630156,330.63834136321066,329.9451665478906,543.6778432052596,1719.4843290725557,1177.8263343214112,1.1634422677610334,0.0,0.0,0.0,
0.39,0.047873236,0.0040850485,upper_Se,0.5,0.5,500mv0_converted.csv,500.0,381.06588239966646,331.1710718128901,332.26029689001064,331.7130870838578,488.4121672435573,1586.075954323948,1098.8802144682602,1.185066331693714,0.0,0.0,0.0,
0.39,0.047873236,0.0040850485,upper_Se,0.5,0.5,50mv0_converted.csv,50.0,37.79944238139679,315.21420010482706,315.2365686660664,315.2262981840385,2317.5257234282963,2517.05837136448,202.258569175658,0.08392067937109891,0.0,0.0,0.0,
0.39,0.047873236,0.0040850485,upper_Se,0.5,0.5,550mv0_converted.csv,550.0,419.61731636118117,333.00465036254775,333.97094949191455,333.50545115107684,441.17624883923725,1380.8108139793471,940.6795004182984,1.1453361732209737,0.0,0.0,0.0,
0.39,0.047873236,0.0040850485,upper_Se,0.5,0.5,600mv0_converted.csv,600.0,458.3699322834958,334.8667938042371,335.6672395344064,335.2494482932725,406.2137219772026,1118.6955252165842,713.5174216960913,1.0157723865083657,0.0,0.0,0.0,
0.39,0.047873236,0.0040850485,upper_Se,0.5,0.5,650mv0_converted.csv,650.0,495.4173600492479,336.40310902385136,336.994606695999,336.7119347905636,371.71004807550025,726.1742656443379,355.62945809035665,0.67180523686005,0.0,0.0,0.0,
0.39,0.047873236,0.0040850485,upper_Se,0.5,0.5,700mv0_converted.csv,700.0,533.4180352284689,337.8528811072959,338.41787298363244,338.1300763213184,340.7151551339026,439.42993859017247,100.4126506280225,0.25835108913515803,0.0,0.0,0.0,
0.39,0.047873236,0.0040850485,upper_Se,0.5,0.5,750mv0_converted.csv,750.0,570.4337430744487,339.4868700531259,339.9171826507546,339.6825711810223,317.67631504893757,218.37003802308942,99.94392720797094,0.37775116694127614,1.0,0.0,0.0,
0.39,0.047873236,0.0040850485,upper_Se,0.5,0.5,800mv0_converted.csv,800.0,606.6551780288738,341.1366709379602,341.4049389948251,341.25689859610304,298.2108713285761,100.44262665097077,197.82062298343803,1.0885783702488823,1.0,0.0,0.0,
0.39,0.047873236,0.0040850485,upper_Se,0.5,0.5,850mv0_converted.csv,850.0,646.2233016263873,342.80570701981543,343.11102118227495,342.9430747273717,279.40774791155536,49.47482439551023,229.94670038787706,1.7313957468806136,1.0,0.0,0.0,
0.39,0.047873236,0.0040850485,upper_Se,0.5,0.5,900mv0_converted.csv,900.0,682.8259268820619,343.95791886005605,344.2396847208198,344.1107676241065,260.6128530389083,32.88950521639078,227.73113851609668,2.0699898900934746,1.0,0.0,0.0,
0.39,0.047873236,0.0040850485,upper_Se,0.5,0.5,950mv0_converted.csv,950.0,722.372921341621,345.44558509287845,345.8845462009606,345.67203665292215,245.00311323851165,24.069940397054843,220.94106949387066,2.320366571304857,1.0,0.0,0.0,
0.39,0.047873236,0.0040850485,upper_Se,2.0,0.5,1000mv0_converted.csv,1000.0,759.2191989197131,346.6116923495037,347.04291486529155,346.8716135276668,230.55558060730556,20.068403565057434,210.4969889785164,2.4413369019270874,1.0,0.0,0.0,
0.39,0.047873236,0.0040850485,upper_Se,2.0,0.5,100mv0_converted.csv,100.0,76.17083384633712,317.5713244067559,317.6235801579362,317.59360915617725,2245.5564588875172,2371.5447260790534,128.21053527036787,0.05565630137267327,0.0,0.0,0.0,
0.39,0.047873236,0.0040850485,upper_Se,2.0,0.5,1100mv0_converted.csv,1100.0,834.7865599618726,349.9788258842005,350.3856324916479,350.2079198801096,209.96291429798154,18.401774453644705,191.5809050013758,2.4344329855299947,1.0,0.0,0.0,
0.39,0.047873236,0.0040850485,upper_Se,2.0,0.5,1200mv0_converted.csv,1200.0,908.6058899457871,352.5077124457568,353.1425664701217,352.8335928156528,190.4078320014925,18.260416899577226,172.1661226972126,2.3443812359358516,1.0,0.0,0.0,
0.39,0.047873236,0.0040850485,upper_Se,2.0,0.5,150mv0_converted.csv,150.0,114.17150902555795,321.0724341436339,321.137134460767,321.10738003343084,2105.387001524954,2174.4236975943686,70.32718918510524,0.03290642563501113,0.0,0.0,0.0,
0.39,0.047873236,0.0040850485,upper_Se,2.0,0.5,200mv0_converted.csv,200.0,152.35217904164247,325.46785526272316,325.536551714378,325.5068106949924,1957.2703914348324,1954.133060266476,11.032194631582817,0.005632859162121815,0.6831683168316832,0.0,0.0,
0.39,0.047873236,0.0040850485,upper_Se,2.0,0.5,250mv0_converted.csv,250.0,189.60094286792295,329.2051645094968,329.29870445506134,329.2559618146058,1680.6169070790982,1773.816788172958,93.3348131819317,0.05405847257941653,0.0,0.0,0.0,
0.39,0.047873236,0.0040850485,upper_Se,2.0,0.5,300mv0_converted.csv,300.0,228.7136509323431,326.67313463829583,328.3772903896495,327.49706568272217,1017.9021323048438,1825.4802113145886,820.4205227000842,0.6109468316656715,0.0,0.0,0.0,
0.39,0.047873236,0.0040850485,upper_Se,2.0,0.5,350mv0_converted.csv,350.0,267.07439601247086,325.7073211193518,327.81651540367477,326.6944076557421,711.7171214286312,1855.34917669013,1151.470080125655,0.9948798876192367,0.0,0.0,0.0,
0.39,0.047873236,0.0040850485,upper_Se,2.0,0.5,400mv0_converted.csv,400.0,303.3911472089279,327.63878261712955,329.3933667997502,328.5377895482046,618.8494207894227,1712.0590385210396,1096.7930933339892,1.0392838232417208,0.0,0.0,0.0,
0.39,0.047873236,0.0040850485,upper_Se,2.0,0.5,450mv0_converted.csv,450.0,341.9425303334189,329.23180959630156,330.63834136321066,329.9451665478906,543.6778432052596,1598.5026492883662,1056.4701692014125,1.0903309737013742,0.0,0.0,0.0,
0.39,0.047873236,0.0040850485,upper_Se,2.0,0.5,500mv0_converted.csv,500.0,381.06588239966646,331.1710718128901,332.26029689001064,331.7130870838578,488.4121672435573,1365.2258929262066,878.5763332246739,1.0349296177768963,0.0,0.0,0.0,
0.39,0.047873236,0.0040850485,upper_Se,2.0,0.5,50mv0_converted.csv,50.0,37.79944238139679,315.21420010482706,315.2365686660664,315.2262981840385,2317.5257234282963,2517.05837136448,202.258569175658,0.08392067937109891,0.0,0.0,0.0,
0.39,0.047873236,0.0040850485,upper_Se,2.0,0.5,550mv0_converted.csv,550.0,419.61731636118117,333.00465036254775,333.97094949191455,333.50545115107684,441.17624883923725,1083.2005010925898,644.8668164986717,0.902565032881394,0.0,0.0,0.0,
0.39,0.047873236,0.0040850485,upper_Se,2.0,0.5,600mv0_converted.csv,600.0,458.3699322834958,334.8667938042371,335.6672395344064,335.2494482932725,406.2137219772026,763.9256344030399,361.5474499644551,0.6353961292105645,0.0,0.0,0.0,
0.39,0.047873236,0.0040850485,upper_Se,2.0,0.5,650mv0_converted.csv,650.0,495.4173600492479,336.40310902385136,336.994606695999,336.7119347905636,371.71004807550025,468.95175050036744,102.49461514999246,0.24164778760532116,0.0,0.0,0.0,
0.39,0.047873236,0.0040850485,upper_Se,2.0,0.5,700mv0_converted.csv,700.0,533.4180352284689,337.8528811072959,338.41787298363244,338.1300763213184,340.7151551339026,291.5169528168027,53.632166532406245,0.17388151895753298,0.0,0.0,0.0,
0.39,0.047873236,0.0040850485,upper_Se,2.0,0.5,750mv0_converted.csv,750.0,570.4337430744487,339.4868700531259,339.9171826507546,339.6825711810223,317.67631504893757,142.66753515866722,175.31380784291994,0.8040815735757699,1.0,0.0,0.0,
0.39,0.047873236,0.0040850485,upper_Se,2.0,0.5,800mv0_converted.csv,800.0,606.6551780288738,341.1366709379602,341.4049389948251,341.25689859610304,298.2108713285761,71.56947953630201,226.67970804165762,1.427860956033445,1.0,0.0,0.0,
0.39,0.047873236,0.0040850485,upper_Se,2.0,0.5,850mv0_converted.csv,850.0,646.2233016263873,342.80570701981543,343.11102118227495,342.9430747273717,279.40774791155536,39.67485911303228,239.74168635863862,1.952327749724891,1.0,0.0,0.0,
0.39,0.047873236,0.0040850485,upper_Se,2.0,0.5,900mv0_converted.csv,900.0,682.8259268820619,343.95791886005605,344.2396847208198,344.1107676241065,260.6128530389083,27.315906260273245,233.30173635646622,2.255696206270365,1.0,0.0,0.0,
0.39,0.047873236,0.0040850485,upper_Se,2.0,0.5,950mv0_converted.csv,950.0,722.372921341621,345.44558509287845,345.8845462009606,345.67203665292215,245.00311323851165,22.273393649866087,222.73583319390232,2.397957177862306,1.0,0.0,0.0,
0.39,0.047873236,0.0040850485,upper_Se,0.956269682,0.25,1000mv0_converted.csv,1000.0,759.2191989197131,346.61169234950376,347.04291486529166,346.8716135276668,230.55558060730556,20.63378928911568,209.93204098518825,2.4135392788035968,1.0,0.0,0.0,
0.39,0.047873236,0.0040850485,upper_Se,0.956269682,0.25,100mv0_converted.csv,100.0,76.17083384633712,317.5713244067559,317.6235801579362,317.59360915617725,2245.5564588875172,2371.5448300201115,128.2106496036884,0.05565634965023987,0.0,0.0,0.0,
0.39,0.047873236,0.0040850485,upper_Se,0.956269682,0.25,1100mv0_converted.csv,1100.0,834.7865599618726,349.97882588420055,350.385632491648,350.20791988010967,209.96291429798154,18.48850367328908,191.49420256542484,2.429731207980709,1.0,0.0,0.0,
0.39,0.047873236,0.0040850485,upper_Se,0.956269682,0.25,1200mv0_converted.csv,1200.0,908.6058899457871,352.50771244575685,353.1425664701218,352.8335928156529,190.4078320014925,18.274948271194308,172.151608975402,2.343586092147189,1.0,0.0,0.0,
0.39,0.047873236,0.0040850485,upper_Se,0.956269682,0.25,150mv0_converted.csv,150.0,114.17150902555795,321.0724341436339,321.1371344607671,321.10738003343084,2105.387001524954,2174.425218034499,70.32878891818787,0.032907161113135026,0.0,0.0,0.0,
0.39,0.047873236,0.0040850485,upper_Se,0.956269682,0.25,200mv0_converted.csv,200.0,152.35217904164247,325.46785526272316,325.536551714378,325.5068106949924,1957.2703914348324,1954.1256151860302,11.038170551916641,0.005635906491042274,0.6831683168316832,0.0,0.0,
0.39,0.047873236,0.0040850485,upper_Se,0.956269682,0.25,250mv0_converted.csv,250.0,189.60094286792295,329.2051645094968,329.2987044550614,329.2559618146059,1680.6169070790982,1773.7881596631344,93.30573079734498,0.054042070398136896,0.0,0.0,0.0,
0.39,0.047873236,0.0040850485,upper_Se,0.956269682,0.25,300mv0_converted.csv,300.0,228.7136509323431,326.6731346382959,328.3772903896495,327.49706568272217,1017.9021323048438,1848.6375418181467,843.9808950926255,0.6235999108792188,0.0,0.0,0.0,
0.39,0.047873236,0.0040850485,upper_Se,0.956269682,0.25,350mv0_converted.csv,350.0,267.07439601247086,325.7073211193518,327.8165154036748,326.6944076557421,711.7171214286312,1877.38232421875,1174.0784310803085,1.006811129166962,0.0,0.0,0.0,
0.39,0.047873236,0.0040850485,upper_Se,0.956269682,0.25,400mv0_converted.csv,400.0,303.3911472089279,327.63878261712955,329.3933667997502,328.5377895482046,618.8494207894227,1771.361218140857,1156.8085629622954,1.0736452781032064,0.0,0.0,0.0,
0.39,0.047873236,0.0040850485,upper_Se,0.956269682,0.25,450mv0_converted.csv,450.0,341.9425303334189,329.23180959630156,330.63834136321066,329.9451665478906,543.6778432052596,1689.1651901396194,1147.4181715759892,1.1456948537341474,0.0,0.0,0.0,
0.39,0.047873236,0.0040850485,upper_Se,0.956269682,0.25,500mv0_converted.csv,500.0,381.06588239966646,331.17107181289015,332.26029689001064,331.7130870838578,488.4121672435573,1530.380292533648,1043.0014076117232,1.1493594378163685,0.0,0.0,0.0,
0.39,0.047873236,0.0040850485,upper_Se,0.956269682,0.25,50mv0_converted.csv,50.0,37.79944238139679,315.21420010482706,315.2365686660664,315.2262981840385,2317.5257234282963,2517.05837136448,202.258569175658,0.08392067937109891,0.0,0.0,0.0,
0.39,0.047873236,0.0040850485,upper_Se,0.956269682,0.25,550mv0_converted.csv,550.0,419.61731636118117,333.0046503625478,333.9709494919146,333.5054511510769,441.17624883923725,1294.7386426264698,854.2407792616407,1.0810163550581031,0.0,0.0,0.0,
0.39,0.047873236,0.0040850485,upper_Se,0.956269682,0.25,600mv0_converted.csv,600.0,458.3699322834958,334.8667938042371,335.66723953440646,335.2494482932726,406.2137219772026,968.6807516872293,563.0412268697008,0.8718844591803802,0.0,0.0,0.0,
0.39,0.047873236,0.0040850485,upper_Se,0.956269682,0.25,650mv0_converted.csv,650.0,495.4173600492479,336.4031090238514,336.99460669599904,336.71193479056365,371.71004807550025,641.1158664816677,269.8483108359287,0.5470411281658315,0.0,0.0,0.0,
0.39,0.047873236,0.0040850485,upper_Se,0.956269682,0.25,700mv0_converted.csv,700.0,533.4180352284689,337.85288110729596,338.4178729836325,338.13007632131854,340.7151551339026,387.752853846786,48.07015956464769,0.13277015656002258,0.0,0.0,0.0,
0.39,0.047873236,0.0040850485,upper_Se,0.956269682,0.25,750mv0_converted.csv,750.0,570.4337430744487,339.486870053126,339.9171826507547,339.6825711810223,317.67631504893757,188.70433074649017,129.21334703942193,0.5213024322365981,1.0,0.0,0.0,
0.39,0.047873236,0.0040850485,upper_Se,0.956269682,0.25,800mv0_converted.csv,800.0,606.6551780288738,341.1366709379603,341.40493899482516,341.2568985961032,298.2108713285761,90.00281063872988,208.2451596241454,1.197962228264541,1.0,0.0,0.0,
0.39,0.047873236,0.0040850485,upper_Se,0.956269682,0.25,850mv0_converted.csv,850.0,646.2233016263873,342.8057070198155,343.111021182275,342.9430747273717,279.40774791155536,45.955546312993114,233.46260462591576,1.8049905828852346,1.0,0.0,0.0,
0.39,0.047873236,0.0040850485,upper_Se,0.956269682,0.25,900mv0_converted.csv,900.0,682.8259268820619,343.9579188600561,344.23968472081987,344.11076762410653,260.6128530389083,30.963685517263883,229.65537679368646,2.130215242507846,1.0,0.0,0.0,
0.39,0.047873236,0.0040850485,upper_Se,0.956269682,0.25,950mv0_converted.csv,950.0,722.372921341621,345.4455850928785,345.88454620096064,345.6720366529223,245.00311323851165,23.4397976752555,221.5703902738932,2.34682365183218,1.0,0.0,0.0,
0.39,0.047873236,0.0040850485,upper_Se,0.1569637099,0.25,1000mv0_converted.csv,1000.0,759.2191989197131,346.61169234950376,347.04291486529166,346.8716135276668,230.55558060730556,21.314711938990225,209.2518497845027,2.3811412039722417,1.0,0.0,0.0,
0.39,0.047873236,0.0040850485,upper_Se,0.1569637099,0.25,100mv0_converted.csv,100.0,76.17083384633712,317.5713244067559,317.6235801579362,317.59360915617725,2245.5564588875172,2371.5449605507424,128.2107910995411,0.05565640939374443,0.0,0.0,0.0,
0.39,0.047873236,0.0040850485,upper_Se,0.1569637099,0.25,1100mv0_converted.csv,1100.0,834.7865599618726,349.97882588420055,350.385632491648,350.20791988010967,209.96291429798154,18.610251360600536,191.3724879270989,2.423169059572582,1.0,0.0,0.0,
0.39,0.047873236,0.0040850485,upper_Se,0.1569637099,0.25,1200mv0_converted.csv,1200.0,908.6058899457871,352.50771244575685,353.1425664701218,352.8335928156529,190.4078320014925,18.293049444066416,172.13353109834554,2.342596627980111,1.0,0.0,0.0,
0.39,0.047873236,0.0040850485,upper_Se,0.1569637099,0.25,150mv0_converted.csv,150.0,114.17150902555795,321.0724341436339,321.1371344607671,321.10738003343084,2105.387001524954,2174.426143835087,70.3297826315116,0.032907618093371206,0.0,0.0,0.0,
0.39,0.047873236,0.0040850485,upper_Se,0.1569637099,0.25,200mv0_converted.csv,200.0,152.35217904164247,325.46785526272316,325.536551714378,325.5068106949924,1957.2703914348324,1954.1206272238553,11.043280420642203,0.0056385144626061685,0.6831683168316832,0.0,0.0,
0.39,0.047873236,0.0040850485,upper_Se,0.1569637099,0.25,250mv0_converted.csv,250.0,189.60094286792295,329.2051645094968,329.2987044550614,329.2559618146059,1680.6169070790982,1773.856034382735,93.3753718643641,0.0540813446089307,0.0,0.0,0.0,
0.39,0.047873236,0.0040850485,upper_Se,0.1569637099,0.25,300mv0_converted.csv,300.0,228.7136509323431,326.6731346382959,328.3772903896495,327.49706568272217,1017.9021323048438,1859.5795692972617,854.8634882619258,0.62939384984094,0.0,0.0,0.0,
0.39,0.047873236,0.0040850485,upper_Se,0.1569637099,0.25,350mv0_converted.csv,350.0,267.07439601247086,325.7073211193518,327.8165154036748,326.6944076557421,711.7171214286312,1897.6958491259281,1194.3134250094788,1.0173970173522613,0.0,0.0,0.0,
0.39,0.047873236,0.0040850485,upper_Se,0.1569637099,0.25,400mv0_converted.csv,400.0,303.3911472089279,327.63878261712955,329.3933667997502,328.5377895482046,618.8494207894227,1808.9187664371907,1194.354781279551,1.094461168600239,0.0,0.0,0.0,
0.39,0.047873236,0.0040850485,upper_Se,0.1569637099,0.25,450mv0_converted.csv,450.0,341.9425303334189,329.23180959630156,330.63834136321066,329.9451665478906,543.6778432052596,1735.2060365582456,1193.5175259233888,1.1724846295938742,0.0,0.0,0.0,
0.39,0.047873236,0.0040850485,upper_Se,0.1569637099,0.25,500mv0_converted.csv,500.0,381.06588239966646,331.17107181289015,332.26029689001064,331.7130870838578,488.4121672435573,1619.0614557549504,1131.8698887241294,1.2055675563400587,0.0,0.0,0.0,
0.39,0.047873236,0.0040850485,upper_Se,0.1569637099,0.25,50mv0_converted.csv,50.0,37.79944238139679,315.21420010482706,315.2365686660664,315.2262981840385,2317.5257234282963,2517.05837136448,202.258569175658,0.08392067937109891,0.0,0.0,0.0,
0.39,0.047873236,0.0040850485,upper_Se,0.1569637099,0.25,550mv0_converted.csv,550.0,419.61731636118117,333.0046503625478,333.9709494919146,333.5054511510769,441.17624883923725,1436.0597250154703,996.0780727281157,1.1844529311455219,0.0,0.0,0.0,
0.39,0.047873236,0.0040850485,upper_Se,0.1569637099,0.25,600mv0_converted.csv,600.0,458.3699322834958,334.8667938042371,335.66723953440646,335.2494482932726,406.2137219772026,1141.337538917466,736.8559186283643,1.0357557201064225,0.0,0.0,0.0,
0.39,0.047873236,0.0040850485,upper_Se,0.1569637099,0.25,650mv0_converted.csv,650.0,495.4173600492479,336.4031090238514,336.99460669599904,336.71193479056365,371.71004807550025,808.9002951442606,439.11292094766486,0.7795690746845687,0.0,0.0,0.0,
0.39,0.047873236,0.0040850485,upper_Se,0.1569637099,0.25,700mv0_converted.csv,700.0,533.4180352284689,337.85288110729596,338.4178729836325,338.13007632131854,340.7151551339026,489.76107969378484,151.8510647962767,0.3672711292849811,0.0,0.0,0.0,
0.39,0.047873236,0.0040850485,upper_Se,0.1569637099,0.25,750mv0_converted.csv,750.0,570.4337430744487,339.486870053126,339.9171826507547,339.6825711810223,317.67631504893757,242.8388996690807,76.47339724102055,0.27675548474139694,1.0,0.0,0.0,
0.39,0.047873236,0.0040850485,upper_Se,0.1569637099,0.25,800mv0_converted.csv,800.0,606.6551780288738,341.1366709379603,341.40493899482516,341.2568985961032,298.2108713285761,112.33364301624864,185.95994372972683,0.9773910383883223,1.0,0.0,0.0,
0.39,0.047873236,0.0040850485,upper_Se,0.1569637099,0.25,850mv0_converted.csv,850.0,646.2233016263873,342.8057070198155,343.111021182275,342.9430747273717,279.40774791155536,52.8197705863726,226.60876750258763,1.666533354559202,1.0,0.0,0.0,
0.39,0.047873236,0.0040850485,upper_Se,0.1569637099,0.25,900mv0_converted.csv,900.0,682.8259268820619,343.9579188600561,344.23968472081987,344.11076762410653,260.6128530389083,34.94558111511835,225.67667779153956,2.009529861114607,1.0,0.0,0.0,
0.39,0.047873236,0.0040850485,upper_Se,0.1569637099,0.25,950mv0_converted.csv,950.0,722.372921341621,345.4455850928785,345.88454620096064,345.6720366529223,245.00311323851165,24.698400837360044,220.31357310423618,2.294739690440564,1.0,0.0,0.0,
0.39,0.047873236,0.0040850485,upper_Se,0.5,0.25,1000mv0_converted.csv,1000.0,759.2191989197131,346.61169234950376,347.04291486529166,346.8716135276668,230.55558060730556,20.952669710215957,209.61349228213686,2.398223149790399,1.0,0.0,0.0,
0.39,0.047873236,0.0040850485,upper_Se,0.5,0.25,100mv0_converted.csv,100.0,76.17083384633712,317.5713244067559,317.6235801579362,317.59360915617725,2245.5564588875172,2371.544892868193,128.21071659002877,0.05565637790907705,0.0,0.0,0.0,
0.39,0.047873236,0.0040850485,upper_Se,0.5,0.25,1100mv0_converted.csv,1100.0,834.7865599618726,349.97882588420055,350.385632491648,350.20791988010967,209.96291429798154,18.542298250859325,191.44042817471498,2.4268263383029205,1.0,0.0,0.0,
0.39,0.047873236,0.0040850485,upper_Se,0.5,0.25,1200mv0_converted.csv,1200.0,908.6058899457871,352.50771244575685,353.1425664701218,352.8335928156529,190.4078320014925,18.28424349869832,172.1423266579933,2.3430778656330946,1.0,0.0,0.0,
0.39,0.047873236,0.0040850485,upper_Se,0.5,0.25,150mv0_converted.csv,150.0,114.17150902555795,321.0724341436339,321.1371344607671,321.10738003343084,2105.387001524954,2174.4257377397894,70.3293462147805,0.03290741740762205,0.0,0.0,0.0,
0.39,0.047873236,0.0040850485,upper_Se,0.5,0.25,200mv0_converted.csv,200.0,152.35217904164247,325.46785526272316,325.536551714378,325.5068106949924,1957.2703914348324,1954.1227797706529,11.041093138017441,0.005637398148240812,0.6831683168316832,0.0,0.0,
0.39,0.047873236,0.0040850485,upper_Se,0.5,0.25,250mv0_converted.csv,250.0,189.60094286792295,329.2051645094968,329.2987044550614,329.2559618146059,1680.6169070790982,1773.8270541653774,93.34563325129935,0.054064574363145976,0.0,0.0,0.0,
0.39,0.047873236,0.0040850485,upper_Se,0.5,0.25,300mv0_converted.csv,300.0,228.7136509323431,326.6731346382959,328.3772903896495,327.49706568272217,1017.9021323048438,1858.415367806312,853.6970089506875,0.6287805133056638,0.0,0.0,0.0,
0.39,0.047873236,0.0040850485,upper_Se,0.5,0.25,350mv0_converted.csv,350.0,267.07439601247086,325.7073211193518,327.8165154036748,326.6944076557421,711.7171214286312,1891.8824414545948,1188.5685047453665,1.0143985928955144,0.0,0.0,0.0,
0.39,0.047873236,0.0040850485,upper_Se,0.5,0.25,400mv0_converted.csv,400.0,303.3911472089279,327.63878261712955,329.3933667997502,328.5377895482046,618.8494207894227,1795.6088915532177,1181.1292587136106,1.0871704904041493,0.0,0.0,0.0,
0.39,0.047873236,0.0040850485,upper_Se,0.5,0.25,450mv0_converted.csv,450.0,341.9425303334189,329.23180959630156,330.63834136321066,329.9451665478906,543.6778432052596,1719.3076099357982,1177.6503830899164,1.163339902853451,0.0,0.0,0.0,
0.39,0.047873236,0.0040850485,upper_Se,0.5,0.25,500mv0_converted.csv,500.0,381.06588239966646,331.17107181289015,332.26029689001064,331.7130870838578,488.4121672435573,1585.8974766495205,1098.7021376334026,1.1849539255107444,0.0,0.0,0.0,
0.39,0.047873236,0.0040850485,upper_Se,0.5,0.25,50mv0_converted.csv,50.0,37.79944238139679,315.21420010482706,315.2365686660664,315.2262981840385,2317.5257234282963,2517.05837136448,202.258569175658,0.08392067937109891,0.0,0.0,0.0,
0.39,0.047873236,0.0040850485,upper_Se,0.5,0.25,550mv0_converted.csv,550.0,419.61731636118117,333.0046503625478,333.9709494919146,333.5054511510769,441.17624883923725,1380.9276388942606,940.7964643667223,1.1454195190776015,0.0,0.0,0.0,
0.39,0.047873236,0.0040850485,upper_Se,0.5,0.25,600mv0_converted.csv,600.0,458.3699322834958,334.8667938042371,335.66723953440646,335.2494482932726,406.2137219772026,1117.6193424640317,712.4344161232885,1.0148083958791339,0.0,0.0,0.0,
0.39,0.047873236,0.0040850485,upper_Se,0.5,0.25,650mv0_converted.csv,650.0,495.4173600492479,336.4031090238514,336.99460669599904,336.71193479056365,371.71004807550025,725.9338185527537,355.3905435964639,0.6714738363095758,0.0,0.0,0.0,
0.39,0.047873236,0.0040850485,upper_Se,0.5,0.25,700mv0_converted.csv,700.0,533.4180352284689,337.85288110729596,338.4178729836325,338.13007632131854,340.7151551339026,441.2551882904355,102.2039335265547,0.26240873729675757,0.0,0.0,0.0,
0.39,0.047873236,0.0040850485,upper_Se,0.5,0.25,750mv0_converted.csv,750.0,570.4337430744487,339.486870053126,339.9171826507547,339.6825711810223,317.67631504893757,218.06196473376585,100.24920858060896,0.37915376666075784,1.0,0.0,0.0,
0.39,0.047873236,0.0040850485,upper_Se,0.5,0.25,800mv0_converted.csv,800.0,606.6551780288738,341.1366709379603,341.40493899482516,341.2568985961032,298.2108713285761,100.22774135476291,198.0353923901329,1.0907195278759005,1.0,0.0,0.0,
0.39,0.047873236,0.0040850485,upper_Se,0.5,0.25,850mv0_converted.csv,850.0,646.2233016263873,342.8057070198155,343.111021182275,342.9430747273717,279.40774791155536,49.48622739433062,229.93530111041812,1.7311653781809173,1.0,0.0,0.0,
0.39,0.047873236,0.0040850485,upper_Se,0.5,0.25,900mv0_converted.csv,900.0,682.8259268820619,343.9579188600561,344.23968472081987,344.11076762410653,260.6128530389083,32.90087611132329,227.71977046949488,2.0696444065076975,1.0,0.0,0.0,
0.39,0.047873236,0.0040850485,upper_Se,0.5,0.25,950mv0_converted.csv,950.0,722.372921341621,345.4455850928785,345.88454620096064,345.6720366529223,245.00311323851165,24.08284379940222,220.92816884915294,2.3198308715944926,1.0,0.0,0.0,
0.39,0.047873236,0.0040850485,upper_Se,2.0,0.25,1000mv0_converted.csv,1000.0,759.2191989197131,346.61169234950376,347.04291486529166,346.8716135276668,230.55558060730556,20.04417872664952,210.52121733580432,2.4425443006720635,1.0,0.0,0.0,
0.39,0.047873236,0.0040850485,upper_Se,2.0,0.25,100mv0_converted.csv,100.0,76.17083384633712,317.5713244067559,317.6235801579362,317.59360915617725,2245.5564588875172,2371.5447164101174,128.21052626965005,0.055656297589738855,0.0,0.0,0.0,
0.39,0.047873236,0.0040850485,upper_Se,2.0,0.25,1100mv0_converted.csv,1100.0,834.7865599618726,349.97882588420055,350.385632491648,350.20791988010967,209.96291429798154,18.39742309268158,191.58525575071894,2.4346694615295488,1.0,0.0,0.0,
0.39,0.047873236,0.0040850485,upper_Se,2.0,0.25,1200mv0_converted.csv,1200.0,908.6058899457871,352.50771244575685,353.1425664701218,352.8335928156529,190.4078320014925,18.25979986285219,172.1667397487474,2.3444150281410394,1.0,0.0,0.0,
0.39,0.047873236,0.0040850485,upper_Se,2.0,0.25,150mv0_converted.csv,150.0,114.17150902555795,321.0724341436339,321.1371344607671,321.10738003343084,2105.387001524954,2174.4239997486075,70.32747467382492,0.03290655670300317,0.0,0.0,0.0,
0.39,0.047873236,0.0040850485,upper_Se,2.0,0.25,200mv0_converted.csv,200.0,152.35217904164247,325.46785526272316,325.536551714378,325.5068106949924,1957.2703914348324,1954.1315241143254,11.031697880260083,0.00563260261180126,0.6831683168316832,0.0,0.0,
0.39,0.047873236,0.0040850485,upper_Se,2.0,0.25,250mv0_converted.csv,250.0,189.60094286792295,329.2051645094968,329.2987044550614,329.2559618146059,1680.6169070790982,1773.6933412457456,93.20907573403139,0.053987552757603134,0.0,0.0,0.0,
0.39,0.047873236,0.0040850485,upper_Se,2.0,0.25,300mv0_converted.csv,300.0,228.7136509323431,326.6731346382959,328.3772903896495,327.49706568272217,1017.9021323048438,1824.89778242961,819.8290895311051,0.6106245635812376,0.0,0.0,0.0,
0.39,0.047873236,0.0040850485,upper_Se,2.0,0.25,350mv0_converted.csv,350.0,267.07439601247086,325.7073211193518,327.8165154036748,326.6944076557421,711.7171214286312,1855.7462351581837,1151.8652808046186,0.995089353379754,0.0,0.0,0.0,
0.39,0.047873236,0.0040850485,upper_Se,2.0,0.25,400mv0_converted.csv,400.0,303.3911472089279,327.63878261712955,329.3933667997502,328.5377895482046,618.8494207894227,1712.8407042852723,1097.5660522796568,1.0397313252021612,0.0,0.0,0.0,
0.39,0.047873236,0.0040850485,upper_Se,2.0,0.25,450mv0_converted.csv,450.0,341.9425303334189,329.23180959630156,330.63834136321066,329.9451665478906,543.6778432052596,1596.6245286393873,1054.5922427731712,1.0891494692059467,0.0,0.0,0.0,
0.39,0.047873236,0.0040850485,upper_Se,2.0,0.25,500mv0_converted.csv,500.0,381.06588239966646,331.17107181289015,332.26029689001064,331.7130870838578,488.4121672435573,1363.1387045076578,876.5005209536752,1.0333945461755434,0.0,0.0,0.0,
0.39,0.047873236,0.0040850485,upper_Se,2.0,0.25,50mv0_converted.csv,50.0,37.79944238139679,315.21420010482706,315.2365686660664,315.2262981840385,2317.5257234282963,2517.05837136448,202.258569175658,0.08392067937109891,0.0,0.0,0.0,
0.39,0.047873236,0.0040850485,upper_Se,2.0,0.25,550mv0_converted.csv,550.0,419.61731636118117,333.0046503625478,333.9709494919146,333.5054511510769,441.17624883923725,1079.4181506468517,641.1247942738113,0.8990639215371486,0.0,0.0,0.0,
0.39,0.047873236,0.0040850485,upper_Se,2.0,0.25,600mv0_converted.csv,600.0,458.3699322834958,334.8667938042371,335.66723953440646,335.2494482932726,406.2137219772026,756.6290929813197,354.3723188043385,0.625891405673484,0.0,0.0,0.0,
0.39,0.047873236,0.0040850485,upper_Se,2.0,0.25,650mv0_converted.csv,650.0,495.4173600492479,336.4031090238514,336.99460669599904,336.71193479056365,371.71004807550025,470.180622365215,103.69146542652477,0.24414324717554292,0.0,0.0,0.0,
0.39,0.047873236,0.0040850485,upper_Se,2.0,0.25,700mv0_converted.csv,700.0,533.4180352284689,337.85288110729596,338.4178729836325,338.13007632131854,340.7151551339026,278.05005728844367,65.94518522829344,0.2178639081248157,0.0,0.0,0.0,
0.39,0.047873236,0.0040850485,upper_Se,2.0,0.25,750mv0_converted.csv,750.0,570.4337430744487,339.486870053126,339.9171826507547,339.6825711810223,317.67631504893757,142.3180319908822,175.66197809135025,0.8065301953972124,1.0,0.0,0.0,
0.39,0.047873236,0.0040850485,upper_Se,2.0,0.25,800mv0_converted.csv,800.0,606.6551780288738,341.1366709379603,341.40493899482516,341.2568985961032,298.2108713285761,71.08085420816252,227.16812765862758,1.4347095759807345,1.0,0.0,0.0,
0.39,0.047873236,0.0040850485,upper_Se,2.0,0.25,850mv0_converted.csv,850.0,646.2233016263873,342.8057070198155,343.111021182275,342.9430747273717,279.40774791155536,39.69236052862488,239.72418806874458,1.9518869390475915,1.0,0.0,0.0,
0.39,0.047873236,0.0040850485,upper_Se,2.0,0.25,900mv0_converted.csv,900.0,682.8259268820619,343.9579188600561,344.23968472081987,344.11076762410653,260.6128530389083,27.426137792001857,233.19149896181182,2.251670855358565,1.0,0.0,0.0,
0.39,0.047873236,0.0040850485,upper_Se,2.0,0.25,950mv0_converted.csv,950.0,722.372921341621,345.4455850928785,345.88454620096064,345.6720366529223,245.00311323851165,22.29738397881536,222.71184010593126,2.396881583208919,1.0,0.0,0.0,
0.39,0.0219179631,0.0036751265,lower_Cth,0.956269682,1.0,1000mv0_converted.csv,1000.0,759.2191989197131,350.1101366291046,350.7754523195356,350.4742616590706,230.55558060730556,18.38577130761477,212.1799177277586,2.528890621041813,1.0,0.0,0.0,
0.39,0.0219179631,0.0036751265,lower_Cth,0.956269682,1.0,100mv0_converted.csv,100.0,76.17083384633712,317.90987756080034,317.99515807219194,317.9503449890357,2245.5564588875172,2350.5422508315287,107.74920433690288,0.0469997502027492,0.0,0.0,0.0,
0.39,0.0219179631,0.0036751265,lower_Cth,0.956269682,1.0,1100mv0_converted.csv,1100.0,834.7865599618726,353.79321051907465,354.53430965640814,354.1983293844209,209.96291429798154,18.232692057543463,191.74998878146894,2.4436638880802843,1.0,0.0,0.0,
0.39,0.0219179631,0.0036751265,lower_Cth,0.956269682,1.0,1200mv0_converted.csv,1200.0,908.6058899457871,356.55077652492645,357.66601964677375,357.11440126929756,190.4078320014925,18.218592426564435,172.20795957268493,2.3466746003684587,1.0,0.0,0.0,
0.39,0.0219179631,0.0036751265,lower_Cth,0.956269682,1.0,150mv0_converted.csv,150.0,114.17150902555795,321.80248268950527,321.8994578326188,321.8575417423799,2105.387001524954,2134.988829962098,32.65544157760271,0.015440385185839029,0.0,0.0,0.0,
0.39,0.0219179631,0.0036751265,lower_Cth,0.956269682,1.0,200mv0_converted.csv,200.0,152.35217904164247,326.71228233953934,326.7957340781258,326.74969432794796,1957.2703914348324,1895.2821830522896,62.932289931809336,0.032645008368553455,1.0,0.0,0.0,
0.39,0.0219179631,0.0036751265,lower_Cth,0.956269682,1.0,250mv0_converted.csv,250.0,189.60094286792295,330.8587902876492,330.9709952295568,330.91857734680065,1680.6169070790982,1678.2925699064047,5.817092063878998,0.003460213320900411,0.6138613861386139,0.0,0.0,
0.39,0.0219179631,0.0036751265,lower_Cth,0.956269682,1.0,300mv0_converted.csv,300.0,228.7136509323431,327.35804389577316,330.6050907870733,328.9317925361161,1017.9021323048438,1721.1570029683633,722.8877503667926,0.5567026630016266,0.0,0.0,0.0,
0.39,0.0219179631,0.0036751265,lower_Cth,0.956269682,1.0,350mv0_converted.csv,350.0,267.07439601247086,326.1376400868451,330.16092803122774,328.0492261639891,711.7171214286312,1759.8354854772588,1061.1157073666313,0.94554376929747,0.0,0.0,0.0,
0.39,0.0219179631,0.0036751265,lower_Cth,0.956269682,1.0,400mv0_converted.csv,400.0,303.3911472089279,328.40354203287245,331.8014374958204,330.1090148150098,618.8494207894227,1522.6243836053527,912.0526363510664,0.9257118465277333,0.0,0.0,0.0,
0.39,0.0219179631,0.0036751265,lower_Cth,0.956269682,1.0,450mv0_converted.csv,450.0,341.9425303334189,330.30007501160924,333.050124447516,331.684607529539,543.6778432052596,1256.7349587619894,717.8727223541048,0.8530982816849495,0.0,0.0,0.0,
0.39,0.0219179631,0.0036751265,lower_Cth,0.956269682,1.0,500mv0_converted.csv,500.0,381.06588239966646,332.5581484784457,334.7263032921531,333.6531238863571,488.4121672435573,820.572769013962,336.75419006009014,0.5317464130458383,0.0,0.0,0.0,
0.39,0.0219179631,0.0036751265,lower_Cth,0.956269682,1.0,50mv0_converted.csv,50.0,37.79944238139679,315.3018616943789,315.33396556388203,315.3188084469183,2317.5257234282963,2511.1647780012377,196.46743699873358,0.08162033525961616,0.0,0.0,0.0,
0.39,0.0219179631,0.0036751265,lower_Cth,0.956269682,1.0,550mv0_converted.csv,550.0,419.61731636118117,334.6623835435889,336.5496370863263,335.6355061127296,441.17624883923725,391.1690075562732,60.91136500764105,0.1435214989352065,0.0,0.0,0.0,
0.39,0.0219179631,0.0036751265,lower_Cth,0.956269682,1.0,600mv0_converted.csv,600.0,458.3699322834958,336.82185515286494,338.3844862240795,337.56396841314455,406.2137219772026,218.08483554349087,189.53510600521037,0.624592232403727,0.0,0.0,0.0,
0.39,0.0219179631,0.0036751265,lower_Cth,0.956269682,1.0,650mv0_converted.csv,650.0,495.4173600492479,338.6050832228763,339.7594021430096,339.20563890334296,371.71004807550025,127.31814038871539,244.8129350942537,1.071996727013862,0.7524752475247525,0.0,0.0,
0.39,0.0219179631,0.0036751265,lower_Cth,0.956269682,1.0,700mv0_converted.csv,700.0,533.4180352284689,340.28564632414026,341.3231918226505,340.7702601467296,340.7151551339026,66.4672152075437,274.4118675086176,1.6343576443922134,1.0,0.0,0.0,
0.39,0.0219179631,0.0036751265,lower_Cth,0.956269682,1.0,750mv0_converted.csv,750.0,570.4337430744487,342.0990576358047,342.9687371230424,342.5031198956154,317.67631504893757,39.327845469559776,278.45258402829626,2.089075992085098,1.0,0.0,0.0,
0.39,0.0219179631,0.0036751265,lower_Cth,0.956269682,1.0,800mv0_converted.csv,800.0,606.6551780288738,344.01153635244503,344.549662021861,344.2456207522852,298.2108713285761,26.562357723122776,271.67657474876364,2.4182656634583144,1.0,0.0,0.0,
0.39,0.0219179631,0.0036751265,lower_Cth,0.956269682,1.0,850mv0_converted.csv,850.0,646.2233016263873,345.9278974110396,346.29641135208993,346.10970448909086,279.40774791155536,21.052313379722065,258.36459918775466,2.5856443449259254,1.0,0.0,0.0,
0.39,0.0219179631,0.0036751265,lower_Cth,0.956269682,1.0,900mv0_converted.csv,900.0,682.8259268820619,347.19694633302856,347.62429637866506,347.42993713353206,260.6128530389083,19.343245024728304,241.27534830501617,2.6006807451769367,1.0,0.0,0.0,
0.39,0.0219179631,0.0036751265,lower_Cth,0.956269682,1.0,950mv0_converted.csv,950.0,722.372921341621,348.83339112354395,349.44273141418256,349.14024674049335,245.00311323851165,18.63653065898631,226.37341416357984,2.5761317379376583,1.0,0.0,0.0,
0.39,0.0219179631,0.0036751265,lower_Cth,0.1569637099,1.0,1000mv0_converted.csv,1000.0,759.2191989197131,350.1101366291046,350.7754523195356,350.4742616590706,230.55558060730556,18.550201189399946,212.01563278529164,2.5199917899064728,1.0,0.0,0.0,
0.39,0.0219179631,0.0036751265,lower_Cth,0.1569637099,1.0,100mv0_converted.csv,100.0,76.17083384633712,317.90987756080034,317.99515807219194,317.9503449890357,2245.5564588875172,2350.54248046875,107.74946820942148,0.046999862618517345,0.0,0.0,0.0,
0.39,0.0219179631,0.0036751265,lower_Cth,0.1569637099,1.0,1100mv0_converted.csv,1100.0,834.7865599618726,353.79321051907465,354.53430965640814,354.1983293844209,209.96291429798154,18.248557874471835,191.73413496329337,2.4427943281690974,1.0,0.0,0.0,
0.39,0.0219179631,0.0036751265,lower_Cth,0.1569637099,1.0,1200mv0_converted.csv,1200.0,908.6058899457871,356.55077652492645,357.66601964677375,357.11440126929756,190.4078320014925,18.220768333661674,172.20578782924338,2.34655526044421,1.0,0.0,0.0,
0.39,0.0219179631,0.0036751265,lower_Cth,0.1569637099,1.0,150mv0_converted.csv,150.0,114.17150902555795,321.80248268950527,321.8994578326188,321.8575417423799,2105.387001524954,2134.991834583849,32.658785600721785,0.015441949944606832,0.0,0.0,0.0,
0.39,0.0219179631,0.0036751265,lower_Cth,0.1569637099,1.0,200mv0_converted.csv,200.0,152.35217904164247,326.71228233953934,326.7957340781258,326.74969432794796,1957.2703914348324,1895.3409145846226,62.87871294115411,0.0326167101473946,1.0,0.0,0.0,
0.39,0.0219179631,0.0036751265,lower_Cth,0.1569637099,1.0,250mv0_converted.csv,250.0,189.60094286792295,330.8587902876492,330.9709952295568,330.91857734680065,1680.6169070790982,1678.8617172996596,5.890365215484107,0.0035041044317593133,0.6138613861386139,0.0,0.0,
0.39,0.0219179631,0.0036751265,lower_Cth,0.1569637099,1.0,300mv0_converted.csv,300.0,228.7136509323431,327.35804389577316,330.6050907870733,328.9317925361161,1017.9021323048438,1786.8571076345916,788.0872444572709,0.5933053427964821,0.0,0.0,0.0,
0.39,0.0219179631,0.0036751265,lower_Cth,0.1569637099,1.0,350mv0_converted.csv,350.0,267.07439601247086,326.1376400868451,330.16092803122774,328.0492261639891,711.7171214286312,1831.0632263787902,1132.0031754821298,0.984514952469226,0.0,0.0,0.0,
0.39,0.0219179631,0.0036751265,lower_Cth,0.1569637099,1.0,400mv0_converted.csv,400.0,303.3911472089279,328.40354203287245,331.8014374958204,330.1090148150098,618.8494207894227,1719.9204838818844,1109.1244162381545,1.0463160251049286,0.0,0.0,0.0,
0.39,0.0219179631,0.0036751265,lower_Cth,0.1569637099,1.0,450mv0_converted.csv,450.0,341.9425303334189,330.30007501160924,333.050124447516,331.684607529539,543.6778432052596,1612.0045081412438,1073.7389685580258,1.100476033988249,0.0,0.0,0.0,
0.39,0.0219179631,0.0036751265,lower_Cth,0.1569637099,1.0,500mv0_converted.csv,500.0,381.06588239966646,332.5581484784457,334.7263032921531,333.6531238863571,488.4121672435573,1401.6517539449258,920.4368912075755,1.0632972379214456,0.0,0.0,0.0,
0.39,0.0219179631,0.0036751265,lower_Cth,0.1569637099,1.0,50mv0_converted.csv,50.0,37.79944238139679,315.3018616943789,315.33396556388203,315.3188084469183,2317.5257234282963,2511.1647780012377,196.46743699873358,0.08162033525961616,0.0,0.0,0.0,
0.39,0.0219179631,0.0036751265,lower_Cth,0.1569637099,1.0,550mv0_converted.csv,550.0,419.61731636118117,334.6623835435889,336.5496370863263,335.6355061127296,441.17624883923725,1042.2218114267482,615.5038194630891,0.8683784448250794,0.0,0.0,0.0,
0.39,0.0219179631,0.0036751265,lower_Cth,0.1569637099,1.0,600mv0_converted.csv,600.0,458.3699322834958,336.82185515286494,338.3844862240795,337.56396841314455,406.2137219772026,600.1365184217397,218.9378068112643,0.4201925024217163,0.0,0.0,0.0,
0.39,0.0219179631,0.0036751265,lower_Cth,0.1569637099,1.0,650mv0_converted.csv,650.0,495.4173600492479,338.6050832228763,339.7594021430096,339.20563890334296,371.71004807550025,302.1857136641398,85.74610628168311,0.27212572602502283,0.7524752475247525,0.0,0.0,
0.39,0.0219179631,0.0036751265,lower_Cth,0.1569637099,1.0,700mv0_converted.csv,700.0,533.4180352284689,340.28564632414026,341.3231918226505,340.7702601467296,340.7151551339026,141.30841185314821,200.62888992430015,0.8980360026245416,1.0,0.0,0.0,
0.39,0.0219179631,0.0036751265,lower_Cth,0.1569637099,1.0,750mv0_converted.csv,750.0,570.4337430744487,342.0990576358047,342.9687371230424,342.5031198956154,317.67631504893757,62.89192856892501,255.0117642673153,1.6272111816316042,1.0,0.0,0.0,
0.39,0.0219179631,0.0036751265,lower_Cth,0.1569637099,1.0,800mv0_converted.csv,800.0,606.6551780288738,344.01153635244503,344.549662021861,344.2456207522852,298.2108713285761,33.79239939699079,264.45466745425284,2.178547589253019,1.0,0.0,0.0,
0.39,0.0219179631,0.0036751265,lower_Cth,0.1569637099,1.0,850mv0_converted.csv,850.0,646.2233016263873,345.9278974110396,346.29641135208993,346.10970448909086,279.40774791155536,23.171429907921517,256.2466972571182,2.489858385133399,1.0,0.0,0.0,
0.39,0.0219179631,0.0036751265,lower_Cth,0.1569637099,1.0,900mv0_converted.csv,900.0,682.8259268820619,347.19694633302856,347.62429637866506,347.42993713353206,260.6128530389083,20.418771875966893,240.2003936400256,2.546608633212078,1.0,0.0,0.0,
0.39,0.0219179631,0.0036751265,lower_Cth,0.1569637099,1.0,950mv0_converted.csv,950.0,722.372921341621,348.83339112354395,349.44273141418256,349.14024674049335,245.00311323851165,18.91607124026459,226.0940874336775,2.561253119328436,1.0,0.0,0.0,
0.39,0.0219179631,0.0036751265,lower_Cth,0.5,1.0,1000mv0_converted.csv,1000.0,759.2191989197131,350.1101366291046,350.7754523195356,350.4742616590706,230.55558060730556,18.4514898923364,212.11425280394843,2.5253238919387,1.0,0.0,0.0,
0.39,0.0219179631,0.0036751265,lower_Cth,0.5,1.0,100mv0_converted.csv,100.0,76.17083384633712,317.90987756080034,317.99515807219194,317.9503449890357,2245.5564588875172,2350.5423668587564,107.7493399623593,0.04699980799234236,0.0,0.0,0.0,
0.39,0.0219179631,0.0036751265,lower_Cth,0.5,1.0,1100mv0_converted.csv,1100.0,834.7865599618726,353.79321051907465,354.53430965640814,354.1983293844209,209.96291429798154,18.239133645992467,191.74355286793647,2.4433107635067124,1.0,0.0,0.0,
0.39,0.0219179631,0.0036751265,lower_Cth,0.5,1.0,1200mv0_converted.csv,1200.0,908.6058899457871,356.55077652492645,357.66601964677375,357.11440126929756,190.4078320014925,18.219706639204876,172.20684736320197,2.346613485326108,1.0,0.0,0.0,
0.39,0.0219179631,0.0036751265,lower_Cth,0.5,1.0,150mv0_converted.csv,150.0,114.17150902555795,321.80248268950527,321.8994578326188,321.8575417423799,2105.387001524954,2134.9908362662436,32.65763350381465,0.015441410824985636,0.0,0.0,0.0,
0.39,0.0219179631,0.0036751265,lower_Cth,0.5,1.0,200mv0_converted.csv,200.0,152.35217904164247,326.71228233953934,326.7957340781258,326.74969432794796,1957.2703914348324,1895.315132367729,62.90223448078857,0.032629133890884135,1.0,0.0,0.0,
0.39,0.0219179631,0.0036751265,lower_Cth,0.5,1.0,250mv0_converted.csv,250.0,189.60094286792295,330.8587902876492,330.9709952295568,330.91857734680065,1680.6169070790982,1678.638486956606,5.849912286427247,0.0034799131524554045,0.6138613861386139,0.0,0.0,
0.39,0.0219179631,0.0036751265,lower_Cth,0.5,1.0,300mv0_converted.csv,300.0,228.7136509323431,327.35804389577316,330.6050907870733,328.9317925361161,1017.9021323048438,1781.7457033667233,782.809184041335,0.5904273890607019,0.0,0.0,0.0,
0.39,0.0219179631,0.0036751265,lower_Cth,0.5,1.0,350mv0_converted.csv,350.0,267.07439601247086,326.1376400868451,330.16092803122774,328.0492261639891,711.7171214286312,1799.4116936107673,1101.6638444005403,0.9678961073472806,0.0,0.0,0.0,
0.39,0.0219179631,0.0036751265,lower_Cth,0.5,1.0,400mv0_converted.csv,400.0,303.3911472089279,328.40354203287245,331.8014374958204,330.1090148150098,618.8494207894227,1625.8479318146658,1018.0293140206927,0.9917741592767648,0.0,0.0,0.0,
0.39,0.0219179631,0.0036751265,lower_Cth,0.5,1.0,450mv0_converted.csv,450.0,341.9425303334189,330.30007501160924,333.050124447516,331.684607529539,543.6778432052596,1460.7214017056003,925.4001414780879,1.0034888046812986,0.0,0.0,0.0,
0.39,0.0219179631,0.0036751265,lower_Cth,0.5,1.0,500mv0_converted.csv,500.0,381.06588239966646,332.5581484784457,334.7263032921531,333.6531238863571,488.4121672435573,1134.934560039256,656.9544835681412,0.8551199191144181,0.0,0.0,0.0,
0.39,0.0219179631,0.0036751265,lower_Cth,0.5,1.0,50mv0_converted.csv,50.0,37.79944238139679,315.3018616943789,315.33396556388203,315.3188084469183,2317.5257234282963,2511.1647780012377,196.46743699873358,0.08162033525961616,0.0,0.0,0.0,
0.39,0.0219179631,0.0036751265,lower_Cth,0.5,1.0,550mv0_converted.csv,550.0,419.61731636118117,334.6623835435889,336.5496370863263,335.6355061127296,441.17624883923725,672.4484820979657,249.7108671249708,0.4446450239840046,0.0,0.0,0.0,
0.39,0.0219179631,0.0036751265,lower_Cth,0.5,1.0,600mv0_converted.csv,600.0,458.3699322834958,336.82185515286494,338.3844862240795,337.56396841314455,406.2137219772026,367.67904572439664,66.84889670815123,0.1804424059803836,0.0,0.0,0.0,
0.39,0.0219179631,0.0036751265,lower_Cth,0.5,1.0,650mv0_converted.csv,650.0,495.4173600492479,338.6050832228763,339.7594021430096,339.20563890334296,371.71004807550025,194.94689201128364,178.73174921175874,0.6593469031671846,0.7524752475247525,0.0,0.0,
0.39,0.0219179631,0.0036751265,lower_Cth,0.5,1.0,700mv0_converted.csv,700.0,533.4180352284689,340.28564632414026,341.3231918226505,340.7702601467296,340.7151551339026,95.02215674372003,246.04721615866436,1.2819700845006479,1.0,0.0,0.0,
0.39,0.0219179631,0.0036751265,lower_Cth,0.5,1.0,750mv0_converted.csv,750.0,570.4337430744487,342.0990576358047,342.9687371230424,342.5031198956154,317.67631504893757,49.632250908577795,268.18525485094614,1.8586505097961457,1.0,0.0,0.0,
0.39,0.0219179631,0.0036751265,lower_Cth,0.5,1.0,800mv0_converted.csv,800.0,606.6551780288738,344.01153635244503,344.549662021861,344.2456207522852,298.2108713285761,29.691310448221643,268.5506374528297,2.3071784412547762,1.0,0.0,0.0,
0.39,0.0219179631,0.0036751265,lower_Cth,0.5,1.0,850mv0_converted.csv,850.0,646.2233016263873,345.9278974110396,346.29641135208993,346.10970448909086,279.40774791155536,21.939942747059433,257.4774328944227,2.5443744903616623,1.0,0.0,0.0,
0.39,0.0219179631,0.0036751265,lower_Cth,0.5,1.0,900mv0_converted.csv,900.0,682.8259268820619,347.19694633302856,347.62429637866506,347.42993713353206,260.6128530389083,19.772985382835465,240.84582918383558,2.5787168413041877,1.0,0.0,0.0,
0.39,0.0219179631,0.0036751265,lower_Cth,0.5,1.0,950mv0_converted.csv,950.0,722.372921341621,348.83339112354395,349.44273141418256,349.14024674049335,245.00311323851165,18.77752389058028,226.23251827490225,2.5685979553936726,1.0,0.0,0.0,
0.39,0.0219179631,0.0036751265,lower_Cth,2.0,1.0,1000mv0_converted.csv,1000.0,759.2191989197131,350.1101366291046,350.7754523195356,350.4742616590706,230.55558060730556,18.29759941478767,212.26804607815,2.533697112892355,1.0,0.0,0.0,
0.39,0.0219179631,0.0036751265,lower_Cth,2.0,1.0,100mv0_converted.csv,100.0,76.17083384633712,317.90987756080034,317.99515807219194,317.9503449890357,2245.5564588875172,2350.542016359839,107.7489337643435,0.04699963489775917,0.0,0.0,0.0,
0.39,0.0219179631,0.0036751265,lower_Cth,2.0,1.0,1100mv0_converted.csv,1100.0,834.7865599618726,353.79321051907465,354.53430965640814,354.1983293844209,209.96291429798154,18.22391997233476,191.7587558840777,2.444145033171554,1.0,0.0,0.0,
0.39,0.0219179631,0.0036751265,lower_Cth,2.0,1.0,1200mv0_converted.csv,1200.0,908.6058899457871,356.55077652492645,357.66601964677375,357.11440126929756,190.4078320014925,18.21718689946845,172.20936323072834,2.346751713832579,1.0,0.0,0.0,
0.39,0.0219179631,0.0036751265,lower_Cth,2.0,1.0,150mv0_converted.csv,150.0,114.17150902555795,321.80248268950527,321.8994578326188,321.8575417423799,2105.387001524954,2134.985489344833,32.651584166435235,0.015438579993026386,0.0,0.0,0.0,
0.39,0.0219179631,0.0036751265,lower_Cth,2.0,1.0,200mv0_converted.csv,200.0,152.35217904164247,326.71228233953934,326.7957340781258,326.74969432794796,1957.2703914348324,1895.206358050356,63.001554866521374,0.032681593029887164,1.0,0.0,0.0,
0.39,0.0219179631,0.0036751265,lower_Cth,2.0,1.0,250mv0_converted.csv,250.0,189.60094286792295,330.8587902876492,330.9709952295568,330.91857734680065,1680.6169070790982,1677.5762347230816,5.856690523551357,0.003483525636125107,0.6138613861386139,0.0,0.0,
0.39,0.0219179631,0.0036751265,lower_Cth,2.0,1.0,300mv0_converted.csv,300.0,228.7136509323431,327.35804389577316,330.6050907870733,328.9317925361161,1017.9021323048438,1675.4274443069307,669.8649328647075,0.5253474761343128,0.0,0.0,0.0,
0.39,0.0219179631,0.0036751265,lower_Cth,2.0,1.0,350mv0_converted.csv,350.0,267.07439601247086,326.1376400868451,330.16092803122774,328.0492261639891,711.7171214286312,1761.5678022025836,1057.9008499684169,0.9433990472436291,0.0,0.0,0.0,
0.39,0.0219179631,0.0036751265,lower_Cth,2.0,1.0,400mv0_converted.csv,400.0,303.3911472089279,328.40354203287245,331.8014374958204,330.1090148150098,618.8494207894227,1533.447700727104,916.6796864519439,0.9265084520546145,0.0,0.0,0.0,
0.39,0.0219179631,0.0036751265,lower_Cth,2.0,1.0,450mv0_converted.csv,450.0,341.9425303334189,330.30007501160924,333.050124447516,331.684607529539,543.6778432052596,1239.3823060894956,702.5431575602164,0.8322042764613653,0.0,0.0,0.0,
0.39,0.0219179631,0.0036751265,lower_Cth,2.0,1.0,500mv0_converted.csv,500.0,381.06588239966646,332.5581484784457,334.7263032921531,333.6531238863571,488.4121672435573,728.1841297716197,266.5732380177041,0.4188838410143821,0.0,0.0,0.0,
0.39,0.0219179631,0.0036751265,lower_Cth,2.0,1.0,50mv0_converted.csv,50.0,37.79944238139679,315.3018616943789,315.33396556388203,315.3188084469183,2317.5257234282963,2511.1647780012377,196.46743699873358,0.08162033525961616,0.0,0.0,0.0,
0.39,0.0219179631,0.0036751265,lower_Cth,2.0,1.0,550mv0_converted.csv,550.0,419.61731636118117,334.6623835435889,336.5496370863263,335.6355061127296,441.17624883923725,298.94419014807977,156.31632876139645,0.4713216456895119,0.0,0.0,0.0,
0.39,0.0219179631,0.0036751265,lower_Cth,2.0,1.0,600mv0_converted.csv,600.0,458.3699322834958,336.82185515286494,338.3844862240795,337.56396841314455,406.2137219772026,110.18549150523573,296.9835863158898,1.3379531633179178,0.0,0.0,0.0,
0.39,0.0219179631,0.0036751265,lower_Cth,2.0,1.0,650mv0_converted.csv,650.0,495.4173600492479,338.6050832228763,339.7594021430096,339.20563890334296,371.71004807550025,63.05682342831451,308.9474923662044,1.7872848300557744,0.7524752475247525,0.0,0.0,
0.39,0.0219179631,0.0036751265,lower_Cth,2.0,1.0,700mv0_converted.csv,700.0,533.4180352284689,340.28564632414026,341.3231918226505,340.7702601467296,340.7151551339026,37.419156480543684,303.4204728732409,2.2132623145179458,1.0,0.0,0.0,
0.39,0.0219179631,0.0036751265,lower_Cth,2.0,1.0,750mv0_converted.csv,750.0,570.4337430744487,342.0990576358047,342.9687371230424,342.5031198956154,317.67631504893757,28.104687265830464,289.66004698282353,2.4265210863475715,1.0,0.0,0.0,
0.39,0.0219179631,0.0036751265,lower_Cth,2.0,1.0,800mv0_converted.csv,800.0,606.6551780288738,344.01153635244503,344.549662021861,344.2456207522852,298.2108713285761,22.46399231712417,275.77292683159817,2.5859920178633367,1.0,0.0,0.0,
0.39,0.0219179631,0.0036751265,lower_Cth,2.0,1.0,850mv0_converted.csv,850.0,646.2233016263873,345.9278974110396,346.29641135208993,346.10970448909086,279.40774791155536,19.71606940090066,259.7004365279978,2.6512277699361175,1.0,0.0,0.0,
0.39,0.0219179631,0.0036751265,lower_Cth,2.0,1.0,900mv0_converted.csv,900.0,682.8259268820619,347.19694633302856,347.62429637866506,347.42993713353206,260.6128530389083,18.758339929108573,241.86007813142567,2.6313847185654113,1.0,0.0,0.0,
0.39,0.0219179631,0.0036751265,lower_Cth,2.0,1.0,950mv0_converted.csv,950.0,722.372921341621,348.83339112354395,349.44273141418256,349.14024674049335,245.00311323851165,18.435069886764676,226.57478582734583,2.5869996281856875,1.0,0.0,0.0,
0.39,0.0219179631,0.0036751265,lower_Cth,0.956269682,0.5,1000mv0_converted.csv,1000.0,759.2191989197131,350.1101366291046,350.7754523195356,350.4742616590706,230.55558060730556,18.3807799650891,212.18490827594573,2.529162123396491,1.0,0.0,0.0,
0.39,0.0219179631,0.0036751265,lower_Cth,0.956269682,0.5,100mv0_converted.csv,100.0,76.17083384633712,317.90987756080034,317.99515807219194,317.9503449890357,2245.5564588875172,2350.542236328125,107.74919248765006,0.046999745181229645,0.0,0.0,0.0,
0.39,0.0219179631,0.0036751265,lower_Cth,0.956269682,0.5,1100mv0_converted.csv,1100.0,834.7865599618726,353.7932105190746,354.53430965640814,354.1983293844209,209.96291429798154,18.23224473707747,191.75043607972535,2.443688422484352,1.0,0.0,0.0,
0.39,0.0219179631,0.0036751265,lower_Cth,0.956269682,0.5,1200mv0_converted.csv,1200.0,908.6058899457871,356.5507765249264,357.6660196467737,357.11440126929756,190.4078320014925,18.218348455901193,172.2082034582448,2.3466879903058393,1.0,0.0,0.0,
0.39,0.0219179631,0.0036751265,lower_Cth,0.956269682,0.5,150mv0_converted.csv,150.0,114.17150902555795,321.80248268950527,321.8994578326188,321.8575417423799,2105.387001524954,2134.9889145652846,32.65545494230209,0.015440391237954354,0.0,0.0,0.0,
0.39,0.0219179631,0.0036751265,lower_Cth,0.956269682,0.5,200mv0_converted.csv,200.0,152.35217904164247,326.71228233953934,326.7957340781258,326.74969432794796,1957.2703914348324,1895.316215288521,62.89873075208571,0.032627293437678784,1.0,0.0,0.0,
0.39,0.0219179631,0.0036751265,lower_Cth,0.956269682,0.5,250mv0_converted.csv,250.0,189.60094286792295,330.8587902876492,330.9709952295568,330.91857734680065,1680.6169070790982,1678.2851344948947,5.817270472219796,0.0034603175163184017,0.6138613861386139,0.0,0.0,
0.39,0.0219179631,0.0036751265,lower_Cth,0.956269682,0.5,300mv0_converted.csv,300.0,228.7136509323431,327.35804389577316,330.6050907870733,328.9317925361161,1017.9021323048438,1718.3083653213955,720.1041040168134,0.5551048107701109,0.0,0.0,0.0,
0.39,0.0219179631,0.0036751265,lower_Cth,0.956269682,0.5,350mv0_converted.csv,350.0,267.07439601247086,326.1376400868451,330.16092803122774,328.0492261639891,711.7171214286312,1761.681070157797,1062.9046266243458,0.9465333205492529,0.0,0.0,0.0,
0.39,0.0219179631,0.0036751265,lower_Cth,0.956269682,0.5,400mv0_converted.csv,400.0,303.3911472089279,328.40354203287245,331.8014374958204,330.1090148150098,618.8494207894227,1523.9885592318997,913.382383300394,0.9265624891154874,0.0,0.0,0.0,
0.39,0.0219179631,0.0036751265,lower_Cth,0.956269682,0.5,450mv0_converted.csv,450.0,341.9425303334189,330.30007501160924,333.050124447516,331.68460752953894,543.6778432052596,1257.2402742593595,718.3307336015584,0.8534170175442899,0.0,0.0,0.0,
0.39,0.0219179631,0.0036751265,lower_Cth,0.956269682,0.5,500mv0_converted.csv,500.0,381.06588239966646,332.5581484784457,334.7263032921531,333.6531238863571,488.4121672435573,800.0637442711557,316.4694226357791,0.5068707805369528,0.0,0.0,0.0,
0.39,0.0219179631,0.0036751265,lower_Cth,0.956269682,0.5,50mv0_converted.csv,50.0,37.79944238139679,315.3018616943789,315.33396556388203,315.3188084469183,2317.5257234282963,2511.1647780012377,196.46743699873358,0.08162033525961616,0.0,0.0,0.0,
0.39,0.0219179631,0.0036751265,lower_Cth,0.956269682,0.5,550mv0_converted.csv,550.0,419.61731636118117,334.6623835435889,336.5496370863263,335.6355061127296,441.17624883923725,373.780864149037,75.60919623347081,0.182668579964222,0.0,0.0,0.0,
0.39,0.0219179631,0.0036751265,lower_Cth,0.956269682,0.5,600mv0_converted.csv,600.0,458.3699322834958,336.82185515286494,338.3844862240795,337.56396841314455,406.2137219772026,210.88156127929688,196.66752228855847,0.6579796707041857,0.0,0.0,0.0,
0.39,0.0219179631,0.0036751265,lower_Cth,0.956269682,0.5,650mv0_converted.csv,650.0,495.4173600492479,338.6050832228763,339.7594021430096,339.20563890334296,371.71004807550025,124.86937086653002,247.2550019271278,1.09145530757,0.7524752475247525,0.0,0.0,
0.39,0.0219179631,0.0036751265,lower_Cth,0.956269682,0.5,700mv0_converted.csv,700.0,533.4180352284689,340.28564632414026,341.3231918226505,340.7702601467296,340.7151551339026,66.23182685776513,274.64684348446946,1.6379087978409734,1.0,0.0,0.0,
0.39,0.0219179631,0.0036751265,lower_Cth,0.956269682,0.5,750mv0_converted.csv,750.0,570.4337430744487,342.0990576358047,342.9687371230424,342.5031198956154,317.67631504893757,38.741013970705545,279.0391192135748,2.1041144205154674,1.0,0.0,0.0,
0.39,0.0219179631,0.0036751265,lower_Cth,0.956269682,0.5,800mv0_converted.csv,800.0,606.6551780288738,344.01153635244503,344.549662021861,344.2456207522852,298.2108713285761,26.336900182289654,271.9020018607924,2.4267890817978426,1.0,0.0,0.0,
0.39,0.0219179631,0.0036751265,lower_Cth,0.956269682,0.5,850mv0_converted.csv,850.0,646.2233016263873,345.9278974110396,346.29641135208993,346.10970448909086,279.40774791155536,21.04759650655312,258.3693150584597,2.5858684082001306,1.0,0.0,0.0,
0.39,0.0219179631,0.0036751265,lower_Cth,0.956269682,0.5,900mv0_converted.csv,900.0,682.8259268820619,347.19694633302856,347.62429637866506,347.42993713353206,260.6128530389083,19.337321498606464,241.28127167953176,2.6009870233717938,1.0,0.0,0.0,
0.39,0.0219179631,0.0036751265,lower_Cth,0.956269682,0.5,950mv0_converted.csv,950.0,722.372921341621,348.83339112354395,349.44273141418256,349.14024674049335,245.00311323851165,18.640201002064316,226.3697440717878,2.5759348177085495,1.0,0.0,0.0,
0.39,0.0219179631,0.0036751265,lower_Cth,0.1569637099,0.5,1000mv0_converted.csv,1000.0,759.2191989197131,350.1101366291046,350.7754523195356,350.4742616590706,230.55558060730556,18.549864627347134,212.01596615467295,2.5200098808828,1.0,0.0,0.0,
0.39,0.0219179631,0.0036751265,lower_Cth,0.1569637099,0.5,100mv0_converted.csv,100.0,76.17083384633712,317.90987756080034,317.99515807219194,317.9503449890357,2245.5564588875172,2350.542456296411,107.74944414890662,0.046999852397059526,0.0,0.0,0.0,
0.39,0.0219179631,0.0036751265,lower_Cth,0.1569637099,0.5,1100mv0_converted.csv,1100.0,834.7865599618726,353.7932105190746,354.53430965640814,354.1983293844209,209.96291429798154,18.248531322668093,191.7341612881516,2.442795778514808,1.0,0.0,0.0,
0.39,0.0219179631,0.0036751265,lower_Cth,0.1569637099,0.5,1200mv0_converted.csv,1200.0,908.6058899457871,356.5507765249264,357.6660196467737,357.11440126929756,190.4078320014925,18.220749071328946,172.20580687941063,2.346556313140211,1.0,0.0,0.0,
0.39,0.0219179631,0.0036751265,lower_Cth,0.1569637099,0.5,150mv0_converted.csv,150.0,114.17150902555795,321.80248268950527,321.8994578326188,321.8575417423799,2105.387001524954,2134.9919288559713,32.658862436018346,0.015441985850506232,0.0,0.0,0.0,
0.39,0.0219179631,0.0036751265,lower_Cth,0.1569637099,0.5,200mv0_converted.csv,200.0,152.35217904164247,326.71228233953934,326.7957340781258,326.74969432794796,1957.2703914348324,1895.3454807394803,62.874086201615086,0.032614269270825856,1.0,0.0,0.0,
0.39,0.0219179631,0.0036751265,lower_Cth,0.1569637099,0.5,250mv0_converted.csv,250.0,189.60094286792295,330.8587902876492,330.9709952295568,330.91857734680065,1680.6169070790982,1678.8174432433477,5.892695777955114,0.0035054788856121485,0.6138613861386139,0.0,0.0,
0.39,0.0219179631,0.0036751265,lower_Cth,0.1569637099,0.5,300mv0_converted.csv,300.0,228.7136509323431,327.35804389577316,330.6050907870733,328.9317925361161,1017.9021323048438,1786.8461478960396,788.0732102132405,0.5932967171762813,0.0,0.0,0.0,
0.39,0.0219179631,0.0036751265,lower_Cth,0.1569637099,0.5,350mv0_converted.csv,350.0,267.07439601247086,326.1376400868451,330.16092803122774,328.0492261639891,711.7171214286312,1831.0476098391089,1131.9863180368038,0.9845050988413755,0.0,0.0,0.0,
0.39,0.0219179631,0.0036751265,lower_Cth,0.1569637099,0.5,400mv0_converted.csv,400.0,303.3911472089279,328.40354203287245,331.8014374958204,330.1090148150098,618.8494207894227,1719.8486992864325,1109.0503240789017,1.0462714579568533,0.0,0.0,0.0,
0.39,0.0219179631,0.0036751265,lower_Cth,0.1569637099,0.5,450mv0_converted.csv,450.0,341.9425303334189,330.30007501160924,333.050124447516,331.68460752953894,543.6778432052596,1611.7453274868503,1073.4678831345498,1.1003006850324755,0.0,0.0,0.0,
0.39,0.0219179631,0.0036751265,lower_Cth,0.1569637099,0.5,500mv0_converted.csv,500.0,381.06588239966646,332.5581484784457,334.7263032921531,333.6531238863571,488.4121672435573,1401.3773978960396,920.1501722763342,1.0630778430194976,0.0,0.0,0.0,
0.39,0.0219179631,0.0036751265,lower_Cth,0.1569637099,0.5,50mv0_converted.csv,50.0,37.79944238139679,315.3018616943789,315.33396556388203,315.3188084469183,2317.5257234282963,2511.1647780012377,196.46743699873358,0.08162033525961616,0.0,0.0,0.0,
0.39,0.0219179631,0.0036751265,lower_Cth,0.1569637099,0.5,550mv0_converted.csv,550.0,419.61731636118117,334.6623835435889,336.5496370863263,335.6355061127296,441.17624883923725,1041.7270272132193,614.9876363949437,0.8678540909493198,0.0,0.0,0.0,
0.39,0.0219179631,0.0036751265,lower_Cth,0.1569637099,0.5,600mv0_converted.csv,600.0,458.3699322834958,336.82185515286494,338.3844862240795,337.56396841314455,406.2137219772026,599.5589533135443,218.2343143193975,0.4191428996559729,0.0,0.0,0.0,
0.39,0.0219179631,0.0036751265,lower_Cth,0.1569637099,0.5,650mv0_converted.csv,650.0,495.4173600492479,338.6050832228763,339.7594021430096,339.20563890334296,371.71004807550025,301.75311430373995,85.95955917112838,0.27286921670256825,0.7524752475247525,0.0,0.0,
0.39,0.0219179631,0.0036751265,lower_Cth,0.1569637099,0.5,700mv0_converted.csv,700.0,533.4180352284689,340.28564632414026,341.3231918226505,340.7702601467296,340.7151551339026,141.21296865633218,200.7180453160593,0.8986315504417202,1.0,0.0,0.0,
0.39,0.0219179631,0.0036751265,lower_Cth,0.1569637099,0.5,750mv0_converted.csv,750.0,570.4337430744487,342.0990576358047,342.9687371230424,342.5031198956154,317.67631504893757,62.89308551750561,255.00864446050008,1.627193885735152,1.0,0.0,0.0,
0.39,0.0219179631,0.0036751265,lower_Cth,0.1569637099,0.5,800mv0_converted.csv,800.0,606.6551780288738,344.01153635244503,344.549662021861,344.2456207522852,298.2108713285761,33.79719356499096,264.4498413710574,2.1784121461920614,1.0,0.0,0.0,
0.39,0.0219179631,0.0036751265,lower_Cth,0.1569637099,0.5,850mv0_converted.csv,850.0,646.2233016263873,345.9278974110396,346.29641135208993,346.10970448909086,279.40774791155536,23.181178177937422,256.23701777427954,2.489451024759124,1.0,0.0,0.0,
0.39,0.0219179631,0.0036751265,lower_Cth,0.1569637099,0.5,900mv0_converted.csv,900.0,682.8259268820619,347.19694633302856,347.62429637866506,347.42993713353206,260.6128530389083,20.41829807923572,240.20086672231398,2.546631828231958,1.0,0.0,0.0,
0.39,0.0219179631,0.0036751265,lower_Cth,0.1569637099,0.5,950mv0_converted.csv,950.0,722.372921341621,348.83339112354395,349.44273141418256,349.14024674049335,245.00311323851165,18.922772775782217,226.08738819974397,2.5608990479146034,1.0,0.0,0.0,
0.39,0.0219179631,0.0036751265,lower_Cth,0.5,0.5,1000mv0_converted.csv,1000.0,759.2191989197131,350.1101366291046,350.7754523195356,350.4742616590706,230.55558060730556,18.447930572056535,212.11781080948703,2.5255167775017187,1.0,0.0,0.0,
0.39,0.0219179631,0.0036751265,lower_Cth,0.5,0.5,100mv0_converted.csv,100.0,76.17083384633712,317.90987756080034,317.99515807219194,317.9503449890357,2245.5564588875172,2350.5423306002476,107.74930031971773,0.04699979112592802,0.0,0.0,0.0,
0.39,0.0219179631,0.0036751265,lower_Cth,0.5,0.5,1100mv0_converted.csv,1100.0,834.7865599618726,353.7932105190746,354.53430965640814,354.1983293844209,209.96291429798154,18.23891522624705,191.74377111204933,2.443322735523916,1.0,0.0,0.0,
0.39,0.0219179631,0.0036751265,lower_Cth,0.5,0.5,1200mv0_converted.csv,1200.0,908.6058899457871,356.5507765249264,357.6660196467737,357.11440126929756,190.4078320014925,18.219358840791305,172.2071948940422,2.346632569440673,1.0,0.0,0.0,
0.39,0.0219179631,0.0036751265,lower_Cth,0.5,0.5,150mv0_converted.csv,150.0,114.17150902555795,321.80248268950527,321.8994578326188,321.8575417423799,2105.387001524954,2134.990783087098,32.65751668050332,0.01544135601433186,0.0,0.0,0.0,
0.39,0.0219179631,0.0036751265,lower_Cth,0.5,0.5,200mv0_converted.csv,200.0,152.35217904164247,326.71228233953934,326.7957340781258,326.74969432794796,1957.2703914348324,1895.334199508818,62.883539301030424,0.0326192639852979,1.0,0.0,0.0,
0.39,0.0219179631,0.0036751265,lower_Cth,0.5,0.5,250mv0_converted.csv,250.0,189.60094286792295,330.8587902876492,330.9709952295568,330.91857734680065,1680.6169070790982,1678.664904906018,5.8548458977343785,0.003482853107754992,0.6138613861386139,0.0,0.0,
0.39,0.0219179631,0.0036751265,lower_Cth,0.5,0.5,300mv0_converted.csv,300.0,228.7136509323431,327.35804389577316,330.6050907870733,328.9317925361161,1017.9021323048438,1781.6261264310024,782.6899850847842,0.590360894900871,0.0,0.0,0.0,
0.39,0.0219179631,0.0036751265,lower_Cth,0.5,0.5,350mv0_converted.csv,350.0,267.07439601247086,326.1376400868451,330.16092803122774,328.0492261639891,711.7171214286312,1799.1385171720297,1101.403278718648,0.9677497454072954,0.0,0.0,0.0,
0.39,0.0219179631,0.0036751265,lower_Cth,0.5,0.5,400mv0_converted.csv,400.0,303.3911472089279,328.40354203287245,331.8014374958204,330.1090148150098,618.8494207894227,1622.993002107828,1015.2951387291573,0.9900763056830296,0.0,0.0,0.0,
0.39,0.0219179631,0.0036751265,lower_Cth,0.5,0.5,450mv0_converted.csv,450.0,341.9425303334189,330.30007501160924,333.050124447516,331.68460752953894,543.6778432052596,1457.623210038289,922.4029267179891,1.0013986012040272,0.0,0.0,0.0,
0.39,0.0219179631,0.0036751265,lower_Cth,0.5,0.5,500mv0_converted.csv,500.0,381.06588239966646,332.5581484784457,334.7263032921531,333.6531238863571,488.4121672435573,1118.7725854250464,641.2368517566481,0.8410841056996525,0.0,0.0,0.0,
0.39,0.0219179631,0.0036751265,lower_Cth,0.5,0.5,50mv0_converted.csv,50.0,37.79944238139679,315.3018616943789,315.33396556388203,315.3188084469183,2317.5257234282963,2511.1647780012377,196.46743699873358,0.08162033525961616,0.0,0.0,0.0,
0.39,0.0219179631,0.0036751265,lower_Cth,0.5,0.5,550mv0_converted.csv,550.0,419.61731636118117,334.6623835435889,336.5496370863263,335.6355061127296,441.17624883923725,655.3058187654703,233.63727531902197,0.4209908155824616,0.0,0.0,0.0,
0.39,0.0219179631,0.0036751265,lower_Cth,0.5,0.5,600mv0_converted.csv,600.0,458.3699322834958,336.82185515286494,338.3844862240795,337.56396841314455,406.2137219772026,360.69704444809713,70.64959316962668,0.19275452804080687,0.0,0.0,0.0,
0.39,0.0219179631,0.0036751265,lower_Cth,0.5,0.5,650mv0_converted.csv,650.0,495.4173600492479,338.6050832228763,339.7594021430096,339.20563890334296,371.71004807550025,193.78836603447942,179.86553478322574,0.6652818796171331,0.7524752475247525,0.0,0.0,
0.39,0.0219179631,0.0036751265,lower_Cth,0.5,0.5,700mv0_converted.csv,700.0,533.4180352284689,340.28564632414026,341.3231918226505,340.7702601467296,340.7151551339026,94.88305905785892,246.18510013314474,1.2834142479518282,1.0,0.0,0.0,
0.39,0.0219179631,0.0036751265,lower_Cth,0.5,0.5,750mv0_converted.csv,750.0,570.4337430744487,342.0990576358047,342.9687371230424,342.5031198956154,317.67631504893757,49.19188622200843,268.6247546714071,1.8675422525409482,1.0,0.0,0.0,
0.39,0.0219179631,0.0036751265,lower_Cth,0.5,0.5,800mv0_converted.csv,800.0,606.6551780288738,344.01153635244503,344.549662021861,344.2456207522852,298.2108713285761,29.527410167278628,268.7144689106019,2.3127086690328027,1.0,0.0,0.0,
0.39,0.0219179631,0.0036751265,lower_Cth,0.5,0.5,850mv0_converted.csv,850.0,646.2233016263873,345.9278974110396,346.29641135208993,346.10970448909086,279.40774791155536,21.936734208966246,257.48064038894427,2.5445206811043635,1.0,0.0,0.0,
0.39,0.0219179631,0.0036751265,lower_Cth,0.5,0.5,900mv0_converted.csv,900.0,682.8259268820619,347.19694633302856,347.62429637866506,347.42993713353206,260.6128530389083,19.768803341553944,240.85001052154448,2.5789283297670162,1.0,0.0,0.0,
0.39,0.0219179631,0.0036751265,lower_Cth,0.5,0.5,950mv0_converted.csv,950.0,722.372921341621,348.83339112354395,349.44273141418256,349.14024674049335,245.00311323851165,18.780094127843874,226.22994849439732,2.5684611033379223,1.0,0.0,0.0,
0.39,0.0219179631,0.0036751265,lower_Cth,2.0,0.5,1000mv0_converted.csv,1000.0,759.2191989197131,350.1101366291046,350.7754523195356,350.4742616590706,230.55558060730556,18.29281540672378,212.2728315886636,2.5339586227116304,1.0,0.0,0.0,
0.39,0.0219179631,0.0036751265,lower_Cth,2.0,0.5,100mv0_converted.csv,100.0,76.17083384633712,317.90987756080034,317.99515807219194,317.9503449890357,2245.5564588875172,2350.541859239635,107.74876812189184,0.04699956440461979,0.0,0.0,0.0,
0.39,0.0219179631,0.0036751265,lower_Cth,2.0,0.5,1100mv0_converted.csv,1100.0,834.7865599618726,353.7932105190746,354.53430965640814,354.1983293844209,209.96291429798154,18.22358429786002,191.75909166592706,2.444163455315079,1.0,0.0,0.0,
0.39,0.0219179631,0.0036751265,lower_Cth,2.0,0.5,1200mv0_converted.csv,1200.0,908.6058899457871,356.5507765249264,357.6660196467737,357.11440126929756,190.4078320014925,18.21694870750503,172.20960156845956,2.346764792435751,1.0,0.0,0.0,
0.39,0.0219179631,0.0036751265,lower_Cth,2.0,0.5,150mv0_converted.csv,150.0,114.17150902555795,321.80248268950527,321.8994578326188,321.8575417423799,2105.387001524954,2134.9847109955135,32.650686528634544,0.015438159485560739,0.0,0.0,0.0,
0.39,0.0219179631,0.0036751265,lower_Cth,2.0,0.5,200mv0_converted.csv,200.0,152.35217904164247,326.71228233953934,326.7957340781258,326.74969432794796,1957.2703914348324,1895.2784955619586,62.93051750257727,0.032644092994711854,1.0,0.0,0.0,
0.39,0.0219179631,0.0036751265,lower_Cth,2.0,0.5,250mv0_converted.csv,250.0,189.60094286792295,330.8587902876492,330.9709952295568,330.91857734680065,1680.6169070790982,1677.5597274327042,5.858384158179407,0.0034845334086080976,0.6138613861386139,0.0,0.0,
0.39,0.0219179631,0.0036751265,lower_Cth,2.0,0.5,300mv0_converted.csv,300.0,228.7136509323431,327.35804389577316,330.6050907870733,328.9317925361161,1017.9021323048438,1676.8182095064976,671.1013927778762,0.5260443277817902,0.0,0.0,0.0,
0.39,0.0219179631,0.0036751265,lower_Cth,2.0,0.5,350mv0_converted.csv,350.0,267.07439601247086,326.1376400868451,330.16092803122774,328.0492261639891,711.7171214286312,1763.5896104869275,1059.8410138048525,0.9444190506249937,0.0,0.0,0.0,
0.39,0.0219179631,0.0036751265,lower_Cth,2.0,0.5,400mv0_converted.csv,400.0,303.3911472089279,328.40354203287245,331.8014374958204,330.1090148150098,618.8494207894227,1535.01692305461,918.1361079435006,0.9274155949707462,0.0,0.0,0.0,
0.39,0.0219179631,0.0036751265,lower_Cth,2.0,0.5,450mv0_converted.csv,450.0,341.9425303334189,330.30007501160924,333.050124447516,331.68460752953894,543.6778432052596,1240.6623752707303,703.3498534277331,0.832762030500519,0.0,0.0,0.0,
0.39,0.0219179631,0.0036751265,lower_Cth,2.0,0.5,500mv0_converted.csv,500.0,381.06588239966646,332.5581484784457,334.7263032921531,333.6531238863571,488.4121672435573,732.9371150554997,270.47576114617056,0.4240150462672533,0.0,0.0,0.0,
0.39,0.0219179631,0.0036751265,lower_Cth,2.0,0.5,50mv0_converted.csv,50.0,37.79944238139679,315.3018616943789,315.33396556388203,315.3188084469183,2317.5257234282963,2511.1647780012377,196.46743699873358,0.08162033525961616,0.0,0.0,0.0,
0.39,0.0219179631,0.0036751265,lower_Cth,2.0,0.5,550mv0_converted.csv,550.0,419.61731636118117,334.6623835435889,336.5496370863263,335.6355061127296,441.17624883923725,306.83031637361734,149.44752741577676,0.44681363269884494,0.0,0.0,0.0,
0.39,0.0219179631,0.0036751265,lower_Cth,2.0,0.5,600mv0_converted.csv,600.0,458.3699322834958,336.82185515286494,338.3844862240795,337.56396841314455,406.2137219772026,111.96926026297088,295.2161845681241,1.3222437553760091,0.0,0.0,0.0,
0.39,0.0219179631,0.0036751265,lower_Cth,2.0,0.5,650mv0_converted.csv,650.0,495.4173600492479,338.6050832228763,339.7594021430096,339.20563890334296,371.71004807550025,62.69112026101292,309.30806659875105,1.7929340948289192,0.7524752475247525,0.0,0.0,
0.39,0.0219179631,0.0036751265,lower_Cth,2.0,0.5,700mv0_converted.csv,700.0,533.4180352284689,340.28564632414026,341.3231918226505,340.7702601467296,340.7151551339026,37.39658310389755,303.44281520977984,2.213855992613317,1.0,0.0,0.0,
0.39,0.0219179631,0.0036751265,lower_Cth,2.0,0.5,750mv0_converted.csv,750.0,570.4337430744487,342.0990576358047,342.9687371230424,342.5031198956154,317.67631504893757,27.644323424537582,290.12043920594687,2.44293310017209,1.0,0.0,0.0,
0.39,0.0219179631,0.0036751265,lower_Cth,2.0,0.5,800mv0_converted.csv,800.0,606.6551780288738,344.01153635244503,344.549662021861,344.2456207522852,298.2108713285761,22.244540545019774,275.99241537451513,2.595794821586779,1.0,0.0,0.0,
0.39,0.0219179631,0.0036751265,lower_Cth,2.0,0.5,850mv0_converted.csv,850.0,646.2233016263873,345.9278974110396,346.29641135208993,346.10970448909086,279.40774791155536,19.713335131654645,259.70317049142534,2.65136643366397,1.0,0.0,0.0,
0.39,0.0219179631,0.0036751265,lower_Cth,2.0,0.5,900mv0_converted.csv,900.0,682.8259268820619,347.19694633302856,347.62429637866506,347.42993713353206,260.6128530389083,18.749979321319277,241.868440685691,2.63183048358995,1.0,0.0,0.0,
0.39,0.0219179631,0.0036751265,lower_Cth,2.0,0.5,950mv0_converted.csv,950.0,722.372921341621,348.83339112354395,349.44273141418256,349.14024674049335,245.00311323851165,18.43909467564951,226.57075986283394,2.58678133101072,1.0,0.0,0.0,
0.39,0.0219179631,0.0036751265,lower_Cth,0.956269682,0.25,1000mv0_converted.csv,1000.0,759.2191989197131,350.11013662910466,350.77545231953565,350.47426165907063,230.55558060730556,18.379063313550287,212.18662467316832,2.52925551747557,1.0,0.0,0.0,
0.39,0.0219179631,0.0036751265,lower_Cth,0.956269682,0.25,100mv0_converted.csv,100.0,76.17083384633712,317.90987756080034,317.99515807219194,317.9503449890357,2245.5564588875172,2350.542236328125,107.74919248765006,0.046999745181229645,0.0,0.0,0.0,
0.39,0.0219179631,0.0036751265,lower_Cth,0.956269682,0.25,1100mv0_converted.csv,1100.0,834.7865599618726,353.7932105190747,354.53430965640814,354.1983293844209,209.96291429798154,18.232081687096322,191.7505989926097,2.4436973628983516,1.0,0.0,0.0,
0.39,0.0219179631,0.0036751265,lower_Cth,0.956269682,0.25,1200mv0_converted.csv,1200.0,908.6058899457871,356.5507765249265,357.66601964677375,357.11440126929756,190.4078320014925,18.218353611407895,172.20819827410753,2.346687706710216,1.0,0.0,0.0,
0.39,0.0219179631,0.0036751265,lower_Cth,0.956269682,0.25,150mv0_converted.csv,150.0,114.17150902555795,321.80248268950527,321.89945783261885,321.8575417423799,2105.387001524954,2134.990751663057,32.65728851993219,0.015441249023973478,0.0,0.0,0.0,
0.39,0.0219179631,0.0036751265,lower_Cth,0.956269682,0.25,200mv0_converted.csv,200.0,152.35217904164247,326.71228233953934,326.7957340781258,326.74969432794796,1957.2703914348324,1895.2820271407024,62.93242852192639,0.03264508169673014,1.0,0.0,0.0,
0.39,0.0219179631,0.0036751265,lower_Cth,0.956269682,0.25,250mv0_converted.csv,250.0,189.60094286792295,330.85879028764924,330.9709952295568,330.91857734680065,1680.6169070790982,1678.1629952912283,5.83588591508719,0.0034713643884171064,0.6138613861386139,0.0,0.0,
0.39,0.0219179631,0.0036751265,lower_Cth,0.956269682,0.25,300mv0_converted.csv,300.0,228.7136509323431,327.35804389577316,330.6050907870733,328.9317925361161,1017.9021323048438,1718.1312449238087,719.930838859206,0.5550049442963718,0.0,0.0,0.0,
0.39,0.0219179631,0.0036751265,lower_Cth,0.956269682,0.25,350mv0_converted.csv,350.0,267.07439601247086,326.1376400868451,330.1609280312278,328.0492261639891,711.7171214286312,1761.5965515741027,1062.8182146950626,0.9464828632545519,0.0,0.0,0.0,
0.39,0.0219179631,0.0036751265,lower_Cth,0.956269682,0.25,400mv0_converted.csv,400.0,303.3911472089279,328.40354203287245,331.8014374958204,330.1090148150098,618.8494207894227,1523.8157378848236,913.2056003088899,0.9264393156836909,0.0,0.0,0.0,
0.39,0.0219179631,0.0036751265,lower_Cth,0.956269682,0.25,450mv0_converted.csv,450.0,341.9425303334189,330.30007501160924,333.05012444751605,331.684607529539,543.6778432052596,1257.3228119198639,718.4133597237701,0.8534800757233454,0.0,0.0,0.0,
0.39,0.0219179631,0.0036751265,lower_Cth,0.956269682,0.25,500mv0_converted.csv,500.0,381.06588239966646,332.5581484784457,334.72630329215315,333.6531238863571,488.4121672435573,803.1247631110767,319.4802959356524,0.510590474982274,0.0,0.0,0.0,
0.39,0.0219179631,0.0036751265,lower_Cth,0.956269682,0.25,50mv0_converted.csv,50.0,37.79944238139679,315.3018616943789,315.33396556388203,315.3188084469183,2317.5257234282963,2511.1647780012377,196.46743699873358,0.08162033525961616,0.0,0.0,0.0,
0.39,0.0219179631,0.0036751265,lower_Cth,0.956269682,0.25,550mv0_converted.csv,550.0,419.61731636118117,334.6623835435889,336.5496370863263,335.6355061127297,441.17624883923725,373.4554256023747,75.89638802861082,0.18344973919217342,0.0,0.0,0.0,
0.39,0.0219179631,0.0036751265,lower_Cth,0.956269682,0.25,600mv0_converted.csv,600.0,458.3699322834958,336.821855152865,338.3844862240795,337.56396841314455,406.2137219772026,211.4603387813757,196.0958166158958,0.6552942595172029,0.0,0.0,0.0,
0.39,0.0219179631,0.0036751265,lower_Cth,0.956269682,0.25,650mv0_converted.csv,650.0,495.4173600492479,338.6050832228764,339.7594021430096,339.20563890334296,371.71004807550025,123.6843662828502,248.43656224191892,1.1009875106813913,0.7524752475247525,0.0,0.0,
0.39,0.0219179631,0.0036751265,lower_Cth,0.956269682,0.25,700mv0_converted.csv,700.0,533.4180352284689,340.28564632414026,341.3231918226505,340.77026014672964,340.7151551339026,65.43189836256575,275.44601596522017,1.6500601993018924,1.0,0.0,0.0,
0.39,0.0219179631,0.0036751265,lower_Cth,0.956269682,0.25,750mv0_converted.csv,750.0,570.4337430744487,342.0990576358047,342.96873712304244,342.5031198956155,317.67631504893757,38.653954232093135,279.1261447517732,2.1063684908308122,1.0,0.0,0.0,
0.39,0.0219179631,0.0036751265,lower_Cth,0.956269682,0.25,800mv0_converted.csv,800.0,606.6551780288738,344.0115363524451,344.5496620218611,344.2456207522852,298.2108713285761,26.328078827055375,271.9108238125547,2.427124145880839,1.0,0.0,0.0,
0.39,0.0219179631,0.0036751265,lower_Cth,0.956269682,0.25,850mv0_converted.csv,850.0,646.2233016263873,345.9278974110397,346.29641135208993,346.10970448909086,279.40774791155536,21.038898316940458,258.37801202116515,2.586281736764018,1.0,0.0,0.0,
0.39,0.0219179631,0.0036751265,lower_Cth,0.956269682,0.25,900mv0_converted.csv,900.0,682.8259268820619,347.1969463330286,347.6242963786651,347.42993713353206,260.6128530389083,19.333155244883926,241.2854377749356,2.601202496347738,1.0,0.0,0.0,
0.39,0.0219179631,0.0036751265,lower_Cth,0.956269682,0.25,950mv0_converted.csv,950.0,722.372921341621,348.83339112354395,349.4427314141826,349.1402467404934,245.00311323851165,18.63839002174906,226.37155481278128,2.5760319725753984,1.0,0.0,0.0,
0.39,0.0219179631,0.0036751265,lower_Cth,0.1569637099,0.25,1000mv0_converted.csv,1000.0,759.2191989197131,350.11013662910466,350.77545231953565,350.47426165907063,230.55558060730556,18.549667547244837,212.01616237932302,2.5200204811505955,1.0,0.0,0.0,
0.39,0.0219179631,0.0036751265,lower_Cth,0.1569637099,0.25,100mv0_converted.csv,100.0,76.17083384633712,317.90987756080034,317.99515807219194,317.9503449890357,2245.5564588875172,2350.5424901376855,107.74948344523226,0.04699986913852994,0.0,0.0,0.0,
0.39,0.0219179631,0.0036751265,lower_Cth,0.1569637099,0.25,1100mv0_converted.csv,1100.0,834.7865599618726,353.7932105190747,354.53430965640814,354.1983293844209,209.96291429798154,18.24852947197338,191.73416298383452,2.4427958767447273,1.0,0.0,0.0,
0.39,0.0219179631,0.0036751265,lower_Cth,0.1569637099,0.25,1200mv0_converted.csv,1200.0,908.6058899457871,356.5507765249265,357.66601964677375,357.11440126929756,190.4078320014925,18.22075078983118,172.2058051340854,2.346556218257471,1.0,0.0,0.0,
0.39,0.0219179631,0.0036751265,lower_Cth,0.1569637099,0.25,150mv0_converted.csv,150.0,114.17150902555795,321.80248268950527,321.89945783261885,321.8575417423799,2105.387001524954,2134.991919187036,32.658852894232645,0.015441981377374233,0.0,0.0,0.0,
0.39,0.0219179631,0.0036751265,lower_Cth,0.1569637099,0.25,200mv0_converted.csv,200.0,152.35217904164247,326.71228233953934,326.7957340781258,326.74969432794796,1957.2703914348324,1895.3410849996133,62.87853851333036,0.03261661814121143,1.0,0.0,0.0,
0.39,0.0219179631,0.0036751265,lower_Cth,0.1569637099,0.25,250mv0_converted.csv,250.0,189.60094286792295,330.85879028764924,330.9709952295568,330.91857734680065,1680.6169070790982,1678.8004645923577,5.890136336167965,0.0035039477496846567,0.6138613861386139,0.0,0.0,
0.39,0.0219179631,0.0036751265,lower_Cth,0.1569637099,0.25,300mv0_converted.csv,300.0,228.7136509323431,327.35804389577316,330.6050907870733,328.9317925361161,1017.9021323048438,1786.841579323948,788.0683754636259,0.593293957315913,0.0,0.0,0.0,
0.39,0.0219179631,0.0036751265,lower_Cth,0.1569637099,0.25,350mv0_converted.csv,350.0,267.07439601247086,326.1376400868451,330.1609280312278,328.0492261639891,711.7171214286312,1831.0375335995514,1131.975989986613,0.9844992227844992,0.0,0.0,0.0,
0.39,0.0219179631,0.0036751265,lower_Cth,0.1569637099,0.25,400mv0_converted.csv,400.0,303.3911472089279,328.40354203287245,331.8014374958204,330.1090148150098,618.8494207894227,1719.8247674620977,1109.0254504499997,1.0462562670087425,0.0,0.0,0.0,
0.39,0.0219179631,0.0036751265,lower_Cth,0.1569637099,0.25,450mv0_converted.csv,450.0,341.9425303334189,330.30007501160924,333.05012444751605,331.684607529539,543.6778432052596,1611.7094654045482,1073.4318632533536,1.1002780263434158,0.0,0.0,0.0,
0.39,0.0219179631,0.0036751265,lower_Cth,0.1569637099,0.25,500mv0_converted.csv,500.0,381.06588239966646,332.5581484784457,334.72630329215315,333.6531238863571,488.4121672435573,1401.2980062654703,920.0686723849283,1.063017785872763,0.0,0.0,0.0,
0.39,0.0219179631,0.0036751265,lower_Cth,0.1569637099,0.25,50mv0_converted.csv,50.0,37.79944238139679,315.3018616943789,315.33396556388203,315.3188084469183,2317.5257234282963,2511.1647780012377,196.46743699873358,0.08162033525961616,0.0,0.0,0.0,
0.39,0.0219179631,0.0036751265,lower_Cth,0.1569637099,0.25,550mv0_converted.csv,550.0,419.61731636118117,334.6623835435889,336.5496370863263,335.6355061127297,441.17624883923725,1041.6419019038135,614.8990596246823,0.8677710795470592,0.0,0.0,0.0,
0.39,0.0219179631,0.0036751265,lower_Cth,0.1569637099,0.25,600mv0_converted.csv,600.0,458.3699322834958,336.821855152865,338.3844862240795,337.56396841314455,406.2137219772026,599.3137805296643,217.93978178977443,0.418693072802358,0.0,0.0,0.0,
0.39,0.0219179631,0.0036751265,lower_Cth,0.1569637099,0.25,650mv0_converted.csv,650.0,495.4173600492479,338.6050832228764,339.7594021430096,339.20563890334296,371.71004807550025,301.5329339055732,86.05579617316496,0.2732135130935899,0.7524752475247525,0.0,0.0,
0.39,0.0219179631,0.0036751265,lower_Cth,0.1569637099,0.25,700mv0_converted.csv,700.0,533.4180352284689,340.28564632414026,341.3231918226505,340.77026014672964,340.7151551339026,141.18287756891533,200.7450468481929,0.8988317971465087,1.0,0.0,0.0,
0.39,0.0219179631,0.0036751265,lower_Cth,0.1569637099,0.25,750mv0_converted.csv,750.0,570.4337430744487,342.0990576358047,342.96873712304244,342.5031198956155,317.67631504893757,62.88539871366898,255.01575595085845,1.6273056747586758,1.0,0.0,0.0,
0.39,0.0219179631,0.0036751265,lower_Cth,0.1569637099,0.25,800mv0_converted.csv,800.0,606.6551780288738,344.0115363524451,344.5496620218611,344.2456207522852,298.2108713285761,33.79667880747578,264.4503725041863,2.1784249399299616,1.0,0.0,0.0,
0.39,0.0219179631,0.0036751265,lower_Cth,0.1569637099,0.25,850mv0_converted.csv,850.0,646.2233016263873,345.9278974110397,346.29641135208993,346.10970448909086,279.40774791155536,23.185144292245997,256.23303548535233,2.4892769148034914,1.0,0.0,0.0,
0.39,0.0219179631,0.0036751265,lower_Cth,0.1569637099,0.25,900mv0_converted.csv,900.0,682.8259268820619,347.1969463330286,347.6242963786651,347.42993713353206,260.6128530389083,20.415438227134175,240.20372009453615,2.5467714421468157,1.0,0.0,0.0,
0.39,0.0219179631,0.0036751265,lower_Cth,0.1569637099,0.25,950mv0_converted.csv,950.0,722.372921341621,348.83339112354395,349.4427314141826,349.1402467404934,245.00311323851165,18.920034805146773,226.09012526216623,2.561043694179481,1.0,0.0,0.0,
0.39,0.0219179631,0.0036751265,lower_Cth,0.5,0.25,1000mv0_converted.csv,1000.0,759.2191989197131,350.11013662910466,350.77545231953565,350.47426165907063,230.55558060730556,18.446597731939637,212.11914317997946,2.525589016773414,1.0,0.0,0.0,
0.39,0.0219179631,0.0036751265,lower_Cth,0.5,0.25,100mv0_converted.csv,100.0,76.17083384633712,317.90987756080034,317.99515807219194,317.9503449890357,2245.5564588875172,2350.542362024288,107.74933585968849,0.0469998062533896,0.0,0.0,0.0,
0.39,0.0219179631,0.0036751265,lower_Cth,0.5,0.25,1100mv0_converted.csv,1100.0,834.7865599618726,353.7932105190747,354.53430965640814,354.1983293844209,209.96291429798154,18.238773874717182,191.74391241009377,2.4433304845999086,1.0,0.0,0.0,
0.39,0.0219179631,0.0036751265,lower_Cth,0.5,0.25,1200mv0_converted.csv,1200.0,908.6058899457871,356.5507765249265,357.66601964677375,357.11440126929756,190.4078320014925,18.219380067126586,172.20717368253995,2.346631404681363,1.0,0.0,0.0,
0.39,0.0219179631,0.0036751265,lower_Cth,0.5,0.25,150mv0_converted.csv,150.0,114.17150902555795,321.80248268950527,321.89945783261885,321.8575417423799,2105.387001524954,2134.9918490872524,32.65863407118247,0.015441878877896328,0.0,0.0,0.0,
0.39,0.0219179631,0.0036751265,lower_Cth,0.5,0.25,200mv0_converted.csv,200.0,152.35217904164247,326.71228233953934,326.7957340781258,326.74969432794796,1957.2703914348324,1895.3151613745358,62.90221344356801,0.032629122713937586,1.0,0.0,0.0,
0.39,0.0219179631,0.0036751265,lower_Cth,0.5,0.25,250mv0_converted.csv,250.0,189.60094286792295,330.85879028764924,330.9709952295568,330.91857734680065,1680.6169070790982,1678.5919733330754,5.853914871244106,0.003482269454903925,0.6138613861386139,0.0,0.0,
0.39,0.0219179631,0.0036751265,lower_Cth,0.5,0.25,300mv0_converted.csv,300.0,228.7136509323431,327.35804389577316,330.6050907870733,328.9317925361161,1017.9021323048438,1781.5995187287283,782.6642710583805,0.5903466407116584,0.0,0.0,0.0,
0.39,0.0219179631,0.0036751265,lower_Cth,0.5,0.25,350mv0_converted.csv,350.0,267.07439601247086,326.1376400868451,330.1609280312278,328.0492261639891,711.7171214286312,1798.935301525758,1101.210034900502,0.9676421560505736,0.0,0.0,0.0,
0.39,0.0219179631,0.0036751265,lower_Cth,0.5,0.25,400mv0_converted.csv,400.0,303.3911472089279,328.40354203287245,331.8014374958204,330.1090148150098,618.8494207894227,1622.7735861598856,1015.0840608111307,0.9899443684415282,0.0,0.0,0.0,
0.39,0.0219179631,0.0036751265,lower_Cth,0.5,0.25,450mv0_converted.csv,450.0,341.9425303334189,330.30007501160924,333.05012444751605,331.684607529539,543.6778432052596,1457.5385609239636,922.3207367505794,1.0013409815435774,0.0,0.0,0.0,
0.39,0.0219179631,0.0036751265,lower_Cth,0.5,0.25,500mv0_converted.csv,500.0,381.06588239966646,332.5581484784457,334.72630329215315,333.6531238863571,488.4121672435573,1120.043755559638,642.4703657038531,0.8421909402199641,0.0,0.0,0.0,
0.39,0.0219179631,0.0036751265,lower_Cth,0.5,0.25,50mv0_converted.csv,50.0,37.79944238139679,315.3018616943789,315.33396556388203,315.3188084469183,2317.5257234282963,2511.1647780012377,196.46743699873358,0.08162033525961616,0.0,0.0,0.0,
0.39,0.0219179631,0.0036751265,lower_Cth,0.5,0.25,550mv0_converted.csv,550.0,419.61731636118117,334.6623835435889,336.5496370863263,335.6355061127297,441.17624883923725,654.8463195196473,233.20592768683403,0.4203506966480388,0.0,0.0,0.0,
0.39,0.0219179631,0.0036751265,lower_Cth,0.5,0.25,600mv0_converted.csv,600.0,458.3699322834958,336.821855152865,338.3844862240795,337.56396841314455,406.2137219772026,361.0265351852568,70.48163088071568,0.19221262538199885,0.0,0.0,0.0,
0.39,0.0219179631,0.0036751265,lower_Cth,0.5,0.25,650mv0_converted.csv,650.0,495.4173600492479,338.6050832228764,339.7594021430096,339.20563890334296,371.71004807550025,192.91328203560101,180.71961803315855,0.6697439649371294,0.7524752475247525,0.0,0.0,
0.39,0.0219179631,0.0036751265,lower_Cth,0.5,0.25,700mv0_converted.csv,700.0,533.4180352284689,340.28564632414026,341.3231918226505,340.77026014672964,340.7151551339026,94.26146531813215,246.80340723679265,1.2899533146279192,1.0,0.0,0.0,
0.39,0.0219179631,0.0036751265,lower_Cth,0.5,0.25,750mv0_converted.csv,750.0,570.4337430744487,342.0990576358047,342.96873712304244,342.5031198956155,317.67631504893757,49.14035680034373,268.67620785215286,1.8685924456716045,1.0,0.0,0.0,
0.39,0.0219179631,0.0036751265,lower_Cth,0.5,0.25,800mv0_converted.csv,800.0,606.6551780288738,344.0115363524451,344.5496620218611,344.2456207522852,298.2108713285761,29.51864246330639,268.72323445302226,2.313005545977031,1.0,0.0,0.0,
0.39,0.0219179631,0.0036751265,lower_Cth,0.5,0.25,850mv0_converted.csv,850.0,646.2233016263873,345.9278974110397,346.29641135208993,346.10970448909086,279.40774791155536,21.93050224002045,257.4868706632671,2.544804698468073,1.0,0.0,0.0,
0.39,0.0219179631,0.0036751265,lower_Cth,0.5,0.25,900mv0_converted.csv,900.0,682.8259268820619,347.1969463330286,347.6242963786651,347.42993713353206,260.6128530389083,19.76581594259432,240.85299739027383,2.5790794335528333,1.0,0.0,0.0,
0.39,0.0219179631,0.0036751265,lower_Cth,0.5,0.25,950mv0_converted.csv,950.0,722.372921341621,348.83339112354395,349.4427314141826,349.1402467404934,245.00311323851165,18.778770409008064,226.2312719240093,2.5685315803167357,1.0,0.0,0.0,
0.39,0.0219179631,0.0036751265,lower_Cth,2.0,0.25,1000mv0_converted.csv,1000.0,759.2191989197131,350.11013662910466,350.77545231953565,350.47426165907063,230.55558060730556,18.29133462433768,212.27431289134907,2.534039581959044,1.0,0.0,0.0,
0.39,0.0219179631,0.0036751265,lower_Cth,2.0,0.25,100mv0_converted.csv,100.0,76.17083384633712,317.90987756080034,317.99515807219194,317.9503449890357,2245.5564588875172,2350.5419293394184,107.74884584762536,0.046999597515238606,0.0,0.0,0.0,
0.39,0.0219179631,0.0036751265,lower_Cth,2.0,0.25,1100mv0_converted.csv,1100.0,834.7865599618726,353.7932105190747,354.53430965640814,354.1983293844209,209.96291429798154,18.22340455385718,191.7592713743221,2.44417331807888,1.0,0.0,0.0,
0.39,0.0219179631,0.0036751265,lower_Cth,2.0,0.25,1200mv0_converted.csv,1200.0,908.6058899457871,356.5507765249265,357.66601964677375,357.11440126929756,190.4078320014925,18.216933467600605,172.20961673803416,2.3467656275543947,1.0,0.0,0.0,
0.39,0.0219179631,0.0036751265,lower_Cth,2.0,0.25,150mv0_converted.csv,150.0,114.17150902555795,321.80248268950527,321.89945783261885,321.8575417423799,2105.387001524954,2134.989656656095,32.6557502146328,0.015440528847505226,0.0,0.0,0.0,
0.39,0.0219179631,0.0036751265,lower_Cth,2.0,0.25,200mv0_converted.csv,200.0,152.35217904164247,326.71228233953934,326.7957340781258,326.74969432794796,1957.2703914348324,1895.2060353496288,63.00184376274062,0.0326817458736618,1.0,0.0,0.0,
0.39,0.0219179631,0.0036751265,lower_Cth,2.0,0.25,250mv0_converted.csv,250.0,189.60094286792295,330.85879028764924,330.9709952295568,330.91857734680065,1680.6169070790982,1677.3354105430074,5.915788236095661,0.003518668103671089,0.6138613861386139,0.0,0.0,
0.39,0.0219179631,0.0036751265,lower_Cth,2.0,0.25,300mv0_converted.csv,300.0,228.7136509323431,327.35804389577316,330.6050907870733,328.9317925361161,1017.9021323048438,1676.8993572575032,671.1714073573881,0.5260849696963754,0.0,0.0,0.0,
0.39,0.0219179631,0.0036751265,lower_Cth,2.0,0.25,350mv0_converted.csv,350.0,267.07439601247086,326.1376400868451,330.1609280312278,328.0492261639891,711.7171214286312,1763.1201739924968,1059.3412656473668,0.9441244350704101,0.0,0.0,0.0,
0.39,0.0219179631,0.0036751265,lower_Cth,2.0,0.25,400mv0_converted.csv,400.0,303.3911472089279,328.40354203287245,331.8014374958204,330.1090148150098,618.8494207894227,1534.2996995378248,917.3679525459266,0.9268710115112492,0.0,0.0,0.0,
0.39,0.0219179631,0.0036751265,lower_Cth,2.0,0.25,450mv0_converted.csv,450.0,341.9425303334189,330.30007501160924,333.05012444751605,331.684607529539,543.6778432052596,1240.617372418394,703.2446812622376,0.832713765907069,0.0,0.0,0.0,
0.39,0.0219179631,0.0036751265,lower_Cth,2.0,0.25,500mv0_converted.csv,500.0,381.06588239966646,332.5581484784457,334.72630329215315,333.6531238863571,488.4121672435573,736.4687735680307,273.55601077433363,0.42816301011782504,0.0,0.0,0.0,
0.39,0.0219179631,0.0036751265,lower_Cth,2.0,0.25,50mv0_converted.csv,50.0,37.79944238139679,315.3018616943789,315.33396556388203,315.3188084469183,2317.5257234282963,2511.1647780012377,196.46743699873358,0.08162033525961616,0.0,0.0,0.0,
0.39,0.0219179631,0.0036751265,lower_Cth,2.0,0.25,550mv0_converted.csv,550.0,419.61731636118117,334.6623835435889,336.5496370863263,335.6355061127297,441.17624883923725,306.89256075113127,149.4050808482438,0.4466398310583356,0.0,0.0,0.0,
0.39,0.0219179631,0.0036751265,lower_Cth,2.0,0.25,600mv0_converted.csv,600.0,458.3699322834958,336.821855152865,338.3844862240795,337.56396841314455,406.2137219772026,112.95025483688505,294.2437351249748,1.3136336057766804,0.0,0.0,0.0,
0.39,0.0219179631,0.0036751265,lower_Cth,2.0,0.25,650mv0_converted.csv,650.0,495.4173600492479,338.6050832228764,339.7594021430096,339.20563890334296,371.71004807550025,62.15290114903214,309.8436834753222,1.8014305536684347,0.7524752475247525,0.0,0.0,
0.39,0.0219179631,0.0036751265,lower_Cth,2.0,0.25,700mv0_converted.csv,700.0,533.4180352284689,340.28564632414026,341.3231918226505,340.77026014672964,340.7151551339026,36.971127122935684,303.8678699198715,2.225156969445702,1.0,0.0,0.0,
0.39,0.0219179631,0.0036751265,lower_Cth,2.0,0.25,750mv0_converted.csv,750.0,570.4337430744487,342.0990576358047,342.96873712304244,342.5031198956155,317.67631504893757,27.501818571940507,290.26294869752553,2.4480681833845503,1.0,0.0,0.0,
0.39,0.0219179631,0.0036751265,lower_Cth,2.0,0.25,800mv0_converted.csv,800.0,606.6551780288738,344.0115363524451,344.5496620218611,344.2456207522852,298.2108713285761,22.239705038542795,275.9972529737228,2.596011777567654,1.0,0.0,0.0,
0.39,0.0219179631,0.0036751265,lower_Cth,2.0,0.25,850mv0_converted.csv,850.0,646.2233016263873,345.9278974110397,346.29641135208993,346.10970448909086,279.40774791155536,19.714001419520613,259.702503417828,2.6513326586279824,1.0,0.0,0.0,
0.39,0.0219179631,0.0036751265,lower_Cth,2.0,0.25,900mv0_converted.csv,900.0,682.8259268820619,347.1969463330286,347.6242963786651,347.42993713353206,260.6128530389083,18.742231010210396,241.87619076957853,2.63224378124327,1.0,0.0,0.0,
0.39,0.0219179631,0.0036751265,lower_Cth,2.0,0.25,950mv0_converted.csv,950.0,722.372921341621,348.83339112354395,349.4427314141826,349.1402467404934,245.00311323851165,18.437180434123125,226.57267470832684,2.5868851499445085,1.0,0.0,0.0,
0.39,0.092623508,0.0036751265,upper_Cth,0.956269682,1.0,1000mv0_converted.csv,1000.0,759.2191989197131,350.3239035662452,350.62274502771066,350.5172026025015,230.55558060730556,18.526180663911422,212.03951147927464,2.521282762023819,1.0,0.0,0.0,
0.39,0.092623508,0.0036751265,upper_Cth,0.956269682,1.0,100mv0_converted.csv,100.0,76.17083384633712,317.9183576780293,317.9645603440955,317.94385972308123,2245.5564588875172,2350.921713045328,107.94454466046352,0.047081324944931426,0.0,0.0,0.0,
0.39,0.092623508,0.0036751265,upper_Cth,0.956269682,1.0,1100mv0_converted.csv,1100.0,834.7865599618726,354.0688246140594,354.2922365938447,354.2005768015388,209.96291429798154,18.247281726044005,191.73539965020908,2.442864007074168,1.0,0.0,0.0,
0.39,0.092623508,0.0036751265,upper_Cth,0.956269682,1.0,1200mv0_converted.csv,1200.0,908.6058899457871,356.9204625337599,357.2684606352399,357.1092970141964,190.4078320014925,18.22046400768922,172.20608748158668,2.3465718631238923,1.0,0.0,0.0,
0.39,0.092623508,0.0036751265,upper_Cth,0.956269682,1.0,150mv0_converted.csv,150.0,114.17150902555795,321.811182167639,321.87374163010156,321.84439258016755,2105.387001524954,2135.6755830368193,33.034960962723176,0.01561733617241018,0.0,0.0,0.0,
0.39,0.092623508,0.0036751265,upper_Cth,0.956269682,1.0,200mv0_converted.csv,200.0,152.35217904164247,326.6266658230721,326.75185822008086,326.72068715869665,1957.2703914348324,1896.7169709158416,61.35116591063144,0.031812428180952715,1.0,0.0,0.0,
0.39,0.092623508,0.0036751265,upper_Cth,0.956269682,1.0,250mv0_converted.csv,250.0,189.60094286792295,330.76056014420385,330.9408264423609,330.87928234960395,1680.6169070790982,1681.4088424833694,5.269111110116817,0.0031339846652693204,0.40594059405940597,0.0,0.0,
0.39,0.092623508,0.0036751265,upper_Cth,0.956269682,1.0,300mv0_converted.csv,300.0,228.7136509323431,328.5137809612165,329.4533442256637,328.9691973430048,1017.9021323048438,1780.9678471631344,776.4416447048002,0.5868187325309047,0.0,0.0,0.0,
0.39,0.092623508,0.0036751265,upper_Cth,0.956269682,1.0,350mv0_converted.csv,350.0,267.07439601247086,327.5530991017443,328.70829682061265,328.0948282148712,711.7171214286312,1819.5235293548885,1115.7821651674824,0.9756431826615456,0.0,0.0,0.0,
0.39,0.092623508,0.0036751265,upper_Cth,0.956269682,1.0,400mv0_converted.csv,400.0,303.3911472089279,329.6238549764211,330.56780564858275,330.1079763368657,618.8494207894227,1711.1384942083075,1096.256096224958,1.0390873508894667,0.0,0.0,0.0,
0.39,0.092623508,0.0036751265,upper_Cth,0.956269682,1.0,450mv0_converted.csv,450.0,341.9425303334189,331.2788946585987,332.04492861109395,331.6702363741402,543.6778432052596,1600.824760210396,1058.9496161530255,1.0920947443763598,0.0,0.0,0.0,
0.39,0.092623508,0.0036751265,upper_Cth,0.956269682,1.0,500mv0_converted.csv,500.0,381.06588239966646,333.32824120230043,333.9386604967586,333.63188785267783,488.4121672435573,1377.3745516031095,890.0002018162436,1.0442250098832468,0.0,0.0,0.0,
0.39,0.092623508,0.0036751265,upper_Cth,0.956269682,1.0,50mv0_converted.csv,50.0,37.79944238139679,315.30837131018416,315.32429843547084,315.3172363195334,2317.5257234282963,2511.264788637067,196.53184383326646,0.08164541592936089,0.0,0.0,0.0,
0.39,0.092623508,0.0036751265,upper_Cth,0.956269682,1.0,550mv0_converted.csv,550.0,419.61731636118117,335.3489405707828,335.862278883971,335.6175595178661,441.17624883923725,1007.9659031027614,567.7389988517929,0.831219893981423,0.0,0.0,0.0,
0.39,0.092623508,0.0036751265,upper_Cth,0.956269682,1.0,600mv0_converted.csv,600.0,458.3699322834958,337.36683503962485,337.79701254624223,337.57123535322063,406.2137219772026,561.1079397673655,156.6032396101783,0.328585687501145,0.0,0.0,0.0,
0.39,0.092623508,0.0036751265,upper_Cth,0.956269682,1.0,650mv0_converted.csv,650.0,495.4173600492479,339.01004603798634,339.34674876045824,339.186268165615,371.71004807550025,287.67825438244506,85.1887333422608,0.2587285093345157,1.0,0.0,0.0,
0.39,0.092623508,0.0036751265,upper_Cth,0.956269682,1.0,700mv0_converted.csv,700.0,533.4180352284689,340.60579893627124,340.91235720515056,340.76627962429785,340.7151551339026,135.68415394395885,205.2466233892385,0.9211521917107156,1.0,0.0,0.0,
0.39,0.092623508,0.0036751265,upper_Cth,0.956269682,1.0,750mv0_converted.csv,750.0,570.4337430744487,342.38737864087415,342.62316863668144,342.49232892989113,317.67631504893757,61.30449789821512,256.4832573537371,1.6452054929892423,1.0,0.0,0.0,
0.39,0.092623508,0.0036751265,upper_Cth,0.956269682,1.0,800mv0_converted.csv,800.0,606.6551780288738,344.1877084192921,344.33415202417603,344.2590487552982,298.2108713285761,32.948379252216604,265.2909643644332,2.2028151081793843,1.0,0.0,0.0,
0.39,0.092623508,0.0036751265,upper_Cth,0.956269682,1.0,850mv0_converted.csv,850.0,646.2233016263873,346.04316740236277,346.3005810535329,346.1527256010942,279.40774791155536,22.650797910029347,256.7661586382824,2.512459801554558,1.0,0.0,0.0,
0.39,0.092623508,0.0036751265,upper_Cth,0.956269682,1.0,900mv0_converted.csv,900.0,682.8259268820619,347.3145425886706,347.4996305210335,347.4227439163849,260.6128530389083,20.357568910806485,240.26104837502865,2.549571558770649,1.0,0.0,0.0,
0.39,0.092623508,0.0036751265,upper_Cth,0.956269682,1.0,950mv0_converted.csv,950.0,722.372921341621,348.9969898100387,349.32534408595245,349.18487835217127,245.00311323851165,18.915177373602837,226.09477658888355,2.5612908617987955,1.0,0.0,0.0,
0.39,0.092623508,0.0036751265,upper_Cth,0.1569637099,1.0,1000mv0_converted.csv,1000.0,759.2191989197131,350.3239035662452,350.62274502771066,350.5172026025015,230.55558060730556,18.542186963676226,212.02354270500794,2.5204203139099564,1.0,0.0,0.0,
0.39,0.092623508,0.0036751265,upper_Cth,0.1569637099,1.0,100mv0_converted.csv,100.0,76.17083384633712,317.9183576780293,317.9645603440955,317.94385972308123,2245.5564588875172,2350.921768641708,107.94460084503345,0.04708134882065871,0.0,0.0,0.0,
0.39,0.092623508,0.0036751265,upper_Cth,0.1569637099,1.0,1100mv0_converted.csv,1100.0,834.7865599618726,354.0688246140594,354.2922365938447,354.2005768015388,209.96291429798154,18.248777049602847,191.73390466154373,2.442782069293656,1.0,0.0,0.0,
0.39,0.092623508,0.0036751265,upper_Cth,0.1569637099,1.0,1200mv0_converted.csv,1200.0,908.6058899457871,356.9204625337599,357.2684606352399,357.1092970141964,190.4078320014925,18.220816810532373,172.2057357858054,2.3465525232831452,1.0,0.0,0.0,
0.39,0.092623508,0.0036751265,upper_Cth,0.1569637099,1.0,150mv0_converted.csv,150.0,114.17150902555795,321.811182167639,321.87374163010156,321.84439258016755,2105.387001524954,2135.6758755221226,33.03528031054341,0.015617485628052076,0.0,0.0,0.0,
0.39,0.092623508,0.0036751265,upper_Cth,0.1569637099,1.0,200mv0_converted.csv,200.0,152.35217904164247,326.6266658230721,326.75185822008086,326.72068715869665,1957.2703914348324,1896.7169709158416,61.35116591063144,0.031812428180952715,1.0,0.0,0.0,
0.39,0.092623508,0.0036751265,upper_Cth,0.1569637099,1.0,250mv0_converted.csv,250.0,189.60094286792295,330.76056014420385,330.9408264423609,330.87928234960395,1680.6169070790982,1681.4088424833694,5.269111110116817,0.0031339846652693204,0.40594059405940597,0.0,0.0,
0.39,0.092623508,0.0036751265,upper_Cth,0.1569637099,1.0,300mv0_converted.csv,300.0,228.7136509323431,328.5137809612165,329.4533442256637,328.9691973430048,1017.9021323048438,1787.8942109665068,783.2922584646387,0.5906007043040257,0.0,0.0,0.0,
0.39,0.092623508,0.0036751265,upper_Cth,0.1569637099,1.0,350mv0_converted.csv,350.0,267.07439601247086,327.5530991017443,328.70829682061265,328.0948282148712,711.7171214286312,1831.0419039584622,1127.2386151355272,0.9818285359034241,0.0,0.0,0.0,
0.39,0.092623508,0.0036751265,upper_Cth,0.1569637099,1.0,400mv0_converted.csv,400.0,303.3911472089279,329.6238549764211,330.56780564858275,330.1079763368657,618.8494207894227,1726.7421935430848,1111.8684283014356,1.0480807454386571,0.0,0.0,0.0,
0.39,0.092623508,0.0036751265,upper_Cth,0.1569637099,1.0,450mv0_converted.csv,450.0,341.9425303334189,331.2788946585987,332.04492861109395,331.6702363741402,543.6778432052596,1623.8697824006033,1082.0309798620046,1.106300464890685,0.0,0.0,0.0,
0.39,0.092623508,0.0036751265,upper_Cth,0.1569637099,1.0,500mv0_converted.csv,500.0,381.06588239966646,333.32824120230043,333.9386604967586,333.63188785267783,488.4121672435573,1422.0309152131033,934.823726992892,1.0760067452862199,0.0,0.0,0.0,
0.39,0.092623508,0.0036751265,upper_Cth,0.1569637099,1.0,50mv0_converted.csv,50.0,37.79944238139679,315.30837131018416,315.32429843547084,315.3172363195334,2317.5257234282963,2511.264788637067,196.53184383326646,0.08164541592936089,0.0,0.0,0.0,
0.39,0.092623508,0.0036751265,upper_Cth,0.1569637099,1.0,550mv0_converted.csv,550.0,419.61731636118117,335.3489405707828,335.862278883971,335.6175595178661,441.17624883923725,1066.317285518835,626.5827242452615,0.8872910541672502,0.0,0.0,0.0,
0.39,0.092623508,0.0036751265,upper_Cth,0.1569637099,1.0,600mv0_converted.csv,600.0,458.3699322834958,337.36683503962485,337.79701254624223,337.57123535322063,406.2137219772026,609.4245708201191,205.75117355215485,0.4112101637116183,0.0,0.0,0.0,
0.39,0.092623508,0.0036751265,upper_Cth,0.1569637099,1.0,650mv0_converted.csv,650.0,495.4173600492479,339.01004603798634,339.34674876045824,339.186268165615,371.71004807550025,308.5219421386719,65.67094562864362,0.19379387003584259,1.0,0.0,0.0,
0.39,0.092623508,0.0036751265,upper_Cth,0.1569637099,1.0,700mv0_converted.csv,700.0,533.4180352284689,340.60579893627124,340.91235720515056,340.76627962429785,340.7151551339026,142.96617383295947,198.03270894459905,0.8698736108801203,1.0,0.0,0.0,
0.39,0.092623508,0.0036751265,upper_Cth,0.1569637099,1.0,750mv0_converted.csv,750.0,570.4337430744487,342.38737864087415,342.62316863668144,342.49232892989113,317.67631504893757,63.7241471545531,254.0685521110084,1.606928232701268,1.0,0.0,0.0,
0.39,0.092623508,0.0036751265,upper_Cth,0.1569637099,1.0,800mv0_converted.csv,800.0,606.6551780288738,344.1877084192921,344.33415202417603,344.2590487552982,298.2108713285761,33.80347404857673,264.4363446357326,2.177265584670966,1.0,0.0,0.0,
0.39,0.092623508,0.0036751265,upper_Cth,0.1569637099,1.0,850mv0_converted.csv,850.0,646.2233016263873,346.04316740236277,346.3005810535329,346.1527256010942,279.40774791155536,23.025598941463056,256.39178998520447,2.4960945749339287,1.0,0.0,0.0,
0.39,0.092623508,0.0036751265,upper_Cth,0.1569637099,1.0,900mv0_converted.csv,900.0,682.8259268820619,347.3145425886706,347.4996305210335,347.4227439163849,260.6128530389083,20.43360636493947,240.1851628590078,2.5458532755006518,1.0,0.0,0.0,
0.39,0.092623508,0.0036751265,upper_Cth,0.1569637099,1.0,950mv0_converted.csv,950.0,722.372921341621,348.9969898100387,349.32534408595245,349.18487835217127,245.00311323851165,18.956936600184676,226.0531366361048,2.559090666646362,1.0,0.0,0.0,
0.39,0.092623508,0.0036751265,upper_Cth,0.5,1.0,1000mv0_converted.csv,1000.0,759.2191989197131,350.3239035662452,350.62274502771066,350.5172026025015,230.55558060730556,18.535327269299195,212.0303853993994,2.520789708703689,1.0,0.0,0.0,
0.39,0.092623508,0.0036751265,upper_Cth,0.5,1.0,100mv0_converted.csv,100.0,76.17083384633712,317.9183576780293,317.9645603440955,317.94385972308123,2245.5564588875172,2350.921742052135,107.94457372122272,0.0470813372875107,0.0,0.0,0.0,
0.39,0.092623508,0.0036751265,upper_Cth,0.5,1.0,1100mv0_converted.csv,1100.0,834.7865599618726,354.0688246140594,354.2922365938447,354.2005768015388,209.96291429798154,18.248307388607817,191.7343747514854,2.442807814465567,1.0,0.0,0.0,
0.39,0.092623508,0.0036751265,upper_Cth,0.5,1.0,1200mv0_converted.csv,1200.0,908.6058899457871,356.9204625337599,357.2684606352399,357.1092970141964,190.4078320014925,18.22066582783614,172.20588631939353,2.3465608002511673,1.0,0.0,0.0,
0.39,0.092623508,0.0036751265,upper_Cth,0.5,1.0,150mv0_converted.csv,150.0,114.17150902555795,321.811182167639,321.87374163010156,321.84439258016755,2105.387001524954,2135.6757329053216,33.035133096965986,0.015617416742534015,0.0,0.0,0.0,
0.39,0.092623508,0.0036751265,upper_Cth,0.5,1.0,200mv0_converted.csv,200.0,152.35217904164247,326.6266658230721,326.75185822008086,326.72068715869665,1957.2703914348324,1896.7169709158416,61.35116591063144,0.031812428180952715,1.0,0.0,0.0,
0.39,0.092623508,0.0036751265,upper_Cth,0.5,1.0,250mv0_converted.csv,250.0,189.60094286792295,330.76056014420385,330.9408264423609,330.87928234960395,1680.6169070790982,1681.4088424833694,5.269111110116817,0.0031339846652693204,0.40594059405940597,0.0,0.0,
0.39,0.092623508,0.0036751265,upper_Cth,0.5,1.0,300mv0_converted.csv,300.0,228.7136509323431,328.5137809612165,329.4533442256637,328.9691973430048,1017.9021323048438,1786.5236755975402,781.9530991643659,0.5898698536822197,0.0,0.0,0.0,
0.39,0.092623508,0.0036751265,upper_Cth,0.5,1.0,350mv0_converted.csv,350.0,267.07439601247086,327.5530991017443,328.70829682061265,328.0948282148712,711.7171214286312,1826.876983340424,1123.1076754718742,0.9796024161519336,0.0,0.0,0.0,
0.39,0.092623508,0.0036751265,upper_Cth,0.5,1.0,400mv0_converted.csv,400.0,303.3911472089279,329.6238549764211,330.56780564858275,330.1079763368657,618.8494207894227,1724.3067542349938,1109.4265784830625,1.0466927550078564,0.0,0.0,0.0,
0.39,0.092623508,0.0036751265,upper_Cth,0.5,1.0,450mv0_converted.csv,450.0,341.9425303334189,331.2788946585987,332.04492861109395,331.6702363741402,543.6778432052596,1619.1639235090502,1077.3062031004013,1.1034393631268218,0.0,0.0,0.0,
0.39,0.092623508,0.0036751265,upper_Cth,0.5,1.0,500mv0_converted.csv,500.0,381.06588239966646,333.32824120230043,333.9386604967586,333.63188785267783,488.4121672435573,1412.2710855314047,924.9651229412999,1.0691935317722623,0.0,0.0,0.0,
0.39,0.092623508,0.0036751265,upper_Cth,0.5,1.0,50mv0_converted.csv,50.0,37.79944238139679,315.30837131018416,315.32429843547084,315.3172363195334,2317.5257234282963,2511.264788637067,196.53184383326646,0.08164541592936089,0.0,0.0,0.0,
0.39,0.092623508,0.0036751265,upper_Cth,0.5,1.0,550mv0_converted.csv,550.0,419.61731636118117,335.3489405707828,335.862278883971,335.6175595178661,441.17624883923725,1052.4053634794632,612.3010538538674,0.8742610719509366,0.0,0.0,0.0,
0.39,0.092623508,0.0036751265,upper_Cth,0.5,1.0,600mv0_converted.csv,600.0,458.3699322834958,337.36683503962485,337.79701254624223,337.57123535322063,406.2137219772026,596.9235392655477,192.5380887071357,0.3901478133398861,0.0,0.0,0.0,
0.39,0.092623508,0.0036751265,upper_Cth,0.5,1.0,650mv0_converted.csv,650.0,495.4173600492479,339.01004603798634,339.34674876045824,339.186268165615,371.71004807550025,303.06372191174194,70.39049416236462,0.20864465973789284,1.0,0.0,0.0,
0.39,0.092623508,0.0036751265,upper_Cth,0.5,1.0,700mv0_converted.csv,700.0,533.4180352284689,340.60579893627124,340.91235720515056,340.76627962429785,340.7151551339026,140.3208195148128,200.63331078091804,0.8877504095066729,1.0,0.0,0.0,
0.39,0.092623508,0.0036751265,upper_Cth,0.5,1.0,750mv0_converted.csv,750.0,570.4337430744487,342.38737864087415,342.62316863668144,342.49232892989113,317.67631504893757,62.84957523157101,254.94046433890946,1.620428746535275,1.0,0.0,0.0,
0.39,0.092623508,0.0036751265,upper_Cth,0.5,1.0,800mv0_converted.csv,800.0,606.6551780288738,344.1877084192921,344.33415202417603,344.2590487552982,298.2108713285761,33.42350406457882,264.81608996893976,2.1885210472648016,1.0,0.0,0.0,
0.39,0.092623508,0.0036751265,upper_Cth,0.5,1.0,850mv0_converted.csv,850.0,646.2233016263873,346.04316740236277,346.3005810535329,346.1527256010942,279.40774791155536,22.858846022350953,256.558343253372,2.5033343472479572,1.0,0.0,0.0,
0.39,0.092623508,0.0036751265,upper_Cth,0.5,1.0,900mv0_converted.csv,900.0,682.8259268820619,347.3145425886706,347.4996305210335,347.4227439163849,260.6128530389083,20.403880827497726,240.21482378483904,2.5473033567126326,1.0,0.0,0.0,
0.39,0.092623508,0.0036751265,upper_Cth,0.5,1.0,950mv0_converted.csv,950.0,722.372921341621,348.9969898100387,349.32534408595245,349.18487835217127,245.00311323851165,18.93854830524709,226.07147137014525,2.560058296158167,1.0,0.0,0.0,
0.39,0.092623508,0.0036751265,upper_Cth,2.0,1.0,1000mv0_converted.csv,1000.0,759.2191989197131,350.3239035662452,350.62274502771066,350.5172026025015,230.55558060730556,18.50832495358911,212.05732718636636,2.522246624204575,1.0,0.0,0.0,
0.39,0.092623508,0.0036751265,upper_Cth,2.0,1.0,100mv0_converted.csv,100.0,76.17083384633712,317.9183576780293,317.9645603440955,317.94385972308123,2245.5564588875172,2350.9216671178838,107.94449691132198,0.047081304631728126,0.0,0.0,0.0,
0.39,0.092623508,0.0036751265,upper_Cth,2.0,1.0,1100mv0_converted.csv,1100.0,834.7865599618726,354.0688246140594,354.2922365938447,354.2005768015388,209.96291429798154,18.245489498176198,191.73719117198377,2.4429622199568155,1.0,0.0,0.0,
0.39,0.092623508,0.0036751265,upper_Cth,2.0,1.0,1200mv0_converted.csv,1200.0,908.6058899457871,356.9204625337599,357.2684606352399,357.1092970141964,190.4078320014925,18.22011078938399,172.2064396751165,2.3465912281264694,1.0,0.0,0.0,
0.39,0.092623508,0.0036751265,upper_Cth,2.0,1.0,150mv0_converted.csv,150.0,114.17150902555795,321.811182167639,321.87374163010156,321.84439258016755,2105.387001524954,2135.675232537902,33.03456767092175,0.015617152077606247,0.0,0.0,0.0,
0.39,0.092623508,0.0036751265,upper_Cth,2.0,1.0,200mv0_converted.csv,200.0,152.35217904164247,326.6266658230721,326.75185822008086,326.72068715869665,1957.2703914348324,1896.7169709158416,61.35116591063144,0.031812428180952715,1.0,0.0,0.0,
0.39,0.092623508,0.0036751265,upper_Cth,2.0,1.0,250mv0_converted.csv,250.0,189.60094286792295,330.76056014420385,330.9408264423609,330.87928234960395,1680.6169070790982,1681.4088424833694,5.269111110116817,0.0031339846652693204,0.40594059405940597,0.0,0.0,
0.39,0.092623508,0.0036751265,upper_Cth,2.0,1.0,300mv0_converted.csv,300.0,228.7136509323431,328.5137809612165,329.4533442256637,328.9691973430048,1017.9021323048438,1765.807999110458,761.4064348573921,0.5784642455270256,0.0,0.0,0.0,
0.39,0.092623508,0.0036751265,upper_Cth,2.0,1.0,350mv0_converted.csv,350.0,267.07439601247086,327.5530991017443,328.70829682061265,328.0948282148712,711.7171214286312,1792.5697782913057,1088.8951401312736,0.9609942689590826,0.0,0.0,0.0,
0.39,0.092623508,0.0036751265,upper_Cth,2.0,1.0,400mv0_converted.csv,400.0,303.3911472089279,329.6238549764211,330.56780564858275,330.1079763368657,618.8494207894227,1682.129419912206,1067.2096181624154,1.0220920450232385,0.0,0.0,0.0,
0.39,0.092623508,0.0036751265,upper_Cth,2.0,1.0,450mv0_converted.csv,450.0,341.9425303334189,331.2788946585987,332.04492861109395,331.6702363741402,543.6778432052596,1563.8533403755414,1022.0116897843915,1.0688141579331791,0.0,0.0,0.0,
0.39,0.092623508,0.0036751265,upper_Cth,2.0,1.0,500mv0_converted.csv,500.0,381.06588239966646,333.32824120230043,333.9386604967586,333.63188785267783,488.4121672435573,1310.9137712233137,824.0339207915451,0.9948750719688124,0.0,0.0,0.0,
0.39,0.092623508,0.0036751265,upper_Cth,2.0,1.0,50mv0_converted.csv,50.0,37.79944238139679,315.30837131018416,315.32429843547084,315.3172363195334,2317.5257234282963,2511.264788637067,196.53184383326646,0.08164541592936089,0.0,0.0,0.0,
0.39,0.092623508,0.0036751265,upper_Cth,2.0,1.0,550mv0_converted.csv,550.0,419.61731636118117,335.3489405707828,335.862278883971,335.6175595178661,441.17624883923725,933.3536237962176,494.50076940290876,0.7548023683642892,0.0,0.0,0.0,
0.39,0.092623508,0.0036751265,upper_Cth,2.0,1.0,600mv0_converted.csv,600.0,458.3699322834958,337.36683503962485,337.79701254624223,337.57123535322063,406.2137219772026,506.44386427473313,105.52749159947632,0.23182392736530932,0.0,0.0,0.0,
0.39,0.092623508,0.0036751265,upper_Cth,2.0,1.0,650mv0_converted.csv,650.0,495.4173600492479,339.01004603798634,339.34674876045824,339.186268165615,371.71004807550025,259.80357028470183,113.18267203310691,0.36256299811097853,1.0,0.0,0.0,
0.39,0.092623508,0.0036751265,upper_Cth,2.0,1.0,700mv0_converted.csv,700.0,533.4180352284689,340.60579893627124,340.91235720515056,340.76627962429785,340.7151551339026,126.92375764752379,214.05562221831332,0.9898036641417349,1.0,0.0,0.0,
0.39,0.092623508,0.0036751265,upper_Cth,2.0,1.0,750mv0_converted.csv,750.0,570.4337430744487,342.38737864087415,342.62316863668144,342.49232892989113,317.67631504893757,58.619554274153,259.17018174380075,1.6905031986547168,1.0,0.0,0.0,
0.39,0.092623508,0.0036751265,upper_Cth,2.0,1.0,800mv0_converted.csv,800.0,606.6551780288738,344.1877084192921,344.33415202417603,344.2590487552982,298.2108713285761,32.01147698883963,266.227693201533,2.2317250006187184,1.0,0.0,0.0,
0.39,0.092623508,0.0036751265,upper_Cth,2.0,1.0,850mv0_converted.csv,850.0,646.2233016263873,346.04316740236277,346.3005810535329,346.1527256010942,279.40774791155536,22.21436411791509,257.20221701486685,2.5319467836698544,1.0,0.0,0.0,
0.39,0.092623508,0.0036751265,upper_Cth,2.0,1.0,900mv0_converted.csv,900.0,682.8259268820619,347.3145425886706,347.4996305210335,347.4227439163849,260.6128530389083,20.2694408681133,240.34900292082116,2.5539128193215084,1.0,0.0,0.0,
0.39,0.092623508,0.0036751265,upper_Cth,2.0,1.0,950mv0_converted.csv,950.0,722.372921341621,348.9969898100387,349.32534408595245,349.18487835217127,245.00311323851165,18.866376895715696,226.14344845200492,2.5638741716157534,1.0,0.0,0.0,
0.39,0.092623508,0.0036751265,upper_Cth,0.956269682,0.5,1000mv0_converted.csv,1000.0,759.2191989197131,350.3239035662452,350.62274502771066,350.5172026025015,230.55558060730556,18.51648170169037,212.04921044927892,2.5218064317020623,1.0,0.0,0.0,
0.39,0.092623508,0.0036751265,upper_Cth,0.956269682,0.5,100mv0_converted.csv,100.0,76.17083384633712,317.9183576780293,317.9645603440955,317.94385972308123,2245.5564588875172,2350.921710628094,107.94454179161634,0.047081323721074084,0.0,0.0,0.0,
0.39,0.092623508,0.0036751265,upper_Cth,0.956269682,0.5,1100mv0_converted.csv,1100.0,834.7865599618726,354.0688246140594,354.2922365938447,354.20057680153866,209.96291429798154,18.24672323170275,191.73595816617964,2.4428946156430116,1.0,0.0,0.0,
0.39,0.092623508,0.0036751265,upper_Cth,0.956269682,0.5,1200mv0_converted.csv,1200.0,908.6058899457871,356.9204625337599,357.2684606352398,357.1092970141964,190.4078320014925,18.22045939983708,172.20609210414293,2.346572116330292,1.0,0.0,0.0,
0.39,0.092623508,0.0036751265,upper_Cth,0.956269682,0.5,150mv0_converted.csv,150.0,114.17150902555795,321.811182167639,321.87374163010156,321.84439258016755,2105.387001524954,2135.6756531366027,33.035052861849266,0.015617379225339591,0.0,0.0,0.0,
0.39,0.092623508,0.0036751265,upper_Cth,0.956269682,0.5,200mv0_converted.csv,200.0,152.35217904164247,326.6266658230721,326.75185822008086,326.72068715869665,1957.2703914348324,1896.7169709158416,61.35116591063144,0.031812428180952715,1.0,0.0,0.0,
0.39,0.092623508,0.0036751265,upper_Cth,0.956269682,0.5,250mv0_converted.csv,250.0,189.60094286792295,330.7605601442038,330.9408264423609,330.8792823496039,1680.6169070790982,1681.4088424833694,5.269111110116817,0.0031339846652693204,0.40594059405940597,0.0,0.0,
0.39,0.092623508,0.0036751265,upper_Cth,0.956269682,0.5,300mv0_converted.csv,300.0,228.7136509323431,328.5137809612165,329.4533442256637,328.9691973430048,1017.9021323048438,1780.8250635732518,776.300342566905,0.5867401885079103,0.0,0.0,0.0,
0.39,0.092623508,0.0036751265,upper_Cth,0.956269682,0.5,350mv0_converted.csv,350.0,267.07439601247086,327.5530991017443,328.70829682061265,328.0948282148712,711.7171214286312,1819.4564716603497,1115.7147571270878,0.9756062303957576,0.0,0.0,0.0,
0.39,0.092623508,0.0036751265,upper_Cth,0.956269682,0.5,400mv0_converted.csv,400.0,303.3911472089279,329.62385497642106,330.56780564858275,330.1079763368657,618.8494207894227,1710.9501747660117,1096.0679717305618,1.0389776543808384,0.0,0.0,0.0,
0.39,0.092623508,0.0036751265,upper_Cth,0.956269682,0.5,450mv0_converted.csv,450.0,341.9425303334189,331.2788946585987,332.04492861109395,331.6702363741402,543.6778432052596,1600.8552016456529,1058.979515728467,1.092112993736648,0.0,0.0,0.0,
0.39,0.092623508,0.0036751265,upper_Cth,0.956269682,0.5,500mv0_converted.csv,500.0,381.06588239966646,333.32824120230043,333.9386604967586,333.63188785267783,488.4121672435573,1376.5838901028774,889.2113995303966,1.0436557013957164,0.0,0.0,0.0,
0.39,0.092623508,0.0036751265,upper_Cth,0.956269682,0.5,50mv0_converted.csv,50.0,37.79944238139679,315.30837131018416,315.32429843547084,315.3172363195334,2317.5257234282963,2511.264788637067,196.53184383326646,0.08164541592936089,0.0,0.0,0.0,
0.39,0.092623508,0.0036751265,upper_Cth,0.956269682,0.5,550mv0_converted.csv,550.0,419.61731636118117,335.3489405707828,335.862278883971,335.6175595178661,441.17624883923725,1007.3010707137609,567.096652105798,0.8305531453001953,0.0,0.0,0.0,
0.39,0.092623508,0.0036751265,upper_Cth,0.956269682,0.5,600mv0_converted.csv,600.0,458.3699322834958,337.3668350396248,337.79701254624223,337.57123535322063,406.2137219772026,557.962361855082,153.52664802851737,0.32306813344295454,0.0,0.0,0.0,
0.39,0.092623508,0.0036751265,upper_Cth,0.956269682,0.5,650mv0_converted.csv,650.0,495.4173600492479,339.01004603798634,339.3467487604582,339.186268165615,371.71004807550025,285.553608507213,87.30427511542791,0.2662249745763049,1.0,0.0,0.0,
0.39,0.092623508,0.0036751265,upper_Cth,0.956269682,0.5,700mv0_converted.csv,700.0,533.4180352284689,340.60579893627124,340.91235720515056,340.76627962429785,340.7151551339026,134.84579664173694,206.08240123712562,0.927356452846507,1.0,0.0,0.0,
0.39,0.092623508,0.0036751265,upper_Cth,0.956269682,0.5,750mv0_converted.csv,750.0,570.4337430744487,342.38737864087415,342.62316863668144,342.49232892989113,317.67631504893757,61.08262656938912,256.7052540676896,1.648879771081464,1.0,0.0,0.0,
0.39,0.092623508,0.0036751265,upper_Cth,0.956269682,0.5,800mv0_converted.csv,800.0,606.6551780288738,344.1877084192921,344.334152024176,344.2590487552981,298.2108713285761,32.88876920643419,265.35055572084366,2.2046259216403454,1.0,0.0,0.0,
0.39,0.092623508,0.0036751265,upper_Cth,0.956269682,0.5,850mv0_converted.csv,850.0,646.2233016263873,346.0431674023627,346.3005810535329,346.1527256010942,279.40774791155536,22.611630317008142,256.8053241362906,2.5141904632037764,1.0,0.0,0.0,
0.39,0.092623508,0.0036751265,upper_Cth,0.956269682,0.5,900mv0_converted.csv,900.0,682.8259268820619,347.3145425886706,347.49963052103345,347.4227439163849,260.6128530389083,20.341813342406017,240.2767996196449,2.5503456637870037,1.0,0.0,0.0,
0.39,0.092623508,0.0036751265,upper_Cth,0.956269682,0.5,950mv0_converted.csv,950.0,722.372921341621,348.99698981003866,349.3253440859524,349.18487835217127,245.00311323851165,18.913230914880735,226.0967207330821,2.561393721887846,1.0,0.0,0.0,
0.39,0.092623508,0.0036751265,upper_Cth,0.1569637099,0.5,1000mv0_converted.csv,1000.0,759.2191989197131,350.3239035662452,350.62274502771066,350.5172026025015,230.55558060730556,18.541698871272626,212.02403165269766,2.520446663026961,1.0,0.0,0.0,
0.39,0.092623508,0.0036751265,upper_Cth,0.1569637099,0.5,100mv0_converted.csv,100.0,76.17083384633712,317.9183576780293,317.9645603440955,317.94385972308123,2245.5564588875172,2350.9217517210705,107.94458271370335,0.04708134110575345,0.0,0.0,0.0,
0.39,0.092623508,0.0036751265,upper_Cth,0.1569637099,0.5,1100mv0_converted.csv,1100.0,834.7865599618726,354.0688246140594,354.2922365938447,354.20057680153866,209.96291429798154,18.248775576600934,191.73390607470694,2.442782148876547,1.0,0.0,0.0,
0.39,0.092623508,0.0036751265,upper_Cth,0.1569637099,0.5,1200mv0_converted.csv,1200.0,908.6058899457871,356.9204625337599,357.2684606352398,357.1092970141964,190.4078320014925,18.22081998315188,172.2057326273502,2.3465523494671783,1.0,0.0,0.0,
0.39,0.092623508,0.0036751265,upper_Cth,0.1569637099,0.5,150mv0_converted.csv,150.0,114.17150902555795,321.811182167639,321.87374163010156,321.84439258016755,2105.387001524954,2135.6758199257424,33.03524361096799,0.015617468494232315,0.0,0.0,0.0,
0.39,0.092623508,0.0036751265,upper_Cth,0.1569637099,0.5,200mv0_converted.csv,200.0,152.35217904164247,326.6266658230721,326.75185822008086,326.72068715869665,1957.2703914348324,1896.7169709158416,61.35116591063144,0.031812428180952715,1.0,0.0,0.0,
0.39,0.092623508,0.0036751265,upper_Cth,0.1569637099,0.5,250mv0_converted.csv,250.0,189.60094286792295,330.7605601442038,330.9408264423609,330.8792823496039,1680.6169070790982,1681.4088424833694,5.269111110116817,0.0031339846652693204,0.40594059405940597,0.0,0.0,
0.39,0.092623508,0.0036751265,upper_Cth,0.1569637099,0.5,300mv0_converted.csv,300.0,228.7136509323431,328.5137809612165,329.4533442256637,328.9691973430048,1017.9021323048438,1787.8896907390933,783.2869810194429,0.5905976561301072,0.0,0.0,0.0,
0.39,0.092623508,0.0036751265,upper_Cth,0.1569637099,0.5,350mv0_converted.csv,350.0,267.07439601247086,327.5530991017443,328.70829682061265,328.0948282148712,711.7171214286312,1831.0346244585396,1127.230979616261,0.9818242875312325,0.0,0.0,0.0,
0.39,0.092623508,0.0036751265,upper_Cth,0.1569637099,0.5,400mv0_converted.csv,400.0,303.3911472089279,329.62385497642106,330.56780564858275,330.1079763368657,618.8494207894227,1726.733727181312,1111.859157828047,1.0480751272225606,0.0,0.0,0.0,
0.39,0.092623508,0.0036751265,upper_Cth,0.1569637099,0.5,450mv0_converted.csv,450.0,341.9425303334189,331.2788946585987,332.04492861109395,331.6702363741402,543.6778432052596,1623.8806986289449,1082.0415492273055,1.106306401580403,0.0,0.0,0.0,
0.39,0.092623508,0.0036751265,upper_Cth,0.1569637099,0.5,500mv0_converted.csv,500.0,381.06588239966646,333.32824120230043,333.9386604967586,333.63188785267783,488.4121672435573,1422.0511051593442,934.842750710506,1.0760185645677525,0.0,0.0,0.0,
0.39,0.092623508,0.0036751265,upper_Cth,0.1569637099,0.5,50mv0_converted.csv,50.0,37.79944238139679,315.30837131018416,315.32429843547084,315.3172363195334,2317.5257234282963,2511.264788637067,196.53184383326646,0.08164541592936089,0.0,0.0,0.0,
0.39,0.092623508,0.0036751265,upper_Cth,0.1569637099,0.5,550mv0_converted.csv,550.0,419.61731636118117,335.3489405707828,335.862278883971,335.6175595178661,441.17624883923725,1066.119532821202,626.3778533984463,0.8870987539382258,0.0,0.0,0.0,
0.39,0.092623508,0.0036751265,upper_Cth,0.1569637099,0.5,600mv0_converted.csv,600.0,458.3699322834958,337.3668350396248,337.79701254624223,337.57123535322063,406.2137219772026,609.1170340056467,205.41516166136864,0.4106695398766668,0.0,0.0,0.0,
0.39,0.092623508,0.0036751265,upper_Cth,0.1569637099,0.5,650mv0_converted.csv,650.0,495.4173600492479,339.01004603798634,339.3467487604582,339.186268165615,371.71004807550025,308.2963404891515,65.83292908739989,0.19430858534701503,1.0,0.0,0.0,
0.39,0.092623508,0.0036751265,upper_Cth,0.1569637099,0.5,700mv0_converted.csv,700.0,533.4180352284689,340.60579893627124,340.91235720515056,340.76627962429785,340.7151551339026,142.91741520343442,198.07815110868742,0.8701911888761058,1.0,0.0,0.0,
0.39,0.092623508,0.0036751265,upper_Cth,0.1569637099,0.5,750mv0_converted.csv,750.0,570.4337430744487,342.38737864087415,342.62316863668144,342.49232892989113,317.67631504893757,63.701077225184676,254.09107960117237,1.6072794515305922,1.0,0.0,0.0,
0.39,0.092623508,0.0036751265,upper_Cth,0.1569637099,0.5,800mv0_converted.csv,800.0,606.6551780288738,344.1877084192921,344.334152024176,344.2590487552981,298.2108713285761,33.80507304880879,264.43475150138056,2.1772196020866716,1.0,0.0,0.0,
0.39,0.092623508,0.0036751265,upper_Cth,0.1569637099,0.5,850mv0_converted.csv,850.0,646.2233016263873,346.0431674023627,346.3005810535329,346.1527256010942,279.40774791155536,23.018682951974398,256.39871516822393,2.496396126721581,1.0,0.0,0.0,
0.39,0.092623508,0.0036751265,upper_Cth,0.1569637099,0.5,900mv0_converted.csv,900.0,682.8259268820619,347.3145425886706,347.49963052103345,347.4227439163849,260.6128530389083,20.43293337302633,240.18583423941377,2.5458861142567515,1.0,0.0,0.0,
0.39,0.092623508,0.0036751265,upper_Cth,0.1569637099,0.5,950mv0_converted.csv,950.0,722.372921341621,348.99698981003866,349.3253440859524,349.18487835217127,245.00311323851165,18.95657263651933,226.05349999444044,2.5591098353473787,1.0,0.0,0.0,
0.39,0.092623508,0.0036751265,upper_Cth,0.5,0.5,1000mv0_converted.csv,1000.0,759.2191989197131,350.3239035662452,350.62274502771066,350.5172026025015,230.55558060730556,18.52930474989485,212.03640703626337,2.5211146616966182,1.0,0.0,0.0,
0.39,0.092623508,0.0036751265,upper_Cth,0.5,0.5,100mv0_converted.csv,100.0,76.17083384633712,317.9183576780293,317.9645603440955,317.94385972308123,2245.5564588875172,2350.9217323831995,107.9445643078193,0.04708133329346171,0.0,0.0,0.0,
0.39,0.092623508,0.0036751265,upper_Cth,0.5,0.5,1100mv0_converted.csv,1100.0,834.7865599618726,354.0688246140594,354.2922365938447,354.20057680153866,209.96291429798154,18.24808651385921,191.73459597843777,2.4428199257337213,1.0,0.0,0.0,
0.39,0.092623508,0.0036751265,upper_Cth,0.5,0.5,1200mv0_converted.csv,1200.0,908.6058899457871,356.9204625337599,357.2684606352398,357.1092970141964,190.4078320014925,18.220654459282905,172.2058976829487,2.3465614240958224,1.0,0.0,0.0,
0.39,0.092623508,0.0036751265,upper_Cth,0.5,0.5,150mv0_converted.csv,150.0,114.17150902555795,321.811182167639,321.87374163010156,321.84439258016755,2105.387001524954,2135.675778832766,33.03518550392298,0.015617441291168889,0.0,0.0,0.0,
0.39,0.092623508,0.0036751265,upper_Cth,0.5,0.5,200mv0_converted.csv,200.0,152.35217904164247,326.6266658230721,326.75185822008086,326.72068715869665,1957.2703914348324,1896.7169709158416,61.35116591063144,0.031812428180952715,1.0,0.0,0.0,
0.39,0.092623508,0.0036751265,upper_Cth,0.5,0.5,250mv0_converted.csv,250.0,189.60094286792295,330.7605601442038,330.9408264423609,330.8792823496039,1680.6169070790982,1681.4088424833694,5.269111110116817,0.0031339846652693204,0.40594059405940597,0.0,0.0,
0.39,0.092623508,0.0036751265,upper_Cth,0.5,0.5,300mv0_converted.csv,300.0,228.7136509323431,328.5137809612165,329.4533442256637,328.9691973430048,1017.9021323048438,1786.5017694152227,781.9307205948917,0.5898573637254068,0.0,0.0,0.0,
0.39,0.092623508,0.0036751265,upper_Cth,0.5,0.5,350mv0_converted.csv,350.0,267.07439601247086,327.5530991017443,328.70829682061265,328.0948282148712,711.7171214286312,1826.848522828357,1123.079210389654,0.9795868953552352,0.0,0.0,0.0,
0.39,0.092623508,0.0036751265,upper_Cth,0.5,0.5,400mv0_converted.csv,400.0,303.3911472089279,329.62385497642106,330.56780564858275,330.1079763368657,618.8494207894227,1724.2538397760675,1109.3745969667548,1.0466633748055665,0.0,0.0,0.0,
0.39,0.092623508,0.0036751265,upper_Cth,0.5,0.5,450mv0_converted.csv,450.0,341.9425303334189,331.2788946585987,332.04492861109395,331.6702363741402,543.6778432052596,1619.2006485438583,1077.3415990432034,1.1034597287838241,0.0,0.0,0.0,
0.39,0.092623508,0.0036751265,upper_Cth,0.5,0.5,500mv0_converted.csv,500.0,381.06588239966646,333.32824120230043,333.9386604967586,333.63188785267783,488.4121672435573,1412.2356827235458,924.9303641903289,1.0691680349975188,0.0,0.0,0.0,
0.39,0.092623508,0.0036751265,upper_Cth,0.5,0.5,50mv0_converted.csv,50.0,37.79944238139679,315.30837131018416,315.32429843547084,315.3172363195334,2317.5257234282963,2511.264788637067,196.53184383326646,0.08164541592936089,0.0,0.0,0.0,
0.39,0.092623508,0.0036751265,upper_Cth,0.5,0.5,550mv0_converted.csv,550.0,419.61731636118117,335.3489405707828,335.862278883971,335.6175595178661,441.17624883923725,1051.6059352761447,611.4928217913645,0.8734933550923641,0.0,0.0,0.0,
0.39,0.092623508,0.0036751265,upper_Cth,0.5,0.5,600mv0_converted.csv,600.0,458.3699322834958,337.3668350396248,337.79701254624223,337.57123535322063,406.2137219772026,595.7838884108137,191.38084060165272,0.38823223746652813,0.0,0.0,0.0,
0.39,0.092623508,0.0036751265,upper_Cth,0.5,0.5,650mv0_converted.csv,650.0,495.4173600492479,339.01004603798634,339.3467487604582,339.186268165615,371.71004807550025,302.2657534155515,71.12480284513619,0.2110408614493644,1.0,0.0,0.0,
0.39,0.092623508,0.0036751265,upper_Cth,0.5,0.5,700mv0_converted.csv,700.0,533.4180352284689,340.60579893627124,340.91235720515056,340.76627962429785,340.7151551339026,140.01712882164682,200.9336398946887,0.8898714072551734,1.0,0.0,0.0,
0.39,0.092623508,0.0036751265,upper_Cth,0.5,0.5,750mv0_converted.csv,750.0,570.4337430744487,342.38737864087415,342.62316863668144,342.49232892989113,317.67631504893757,62.737434613822714,255.05233352768903,1.622211446405143,1.0,0.0,0.0,
0.39,0.092623508,0.0036751265,upper_Cth,0.5,0.5,800mv0_converted.csv,800.0,606.6551780288738,344.1877084192921,344.334152024176,344.2590487552981,298.2108713285761,33.36689271077071,264.8726767239119,2.1902167119207028,1.0,0.0,0.0,
0.39,0.092623508,0.0036751265,upper_Cth,0.5,0.5,850mv0_converted.csv,850.0,646.2233016263873,346.0431674023627,346.3005810535329,346.1527256010942,279.40774791155536,22.837663707166616,256.57952313004125,2.5042612729786775,1.0,0.0,0.0,
0.39,0.092623508,0.0036751265,upper_Cth,0.5,0.5,900mv0_converted.csv,900.0,682.8259268820619,347.3145425886706,347.49963052103345,347.4227439163849,260.6128530389083,20.396135216892354,240.22256614841166,2.5476827460387006,1.0,0.0,0.0,
0.39,0.092623508,0.0036751265,upper_Cth,0.5,0.5,950mv0_converted.csv,950.0,722.372921341621,348.99698981003866,349.3253440859524,349.18487835217127,245.00311323851165,18.937417209738552,226.07260093854032,2.5601179643427545,1.0,0.0,0.0,
0.39,0.092623508,0.0036751265,upper_Cth,2.0,0.5,1000mv0_converted.csv,1000.0,759.2191989197131,350.3239035662452,350.62274502771066,350.5172026025015,230.55558060730556,18.489636147376334,212.07601813214777,2.5232568877754358,1.0,0.0,0.0,
0.39,0.092623508,0.0036751265,upper_Cth,2.0,0.5,100mv0_converted.csv,100.0,76.17083384633712,317.9183576780293,317.9645603440955,317.94385972308123,2245.5564588875172,2350.921684038521,107.94451538638839,0.04708131250866383,0.0,0.0,0.0,
0.39,0.092623508,0.0036751265,upper_Cth,2.0,0.5,1100mv0_converted.csv,1100.0,834.7865599618726,354.0688246140594,354.2922365938447,354.20057680153866,209.96291429798154,18.2445544629994,191.73812621441627,2.4430134700911452,1.0,0.0,0.0,
0.39,0.092623508,0.0036751265,upper_Cth,2.0,0.5,1200mv0_converted.csv,1200.0,908.6058899457871,356.9204625337599,357.2684606352398,357.1092970141964,190.4078320014925,18.22008773123864,172.20646275817052,2.34659249419244,1.0,0.0,0.0,
0.39,0.092623508,0.0036751265,upper_Cth,2.0,0.5,150mv0_converted.csv,150.0,114.17150902555795,321.811182167639,321.87374163010156,321.84439258016755,2105.387001524954,2135.675486347463,33.03484546775763,0.01561728212447421,0.0,0.0,0.0,
0.39,0.092623508,0.0036751265,upper_Cth,2.0,0.5,200mv0_converted.csv,200.0,152.35217904164247,326.6266658230721,326.75185822008086,326.72068715869665,1957.2703914348324,1896.7169709158416,61.35116591063144,0.031812428180952715,1.0,0.0,0.0,
0.39,0.092623508,0.0036751265,upper_Cth,2.0,0.5,250mv0_converted.csv,250.0,189.60094286792295,330.7605601442038,330.9408264423609,330.8792823496039,1680.6169070790982,1681.4088424833694,5.269111110116817,0.0031339846652693204,0.40594059405940597,0.0,0.0,
0.39,0.092623508,0.0036751265,upper_Cth,2.0,0.5,300mv0_converted.csv,300.0,228.7136509323431,328.5137809612165,329.4533442256637,328.9691973430048,1017.9021323048438,1765.0030009959003,760.610823111977,0.5780191607824248,0.0,0.0,0.0,
0.39,0.092623508,0.0036751265,upper_Cth,2.0,0.5,350mv0_converted.csv,350.0,267.07439601247086,327.5530991017443,328.70829682061265,328.0948282148712,711.7171214286312,1792.4383279026144,1088.7596264297927,0.9609177050699447,0.0,0.0,0.0,
0.39,0.092623508,0.0036751265,upper_Cth,2.0,0.5,400mv0_converted.csv,400.0,303.3911472089279,329.62385497642106,330.56780564858275,330.1079763368657,618.8494207894227,1681.7007742400217,1066.7813300048815,1.0218361459481664,0.0,0.0,0.0,
0.39,0.092623508,0.0036751265,upper_Cth,2.0,0.5,450mv0_converted.csv,450.0,341.9425303334189,331.2788946585987,332.04492861109395,331.6702363741402,543.6778432052596,1563.9744365427753,1022.1306180296394,1.0688893366523453,0.0,0.0,0.0,
0.39,0.092623508,0.0036751265,upper_Cth,2.0,0.5,500mv0_converted.csv,500.0,381.06588239966646,333.32824120230043,333.9386604967586,333.63188785267783,488.4121672435573,1307.964001343982,821.0935476027828,0.9926396608756975,0.0,0.0,0.0,
0.39,0.092623508,0.0036751265,upper_Cth,2.0,0.5,50mv0_converted.csv,50.0,37.79944238139679,315.30837131018416,315.32429843547084,315.3172363195334,2317.5257234282963,2511.264788637067,196.53184383326646,0.08164541592936089,0.0,0.0,0.0,
0.39,0.092623508,0.0036751265,upper_Cth,2.0,0.5,550mv0_converted.csv,550.0,419.61731636118117,335.3489405707828,335.862278883971,335.6175595178661,441.17624883923725,931.9572457795095,493.23158480972916,0.7533059088788031,0.0,0.0,0.0,
0.39,0.092623508,0.0036751265,upper_Cth,2.0,0.5,600mv0_converted.csv,600.0,458.3699322834958,337.3668350396248,337.79701254624223,337.57123535322063,406.2137219772026,500.2581944229579,99.89950883946614,0.22059357646400174,0.0,0.0,0.0,
0.39,0.092623508,0.0036751265,upper_Cth,2.0,0.5,650mv0_converted.csv,650.0,495.4173600492479,339.01004603798634,339.3467487604582,339.186268165615,371.71004807550025,257.93557633503826,115.11808106751096,0.3704671179229448,1.0,0.0,0.0,
0.39,0.092623508,0.0036751265,upper_Cth,2.0,0.5,700mv0_converted.csv,700.0,533.4180352284689,340.60579893627124,340.91235720515056,340.76627962429785,340.7151551339026,125.6493195637618,215.3408179878108,1.0003978743211648,1.0,0.0,0.0,
0.39,0.092623508,0.0036751265,upper_Cth,2.0,0.5,750mv0_converted.csv,750.0,570.4337430744487,342.38737864087415,342.62316863668144,342.49232892989113,317.67631504893757,58.18696450715018,259.6036824768485,1.6981023971686904,1.0,0.0,0.0,
0.39,0.092623508,0.0036751265,upper_Cth,2.0,0.5,800mv0_converted.csv,800.0,606.6551780288738,344.1877084192921,344.334152024176,344.2590487552981,298.2108713285761,31.89931272752214,266.3398294091027,2.235237498237886,1.0,0.0,0.0,
0.39,0.092623508,0.0036751265,upper_Cth,2.0,0.5,850mv0_converted.csv,850.0,646.2233016263873,346.0431674023627,346.3005810535329,346.1527256010942,279.40774791155536,22.141152617954972,257.27543039792636,2.5352469499593866,1.0,0.0,0.0,
0.39,0.092623508,0.0036751265,upper_Cth,2.0,0.5,900mv0_converted.csv,900.0,682.8259268820619,347.3145425886706,347.49963052103345,347.4227439163849,260.6128530389083,20.238067249260325,240.3803710569908,2.55546197283562,1.0,0.0,0.0,
0.39,0.092623508,0.0036751265,upper_Cth,2.0,0.5,950mv0_converted.csv,950.0,722.372921341621,348.99698981003866,349.3253440859524,349.18487835217127,245.00311323851165,18.86113980737063,226.148684528747,2.564151801710638,1.0,0.0,0.0,
0.39,0.092623508,0.0036751265,upper_Cth,0.956269682,0.25,1000mv0_converted.csv,1000.0,759.2191989197131,350.323903566245,350.62274502771055,350.51720260250136,230.55558060730556,18.51736308560513,212.04832884133165,2.521758827803177,1.0,0.0,0.0,
0.39,0.092623508,0.0036751265,upper_Cth,0.956269682,0.25,100mv0_converted.csv,100.0,76.17083384633712,317.9183576780293,317.96456034409545,317.94385972308123,2245.5564588875172,2350.9218073174507,107.94464063062463,0.047081365760544565,0.0,0.0,0.0,
0.39,0.092623508,0.0036751265,upper_Cth,0.956269682,0.25,1100mv0_converted.csv,1100.0,834.7865599618726,354.06882461405917,354.29223659384445,354.20057680153855,209.96291429798154,18.246975681569317,191.73570557696462,2.4428807772427206,1.0,0.0,0.0,
0.39,0.092623508,0.0036751265,upper_Cth,0.956269682,0.25,1200mv0_converted.csv,1200.0,908.6058899457871,356.9204625337597,357.2684606352397,357.1092970141962,190.4078320014925,18.220463176765065,172.2060883289339,2.3465719090761836,1.0,0.0,0.0,
0.39,0.092623508,0.0036751265,upper_Cth,0.956269682,0.25,150mv0_converted.csv,150.0,114.17150902555795,321.81118216763895,321.8737416301015,321.8443925801675,2105.387001524954,2135.6754525061883,33.03483485721982,0.015617277159672488,0.0,0.0,0.0,
0.39,0.092623508,0.0036751265,upper_Cth,0.956269682,0.25,200mv0_converted.csv,200.0,152.35217904164247,326.626665823072,326.7518582200808,326.7206871586966,1957.2703914348324,1896.7169709158416,61.35116591063144,0.031812428180952715,1.0,0.0,0.0,
0.39,0.092623508,0.0036751265,upper_Cth,0.956269682,0.25,250mv0_converted.csv,250.0,189.60094286792295,330.76056014420374,330.94082644236084,330.8792823496039,1680.6169070790982,1681.4088424833694,5.269111110116817,0.0031339846652693204,0.40594059405940597,0.0,0.0,
0.39,0.092623508,0.0036751265,upper_Cth,0.956269682,0.25,300mv0_converted.csv,300.0,228.7136509323431,328.51378096121647,329.45334422566367,328.96919734300474,1017.9021323048438,1780.7320061107673,776.2087205417349,0.5866893293046513,0.0,0.0,0.0,
0.39,0.092623508,0.0036751265,upper_Cth,0.956269682,0.25,350mv0_converted.csv,350.0,267.07439601247086,327.5530991017442,328.7082968206126,328.09482821487114,711.7171214286312,1819.2295091081373,1115.4892759577876,0.9754837618521749,0.0,0.0,0.0,
0.39,0.092623508,0.0036751265,upper_Cth,0.956269682,0.25,400mv0_converted.csv,400.0,303.3911472089279,329.623854976421,330.5678056485827,330.10797633686565,618.8494207894227,1710.6407446530786,1095.7582757787077,1.0387972225407365,0.0,0.0,0.0,
0.39,0.092623508,0.0036751265,upper_Cth,0.956269682,0.25,450mv0_converted.csv,450.0,341.9425303334189,331.27889465859863,332.0449286110939,331.6702363741401,543.6778432052596,1600.417210947169,1058.5425021937097,1.0918409924737749,0.0,0.0,0.0,
0.39,0.092623508,0.0036751265,upper_Cth,0.956269682,0.25,500mv0_converted.csv,500.0,381.06588239966646,333.3282412023003,333.9386604967585,333.6318878526777,488.4121672435573,1375.074217541383,887.703577480876,1.0425568633310116,0.0,0.0,0.0,
0.39,0.092623508,0.0036751265,upper_Cth,0.956269682,0.25,50mv0_converted.csv,50.0,37.79944238139679,315.30837131018416,315.32429843547084,315.3172363195334,2317.5257234282963,2511.264788637067,196.53184383326646,0.08164541592936089,0.0,0.0,0.0,
0.39,0.092623508,0.0036751265,upper_Cth,0.956269682,0.25,550mv0_converted.csv,550.0,419.61731636118117,335.34894057078276,335.8622788839709,335.617559517866,441.17624883923725,1004.2080827467512,564.0086772210524,0.8274820429263687,0.0,0.0,0.0,
0.39,0.092623508,0.0036751265,upper_Cth,0.956269682,0.25,600mv0_converted.csv,600.0,458.3699322834958,337.3668350396247,337.7970125462421,337.5712353532206,406.2137219772026,556.9903643013228,152.58424258185676,0.321363162211072,0.0,0.0,0.0,
0.39,0.092623508,0.0036751265,upper_Cth,0.956269682,0.25,650mv0_converted.csv,650.0,495.4173600492479,339.0100460379862,339.3467487604581,339.1862681656149,371.71004807550025,285.80629042823716,87.06017177714833,0.26538291549161597,1.0,0.0,0.0,
0.39,0.092623508,0.0036751265,upper_Cth,0.956269682,0.25,700mv0_converted.csv,700.0,533.4180352284689,340.60579893627107,340.91235720515044,340.7662796242978,340.7151551339026,134.5987509548074,206.33029716493797,0.9292264244840647,1.0,0.0,0.0,
0.39,0.092623508,0.0036751265,upper_Cth,0.956269682,0.25,750mv0_converted.csv,750.0,570.4337430744487,342.387378640874,342.62316863668127,342.492328929891,317.67631504893757,61.084131297498644,256.70373254954404,1.648857351168056,1.0,0.0,0.0,
0.39,0.092623508,0.0036751265,upper_Cth,0.956269682,0.25,800mv0_converted.csv,800.0,606.6551780288738,344.187708419292,344.33415202417586,344.2590487552981,298.2108713285761,32.83306053841468,265.4062780703177,2.2063207554199127,1.0,0.0,0.0,
0.39,0.092623508,0.0036751265,upper_Cth,0.956269682,0.25,850mv0_converted.csv,850.0,646.2233016263873,346.0431674023626,346.3005810535327,346.15272560109406,279.40774791155536,22.60592247235893,256.81103161029387,2.5144429181646606,1.0,0.0,0.0,
0.39,0.092623508,0.0036751265,upper_Cth,0.956269682,0.25,900mv0_converted.csv,900.0,682.8259268820619,347.3145425886704,347.49963052103334,347.42274391638466,260.6128530389083,20.35215978339167,240.26645420378233,2.549837212712635,1.0,0.0,0.0,
0.39,0.092623508,0.0036751265,upper_Cth,0.956269682,0.25,950mv0_converted.csv,950.0,722.372921341621,348.99698981003854,349.3253440859523,349.18487835217115,245.00311323851165,18.919637793361552,226.09031596231665,2.5610550703230057,1.0,0.0,0.0,
0.39,0.092623508,0.0036751265,upper_Cth,0.1569637099,0.25,1000mv0_converted.csv,1000.0,759.2191989197131,350.323903566245,350.62274502771055,350.51720260250136,230.55558060730556,18.541746422795967,212.0239835052959,2.520444085378923,1.0,0.0,0.0,
0.39,0.092623508,0.0036751265,upper_Cth,0.1569637099,0.25,100mv0_converted.csv,100.0,76.17083384633712,317.9183576780293,317.96456034409545,317.94385972308123,2245.5564588875172,2350.921785562345,107.9446161379506,0.047081355310270516,0.0,0.0,0.0,
0.39,0.092623508,0.0036751265,upper_Cth,0.1569637099,0.25,1100mv0_converted.csv,1100.0,834.7865599618726,354.06882461405917,354.29223659384445,354.20057680153855,209.96291429798154,18.2487798634142,191.73390180696344,2.4427819143462117,1.0,0.0,0.0,
0.39,0.092623508,0.0036751265,upper_Cth,0.1569637099,0.25,1200mv0_converted.csv,1200.0,908.6058899457871,356.9204625337597,357.2684606352397,357.1092970141962,190.4078320014925,18.22081767922581,172.2057349170029,2.3465524756098834,1.0,0.0,0.0,
0.39,0.092623508,0.0036751265,upper_Cth,0.1569637099,0.25,150mv0_converted.csv,150.0,114.17150902555795,321.81118216763895,321.8737416301015,321.8443925801675,2105.387001524954,2135.6757981706373,33.03521180557709,0.015617453592959886,0.0,0.0,0.0,
0.39,0.092623508,0.0036751265,upper_Cth,0.1569637099,0.25,200mv0_converted.csv,200.0,152.35217904164247,326.626665823072,326.7518582200808,326.7206871586966,1957.2703914348324,1896.7169709158416,61.35116591063144,0.031812428180952715,1.0,0.0,0.0,
0.39,0.092623508,0.0036751265,upper_Cth,0.1569637099,0.25,250mv0_converted.csv,250.0,189.60094286792295,330.76056014420374,330.94082644236084,330.8792823496039,1680.6169070790982,1681.4088424833694,5.269111110116817,0.0031339846652693204,0.40594059405940597,0.0,0.0,
0.39,0.092623508,0.0036751265,upper_Cth,0.1569637099,0.25,300mv0_converted.csv,300.0,228.7136509323431,328.51378096121647,329.45334422566367,328.96919734300474,1017.9021323048438,1787.8880711923732,783.2852006144857,0.5905966464413592,0.0,0.0,0.0,
0.39,0.092623508,0.0036751265,upper_Cth,0.1569637099,0.25,350mv0_converted.csv,350.0,267.07439601247086,327.5530991017442,328.7082968206126,328.09482821487114,711.7171214286312,1831.033581422107,1127.229802445029,0.9818236044900829,0.0,0.0,0.0,
0.39,0.092623508,0.0036751265,upper_Cth,0.1569637099,0.25,400mv0_converted.csv,400.0,303.3911472089279,329.623854976421,330.5678056485827,330.10797633686565,618.8494207894227,1726.7115829014542,1111.8358755467304,1.048061317966123,0.0,0.0,0.0,
0.39,0.092623508,0.0036751265,upper_Cth,0.1569637099,0.25,450mv0_converted.csv,450.0,341.9425303334189,331.27889465859863,332.0449286110939,331.6702363741401,543.6778432052596,1623.8777073019803,1082.0382762543013,1.1063042844562738,0.0,0.0,0.0,
0.39,0.092623508,0.0036751265,upper_Cth,0.1569637099,0.25,500mv0_converted.csv,500.0,381.06588239966646,333.3282412023003,333.9386604967585,333.6318878526777,488.4121672435573,1421.9842142539449,934.772138967226,1.0759674417085636,0.0,0.0,0.0,
0.39,0.092623508,0.0036751265,upper_Cth,0.1569637099,0.25,50mv0_converted.csv,50.0,37.79944238139679,315.30837131018416,315.32429843547084,315.3172363195334,2317.5257234282963,2511.264788637067,196.53184383326646,0.08164541592936089,0.0,0.0,0.0,
0.39,0.092623508,0.0036751265,upper_Cth,0.1569637099,0.25,550mv0_converted.csv,550.0,419.61731636118117,335.34894057078276,335.8622788839709,335.617559517866,441.17624883923725,1065.979724846264,626.230266369337,0.8869578030120968,0.0,0.0,0.0,
0.39,0.092623508,0.0036751265,upper_Cth,0.1569637099,0.25,600mv0_converted.csv,600.0,458.3699322834958,337.3668350396247,337.7970125462421,337.5712353532206,406.2137219772026,609.0284496345142,205.32242885774176,0.41051946929975147,0.0,0.0,0.0,
0.39,0.092623508,0.0036751265,upper_Cth,0.1569637099,0.25,650mv0_converted.csv,650.0,495.4173600492479,339.0100460379862,339.3467487604581,339.1862681656149,371.71004807550025,308.3170570902305,65.81411433518923,0.19425388114730596,1.0,0.0,0.0,
0.39,0.092623508,0.0036751265,upper_Cth,0.1569637099,0.25,700mv0_converted.csv,700.0,533.4180352284689,340.60579893627107,340.91235720515044,340.7662796242978,340.7151551339026,142.9069522064511,198.08780666197453,0.8702585810480226,1.0,0.0,0.0,
0.39,0.092623508,0.0036751265,upper_Cth,0.1569637099,0.25,750mv0_converted.csv,750.0,570.4337430744487,342.387378640874,342.62316863668127,342.492328929891,317.67631504893757,63.69678739037844,254.09537144008092,1.6073453231513293,1.0,0.0,0.0,
0.39,0.092623508,0.0036751265,upper_Cth,0.1569637099,0.25,800mv0_converted.csv,800.0,606.6551780288738,344.187708419292,344.33415202417586,344.2590487552981,298.2108713285761,33.80806985231909,264.4317573525925,2.1771313822771714,1.0,0.0,0.0,
0.39,0.092623508,0.0036751265,upper_Cth,0.1569637099,0.25,850mv0_converted.csv,850.0,646.2233016263873,346.0431674023626,346.3005810535327,346.15272560109406,279.40774791155536,23.02055285236623,256.3968481074784,2.496315632685156,1.0,0.0,0.0,
0.39,0.092623508,0.0036751265,upper_Cth,0.1569637099,0.25,900mv0_converted.csv,900.0,682.8259268820619,347.3145425886704,347.49963052103334,347.42274391638466,260.6128530389083,20.43298547574789,240.18578176126167,2.545883553485708,1.0,0.0,0.0,
0.39,0.092623508,0.0036751265,upper_Cth,0.1569637099,0.25,950mv0_converted.csv,950.0,722.372921341621,348.99698981003854,349.3253440859523,349.18487835217115,245.00311323851165,18.957631951511495,226.05244124448853,2.5590539862213677,1.0,0.0,0.0,
0.39,0.092623508,0.0036751265,upper_Cth,0.5,0.25,1000mv0_converted.csv,1000.0,759.2191989197131,350.323903566245,350.62274502771055,350.51720260250136,230.55558060730556,18.529701874987914,212.03600962236024,2.521093221945504,1.0,0.0,0.0,
0.39,0.092623508,0.0036751265,upper_Cth,0.5,0.25,100mv0_converted.csv,100.0,76.17083384633712,317.9183576780293,317.96456034409545,317.94385972308123,2245.5564588875172,2350.9217783106437,107.94460829122235,0.04708135196655862,0.0,0.0,0.0,
0.39,0.092623508,0.0036751265,upper_Cth,0.5,0.25,1100mv0_converted.csv,1100.0,834.7865599618726,354.06882461405917,354.29223659384445,354.20057680153855,209.96291429798154,18.24816418638324,191.73451824741116,2.4428156680098976,1.0,0.0,0.0,
0.39,0.092623508,0.0036751265,upper_Cth,0.5,0.25,1200mv0_converted.csv,1200.0,908.6058899457871,356.9204625337597,357.2684606352397,357.1092970141962,190.4078320014925,18.220644469308382,172.2059075920754,2.3465619706828185,1.0,0.0,0.0,
0.39,0.092623508,0.0036751265,upper_Cth,0.5,0.25,150mv0_converted.csv,150.0,114.17150902555795,321.81118216763895,321.8737416301015,321.8443925801675,2105.387001524954,2135.6756507193686,33.03505556059989,0.015617380462582271,0.0,0.0,0.0,
0.39,0.092623508,0.0036751265,upper_Cth,0.5,0.25,200mv0_converted.csv,200.0,152.35217904164247,326.626665823072,326.7518582200808,326.7206871586966,1957.2703914348324,1896.7169709158416,61.35116591063144,0.031812428180952715,1.0,0.0,0.0,
0.39,0.092623508,0.0036751265,upper_Cth,0.5,0.25,250mv0_converted.csv,250.0,189.60094286792295,330.76056014420374,330.94082644236084,330.8792823496039,1680.6169070790982,1681.4088424833694,5.269111110116817,0.0031339846652693204,0.40594059405940597,0.0,0.0,
0.39,0.092623508,0.0036751265,upper_Cth,0.5,0.25,300mv0_converted.csv,300.0,228.7136509323431,328.51378096121647,329.45334422566367,328.96919734300474,1017.9021323048438,1786.494332795096,781.9234098178233,0.5898533341311586,0.0,0.0,0.0,
0.39,0.092623508,0.0036751265,upper_Cth,0.5,0.25,350mv0_converted.csv,350.0,267.07439601247086,327.5530991017442,328.7082968206126,328.09482821487114,711.7171214286312,1826.805881613552,1123.0368734605488,0.9795639396853524,0.0,0.0,0.0,
0.39,0.092623508,0.0036751265,upper_Cth,0.5,0.25,400mv0_converted.csv,400.0,303.3911472089279,329.623854976421,330.5678056485827,330.10797633686565,618.8494207894227,1724.1435607305848,1109.2644084650985,1.0465999112966704,0.0,0.0,0.0,
0.39,0.092623508,0.0036751265,upper_Cth,0.5,0.25,450mv0_converted.csv,450.0,341.9425303334189,331.27889465859863,332.0449286110939,331.6702363741401,543.6778432052596,1619.1666005956065,1077.3079482932174,1.1034393477998625,0.0,0.0,0.0,
0.39,0.092623508,0.0036751265,upper_Cth,0.5,0.25,500mv0_converted.csv,500.0,381.06588239966646,333.3282412023003,333.9386604967585,333.6318878526777,488.4121672435573,1411.7982395285428,924.4917119679432,1.068859901770823,0.0,0.0,0.0,
0.39,0.092623508,0.0036751265,upper_Cth,0.5,0.25,50mv0_converted.csv,50.0,37.79944238139679,315.30837131018416,315.32429843547084,315.3172363195334,2317.5257234282963,2511.264788637067,196.53184383326646,0.08164541592936089,0.0,0.0,0.0,
0.39,0.092623508,0.0036751265,upper_Cth,0.5,0.25,550mv0_converted.csv,550.0,419.61731636118117,335.34894057078276,335.8622788839709,335.617559517866,441.17624883923725,1050.8660804068688,610.7443430031889,0.8727845903078326,0.0,0.0,0.0,
0.39,0.092623508,0.0036751265,upper_Cth,0.5,0.25,600mv0_converted.csv,600.0,458.3699322834958,337.3668350396247,337.7970125462421,337.5712353532206,406.2137219772026,595.4904767026995,191.08569183081957,0.3877344329125838,0.0,0.0,0.0,
0.39,0.092623508,0.0036751265,upper_Cth,0.5,0.25,650mv0_converted.csv,650.0,495.4173600492479,339.0100460379862,339.3467487604581,339.1862681656149,371.71004807550025,302.335346788463,71.05504667567945,0.21082341311889893,1.0,0.0,0.0,
0.39,0.092623508,0.0036751265,upper_Cth,0.5,0.25,700mv0_converted.csv,700.0,533.4180352284689,340.60579893627107,340.91235720515044,340.7662796242978,340.7151551339026,140.2542405836653,200.70163812169082,0.8882382746233188,1.0,0.0,0.0,
0.39,0.092623508,0.0036751265,upper_Cth,0.5,0.25,750mv0_converted.csv,750.0,570.4337430744487,342.387378640874,342.62316863668127,342.492328929891,317.67631504893757,62.73537649022471,255.0543445636146,1.6222445955228215,1.0,0.0,0.0,
0.39,0.092623508,0.0036751265,upper_Cth,0.5,0.25,800mv0_converted.csv,800.0,606.6551780288738,344.187708419292,344.33415202417586,344.2590487552981,298.2108713285761,33.323586530024464,264.91598554069043,2.1915160996603342,1.0,0.0,0.0,
0.39,0.092623508,0.0036751265,upper_Cth,0.5,0.25,850mv0_converted.csv,850.0,646.2233016263873,346.0431674023626,346.3005810535327,346.15272560109406,279.40774791155536,22.83451238953241,256.5826741941526,2.5043992534166226,1.0,0.0,0.0,
0.39,0.092623508,0.0036751265,upper_Cth,0.5,0.25,900mv0_converted.csv,900.0,682.8259268820619,347.3145425886704,347.49963052103334,347.42274391638466,260.6128530389083,20.401226799086768,240.21747583099554,2.547433299890034,1.0,0.0,0.0,
0.39,0.092623508,0.0036751265,upper_Cth,0.5,0.25,950mv0_converted.csv,950.0,722.372921341621,348.99698981003854,349.3253440859523,349.18487835217115,245.00311323851165,18.940894891720006,226.06912477009286,2.559934401272418,1.0,0.0,0.0,
0.39,0.092623508,0.0036751265,upper_Cth,2.0,0.25,1000mv0_converted.csv,1000.0,759.2191989197131,350.323903566245,350.62274502771055,350.51720260250136,230.55558060730556,18.491315728366963,212.07433796282746,2.523166048556687,1.0,0.0,0.0,
0.39,0.092623508,0.0036751265,upper_Cth,2.0,0.25,100mv0_converted.csv,100.0,76.17083384633712,317.9183576780293,317.96456034409545,317.94385972308123,2245.5564588875172,2350.9218024829825,107.9446350543531,0.04708136339534706,0.0,0.0,0.0,
0.39,0.092623508,0.0036751265,upper_Cth,2.0,0.25,1100mv0_converted.csv,1100.0,834.7865599618726,354.06882461405917,354.29223659384445,354.20057680153855,209.96291429798154,18.24504805083322,191.73763219833023,2.442986407223772,1.0,0.0,0.0,
0.39,0.092623508,0.0036751265,upper_Cth,2.0,0.25,1200mv0_converted.csv,1200.0,908.6058899457871,356.9204625337597,357.2684606352397,357.1092970141962,190.4078320014925,18.220110808268632,172.20643970560775,2.3465912281173535,1.0,0.0,0.0,
0.39,0.092623508,0.0036751265,upper_Cth,2.0,0.25,150mv0_converted.csv,150.0,114.17150902555795,321.81118216763895,321.8737416301015,321.8443925801675,2105.387001524954,2135.675041576423,33.03437607813298,0.015617062395451532,0.0,0.0,0.0,
0.39,0.092623508,0.0036751265,upper_Cth,2.0,0.25,200mv0_converted.csv,200.0,152.35217904164247,326.626665823072,326.7518582200808,326.7206871586966,1957.2703914348324,1896.7169709158416,61.35116591063144,0.031812428180952715,1.0,0.0,0.0,
0.39,0.092623508,0.0036751265,upper_Cth,2.0,0.25,250mv0_converted.csv,250.0,189.60094286792295,330.76056014420374,330.94082644236084,330.8792823496039,1680.6169070790982,1681.4088424833694,5.269111110116817,0.0031339846652693204,0.40594059405940597,0.0,0.0,
0.39,0.092623508,0.0036751265,upper_Cth,2.0,0.25,300mv0_converted.csv,300.0,228.7136509323431,328.51378096121647,329.45334422566367,328.96919734300474,1017.9021323048438,1764.5616950611077,760.1759106517129,0.5777759360987584,0.0,0.0,0.0,
0.39,0.092623508,0.0036751265,upper_Cth,2.0,0.25,350mv0_converted.csv,350.0,267.07439601247086,327.5530991017442,328.7082968206126,328.09482821487114,711.7171214286312,1791.6003393796411,1087.9256278195296,0.9604584167849867,0.0,0.0,0.0,
0.39,0.092623508,0.0036751265,upper_Cth,2.0,0.25,400mv0_converted.csv,400.0,303.3911472089279,329.623854976421,330.5678056485827,330.10797633686565,618.8494207894227,1680.6515400197247,1065.7317457143663,1.0212126896416978,0.0,0.0,0.0,
0.39,0.092623508,0.0036751265,upper_Cth,2.0,0.25,450mv0_converted.csv,450.0,341.9425303334189,331.27889465859863,332.0449286110939,331.6702363741401,543.6778432052596,1562.7916900332611,1020.9513866525324,1.0681368974268877,0.0,0.0,0.0,
0.39,0.092623508,0.0036751265,upper_Cth,2.0,0.25,500mv0_converted.csv,500.0,381.06588239966646,333.3282412023003,333.9386604967585,333.6318878526777,488.4121672435573,1305.1411845896503,818.3044746390391,0.9904715142881745,0.0,0.0,0.0,
0.39,0.092623508,0.0036751265,upper_Cth,2.0,0.25,50mv0_converted.csv,50.0,37.79944238139679,315.30837131018416,315.32429843547084,315.3172363195334,2317.5257234282963,2511.264788637067,196.53184383326646,0.08164541592936089,0.0,0.0,0.0,
0.39,0.092623508,0.0036751265,upper_Cth,2.0,0.25,550mv0_converted.csv,550.0,419.61731636118117,335.34894057078276,335.8622788839709,335.617559517866,441.17624883923725,925.0922791131652,486.4381637409942,0.7459479458046032,0.0,0.0,0.0,
0.39,0.092623508,0.0036751265,upper_Cth,2.0,0.25,600mv0_converted.csv,600.0,458.3699322834958,337.3668350396247,337.7970125462421,337.5712353532206,406.2137219772026,498.2707377518758,98.16023617705147,0.21705941967813158,0.0,0.0,0.0,
0.39,0.092623508,0.0036751265,upper_Cth,2.0,0.25,650mv0_converted.csv,650.0,495.4173600492479,339.0100460379862,339.3467487604581,339.1862681656149,371.71004807550025,258.2458048905477,114.81165998992502,0.36928765302923594,1.0,0.0,0.0,
0.39,0.092623508,0.0036751265,upper_Cth,2.0,0.25,700mv0_converted.csv,700.0,533.4180352284689,340.60579893627107,340.91235720515044,340.7662796242978,340.7151551339026,125.04151070472038,215.9485969759824,1.005290526084015,1.0,0.0,0.0,
0.39,0.092623508,0.0036751265,upper_Cth,2.0,0.25,750mv0_converted.csv,750.0,570.4337430744487,342.387378640874,342.62316863668127,342.492328929891,317.67631504893757,58.16742509898573,259.62313891205014,1.6984390671459209,1.0,0.0,0.0,
0.39,0.092623508,0.0036751265,upper_Cth,2.0,0.25,800mv0_converted.csv,800.0,606.6551780288738,344.187708419292,344.33415202417586,344.2590487552981,298.2108713285761,31.790934893164305,266.44822910857556,2.238637580029506,1.0,0.0,0.0,
0.39,0.092623508,0.0036751265,upper_Cth,2.0,0.25,850mv0_converted.csv,850.0,646.2233016263873,346.0431674023626,346.3005810535327,346.15272560109406,279.40774791155536,22.13026745484607,257.28631565895114,2.5357386356867884,1.0,0.0,0.0,
0.39,0.092623508,0.0036751265,upper_Cth,2.0,0.25,900mv0_converted.csv,900.0,682.8259268820619,347.3145425886704,347.49963052103334,347.42274391638466,260.6128530389083,20.25864848524037,240.35979001510222,2.5544455950848945,1.0,0.0,0.0,
0.39,0.092623508,0.0036751265,upper_Cth,2.0,0.25,950mv0_converted.csv,950.0,722.372921341621,348.99698981003854,349.3253440859523,349.18487835217115,245.00311323851165,18.858412600979946,226.15140645985775,2.564296443186851,1.0,0.0,0.0,
0.39,0.047873236,0.0036751265,smoothing_nine_samples,0.956269682,1.0,1000mv0_converted.csv,1000.0,759.2191989197131,350.2183563443791,350.6538757060569,350.4982716626864,230.55470315281735,18.481972514992894,212.08144777562117,2.5236714535397615,1.0,0.0,0.0,9.0
0.39,0.047873236,0.0036751265,smoothing_nine_samples,0.956269682,1.0,100mv0_converted.csv,100.0,76.17083384633712,317.92701952970583,317.9805735839977,317.94960416111695,2245.374589794824,2350.5853041847154,107.46371155980634,0.04686131721504905,0.0,0.0,0.0,9.0
0.39,0.047873236,0.0036751265,smoothing_nine_samples,0.956269682,1.0,1100mv0_converted.csv,1100.0,834.7865599618726,353.988485995858,354.3738512326478,354.203563429279,209.96121239995452,18.239591069740825,191.7378130002479,2.4432866492234266,1.0,0.0,0.0,9.0
0.39,0.047873236,0.0036751265,smoothing_nine_samples,0.956269682,1.0,1200mv0_converted.csv,1200.0,908.6058899457871,356.8074514015169,357.42839082792744,357.1216856738723,190.40399143109903,18.21953830152455,172.20141343932417,2.3466073008802457,1.0,0.0,0.0,9.0
0.39,0.047873236,0.0036751265,smoothing_nine_samples,0.956269682,1.0,150mv0_converted.csv,150.0,114.17150902555795,321.8189674598764,321.8857927864293,321.8551845732383,2105.410031559668,2135.1130467783105,31.341062166514856,0.014803524397798218,0.0,0.0,0.0,9.0
0.39,0.047873236,0.0036751265,smoothing_nine_samples,0.956269682,1.0,200mv0_converted.csv,200.0,152.35217904164247,326.69824957529914,326.7747837277664,326.74464320202384,1957.2635913316615,1895.579234510365,62.245343950811986,0.032295606835281196,1.0,0.0,0.0,9.0
0.39,0.047873236,0.0036751265,smoothing_nine_samples,0.956269682,1.0,250mv0_converted.csv,250.0,189.60094286792295,330.8539746784439,330.96044159240154,330.91174943160803,1680.553170486013,1679.1460939917233,4.153460318601697,0.002470881684572608,0.6237623762376238,0.0,0.0,9.0
0.39,0.047873236,0.0036751265,smoothing_nine_samples,0.956269682,1.0,300mv0_converted.csv,300.0,228.7136509323431,328.1334880790903,329.84996945008703,328.9610908307428,1017.9084824154764,1763.6261373085551,760.0868120723509,0.5774904441422375,0.0,0.0,0.0,9.0
0.39,0.047873236,0.0036751265,smoothing_nine_samples,0.956269682,1.0,350mv0_converted.csv,350.0,267.07439601247086,327.07838858726944,329.19982808540806,328.06864717615804,711.6911909930317,1788.6534629293008,1085.8054048490583,0.958838576124936,0.0,0.0,0.0,9.0
0.39,0.047873236,0.0036751265,smoothing_nine_samples,0.956269682,1.0,400mv0_converted.csv,400.0,303.3911472089279,329.2156438574126,330.97445483731514,330.1139620276281,618.8697489704734,1649.981470693456,1035.73811577161,1.002984734498687,0.0,0.0,0.0,9.0
0.39,0.047873236,0.0036751265,smoothing_nine_samples,0.956269682,1.0,450mv0_converted.csv,450.0,341.9425303334189,330.9650818314258,332.3657231613325,331.6794427034379,543.6939029903807,1520.8908739750927,979.3923441997902,1.0410437982169247,0.0,0.0,0.0,9.0
0.39,0.047873236,0.0036751265,smoothing_nine_samples,0.956269682,1.0,500mv0_converted.csv,500.0,381.06588239966646,333.1080926086528,334.1904268073654,333.6432041415575,488.4001227207024,1223.5376472095452,736.5377236514307,0.9262085791581993,0.0,0.0,0.0,9.0
0.39,0.047873236,0.0036751265,smoothing_nine_samples,0.956269682,1.0,50mv0_converted.csv,50.0,37.79944238139679,315.3057323506792,315.32893487527735,315.31840841626513,2316.9703291545547,2511.190265315594,195.76209069491432,0.08124497798407822,0.0,0.0,0.0,9.0
0.39,0.047873236,0.0036751265,smoothing_nine_samples,0.956269682,1.0,550mv0_converted.csv,550.0,419.61731636118117,335.13318586741383,336.09776951012805,335.63612577606494,441.20698536520416,841.6818297735535,401.89620125798734,0.6515982661821623,0.0,0.0,0.0,9.0
0.39,0.047873236,0.0036751265,smoothing_nine_samples,0.956269682,1.0,600mv0_converted.csv,600.0,458.3699322834958,337.1916251986209,337.9874872141855,337.5766967521634,406.2113008984931,447.22926587397507,46.9992425319786,0.11190351582898772,0.0,0.0,0.0,9.0
0.39,0.047873236,0.0036751265,smoothing_nine_samples,0.956269682,1.0,650mv0_converted.csv,650.0,495.4173600492479,338.90011505636755,339.47263126199596,339.2006087043418,371.7129218311538,222.1368432375464,150.1910679626736,0.5157181492035958,1.0,0.0,0.0,9.0
0.39,0.047873236,0.0036751265,smoothing_nine_samples,0.956269682,1.0,700mv0_converted.csv,700.0,533.4180352284689,340.4929923450277,341.06423814687713,340.77810535206464,340.7268395513246,112.594768939632,228.313890048996,1.1073464675615148,1.0,0.0,0.0,9.0
0.39,0.047873236,0.0036751265,smoothing_nine_samples,0.956269682,1.0,750mv0_converted.csv,750.0,570.4337430744487,342.305616310219,342.73996657291195,342.50286934665326,317.6831847982684,52.92020106551671,264.8632296776734,1.7922191442357192,1.0,0.0,0.0,9.0
0.39,0.047873236,0.0036751265,smoothing_nine_samples,0.956269682,1.0,800mv0_converted.csv,800.0,606.6551780288738,344.1361973680268,344.392705195161,344.253981912932,298.2075997175985,29.822870216747322,268.4094197932579,2.302474937818158,1.0,0.0,0.0,9.0
0.39,0.047873236,0.0036751265,smoothing_nine_samples,0.956269682,1.0,850mv0_converted.csv,850.0,646.2233016263873,345.9804280818037,346.3120516430847,346.1310456473567,279.4033275818612,22.16579828167906,257.2444573552914,2.5340931213880227,1.0,0.0,0.0,9.0
0.39,0.047873236,0.0036751265,smoothing_nine_samples,0.956269682,1.0,900mv0_converted.csv,900.0,682.8259268820619,347.26463789798566,347.55683611684987,347.42471846282086,260.60195974970736,19.880853218607385,240.72436972598237,2.573230615776203,1.0,0.0,0.0,9.0
0.39,0.047873236,0.0036751265,smoothing_nine_samples,0.956269682,1.0,950mv0_converted.csv,950.0,722.372921341621,348.92564477871804,349.3882199925956,349.1646187998582,244.99966664064874,18.817378374609618,226.18670397000218,2.5664661622857095,1.0,0.0,0.0,9.0
0.39,0.047873236,0.0036751265,smoothing_nine_samples,0.1569637099,1.0,1000mv0_converted.csv,1000.0,759.2191989197131,350.2183563443791,350.6538757060569,350.4982716626864,230.55470315281735,18.54358238748985,212.01990227522546,2.5203456249013754,1.0,0.0,0.0,9.0
0.39,0.047873236,0.0036751265,smoothing_nine_samples,0.1569637099,1.0,100mv0_converted.csv,100.0,76.17083384633712,317.92701952970583,317.9805735839977,317.94960416111695,2245.374589794824,2350.585420211943,107.46383968746598,0.04686137178589343,0.0,0.0,0.0,9.0
0.39,0.047873236,0.0036751265,smoothing_nine_samples,0.1569637099,1.0,1100mv0_converted.csv,1100.0,834.7865599618726,353.988485995858,354.3738512326478,354.203563429279,209.96121239995452,18.248604953879177,191.7288015345999,2.442792623575829,1.0,0.0,0.0,9.0
0.39,0.047873236,0.0036751265,smoothing_nine_samples,0.1569637099,1.0,1200mv0_converted.csv,1200.0,908.6058899457871,356.8074514015169,357.42839082792744,357.1216856738723,190.40399143109903,18.220762139499776,172.20019117383484,2.3465401635262353,1.0,0.0,0.0,9.0
0.39,0.047873236,0.0036751265,smoothing_nine_samples,0.1569637099,1.0,150mv0_converted.csv,150.0,114.17150902555795,321.8189674598764,321.8857927864293,321.8551845732383,2105.410031559668,2135.1143859258973,31.342582651125007,0.01480423623729586,0.0,0.0,0.0,9.0
0.39,0.047873236,0.0036751265,smoothing_nine_samples,0.1569637099,1.0,200mv0_converted.csv,200.0,152.35217904164247,326.69824957529914,326.7747837277664,326.74464320202384,1957.2635913316615,1895.5861357131807,62.240299986003905,0.032292934392636724,1.0,0.0,0.0,9.0
0.39,0.047873236,0.0036751265,smoothing_nine_samples,0.1569637099,1.0,250mv0_converted.csv,250.0,189.60094286792295,330.8539746784439,330.96044159240154,330.91174943160803,1680.553170486013,1679.2912222984994,4.193499215963719,0.00249479627169983,0.6237623762376238,0.0,0.0,9.0
0.39,0.047873236,0.0036751265,smoothing_nine_samples,0.1569637099,1.0,300mv0_converted.csv,300.0,228.7136509323431,328.1334880790903,329.84996945008703,328.9610908307428,1017.9084824154764,1787.5609747254023,783.8348055972783,0.5906757830613796,0.0,0.0,0.0,9.0
0.39,0.047873236,0.0036751265,smoothing_nine_samples,0.1569637099,1.0,350mv0_converted.csv,350.0,267.07439601247086,327.07838858726944,329.19982808540806,328.06864717615804,711.6911909930317,1831.7661531656095,1128.718141306194,0.982230553861353,0.0,0.0,0.0,9.0
0.39,0.047873236,0.0036751265,smoothing_nine_samples,0.1569637099,1.0,400mv0_converted.csv,400.0,303.3911472089279,329.2156438574126,330.97445483731514,330.1139620276281,618.8697489704734,1724.8019378964264,1110.5583704194069,1.0469502133506614,0.0,0.0,0.0,9.0
0.39,0.047873236,0.0036751265,smoothing_nine_samples,0.1569637099,1.0,450mv0_converted.csv,450.0,341.9425303334189,330.9650818314258,332.3657231613325,331.6794427034379,543.6939029903807,1620.5028438756963,1079.2114635485846,1.1041982953348994,0.0,0.0,0.0,9.0
0.39,0.047873236,0.0036751265,smoothing_nine_samples,0.1569637099,1.0,500mv0_converted.csv,500.0,381.06588239966646,333.1080926086528,334.1904268073654,333.6432041415575,488.4001227207024,1415.9731336536975,929.7525846156493,1.0718129712971907,0.0,0.0,0.0,9.0
0.39,0.047873236,0.0036751265,smoothing_nine_samples,0.1569637099,1.0,50mv0_converted.csv,50.0,37.79944238139679,315.3057323506792,315.32893487527735,315.31840841626513,2316.9703291545547,2511.190265315594,195.76209069491432,0.08124497798407822,0.0,0.0,0.0,9.0
0.39,0.047873236,0.0036751265,smoothing_nine_samples,0.1569637099,1.0,550mv0_converted.csv,550.0,419.61731636118117,335.13318586741383,336.09776951012805,335.63612577606494,441.20698536520416,1056.2031818049968,618.7117649655627,0.8780714753989217,0.0,0.0,0.0,9.0
0.39,0.047873236,0.0036751265,smoothing_nine_samples,0.1569637099,1.0,600mv0_converted.csv,600.0,458.3699322834958,337.1916251986209,337.9874872141855,337.5766967521634,406.2113008984931,603.9846499603574,204.36270013421787,0.40610673174471257,0.0,0.0,0.0,9.0
0.39,0.047873236,0.0036751265,smoothing_nine_samples,0.1569637099,1.0,650mv0_converted.csv,650.0,495.4173600492479,338.90011505636755,339.47263126199596,339.2006087043418,371.7129218311538,304.7826622689124,71.9230422596892,0.21682760548960142,1.0,0.0,0.0,9.0
0.39,0.047873236,0.0036751265,smoothing_nine_samples,0.1569637099,1.0,700mv0_converted.csv,700.0,533.4180352284689,340.4929923450277,341.06423814687713,340.77810535206464,340.7268395513246,141.63080951955058,199.55959157793043,0.8827331360005892,1.0,0.0,0.0,9.0
0.39,0.047873236,0.0036751265,smoothing_nine_samples,0.1569637099,1.0,750mv0_converted.csv,750.0,570.4337430744487,342.305616310219,342.73996657291195,342.50286934665326,317.6831847982684,63.23109337835029,254.57881538879664,1.6160236808733033,1.0,0.0,0.0,9.0
0.39,0.047873236,0.0036751265,smoothing_nine_samples,0.1569637099,1.0,800mv0_converted.csv,800.0,606.6551780288738,344.1361973680268,344.392705195161,344.253981912932,298.2075997175985,33.81071445729473,264.4235491889809,2.177222460109248,1.0,0.0,0.0,9.0
0.39,0.047873236,0.0036751265,smoothing_nine_samples,0.1569637099,1.0,850mv0_converted.csv,850.0,646.2233016263873,345.9804280818037,346.3120516430847,346.1310456473567,279.4033275818612,23.072482401781745,256.33846415718904,2.494081382098968,1.0,0.0,0.0,9.0
0.39,0.047873236,0.0036751265,smoothing_nine_samples,0.1569637099,1.0,900mv0_converted.csv,900.0,682.8259268820619,347.26463789798566,347.55683611684987,347.42471846282086,260.60195974970736,20.35671791227737,240.24877783426152,2.5495940633424823,1.0,0.0,0.0,9.0
0.39,0.047873236,0.0036751265,smoothing_nine_samples,0.1569637099,1.0,950mv0_converted.csv,950.0,722.372921341621,348.92564477871804,349.3882199925956,349.1646187998582,244.99966664064874,18.948089826225054,226.05615887083937,2.5595516831592056,1.0,0.0,0.0,9.0
0.39,0.047873236,0.0036751265,smoothing_nine_samples,0.5,1.0,1000mv0_converted.csv,1000.0,759.2191989197131,350.2183563443791,350.6538757060569,350.4982716626864,230.55470315281735,18.51184289762289,212.05160965441212,2.522057427887091,1.0,0.0,0.0,9.0
0.39,0.047873236,0.0036751265,smoothing_nine_samples,0.5,1.0,100mv0_converted.csv,100.0,76.17083384633712,317.92701952970583,317.9805735839977,317.94960416111695,2245.374589794824,2350.5854057085394,107.46382167360994,0.04686136411068685,0.0,0.0,0.0,9.0
0.39,0.047873236,0.0036751265,smoothing_nine_samples,0.5,1.0,1100mv0_converted.csv,1100.0,834.7865599618726,353.988485995858,354.3738512326478,354.203563429279,209.96121239995452,18.243809331761728,191.7335959568773,2.4430554282911063,1.0,0.0,0.0,9.0
0.39,0.047873236,0.0036751265,smoothing_nine_samples,0.5,1.0,1200mv0_converted.csv,1200.0,908.6058899457871,356.8074514015169,357.42839082792744,357.1216856738723,190.40399143109903,18.220094643016854,172.2008579042519,2.3465767823599535,1.0,0.0,0.0,9.0
0.39,0.047873236,0.0036751265,smoothing_nine_samples,0.5,1.0,150mv0_converted.csv,150.0,114.17150902555795,321.8189674598764,321.8857927864293,321.8551845732383,2105.410031559668,2135.1138420482675,31.34196817575269,0.014803948577848352,0.0,0.0,0.0,9.0
0.39,0.047873236,0.0036751265,smoothing_nine_samples,0.5,1.0,200mv0_converted.csv,200.0,152.35217904164247,326.69824957529914,326.7747837277664,326.74464320202384,1957.2635913316615,1895.5829147489944,62.242714296403356,0.032294213061629135,1.0,0.0,0.0,9.0
0.39,0.047873236,0.0036751265,smoothing_nine_samples,0.5,1.0,250mv0_converted.csv,250.0,189.60094286792295,330.8539746784439,330.96044159240154,330.91174943160803,1680.553170486013,1679.2292661761294,4.174340143551568,0.002483356982844972,0.6237623762376238,0.0,0.0,9.0
0.39,0.047873236,0.0036751265,smoothing_nine_samples,0.5,1.0,300mv0_converted.csv,300.0,228.7136509323431,328.1334880790903,329.84996945008703,328.9610908307428,1017.9084824154764,1784.93690052599,781.2124561360665,0.5892448313518341,0.0,0.0,0.0,9.0
0.39,0.047873236,0.0036751265,smoothing_nine_samples,0.5,1.0,350mv0_converted.csv,350.0,267.07439601247086,327.07838858726944,329.19982808540806,328.06864717615804,711.6911909930317,1818.5277655573175,1115.6474063799717,0.9751477809792972,0.0,0.0,0.0,9.0
0.39,0.047873236,0.0036751265,smoothing_nine_samples,0.5,1.0,400mv0_converted.csv,400.0,303.3911472089279,329.2156438574126,330.97445483731514,330.1139620276281,618.8697489704734,1702.4614149036975,1088.3368216527365,1.0340822861490029,0.0,0.0,0.0,9.0
0.39,0.047873236,0.0036751265,smoothing_nine_samples,0.5,1.0,450mv0_converted.csv,450.0,341.9425303334189,330.9650818314258,332.3657231613325,331.6794427034379,543.6939029903807,1582.1513430151608,1040.923576596779,1.080416961719862,0.0,0.0,0.0,9.0
0.39,0.047873236,0.0036751265,smoothing_nine_samples,0.5,1.0,500mv0_converted.csv,500.0,381.06588239966646,333.1080926086528,334.1904268073654,333.6432041415575,488.4001227207024,1335.0988793703589,848.7355374113235,1.0132976171998833,0.0,0.0,0.0,9.0
0.39,0.047873236,0.0036751265,smoothing_nine_samples,0.5,1.0,50mv0_converted.csv,50.0,37.79944238139679,315.3057323506792,315.32893487527735,315.31840841626513,2316.9703291545547,2511.190265315594,195.76209069491432,0.08124497798407822,0.0,0.0,0.0,9.0
0.39,0.047873236,0.0036751265,smoothing_nine_samples,0.5,1.0,550mv0_converted.csv,550.0,419.61731636118117,335.13318586741383,336.09776951012805,335.63612577606494,441.20698536520416,1027.2724162186726,588.2749134087985,0.8503359692189361,0.0,0.0,0.0,9.0
0.39,0.047873236,0.0036751265,smoothing_nine_samples,0.5,1.0,600mv0_converted.csv,600.0,458.3699322834958,337.1916251986209,337.9874872141855,337.5766967521634,406.2113008984931,577.1592878587176,174.87256100212403,0.3590298968272329,0.0,0.0,0.0,9.0
0.39,0.047873236,0.0036751265,smoothing_nine_samples,0.5,1.0,650mv0_converted.csv,650.0,495.4173600492479,338.90011505636755,339.47263126199596,339.2006087043418,371.7129218311538,279.393630528214,94.3159635169486,0.29227256848320143,1.0,0.0,0.0,9.0
0.39,0.047873236,0.0036751265,smoothing_nine_samples,0.5,1.0,700mv0_converted.csv,700.0,533.4180352284689,340.4929923450277,341.06423814687713,340.77810535206464,340.7268395513246,133.63336974795502,207.39787230353238,0.9378325554496197,1.0,0.0,0.0,9.0
0.39,0.047873236,0.0036751265,smoothing_nine_samples,0.5,1.0,750mv0_converted.csv,750.0,570.4337430744487,342.305616310219,342.73996657291195,342.50286934665326,317.6831847982684,57.9482359933381,259.84614653625925,1.7020765285220494,1.0,0.0,0.0,9.0
0.39,0.047873236,0.0036751265,smoothing_nine_samples,0.5,1.0,800mv0_converted.csv,800.0,606.6551780288738,344.1361973680268,344.392705195161,344.253981912932,298.2075997175985,31.6250427548248,266.6081038615467,2.243878832637761,1.0,0.0,0.0,9.0
0.39,0.047873236,0.0036751265,smoothing_nine_samples,0.5,1.0,850mv0_converted.csv,850.0,646.2233016263873,345.9804280818037,346.3120516430847,346.1310456473567,279.4033275818612,22.66006046710628,256.7505057704569,2.512062611760219,1.0,0.0,0.0,9.0
0.39,0.047873236,0.0036751265,smoothing_nine_samples,0.5,1.0,900mv0_converted.csv,900.0,682.8259268820619,347.26463789798566,347.55683611684987,347.42471846282086,260.60195974970736,20.12820496889624,240.47718242721686,2.5608732106920558,1.0,0.0,0.0,9.0
0.39,0.047873236,0.0036751265,smoothing_nine_samples,0.5,1.0,950mv0_converted.csv,950.0,722.372921341621,348.92564477871804,349.3882199925956,349.1646187998582,244.99966664064874,18.888002395629883,226.11616650326602,2.562723163295469,1.0,0.0,0.0,9.0
0.39,0.047873236,0.0036751265,smoothing_nine_samples,2.0,1.0,1000mv0_converted.csv,1000.0,759.2191989197131,350.2183563443791,350.6538757060569,350.4982716626864,230.55470315281735,18.42564078604821,212.1377291198197,2.526723436389598,1.0,0.0,0.0,9.0
0.39,0.047873236,0.0036751265,smoothing_nine_samples,2.0,1.0,100mv0_converted.csv,100.0,76.17083384633712,317.92701952970583,317.9805735839977,317.94960416111695,2245.374589794824,2350.585176071318,107.4635697568356,0.04686125681187548,0.0,0.0,0.0,9.0
0.39,0.047873236,0.0036751265,smoothing_nine_samples,2.0,1.0,1100mv0_converted.csv,1100.0,834.7865599618726,353.988485995858,354.3738512326478,354.203563429279,209.96121239995452,18.232399515586323,191.74500258852012,2.443680978686224,1.0,0.0,0.0,9.0
0.39,0.047873236,0.0036751265,smoothing_nine_samples,2.0,1.0,1200mv0_converted.csv,1200.0,908.6058899457871,356.8074514015169,357.42839082792744,357.1216856738723,190.40399143109903,18.21855896298248,172.20239166121758,2.346661032155786,1.0,0.0,0.0,9.0
0.39,0.047873236,0.0036751265,smoothing_nine_samples,2.0,1.0,150mv0_converted.csv,150.0,114.17150902555795,321.8189674598764,321.8857927864293,321.8551845732383,2105.410031559668,2135.111190342667,31.339001385507075,0.01480255964785103,0.0,0.0,0.0,9.0
0.39,0.047873236,0.0036751265,smoothing_nine_samples,2.0,1.0,200mv0_converted.csv,200.0,152.35217904164247,326.69824957529914,326.7747837277664,326.74464320202384,1957.2635913316615,1895.5693540667544,62.252728564728685,0.03229951911491061,1.0,0.0,0.0,9.0
0.39,0.047873236,0.0036751265,smoothing_nine_samples,2.0,1.0,250mv0_converted.csv,250.0,189.60094286792295,330.8539746784439,330.96044159240154,330.91174943160803,1680.553170486013,1678.9362853399598,4.139670737932704,0.002462600857441869,0.6237623762376238,0.0,0.0,9.0
0.39,0.047873236,0.0036751265,smoothing_nine_samples,2.0,1.0,300mv0_converted.csv,300.0,228.7136509323431,328.1334880790903,329.84996945008703,328.9610908307428,1017.9084824154764,1712.107667224242,708.1385553247694,0.5479575879852698,0.0,0.0,0.0,9.0
0.39,0.047873236,0.0036751265,smoothing_nine_samples,2.0,1.0,350mv0_converted.csv,350.0,267.07439601247086,327.07838858726944,329.19982808540806,328.06864717615804,711.6911909930317,1739.0682409305384,1035.4427373877427,0.9306127570889066,0.0,0.0,0.0,9.0
0.39,0.047873236,0.0036751265,smoothing_nine_samples,2.0,1.0,400mv0_converted.csv,400.0,303.3911472089279,329.2156438574126,330.97445483731514,330.1139620276281,618.8697489704734,1525.9376547029703,911.4749933697071,0.9243812807396381,0.0,0.0,0.0,9.0
0.39,0.047873236,0.0036751265,smoothing_nine_samples,2.0,1.0,450mv0_converted.csv,450.0,341.9425303334189,330.9650818314258,332.3657231613325,331.6794427034379,543.6939029903807,1340.0520599667389,799.7709174831515,0.9143131436601492,0.0,0.0,0.0,9.0
0.39,0.047873236,0.0036751265,smoothing_nine_samples,2.0,1.0,500mv0_converted.csv,500.0,381.06588239966646,333.1080926086528,334.1904268073654,333.6432041415575,488.4001227207024,940.9266520585164,459.6242933435646,0.6652440767288894,0.0,0.0,0.0,9.0
0.39,0.047873236,0.0036751265,smoothing_nine_samples,2.0,1.0,50mv0_converted.csv,50.0,37.79944238139679,315.3057323506792,315.32893487527735,315.31840841626513,2316.9703291545547,2511.190265315594,195.76209069491432,0.08124497798407822,0.0,0.0,0.0,9.0
0.39,0.047873236,0.0036751265,smoothing_nine_samples,2.0,1.0,550mv0_converted.csv,550.0,419.61731636118117,335.13318586741383,336.09776951012805,335.63612577606494,441.20698536520416,608.4496015794207,179.32083480632147,0.33826084182783867,0.0,0.0,0.0,9.0
0.39,0.047873236,0.0036751265,smoothing_nine_samples,2.0,1.0,600mv0_converted.csv,600.0,458.3699322834958,337.1916251986209,337.9874872141855,337.5766967521634,406.2113008984931,308.6917552381459,103.81005463384948,0.29937961783171546,0.0,0.0,0.0,9.0
0.39,0.047873236,0.0036751265,smoothing_nine_samples,2.0,1.0,650mv0_converted.csv,650.0,495.4173600492479,338.90011505636755,339.47263126199596,339.2006087043418,371.7129218311538,145.79079490132852,226.52483467774715,0.9421913205509839,1.0,0.0,0.0,9.0
0.39,0.047873236,0.0036751265,smoothing_nine_samples,2.0,1.0,700mv0_converted.csv,700.0,533.4180352284689,340.4929923450277,341.06423814687713,340.77810535206464,340.7268395513246,87.97691911754042,252.95800059859394,1.358254602841388,1.0,0.0,0.0,9.0
0.39,0.047873236,0.0036751265,smoothing_nine_samples,2.0,1.0,750mv0_converted.csv,750.0,570.4337430744487,342.305616310219,342.73996657291195,342.50286934665326,317.6831847982684,44.15002592483369,273.6295973740288,1.9745522840042753,1.0,0.0,0.0,9.0
0.39,0.047873236,0.0036751265,smoothing_nine_samples,2.0,1.0,800mv0_converted.csv,800.0,606.6551780288738,344.1361973680268,344.392705195161,344.253981912932,298.2075997175985,26.517504437135,271.71398889145615,2.42005443360024,1.0,0.0,0.0,9.0
0.39,0.047873236,0.0036751265,smoothing_nine_samples,2.0,1.0,850mv0_converted.csv,850.0,646.2233016263873,345.9804280818037,346.3120516430847,346.1310456473567,279.4033275818612,21.307685549896544,258.1021525556488,2.5736024073311228,1.0,0.0,0.0,9.0
0.39,0.047873236,0.0036751265,smoothing_nine_samples,2.0,1.0,900mv0_converted.csv,900.0,682.8259268820619,347.26463789798566,347.55683611684987,347.42471846282086,260.60195974970736,19.43214171003587,241.17285970033583,2.5960611848127115,1.0,0.0,0.0,9.0
0.39,0.047873236,0.0036751265,smoothing_nine_samples,2.0,1.0,950mv0_converted.csv,950.0,722.372921341621,348.92564477871804,349.3882199925956,349.1646187998582,244.99966664064874,18.684852751174777,226.31909574257935,2.5735336664648396,1.0,0.0,0.0,9.0
0.39,0.047873236,0.0036751265,smoothing_nine_samples,0.956269682,0.5,1000mv0_converted.csv,1000.0,759.2191989197131,350.21835634437906,350.6538757060569,350.4982716626864,230.55470315281735,18.481284509791006,212.08213550123702,2.5237086745477537,1.0,0.0,0.0,9.0
0.39,0.047873236,0.0036751265,smoothing_nine_samples,0.956269682,0.5,100mv0_converted.csv,100.0,76.17083384633712,317.92701952970583,317.9805735839977,317.94960416111695,2245.374589794824,2350.5854008740716,107.46381718981334,0.04686136220714862,0.0,0.0,0.0,9.0
0.39,0.047873236,0.0036751265,smoothing_nine_samples,0.956269682,0.5,1100mv0_converted.csv,1100.0,834.7865599618726,353.988485995858,354.3738512326478,354.203563429279,209.96121239995452,18.239267368127805,191.73813654301412,2.4433043936848455,1.0,0.0,0.0,9.0
0.39,0.047873236,0.0036751265,smoothing_nine_samples,0.956269682,0.5,1200mv0_converted.csv,1200.0,908.6058899457871,356.8074514015169,357.42839082792744,357.1216856738723,190.40399143109903,18.21953811267815,172.2014137107266,2.346607312989815,1.0,0.0,0.0,9.0
0.39,0.047873236,0.0036751265,smoothing_nine_samples,0.956269682,0.5,150mv0_converted.csv,150.0,114.17150902555795,321.8189674598764,321.8857927864293,321.8551845732383,2105.410031559668,2135.1134577080757,31.34149992669514,0.01480372930235086,0.0,0.0,0.0,9.0
0.39,0.047873236,0.0036751265,smoothing_nine_samples,0.956269682,0.5,200mv0_converted.csv,200.0,152.35217904164247,326.69824957529914,326.7747837277664,326.74464320202384,1957.2635913316615,1895.5798098120358,62.245492869831935,0.032295682051079924,1.0,0.0,0.0,9.0
0.39,0.047873236,0.0036751265,smoothing_nine_samples,0.956269682,0.5,250mv0_converted.csv,250.0,189.60094286792295,330.8539746784439,330.96044159240154,330.91174943160803,1680.553170486013,1679.2453226523824,4.172512095832065,0.0024822706830534506,0.6237623762376238,0.0,0.0,9.0
0.39,0.047873236,0.0036751265,smoothing_nine_samples,0.956269682,0.5,300mv0_converted.csv,300.0,228.7136509323431,328.1334880790903,329.8499694500871,328.9610908307428,1017.9084824154764,1762.7964701133199,759.2696081080048,0.5770322333473439,0.0,0.0,0.0,9.0
0.39,0.047873236,0.0036751265,smoothing_nine_samples,0.956269682,0.5,350mv0_converted.csv,350.0,267.07439601247086,327.07838858726944,329.19982808540806,328.06864717615804,711.6911909930317,1788.387966042698,1085.5400494471326,0.9586911138868156,0.0,0.0,0.0,9.0
0.39,0.047873236,0.0036751265,smoothing_nine_samples,0.956269682,0.5,400mv0_converted.csv,400.0,303.3911472089279,329.2156438574126,330.97445483731514,330.1139620276281,618.8697489704734,1646.9585915744894,1032.7249633150448,1.0011679257914674,0.0,0.0,0.0,9.0
0.39,0.047873236,0.0036751265,smoothing_nine_samples,0.956269682,0.5,450mv0_converted.csv,450.0,341.9425303334189,330.9650818314258,332.3657231613325,331.6794427034379,543.6939029903807,1518.9798789449258,977.4867507623185,1.039790356879571,0.0,0.0,0.0,9.0
0.39,0.047873236,0.0036751265,smoothing_nine_samples,0.956269682,0.5,500mv0_converted.csv,500.0,381.06588239966646,333.1080926086528,334.1904268073654,333.6432041415575,488.4001227207024,1218.6417055035581,731.6505301212308,0.9222077327854659,0.0,0.0,0.0,9.0
0.39,0.047873236,0.0036751265,smoothing_nine_samples,0.956269682,0.5,50mv0_converted.csv,50.0,37.79944238139679,315.3057323506792,315.32893487527735,315.31840841626513,2316.9703291545547,2511.190265315594,195.76209069491432,0.08124497798407822,0.0,0.0,0.0,9.0
0.39,0.047873236,0.0036751265,smoothing_nine_samples,0.956269682,0.5,550mv0_converted.csv,550.0,419.61731636118117,335.13318586741383,336.09776951012805,335.63612577606494,441.20698536520416,837.5460700611077,397.7832206035131,0.6466968394203041,0.0,0.0,0.0,9.0
0.39,0.047873236,0.0036751265,smoothing_nine_samples,0.956269682,0.5,600mv0_converted.csv,600.0,458.3699322834958,337.1916251986209,337.9874872141855,337.5766967521634,406.2113008984931,445.2413453961363,45.2179221880742,0.10797036852570352,0.0,0.0,0.0,9.0
0.39,0.047873236,0.0036751265,smoothing_nine_samples,0.956269682,0.5,650mv0_converted.csv,650.0,495.4173600492479,338.90011505636755,339.47263126199596,339.2006087043418,371.7129218311538,220.29131203830832,152.02970436606134,0.5240493987724851,1.0,0.0,0.0,9.0
0.39,0.047873236,0.0036751265,smoothing_nine_samples,0.956269682,0.5,700mv0_converted.csv,700.0,533.4180352284689,340.4929923450277,341.06423814687713,340.77810535206464,340.7268395513246,111.74587045801748,229.1616942838983,1.1149128013768415,1.0,0.0,0.0,9.0
0.39,0.047873236,0.0036751265,smoothing_nine_samples,0.956269682,0.5,750mv0_converted.csv,750.0,570.4337430744487,342.305616310219,342.73996657291195,342.50286934665326,317.6831847982684,52.43607927076887,265.347111168734,1.8014134553377195,1.0,0.0,0.0,9.0
0.39,0.047873236,0.0036751265,smoothing_nine_samples,0.956269682,0.5,800mv0_converted.csv,800.0,606.6551780288738,344.1361973680267,344.392705195161,344.253981912932,298.2075997175985,29.87504832579358,268.35724430485743,2.3007271324390275,1.0,0.0,0.0,9.0
0.39,0.047873236,0.0036751265,smoothing_nine_samples,0.956269682,0.5,850mv0_converted.csv,850.0,646.2233016263873,345.9804280818037,346.3120516430847,346.1310456473567,279.4033275818612,22.150935994516505,257.2593180114211,2.534763817398687,1.0,0.0,0.0,9.0
0.39,0.047873236,0.0036751265,smoothing_nine_samples,0.956269682,0.5,900mv0_converted.csv,900.0,682.8259268820619,347.26463789798566,347.55683611684987,347.42471846282086,260.60195974970736,19.863739051441154,240.7414830632266,2.5740918057654367,1.0,0.0,0.0,9.0
0.39,0.047873236,0.0036751265,smoothing_nine_samples,0.956269682,0.5,950mv0_converted.csv,950.0,722.372921341621,348.92564477871804,349.3882199925957,349.1646187998582,244.99966664064874,18.81728988118691,226.1867924377181,2.566470864446849,1.0,0.0,0.0,9.0
0.39,0.047873236,0.0036751265,smoothing_nine_samples,0.1569637099,0.5,1000mv0_converted.csv,1000.0,759.2191989197131,350.21835634437906,350.6538757060569,350.4982716626864,230.55470315281735,18.544411951952643,212.01907524615865,2.520300996905574,1.0,0.0,0.0,9.0
0.39,0.047873236,0.0036751265,smoothing_nine_samples,0.1569637099,0.5,100mv0_converted.csv,100.0,76.17083384633712,317.92701952970583,317.9805735839977,317.94960416111695,2245.374589794824,2350.585473391089,107.46389665104536,0.04686139604791682,0.0,0.0,0.0,9.0
0.39,0.047873236,0.0036751265,smoothing_nine_samples,0.1569637099,0.5,1100mv0_converted.csv,1100.0,834.7865599618726,353.988485995858,354.3738512326478,354.203563429279,209.96121239995452,18.248608334229726,191.7287979542904,2.4427924343142484,1.0,0.0,0.0,9.0
0.39,0.047873236,0.0036751265,smoothing_nine_samples,0.1569637099,0.5,1200mv0_converted.csv,1200.0,908.6058899457871,356.8074514015169,357.42839082792744,357.1216856738723,190.40399143109903,18.220759835573705,172.20019346855452,2.346540289776871,1.0,0.0,0.0,9.0
0.39,0.047873236,0.0036751265,smoothing_nine_samples,0.1569637099,0.5,150mv0_converted.csv,150.0,114.17150902555795,321.8189674598764,321.8857927864293,321.8551845732383,2105.410031559668,2135.1144052637687,31.34260977044769,0.014804248929606167,0.0,0.0,0.0,9.0
0.39,0.047873236,0.0036751265,smoothing_nine_samples,0.1569637099,0.5,200mv0_converted.csv,200.0,152.35217904164247,326.69824957529914,326.7747837277664,326.74464320202384,1957.2635913316615,1895.58648137763,62.240077127072524,0.0322928162132582,1.0,0.0,0.0,9.0
0.39,0.047873236,0.0036751265,smoothing_nine_samples,0.1569637099,0.5,250mv0_converted.csv,250.0,189.60094286792295,330.8539746784439,330.96044159240154,330.91174943160803,1680.553170486013,1679.3072473507116,4.197458673653508,0.0024971611253736953,0.6237623762376238,0.0,0.0,9.0
0.39,0.047873236,0.0036751265,smoothing_nine_samples,0.1569637099,0.5,300mv0_converted.csv,300.0,228.7136509323431,328.1334880790903,329.8499694500871,328.9610908307428,1017.9084824154764,1787.552003161742,783.824581598998,0.5906699514853223,0.0,0.0,0.0,9.0
0.39,0.047873236,0.0036751265,smoothing_nine_samples,0.1569637099,0.5,350mv0_converted.csv,350.0,267.07439601247086,327.07838858726944,329.19982808540806,328.06864717615804,711.6911909930317,1831.7600581103031,1128.7118371789984,0.9822271293765303,0.0,0.0,0.0,9.0
0.39,0.047873236,0.0036751265,smoothing_nine_samples,0.1569637099,0.5,400mv0_converted.csv,400.0,303.3911472089279,329.2156438574126,330.97445483731514,330.1139620276281,618.8697489704734,1724.7815896213644,1110.5368082111265,1.046937211040177,0.0,0.0,0.0,9.0
0.39,0.047873236,0.0036751265,smoothing_nine_samples,0.1569637099,0.5,450mv0_converted.csv,450.0,341.9425303334189,330.9650818314258,332.3657231613325,331.6794427034379,543.6939029903807,1620.4568451229889,1079.1613121841863,1.104165846493563,0.0,0.0,0.0,9.0
0.39,0.047873236,0.0036751265,smoothing_nine_samples,0.1569637099,0.5,500mv0_converted.csv,500.0,381.06588239966646,333.1080926086528,334.1904268073654,333.6432041415575,488.4001227207024,1415.869359384669,929.6397527528967,1.0717277538686925,0.0,0.0,0.0,9.0
0.39,0.047873236,0.0036751265,smoothing_nine_samples,0.1569637099,0.5,50mv0_converted.csv,50.0,37.79944238139679,315.3057323506792,315.32893487527735,315.31840841626513,2316.9703291545547,2511.190265315594,195.76209069491432,0.08124497798407822,0.0,0.0,0.0,9.0
0.39,0.047873236,0.0036751265,smoothing_nine_samples,0.1569637099,0.5,550mv0_converted.csv,550.0,419.61731636118117,335.13318586741383,336.09776951012805,335.63612577606494,441.20698536520416,1056.038508349126,618.5365941389525,0.8779063799192834,0.0,0.0,0.0,9.0
0.39,0.047873236,0.0036751265,smoothing_nine_samples,0.1569637099,0.5,600mv0_converted.csv,600.0,458.3699322834958,337.1916251986209,337.9874872141855,337.5766967521634,406.2113008984931,603.846067523012,204.21088956945852,0.4058728927659629,0.0,0.0,0.0,9.0
0.39,0.047873236,0.0036751265,smoothing_nine_samples,0.1569637099,0.5,650mv0_converted.csv,650.0,495.4173600492479,338.90011505636755,339.47263126199596,339.2006087043418,371.7129218311538,304.7400579169245,71.94356250563052,0.21688799540373255,1.0,0.0,0.0,9.0
0.39,0.047873236,0.0036751265,smoothing_nine_samples,0.1569637099,0.5,700mv0_converted.csv,700.0,533.4180352284689,340.4929923450277,341.06423814687713,340.77810535206464,340.7268395513246,141.552948149124,199.6353969575988,0.8832541471927011,1.0,0.0,0.0,9.0
0.39,0.047873236,0.0036751265,smoothing_nine_samples,0.1569637099,0.5,750mv0_converted.csv,750.0,570.4337430744487,342.305616310219,342.73996657291195,342.50286934665326,317.6831847982684,63.20143255856958,254.6078323829864,1.6164763894239935,1.0,0.0,0.0,9.0
0.39,0.047873236,0.0036751265,smoothing_nine_samples,0.1569637099,0.5,800mv0_converted.csv,800.0,606.6551780288738,344.1361973680267,344.392705195161,344.253981912932,298.2075997175985,33.812188403441176,264.4219987400689,2.177178387145067,1.0,0.0,0.0,9.0
0.39,0.047873236,0.0036751265,smoothing_nine_samples,0.1569637099,0.5,850mv0_converted.csv,850.0,646.2233016263873,345.9804280818037,346.3120516430847,346.1310456473567,279.4033275818612,23.10665485646465,256.3043248038392,2.492608135074943,1.0,0.0,0.0,9.0
0.39,0.047873236,0.0036751265,smoothing_nine_samples,0.1569637099,0.5,900mv0_converted.csv,900.0,682.8259268820619,347.26463789798566,347.55683611684987,347.42471846282086,260.60195974970736,20.353694405886205,240.25180302423672,2.549742519104303,1.0,0.0,0.0,9.0
0.39,0.047873236,0.0036751265,smoothing_nine_samples,0.1569637099,0.5,950mv0_converted.csv,950.0,722.372921341621,348.92564477871804,349.3882199925957,349.1646187998582,244.99966664064874,18.953407438674777,226.05084194238594,2.5592711207644436,1.0,0.0,0.0,9.0
0.39,0.047873236,0.0036751265,smoothing_nine_samples,0.5,0.5,1000mv0_converted.csv,1000.0,759.2191989197131,350.21835634437906,350.6538757060569,350.4982716626864,230.55470315281735,18.51327660060165,212.05017614103585,2.5219799878810436,1.0,0.0,0.0,9.0
0.39,0.047873236,0.0036751265,smoothing_nine_samples,0.5,0.5,100mv0_converted.csv,100.0,76.17083384633712,317.92701952970583,317.9805735839977,317.94960416111695,2245.374589794824,2350.585446801516,107.46386867560634,0.04686138414633946,0.0,0.0,0.0,9.0
0.39,0.047873236,0.0036751265,smoothing_nine_samples,0.5,0.5,1100mv0_converted.csv,1100.0,834.7865599618726,353.988485995858,354.3738512326478,354.203563429279,209.96121239995452,18.24356182967082,191.73384339411942,2.4430689936578918,1.0,0.0,0.0,9.0
0.39,0.047873236,0.0036751265,smoothing_nine_samples,0.5,0.5,1200mv0_converted.csv,1200.0,908.6058899457871,356.8074514015169,357.42839082792744,357.1216856738723,190.40399143109903,18.22008520069689,172.2008673800748,2.346577301324211,1.0,0.0,0.0,9.0
0.39,0.047873236,0.0036751265,smoothing_nine_samples,0.5,0.5,150mv0_converted.csv,150.0,114.17150902555795,321.8189674598764,321.8857927864293,321.8551845732383,2105.410031559668,2135.113989499536,31.342112030499433,0.014804015866260069,0.0,0.0,0.0,9.0
0.39,0.047873236,0.0036751265,smoothing_nine_samples,0.5,0.5,200mv0_converted.csv,200.0,152.35217904164247,326.69824957529914,326.7747837277664,326.74464320202384,1957.2635913316615,1895.5836798035273,62.24234129680916,0.03229401439359481,1.0,0.0,0.0,9.0
0.39,0.047873236,0.0036751265,smoothing_nine_samples,0.5,0.5,250mv0_converted.csv,250.0,189.60094286792295,330.8539746784439,330.96044159240154,330.91174943160803,1680.553170486013,1679.2810735419246,4.185802675310343,0.00249020557724781,0.6237623762376238,0.0,0.0,9.0
0.39,0.047873236,0.0036751265,smoothing_nine_samples,0.5,0.5,300mv0_converted.csv,300.0,228.7136509323431,328.1334880790903,329.8499694500871,328.9610908307428,1017.9084824154764,1784.8717282739017,781.1494059098764,0.5892102805208529,0.0,0.0,0.0,9.0
0.39,0.047873236,0.0036751265,smoothing_nine_samples,0.5,0.5,350mv0_converted.csv,350.0,267.07439601247086,327.07838858726944,329.19982808540806,328.06864717615804,711.6911909930317,1818.4275289101176,1115.5484780183601,0.9750936491300242,0.0,0.0,0.0,9.0
0.39,0.047873236,0.0036751265,smoothing_nine_samples,0.5,0.5,400mv0_converted.csv,400.0,303.3911472089279,329.2156438574126,330.97445483731514,330.1139620276281,618.8697489704734,1701.4152372756807,1087.3010763592065,1.0334756065382515,0.0,0.0,0.0,9.0
0.39,0.047873236,0.0036751265,smoothing_nine_samples,0.5,0.5,450mv0_converted.csv,450.0,341.9425303334189,330.9650818314258,332.3657231613325,331.6794427034379,543.6939029903807,1581.8389505820699,1040.6138880613182,1.0802200574236995,0.0,0.0,0.0,9.0
0.39,0.047873236,0.0036751265,smoothing_nine_samples,0.5,0.5,500mv0_converted.csv,500.0,381.06588239966646,333.1080926086528,334.1904268073654,333.6432041415575,488.4001227207024,1334.1453047648515,847.7849812763106,1.012583365307747,0.0,0.0,0.0,9.0
0.39,0.047873236,0.0036751265,smoothing_nine_samples,0.5,0.5,50mv0_converted.csv,50.0,37.79944238139679,315.3057323506792,315.32893487527735,315.31840841626513,2316.9703291545547,2511.190265315594,195.76209069491432,0.08124497798407822,0.0,0.0,0.0,9.0
0.39,0.047873236,0.0036751265,smoothing_nine_samples,0.5,0.5,550mv0_converted.csv,550.0,419.61731636118117,335.13318586741383,336.09776951012805,335.63612577606494,441.20698536520416,1026.6816762792002,587.6635426562776,0.8497466238176673,0.0,0.0,0.0,9.0
0.39,0.047873236,0.0036751265,smoothing_nine_samples,0.5,0.5,600mv0_converted.csv,600.0,458.3699322834958,337.1916251986209,337.9874872141855,337.5766967521634,406.2113008984931,576.9367174205214,174.6359860590734,0.35863477606759137,0.0,0.0,0.0,9.0
0.39,0.047873236,0.0036751265,smoothing_nine_samples,0.5,0.5,650mv0_converted.csv,650.0,495.4173600492479,338.90011505636755,339.47263126199596,339.2006087043418,371.7129218311538,271.8874041868909,101.65010920029857,0.3191799195537831,1.0,0.0,0.0,9.0
0.39,0.047873236,0.0036751265,smoothing_nine_samples,0.5,0.5,700mv0_converted.csv,700.0,533.4180352284689,340.4929923450277,341.06423814687713,340.77810535206464,340.7268395513246,134.60826594286627,206.42660913819446,0.9306070780173457,1.0,0.0,0.0,9.0
0.39,0.047873236,0.0036751265,smoothing_nine_samples,0.5,0.5,750mv0_converted.csv,750.0,570.4337430744487,342.305616310219,342.73996657291195,342.50286934665326,317.6831847982684,57.70940127231107,260.0847734765213,1.7062056942920611,1.0,0.0,0.0,9.0
0.39,0.047873236,0.0036751265,smoothing_nine_samples,0.5,0.5,800mv0_converted.csv,800.0,606.6551780288738,344.1361973680267,344.392705195161,344.253981912932,298.2075997175985,31.65592046303324,266.57723022276326,2.2429034146691027,1.0,0.0,0.0,9.0
0.39,0.047873236,0.0036751265,smoothing_nine_samples,0.5,0.5,850mv0_converted.csv,850.0,646.2233016263873,345.9804280818037,346.3120516430847,346.1310456473567,279.4033275818612,22.656166680968635,256.754398040398,2.512234332608564,1.0,0.0,0.0,9.0
0.39,0.047873236,0.0036751265,smoothing_nine_samples,0.5,0.5,900mv0_converted.csv,900.0,682.8259268820619,347.26463789798566,347.55683611684987,347.42471846282086,260.60195974970736,20.117872823583017,240.4875132036299,2.5613865822354533,1.0,0.0,0.0,9.0
0.39,0.047873236,0.0036751265,smoothing_nine_samples,0.5,0.5,950mv0_converted.csv,950.0,722.372921341621,348.92564477871804,349.3882199925957,349.1646187998582,244.99966664064874,18.887962586808914,226.1162062769319,2.562725269690571,1.0,0.0,0.0,9.0
0.39,0.047873236,0.0036751265,smoothing_nine_samples,2.0,0.5,1000mv0_converted.csv,1000.0,759.2191989197131,350.21835634437906,350.6538757060569,350.4982716626864,230.55470315281735,18.424551406709273,212.1388185708607,2.5267825598403744,1.0,0.0,0.0,9.0
0.39,0.047873236,0.0036751265,smoothing_nine_samples,2.0,0.5,100mv0_converted.csv,100.0,76.17083384633712,317.92701952970583,317.9805735839977,317.94960416111695,2245.374589794824,2350.5852195815287,107.46361843960295,0.046861277559419615,0.0,0.0,0.0,9.0
0.39,0.047873236,0.0036751265,smoothing_nine_samples,2.0,0.5,1100mv0_converted.csv,1100.0,834.7865599618726,353.988485995858,354.3738512326478,354.203563429279,209.96121239995452,18.231939391334457,191.7454626428405,2.443706214600383,1.0,0.0,0.0,9.0
0.39,0.047873236,0.0036751265,smoothing_nine_samples,2.0,0.5,1200mv0_converted.csv,1200.0,908.6058899457871,356.8074514015169,357.42839082792744,357.1216856738723,190.40399143109903,18.218404071165782,172.20254652318332,2.3466695336252643,1.0,0.0,0.0,9.0
0.39,0.047873236,0.0036751265,smoothing_nine_samples,2.0,0.5,150mv0_converted.csv,150.0,114.17150902555795,321.8189674598764,321.8857927864293,321.8551845732383,2105.410031559668,2135.111784982209,31.339693584373116,0.014802883688783495,0.0,0.0,0.0,9.0
0.39,0.047873236,0.0036751265,smoothing_nine_samples,2.0,0.5,200mv0_converted.csv,200.0,152.35217904164247,326.69824957529914,326.7747837277664,326.74464320202384,1957.2635913316615,1895.5693178082456,62.25419793457236,0.03230028809997475,1.0,0.0,0.0,9.0
0.39,0.047873236,0.0036751265,smoothing_nine_samples,2.0,0.5,250mv0_converted.csv,250.0,189.60094286792295,330.8539746784439,330.96044159240154,330.91174943160803,1680.553170486013,1679.1482513729889,4.159120552404841,0.0024742599255215543,0.6237623762376238,0.0,0.0,9.0
0.39,0.047873236,0.0036751265,smoothing_nine_samples,2.0,0.5,300mv0_converted.csv,300.0,228.7136509323431,328.1334880790903,329.8499694500871,328.9610908307428,1017.9084824154764,1709.8008501411664,705.8342573959704,0.546621577382045,0.0,0.0,0.0,9.0
0.39,0.047873236,0.0036751265,smoothing_nine_samples,2.0,0.5,350mv0_converted.csv,350.0,267.07439601247086,327.07838858726944,329.19982808540806,328.06864717615804,711.6911909930317,1740.9431212774598,1037.286950760295,0.9316560491137647,0.0,0.0,0.0,9.0
0.39,0.047873236,0.0036751265,smoothing_nine_samples,2.0,0.5,400mv0_converted.csv,400.0,303.3911472089279,329.2156438574126,330.97445483731514,330.1139620276281,618.8697489704734,1524.2804172629178,909.8016491333487,0.9232625432220973,0.0,0.0,0.0,9.0
0.39,0.047873236,0.0036751265,smoothing_nine_samples,2.0,0.5,450mv0_converted.csv,450.0,341.9425303334189,330.9650818314258,332.3657231613325,331.6794427034379,543.6939029903807,1337.9027377591274,797.6104229689245,0.9126722329335225,0.0,0.0,0.0,9.0
0.39,0.047873236,0.0036751265,smoothing_nine_samples,2.0,0.5,500mv0_converted.csv,500.0,381.06588239966646,333.1080926086528,334.1904268073654,333.6432041415575,488.4001227207024,933.1870298480044,452.02430284021943,0.657061461778166,0.0,0.0,0.0,9.0
0.39,0.047873236,0.0036751265,smoothing_nine_samples,2.0,0.5,50mv0_converted.csv,50.0,37.79944238139679,315.3057323506792,315.32893487527735,315.31840841626513,2316.9703291545547,2511.190265315594,195.76209069491432,0.08124497798407822,0.0,0.0,0.0,9.0
0.39,0.047873236,0.0036751265,smoothing_nine_samples,2.0,0.5,550mv0_converted.csv,550.0,419.61731636118117,335.13318586741383,336.09776951012805,335.63612577606494,441.20698536520416,601.7568114630067,173.04301398497762,0.3279946266034299,0.0,0.0,0.0,9.0
0.39,0.047873236,0.0036751265,smoothing_nine_samples,2.0,0.5,600mv0_converted.csv,600.0,458.3699322834958,337.1916251986209,337.9874872141855,337.5766967521634,406.2113008984931,305.3837680627804,106.83966274231385,0.30947410556360183,0.0,0.0,0.0,9.0
0.39,0.047873236,0.0036751265,smoothing_nine_samples,2.0,0.5,650mv0_converted.csv,650.0,495.4173600492479,338.90011505636755,339.47263126199596,339.2006087043418,371.7129218311538,142.02430226543163,230.26847992230537,0.9682507868873694,1.0,0.0,0.0,9.0
0.39,0.047873236,0.0036751265,smoothing_nine_samples,2.0,0.5,700mv0_converted.csv,700.0,533.4180352284689,340.4929923450277,341.06423814687713,340.77810535206464,340.7268395513246,86.68471738607576,254.24742464024902,1.3730675190375214,1.0,0.0,0.0,9.0
0.39,0.047873236,0.0036751265,smoothing_nine_samples,2.0,0.5,750mv0_converted.csv,750.0,570.4337430744487,342.305616310219,342.73996657291195,342.50286934665326,317.6831847982684,43.40796253468731,274.3711758451019,1.991489338431532,1.0,0.0,0.0,9.0
0.39,0.047873236,0.0036751265,smoothing_nine_samples,2.0,0.5,800mv0_converted.csv,800.0,606.6551780288738,344.1361973680267,344.392705195161,344.253981912932,298.2075997175985,26.523895037056196,271.70759388277287,2.419813313355904,1.0,0.0,0.0,9.0
0.39,0.047873236,0.0036751265,smoothing_nine_samples,2.0,0.5,850mv0_converted.csv,850.0,646.2233016263873,345.9804280818037,346.3120516430847,346.1310456473567,279.4033275818612,21.23891556617057,258.17092623157197,2.576834106442848,1.0,0.0,0.0,9.0
0.39,0.047873236,0.0036751265,smoothing_nine_samples,2.0,0.5,900mv0_converted.csv,900.0,682.8259268820619,347.26463789798566,347.55683611684987,347.42471846282086,260.60195974970736,19.406148306213982,241.19885623124705,2.5973995748363192,1.0,0.0,0.0,9.0
0.39,0.047873236,0.0036751265,smoothing_nine_samples,2.0,0.5,950mv0_converted.csv,950.0,722.372921341621,348.92564477871804,349.3882199925957,349.1646187998582,244.99966664064874,18.68465820161423,226.31929035405392,2.5735440774965674,1.0,0.0,0.0,9.0
0.39,0.047873236,0.0036751265,smoothing_nine_samples,0.956269682,0.25,1000mv0_converted.csv,1000.0,759.2191989197131,350.2183563443791,350.65387570605697,350.4982716626864,230.55470315281735,18.48123308691648,212.08218683193408,2.5237114551591464,1.0,0.0,0.0,9.0
0.39,0.047873236,0.0036751265,smoothing_nine_samples,0.956269682,0.25,100mv0_converted.csv,100.0,76.17083384633712,317.9270195297059,317.9805735839977,317.94960416111695,2245.374589794824,2350.5853041847154,107.46371155980634,0.04686131721504905,0.0,0.0,0.0,9.0
0.39,0.047873236,0.0036751265,smoothing_nine_samples,0.956269682,0.25,1100mv0_converted.csv,1100.0,834.7865599618726,353.98848599585807,354.37385123264784,354.2035634292791,209.96121239995452,18.239209014590426,191.73819489325928,2.443307593018305,1.0,0.0,0.0,9.0
0.39,0.047873236,0.0036751265,smoothing_nine_samples,0.956269682,0.25,1200mv0_converted.csv,1200.0,908.6058899457871,356.8074514015169,357.4283908279275,357.1216856738723,190.40399143109903,18.21953841483239,172.20141340784633,2.34660729639043,1.0,0.0,0.0,9.0
0.39,0.047873236,0.0036751265,smoothing_nine_samples,0.956269682,0.25,150mv0_converted.csv,150.0,114.17150902555795,321.8189674598764,321.8857927864293,321.8551845732383,2105.410031559668,2135.1140233408105,31.342006211680527,0.01480396622979649,0.0,0.0,0.0,9.0
0.39,0.047873236,0.0036751265,smoothing_nine_samples,0.956269682,0.25,200mv0_converted.csv,200.0,152.35217904164247,326.69824957529914,326.7747837277664,326.74464320202384,1957.2635913316615,1895.5618280089727,62.263168711431376,0.03230500742629104,1.0,0.0,0.0,9.0
0.39,0.047873236,0.0036751265,smoothing_nine_samples,0.956269682,0.25,250mv0_converted.csv,250.0,189.60094286792295,330.8539746784439,330.9604415924016,330.91174943160803,1680.553170486013,1679.2622227432705,4.17888413915441,0.0024860808133239324,0.6237623762376238,0.0,0.0,9.0
0.39,0.047873236,0.0036751265,smoothing_nine_samples,0.956269682,0.25,300mv0_converted.csv,300.0,228.7136509323431,328.1334880790903,329.8499694500871,328.96109083074293,1017.9084824154764,1762.6470911007116,759.1208293936351,0.5769482672566572,0.0,0.0,0.0,9.0
0.39,0.047873236,0.0036751265,smoothing_nine_samples,0.956269682,0.25,350mv0_converted.csv,350.0,267.07439601247086,327.07838858726944,329.19982808540806,328.06864717615804,711.6911909930317,1788.0786592086943,1085.231425516027,0.9585197408954879,0.0,0.0,0.0,9.0
0.39,0.047873236,0.0036751265,smoothing_nine_samples,0.956269682,0.25,400mv0_converted.csv,400.0,303.3911472089279,329.21564385741266,330.9744548373152,330.1139620276282,618.8697489704734,1645.677840733292,1031.450104251642,1.0003990394053712,0.0,0.0,0.0,9.0
0.39,0.047873236,0.0036751265,smoothing_nine_samples,0.956269682,0.25,450mv0_converted.csv,450.0,341.9425303334189,330.9650818314258,332.3657231613325,331.679442703438,543.6939029903807,1518.1641301825496,976.6727970249732,1.0392563152207357,0.0,0.0,0.0,9.0
0.39,0.047873236,0.0036751265,smoothing_nine_samples,0.956269682,0.25,500mv0_converted.csv,500.0,381.06588239966646,333.1080926086528,334.1904268073654,333.64320414155753,488.4001227207024,1217.7914676477412,730.8022992405691,0.9215084206617558,0.0,0.0,0.0,9.0
0.39,0.047873236,0.0036751265,smoothing_nine_samples,0.956269682,0.25,50mv0_converted.csv,50.0,37.79944238139679,315.3057323506792,315.32893487527735,315.31840841626513,2316.9703291545547,2511.190265315594,195.76209069491432,0.08124497798407822,0.0,0.0,0.0,9.0
0.39,0.047873236,0.0036751265,smoothing_nine_samples,0.956269682,0.25,550mv0_converted.csv,550.0,419.61731636118117,335.13318586741383,336.0977695101281,335.636125776065,441.20698536520416,832.8680268844755,393.12327342959424,0.6411245095996558,0.0,0.0,0.0,9.0
0.39,0.047873236,0.0036751265,smoothing_nine_samples,0.956269682,0.25,600mv0_converted.csv,600.0,458.3699322834958,337.1916251986209,337.9874872141855,337.5766967521634,406.2113008984931,443.3464993014194,43.618489634771244,0.10440168688485466,0.0,0.0,0.0,9.0
0.39,0.047873236,0.0036751265,smoothing_nine_samples,0.956269682,0.25,650mv0_converted.csv,650.0,495.4173600492479,338.9001150563676,339.472631261996,339.20060870434185,371.7129218311538,219.60684853733176,152.7114686984144,0.5271643079413463,1.0,0.0,0.0,9.0
0.39,0.047873236,0.0036751265,smoothing_nine_samples,0.956269682,0.25,700mv0_converted.csv,700.0,533.4180352284689,340.4929923450277,341.06423814687713,340.77810535206464,340.7268395513246,111.22623043249149,229.6806382830323,1.119575878311091,1.0,0.0,0.0,9.0
0.39,0.047873236,0.0036751265,smoothing_nine_samples,0.956269682,0.25,750mv0_converted.csv,750.0,570.4337430744487,342.305616310219,342.73996657291195,342.50286934665326,317.6831847982684,52.25995099662554,265.52316771225367,1.8047813591554203,1.0,0.0,0.0,9.0
0.39,0.047873236,0.0036751265,smoothing_nine_samples,0.956269682,0.25,800mv0_converted.csv,800.0,606.6551780288738,344.1361973680268,344.392705195161,344.253981912932,298.2075997175985,29.819884309674254,268.4124005187816,2.3025753520133763,1.0,0.0,0.0,9.0
0.39,0.047873236,0.0036751265,smoothing_nine_samples,0.956269682,0.25,850mv0_converted.csv,850.0,646.2233016263873,345.9804280818038,346.31205164308477,346.13104564735676,279.4033275818612,22.145402908325195,257.26485118780454,2.535013643455967,1.0,0.0,0.0,9.0
0.39,0.047873236,0.0036751265,smoothing_nine_samples,0.956269682,0.25,900mv0_converted.csv,900.0,682.8259268820619,347.2646378979857,347.5568361168499,347.42471846282086,260.60195974970736,19.85390070169279,240.7513212952146,2.5745872203111713,1.0,0.0,0.0,9.0
0.39,0.047873236,0.0036751265,smoothing_nine_samples,0.956269682,0.25,950mv0_converted.csv,950.0,722.372921341621,348.9256447787181,349.3882199925957,349.1646187998582,244.99966664064874,18.81729977673823,226.18678261364806,2.5664703402372684,1.0,0.0,0.0,9.0
0.39,0.047873236,0.0036751265,smoothing_nine_samples,0.1569637099,0.25,1000mv0_converted.csv,1000.0,759.2191989197131,350.2183563443791,350.65387570605697,350.4982716626864,230.55470315281735,18.544406532060982,212.01908076435168,2.520301282345296,1.0,0.0,0.0,9.0
0.39,0.047873236,0.0036751265,smoothing_nine_samples,0.1569637099,0.25,100mv0_converted.csv,100.0,76.17083384633712,317.9270195297059,317.9805735839977,317.94960416111695,2245.374589794824,2350.58544921875,107.46386985057548,0.04686138462775623,0.0,0.0,0.0,9.0
0.39,0.047873236,0.0036751265,smoothing_nine_samples,0.1569637099,0.25,1100mv0_converted.csv,1100.0,834.7865599618726,353.98848599585807,354.37385123264784,354.2035634292791,209.96121239995452,18.24859915629472,191.72880704741732,2.442792935528895,1.0,0.0,0.0,9.0
0.39,0.047873236,0.0036751265,smoothing_nine_samples,0.1569637099,0.25,1200mv0_converted.csv,1200.0,908.6058899457871,356.8074514015169,357.4283908279275,357.1216856738723,190.40399143109903,18.22075662518492,172.20019670177814,2.346540466452988,1.0,0.0,0.0,9.0
0.39,0.047873236,0.0036751265,smoothing_nine_samples,0.1569637099,0.25,150mv0_converted.csv,150.0,114.17150902555795,321.8189674598764,321.8857927864293,321.8551845732383,2105.410031559668,2135.1145357943997,31.34273298836724,0.014804306613612712,0.0,0.0,0.0,9.0
0.39,0.047873236,0.0036751265,smoothing_nine_samples,0.1569637099,0.25,200mv0_converted.csv,200.0,152.35217904164247,326.69824957529914,326.7747837277664,326.74464320202384,1957.2635913316615,1895.5839686629795,62.24258111435257,0.032294136813545544,1.0,0.0,0.0,9.0
0.39,0.047873236,0.0036751265,smoothing_nine_samples,0.1569637099,0.25,250mv0_converted.csv,250.0,189.60094286792295,330.8539746784439,330.9604415924016,330.91174943160803,1680.553170486013,1679.3087121944616,4.199394547474441,0.0024983164704873552,0.6237623762376238,0.0,0.0,9.0
0.39,0.047873236,0.0036751265,smoothing_nine_samples,0.1569637099,0.25,300mv0_converted.csv,300.0,228.7136509323431,328.1334880790903,329.8499694500871,328.96109083074293,1017.9084824154764,1787.5490928121133,783.820719985136,0.5906676070221442,0.0,0.0,0.0,9.0
0.39,0.047873236,0.0036751265,smoothing_nine_samples,0.1569637099,0.25,350mv0_converted.csv,350.0,267.07439601247086,327.07838858726944,329.19982808540806,328.06864717615804,711.6911909930317,1831.7595347791614,1128.7104912410932,0.9822260725661862,0.0,0.0,0.0,9.0
0.39,0.047873236,0.0036751265,smoothing_nine_samples,0.1569637099,0.25,400mv0_converted.csv,400.0,303.3911472089279,329.21564385741266,330.9744548373152,330.1139620276282,618.8697489704734,1724.7892607131807,1110.5444722342754,1.0469415159820452,0.0,0.0,0.0,9.0
0.39,0.047873236,0.0036751265,smoothing_nine_samples,0.1569637099,0.25,450mv0_converted.csv,450.0,341.9425303334189,330.9650818314258,332.3657231613325,331.679442703438,543.6939029903807,1620.456435401841,1079.1602145382328,1.1041646844668063,0.0,0.0,0.0,9.0
0.39,0.047873236,0.0036751265,smoothing_nine_samples,0.1569637099,0.25,500mv0_converted.csv,500.0,381.06588239966646,333.1080926086528,334.1904268073654,333.64320414155753,488.4001227207024,1415.772945592899,929.5395557369707,1.071656351350135,0.0,0.0,0.0,9.0
0.39,0.047873236,0.0036751265,smoothing_nine_samples,0.1569637099,0.25,50mv0_converted.csv,50.0,37.79944238139679,315.3057323506792,315.32893487527735,315.31840841626513,2316.9703291545547,2511.190265315594,195.76209069491432,0.08124497798407822,0.0,0.0,0.0,9.0
0.39,0.047873236,0.0036751265,smoothing_nine_samples,0.1569637099,0.25,550mv0_converted.csv,550.0,419.61731636118117,335.13318586741383,336.0977695101281,335.636125776065,441.20698536520416,1055.9140794206373,618.405596579194,0.8777802953632994,0.0,0.0,0.0,9.0
0.39,0.047873236,0.0036751265,smoothing_nine_samples,0.1569637099,0.25,600mv0_converted.csv,600.0,458.3699322834958,337.1916251986209,337.9874872141855,337.5766967521634,406.2113008984931,603.8775477645421,204.24387171806995,0.4059133812033185,0.0,0.0,0.0,9.0
0.39,0.047873236,0.0036751265,smoothing_nine_samples,0.1569637099,0.25,650mv0_converted.csv,650.0,495.4173600492479,338.9001150563676,339.472631261996,339.20060870434185,371.7129218311538,304.716390779703,71.95956591753625,0.21694494197245318,1.0,0.0,0.0,9.0
0.39,0.047873236,0.0036751265,smoothing_nine_samples,0.1569637099,0.25,700mv0_converted.csv,700.0,533.4180352284689,340.4929923450277,341.06423814687713,340.77810535206464,340.7268395513246,141.5031754899733,199.68210864805206,0.8835705783577124,1.0,0.0,0.0,9.0
0.39,0.047873236,0.0036751265,smoothing_nine_samples,0.1569637099,0.25,750mv0_converted.csv,750.0,570.4337430744487,342.305616310219,342.73996657291195,342.50286934665326,317.6831847982684,63.19872495443514,254.61040016058664,1.616519463473532,1.0,0.0,0.0,9.0
0.39,0.047873236,0.0036751265,smoothing_nine_samples,0.1569637099,0.25,800mv0_converted.csv,800.0,606.6551780288738,344.1361973680268,344.392705195161,344.253981912932,298.2075997175985,33.80863514513072,264.4255509488437,2.17728341722424,1.0,0.0,0.0,9.0
0.39,0.047873236,0.0036751265,smoothing_nine_samples,0.1569637099,0.25,850mv0_converted.csv,850.0,646.2233016263873,345.9804280818038,346.31205164308477,346.13104564735676,279.4033275818612,23.098727500084603,256.3122429072287,2.4929496649742515,1.0,0.0,0.0,9.0
0.39,0.047873236,0.0036751265,smoothing_nine_samples,0.1569637099,0.25,900mv0_converted.csv,900.0,682.8259268820619,347.2646378979857,347.5568361168499,347.42471846282086,260.60195974970736,20.357553519824943,240.2479412203895,2.549553041078672,1.0,0.0,0.0,9.0
0.39,0.047873236,0.0036751265,smoothing_nine_samples,0.1569637099,0.25,950mv0_converted.csv,950.0,722.372921341621,348.9256447787181,349.3882199925957,349.1646187998582,244.99966664064874,18.953261573715967,226.05098797467926,2.559278835135777,1.0,0.0,0.0,9.0
0.39,0.047873236,0.0036751265,smoothing_nine_samples,0.5,0.25,1000mv0_converted.csv,1000.0,759.2191989197131,350.2183563443791,350.65387570605697,350.4982716626864,230.55470315281735,18.51225199557767,212.05120043817436,2.5220353255330936,1.0,0.0,0.0,9.0
0.39,0.047873236,0.0036751265,smoothing_nine_samples,0.5,0.25,100mv0_converted.csv,100.0,76.17083384633712,317.9270195297059,317.9805735839977,317.94960416111695,2245.374589794824,2350.5853718672647,107.46378559041506,0.04686134874023913,0.0,0.0,0.0,9.0
0.39,0.047873236,0.0036751265,smoothing_nine_samples,0.5,0.25,1100mv0_converted.csv,1100.0,834.7865599618726,353.98848599585807,354.37385123264784,354.2035634292791,209.96121239995452,18.243640578619324,191.73376462599498,2.443064676666547,1.0,0.0,0.0,9.0
0.39,0.047873236,0.0036751265,smoothing_nine_samples,0.5,0.25,1200mv0_converted.csv,1200.0,908.6058899457871,356.8074514015169,357.4283908279275,357.1216856738723,190.40399143109903,18.220077722379475,172.20087484958722,2.34657771158907,1.0,0.0,0.0,9.0
0.39,0.047873236,0.0036751265,smoothing_nine_samples,0.5,0.25,150mv0_converted.csv,150.0,114.17150902555795,321.8189674598764,321.8857927864293,321.8551845732383,2105.410031559668,2135.1142916537747,31.342391890888322,0.014804146857330676,0.0,0.0,0.0,9.0
0.39,0.047873236,0.0036751265,smoothing_nine_samples,0.5,0.25,200mv0_converted.csv,200.0,152.35217904164247,326.69824957529914,326.7747837277664,326.74464320202384,1957.2635913316615,1895.5748883237934,62.25104305460389,0.03229860443357993,1.0,0.0,0.0,9.0
0.39,0.047873236,0.0036751265,smoothing_nine_samples,0.5,0.25,250mv0_converted.csv,250.0,189.60094286792295,330.8539746784439,330.9604415924016,330.91174943160803,1680.553170486013,1679.290367806312,4.189197436594615,0.002492234339047771,0.6237623762376238,0.0,0.0,9.0
0.39,0.047873236,0.0036751265,smoothing_nine_samples,0.5,0.25,300mv0_converted.csv,300.0,228.7136509323431,328.1334880790903,329.8499694500871,328.96109083074293,1017.9084824154764,1784.8477855720143,781.1246073250979,0.5891962904627922,0.0,0.0,0.0,9.0
0.39,0.047873236,0.0036751265,smoothing_nine_samples,0.5,0.25,350mv0_converted.csv,350.0,267.07439601247086,327.07838858726944,329.19982808540806,328.06864717615804,711.6911909930317,1818.294374371519,1115.4172252537596,0.9750219194641725,0.0,0.0,0.0,9.0
0.39,0.047873236,0.0036751265,smoothing_nine_samples,0.5,0.25,400mv0_converted.csv,400.0,303.3911472089279,329.21564385741266,330.9744548373152,330.1139620276282,618.8697489704734,1701.2944916073639,1087.1817582748183,1.0334057165162858,0.0,0.0,0.0,9.0
0.39,0.047873236,0.0036751265,smoothing_nine_samples,0.5,0.25,450mv0_converted.csv,450.0,341.9425303334189,330.9650818314258,332.3657231613325,331.679442703438,543.6939029903807,1581.4133941348236,1040.1910475681716,1.0799527222465104,0.0,0.0,0.0,9.0
0.39,0.047873236,0.0036751265,smoothing_nine_samples,0.5,0.25,500mv0_converted.csv,500.0,381.06588239966646,333.1080926086528,334.1904268073654,333.64320414155753,488.4001227207024,1333.8223357247834,847.4626181433791,1.0123409747746956,0.0,0.0,0.0,9.0
0.39,0.047873236,0.0036751265,smoothing_nine_samples,0.5,0.25,50mv0_converted.csv,50.0,37.79944238139679,315.3057323506792,315.32893487527735,315.31840841626513,2316.9703291545547,2511.190265315594,195.76209069491432,0.08124497798407822,0.0,0.0,0.0,9.0
0.39,0.047873236,0.0036751265,smoothing_nine_samples,0.5,0.25,550mv0_converted.csv,550.0,419.61731636118117,335.13318586741383,336.0977695101281,335.636125776065,441.20698536520416,1026.0089933187655,586.9812897934149,0.8490882164713534,0.0,0.0,0.0,9.0
0.39,0.047873236,0.0036751265,smoothing_nine_samples,0.5,0.25,600mv0_converted.csv,600.0,458.3699322834958,337.1916251986209,337.9874872141855,337.5766967521634,406.2113008984931,576.719292669013,174.4200282639254,0.35825947392654695,0.0,0.0,0.0,9.0
0.39,0.047873236,0.0036751265,smoothing_nine_samples,0.5,0.25,650mv0_converted.csv,650.0,495.4173600492479,338.9001150563676,339.472631261996,339.20060870434185,371.7129218311538,275.2057591806544,98.41034012286654,0.30723514562225246,1.0,0.0,0.0,9.0
0.39,0.047873236,0.0036751265,smoothing_nine_samples,0.5,0.25,700mv0_converted.csv,700.0,533.4180352284689,340.4929923450277,341.06423814687713,340.77810535206464,340.7268395513246,135.27980253011873,205.77157149777852,0.9258974178110981,1.0,0.0,0.0,9.0
0.39,0.047873236,0.0036751265,smoothing_nine_samples,0.5,0.25,750mv0_converted.csv,750.0,570.4337430744487,342.305616310219,342.73996657291195,342.50286934665326,317.6831847982684,57.665724877083655,260.12842294854227,1.7069640413073945,1.0,0.0,0.0,9.0
0.39,0.047873236,0.0036751265,smoothing_nine_samples,0.5,0.25,800mv0_converted.csv,800.0,606.6551780288738,344.1361973680268,344.392705195161,344.253981912932,298.2075997175985,31.622695167465967,266.6104485226209,2.243953352635317,1.0,0.0,0.0,9.0
0.39,0.047873236,0.0036751265,smoothing_nine_samples,0.5,0.25,850mv0_converted.csv,850.0,646.2233016263873,345.9804280818038,346.31205164308477,346.13104564735676,279.4033275818612,22.65470317802807,256.7558615795765,2.5122989333108947,1.0,0.0,0.0,9.0
0.39,0.047873236,0.0036751265,smoothing_nine_samples,0.5,0.25,900mv0_converted.csv,900.0,682.8259268820619,347.2646378979857,347.5568361168499,347.42471846282086,260.60195974970736,20.11203405172518,240.4933513925894,2.561676821081299,1.0,0.0,0.0,9.0
0.39,0.047873236,0.0036751265,smoothing_nine_samples,0.5,0.25,950mv0_converted.csv,950.0,722.372921341621,348.9256447787181,349.3882199925957,349.1646187998582,244.99966664064874,18.888010478255772,226.11615853003508,2.562722740857852,1.0,0.0,0.0,9.0
0.39,0.047873236,0.0036751265,smoothing_nine_samples,2.0,0.25,1000mv0_converted.csv,1000.0,759.2191989197131,350.2183563443791,350.65387570605697,350.4982716626864,230.55470315281735,18.42304820825558,212.140321770879,2.5268641479420335,1.0,0.0,0.0,9.0
0.39,0.047873236,0.0036751265,smoothing_nine_samples,2.0,0.25,100mv0_converted.csv,100.0,76.17083384633712,317.9270195297059,317.9805735839977,317.94960416111695,2245.374589794824,2350.58518332302,107.46357809336803,0.046861260368993164,0.0,0.0,0.0,9.0
0.39,0.047873236,0.0036751265,smoothing_nine_samples,2.0,0.25,1100mv0_converted.csv,1100.0,834.7865599618726,353.98848599585807,354.37385123264784,354.2035634292791,209.96121239995452,18.231858187382763,191.74554380350585,2.4437106677210396,1.0,0.0,0.0,9.0
0.39,0.047873236,0.0036751265,smoothing_nine_samples,2.0,0.25,1200mv0_converted.csv,1200.0,908.6058899457871,356.8074514015169,357.4283908279275,357.1216856738723,190.40399143109903,18.2183512508279,172.20259930332546,2.34667243213807,1.0,0.0,0.0,9.0
0.39,0.047873236,0.0036751265,smoothing_nine_samples,2.0,0.25,150mv0_converted.csv,150.0,114.17150902555795,321.8189674598764,321.8857927864293,321.8551845732383,2105.410031559668,2135.1129525061883,31.340730627933162,0.014803368968068373,0.0,0.0,0.0,9.0
0.39,0.047873236,0.0036751265,smoothing_nine_samples,2.0,0.25,200mv0_converted.csv,200.0,152.35217904164247,326.69824957529914,326.7747837277664,326.74464320202384,1957.2635913316615,1895.5330157893718,62.28999380147766,0.032319171726144104,1.0,0.0,0.0,9.0
0.39,0.047873236,0.0036751265,smoothing_nine_samples,2.0,0.25,250mv0_converted.csv,250.0,189.60094286792295,330.8539746784439,330.9604415924016,330.91174943160803,1680.553170486013,1679.2040121248453,4.154143371924631,0.0024713175205033125,0.6237623762376238,0.0,0.0,9.0
0.39,0.047873236,0.0036751265,smoothing_nine_samples,2.0,0.25,300mv0_converted.csv,300.0,228.7136509323431,328.1334880790903,329.8499694500871,328.96109083074293,1017.9084824154764,1709.6576411181156,705.6755190709963,0.5465262218600785,0.0,0.0,0.0,9.0
0.39,0.047873236,0.0036751265,smoothing_nine_samples,2.0,0.25,350mv0_converted.csv,350.0,267.07439601247086,327.07838858726944,329.19982808540806,328.06864717615804,711.6911909930317,1741.4306290126083,1037.7520450702457,0.9319118147997125,0.0,0.0,0.0,9.0
0.39,0.047873236,0.0036751265,smoothing_nine_samples,2.0,0.25,400mv0_converted.csv,400.0,303.3911472089279,329.21564385741266,330.9744548373152,330.1139620276282,618.8697489704734,1523.4989569635675,909.0212518140306,0.9227428899522353,0.0,0.0,0.0,9.0
0.39,0.047873236,0.0036751265,smoothing_nine_samples,2.0,0.25,450mv0_converted.csv,450.0,341.9425303334189,330.9650818314258,332.3657231613325,331.679442703438,543.6939029903807,1336.4661224667389,796.1889629750116,0.9115985172149708,0.0,0.0,0.0,9.0
0.39,0.047873236,0.0036751265,smoothing_nine_samples,2.0,0.25,500mv0_converted.csv,500.0,381.06588239966646,333.1080926086528,334.1904268073654,333.64320414155753,488.4001227207024,928.8608023766244,447.789234064766,0.65247278985178,0.0,0.0,0.0,9.0
0.39,0.047873236,0.0036751265,smoothing_nine_samples,2.0,0.25,50mv0_converted.csv,50.0,37.79944238139679,315.3057323506792,315.32893487527735,315.31840841626513,2316.9703291545547,2511.190265315594,195.76209069491432,0.08124497798407822,0.0,0.0,0.0,9.0
0.39,0.047873236,0.0036751265,smoothing_nine_samples,2.0,0.25,550mv0_converted.csv,550.0,419.61731636118117,335.13318586741383,336.0977695101281,335.636125776065,441.20698536520416,594.1497965897664,165.9130964742115,0.31625083716769037,0.0,0.0,0.0,9.0
0.39,0.047873236,0.0036751265,smoothing_nine_samples,2.0,0.25,600mv0_converted.csv,600.0,458.3699322834958,337.1916251986209,337.9874872141855,337.5766967521634,406.2113008984931,302.8093544232963,109.22252499843371,0.31752086759408904,0.0,0.0,0.0,9.0
0.39,0.047873236,0.0036751265,smoothing_nine_samples,2.0,0.25,650mv0_converted.csv,650.0,495.4173600492479,338.9001150563676,339.472631261996,339.20060870434185,371.7129218311538,136.40105445786278,235.86013029762248,1.008485439858796,1.0,0.0,0.0,9.0
0.39,0.047873236,0.0036751265,smoothing_nine_samples,2.0,0.25,700mv0_converted.csv,700.0,533.4180352284689,340.4929923450277,341.06423814687713,340.77810535206464,340.7268395513246,85.90393466760617,255.02703653851805,1.3821631995963612,1.0,0.0,0.0,9.0
0.39,0.047873236,0.0036751265,smoothing_nine_samples,2.0,0.25,750mv0_converted.csv,750.0,570.4337430744487,342.305616310219,342.73996657291195,342.50286934665326,317.6831847982684,43.14298429583559,274.63600688224375,1.997611488574928,1.0,0.0,0.0,9.0
0.39,0.047873236,0.0036751265,smoothing_nine_samples,2.0,0.25,800mv0_converted.csv,800.0,606.6551780288738,344.1361973680268,344.392705195161,344.253981912932,298.2075997175985,26.473518144966352,271.75796338367934,2.4217133731911806,1.0,0.0,0.0,9.0
0.39,0.047873236,0.0036751265,smoothing_nine_samples,2.0,0.25,850mv0_converted.csv,850.0,646.2233016263873,345.9804280818038,346.31205164308477,346.13104564735676,279.4033275818612,21.213343270934455,258.1965009471213,2.5780383704929206,1.0,0.0,0.0,9.0
0.39,0.047873236,0.0036751265,smoothing_nine_samples,2.0,0.25,900mv0_converted.csv,900.0,682.8259268820619,347.2646378979857,347.5568361168499,347.42471846282086,260.60195974970736,19.391690830192942,241.21331591342494,2.598144746160603,1.0,0.0,0.0,9.0
0.39,0.047873236,0.0036751265,smoothing_nine_samples,2.0,0.25,950mv0_converted.csv,950.0,722.372921341621,348.9256447787181,349.3882199925957,349.1646187998582,244.99966664064874,18.682608576104194,226.32134045386343,2.5736537675687754,1.0,0.0,0.0,9.0
