I_target_uA,time_ns,I_in_uA,V_vo2_mV,T_K,R_ohm,P_W
390.0,0.0,0.0,0.0,333.0,1722.5977783203125,0.0
390.0,0.36000001430511475,0.0,0.0,333.0,1722.5977783203125,0.0
390.0,0.7200000286102295,0.0,0.0,333.0,1722.5977783203125,0.0
390.0,1.1200000047683716,0.0,0.0,333.0,1722.5977783203125,0.0
390.0,1.4800000190734863,0.0,0.0,333.0,1722.5977783203125,0.0
390.0,1.840000033378601,0.0,0.0,333.0,1722.5977783203125,0.0
390.0,2.240000009536743,0.0,0.0,333.0,1722.5977783203125,0.0
390.0,2.5999999046325684,0.0,0.0,333.0,1722.5977783203125,0.0
390.0,3.0,0.0,0.0,333.0,1722.5977783203125,0.0
390.0,3.3600001335144043,0.0,0.0,333.0,1722.5977783203125,0.0
390.0,3.7200000286102295,0.0,0.0,333.0,1722.5977783203125,0.0
390.0,4.119999885559082,0.0,0.0,333.0,1722.5977783203125,0.0
390.0,4.480000019073486,0.0,0.0,333.0,1722.5977783203125,0.0
390.0,4.840000152587891,0.0,0.0,333.0,1722.5977783203125,0.0
390.0,5.239999771118164,0.0,0.0,333.0,1722.5977783203125,0.0
390.0,5.599999904632568,0.0,0.0,333.0,1722.5977783203125,0.0
390.0,6.0,0.0,0.0,333.0,1722.5977783203125,0.0
390.0,6.360000133514404,0.0,0.0,333.0,1722.5977783203125,0.0
390.0,6.720000267028809,0.0,0.0,333.0,1722.5977783203125,0.0
390.0,7.12000036239624,0.0,0.0,333.0,1722.5977783203125,0.0
390.0,7.479999542236328,0.0,0.0,333.0,1722.5977783203125,0.0
390.0,7.839999675750732,0.0,0.0,333.0,1722.5977783203125,0.0
390.0,8.239999771118164,0.0,0.0,333.0,1722.5977783203125,0.0
390.0,8.59999942779541,0.0,0.0,333.0,1722.5977783203125,0.0
390.0,9.0,0.0,0.0,333.0,1722.5977783203125,0.0
390.0,9.359999656677246,0.0,0.0,333.0,1722.5977783203125,0.0
390.0,9.720000267028809,0.0,0.0,333.0,1722.5977783203125,0.0
390.0,10.119999885559082,0.0,0.0,333.0,1722.5977783203125,0.0
390.0,10.479999542236328,0.0,0.0,333.0,1722.5977783203125,0.0
390.0,10.84000015258789,0.0,0.0,333.0,1722.5977783203125,0.0
390.0,11.239999771118164,0.0,0.0,333.0,1722.5977783203125,0.0
390.0,11.600000381469727,0.0,0.0,333.0,1722.5977783203125,0.0
390.0,12.0,0.0,0.0,333.0,1722.5977783203125,0.0
390.0,12.360000610351562,0.0,0.0,333.0,1722.5977783203125,0.0
390.0,12.720000267028809,0.0,0.0,333.0,1722.5977783203125,0.0
390.0,13.119999885559082,0.0,0.0,333.0,1722.5977783203125,0.0
390.0,13.480000495910645,0.0,0.0,333.0,1722.5977783203125,0.0
390.0,13.880000114440918,0.0,0.0,333.0,1722.5977783203125,0.0
390.0,14.24000072479248,0.0,0.0,333.0,1722.5977783203125,0.0
390.0,14.600000381469727,0.0,0.0,333.0,1722.5977783203125,0.0
390.0,14.999999046325684,0.0,0.0,333.0,1722.5977783203125,0.0
390.0,15.359999656677246,0.0,0.0,333.0,1722.5977783203125,0.0
390.0,15.719999313354492,0.0,0.0,333.0,1722.5977783203125,0.0
390.0,16.119998931884766,0.0,0.0,333.0,1722.5977783203125,0.0
390.0,16.479999542236328,0.0,0.0,333.0,1722.5977783203125,0.0
390.0,16.8799991607666,0.0,0.0,333.0,1722.5977783203125,0.0
390.0,17.239999771118164,0.0,0.0,333.0,1722.5977783203125,0.0
390.0,17.600000381469727,0.0,0.0,333.0,1722.5977783203125,0.0
390.0,18.0,0.0,0.0,333.0,1722.5977783203125,0.0
390.0,18.360000610351562,0.0,0.0,333.0,1722.5977783203125,0.0
390.0,18.719999313354492,0.0,0.0,333.0,1722.5977783203125,0.0
390.0,19.119998931884766,0.0,0.0,333.0,1722.5977783203125,0.0
390.0,19.479999542236328,0.0,0.0,333.0,1722.5977783203125,0.0
390.0,19.8799991607666,0.0,0.0,333.0,1722.5977783203125,0.0
390.0,20.239999771118164,0.0,0.0,333.0,1722.5977783203125,0.0
390.0,20.600000381469727,0.0,0.0,333.0,1722.5977783203125,0.0
390.0,21.0,0.0,0.0,333.0,1722.5977783203125,0.0
390.0,21.360000610351562,0.0,0.0,333.0,1722.5977783203125,0.0
390.0,21.719999313354492,0.0,0.0,333.0,1722.5977783203125,0.0
390.0,22.1200008392334,0.0,0.0,333.0,1722.5977783203125,0.0
390.0,22.479999542236328,0.0,0.0,333.0,1722.5977783203125,0.0
390.0,22.880001068115234,0.0,0.0,333.0,1722.5977783203125,0.0
390.0,23.239999771118164,0.0,0.0,333.0,1722.5977783203125,0.0
390.0,23.600000381469727,0.0,0.0,333.0,1722.5977783203125,0.0
390.0,24.0,0.0,0.0,333.0,1722.5977783203125,0.0
390.0,24.360000610351562,0.0,0.0,333.0,1722.5977783203125,0.0
390.0,24.760000228881836,0.0,0.0,333.0,1722.5977783203125,0.0
390.0,25.1200008392334,0.0,0.0,333.0,1722.5977783203125,0.0
390.0,25.479999542236328,0.0,0.0,333.0,1722.5977783203125,0.0
390.0,25.880001068115234,0.0,0.0,333.0,1722.5977783203125,0.0
390.0,26.239999771118164,0.0,0.0,333.0,1722.5977783203125,0.0
390.0,26.600000381469727,0.0,0.0,333.0,1722.5977783203125,0.0
390.0,27.0,0.0,0.0,333.0,1722.5977783203125,0.0
390.0,27.360000610351562,0.0,0.0,333.0,1722.5977783203125,0.0
390.0,27.760000228881836,0.0,0.0,333.0,1722.5977783203125,0.0
390.0,28.1200008392334,0.0,0.0,333.0,1722.5977783203125,0.0
390.0,28.48000144958496,0.0,0.0,333.0,1722.5977783203125,0.0
390.0,28.880001068115234,0.0,0.0,333.0,1722.5977783203125,0.0
390.0,29.239999771118164,0.0,0.0,333.0,1722.5977783203125,0.0
390.0,29.600000381469727,0.0,0.0,333.0,1722.5977783203125,0.0
390.0,29.999998092651367,0.0,0.0,333.0,1722.5977783203125,0.0
390.0,30.35999870300293,0.0,0.0,333.0,1722.5977783203125,0.0
390.0,30.759998321533203,0.0,0.0,333.0,1722.5977783203125,0.0
390.0,31.119998931884766,0.0,0.0,333.0,1722.5977783203125,0.0
390.0,31.479999542236328,0.0,0.0,333.0,1722.5977783203125,0.0
390.0,31.8799991607666,0.0,0.0,333.0,1722.5977783203125,0.0
390.0,32.23999786376953,0.0,0.0,333.0,1722.5977783203125,0.0
390.0,32.599998474121094,0.0,0.0,333.0,1722.5977783203125,0.0
390.0,33.0,0.0,0.0,333.0,1722.5977783203125,0.0
390.0,33.36000061035156,0.0,0.0,333.0,1722.5977783203125,0.0
390.0,33.7599983215332,0.0,0.0,333.0,1722.5977783203125,0.0
390.0,34.119998931884766,0.0,0.0,333.0,1722.5977783203125,0.0
390.0,34.47999954223633,0.0,0.0,333.0,1722.5977783203125,0.0
390.0,34.880001068115234,0.0,0.0,333.0,1722.5977783203125,0.0
390.0,35.23999786376953,0.0,0.0,333.0,1722.5977783203125,0.0
390.0,35.599998474121094,0.0,0.0,333.0,1722.5977783203125,0.0
390.0,36.0,0.0,0.0,333.0,1722.5977783203125,0.0
390.0,36.36000061035156,0.0,0.0,333.0,1722.5977783203125,0.0
390.0,36.7599983215332,0.0,0.0,333.0,1722.5977783203125,0.0
390.0,37.119998931884766,0.0,0.0,333.0,1722.5977783203125,0.0
390.0,37.47999954223633,0.0,0.0,333.0,1722.5977783203125,0.0
390.0,37.880001068115234,0.0,0.0,333.0,1722.5977783203125,0.0
390.0,38.23999786376953,0.0,0.0,333.0,1722.5977783203125,0.0
390.0,38.63999938964844,0.0,0.0,333.0,1722.5977783203125,0.0
390.0,39.0,0.0,0.0,333.0,1722.5977783203125,0.0
390.0,39.36000061035156,0.0,0.0,333.0,1722.5977783203125,0.0
390.0,39.7599983215332,0.0,0.0,333.0,1722.5977783203125,0.0
390.0,40.119998931884766,0.0,0.0,333.0,1722.5977783203125,0.0
390.0,40.47999954223633,0.0,0.0,333.0,1722.5977783203125,0.0
390.0,40.880001068115234,0.0,0.0,333.0,1722.5977783203125,0.0
390.0,41.2400016784668,0.0,0.0,333.0,1722.5977783203125,0.0
390.0,41.63999938964844,0.0,0.0,333.0,1722.5977783203125,0.0
390.0,42.0,0.0,0.0,333.0,1722.5977783203125,0.0
390.0,42.36000061035156,0.0,0.0,333.0,1722.5977783203125,0.0
390.0,42.7599983215332,0.0,0.0,333.0,1722.5977783203125,0.0
390.0,43.119998931884766,0.0,0.0,333.0,1722.5977783203125,0.0
390.0,43.47999954223633,0.0,0.0,333.0,1722.5977783203125,0.0
390.0,43.880001068115234,0.0,0.0,333.0,1722.5977783203125,0.0
390.0,44.2400016784668,0.0,0.0,333.0,1722.5977783203125,0.0
390.0,44.63999938964844,0.0,0.0,333.0,1722.5977783203125,0.0
390.0,45.0,0.0,0.0,333.0,1722.5977783203125,0.0
390.0,45.36000061035156,0.0,0.0,333.0,1722.5977783203125,0.0
390.0,45.76000213623047,0.0,0.0,333.0,1722.5977783203125,0.0
390.0,46.119998931884766,0.0,0.0,333.0,1722.5977783203125,0.0
390.0,46.47999954223633,0.0,0.0,333.0,1722.5977783203125,0.0
390.0,46.880001068115234,0.0,0.0,333.0,1722.5977783203125,0.0
390.0,47.2400016784668,0.0,0.0,333.0,1722.5977783203125,0.0
390.0,47.63999938964844,0.0,0.0,333.0,1722.5977783203125,0.0
390.0,48.0,0.0,0.0,333.0,1722.5977783203125,0.0
390.0,48.36000061035156,0.0,0.0,333.0,1722.5977783203125,0.0
390.0,48.76000213623047,0.0,0.0,333.0,1722.5977783203125,0.0
390.0,49.119998931884766,0.0,0.0,333.0,1722.5977783203125,0.0
390.0,49.52000045776367,0.0,0.0,333.0,1722.5977783203125,0.0
390.0,49.880001068115234,0.0,0.0,333.0,1722.5977783203125,0.0
390.0,50.2400016784668,0.0,0.0,333.0,1722.5977783203125,0.0
390.0,50.63999938964844,0.0,0.0,333.0,1722.5977783203125,0.0
390.0,51.0,0.0,0.0,333.0,1722.5977783203125,0.0
390.0,51.36000061035156,0.0,0.0,333.0,1722.5977783203125,0.0
390.0,51.76000213623047,0.0,0.0,333.0,1722.5977783203125,0.0
390.0,52.119998931884766,0.0,0.0,333.0,1722.5977783203125,0.0
390.0,52.52000045776367,0.0,0.0,333.0,1722.5977783203125,0.0
390.0,52.880001068115234,0.0,0.0,333.0,1722.5977783203125,0.0
390.0,53.2400016784668,0.0,0.0,333.0,1722.5977783203125,0.0
390.0,53.63999938964844,0.0,0.0,333.0,1722.5977783203125,0.0
390.0,54.0,0.0,0.0,333.0,1722.5977783203125,0.0
390.0,54.36000061035156,0.0,0.0,333.0,1722.5977783203125,0.0
390.0,54.76000213623047,0.0,0.0,333.0,1722.5977783203125,0.0
390.0,55.12000274658203,0.0,0.0,333.0,1722.5977783203125,0.0
390.0,55.52000045776367,0.0,0.0,333.0,1722.5977783203125,0.0
390.0,55.880001068115234,0.0,0.0,333.0,1722.5977783203125,0.0
390.0,56.2400016784668,0.0,0.0,333.0,1722.5977783203125,0.0
390.0,56.63999938964844,0.0,0.0,333.0,1722.5977783203125,0.0
390.0,57.0,0.0,0.0,333.0,1722.5977783203125,0.0
390.0,57.36000061035156,0.0,0.0,333.0,1722.5977783203125,0.0
390.0,57.76000213623047,0.0,0.0,333.0,1722.5977783203125,0.0
390.0,58.12000274658203,0.0,0.0,333.0,1722.5977783203125,0.0
390.0,58.52000045776367,0.0,0.0,333.0,1722.5977783203125,0.0
390.0,58.880001068115234,0.0,0.0,333.0,1722.5977783203125,0.0
390.0,59.2400016784668,0.0,0.0,333.0,1722.5977783203125,0.0
390.0,59.6400032043457,0.0,0.0,333.0,1722.5977783203125,0.0
390.0,59.999996185302734,0.0,0.0,333.0,1722.5977783203125,0.0
390.0,60.39999771118164,0.0,0.0,333.0,1722.5977783203125,0.0
390.0,60.76000213623047,0.0,0.0,333.0,1722.5977783203125,0.0
390.0,61.119998931884766,0.0,0.0,333.0,1722.5977783203125,0.0
390.0,61.519996643066406,0.0,0.0,333.0,1722.5977783203125,0.0
390.0,61.880001068115234,0.0,0.0,333.0,1722.5977783203125,0.0
390.0,62.23999786376953,0.0,0.0,333.0,1722.5977783203125,0.0
390.0,62.63999938964844,0.0,0.0,333.0,1722.5977783203125,0.0
390.0,63.0,0.0,0.0,333.0,1722.5977783203125,0.0
390.0,63.400001525878906,0.0,0.0,333.0,1722.5977783203125,0.0
390.0,63.7599983215332,0.0,0.0,333.0,1722.5977783203125,0.0
390.0,64.12000274658203,0.0,0.0,333.0,1722.5977783203125,0.0
390.0,64.52000427246094,0.0,0.0,333.0,1722.5977783203125,0.0
390.0,64.87999725341797,0.0,0.0,333.0,1722.5977783203125,0.0
390.0,65.24000549316406,0.0,0.0,333.0,1722.5977783203125,0.0
390.0,65.63999938964844,0.0,0.0,333.0,1722.5977783203125,0.0
390.0,66.0,0.0,0.0,333.0,1722.5977783203125,0.0
390.0,66.4000015258789,0.0,0.0,333.0,1722.5977783203125,0.0
390.0,66.76000213623047,0.0,0.0,333.0,1722.5977783203125,0.0
390.0,67.1199951171875,0.0,0.0,333.0,1722.5977783203125,0.0
390.0,67.5199966430664,0.0,0.0,333.0,1722.5977783203125,0.0
390.0,67.8800048828125,0.0,0.0,333.0,1722.5977783203125,0.0
390.0,68.23999786376953,0.0,0.0,333.0,1722.5977783203125,0.0
390.0,68.63999938964844,0.0,0.0,333.0,1722.5977783203125,0.0
390.0,69.0,0.0,0.0,333.0,1722.5977783203125,0.0
390.0,69.4000015258789,0.0,0.0,333.0,1722.5977783203125,0.0
390.0,69.76000213623047,0.0,0.0,333.0,1722.5977783203125,0.0
390.0,70.12000274658203,0.0,0.0,333.0,1722.5977783203125,0.0
390.0,70.52000427246094,0.0,0.0,333.0,1722.5977783203125,0.0
390.0,70.87999725341797,0.0,0.0,333.0,1722.5977783203125,0.0
390.0,71.24000549316406,0.0,0.0,333.0,1722.5977783203125,0.0
390.0,71.63999938964844,0.0,0.0,333.0,1722.5977783203125,0.0
390.0,72.0,0.0,0.0,333.0,1722.5977783203125,0.0
390.0,72.4000015258789,0.0,0.0,333.0,1722.5977783203125,0.0
390.0,72.76000213623047,0.0,0.0,333.0,1722.5977783203125,0.0
390.0,73.12000274658203,0.0,0.0,333.0,1722.5977783203125,0.0
390.0,73.5199966430664,0.0,0.0,333.0,1722.5977783203125,0.0
390.0,73.8800048828125,0.0,0.0,333.0,1722.5977783203125,0.0
390.0,74.27999877929688,0.0,0.0,333.0,1722.5977783203125,0.0
390.0,74.63999938964844,0.0,0.0,333.0,1722.5977783203125,0.0
390.0,75.0,0.0,0.0,333.0,1722.5977783203125,0.0
390.0,75.4000015258789,0.0,0.0,333.0,1722.5977783203125,0.0
390.0,75.76000213623047,0.0,0.0,333.0,1722.5977783203125,0.0
390.0,76.12000274658203,0.0,0.0,333.0,1722.5977783203125,0.0
390.0,76.52000427246094,0.0,0.0,333.0,1722.5977783203125,0.0
390.0,76.87999725341797,0.0,0.0,333.0,1722.5977783203125,0.0
390.0,77.27999877929688,0.0,0.0,333.0,1722.5977783203125,0.0
390.0,77.63999938964844,0.0,0.0,333.0,1722.5977783203125,0.0
390.0,78.0,0.0,0.0,333.0,1722.5977783203125,0.0
390.0,78.4000015258789,0.0,0.0,333.0,1722.5977783203125,0.0
390.0,78.76000213623047,0.0,0.0,333.0,1722.5977783203125,0.0
390.0,79.12000274658203,0.0,0.0,333.0,1722.5977783203125,0.0
390.0,79.5199966430664,0.0,0.0,333.0,1722.5977783203125,0.0
390.0,79.8800048828125,0.0,0.0,333.0,1722.5977783203125,0.0
390.0,80.2800064086914,0.0,0.0,333.0,1722.5977783203125,0.0
390.0,80.63999938964844,0.0,0.0,333.0,1722.5977783203125,0.0
390.0,81.0,0.0,0.0,333.0,1722.5977783203125,0.0
390.0,81.4000015258789,0.0,0.0,333.0,1722.5977783203125,0.0
390.0,81.76000213623047,0.0,0.0,333.0,1722.5977783203125,0.0
390.0,82.12000274658203,0.0,0.0,333.0,1722.5977783203125,0.0
390.0,82.52000427246094,0.0,0.0,333.0,1722.5977783203125,0.0
390.0,82.87999725341797,0.0,0.0,333.0,1722.5977783203125,0.0
390.0,83.27999877929688,0.0,0.0,333.0,1722.5977783203125,0.0
390.0,83.64000701904297,0.0,0.0,333.0,1722.5977783203125,0.0
390.0,84.0,0.0,0.0,333.0,1722.5977783203125,0.0
390.0,84.4000015258789,0.0,0.0,333.0,1722.5977783203125,0.0
390.0,84.76000213623047,0.0,0.0,333.0,1722.5977783203125,0.0
390.0,85.16000366210938,0.0,0.0,333.0,1722.5977783203125,0.0
390.0,85.5199966430664,0.0,0.0,333.0,1722.5977783203125,0.0
390.0,85.87999725341797,0.0,0.0,333.0,1722.5977783203125,0.0
390.0,86.27999877929688,0.0,0.0,333.0,1722.5977783203125,0.0
390.0,86.63999938964844,0.0,0.0,333.0,1722.5977783203125,0.0
390.0,87.0,0.0,0.0,333.0,1722.5977783203125,0.0
390.0,87.39999389648438,0.0,0.0,333.0,1722.5977783203125,0.0
390.0,87.76000213623047,0.0,0.0,333.0,1722.5977783203125,0.0
390.0,88.16000366210938,0.0,0.0,333.0,1722.5977783203125,0.0
390.0,88.5199966430664,0.0,0.0,333.0,1722.5977783203125,0.0
390.0,88.87999725341797,0.0,0.0,333.0,1722.5977783203125,0.0
390.0,89.27999877929688,0.0,0.0,333.0,1722.5977783203125,0.0
390.0,89.63999938964844,0.0,0.0,333.0,1722.5977783203125,0.0
390.0,90.0,0.0,0.0,333.0,1722.5977783203125,0.0
390.0,90.4000015258789,0.0,0.0,333.0,1722.5977783203125,0.0
390.0,90.75999450683594,0.0,0.0,333.0,1722.5977783203125,0.0
390.0,91.15999603271484,0.0,0.0,333.0,1722.5977783203125,0.0
390.0,91.52000427246094,0.0,0.0,333.0,1722.5977783203125,0.0
390.0,91.87999725341797,0.0,0.0,333.0,1722.5977783203125,0.0
390.0,92.27999877929688,0.0,0.0,333.0,1722.5977783203125,0.0
390.0,92.63999938964844,0.0,0.0,333.0,1722.5977783203125,0.0
390.0,93.0,0.0,0.0,333.0,1722.5977783203125,0.0
390.0,93.39999389648438,0.0,0.0,333.0,1722.5977783203125,0.0
390.0,93.76000213623047,0.0,0.0,333.0,1722.5977783203125,0.0
390.0,94.16000366210938,0.0,0.0,333.0,1722.5977783203125,0.0
390.0,94.5199966430664,0.0,0.0,333.0,1722.5977783203125,0.0
390.0,94.87999725341797,0.0,0.0,333.0,1722.5977783203125,0.0
390.0,95.27999877929688,0.0,0.0,333.0,1722.5977783203125,0.0
390.0,95.63999938964844,0.0,0.0,333.0,1722.5977783203125,0.0
390.0,96.04000091552734,0.0,0.0,333.0,1722.5977783203125,0.0
390.0,96.4000015258789,0.0,0.0,333.0,1722.5977783203125,0.0
390.0,96.75999450683594,0.0,0.0,333.0,1722.5977783203125,0.0
390.0,97.15999603271484,0.0,0.0,333.0,1722.5977783203125,0.0
390.0,97.52000427246094,0.0,0.0,333.0,1722.5977783203125,0.0
390.0,97.87999725341797,0.0,0.0,333.0,1722.5977783203125,0.0
390.0,98.27999877929688,0.0,0.0,333.0,1722.5977783203125,0.0
390.0,98.63999938964844,0.0,0.0,333.0,1722.5977783203125,0.0
390.0,99.04000091552734,0.0,0.0,333.0,1722.5977783203125,0.0
390.0,99.39999389648438,0.0,0.0,333.0,1722.5977783203125,0.0
390.0,99.76000213623047,0.0,0.0,333.0,1722.5977783203125,0.0
390.0,100.16000366210938,0.0,0.0,333.0,1722.5977783203125,0.0
390.0,100.5199966430664,0.0,0.0,333.0,1722.5977783203125,0.0
390.0,100.8800048828125,0.0,0.0,333.0,1722.5977783203125,0.0
390.0,101.27999877929688,0.0,0.0,333.0,1722.5977783203125,0.0
390.0,101.63999938964844,0.0,0.0,333.0,1722.5977783203125,0.0
390.0,102.04000091552734,0.0,0.0,333.0,1722.5977783203125,0.0
390.0,102.4000015258789,0.0,0.0,333.0,1722.5977783203125,0.0
390.0,102.75999450683594,0.0,0.0,333.0,1722.5977783203125,0.0
390.0,103.15999603271484,0.0,0.0,333.0,1722.5977783203125,0.0
390.0,103.52000427246094,0.0,0.0,333.0,1722.5977783203125,0.0
390.0,103.87999725341797,0.0,0.0,333.0,1722.5977783203125,0.0
390.0,104.27999877929688,0.0,0.0,333.0,1722.5977783203125,0.0
390.0,104.63999938964844,0.0,0.0,333.0,1722.5977783203125,0.0
390.0,105.04000091552734,0.0,0.0,333.0,1722.5977783203125,0.0
390.0,105.4000015258789,0.0,0.0,333.0,1722.5977783203125,0.0
390.0,105.76000213623047,0.0,0.0,333.0,1722.5977783203125,0.0
390.0,106.16000366210938,0.0,0.0,333.0,1722.5977783203125,0.0
390.0,106.5199966430664,0.0,0.0,333.0,1722.5977783203125,0.0
390.0,106.8800048828125,0.0,0.0,333.0,1722.5977783203125,0.0
390.0,107.27999877929688,0.0,0.0,333.0,1722.5977783203125,0.0
390.0,107.63999938964844,0.0,0.0,333.0,1722.5977783203125,0.0
390.0,108.04000091552734,0.0,0.0,333.0,1722.5977783203125,0.0
390.0,108.4000015258789,0.0,0.0,333.0,1722.5977783203125,0.0
390.0,108.76000213623047,0.0,0.0,333.0,1722.5977783203125,0.0
390.0,109.15999603271484,0.0,0.0,333.0,1722.5977783203125,0.0
390.0,109.52000427246094,0.0,0.0,333.0,1722.5977783203125,0.0
390.0,109.92000579833984,0.0,0.0,333.0,1722.5977783203125,0.0
390.0,110.27999877929688,0.0,0.0,333.0,1722.5977783203125,0.0
390.0,110.63999938964844,0.0,0.0,333.0,1722.5977783203125,0.0
390.0,111.04000091552734,0.0,0.0,333.0,1722.5977783203125,0.0
390.0,111.4000015258789,0.0,0.0,333.0,1722.5977783203125,0.0
390.0,111.76000213623047,0.0,0.0,333.0,1722.5977783203125,0.0
390.0,112.16000366210938,0.0,0.0,333.0,1722.5977783203125,0.0
390.0,112.5199966430664,0.0,0.0,333.0,1722.5977783203125,0.0
390.0,112.91999816894531,0.0,0.0,333.0,1722.5977783203125,0.0
390.0,113.27999877929688,0.0,0.0,333.0,1722.5977783203125,0.0
390.0,113.63999938964844,0.0,0.0,333.0,1722.5977783203125,0.0
390.0,114.04000091552734,0.0,0.0,333.0,1722.5977783203125,0.0
390.0,114.4000015258789,0.0,0.0,333.0,1722.5977783203125,0.0
390.0,114.76000213623047,0.0,0.0,333.0,1722.5977783203125,0.0
390.0,115.15999603271484,0.0,0.0,333.0,1722.5977783203125,0.0
390.0,115.52000427246094,0.0,0.0,333.0,1722.5977783203125,0.0
390.0,115.92000579833984,0.0,0.0,333.0,1722.5977783203125,0.0
390.0,116.27999877929688,0.0,0.0,333.0,1722.5977783203125,0.0
390.0,116.63999938964844,0.0,0.0,333.0,1722.5977783203125,0.0
390.0,117.04000091552734,0.0,0.0,333.0,1722.5977783203125,0.0
390.0,117.4000015258789,0.0,0.0,333.0,1722.5977783203125,0.0
390.0,117.76000213623047,0.0,0.0,333.0,1722.5977783203125,0.0
390.0,118.16000366210938,0.0,0.0,333.0,1722.5977783203125,0.0
390.0,118.5199966430664,0.0,0.0,333.0,1722.5977783203125,0.0
390.0,118.91999816894531,0.0,0.0,333.0,1722.5977783203125,0.0
390.0,119.2800064086914,0.0,0.0,333.0,1722.5977783203125,0.0
390.0,119.64000701904297,0.0,0.0,333.0,1722.5977783203125,0.0
390.0,120.04000091552734,0.0,0.0,333.0,1722.5977783203125,0.0
390.0,120.4000015258789,0.0,0.0,333.0,1722.5977783203125,0.0
390.0,120.79999542236328,0.0,0.0,333.0,1722.5977783203125,0.0
390.0,121.15999603271484,0.0,0.0,333.0,1722.5977783203125,0.0
390.0,121.52000427246094,0.0,0.0,333.0,1722.5977783203125,0.0
390.0,121.91999816894531,0.0,0.0,333.0,1722.5977783203125,0.0
390.0,122.27999877929688,0.0,0.0,333.0,1722.5977783203125,0.0
390.0,122.63999938964844,0.0,0.0,333.0,1722.5977783203125,0.0
390.0,123.03999328613281,0.0,0.0,333.0,1722.5977783203125,0.0
390.0,123.4000015258789,0.0,0.0,333.0,1722.5977783203125,0.0
390.0,123.80000305175781,0.0,0.0,333.0,1722.5977783203125,0.0
390.0,124.15999603271484,0.0,0.0,333.0,1722.5977783203125,0.0
390.0,124.5199966430664,0.0,0.0,333.0,1722.5977783203125,0.0
390.0,124.92000579833984,0.0,0.0,333.0,1722.5977783203125,0.0
390.0,125.27999877929688,0.0,0.0,333.0,1722.5977783203125,0.0
390.0,125.63999938964844,0.0,0.0,333.0,1722.5977783203125,0.0
390.0,126.04000854492188,0.0,0.0,333.0,1722.5977783203125,0.0
390.0,126.39999389648438,0.0,0.0,333.0,1722.5977783203125,0.0
390.0,126.80000305175781,0.0,0.0,333.0,1722.5977783203125,0.0
390.0,127.16000366210938,0.0,0.0,333.0,1722.5977783203125,0.0
390.0,127.5199966430664,0.0,0.0,333.0,1722.5977783203125,0.0
390.0,127.92000579833984,0.0,0.0,333.0,1722.5977783203125,0.0
390.0,128.28001403808594,0.0,0.0,333.0,1722.5977783203125,0.0
390.0,128.63999938964844,0.0,0.0,333.0,1722.5977783203125,0.0
390.0,129.04000854492188,0.0,0.0,333.0,1722.5977783203125,0.0
390.0,129.39999389648438,0.0,0.0,333.0,1722.5977783203125,0.0
390.0,129.8000030517578,0.0,0.0,333.0,1722.5977783203125,0.0
390.0,130.16000366210938,0.0,0.0,333.0,1722.5977783203125,0.0
390.0,130.51998901367188,0.0,0.0,333.0,1722.5977783203125,0.0
390.0,130.9199981689453,0.0,0.0,333.0,1722.5977783203125,0.0
390.0,131.27999877929688,0.0,0.0,333.0,1722.5977783203125,0.0
390.0,131.63999938964844,0.0,0.0,333.0,1722.5977783203125,0.0
390.0,132.0399932861328,0.0,0.0,333.0,1722.5977783203125,0.0
390.0,132.40000915527344,0.0,0.0,333.0,1722.5977783203125,0.0
390.0,132.8000030517578,0.0,0.0,333.0,1722.5977783203125,0.0
390.0,133.16000366210938,0.0,0.0,333.0,1722.5977783203125,0.0
390.0,133.52000427246094,0.0,0.0,333.0,1722.5977783203125,0.0
390.0,133.9199981689453,0.0,0.0,333.0,1722.5977783203125,0.0
390.0,134.27999877929688,0.0,0.0,333.0,1722.5977783203125,0.0
390.0,134.67999267578125,0.0,0.0,333.0,1722.5977783203125,0.0
390.0,135.0399932861328,0.0,0.0,333.0,1722.5977783203125,0.0
390.0,135.39999389648438,0.0,0.0,333.0,1722.5977783203125,0.0
390.0,135.79998779296875,0.0,0.0,333.0,1722.5977783203125,0.0
390.0,136.16000366210938,0.0,0.0,333.0,1722.5977783203125,0.0
390.0,136.52000427246094,0.0,0.0,333.0,1722.5977783203125,0.0
390.0,136.9199981689453,0.0,0.0,333.0,1722.5977783203125,0.0
390.0,137.27999877929688,0.0,0.0,333.0,1722.5977783203125,0.0
390.0,137.6800079345703,0.0,0.0,333.0,1722.5977783203125,0.0
390.0,138.0399932861328,0.0,0.0,333.0,1722.5977783203125,0.0
390.0,138.39999389648438,0.0,0.0,333.0,1722.5977783203125,0.0
390.0,138.8000030517578,0.0,0.0,333.0,1722.5977783203125,0.0
390.0,139.1599884033203,0.0,0.0,333.0,1722.5977783203125,0.0
390.0,139.52000427246094,0.0,0.0,333.0,1722.5977783203125,0.0
390.0,139.9199981689453,0.0,0.0,333.0,1722.5977783203125,0.0
390.0,140.27999877929688,0.0,0.0,333.0,1722.5977783203125,0.0
390.0,140.6800079345703,0.0,0.0,333.0,1722.5977783203125,0.0
390.0,141.04000854492188,0.0,0.0,333.0,1722.5977783203125,0.0
390.0,141.39999389648438,0.0,0.0,333.0,1722.5977783203125,0.0
390.0,141.8000030517578,0.0,0.0,333.0,1722.5977783203125,0.0
390.0,142.16000366210938,0.0,0.0,333.0,1722.5977783203125,0.0
390.0,142.51998901367188,0.0,0.0,333.0,1722.5977783203125,0.0
390.0,142.9199981689453,0.0,0.0,333.0,1722.5977783203125,0.0
390.0,143.27999877929688,0.0,0.0,333.0,1722.5977783203125,0.0
390.0,143.67999267578125,0.0,0.0,333.0,1722.5977783203125,0.0
390.0,144.04000854492188,0.0,0.0,333.0,1722.5977783203125,0.0
390.0,144.40000915527344,0.0,0.0,333.0,1722.5977783203125,0.0
390.0,144.8000030517578,0.0,0.0,333.0,1722.5977783203125,0.0
390.0,145.16000366210938,0.0,0.0,333.0,1722.5977783203125,0.0
390.0,145.55999755859375,0.0,0.0,333.0,1722.5977783203125,0.0
390.0,145.9199981689453,0.0,0.0,333.0,1722.5977783203125,0.0
390.0,146.27999877929688,0.0,0.0,333.0,1722.5977783203125,0.0
390.0,146.67999267578125,0.0,0.0,333.0,1722.5977783203125,0.0
390.0,147.0399932861328,0.0,0.0,333.0,1722.5977783203125,0.0
390.0,147.40000915527344,0.0,0.0,333.0,1722.5977783203125,0.0
390.0,147.79998779296875,0.0,0.0,333.0,1722.5977783203125,0.0
390.0,148.16000366210938,0.0,0.0,333.0,1722.5977783203125,0.0
390.0,148.55999755859375,0.0,0.0,333.0,1722.5977783203125,0.0
390.0,148.9199981689453,0.0,0.0,333.0,1722.5977783203125,0.0
390.0,149.27999877929688,0.0,0.0,333.0,1722.5977783203125,0.0
390.0,149.6800079345703,0.0,0.0,333.0,1722.5977783203125,0.0
390.0,150.0399932861328,390.0,0.7800000309944153,333.0,1722.5977783203125,3.531875070184043e-10
390.0,150.39999389648438,390.0,7.759373188018799,333.0,1722.5977783203125,3.4951789018577983e-08
390.0,150.8000030517578,390.0,15.429125785827637,333.0,1722.5977783203125,1.3819705202422483e-07
390.0,151.1599884033203,390.0,22.256132125854492,333.0,1722.5977783203125,2.8755141556757735e-07
390.0,151.55999755859375,390.0,29.758445739746094,333.0001525878906,1722.5811767578125,5.140919370205665e-07
390.0,151.9199981689453,390.0,36.4364128112793,333.00042724609375,1722.5501708984375,7.707248528276978e-07
390.0,152.27999877929688,390.0,43.04490661621094,333.0007019042969,1722.51953125,1.0756707524706144e-06
390.0,152.6800079345703,390.0,50.30708694458008,333.001220703125,1722.461181640625,1.469294602429727e-06
390.0,153.04000854492188,390.0,56.77128219604492,333.00177001953125,1722.3995361328125,1.8712141809373861e-06
390.0,153.39999389648438,390.0,63.16820526123047,333.0025329589844,1722.3135986328125,2.316780410183128e-06
390.0,153.8000030517578,390.0,70.19784545898438,333.0035095214844,1722.2041015625,2.861296934497659e-06
390.0,154.16000366210938,390.0,76.45499420166016,333.0046081542969,1722.080810546875,3.394362465769518e-06
390.0,154.55999755859375,390.0,83.33100891113281,333.0060729980469,1721.9163818359375,4.032749529869761e-06
390.0,154.9199981689453,390.0,89.45137786865234,333.0075988769531,1721.7452392578125,4.647347850550432e-06
390.0,155.27999877929688,390.0,95.50797271728516,333.00933837890625,1721.5494384765625,5.298583346302621e-06
390.0,155.67999267578125,390.0,102.1634750366211,333.01153564453125,1721.302490234375,6.0636493799393065e-06
390.0,156.04000854492188,390.0,108.08747863769531,333.0137939453125,1721.0477294921875,6.788250630052062e-06
390.0,156.44000244140625,390.0,114.59718322753906,333.0166015625,1720.7318115234375,7.631936568941455e-06
390.0,156.8000030517578,390.0,120.3913345336914,333.0194091796875,1720.41552734375,8.424751285929233e-06
390.0,157.16000366210938,390.0,126.1249008178711,333.0224914550781,1720.0675048828125,9.248177775589284e-06
390.0,157.55999755859375,390.0,132.42520141601562,333.0262756347656,1719.639892578125,1.0197736628470011e-05
390.0,157.9199981689453,390.0,138.03277587890625,333.0299987792969,1719.21923828125,1.1082383934990503e-05
390.0,158.27999877929688,390.0,143.58155822753906,333.0340270996094,1718.762939453125,1.1994477063126396e-05
390.0,158.67999267578125,390.0,149.6785430908203,333.0388488769531,1718.2169189453125,1.3038904398854356e-05
390.0,159.0399932861328,390.0,155.10498046875,333.0435791015625,1717.68017578125,1.4005840057507157e-05
390.0,159.44000244140625,390.0,161.06735229492188,333.0491943359375,1717.0416259765625,1.5108947991393507e-05
390.0,159.8000030517578,390.0,166.37384033203125,333.0545959472656,1716.4267578125,1.6126672562677413e-05
390.0,160.16000366210938,390.0,171.62425231933594,333.06036376953125,1715.7691650390625,1.7167161786346696e-05
390.0,160.5600128173828,390.0,177.39295959472656,333.06719970703125,1714.9881591796875,1.8348966477788053e-05
390.0,160.9199981689453,390.0,182.52671813964844,333.0736999511719,1714.24365234375,1.9434814021224156e-05
390.0,161.27999877929688,390.0,187.60601806640625,333.08062744140625,1713.449462890625,2.054103242699057e-05
390.0,161.6800079345703,390.0,193.18629455566406,333.0887145996094,1712.5201416015625,2.1792997358716093e-05
390.0,162.0399932861328,390.0,198.15203857421875,333.0964050292969,1711.63427734375,2.2939613700145856e-05
390.0,162.44000244140625,390.0,203.6072998046875,333.10540771484375,1710.594970703125,2.4234805096057244e-05
390.0,162.8000030517578,390.0,208.4615020751953,333.11395263671875,1709.605712890625,2.5418843506486155e-05
390.0,163.1599884033203,390.0,213.2635955810547,333.12286376953125,1708.571533203125,2.661952566995751e-05
390.0,163.55999755859375,390.0,218.53857421875,333.13323974609375,1707.36376953125,2.797242450469639e-05
390.0,163.92001342773438,390.0,223.23190307617188,333.14300537109375,1706.2237548828125,2.920629776781425e-05
390.0,164.27999877929688,390.0,227.8743438720703,333.1531982421875,1705.03076171875,3.0455001251539215e-05
390.0,164.6800079345703,390.0,232.97341918945312,333.16497802734375,1703.6474609375,3.1859064620221034e-05
390.0,165.04000854492188,390.0,237.50973510742188,333.1760559082031,1702.3416748046875,3.3137221180368215e-05
390.0,165.44000244140625,390.0,242.49185180664062,333.1888122558594,1700.8333740234375,3.4572640288388357e-05
390.0,165.8000030517578,390.0,246.92372131347656,333.2007751464844,1699.4144287109375,3.587784158298746e-05
390.0,166.16000366210938,390.0,251.30662536621094,333.2131652832031,1697.93896484375,3.7195106415310875e-05
390.0,166.55999755859375,390.0,256.11956787109375,333.2274169921875,1696.23486328125,3.867226041620597e-05
390.0,166.9199981689453,390.0,260.4003601074219,333.24072265625,1694.6378173828125,4.0013474063016474e-05
390.0,167.28001403808594,390.0,264.6332092285156,333.25445556640625,1692.983154296875,4.1365285142092034e-05
390.0,167.67999267578125,390.0,269.2806396484375,333.27020263671875,1691.0772705078125,4.287921547074802e-05
390.0,168.04000854492188,390.0,273.4134521484375,333.2848815917969,1689.29296875,4.425219231052324e-05
390.0,168.44000244140625,390.0,277.9504089355469,333.30169677734375,1687.2401123046875,4.578863809001632e-05
390.0,168.8000030517578,390.0,281.9844665527344,333.3172912597656,1685.326904296875,4.718090349342674e-05
390.0,169.16000366210938,390.0,285.9721984863281,333.3333435058594,1683.3482666015625,4.8581809096504e-05
390.0,169.55999755859375,390.0,290.34912109375,333.3516845703125,1681.0762939453125,5.014799899072386e-05
390.0,169.9199981689453,390.0,294.23992919921875,333.36865234375,1678.9639892578125,5.156581028131768e-05
390.0,170.32000732421875,390.0,298.5096740722656,333.3880310058594,1676.5384521484375,5.3150008170632645e-05
390.0,170.67999267578125,390.0,302.3046875,333.4059753417969,1674.279541015625,5.458355008158833e-05
390.0,171.0399932861328,390.0,306.0546875,333.42437744140625,1671.951904296875,5.602401870419271e-05
390.0,171.44000244140625,390.0,310.1687316894531,333.4453430175781,1669.283935546875,5.7632285461295396e-05
390.0,171.8000030517578,390.0,313.82440185546875,333.4646911621094,1666.8074951171875,5.90864619880449e-05
390.0,172.16000366210938,390.0,317.43572998046875,333.4844970703125,1664.2584228515625,6.054675759514794e-05
390.0,172.55999755859375,390.0,321.396484375,333.50701904296875,1661.3414306640625,6.217607733560726e-05
390.0,172.9199981689453,390.0,324.9147644042969,333.52777099609375,1658.6365966796875,6.364841829054058e-05
390.0,173.32000732421875,390.0,328.7726135253906,333.5513916015625,1655.53857421875,6.529079109895974e-05
390.0,173.67999267578125,390.0,332.1985778808594,333.5731201171875,1652.6693115234375,6.677434430457652e-05
390.0,174.0399932861328,390.0,335.58111572265625,333.59527587890625,1649.7254638671875,6.826268509030342e-05
390.0,174.44000244140625,390.0,339.28875732421875,333.6204528808594,1646.357421875,6.992216367507353e-05
390.0,174.79998779296875,390.0,342.580078125,333.64361572265625,1643.2371826171875,7.142067624954507e-05
390.0,175.16000366210938,390.0,345.828369140625,333.6672058105469,1640.037109375,7.292350346688181e-05
390.0,175.55999755859375,390.0,349.38720703125,333.6939392089844,1636.385009765625,7.459822518285364e-05
390.0,175.9199981689453,390.0,352.5449523925781,333.718505859375,1633.0045166015625,7.61099872761406e-05
390.0,176.32000732421875,390.0,356.00347900390625,333.746337890625,1629.145263671875,7.779446605127305e-05
390.0,176.6800079345703,390.0,359.0711669921875,333.7718505859375,1625.5802001953125,7.931451546028256e-05
390.0,177.0399932861328,390.0,362.0962829589844,333.7978210449219,1621.9246826171875,8.083835564320907e-05
390.0,177.44000244140625,390.0,365.4076843261719,333.82720947265625,1617.7557373046875,8.253580017480999e-05
390.0,177.8000030517578,390.0,368.34307861328125,333.8541564941406,1613.9017333984375,8.406746201217175e-05
390.0,178.1599884033203,390.0,371.236083984375,333.88153076171875,1609.9569091796875,8.560243441024795e-05
390.0,178.55999755859375,390.0,374.4007568359375,333.9125061035156,1605.4561767578125,8.731221896596253e-05
390.0,178.9199981689453,390.0,377.2042541503906,333.94085693359375,1601.3018798828125,8.885459828888997e-05
390.0,179.3199920654297,390.0,380.26947021484375,333.9728698730469,1596.5712890625,9.057213173946366e-05
390.0,179.6800079345703,390.0,382.9833984375,334.0021667480469,1592.2049560546875,9.212147415382788e-05
390.0,180.04000854492188,390.0,385.6548767089844,334.0319519042969,1587.729248046875,9.36744618229568e-05
390.0,180.44000244140625,390.0,388.57330322265625,334.0655517578125,1582.6351318359375,9.540367318550125e-05
390.0,180.8000030517578,390.0,391.1549377441406,334.09625244140625,1577.939697265625,9.696326742414385e-05
390.0,181.1999969482422,390.0,393.9734802246094,334.1308898925781,1572.59375,9.870006033452228e-05
390.0,181.55999755859375,390.0,396.4649963378906,334.1625671386719,1567.66015625,0.00010026694508269429
390.0,181.9199981689453,390.0,398.9136962890625,334.1946716308594,1562.616943359375,0.00010183693666476756
390.0,182.3199920654297,390.0,401.5840759277344,334.2308654785156,1556.8785400390625,0.00010358533472754061
390.0,182.67999267578125,390.0,403.94195556640625,334.2639465332031,1551.58447265625,0.00010516288602957502
390.0,183.04000854492188,390.0,406.2565612792969,334.2974548339844,1546.174072265625,0.00010674373334040865
390.0,183.4399871826172,390.0,408.7774658203125,334.335205078125,1540.0208740234375,0.0001085043913917616
390.0,183.8000030517578,390.0,411.00018310546875,334.3696594238281,1534.3515625,0.0001100928639061749
390.0,184.20001220703125,390.0,413.41845703125,334.4084777832031,1527.90185546875,0.00011186244228156283
390.0,184.55999755859375,390.0,415.54840087890625,334.4438781738281,1521.9638671875,0.00011345899110892788
390.0,184.9199981689453,390.0,417.634033203125,334.479736328125,1515.8934326171875,0.00011505966540426016
390.0,185.32000732421875,390.0,419.899169921875,334.5201110839844,1508.991943359375,0.00011684310447890311
390.0,185.67999267578125,390.0,421.8904113769531,334.556884765625,1502.644287109375,0.0001184521897812374
390.0,186.0399932861328,390.0,423.83648681640625,334.5941162109375,1496.1585693359375,0.00012006572796963155
390.0,186.44000244140625,390.0,425.9454650878906,334.6360168457031,1488.786865234375,0.00012186400999780744
390.0,186.79998779296875,390.0,427.79510498046875,334.6741943359375,1482.0045166015625,0.0001234872470377013
390.0,187.1999969482422,390.0,429.79620361328125,334.7171325683594,1474.3011474609375,0.00012529648665804416
390.0,187.55999755859375,390.0,431.5479431152344,334.7562561035156,1467.2135009765625,0.00012693014286924154
390.0,187.9199981689453,390.0,433.2526550292969,334.79583740234375,1459.9761962890625,0.0001285691250814125
390.0,188.32000732421875,390.0,435.09112548828125,334.84033203125,1451.7606201171875,0.0001303963508689776
390.0,188.6800079345703,390.0,436.6950988769531,334.880859375,1444.2039794921875,0.00013204685819800943
390.0,189.0399932861328,390.0,438.2507019042969,334.9218444824219,1436.4920654296875,0.00013370325905270875
390.0,189.44000244140625,390.0,439.9217224121094,334.9678955078125,1427.7430419921875,0.0001355504064122215
390.0,189.8000030517578,390.0,441.3734436035156,335.0097961425781,1419.7056884765625,0.00013721894356422126
390.0,190.1999969482422,390.0,442.92767333984375,335.0569152832031,1410.581298828125,0.00013908089022152126
390.0,190.55999755859375,390.0,444.2729797363281,335.09979248046875,1402.1995849609375,0.0001407634699717164
390.0,190.9199981689453,390.0,445.5669250488281,335.1430969238281,1393.6588134765625,0.00014245229249354452
390.0,191.3199920654297,390.0,446.94366455078125,335.1917724609375,1383.9700927734375,0.00014433740579988807
390.0,191.6800079345703,390.0,448.1271057128906,335.2360534667969,1375.0748291015625,0.0001460414205212146
390.0,192.0800018310547,390.0,449.3794250488281,335.2857666015625,1364.99853515625,0.0001479429192841053
390.0,192.44000244140625,390.0,450.4493103027344,335.33099365234375,1355.7501220703125,0.00014966222806833684
390.0,192.8000030517578,390.0,451.4642333984375,335.376708984375,1346.3238525390625,0.00015138999151531607
390.0,193.1999969482422,390.0,452.5264892578125,335.4280090332031,1335.655517578125,0.0001533181348349899
390.0,193.55999755859375,390.0,453.42266845703125,335.47467041015625,1325.86962890625,0.00015506208001170307
390.0,193.9199981689453,390.0,454.26129150390625,335.52178955078125,1315.9110107421875,0.0001568140578456223
390.0,194.3199920654297,390.0,455.1244812011719,335.5746765136719,1304.6439208984375,0.0001587699807714671
390.0,194.67999267578125,390.0,455.8385925292969,335.6227722167969,1294.3175048828125,0.00016053930448833853
390.0,195.0800018310547,390.0,456.5611267089844,335.6767578125,1282.638427734375,0.00016251504712272435
390.0,195.44000244140625,390.0,457.14642333984375,335.7257995605469,1271.95166015625,0.00016430096002295613
390.0,195.8000030517578,390.0,457.6690979003906,335.7753601074219,1261.0792236328125,0.00016609663725830615
390.0,196.20001220703125,390.0,458.175048828125,335.8309631347656,1248.798583984375,0.0001681010762695223
390.0,196.55999755859375,390.0,458.5619812011719,335.8815002441406,1237.564453125,0.00016991364827845246
390.0,196.9199981689453,390.0,458.88275146484375,335.9324951171875,1226.161865234375,0.00017173374362755567
390.0,197.32000732421875,390.0,459.16015625,335.9897155761719,1213.292236328125,0.0001737652492010966
390.0,197.67999267578125,390.0,459.3374938964844,336.041748046875,1201.5247802734375,0.00017560264677740633
390.0,198.0800018310547,390.0,459.4524841308594,336.1000671386719,1188.267578125,0.00017765071243047714
390.0,198.44000244140625,390.0,459.48077392578125,336.153076171875,1176.1602783203125,0.00017950152687262744
390.0,198.79998779296875,390.0,459.4363708496094,336.20654296875,1163.8973388671875,0.00018135772552341223
390.0,199.1999969482422,390.0,459.30010986328125,336.2665100097656,1150.089111328125,0.0001834262948250398
390.0,199.5600128173828,390.0,459.0977783203125,336.3210144042969,1137.494384765625,0.00018529390217736363
390.0,199.9199981689453,390.0,458.81842041015625,336.3759765625,1124.756591796875,0.000187164347153157
390.0,200.32000732421875,390.0,458.416015625,336.4375915527344,1110.43896484375,0.00018924519827123731
390.0,200.6800079345703,390.0,457.96929931640625,336.4935607910156,1097.40576171875,0.00019111971778329462
390.0,201.0800018310547,390.0,457.3772888183594,336.5562744140625,1082.7783203125,0.00019320110732223839
390.0,201.44000244140625,390.0,456.7565612792969,336.6132507324219,1069.4736328125,0.00019507405522745103
390.0,201.8000030517578,390.0,456.0510559082031,336.6706848144531,1056.054931640625,0.00019694292859639972
390.0,202.1999969482422,390.0,455.1658630371094,336.73504638671875,1041.017822265625,0.00019901289488188922
390.0,202.55999755859375,390.0,454.2763366699219,336.7934265136719,1027.385009765625,0.00020086624135728925
390.0,202.92001342773438,390.0,453.2972412109375,336.852294921875,1013.653076171875,0.00020271074026823044
390.0,203.3199920654297,390.0,452.1024169921875,336.918212890625,998.3037109375,0.0002047439047601074
390.0,203.6800079345703,390.0,450.9292907714844,336.9779968261719,984.415283203125,0.0002065563458018005
390.0,204.0800018310547,390.0,449.5152282714844,337.0449523925781,968.9076538085938,0.0002085481828544289
390.0,204.44000244140625,390.0,448.1413879394531,337.1056823730469,954.8937377929688,0.00021031734650023282
390.0,204.8000030517578,390.0,446.6703796386719,337.16680908203125,940.8460083007812,0.00021205854136496782
390.0,205.1999969482422,390.0,444.9202575683594,337.23516845703125,925.214599609375,0.00021395472867880017
390.0,205.55999755859375,390.0,443.23974609375,337.297119140625,911.1292114257812,0.00021562415349762887
390.0,205.9600067138672,390.0,441.25390625,337.3663635253906,895.486572265625,0.00021742928947787732
390.0,206.3199920654297,390.0,439.35870361328125,337.4290771484375,881.4205932617188,0.0002190056402469054
390.0,206.67999267578125,390.0,437.3602600097656,337.49212646484375,867.3839721679688,0.00022052977874409407
390.0,207.0800018310547,390.0,435.0177307128906,337.5625305175781,851.8440551757812,0.00022215383069124073
390.0,207.44000244140625,390.0,432.7988586425781,337.6261901855469,837.92333984375,0.00022354652173817158
390.0,207.8000030517578,390.0,430.4747619628906,337.69012451171875,824.0753784179688,0.0002248684031656012
390.0,208.20001220703125,390.0,427.7686462402344,337.7614440917969,808.7933349609375,0.00022624571283813566
390.0,208.55999755859375,390.0,425.2215881347656,337.8258361816406,795.154052734375,0.00022739417909178883
390.0,208.9600067138672,390.0,422.2676696777344,337.8975524902344,780.1484985351562,0.00022855904535390437
390.0,209.32000732421875,390.0,419.4983215332031,337.9622802734375,766.7801513671875,0.00022950363927520812
390.0,209.67999267578125,390.0,416.6243896484375,338.027099609375,753.5657958984375,0.0002303393994225189
390.0,210.0800018310547,390.0,413.30975341796875,338.09912109375,739.0933227539062,0.00023112770577427
390.0,210.44000244140625,390.0,410.21881103515625,338.1639404296875,726.2630615234375,0.00023170594067778438
390.0,210.8000030517578,390.0,407.02740478515625,338.228759765625,713.6226806640625,0.00023215531837195158
390.0,211.1999969482422,390.0,403.3656005859375,338.3006591796875,699.8297119140625,0.00023249057994689792
390.0,211.5600128173828,390.0,399.968505859375,338.3652038574219,687.6566162109375,0.00023263762705028057
390.0,211.9600067138672,390.0,396.08447265625,338.4366760253906,674.412109375,0.00023262170725502074
390.0,212.32000732421875,390.0,392.49346923828125,338.500732421875,662.7557373046875,0.000232440244872123
390.0,212.6800079345703,390.0,388.8156433105469,338.564453125,651.3641967773438,0.00023209380742628127
390.0,213.0800018310547,390.0,384.6318664550781,338.6347961425781,639.0272216796875,0.0002315107558388263
390.0,213.44000244140625,390.0,380.78338623046875,338.6976318359375,628.22119140625,0.00023080404207576066
390.0,213.8000030517578,390.0,376.86090087890625,338.7599792480469,617.7005615234375,0.00022992391313891858
390.0,214.1999969482422,390.0,372.42144775390625,338.8285827636719,606.3580322265625,0.00022873899433761835
390.0,214.55999755859375,390.0,368.3586120605469,338.8896484375,596.4683837890625,0.00022748576884623617
390.0,214.95999145507812,390.0,363.7760925292969,338.9566955566406,585.83544921875,0.00022588773572351784
390.0,215.32000732421875,390.0,359.59686279296875,339.0162048339844,576.595947265625,0.000224264309508726
390.0,215.6800079345703,390.0,355.37158203125,339.07489013671875,567.666748046875,0.00022247024753596634
390.0,216.0800018310547,390.0,350.6304016113281,339.13909912109375,558.1043701171875,0.00022028438979759812
390.0,216.44000244140625,390.0,346.3283386230469,339.19586181640625,549.8311157226562,0.0002181457675760612
390.0,216.83999633789062,390.0,341.5175476074219,339.25775146484375,541.0027465820312,0.0002155889815185219
390.0,217.1999969482422,390.0,337.1672058105469,339.3123779296875,533.376220703125,0.00021313609613571316
390.0,217.55999755859375,390.0,332.8041076660156,339.3658752441406,526.057373046875,0.00021054467651993036
390.0,217.95999145507812,390.0,327.9493103027344,339.42401123046875,518.2713623046875,0.00020751822739839554
390.0,218.3199920654297,390.0,323.5809326171875,339.47503662109375,511.5804138183594,0.00020466891874093562
390.0,218.6800079345703,390.0,319.22015380859375,339.5248107910156,505.1811218261719,0.00020171281357761472
390.0,219.07998657226562,390.0,314.39141845703125,339.57867431640625,498.3973388671875,0.00019831959798466414
390.0,219.44000244140625,390.0,310.06707763671875,339.6258544921875,492.57476806640625,0.00019518173940014094
390.0,219.8400115966797,390.0,305.2935485839844,339.6766662597656,486.4278869628906,0.0001916094042826444
390.0,220.1999969482422,390.0,301.03179931640625,339.72100830078125,481.1676025390625,0.00018833384092431515
390.0,220.55999755859375,390.0,296.8083190917969,339.7640075683594,476.1584777832031,0.00018501232261769474
390.0,220.9600067138672,390.0,292.16680908203125,339.8102111816406,470.87591552734375,0.00018128223018720746
390.0,221.3199920654297,390.0,288.0406799316406,339.850341796875,466.37078857421875,0.00017790013225749135
390.0,221.67999267578125,390.0,283.9678955078125,339.8891296386719,462.0892333984375,0.00017450690211262554
390.0,222.0800018310547,390.0,279.5101318359375,339.93060302734375,457.5896911621094,0.00017073356139007956
390.0,222.4399871826172,390.0,275.5632019042969,339.9665222167969,453.7578125,0.00016734715609345585
390.0,222.83999633789062,390.0,271.25439453125,340.00482177734375,449.73760986328125,0.00016360417066607624
390.0,223.1999969482422,390.0,267.4488525390625,340.03790283203125,446.31939697265625,0.00016026389494072646
390.0,223.55999755859375,390.0,263.7148132324219,340.0697021484375,443.08050537109375,0.0001569590822327882
390.0,223.9600067138672,390.0,259.6527404785156,340.10345458984375,439.6925048828125,0.00015333339979406446
390.0,224.32000732421875,390.0,256.077392578125,340.13250732421875,436.8171081542969,0.00015012145740911365
390.0,224.67999267578125,390.0,252.58010864257812,340.1603088378906,434.1004638671875,0.00014696299331262708
390.0,225.0800018310547,390.0,248.78765869140625,340.18975830078125,431.2598571777344,0.00014352204743772745
390.0,225.44000244140625,390.0,245.45985412597656,340.2149963378906,428.855712890625,0.00014049139281269163
390.0,225.83999633789062,390.0,241.85821533203125,340.24169921875,426.3419189453125,0.0001372030092170462
390.0,226.1999969482422,390.0,238.70376586914062,340.2645263671875,424.21728515625,0.0001343167677987367
390.0,226.55999755859375,390.0,235.63221740722656,340.2862243652344,422.2183532714844,0.00013150196173228323
390.0,226.95999145507812,390.0,232.31666564941406,340.30908203125,420.1341247558594,0.00012846144090872258
390.0,227.32000732421875,390.0,229.4202423095703,340.32855224609375,418.37615966796875,0.00012580461043398827
390.0,227.6800079345703,390.0,226.6064453125,340.3470153808594,416.7237548828125,0.0001232242793776095
390.0,228.0800018310547,390.0,223.57638549804688,340.3663635253906,415.00732421875,0.00012044703180436045
390.0,228.44000244140625,390.0,220.9353790283203,340.3827819824219,413.56304931640625,0.00011802902008639649
390.0,228.83999633789062,390.0,218.0955352783203,340.39996337890625,412.0634460449219,0.00011543286382220685
390.0,229.1999969482422,390.0,215.62380981445312,340.4145202636719,410.8023376464844,0.00011317760800011456
390.0,229.55999755859375,390.0,213.2306671142578,340.42816162109375,409.6283874511719,0.00011099650146206841
390.0,229.95999145507812,390.0,210.6625213623047,340.4423828125,408.41253662109375,0.00010866144293686375
390.0,230.3199920654297,390.0,208.43154907226562,340.4543762207031,407.39349365234375,0.00010663819557521492
390.0,230.72000122070312,390.0,206.0403289794922,340.466796875,406.34429931640625,0.0001044744931277819
390.0,231.0800018310547,390.0,203.96559143066406,340.4772033691406,405.46990966796875,0.00010260185081278905
390.0,231.44000244140625,390.0,201.9626007080078,340.4869079589844,404.6584777832031,0.00010079831554321572
390.0,231.8400115966797,390.0,199.8194122314453,340.4969177246094,403.8254089355469,9.887391206575558e-05
390.0,232.1999969482422,390.0,197.96292114257812,340.5052490234375,403.135009765625,9.721140668261796e-05
390.0,232.55999755859375,390.0,196.17332458496094,340.5129699707031,402.4976806640625,9.561290789861232e-05
390.0,232.9600067138672,390.0,194.26144409179688,340.5208435058594,401.8502197265625,9.390939521836117e-05
390.0,233.3199920654297,390.0,192.60787963867188,340.52734375,401.3175048828125,9.244001557817683e-05
390.0,233.72000122070312,390.0,190.8431396484375,340.533935546875,400.7789001464844,9.08757938304916e-05
390.0,234.0800018310547,390.0,189.31834411621094,340.539306640625,400.34136962890625,8.952718053478748e-05
390.0,234.4399871826172,390.0,187.8519744873047,340.544189453125,399.944580078125,8.823314419714734e-05
390.0,234.83999633789062,390.0,186.28929138183594,340.5490417480469,399.5511474609375,8.68567221914418e-05
390.0,235.20001220703125,390.0,184.9410400390625,340.5529479980469,399.23516845703125,8.567177428631112e-05
390.0,235.55999755859375,390.0,183.64622497558594,340.556396484375,398.95660400390625,8.453535701846704e-05
390.0,235.9600067138672,390.0,182.26837158203125,340.55975341796875,398.6859130859375,8.332815195899457e-05
390.0,236.32000732421875,390.0,181.08126831054688,340.5623779296875,398.47467041015625,8.228986553149298e-05
390.0,236.72000122070312,390.0,179.81918334960938,340.5648498535156,398.27581787109375,8.118730329442769e-05
390.0,237.0800018310547,390.0,178.73291015625,340.5666809082031,398.12872314453125,8.023901318665594e-05
390.0,237.44000244140625,390.0,177.69207763671875,340.56817626953125,398.0086975097656,7.933111191960052e-05
390.0,237.83999633789062,390.0,176.58709716796875,340.5694885253906,397.90338134765625,7.83682698966004e-05
390.0,238.1999969482422,390.0,175.63742065429688,340.5703430175781,397.8349304199219,7.754096441203728e-05
390.0,238.5600128173828,390.0,174.728759765625,340.57086181640625,397.7933349609375,7.674875087104738e-05
390.0,238.9600067138672,390.0,173.76560974121094,340.57110595703125,397.7737731933594,7.590869790874422e-05
390.0,239.32000732421875,390.0,172.93917846679688,340.5710754394531,397.7762451171875,7.518789789173752e-05
390.0,239.7200164794922,390.0,172.06411743164062,340.57073974609375,397.80316162109375,7.442388596246019e-05
390.0,240.0800018310547,390.0,171.31407165527344,340.5701904296875,397.84710693359375,7.376832218142226e-05
390.0,240.4399871826172,390.0,170.59829711914062,340.5693664550781,397.9132080078125,7.314102549571544e-05
390.0,240.83999633789062,390.0,169.841796875,340.5682067871094,398.00628662109375,7.247683242894709e-05
390.0,241.20001220703125,390.0,169.19456481933594,340.56695556640625,398.106689453125,7.190735777840018e-05
390.0,241.59999084472656,390.0,168.51138305664062,340.56536865234375,398.234130859375,7.130499579943717e-05
390.0,241.9600067138672,390.0,167.92770385742188,340.563720703125,398.3665771484375,7.078834460116923e-05
390.0,242.3199920654297,390.0,167.37242126464844,340.5618896484375,398.513916015625,7.029497646726668e-05
390.0,242.72000122070312,390.0,166.78758239746094,340.5596923828125,398.69085693359375,6.977360317250714e-05
390.0,243.0800018310547,390.0,166.28907775878906,340.5574951171875,398.8680114746094,6.932633550604805e-05
390.0,243.4400177001953,390.0,165.81588745117188,340.5552062988281,399.0526123046875,6.890045915497467e-05
390.0,243.83999633789062,390.0,165.31884765625,340.5524597167969,399.2745666503906,6.844993913546205e-05
390.0,244.20001220703125,390.0,164.8959503173828,340.54986572265625,399.39447021484375,6.807974568801001e-05
390.0,244.59999084472656,390.0,164.44900512695312,340.54681396484375,399.4141845703125,6.770784966647625e-05
390.0,244.9600067138672,390.0,164.0658416748047,340.5440368652344,399.4329833984375,6.738952652085572e-05
390.0,245.3199920654297,390.0,163.69996643066406,340.541015625,399.45257568359375,6.708600994898006e-05
390.0,245.72000122070312,390.0,163.31277465820312,340.53765869140625,399.47564697265625,6.676517659798265e-05
390.0,246.07998657226562,390.0,162.98092651367188,340.5345458984375,399.4980163574219,6.649040005868301e-05
390.0,246.44000244140625,390.0,162.66412353515625,340.53125,399.51849365234375,6.62287711747922e-05
390.0,246.83998107910156,390.0,162.32901000976562,340.527587890625,399.5450439453125,6.595177546842024e-05
390.0,247.20001220703125,390.0,162.04183959960938,340.5242919921875,399.56561279296875,6.571526319021359e-05
390.0,247.60000610351562,390.0,161.73812866210938,340.5203552246094,399.59307861328125,6.546465010615066e-05
390.0,247.9600067138672,390.0,161.47793579101562,340.51678466796875,399.6169128417969,6.525030039483681e-05
390.0,248.3199920654297,390.0,161.2296905517578,340.5132141113281,399.64080810546875,6.504593329736963e-05
390.0,248.72000122070312,390.0,160.96717834472656,340.5092468261719,399.66839599609375,6.482981552835554e-05
390.0,249.07998657226562,390.0,160.7423858642578,340.5054931640625,399.69287109375,6.464491889346391e-05
390.0,249.44000244140625,390.0,160.52798461914062,340.50164794921875,399.72003173828125,6.446821498684585e-05
390.0,249.8400115966797,390.0,160.30136108398438,340.49737548828125,399.74859619140625,6.42817176412791e-05
390.0,250.1999969482422,390.0,160.1073760986328,340.4935302734375,399.7734069824219,6.412225047824904e-05
390.0,250.60000610351562,390.0,159.90240478515625,340.4892578125,399.8044128417969,6.395322270691395e-05
390.0,250.9600067138672,390.0,159.72698974609375,340.48541259765625,399.8292236328125,6.380902050295845e-05
390.0,251.3199920654297,390.0,159.559814453125,340.4813537597656,399.85711669921875,6.367108289850876e-05
390.0,251.72000122070312,390.0,159.3832550048828,340.4767761230469,399.88916015625,6.35251562925987e-05
390.0,252.08001708984375,390.0,159.23223876953125,340.47265625,399.91497802734375,6.340074469335377e-05
390.0,252.47999572753906,390.0,159.07286071777344,340.46807861328125,399.94696044921875,6.326883158180863e-05
390.0,252.8400115966797,390.0,158.93661499023438,340.4639587402344,399.97515869140625,6.315604696283117e-05
390.0,253.1999969482422,390.0,158.80685424804688,340.4598388671875,400.0032958984375,6.304853013716638e-05
390.0,253.60000610351562,390.0,158.6699981689453,340.45526123046875,400.03302001953125,6.29352216492407e-05
390.0,253.95999145507812,390.0,158.55300903320312,340.4511413574219,400.0611572265625,6.283802940743044e-05
390.0,254.32000732421875,390.0,158.44168090820312,340.447021484375,400.0892639160156,6.274540646700189e-05
390.0,254.71998596191406,390.0,158.32431030273438,340.44244384765625,400.1213684082031,6.264746480155736e-05
390.0,255.08001708984375,390.0,158.22410583496094,340.4383239746094,400.1495361328125,6.256377673707902e-05
390.0,255.47999572753906,390.0,158.11854553222656,340.4335021972656,400.1824951171875,6.247517740121111e-05
390.0,255.8400115966797,390.0,158.0284881591797,340.4291076660156,400.2115783691406,6.239950016606599e-05
390.0,256.1999816894531,390.0,157.9429168701172,340.4247131347656,400.24072265625,6.232740997802466e-05
390.0,256.6000061035156,390.0,157.85287475585938,340.4198303222656,400.27392578125,6.225119432201609e-05
390.0,256.9599914550781,390.0,157.7761688232422,340.4154357910156,400.305419921875,6.218581256689504e-05
390.0,257.32000732421875,390.0,157.7033233642578,340.4110412597656,400.3345031738281,6.212389416759834e-05
390.0,257.7200012207031,390.0,157.62680053710938,340.4061584472656,400.36767578125,6.205848330864683e-05
390.0,258.08001708984375,390.0,157.56166076660156,340.4017639160156,400.3968505859375,6.200267671374604e-05
390.0,258.47998046875,390.0,157.4932403564453,340.3968811035156,400.4300537109375,6.194369780132547e-05
390.0,258.8399963378906,390.0,157.43507385253906,340.3924865722656,400.46160888671875,6.18930789642036e-05
390.0,259.1999816894531,390.0,157.37998962402344,340.3880920410156,400.4906921386719,6.184528319863603e-05
390.0,259.6000061035156,390.0,157.32223510742188,340.3832092285156,400.52398681640625,6.179475894896314e-05
390.0,259.9599914550781,390.0,157.27322387695312,340.3788146972656,400.55316162109375,6.175176531542093e-05
390.0,260.32000732421875,390.0,157.2268829345703,340.3744201660156,400.584716796875,6.171051791170612e-05
390.0,260.7200012207031,390.0,157.1783905029297,340.3695373535156,400.61798095703125,6.166734237922356e-05
390.0,261.08001708984375,390.0,157.13734436035156,340.3651428222656,400.64715576171875,6.163065700093284e-05
390.0,261.4800109863281,390.0,157.09445190429688,340.3602600097656,400.68035888671875,6.15919052506797e-05
390.0,261.8399963378906,390.0,157.0581817626953,340.3558654785156,400.70965576171875,6.155896699056029e-05
390.0,262.1999816894531,390.0,157.02401733398438,340.3514709472656,400.7411804199219,6.152734567876905e-05
390.0,262.6000061035156,390.0,156.9884490966797,340.3465881347656,400.77447509765625,6.149436376290396e-05
390.0,262.9599914550781,390.0,156.9584503173828,340.3421936035156,400.8037109375,6.146638042991981e-05
390.0,263.32000732421875,390.0,156.93028259277344,340.3377990722656,400.8353271484375,6.143948121462017e-05
390.0,263.7200012207031,390.0,156.9010772705078,340.3329162597656,400.86865234375,6.141150515759364e-05
390.0,264.0799865722656,390.0,156.8765411376953,340.3285217285156,400.89788818359375,6.138782191555947e-05
390.0,264.4800109863281,390.0,156.85113525390625,340.3236389160156,400.93121337890625,6.136285082902759e-05
390.0,264.8399963378906,390.0,156.8299102783203,340.3192443847656,400.96044921875,6.134175782790408e-05
390.0,265.1999816894531,390.0,156.81011962890625,340.3148498535156,400.9920959472656,6.132144335424528e-05
390.0,265.6000061035156,390.0,156.7897491455078,340.31024169921875,401.02215576171875,6.130091787781566e-05
390.0,265.96002197265625,390.0,156.77276611328125,340.3061218261719,401.05047607421875,6.128331006038934e-05
390.0,266.3599853515625,390.0,156.75537109375,340.3015441894531,401.082763671875,6.126477819634601e-05
390.0,266.7200012207031,390.0,156.7409210205078,340.29742431640625,401.111083984375,6.124915671534836e-05
390.0,267.0799865722656,390.0,156.72763061523438,340.2933044433594,401.1395263671875,6.123443017713726e-05
390.0,267.4800109863281,390.0,156.71408081054688,340.2887268066406,401.17181396484375,6.121891783550382e-05
390.0,267.8399963378906,390.0,156.7030029296875,340.28460693359375,401.2001953125,6.120592297520489e-05
390.0,268.20001220703125,390.0,156.69285583496094,340.2804870605469,401.2286071777344,6.119367753854021e-05
390.0,268.5999755859375,390.0,156.6826934814453,340.2759094238281,401.258544921875,6.118117744335905e-05
390.0,268.96002197265625,390.0,156.67449951171875,340.27178955078125,401.28692626953125,6.117044540587813e-05
390.0,269.3599853515625,390.0,156.66635131835938,340.2672119140625,401.31927490234375,6.115915311966091e-05
390.0,269.7200012207031,390.0,156.6598663330078,340.2630920410156,401.34771728515625,6.114975258242339e-05
390.0,270.0799865722656,390.0,156.65419006347656,340.25897216796875,401.3760986328125,6.114099960541353e-05
390.0,270.4800109863281,390.0,156.64874267578125,340.25439453125,401.40850830078125,6.113181007094681e-05
390.0,270.8399963378906,390.0,156.6445770263672,340.2502746582031,401.4369201660156,6.112423579907045e-05
390.0,271.20001220703125,390.0,156.6410675048828,340.24615478515625,401.4653625488281,6.111716356826946e-05
390.0,271.5999755859375,390.0,156.637939453125,340.2415771484375,401.495361328125,6.1110156821087e-05
390.0,271.9599914550781,390.0,156.63575744628906,340.2374572753906,401.52374267578125,6.110413960414007e-05
390.0,272.3600158691406,390.0,156.634033203125,340.2328796386719,401.55615234375,6.109785317676142e-05
390.0,272.7200012207031,390.0,156.633056640625,340.228759765625,401.58465576171875,6.109275273047388e-05
390.0,273.0799865722656,390.0,156.63262939453125,340.2246398925781,401.613037109375,6.108811066951603e-05
390.0,273.4800109863281,390.0,156.63275146484375,340.2200622558594,401.64544677734375,6.10832721577026e-05
390.0,273.8399963378906,390.0,156.6333770751953,340.2159423828125,401.6739807128906,6.107942317612469e-05
390.0,274.20001220703125,390.0,156.6344451904297,340.2119445800781,401.70208740234375,6.107598164817318e-05
390.0,274.6000061035156,390.0,156.63612365722656,340.2076721191406,401.73095703125,6.107289664214477e-05
390.0,274.9599914550781,390.0,156.63804626464844,340.2038269042969,401.758544921875,6.107020453782752e-05
390.0,275.3600158691406,390.0,156.64060974121094,340.1995544433594,401.78759765625,6.1067781643942e-05
390.0,275.7200012207031,390.0,156.64328002929688,340.1957092285156,401.8151550292969,6.106569344410673e-05
390.0,276.0799865722656,390.0,156.64633178710938,340.1918640136719,401.8403015136719,6.106423825258389e-05
390.0,276.47998046875,390.0,156.65008544921875,340.1875915527344,401.87176513671875,6.106238288339227e-05
390.0,276.84002685546875,390.0,156.65379333496094,340.1837463378906,401.89691162109375,6.106145883677527e-05
390.0,277.239990234375,390.0,156.6582489013672,340.1794738769531,401.9283447265625,6.106015644036233e-05
390.0,277.6000061035156,390.0,156.66253662109375,340.1756286621094,401.95355224609375,6.105966895120218e-05
390.0,277.9599914550781,390.0,156.66712951660156,340.1717834472656,401.9811096191406,6.105905777076259e-05
390.0,278.3600158691406,390.0,156.67251586914062,340.1675109863281,402.01019287109375,6.105884676799178e-05
390.0,278.7200012207031,390.0,156.67762756347656,340.1636657714844,402.037841796875,6.105862848926336e-05
390.0,279.08001708984375,390.0,156.68296813964844,340.1598205566406,402.06536865234375,6.105861393734813e-05
390.0,279.47998046875,390.0,156.68914794921875,340.1555480957031,402.09442138671875,6.105901411501691e-05
390.0,279.8399963378906,390.0,156.69496154785156,340.1517028808594,402.1220703125,6.105934880906716e-05
390.0,280.239990234375,390.0,156.70166015625,340.1474304199219,402.15118408203125,6.10601418884471e-05
390.0,280.6000061035156,390.0,156.7078857421875,340.1435852050781,402.17877197265625,6.106081127654761e-05
390.0,280.9599914550781,390.0,156.7143096923828,340.1397399902344,402.2040100097656,6.10619827057235e-05
390.0,281.3600158691406,390.0,156.7216339111328,340.135498046875,402.23541259765625,6.106292858021334e-05
390.0,281.7200012207031,390.0,156.7283935546875,340.1319274902344,402.25970458984375,6.1064500187058e-05
390.0,282.08001708984375,390.0,156.7352752685547,340.12835693359375,402.28399658203125,6.106617365730926e-05
390.0,282.47998046875,390.0,156.74307250976562,340.1243896484375,402.31207275390625,6.106799992267042e-05
390.0,282.8399963378906,390.0,156.75022888183594,340.1208190917969,402.3363952636719,6.106987711973488e-05
390.0,283.2400207519531,390.0,156.75830078125,340.1168518066406,402.36444091796875,6.107191438786685e-05
390.0,283.6000061035156,390.0,156.76568603515625,340.11328125,402.39117431640625,6.107360241003335e-05
390.0,283.9599914550781,390.0,156.773193359375,340.1097106933594,402.41552734375,6.107575609348714e-05
390.0,284.3599853515625,390.0,156.78164672851562,340.1057434082031,402.443603515625,6.107808439992368e-05
390.0,284.7200012207031,390.0,156.78933715820312,340.1021728515625,402.46795654296875,6.108037632657215e-05
390.0,285.08001708984375,390.0,156.79710388183594,340.0986022949219,402.4921875,6.10827628406696e-05
390.0,285.4800109863281,390.0,156.80589294433594,340.0946350097656,402.5203552246094,6.10853239777498e-05
390.0,285.8399963378906,390.0,156.81385803222656,340.091064453125,402.547119140625,6.108747766120359e-05
390.0,286.2400207519531,390.0,156.8227996826172,340.08709716796875,402.5751953125,6.109017704147846e-05
390.0,286.6000061035156,390.0,156.83094787597656,340.0835266113281,402.5995788574219,6.109283276600763e-05
390.0,286.9599914550781,390.0,156.83914184570312,340.0799560546875,402.62396240234375,6.109551759436727e-05
390.0,287.3599853515625,390.0,156.84837341308594,340.07598876953125,402.65203857421875,6.109844252932817e-05
390.0,287.7200012207031,390.0,156.856689453125,340.0724182128906,402.6788330078125,6.110085087129846e-05
390.0,288.1199951171875,390.0,156.86607360839844,340.0684509277344,402.70697021484375,6.11038994975388e-05
390.0,288.4800109863281,390.0,156.87454223632812,340.06488037109375,402.7313537597656,6.110678805271164e-05
390.0,288.8399963378906,390.0,156.88311767578125,340.0615234375,402.7550048828125,6.110988761065528e-05
390.0,289.2400207519531,390.0,156.8926544189453,340.057861328125,402.7821044921875,6.111320544732735e-05
390.0,289.6000061035156,390.0,156.9012451171875,340.0545654296875,402.8031005859375,6.111670518293977e-05
390.0,289.96002197265625,390.0,156.90982055664062,340.05126953125,402.8265075683594,6.111984112067148e-05
390.0,290.3599853515625,390.0,156.9193572998047,340.047607421875,402.8536376953125,6.112315895734355e-05
390.0,290.7200012207031,390.0,156.92800903320312,340.0443115234375,402.8770751953125,6.112633127486333e-05
390.0,291.1199951171875,390.0,156.9376678466797,340.0406494140625,402.90179443359375,6.113011477282271e-05
390.0,291.4800109863281,390.0,156.94639587402344,340.037353515625,402.92523193359375,6.113335257396102e-05
390.0,291.8399963378906,390.0,156.95510864257812,340.0340576171875,402.94873046875,6.11365758231841e-05
390.0,292.239990234375,390.0,156.9647979736328,340.0303955078125,402.97589111328125,6.114000279922038e-05
390.0,292.6000061035156,390.0,156.9735107421875,340.027099609375,402.9993896484375,6.114322604844347e-05
390.0,292.96002197265625,390.0,156.98223876953125,340.0238037109375,403.0228271484375,6.114647112553939e-05
390.0,293.3599853515625,390.0,156.9919891357422,340.0201416015625,403.04754638671875,6.11503201071173e-05
390.0,293.7200012207031,390.0,157.00082397460938,340.016845703125,403.0709533691406,6.115364521974698e-05
390.0,294.1200256347656,390.0,157.0106658935547,340.01318359375,403.09820556640625,6.115717405918986e-05
390.0,294.4800109863281,390.0,157.01951599121094,340.0098876953125,403.12164306640625,6.116051372373477e-05
390.0,294.8399963378906,390.0,157.0283660888672,340.006591796875,403.1451416015625,6.116384611232206e-05
390.0,295.239990234375,390.0,157.03819274902344,340.0029296875,403.17230224609375,6.116738222772256e-05
390.0,295.5999755859375,390.0,157.0470428466797,339.9996337890625,403.19580078125,6.117071461630985e-05
390.0,295.96002197265625,390.0,157.05589294433594,339.996337890625,403.2193603515625,6.117403245298192e-05
390.0,296.3600158691406,390.0,157.06573486328125,339.99285888671875,403.243408203125,6.117804878158495e-05
390.0,296.7200012207031,390.0,157.0745849609375,339.9898376464844,403.2659912109375,6.118151941336691e-05
390.0,297.1199951171875,390.0,157.0844268798828,339.9864807128906,403.28973388671875,6.118557212175801e-05
390.0,297.4800109863281,390.0,157.09327697753906,339.98345947265625,403.30987548828125,6.11894138273783e-05
390.0,297.8399963378906,390.0,157.1021270751953,339.9804382324219,403.33245849609375,6.119288445916027e-05
390.0,298.239990234375,390.0,157.11192321777344,339.9770812988281,403.3561096191406,6.119693716755137e-05
390.0,298.6000061035156,390.0,157.1207275390625,339.97406005859375,403.37872314453125,6.120036414358765e-05
390.0,298.9599914550781,390.0,157.12948608398438,339.9710388183594,403.39886474609375,6.120412581367418e-05
390.0,299.3600158691406,390.0,157.13916015625,339.9676818847656,403.42266845703125,6.120805483078584e-05
390.0,299.7200012207031,390.0,157.14788818359375,339.96466064453125,403.44525146484375,6.121142359916121e-05
390.0,300.1199951171875,390.0,157.15757751464844,339.9613037109375,403.46905517578125,6.121535261627287e-05
390.0,300.4800109863281,390.0,157.16629028320312,339.9582824707031,403.4915771484375,6.121872866060585e-05
390.0,300.8399963378906,390.0,157.1750030517578,339.95526123046875,403.51171875,6.122246122686192e-05
390.0,301.239990234375,390.0,157.1846923828125,339.951904296875,403.5379638671875,6.122602644609287e-05
390.0,301.6000061035156,390.0,157.1934051513672,339.9488830566406,403.5581359863281,6.122975901234895e-05
390.0,302.0,390.0,157.2030792236328,339.9455261230469,403.5819091796875,6.123368802946061e-05
390.0,302.3600158691406,390.0,157.21176147460938,339.9425048828125,403.60455322265625,6.12370204180479e-05
390.0,302.7200012207031,390.0,157.22042846679688,339.9394836425781,403.6270751953125,6.124034553067759e-05
390.0,303.1199951171875,390.0,157.23001098632812,339.9361267089844,403.6508483886719,6.12442017882131e-05
390.0,303.47998046875,390.0,157.23863220214844,339.93310546875,403.67352294921875,6.12474832450971e-05
390.0,303.8399963378906,390.0,157.24722290039062,339.9300842285156,403.6936950683594,6.125112122390419e-05
390.0,304.239990234375,390.0,157.2567596435547,339.9267272949219,403.71746826171875,6.125494837760925e-05
390.0,304.6000061035156,390.0,157.26535034179688,339.9239501953125,403.7392883300781,6.125831714598462e-05
390.0,305.0,390.0,157.27488708496094,339.9208984375,403.7620544433594,6.126228981884196e-05
390.0,305.3600158691406,390.0,157.283447265625,339.91815185546875,403.7812194824219,6.12660514889285e-05
390.0,305.7200012207031,390.0,157.2919158935547,339.9154052734375,403.8005065917969,6.126973312348127e-05
390.0,306.1199951171875,390.0,157.30130004882812,339.912353515625,403.82330322265625,6.127358210505918e-05
390.0,306.47998046875,390.0,157.30975341796875,339.90960693359375,403.84259033203125,6.12772346357815e-05
390.0,306.8399963378906,390.0,157.3181915283203,339.9068603515625,403.86181640625,6.128089444246143e-05
390.0,307.239990234375,390.0,157.32748413085938,339.90380859375,403.884521484375,6.128469249233603e-05
390.0,307.6000061035156,390.0,157.33580017089844,339.90106201171875,403.90380859375,6.128824315965176e-05
390.0,308.0,390.0,157.3450469970703,339.89801025390625,403.92657470703125,6.129198300186545e-05
390.0,308.3600158691406,390.0,157.35336303710938,339.895263671875,403.94586181640625,6.129553366918117e-05
390.0,308.7200012207031,390.0,157.36166381835938,339.89251708984375,403.9675598144531,6.129872053861618e-05
390.0,309.1199951171875,390.0,157.37081909179688,339.88946533203125,403.98785400390625,6.130277324700728e-05
390.0,309.47998046875,390.0,157.37899780273438,339.88671875,404.00958251953125,6.130584370112047e-05
390.0,309.8399963378906,390.0,157.38717651367188,339.88397216796875,404.02886962890625,6.130929250502959e-05
390.0,310.2400207519531,390.0,157.39627075195312,339.88092041015625,404.05169677734375,6.131291593192145e-05
390.0,310.6000061035156,390.0,157.40444946289062,339.878173828125,404.071044921875,6.131635018391535e-05
390.0,311.0,390.0,157.41354370117188,339.8751220703125,404.09375,6.131998816272244e-05
390.0,311.3599853515625,390.0,157.42172241210938,339.87237548828125,404.113037109375,6.132343696663156e-05
390.0,311.7200012207031,390.0,157.4298858642578,339.86962890625,404.13232421875,6.132687121862546e-05
390.0,312.1199951171875,390.0,157.4388427734375,339.8665771484375,404.1551208496094,6.13303855061531e-05
390.0,312.4800109863281,390.0,157.44688415527344,339.86383056640625,404.1768798828125,6.13333540968597e-05
390.0,312.8800048828125,390.0,157.45582580566406,339.86077880859375,404.197265625,6.133722490631044e-05
390.0,313.2400207519531,390.0,157.46388244628906,339.85809326171875,404.21881103515625,6.134022260084748e-05
390.0,313.6000061035156,390.0,157.471923828125,339.8556213378906,404.2347106933594,6.134408613434061e-05
390.0,314.0,390.0,157.48085021972656,339.8528747558594,404.2564697265625,6.134773138910532e-05
390.0,314.3599853515625,390.0,157.48876953125,339.85040283203125,404.27484130859375,6.135111470939592e-05
390.0,314.7200012207031,390.0,157.49667358398438,339.8479309082031,404.293212890625,6.13544907537289e-05
390.0,315.1199951171875,390.0,157.50546264648438,339.8451843261719,404.3125305175781,6.135840521892533e-05
390.0,315.4800109863281,390.0,157.5133056640625,339.84271240234375,404.33087158203125,6.136173033155501e-05
390.0,315.8799743652344,390.0,157.52194213867188,339.8399658203125,404.3502197265625,6.136552838142961e-05
390.0,316.239990234375,390.0,157.52972412109375,339.8374938964844,404.36859130859375,6.1368802562356e-05
390.0,316.6000061035156,390.0,157.53750610351562,339.83502197265625,404.386962890625,6.137206946732476e-05
390.0,317.0,390.0,157.5460662841797,339.832275390625,404.40625,6.137582386145368e-05
390.0,317.3599853515625,390.0,157.5537109375,339.8298034667969,404.42462158203125,6.137898890301585e-05
390.0,317.7200012207031,390.0,157.5613555908203,339.82733154296875,404.4429931640625,6.138215394457802e-05
390.0,318.1199951171875,390.0,157.56985473632812,339.8245849609375,404.46478271484375,6.138546450529248e-05
390.0,318.4800109863281,390.0,157.57749938964844,339.8221130371094,404.4807434082031,6.138900062069297e-05
390.0,318.8800048828125,390.0,157.58590698242188,339.8193664550781,404.50250244140625,6.13922456977889e-05
390.0,319.239990234375,390.0,157.59341430664062,339.81689453125,404.52093505859375,6.139530159998685e-05
390.0,319.6000061035156,390.0,157.60092163085938,339.8144226074219,404.53924560546875,6.139837205410004e-05
390.0,320.0,390.0,157.60926818847656,339.8116760253906,404.55865478515625,6.140192999737337e-05
390.0,320.3599853515625,390.0,157.6167755126953,339.8092041015625,404.5770263671875,6.140499317552894e-05
390.0,320.7200012207031,390.0,157.62428283691406,339.8067321777344,404.595458984375,6.140804180176929e-05
390.0,321.1200256347656,390.0,157.6326141357422,339.8039855957031,404.6147766113281,6.141159974504262e-05
390.0,321.4800109863281,390.0,157.6400604248047,339.801513671875,404.63323974609375,6.141459743957967e-05
390.0,321.8800048828125,390.0,157.64830017089844,339.79876708984375,404.655029296875,6.141771154943854e-05
390.0,322.239990234375,390.0,157.65567016601562,339.7962951660156,404.67340087890625,6.14206655882299e-05
390.0,322.5999755859375,390.0,157.6630401611328,339.7938232421875,404.69183349609375,6.142361962702125e-05
390.0,323.0,390.0,157.67124938964844,339.79107666015625,404.7112121582031,6.142706115497276e-05
390.0,323.3600158691406,390.0,157.67861938476562,339.78887939453125,404.7286376953125,6.14301607129164e-05
390.0,323.7200012207031,390.0,157.6859588623047,339.78668212890625,404.74365234375,6.143360951682553e-05
390.0,324.1199951171875,390.0,157.6940155029297,339.78424072265625,404.7619934082031,6.143709470052272e-05
390.0,324.4800109863281,390.0,157.7012481689453,339.78204345703125,404.77703857421875,6.144045619294047e-05
390.0,324.8800048828125,390.0,157.70928955078125,339.77960205078125,404.79534912109375,6.144393410068005e-05
390.0,325.239990234375,390.0,157.7164306640625,339.77740478515625,404.81280517578125,6.144684448372573e-05
390.0,325.6000061035156,390.0,157.72352600097656,339.77520751953125,404.8302917480469,6.144973303889856e-05
390.0,326.0,390.0,157.73143005371094,339.77276611328125,404.84613037109375,6.145348015706986e-05
390.0,326.3600158691406,390.0,157.73851013183594,339.77056884765625,404.86358642578125,6.145634688436985e-05
390.0,326.7599792480469,390.0,157.74627685546875,339.76812744140625,404.8819274902344,6.1459606513381e-05
390.0,327.1199951171875,390.0,157.7532501220703,339.76593017578125,404.89697265625,6.146276427898556e-05
390.0,327.47998046875,390.0,157.76022338867188,339.76373291015625,404.9144592285156,6.146554369479418e-05
390.0,327.8800048828125,390.0,157.76795959472656,339.76129150390625,404.9327392578125,6.146880332380533e-05
390.0,328.239990234375,390.0,157.77491760253906,339.75909423828125,404.9502868652344,6.14715536357835e-05
390.0,328.6000061035156,390.0,157.78176879882812,339.75689697265625,404.96533203125,6.147460953798145e-05
390.0,329.0,390.0,157.78936767578125,339.75445556640625,404.9836120605469,6.147776002762839e-05
390.0,329.3600158691406,390.0,157.79620361328125,339.75225830078125,405.0011291503906,6.14804303040728e-05
390.0,329.760009765625,390.0,157.80380249023438,339.74981689453125,405.01947021484375,6.148356624180451e-05
390.0,330.1199951171875,390.0,157.81063842773438,339.74761962890625,405.0345153808594,6.148660759208724e-05
390.0,330.47998046875,390.0,157.81744384765625,339.74542236328125,405.052001953125,6.148924876470119e-05
390.0,330.8800048828125,390.0,157.82493591308594,339.74298095703125,405.0702819824219,6.149231921881437e-05
390.0,331.239990234375,390.0,157.83164978027344,339.74078369140625,405.0853271484375,6.149527325760573e-05
390.0,331.6000061035156,390.0,157.83836364746094,339.73858642578125,405.1029357910156,6.14978198427707e-05
390.0,332.0,390.0,157.84580993652344,339.73614501953125,405.1212158203125,6.150085391709581e-05
390.0,332.3600158691406,390.0,157.85250854492188,339.73394775390625,405.1362609863281,6.150379340397194e-05
390.0,332.760009765625,390.0,157.85997009277344,339.73150634765625,405.1546630859375,6.150680565042421e-05
390.0,333.1199951171875,390.0,157.86666870117188,339.72930908203125,405.17218017578125,6.150937406346202e-05
390.0,333.47998046875,390.0,157.87338256835938,339.72711181640625,405.1872253417969,6.151231355033815e-05
390.0,333.8800048828125,390.0,157.88082885742188,339.72467041015625,405.20556640625,6.151533307274804e-05
390.0,334.2400207519531,390.0,157.88746643066406,339.7226257324219,405.2225341796875,6.151793786557391e-05
390.0,334.6000061035156,390.0,157.89404296875,339.720703125,405.23663330078125,6.152091373223811e-05
390.0,335.0,390.0,157.90135192871094,339.71856689453125,405.25152587890625,6.152434798423201e-05
390.0,335.3599853515625,390.0,157.9078826904297,339.7166442871094,405.26812744140625,6.152692367322743e-05
390.0,335.760009765625,390.0,157.91505432128906,339.7145080566406,405.2829284667969,6.153026333777234e-05
390.0,336.1199951171875,390.0,157.92149353027344,339.71258544921875,405.29705810546875,6.153313006507233e-05
390.0,336.4800109863281,390.0,157.9279327392578,339.7106628417969,405.3111267089844,6.153601862024516e-05
390.0,336.8800048828125,390.0,157.93499755859375,339.7085266113281,405.32843017578125,6.153889262350276e-05
390.0,337.2400207519531,390.0,157.94129943847656,339.70660400390625,405.3425598144531,6.154165748739615e-05
390.0,337.6399841308594,390.0,157.94830322265625,339.7044677734375,405.35986328125,6.154448783490807e-05
390.0,338.0,390.0,157.95460510253906,339.7025451660156,405.3739318847656,6.154726725071669e-05
390.0,338.3599853515625,390.0,157.9608612060547,339.70062255859375,405.3880310058594,6.155000301077962e-05
390.0,338.760009765625,390.0,157.96774291992188,339.698486328125,405.4029846191406,6.155309529276565e-05
390.0,339.1199951171875,390.0,157.9739227294922,339.6965637207031,405.4195556640625,6.155538721941411e-05
390.0,339.4800109863281,390.0,157.98008728027344,339.69464111328125,405.43365478515625,6.155805749585852e-05
390.0,339.8799743652344,390.0,157.9869384765625,339.6925048828125,405.44854736328125,6.156113522592932e-05
390.0,340.2400207519531,390.0,157.99310302734375,339.6905822753906,405.4626159667969,6.156380550237373e-05
390.0,340.6400146484375,390.0,157.99990844726562,339.6884460449219,405.4799499511719,6.156646850286052e-05
390.0,341.0,390.0,158.00595092773438,339.6865234375,405.49407958984375,6.156903691589832e-05
390.0,341.3599853515625,390.0,158.01199340820312,339.6846008300781,405.5081787109375,6.157159805297852e-05
390.0,341.760009765625,390.0,158.01869201660156,339.6824645996094,405.52545166015625,6.15742028458044e-05
390.0,342.1199951171875,390.0,158.0247344970703,339.6805419921875,405.53961181640625,6.157675670692697e-05
390.0,342.4800109863281,390.0,158.03076171875,339.6786193847656,405.5538330078125,6.157930329209194e-05
390.0,342.8800048828125,390.0,158.0374755859375,339.6764831542969,405.57110595703125,6.158190808491781e-05
390.0,343.239990234375,390.0,158.04348754882812,339.674560546875,405.58526611328125,6.158444739412516e-05
390.0,343.6400146484375,390.0,158.0501251220703,339.67242431640625,405.60015869140625,6.158735777717084e-05
390.0,344.0,390.0,158.05604553222656,339.6705017089844,405.61669921875,6.158946052892134e-05
390.0,344.3599853515625,390.0,158.06195068359375,339.6685791015625,405.63079833984375,6.159192707855254e-05
390.0,344.760009765625,390.0,158.06851196289062,339.66644287109375,405.6457214355469,6.159476470202208e-05
390.0,345.1199951171875,390.0,158.07440185546875,339.6645202636719,405.6623229980469,6.159684562589973e-05
390.0,345.4800109863281,390.0,158.08030700683594,339.66259765625,405.67645263671875,6.159929762361571e-05
390.0,345.8800048828125,390.0,158.0868682861328,339.66046142578125,405.69140625,6.160213524708524e-05
390.0,346.239990234375,390.0,158.0927734375,339.6585388183594,405.7080078125,6.16042161709629e-05
390.0,346.6400146484375,390.0,158.0993194580078,339.6564025878906,405.722900390625,6.160706107039005e-05
390.0,347.0,390.0,158.105224609375,339.6547546386719,405.7360534667969,6.160966586321592e-05
390.0,347.3599853515625,390.0,158.11102294921875,339.6531066894531,405.74920654296875,6.161218334455043e-05
390.0,347.7599792480469,390.0,158.117431640625,339.6512756347656,405.7630920410156,6.161507189972326e-05
390.0,348.1200256347656,390.0,158.12319946289062,339.6496276855469,405.7738037109375,6.161793862702325e-05
390.0,348.5199890136719,390.0,158.12954711914062,339.6477966308594,405.7876281738281,6.162079080240801e-05
390.0,348.8800048828125,390.0,158.1351776123047,339.6461486816406,405.80078125,6.162317731650546e-05
390.0,349.239990234375,390.0,158.14080810546875,339.6445007324219,405.8139953613281,6.16255565546453e-05
390.0,349.6400146484375,390.0,158.14706420898438,339.6426696777344,405.82781982421875,6.162833597045392e-05
390.0,350.0,390.0,158.15264892578125,339.6410217285156,405.84100341796875,6.163069338072091e-05
390.0,350.3600158691406,390.0,158.1581573486328,339.6393737792969,405.8542175292969,6.163297075545415e-05
390.0,350.7599792480469,390.0,158.1642608642578,339.6375427246094,405.86798095703125,6.163564103189856e-05
390.0,351.1199951171875,390.0,158.1697540283203,339.6358947753906,405.8787841796875,6.163828948047012e-05
390.0,351.5199890136719,390.0,158.17587280273438,339.6340637207031,405.89501953125,6.16405886830762e-05
390.0,351.8800048828125,390.0,158.18130493164062,339.6324157714844,405.90576171875,6.164319347590208e-05
390.0,352.239990234375,390.0,158.1866912841797,339.6307678222656,405.9189147949219,6.164538353914395e-05
390.0,352.6400146484375,390.0,158.19264221191406,339.6289367675781,405.93280029296875,6.16479228483513e-05
390.0,353.0,390.0,158.19801330566406,339.6272888183594,405.94598388671875,6.165010563563555e-05
390.0,353.3600158691406,390.0,158.20338439941406,339.6256408691406,405.95916748046875,6.16522811469622e-05
390.0,353.7599792480469,390.0,158.20933532714844,339.6238098144531,405.97308349609375,6.165481318021193e-05
390.0,354.1199951171875,390.0,158.2146759033203,339.6221618652344,405.9862060546875,6.165698141558096e-05
390.0,354.52001953125,390.0,158.22055053710938,339.6203308105469,406.0001220703125,6.165944068925455e-05
390.0,354.8800048828125,390.0,158.2257843017578,339.6186828613281,406.01080322265625,6.166190723888576e-05
390.0,355.239990234375,390.0,158.23101806640625,339.6170349121094,406.0240173339844,6.16639808868058e-05
390.0,355.6399841308594,390.0,158.23683166503906,339.6152038574219,406.03790283203125,6.166639650473371e-05
390.0,356.0,390.0,158.2420654296875,339.6135559082031,406.05108642578125,6.166847015265375e-05
390.0,356.3600158691406,390.0,158.24729919433594,339.6119079589844,406.0643005371094,6.16705438005738e-05
390.0,356.760009765625,390.0,158.2530975341797,339.6100769042969,406.078125,6.167297397041693e-05
390.0,357.1199951171875,390.0,158.25833129882812,339.6084289550781,406.09130859375,6.167504761833698e-05
390.0,357.52001953125,390.0,158.26414489746094,339.6065979003906,406.105224609375,6.167746323626488e-05
390.0,357.8800048828125,390.0,158.2693328857422,339.6049499511719,406.1184387207031,6.167950050439686e-05
390.0,358.239990234375,390.0,158.27450561523438,339.6033020019531,406.1291809082031,6.168189429445192e-05
390.0,358.6399841308594,390.0,158.28021240234375,339.6014709472656,406.1455383300781,6.168385880300775e-05
390.0,359.0,390.0,158.2853240966797,339.5998229980469,406.15625,6.168621621327475e-05
390.0,359.3600158691406,390.0,158.29042053222656,339.5981750488281,406.16943359375,6.168818799778819e-05
390.0,359.760009765625,390.0,158.29608154296875,339.5963439941406,406.183349609375,6.169048720039427e-05
390.0,360.1199951171875,390.0,158.30117797851562,339.5946960449219,406.19659423828125,6.169244443299249e-05
390.0,360.52001953125,390.0,158.3068389892578,339.5928649902344,406.2104187011719,6.16947581875138e-05
390.0,360.8800048828125,390.0,158.3119354248047,339.5912170410156,406.2236328125,6.169672997202724e-05
390.0,361.2400207519531,390.0,158.31703186035156,339.5895690917969,406.23687744140625,6.169868720462546e-05
390.0,361.6399841308594,390.0,158.32269287109375,339.5880126953125,406.247314453125,6.170151027617976e-05
390.0,362.0,390.0,158.3277587890625,339.5866394042969,406.259521484375,6.170361302793026e-05
390.0,362.3999938964844,390.0,158.33326721191406,339.5851135253906,406.26983642578125,6.170634151203558e-05
390.0,362.760009765625,390.0,158.33822631835938,339.583740234375,406.2821044921875,6.170834967633709e-05
390.0,363.1199951171875,390.0,158.34320068359375,339.5823669433594,406.2919006347656,6.171072163851932e-05
390.0,363.5199890136719,390.0,158.34861755371094,339.5808410644531,406.3046875,6.171300628921017e-05
390.0,363.8800048828125,390.0,158.35345458984375,339.5794677734375,406.314453125,6.171529093990102e-05
390.0,364.2400207519531,390.0,158.3582763671875,339.5780944824219,406.32427978515625,6.171756103867665e-05
390.0,364.6399841308594,390.0,158.3636474609375,339.5765686035156,406.33709716796875,6.17197947576642e-05
390.0,365.0,390.0,158.36842346191406,339.5751953125,406.34686279296875,6.172204302856699e-05
390.0,365.4000244140625,390.0,158.3736572265625,339.57366943359375,406.35968017578125,6.172416760819033e-05
390.0,365.760009765625,390.0,158.3783416748047,339.5722961425781,406.36944580078125,6.172634311951697e-05
390.0,366.1199951171875,390.0,158.38304138183594,339.5709228515625,406.38165283203125,6.17281548329629e-05
390.0,366.5199890136719,390.0,158.3882598876953,339.56939697265625,406.39208984375,6.173062865855172e-05
390.0,366.8799743652344,390.0,158.39291381835938,339.5680236816406,406.4043273925781,6.173239671625197e-05
390.0,367.2400207519531,390.0,158.3975067138672,339.566650390625,406.41412353515625,6.173449219204485e-05
390.0,367.6400146484375,390.0,158.40257263183594,339.56512451171875,406.42694091796875,6.173650035634637e-05
390.0,368.0,390.0,158.40713500976562,339.5637512207031,406.4366455078125,6.173858128022403e-05
390.0,368.4000244140625,390.0,158.41220092773438,339.5622253417969,406.44952392578125,6.17405676166527e-05
390.0,368.760009765625,390.0,158.41676330566406,339.56085205078125,406.4593505859375,6.174263398861513e-05
390.0,369.1199951171875,390.0,158.42132568359375,339.5594787597656,406.4691162109375,6.174470763653517e-05
390.0,369.5199890136719,390.0,158.42636108398438,339.5579528808594,406.4819030761719,6.174668669700623e-05
390.0,369.8800048828125,390.0,158.4308319091797,339.55657958984375,406.4917297363281,6.174868030939251e-05
390.0,370.239990234375,390.0,158.43528747558594,339.5552062988281,406.50396728515625,6.175029557198286e-05
390.0,370.6400146484375,390.0,158.44020080566406,339.5536804199219,406.514404296875,6.175253656692803e-05
390.0,371.0,390.0,158.4446258544922,339.55230712890625,406.526611328125,6.175413727760315e-05
390.0,371.3999938964844,390.0,158.4495391845703,339.55078125,406.53692626953125,6.175640737637877e-05
390.0,371.760009765625,390.0,158.45396423339844,339.5494079589844,406.5491943359375,6.175799353513867e-05
390.0,372.1200256347656,390.0,158.45838928222656,339.54803466796875,406.5589904785156,6.175995076773688e-05
390.0,372.5199890136719,390.0,158.46331787109375,339.5465087890625,406.5718688964844,6.176182796480134e-05
390.0,372.8800048828125,390.0,158.46774291992188,339.5451354980469,406.5816650390625,6.176379247335717e-05
390.0,373.2799987792969,390.0,158.47265625,339.5436096191406,406.594482421875,6.176567694637924e-05
390.0,373.6400146484375,390.0,158.47706604003906,339.542236328125,406.604248046875,6.176763417897746e-05
390.0,374.0,390.0,158.48143005371094,339.5408630371094,406.6141052246094,6.176954047987238e-05
390.0,374.3999938964844,390.0,158.48629760742188,339.5393371582031,406.626953125,6.177136674523354e-05
390.0,374.7599792480469,390.0,158.49061584472656,339.5379638671875,406.63677978515625,6.177325121825561e-05
390.0,375.1199951171875,390.0,158.49493408203125,339.5365905761719,406.6490478515625,6.177475006552413e-05
390.0,375.5199890136719,390.0,158.4997100830078,339.5350646972656,406.65936279296875,6.177690374897793e-05
390.0,375.8800048828125,390.0,158.50399780273438,339.53369140625,406.6716613769531,6.177838076837361e-05
390.0,376.2799987792969,390.0,158.50875854492188,339.53216552734375,406.6845397949219,6.178014155011624e-05
390.0,376.6400146484375,390.0,158.5130615234375,339.5307922363281,406.6943359375,6.178199691930786e-05
390.0,377.0,390.0,158.51734924316406,339.5294189453125,406.7041320800781,6.178385228849947e-05
390.0,377.3999938964844,390.0,158.52210998535156,339.52789306640625,406.7169189453125,6.178562762215734e-05
390.0,377.7599792480469,390.0,158.5264129638672,339.5265197753906,406.72674560546875,6.178748299134895e-05
390.0,378.1199951171875,390.0,158.53070068359375,339.525146484375,406.739013671875,6.178896001074463e-05
390.0,378.52001953125,390.0,158.53546142578125,339.52362060546875,406.74945068359375,6.17910991422832e-05
390.0,378.8800048828125,390.0,158.53976440429688,339.5223083496094,406.761474609375,6.179261254146695e-05
390.0,379.2799987792969,390.0,158.54452514648438,339.5210876464844,406.77081298828125,6.179491174407303e-05
390.0,379.6400146484375,390.0,158.5487518310547,339.5199890136719,406.77960205078125,6.179687625262886e-05
390.0,380.0,390.0,158.55291748046875,339.5188903808594,406.7884521484375,6.179876800160855e-05
390.0,380.3999938964844,390.0,158.5575408935547,339.5176696777344,406.7977600097656,6.180095806485042e-05
390.0,380.760009765625,390.0,158.56167602539062,339.5165710449219,406.80657958984375,6.180284981383011e-05
390.0,381.1199951171875,390.0,158.5657501220703,339.5154724121094,406.8154296875,6.180467607919127e-05
390.0,381.52001953125,390.0,158.57022094726562,339.5142517089844,406.8247375488281,6.180674972711131e-05
390.0,381.8800048828125,390.0,158.57423400878906,339.5131530761719,406.83355712890625,6.180854688864201e-05
390.0,382.2799987792969,390.0,158.57870483398438,339.5119323730469,406.84283447265625,6.181062053656206e-05
390.0,382.6399841308594,390.0,158.5826873779297,339.5108337402344,406.8517150878906,6.181236676638946e-05
390.0,383.0,390.0,158.5865936279297,339.5097351074219,406.86053466796875,6.181406934047118e-05
390.0,383.3999938964844,390.0,158.59091186523438,339.5085144042969,406.86981201171875,6.181603384902701e-05
390.0,383.760009765625,390.0,158.5948028564453,339.5074157714844,406.878662109375,6.18177218711935e-05
390.0,384.1600036621094,390.0,158.59912109375,339.5061950683594,406.88800048828125,6.18196718278341e-05
390.0,384.52001953125,390.0,158.60299682617188,339.5050964355469,406.8968200683594,6.182135257404298e-05
390.0,384.8800048828125,390.0,158.6068115234375,339.5039978027344,406.9056396484375,6.182298966450617e-05
390.0,385.2799987792969,390.0,158.61097717285156,339.5027770996094,406.9149169921875,6.182482320582494e-05
390.0,385.6399841308594,390.0,158.61474609375,339.5016784667969,406.923828125,6.182640208862722e-05
390.0,386.0,390.0,158.61849975585938,339.5005798339844,406.9326477050781,6.182798824738711e-05
390.0,386.3999938964844,390.0,158.62266540527344,339.4993591308594,406.94189453125,6.182983634062111e-05
390.0,386.760009765625,390.0,158.6264190673828,339.4982604980469,406.9508056640625,6.183140794746578e-05
390.0,387.15997314453125,390.0,158.63058471679688,339.4970397949219,406.9600830078125,6.183324148878455e-05
390.0,387.5199890136719,390.0,158.63429260253906,339.4959411621094,406.9689636230469,6.183478399179876e-05
390.0,387.8800048828125,390.0,158.63796997070312,339.4948425292969,406.977783203125,6.183631194289774e-05
390.0,388.2799987792969,390.0,158.64202880859375,339.4936218261719,406.98712158203125,6.183805817272514e-05
390.0,388.6399841308594,390.0,158.64564514160156,339.4925231933594,406.9959411621094,6.183953519212082e-05
390.0,389.0,390.0,158.64926147460938,339.4914245605469,407.0047607421875,6.184101948747411e-05
390.0,389.3999938964844,390.0,158.65328979492188,339.4902038574219,407.0140380859375,6.184275116538629e-05
390.0,389.760009765625,390.0,158.6569061279297,339.4891052246094,407.02294921875,6.184421363286674e-05
390.0,390.1600036621094,390.0,158.6609344482422,339.4878845214844,407.0322265625,6.184594531077892e-05
390.0,390.5199890136719,390.0,158.66455078125,339.4867858886719,407.04107666015625,6.18474223301746e-05
390.0,390.8800048828125,390.0,158.66818237304688,339.4856872558594,407.0499267578125,6.184889934957027e-05
390.0,391.2799987792969,390.0,158.6721954345703,339.4844665527344,407.0592346191406,6.185061647556722e-05
390.0,391.6399841308594,390.0,158.6758270263672,339.4833679199219,407.068115234375,6.18520934949629e-05
390.0,392.0,390.0,158.67941284179688,339.4822692871094,407.0770263671875,6.185354141052812e-05
390.0,392.4000244140625,390.0,158.68338012695312,339.4810485839844,407.0863037109375,6.1855222156737e-05
390.0,392.760009765625,390.0,158.68692016601562,339.4799499511719,407.0951843261719,6.185664096847177e-05
390.0,393.1600036621094,390.0,158.6908416748047,339.4787292480469,407.10443115234375,6.185829261085019e-05
390.0,393.5199890136719,390.0,158.69435119628906,339.4776306152344,407.11334228515625,6.185967504279688e-05
390.0,393.8799743652344,390.0,158.69784545898438,339.4765319824219,407.1221923828125,6.186105019878596e-05
390.0,394.2799987792969,390.0,158.70172119140625,339.4753112792969,407.13153076171875,6.186265090946108e-05
390.0,394.6400146484375,390.0,158.7052001953125,339.4742126464844,407.140380859375,6.186401878949255e-05
390.0,395.0,390.0,158.7086944580078,339.4731140136719,407.1492919921875,6.186538666952401e-05
390.0,395.3999938964844,390.0,158.7125701904297,339.4718933105469,407.1585693359375,6.186700193211436e-05
390.0,395.760009765625,390.0,158.71604919433594,339.4707946777344,407.1673889160156,6.186837708810344e-05
390.0,396.1600036621094,390.0,158.7199249267578,339.4695739746094,407.17669677734375,6.186998507473618e-05
390.0,396.5199890136719,390.0,158.72341918945312,339.4684753417969,407.1855773925781,6.187135295476764e-05
390.0,396.8800048828125,390.0,158.72689819335938,339.4673767089844,407.1944580078125,6.187272083479911e-05
390.0,397.2799987792969,390.0,158.73077392578125,339.4661560058594,407.2062683105469,6.18739431956783e-05
390.0,397.6400146484375,390.0,158.73426818847656,339.4650573730469,407.2126159667969,6.187569670146331e-05
390.0,398.03997802734375,390.0,158.73812866210938,339.4638366699219,407.224365234375,6.187694089021534e-05
390.0,398.3999938964844,390.0,158.7416229248047,339.4627380371094,407.2332763671875,6.187830149428919e-05
390.0,398.7599792480469,390.0,158.7451171875,339.4616394042969,407.24212646484375,6.187966937432066e-05
390.0,399.1600036621094,390.0,158.7489776611328,339.4604187011719,407.25146484375,6.188127736095339e-05
390.0,399.5199890136719,390.0,158.75247192382812,339.4593200683594,407.26031494140625,6.188264524098486e-05
390.0,399.8800048828125,390.0,158.75595092773438,339.4582214355469,407.2691955566406,6.188401312101632e-05
390.0,400.2799987792969,390.0,158.75982666015625,339.4570007324219,407.2784729003906,6.188562838360667e-05
390.0,400.6400146484375,390.0,158.76332092285156,339.4559020996094,407.287353515625,6.188699626363814e-05
390.0,401.0400085449219,390.0,158.76719665527344,339.4549255371094,407.2958068847656,6.188873521750793e-05
390.0,401.3999938964844,390.0,158.77061462402344,339.4541015625,407.30120849609375,6.189058331074193e-05
390.0,401.7599792480469,390.0,158.7739715576172,339.4532775878906,407.30670166015625,6.18923659203574e-05
390.0,402.1600036621094,390.0,158.77769470214844,339.4523620605469,407.31488037109375,6.189402483869344e-05
390.0,402.5199890136719,390.0,158.78102111816406,339.4515380859375,407.32275390625,6.189542182255536e-05
390.0,402.8800048828125,390.0,158.7843017578125,339.4507141113281,407.3281555175781,6.189715350046754e-05
390.0,403.2799987792969,390.0,158.78787231445312,339.4497985839844,407.33642578125,6.189868872752413e-05
390.0,403.6400146484375,390.0,158.7910919189453,339.448974609375,407.34185791015625,6.190036947373301e-05
390.0,404.0400085449219,390.0,158.794677734375,339.44805908203125,407.35003662109375,6.190191197674721e-05
390.0,404.3999938964844,390.0,158.79783630371094,339.4472351074219,407.35546875,6.190355634316802e-05
390.0,404.7599792480469,390.0,158.80093383789062,339.4464111328125,407.36334228515625,6.19047787040472e-05
390.0,405.1600036621094,390.0,158.80435180664062,339.44549560546875,407.369140625,6.190656131366268e-05
390.0,405.52001953125,390.0,158.80743408203125,339.4446716308594,407.3770751953125,6.190776184666902e-05
390.0,405.8800048828125,390.0,158.81053161621094,339.44384765625,407.3824462890625,6.190935528138652e-05
390.0,406.2799987792969,390.0,158.81393432617188,339.44293212890625,407.3906555175781,6.191076681716368e-05
390.0,406.6399841308594,390.0,158.81695556640625,339.4421081542969,407.39605712890625,6.191228749230504e-05
390.0,407.0400085449219,390.0,158.8202362060547,339.4411926269531,407.4043273925781,6.191360444063321e-05
390.0,407.3999938964844,390.0,158.8231964111328,339.44036865234375,407.4122314453125,6.191470311023295e-05
390.0,407.760009765625,390.0,158.82614135742188,339.4395446777344,407.41766357421875,6.191617285367101e-05
390.0,408.1600036621094,390.0,158.8294219970703,339.4386291503906,407.42584228515625,6.191748980199918e-05
390.0,408.52001953125,390.0,158.83236694335938,339.43780517578125,407.4312744140625,6.191895954543725e-05
390.0,408.91998291015625,390.0,158.8356475830078,339.4368896484375,407.43951416015625,6.19202692178078e-05
390.0,409.2799987792969,390.0,158.83856201171875,339.4360656738281,407.4449462890625,6.192170985741541e-05
390.0,409.6399841308594,390.0,158.8414306640625,339.43524169921875,407.4528503417969,6.192274304339662e-05
390.0,410.0400085449219,390.0,158.8445587158203,339.434326171875,407.4585876464844,6.192431465024129e-05
390.0,410.3999938964844,390.0,158.84738159179688,339.4335021972656,407.4665222167969,6.192530418047681e-05
390.0,410.760009765625,390.0,158.85018920898438,339.43267822265625,407.471923828125,6.19266793364659e-05
390.0,411.15997314453125,390.0,158.8533172607422,339.4317626953125,407.4801025390625,6.192787986947224e-05
390.0,411.52001953125,390.0,158.85614013671875,339.4309387207031,407.488037109375,6.192886939970776e-05
390.0,411.9200134277344,390.0,158.85926818847656,339.4300231933594,407.49383544921875,6.19304264546372e-05
390.0,412.2799987792969,390.0,158.86209106445312,339.42919921875,407.5017395019531,6.193142326083034e-05
390.0,412.6399841308594,390.0,158.86489868164062,339.4283752441406,407.50714111328125,6.193279114086181e-05
390.0,413.0400085449219,390.0,158.86802673339844,339.4274597167969,407.515380859375,6.193398439791054e-05
390.0,413.3999938964844,390.0,158.870849609375,339.4266357421875,407.520751953125,6.193536682985723e-05
390.0,413.760009765625,390.0,158.87359619140625,339.4258117675781,407.5286865234375,6.193630542838946e-05
390.0,414.1600036621094,390.0,158.8766632080078,339.4248962402344,407.5344543457031,6.19378115516156e-05
390.0,414.5199890136719,390.0,158.87939453125,339.424072265625,407.5423583984375,6.193875015014783e-05
390.0,414.9200134277344,390.0,158.8824005126953,339.42315673828125,407.55059814453125,6.193983426783234e-05
390.0,415.2799987792969,390.0,158.88510131835938,339.4223327636719,407.5560302734375,6.194111483637244e-05
390.0,415.6399841308594,390.0,158.88778686523438,339.4215087890625,407.56390380859375,6.19420170551166e-05
390.0,416.0400085449219,390.0,158.89076232910156,339.42059326171875,407.56964111328125,6.194346497068182e-05
390.0,416.4000244140625,390.0,158.89344787597656,339.4197692871094,407.57763671875,6.194434536155313e-05
390.0,416.760009765625,390.0,158.89613342285156,339.4189453125,407.5830078125,6.194561865413561e-05
390.0,417.1600036621094,390.0,158.89910888671875,339.41802978515625,407.59130859375,6.194668094394729e-05
390.0,417.5199890136719,390.0,158.90179443359375,339.4172058105469,407.5966796875,6.194795423652977e-05
390.0,417.9200134277344,390.0,158.90476989746094,339.4162902832031,407.60491943359375,6.194902380229905e-05
390.0,418.2799987792969,390.0,158.90745544433594,339.41546630859375,407.6103515625,6.195028981892392e-05
390.0,418.6400146484375,390.0,158.91014099121094,339.4146423339844,407.61822509765625,6.195119203766808e-05
390.0,419.03997802734375,390.0,158.91311645507812,339.4137268066406,407.62652587890625,6.195224705152214e-05
390.0,419.4000244140625,390.0,158.91580200195312,339.41290283203125,407.6319580078125,6.1953513068147e-05
390.0,419.760009765625,390.0,158.91848754882812,339.4120788574219,407.6398620605469,6.195440073497593e-05
390.0,420.1600036621094,390.0,158.9214630126953,339.4111633300781,407.64556884765625,6.195586320245638e-05
390.0,420.5199890136719,390.0,158.9241485595703,339.41033935546875,407.65350341796875,6.195675086928532e-05
390.0,420.9200134277344,390.0,158.9271240234375,339.409423828125,407.6593017578125,6.195818423293531e-05
390.0,421.2799987792969,390.0,158.9298095703125,339.4085998535156,407.66717529296875,6.195908645167947e-05
390.0,421.6400146484375,390.0,158.9324951171875,339.40777587890625,407.672607421875,6.196035246830434e-05
390.0,422.03997802734375,390.0,158.9354705810547,339.4068603515625,407.6807861328125,6.196142931003124e-05
390.0,422.3999938964844,390.0,158.9381561279297,339.4060363769531,407.6888427734375,6.196229514898732e-05
390.0,422.8000183105469,390.0,158.94113159179688,339.4051208496094,407.69451904296875,6.196375761646777e-05
390.0,423.1600036621094,390.0,158.94381713867188,339.404296875,407.70245361328125,6.196463800733909e-05
390.0,423.5199890136719,390.0,158.94650268554688,339.4034729003906,407.70782470703125,6.196591857587919e-05
390.0,423.9200134277344,390.0,158.94947814941406,339.4025573730469,407.71612548828125,6.196698086569086e-05
390.0,424.2799987792969,390.0,158.95216369628906,339.4017333984375,407.7215881347656,6.196823960635811e-05
390.0,424.6400146484375,390.0,158.954833984375,339.4009094238281,407.7294616699219,6.196912727318704e-05
390.0,425.0400085449219,390.0,158.95777893066406,339.3999938964844,407.73773193359375,6.197016773512587e-05
390.0,425.3999938964844,390.0,158.96044921875,339.399169921875,407.74310302734375,6.197143375175074e-05
390.0,425.8000183105469,390.0,158.96336364746094,339.39825439453125,407.75140380859375,6.197244510985911e-05
390.0,426.1600036621094,390.0,158.9660186767578,339.3974304199219,407.7568359375,6.197368929861113e-05
390.0,426.5199890136719,390.0,158.96864318847656,339.3966064453125,407.76470947265625,6.1974540585652e-05
390.0,426.91998291015625,390.0,158.97157287597656,339.39569091796875,407.7704772949219,6.197595212142915e-05
390.0,427.2799987792969,390.0,158.9741973876953,339.3948669433594,407.77838134765625,6.197678885655478e-05
390.0,427.6400146484375,390.0,158.976806640625,339.39404296875,407.783935546875,6.19779821136035e-05
390.0,428.0400085449219,390.0,158.979736328125,339.39312744140625,407.7921142578125,6.197901529958472e-05
390.0,428.3999938964844,390.0,158.98231506347656,339.3923034667969,407.800048828125,6.197983748279512e-05
390.0,428.8000183105469,390.0,158.98524475097656,339.3913879394531,407.8058166503906,6.198123446665704e-05
390.0,429.1600036621094,390.0,158.98785400390625,339.39056396484375,407.813720703125,6.198206392582506e-05
390.0,429.5199890136719,390.0,158.990478515625,339.3897399902344,407.81915283203125,6.198328628670424e-05
390.0,429.91998291015625,390.0,158.99337768554688,339.388916015625,407.82708740234375,6.19843413005583e-05
390.0,430.2799987792969,390.0,158.9959259033203,339.38836669921875,407.83154296875,6.198565097292885e-05
390.0,430.6400146484375,390.0,158.99847412109375,339.3878173828125,407.83599853515625,6.19869606452994e-05
390.0,431.0400085449219,390.0,159.00131225585938,339.38720703125,407.84063720703125,6.198846676852554e-05
390.0,431.3999938964844,390.0,159.00376892089844,339.38665771484375,407.8450927734375,6.198970368131995e-05
390.0,431.8000183105469,390.0,159.00643920898438,339.38604736328125,407.84979248046875,6.199107883730903e-05
390.0,432.1600036621094,390.0,159.0088653564453,339.385498046875,407.854248046875,6.199228664627299e-05
390.0,432.52001953125,390.0,159.0112762451172,339.38494873046875,407.85870361328125,6.199348717927933e-05
390.0,432.91998291015625,390.0,159.013916015625,339.38433837890625,407.8633728027344,6.199484050739557e-05
390.0,433.2799987792969,390.0,159.01620483398438,339.3837890625,407.8677978515625,6.199596100486815e-05
390.0,433.67999267578125,390.0,159.01873779296875,339.3831787109375,407.8724670410156,6.19972197455354e-05
390.0,434.0400085449219,390.0,159.02102661132812,339.38262939453125,407.8769226074219,6.199831841513515e-05
390.0,434.3999938964844,390.0,159.02330017089844,339.382080078125,407.8813781738281,6.19994243606925e-05
390.0,434.79998779296875,390.0,159.0258026123047,339.3814697265625,407.88604736328125,6.200066127348691e-05
390.0,435.1600036621094,390.0,159.0279998779297,339.38092041015625,407.8904724121094,6.200170173542574e-05
390.0,435.52001953125,390.0,159.03013610839844,339.38037109375,407.8949279785156,6.200269854161888e-05
390.0,435.91998291015625,390.0,159.0325164794922,339.3797607421875,407.902099609375,6.200346979312599e-05
390.0,436.2799987792969,390.0,159.03466796875,339.37921142578125,407.90655517578125,6.200445932336152e-05
390.0,436.6800231933594,390.0,159.03704833984375,339.37860107421875,407.9112548828125,6.200560164870694e-05
390.0,437.0400085449219,390.0,159.03919982910156,339.3780517578125,407.91571044921875,6.20066057308577e-05
390.0,437.3999938964844,390.0,159.0413360595703,339.37750244140625,407.920166015625,6.200758798513561e-05
390.0,437.79998779296875,390.0,159.0436553955078,339.37689208984375,407.9248046875,6.200869393069297e-05
390.0,438.15997314453125,390.0,159.04568481445312,339.3763427734375,407.92926025390625,6.200959614943713e-05
390.0,438.52001953125,390.0,159.04769897460938,339.37579345703125,407.9337158203125,6.201048381626606e-05
390.0,438.9200134277344,390.0,159.0499267578125,339.37518310546875,407.93841552734375,6.201151700224727e-05
390.0,439.2799987792969,390.0,159.05194091796875,339.3746337890625,407.94293212890625,6.201239739311859e-05
390.0,439.6800231933594,390.0,159.05416870117188,339.3740234375,407.9475402832031,6.201343785505742e-05
390.0,440.0400085449219,390.0,159.05618286132812,339.37347412109375,407.9520263671875,6.201432552188635e-05
390.0,440.3999938964844,390.0,159.05819702148438,339.3729248046875,407.95654296875,6.201520591275766e-05
390.0,440.79998779296875,390.0,159.06044006347656,339.372314453125,407.9612121582031,6.201623909873888e-05
390.0,441.1600036621094,390.0,159.06243896484375,339.37176513671875,407.96563720703125,6.201714131748304e-05
390.0,441.5199890136719,390.0,159.0644073486328,339.3712158203125,407.9700927734375,6.201799988048151e-05
390.0,441.9200134277344,390.0,159.06655883789062,339.37060546875,407.9747314453125,6.201896030688658e-05
390.0,442.2799987792969,390.0,159.0684814453125,339.37005615234375,407.979248046875,6.201977521413937e-05
390.0,442.67999267578125,390.0,159.0706024169922,339.36944580078125,407.98638916015625,6.202034273883328e-05
390.0,443.0400085449219,390.0,159.07249450683594,339.368896484375,407.9908447265625,6.202113581821322e-05
390.0,443.4000244140625,390.0,159.07437133789062,339.36834716796875,407.99530029296875,6.202192889759317e-05
390.0,443.79998779296875,390.0,159.07644653320312,339.36773681640625,407.9999694824219,6.202284566825256e-05
390.0,444.1600036621094,390.0,159.0783233642578,339.3671875,408.0044250488281,6.202363147167489e-05
390.0,444.55999755859375,390.0,159.08041381835938,339.3665771484375,408.00909423828125,6.202454824233428e-05
390.0,444.9200134277344,390.0,159.08229064941406,339.36602783203125,408.0135498046875,6.202533404575661e-05
390.0,445.2799987792969,390.0,159.08416748046875,339.365478515625,408.01800537109375,6.202611984917894e-05
390.0,445.67999267578125,390.0,159.0862579345703,339.3648681640625,408.0226745605469,6.202703661983833e-05
390.0,446.03997802734375,390.0,159.088134765625,339.36431884765625,408.0271301269531,6.202782242326066e-05
390.0,446.3999938964844,390.0,159.0900115966797,339.36376953125,408.03155517578125,6.20286155026406e-05
390.0,446.79998779296875,390.0,159.09210205078125,339.3631591796875,408.0362548828125,6.202953227329999e-05
390.0,447.1600036621094,390.0,159.09397888183594,339.36260986328125,408.04071044921875,6.203031080076471e-05
390.0,447.55999755859375,390.0,159.0960693359375,339.36199951171875,408.04541015625,6.20312275714241e-05
390.0,447.9200134277344,390.0,159.0979461669922,339.3614501953125,408.0498352050781,6.203201337484643e-05
390.0,448.2799987792969,390.0,159.09982299804688,339.36090087890625,408.0543212890625,6.203279917826876e-05
390.0,448.67999267578125,390.0,159.10189819335938,339.36029052734375,408.05902099609375,6.203371594892815e-05
390.0,449.03997802734375,390.0,159.10377502441406,339.3597412109375,408.06341552734375,6.20345090283081e-05
390.0,449.3999938964844,390.0,159.10562133789062,339.35919189453125,408.06787109375,6.203527300385758e-05
390.0,449.8000183105469,390.0,159.10765075683594,339.35858154296875,408.0750732421875,6.203575321706012e-05
390.0,450.1600036621094,390.0,159.10948181152344,339.3580322265625,408.07952880859375,6.2036509916652e-05
390.0,450.55999755859375,390.0,159.11151123046875,339.357421875,408.08416748046875,6.20373830315657e-05
390.0,450.9200134277344,390.0,159.1133270263672,339.35687255859375,408.08868408203125,6.203811062732711e-05
390.0,451.2799987792969,390.0,159.11514282226562,339.3563232421875,408.0931396484375,6.203884549904615e-05
390.0,451.67999267578125,390.0,159.1171417236328,339.355712890625,408.0977783203125,6.203970406204462e-05
390.0,452.0400085449219,390.0,159.1189422607422,339.35516357421875,408.10223388671875,6.204042438184842e-05
390.0,452.3999938964844,390.0,159.1207275390625,339.3546142578125,408.1068115234375,6.204112287377939e-05
390.0,452.8000183105469,390.0,159.12271118164062,339.35400390625,408.1114807128906,6.20419523329474e-05
390.0,453.1600036621094,390.0,159.12449645996094,339.35345458984375,408.1159362792969,6.204267265275121e-05
390.0,453.55999755859375,390.0,159.12646484375,339.35284423828125,408.12060546875,6.204350211191922e-05
390.0,453.91998291015625,390.0,159.12823486328125,339.352294921875,408.12506103515625,6.20442078798078e-05
390.0,454.2799987792969,390.0,159.1300048828125,339.35174560546875,408.1295471191406,6.204490637173876e-05
390.0,454.67999267578125,390.0,159.1319580078125,339.35113525390625,408.13421630859375,6.204572127899155e-05
390.0,455.0400085449219,390.0,159.1337127685547,339.3505859375,408.138671875,6.20464124949649e-05
390.0,455.3999938964844,390.0,159.135498046875,339.35003662109375,408.1431579589844,6.204711098689586e-05
390.0,455.8000183105469,390.0,159.137451171875,339.34942626953125,408.1502990722656,6.204756209626794e-05
390.0,456.1600036621094,390.0,159.13922119140625,339.348876953125,408.1547546386719,6.204825331224129e-05
390.0,456.55999755859375,390.0,159.14120483398438,339.3482666015625,408.1594543457031,6.20490827714093e-05
390.0,456.91998291015625,390.0,159.14297485351562,339.34771728515625,408.1639099121094,6.204978853929788e-05
390.0,457.2799987792969,390.0,159.1447296142578,339.34716796875,408.1683349609375,6.205049430718645e-05
390.0,457.67999267578125,390.0,159.1466827392578,339.3465576171875,408.17303466796875,6.205129466252401e-05
390.0,458.0400085449219,390.0,159.1484375,339.34600830078125,408.1775207519531,6.205198587849736e-05
390.0,458.44000244140625,390.0,159.150390625,339.34539794921875,408.1821594238281,6.205280078575015e-05
390.0,458.79998779296875,390.0,159.15216064453125,339.3448486328125,408.1866149902344,6.205350655363873e-05
390.0,459.1600036621094,390.0,159.1539306640625,339.34429931640625,408.19110107421875,6.205419776961207e-05
390.0,459.55999755859375,390.0,159.15586853027344,339.34368896484375,408.19580078125,6.205500540090725e-05
390.0,459.91998291015625,390.0,159.1576385498047,339.3431396484375,408.20025634765625,6.20556966168806e-05
390.0,460.2799987792969,390.0,159.15939331054688,339.34259033203125,408.2047119140625,6.205638783285394e-05
390.0,460.6800231933594,390.0,159.16134643554688,339.34197998046875,408.2093811035156,6.205720274010673e-05
390.0,461.0400085449219,390.0,159.16311645507812,339.3414306640625,408.2138671875,6.205790850799531e-05
390.0,461.44000244140625,390.0,159.16506958007812,339.3408203125,408.22100830078125,6.205834506545216e-05
390.0,461.79998779296875,390.0,159.1668243408203,339.34027099609375,408.22552490234375,6.205902900546789e-05
390.0,462.1600036621094,390.0,159.16859436035156,339.3397216796875,408.22991943359375,6.205974204931408e-05
390.0,462.55999755859375,390.0,159.17056274414062,339.339111328125,408.234619140625,6.206055695656687e-05
390.0,462.9200134277344,390.0,159.17233276367188,339.33856201171875,408.23907470703125,6.206125544849783e-05
390.0,463.2799987792969,390.0,159.17408752441406,339.3380126953125,408.2435302734375,6.206194666447118e-05
390.0,463.6800231933594,390.0,159.17604064941406,339.33740234375,408.24822998046875,6.206275429576635e-05
390.0,464.0400085449219,390.0,159.17779541015625,339.33685302734375,408.2527770996094,6.206343823578209e-05
390.0,464.44000244140625,390.0,159.1797637939453,339.33624267578125,408.25738525390625,6.20642676949501e-05
390.0,464.79998779296875,390.0,159.1815185546875,339.335693359375,408.26190185546875,6.206495163496584e-05
390.0,465.1600036621094,390.0,159.1832733154297,339.33514404296875,408.266357421875,6.20656501268968e-05
390.0,465.55999755859375,390.0,159.1852264404297,339.33453369140625,408.27105712890625,6.206645775819197e-05
390.0,465.9200134277344,390.0,159.18699645996094,339.333984375,408.2755432128906,6.206715625012293e-05
390.0,466.2799987792969,390.0,159.1887664794922,339.33343505859375,408.27996826171875,6.20678547420539e-05
390.0,466.67999267578125,390.0,159.1907196044922,339.33282470703125,408.28466796875,6.206866237334907e-05
390.0,467.0400085449219,390.0,159.19247436523438,339.332275390625,408.2916259765625,6.206897523952648e-05
390.0,467.44000244140625,390.0,159.1944580078125,339.3316650390625,408.29632568359375,6.20698046986945e-05
390.0,467.79998779296875,390.0,159.19622802734375,339.33111572265625,408.30078125,6.207051046658307e-05
390.0,468.1600036621094,390.0,159.197998046875,339.33056640625,408.30523681640625,6.207121623447165e-05
390.0,468.55999755859375,390.0,159.19996643066406,339.3299560546875,408.3099365234375,6.207203841768205e-05
390.0,468.9200134277344,390.0,159.2017364501953,339.32940673828125,408.31439208984375,6.207274418557063e-05
390.0,469.32000732421875,390.0,159.20370483398438,339.32879638671875,408.319091796875,6.207356636878103e-05
390.0,469.67999267578125,390.0,159.20545959472656,339.3282470703125,408.32354736328125,6.207425758475438e-05
390.0,470.03997802734375,390.0,159.2072296142578,339.32769775390625,408.3279724121094,6.207495607668534e-05
390.0,470.44000244140625,390.0,159.20919799804688,339.32708740234375,408.3326416015625,6.207577825989574e-05
390.0,470.79998779296875,390.0,159.21096801757812,339.3265380859375,408.337158203125,6.207646947586909e-05
390.0,471.1600036621094,390.0,159.2127227783203,339.32598876953125,408.3415832519531,6.207717524375767e-05
390.0,471.5600280761719,390.0,159.21469116210938,339.32537841796875,408.3462829589844,6.207799015101045e-05
390.0,471.9200134277344,390.0,159.21646118164062,339.3248291015625,408.35076904296875,6.207868864294142e-05
390.0,472.32000732421875,390.0,159.21841430664062,339.32421875,408.35791015625,6.207913247635588e-05
390.0,472.67999267578125,390.0,159.22018432617188,339.32366943359375,408.3623962402344,6.207983096828684e-05
390.0,473.03997802734375,390.0,159.2219696044922,339.3231201171875,408.3668518066406,6.208053673617542e-05
390.0,473.44000244140625,390.0,159.22393798828125,339.322509765625,408.3715515136719,6.208136619534343e-05
390.0,473.79998779296875,390.0,159.22569274902344,339.3222351074219,408.3725280761719,6.208257400430739e-05
390.0,474.1600036621094,390.0,159.22743225097656,339.32196044921875,408.3759765625,6.208341073943302e-05
390.0,474.55999755859375,390.0,159.22933959960938,339.3216552734375,408.3771057128906,6.20847349637188e-05
390.0,474.9200134277344,390.0,159.23098754882812,339.3213806152344,408.380615234375,6.208548438735306e-05
390.0,475.32000732421875,390.0,159.23277282714844,339.3210754394531,408.3816833496094,6.208672130014747e-05
390.0,475.67999267578125,390.0,159.23439025878906,339.32080078125,408.3851623535156,6.208744161995128e-05
390.0,476.03997802734375,390.0,159.2359619140625,339.3205261230469,408.38861083984375,6.208814738783985e-05
390.0,476.44000244140625,390.0,159.23768615722656,339.3202209472656,408.3897705078125,6.208931154105812e-05
390.0,476.8000183105469,390.0,159.23915100097656,339.3199462890625,408.3932800292969,6.208992272149771e-05
390.0,477.15997314453125,390.0,159.24063110351562,339.3196716308594,408.3942565917969,6.209093407960609e-05
390.0,477.5599670410156,390.0,159.24227905273438,339.3193664550781,408.39788818359375,6.209165439940989e-05
390.0,477.9200134277344,390.0,159.2437286376953,339.319091796875,408.39886474609375,6.209265120560303e-05
390.0,478.3199768066406,390.0,159.24525451660156,339.31878662109375,408.40240478515625,6.20932987658307e-05
390.0,478.6800231933594,390.0,159.24659729003906,339.3185119628906,408.40338134765625,6.209419370861724e-05
390.0,479.0400085449219,390.0,159.24794006347656,339.3182373046875,408.4068603515625,6.209471030160785e-05
390.0,479.4400329589844,390.0,159.24942016601562,339.31793212890625,408.40802001953125,6.209569255588576e-05
390.0,479.8000183105469,390.0,159.25076293945312,339.3176574707031,408.4115295410156,6.209620187291875e-05
390.0,480.20001220703125,390.0,159.25222778320312,339.3173522949219,408.4125671386719,6.209718412719667e-05
390.0,480.55999755859375,390.0,159.25352478027344,339.31707763671875,408.416015625,6.209767161635682e-05
390.0,480.91998291015625,390.0,159.25473022460938,339.3168029785156,408.4169921875,6.209846469573677e-05
390.0,481.32000732421875,390.0,159.25607299804688,339.3164978027344,408.420654296875,6.209895218489692e-05
390.0,481.67999267578125,390.0,159.2572784423828,339.31622314453125,408.42413330078125,6.209936691448092e-05
390.0,482.03997802734375,390.0,159.25848388671875,339.3159484863281,408.42510986328125,6.210015999386087e-05
390.0,482.4399719238281,390.0,159.25982666015625,339.3156433105469,408.42864990234375,6.210066931089386e-05
390.0,482.79998779296875,390.0,159.2610321044922,339.31536865234375,408.42962646484375,6.210146239027381e-05
390.0,483.1999816894531,390.0,159.2623748779297,339.3150634765625,408.43328857421875,6.210194987943396e-05
390.0,483.5599670410156,390.0,159.26356506347656,339.3147888183594,408.43426513671875,6.210272840689868e-05
390.0,483.9200134277344,390.0,159.26470947265625,339.31451416015625,408.437744140625,6.210309220477939e-05
390.0,484.3200378417969,390.0,159.26593017578125,339.314208984375,408.43878173828125,6.210389256011695e-05
390.0,484.6800231933594,390.0,159.2670440673828,339.3139343261719,408.4422607421875,6.21042272541672e-05
390.0,485.0400085449219,390.0,159.2681121826172,339.31365966796875,408.4432373046875,6.210491119418293e-05
390.0,485.44000244140625,390.0,159.26930236816406,339.3133544921875,408.4468994140625,6.210528226802126e-05
390.0,485.79998779296875,390.0,159.27037048339844,339.3130798339844,408.45037841796875,6.210559513419867e-05
390.0,486.20001220703125,390.0,159.2715606689453,339.3127746582031,408.4514465332031,6.210635910974815e-05
390.0,486.55999755859375,390.0,159.27264404296875,339.3125,408.4549560546875,6.210666469996795e-05
390.0,486.91998291015625,390.0,159.27371215820312,339.3122253417969,408.45599365234375,6.210734136402607e-05
390.0,487.32000732421875,390.0,159.27490234375,339.3119201660156,408.45953369140625,6.210773426573724e-05
390.0,487.67999267578125,390.0,159.27598571777344,339.3116455078125,408.46051025390625,6.210841820575297e-05
390.0,488.03997802734375,390.0,159.2770538330078,339.3113708496094,408.4639892578125,6.210872379597276e-05
390.0,488.4399719238281,390.0,159.2782440185547,339.3110656738281,408.46514892578125,6.210948049556464e-05
390.0,488.8000183105469,390.0,159.27931213378906,339.310791015625,408.4686279296875,6.210979336174205e-05
390.0,489.1999816894531,390.0,159.2804718017578,339.31048583984375,408.4696960449219,6.21105355094187e-05
390.0,489.5600280761719,390.0,159.28150939941406,339.3102111816406,408.47314453125,6.211081199580804e-05
390.0,489.9200134277344,390.0,159.28248596191406,339.3099365234375,408.47412109375,6.211143045220524e-05
390.0,490.32000732421875,390.0,159.28363037109375,339.30963134765625,408.477783203125,6.211177242221311e-05
390.0,490.6800231933594,390.0,159.28457641601562,339.3093566894531,408.48126220703125,6.211196887306869e-05
390.0,491.0400085449219,390.0,159.2855682373047,339.30908203125,408.48223876953125,6.211260188138112e-05
390.0,491.44000244140625,390.0,159.28663635253906,339.30877685546875,408.48577880859375,6.211288564372808e-05
390.0,491.79998779296875,390.0,159.28756713867188,339.3085021972656,408.48675537109375,6.211347499629483e-05
390.0,492.20001220703125,390.0,159.2886199951172,339.3081970214844,408.49041748046875,6.211372965481132e-05
390.0,492.55999755859375,390.0,159.28955078125,339.30792236328125,408.49139404296875,6.211431173142046e-05
390.0,492.91998291015625,390.0,159.29049682617188,339.3076477050781,408.4949035644531,6.211450818227604e-05
390.0,493.3199768066406,390.0,159.29153442382812,339.3073425292969,408.4959716796875,6.211516301846132e-05
390.0,493.6799621582031,390.0,159.29248046875,339.30706787109375,408.4994201660156,6.211536674527451e-05
390.0,494.0799865722656,390.0,159.29351806640625,339.3067626953125,408.50054931640625,6.211601430550218e-05
390.0,494.4399719238281,390.0,159.29444885253906,339.3064880371094,408.5040283203125,6.211621075635776e-05
390.0,494.8000183105469,390.0,159.29539489746094,339.30621337890625,408.5050048828125,6.211680010892451e-05
390.0,495.20001220703125,390.0,159.2964324951172,339.305908203125,408.50860595703125,6.211706204339862e-05
390.0,495.5600280761719,390.0,159.29737854003906,339.3056335449219,408.5120849609375,6.211726577021182e-05
390.0,495.9200134277344,390.0,159.29830932617188,339.30535888671875,408.5130615234375,6.211784784682095e-05
390.0,496.32000732421875,390.0,159.2993621826172,339.3050537109375,408.51666259765625,6.211811705725268e-05
390.0,496.67999267578125,390.0,159.30029296875,339.3047790527344,408.51763916015625,6.211869913386181e-05
390.0,497.08001708984375,390.0,159.3013458251953,339.3044738769531,408.521240234375,6.211896834429353e-05
390.0,497.44000244140625,390.0,159.30227661132812,339.30419921875,408.52227783203125,6.211954314494506e-05
390.0,497.79998779296875,390.0,159.30322265625,339.3039245605469,408.5257568359375,6.211974687175825e-05
390.0,498.1999816894531,390.0,159.30426025390625,339.3036193847656,408.5268249511719,6.212039443198591e-05
390.0,498.55999755859375,390.0,159.30520629882812,339.3033447265625,408.53033447265625,6.21205908828415e-05
390.0,498.91998291015625,390.0,159.30613708496094,339.3030700683594,408.53131103515625,6.212117295945063e-05
390.0,499.3199768066406,390.0,159.3071746826172,339.3027648925781,408.534912109375,6.212144216988236e-05
390.0,499.6800231933594,390.0,159.30812072753906,339.302490234375,408.535888671875,6.212202424649149e-05
390.0,500.0799865722656,390.0,159.3091583251953,339.30218505859375,408.53948974609375,6.212229345692322e-05
390.0,500.4400329589844,390.0,159.3101043701172,339.3019104003906,408.54296875,6.212249718373641e-05
390.0,500.8000183105469,390.0,159.31103515625,339.3016357421875,408.5439453125,6.212307926034555e-05
390.0,501.20001220703125,390.0,159.3120880126953,339.30133056640625,408.5475769042969,6.212334119481966e-05
390.0,501.55999755859375,390.0,159.31301879882812,339.3010559082031,408.5485534667969,6.21239232714288e-05
390.0,501.9200134277344,390.0,159.31396484375,339.30078125,408.5520324707031,6.212412699824199e-05
390.0,502.32000732421875,390.0,159.31500244140625,339.30047607421875,408.5531005859375,6.212478183442727e-05
390.0,502.67999267578125,390.0,159.31594848632812,339.3002014160156,408.55657958984375,6.212498556124046e-05
390.0,503.08001708984375,390.0,159.31698608398438,339.2998962402344,408.5577392578125,6.21256185695529e-05
390.0,503.44000244140625,390.0,159.31793212890625,339.29962158203125,408.56121826171875,6.21258222963661e-05
390.0,503.79998779296875,390.0,159.31886291503906,339.2993469238281,408.56219482421875,6.212640437297523e-05
390.0,504.1999816894531,390.0,159.3199005126953,339.2990417480469,408.56573486328125,6.212668085936457e-05
390.0,504.5599670410156,390.0,159.3208465576172,339.29876708984375,408.5692138671875,6.212688458617777e-05
390.0,504.9599914550781,390.0,159.32188415527344,339.2984619140625,408.5703430175781,6.212752487044781e-05
390.0,505.3199768066406,390.0,159.3228302001953,339.2981872558594,408.5738525390625,6.21277213213034e-05
390.0,505.6800231933594,390.0,159.32376098632812,339.29791259765625,408.5748596191406,6.212830339791253e-05
390.0,506.08001708984375,390.0,159.32481384277344,339.297607421875,408.57843017578125,6.212857260834426e-05
390.0,506.44000244140625,390.0,159.32574462890625,339.2973327636719,408.57940673828125,6.212915468495339e-05
390.0,506.8000183105469,390.0,159.32669067382812,339.29705810546875,408.5828857421875,6.21293656877242e-05
390.0,507.20001220703125,390.0,159.32772827148438,339.2967529296875,408.583984375,6.213000597199425e-05
390.0,507.55999755859375,390.0,159.32867431640625,339.2964782714844,408.5874938964844,6.213020969880745e-05
390.0,507.96002197265625,390.0,159.3297119140625,339.2961730957031,408.588623046875,6.21308499830775e-05
390.0,508.32000732421875,390.0,159.33065795898438,339.2958984375,408.5921325683594,6.213104643393308e-05
390.0,508.67999267578125,390.0,159.33157348632812,339.2956237792969,408.5931091308594,6.21316212345846e-05
390.0,509.0799865722656,390.0,159.3325958251953,339.2953186035156,408.59661865234375,6.213189044501632e-05
390.0,509.4399719238281,390.0,159.33349609375,339.2950439453125,408.60015869140625,6.213204324012622e-05
390.0,509.79998779296875,390.0,159.33444213867188,339.2947692871094,408.60113525390625,6.213262531673536e-05
390.0,510.1999816894531,390.0,159.33541870117188,339.2944641113281,408.604736328125,6.213284359546378e-05
390.0,510.5600280761719,390.0,159.33636474609375,339.294189453125,408.60577392578125,6.213342567207292e-05
390.0,510.9599914550781,390.0,159.33734130859375,339.29388427734375,408.6092834472656,6.213365122675896e-05
390.0,511.3200378417969,390.0,159.33827209472656,339.2936096191406,408.6102600097656,6.213422602741048e-05
390.0,511.6800231933594,390.0,159.33914184570312,339.2933349609375,408.61376953125,6.213437882252038e-05
390.0,512.0800170898438,390.0,159.3401641845703,339.29302978515625,408.61492919921875,6.213499000295997e-05
390.0,512.4400024414062,390.0,159.341064453125,339.2927551269531,408.61834716796875,6.213518645381555e-05
390.0,512.7999877929688,390.0,159.34194946289062,339.29248046875,408.61932373046875,6.213571759872139e-05
390.0,513.2000122070312,390.0,159.34295654296875,339.29217529296875,408.6228942871094,6.213596498128027e-05
390.0,513.5599975585938,390.0,159.3438262939453,339.2919006347656,408.6264343261719,6.213610322447494e-05
390.0,513.9600219726562,390.0,159.34486389160156,339.2915954589844,408.6275634765625,6.213674350874498e-05
390.0,514.3200073242188,390.0,159.34573364257812,339.29132080078125,408.63104248046875,6.213688902789727e-05
390.0,514.6799926757812,390.0,159.34666442871094,339.2910461425781,408.63201904296875,6.21374711045064e-05
390.0,515.0800170898438,390.0,159.34764099121094,339.2907409667969,408.6356201171875,6.213768210727721e-05
390.0,515.4400024414062,390.0,159.3485565185547,339.29046630859375,408.6365966796875,6.213824963197112e-05
390.0,515.800048828125,390.0,159.34942626953125,339.2901916503906,408.6401672363281,6.213838787516579e-05
390.0,516.199951171875,390.0,159.35043334960938,339.2898864746094,408.6412353515625,6.213901360752061e-05
390.0,516.5599975585938,390.0,159.35133361816406,339.28961181640625,408.6446533203125,6.213918823050335e-05
390.0,516.9599609375,390.0,159.352294921875,339.289306640625,408.64581298828125,6.213977030711249e-05
390.0,517.3200073242188,390.0,159.3532257080078,339.2890319824219,408.6493225097656,6.213995220605284e-05
390.0,517.6799926757812,390.0,159.35409545898438,339.28875732421875,408.6528015136719,6.214009772520512e-05
390.0,518.0800170898438,390.0,159.35513305664062,339.2884521484375,408.65386962890625,6.21407525613904e-05
390.0,518.4400024414062,390.0,159.35598754882812,339.2881774902344,408.6573181152344,6.214089080458507e-05
390.0,518.8400268554688,390.0,159.35702514648438,339.2878723144531,408.658447265625,6.214153108885512e-05
390.0,519.2000122070312,390.0,159.35787963867188,339.28759765625,408.6619873046875,6.214165478013456e-05
390.0,519.5599975585938,390.0,159.3588104248047,339.2873229980469,408.6629638671875,6.21422368567437e-05
390.0,519.9600219726562,390.0,159.3597869873047,339.2870178222656,408.6664733886719,6.214246241142973e-05
390.0,520.3200073242188,390.0,159.3606719970703,339.2867431640625,408.6674499511719,6.21430081082508e-05
390.0,520.6799926757812,390.0,159.361572265625,339.2864685058594,408.67095947265625,6.214317545527592e-05
390.0,521.0799560546875,390.0,159.362548828125,339.2861633300781,408.6720886230469,6.214376480784267e-05
390.0,521.4400024414062,390.0,159.36346435546875,339.285888671875,408.67559814453125,6.214394670678303e-05
390.0,521.8399658203125,390.0,159.3644256591797,339.28558349609375,408.67913818359375,6.214415770955384e-05
390.0,522.2000122070312,390.0,159.36537170410156,339.2853088378906,408.68011474609375,6.214474706212059e-05
390.0,522.5599975585938,390.0,159.36622619628906,339.2850341796875,408.68359375,6.214487802935764e-05
390.0,522.9600219726562,390.0,159.3672637939453,339.28472900390625,408.68475341796875,6.214551831362769e-05
390.0,523.3200073242188,390.0,159.3681182861328,339.2844543457031,408.68829345703125,6.214563472894952e-05
390.0,523.6799926757812,390.0,159.36904907226562,339.2841796875,408.68927001953125,6.214622408151627e-05
390.0,524.0800170898438,390.0,159.37001037597656,339.28387451171875,408.6927795410156,6.214643508428708e-05
390.0,524.4400024414062,390.0,159.37091064453125,339.2835998535156,408.69378662109375,6.214698805706576e-05
390.0,524.8400268554688,390.0,159.3719024658203,339.2832946777344,408.6973876953125,6.214720633579418e-05
390.0,525.2000122070312,390.0,159.37277221679688,339.28302001953125,408.6983947753906,6.214773748070002e-05
390.0,525.5599975585938,390.0,159.37368774414062,339.2827453613281,408.7019348144531,6.214791210368276e-05
390.0,525.9599609375,390.0,159.37464904785156,339.2824401855469,408.70550537109375,6.214812310645357e-05
390.0,526.3200073242188,390.0,159.37559509277344,339.28216552734375,408.70648193359375,6.21487051830627e-05
390.0,526.6800537109375,390.0,159.37644958496094,339.2818908691406,408.71002197265625,6.214883615029976e-05
390.0,527.0799560546875,390.0,159.3774871826172,339.2815856933594,408.7110900878906,6.214948371052742e-05
390.0,527.4400024414062,390.0,159.37835693359375,339.28131103515625,408.71453857421875,6.21496292296797e-05
390.0,527.8399658203125,390.0,159.37937927246094,339.281005859375,408.7156677246094,6.215026223799214e-05
390.0,528.2000122070312,390.0,159.3802490234375,339.2807312011719,408.7191467285156,6.215040775714442e-05
390.0,528.5599975585938,390.0,159.3811492919922,339.28045654296875,408.72015380859375,6.215096800588071e-05
390.0,528.9600219726562,390.0,159.38214111328125,339.2801513671875,408.7237548828125,6.215118628460914e-05
390.0,529.3200073242188,390.0,159.38302612304688,339.2798767089844,408.7247314453125,6.21517319814302e-05
390.0,529.7200317382812,390.0,159.384033203125,339.2795715332031,408.72833251953125,6.215196481207386e-05
390.0,530.0800170898438,390.0,159.3848876953125,339.279296875,408.7318115234375,6.215211033122614e-05
390.0,530.4400024414062,390.0,159.38583374023438,339.2790222167969,408.7327880859375,6.215269240783527e-05
390.0,530.8400268554688,390.0,159.38677978515625,339.2787170410156,408.73638916015625,6.215288885869086e-05
390.0,531.2000122070312,390.0,159.38772583007812,339.2784423828125,408.73736572265625,6.215347093529999e-05
390.0,531.5599975585938,390.0,159.38858032226562,339.2781677246094,408.7408447265625,6.215361645445228e-05
390.0,531.9599609375,390.0,159.38961791992188,339.2778625488281,408.7419738769531,6.215424946276471e-05
390.0,532.3199462890625,390.0,159.39047241210938,339.277587890625,408.7455139160156,6.215438043000177e-05
390.0,532.719970703125,390.0,159.39149475097656,339.27728271484375,408.74658203125,6.215500616235659e-05
390.0,533.0800170898438,390.0,159.3923797607422,339.2770080566406,408.75006103515625,6.215517350938171e-05
390.0,533.4400024414062,390.0,159.39328002929688,339.2767333984375,408.75103759765625,6.215572648216039e-05
390.0,533.8400268554688,390.0,159.39427185058594,339.27642822265625,408.754638671875,6.215595931280404e-05
390.0,534.2000122070312,390.0,159.3951416015625,339.2761535644531,408.7581481933594,6.215609755599871e-05
390.0,534.5599975585938,390.0,159.39608764648438,339.27587890625,408.7591552734375,6.215667963260785e-05
390.0,534.9600219726562,390.0,159.3970489501953,339.27557373046875,408.76275634765625,6.215689063537866e-05
390.0,535.3200073242188,390.0,159.3979949951172,339.2752990722656,408.76373291015625,6.215746543603018e-05
390.0,535.7200317382812,390.0,159.39894104003906,339.2749938964844,408.76727294921875,6.215767643880099e-05
390.0,536.0800170898438,390.0,159.39988708496094,339.27471923828125,408.76824951171875,6.215825851541013e-05
390.0,536.4400024414062,390.0,159.40074157714844,339.2744445800781,408.77178955078125,6.21583967586048e-05
390.0,536.8399658203125,390.0,159.40176391601562,339.2741394042969,408.77294921875,6.215900793904439e-05
390.0,537.199951171875,390.0,159.40264892578125,339.27386474609375,408.7763977050781,6.215918256202713e-05
390.0,537.5599975585938,390.0,159.40354919433594,339.2735900878906,408.7773742675781,6.215972825884819e-05
390.0,537.9599609375,390.0,159.40455627441406,339.2732849121094,408.7809753417969,6.215996836544946e-05
390.0,538.3200073242188,390.0,159.40542602539062,339.27301025390625,408.7844543457031,6.216011388460174e-05
390.0,538.719970703125,390.0,159.40646362304688,339.272705078125,408.7856140136719,6.216075416887179e-05
390.0,539.0800170898438,390.0,159.40733337402344,339.2724304199219,408.7890625,6.216089968802407e-05
390.0,539.4400024414062,390.0,159.40826416015625,339.27215576171875,408.7900390625,6.216148904059082e-05
390.0,539.8400268554688,390.0,159.4092254638672,339.2718505859375,408.79364013671875,6.21616854914464e-05
390.0,540.2000122070312,390.0,159.41015625,339.2715759277344,408.79461669921875,6.216226756805554e-05
390.0,540.6000366210938,390.0,159.4111328125,339.2712707519531,408.79827880859375,6.216246401891112e-05
390.0,540.9600219726562,390.0,159.41204833984375,339.27099609375,408.79925537109375,6.216302426764742e-05
390.0,541.3200073242188,390.0,159.41293334960938,339.2707214355469,408.8027038574219,6.216319889063016e-05
390.0,541.719970703125,390.0,159.41390991210938,339.2704162597656,408.80377197265625,6.21637882431969e-05
390.0,542.0800170898438,390.0,159.41482543945312,339.2701416015625,408.80731201171875,6.216397014213726e-05
390.0,542.4400024414062,390.0,159.4156951904297,339.2698669433594,408.81085205078125,6.216410838533193e-05
390.0,542.8399658203125,390.0,159.41673278808594,339.2695617675781,408.81195068359375,6.216475594555959e-05
390.0,543.199951171875,390.0,159.4176025390625,339.269287109375,408.8154296875,6.216490146471187e-05
390.0,543.5999755859375,390.0,159.41864013671875,339.26898193359375,408.8165283203125,6.216554902493954e-05
390.0,543.9600219726562,390.0,159.4195098876953,339.2687072753906,408.82000732421875,6.216569454409182e-05
390.0,544.3200073242188,390.0,159.42042541503906,339.2684326171875,408.8210144042969,6.216626206878573e-05
390.0,544.7200317382812,390.0,159.42140197753906,339.26812744140625,408.8245544433594,6.216647307155654e-05
390.0,545.0800170898438,390.0,159.42230224609375,339.2678527832031,408.8255310058594,6.216704059625044e-05
390.0,545.4400024414062,390.0,159.42320251464844,339.267578125,408.82904052734375,6.216720066731796e-05
390.0,545.8400268554688,390.0,159.42417907714844,339.26727294921875,408.8302001953125,6.21677900198847e-05
390.0,546.2000122070312,390.0,159.42510986328125,339.2669982910156,408.83367919921875,6.216797919478267e-05
390.0,546.6000366210938,390.0,159.4260711669922,339.2666931152344,408.83721923828125,6.21681974735111e-05
390.0,546.9600219726562,390.0,159.42701721191406,339.26641845703125,408.8382263183594,6.216877955012023e-05
390.0,547.3200073242188,390.0,159.42788696289062,339.2661437988281,408.84173583984375,6.21689177933149e-05
390.0,547.719970703125,390.0,159.42892456054688,339.2658386230469,408.8428649902344,6.216955807758495e-05
390.0,548.0799560546875,390.0,159.42979431152344,339.26556396484375,408.8463439941406,6.216970359673724e-05
390.0,548.4400024414062,390.0,159.4307098388672,339.2652893066406,408.84735107421875,6.217027112143114e-05
390.0,548.8399658203125,390.0,159.43170166015625,339.2649841308594,408.85089111328125,6.21705039520748e-05
390.0,549.2000122070312,390.0,159.43258666992188,339.26470947265625,408.85186767578125,6.217104964889586e-05
390.0,549.5999755859375,390.0,159.43360900878906,339.264404296875,408.85552978515625,6.217128247953951e-05
390.0,549.9600219726562,390.0,159.43446350097656,339.2641296386719,408.85650634765625,6.217180634848773e-05
390.0,550.3200073242188,390.0,159.43539428710938,339.26385498046875,408.8599853515625,6.217200279934332e-05
390.0,550.7200317382812,390.0,159.43637084960938,339.2635498046875,408.8635559082031,6.217222835402936e-05
390.0,551.0800170898438,390.0,159.43731689453125,339.2632751464844,408.8646240234375,6.217279587872326e-05
390.0,551.4400024414062,390.0,159.43817138671875,339.26300048828125,408.86810302734375,6.217294139787555e-05
390.0,551.8400268554688,390.0,159.43922424316406,339.2626953125,408.8691711425781,6.217358895810321e-05
390.0,552.2000122070312,390.0,159.44007873535156,339.2624206542969,408.8726806640625,6.21737344772555e-05
390.0,552.5999755859375,390.0,159.44110107421875,339.2621154785156,408.8738098144531,6.21743529336527e-05
390.0,552.9599609375,390.0,159.44198608398438,339.2618408203125,408.8773193359375,6.217452028067783e-05
390.0,553.3200073242188,390.0,159.44288635253906,339.2615661621094,408.8782958984375,6.217506597749889e-05
390.0,553.719970703125,390.0,159.4438934326172,339.2612609863281,408.8818359375,6.217531336005777e-05
390.0,554.0799560546875,390.0,159.44476318359375,339.260986328125,408.88531494140625,6.217545887921005e-05
390.0,554.47998046875,390.0,159.44580078125,339.26068115234375,408.886474609375,6.21760991634801e-05
390.0,554.8400268554688,390.0,159.44668579101562,339.2604064941406,408.88995361328125,6.217625195859e-05
390.0,555.2000122070312,390.0,159.4476318359375,339.2601318359375,408.89093017578125,6.217684131115675e-05
390.0,555.6000366210938,390.0,159.44859313964844,339.25982666015625,408.89453125,6.217704503796995e-05
390.0,555.9600219726562,390.0,159.44952392578125,339.2595520019531,408.8955078125,6.217761983862147e-05
390.0,556.3200073242188,390.0,159.4503936767578,339.25927734375,408.89898681640625,6.217777263373137e-05
390.0,556.7200317382812,390.0,159.45140075683594,339.25897216796875,408.900146484375,6.217837653821334e-05
390.0,557.0800170898438,390.0,159.45230102539062,339.2586975097656,408.90362548828125,6.21785584371537e-05
390.0,557.47998046875,390.0,159.45327758789062,339.2583923339844,408.9072265625,6.21787621639669e-05
390.0,557.8400268554688,390.0,159.45420837402344,339.25811767578125,408.908203125,6.217935151653364e-05
390.0,558.2000122070312,390.0,159.45509338378906,339.2578430175781,408.9116516113281,6.217951158760116e-05
390.0,558.5999755859375,390.0,159.4561309814453,339.2575378417969,408.91278076171875,6.21801518718712e-05
390.0,558.9599609375,390.0,159.45700073242188,339.25726318359375,408.91632080078125,6.218029011506587e-05
390.0,559.3199462890625,390.0,159.4579315185547,339.2569885253906,408.91729736328125,6.218087219167501e-05
390.0,559.719970703125,390.0,159.45892333984375,339.2566833496094,408.9208984375,6.218109047040343e-05
390.0,560.0800170898438,390.0,159.4598388671875,339.25640869140625,408.921875,6.218166527105495e-05
390.0,560.47998046875,390.0,159.46084594726562,339.25628662109375,408.92474365234375,6.218200724106282e-05
390.0,560.8400268554688,390.0,159.46165466308594,339.25628662109375,408.92474365234375,6.218263297341764e-05
390.0,561.2000122070312,390.0,159.4624481201172,339.25628662109375,408.92474365234375,6.218325870577246e-05
390.0,561.6000366210938,390.0,159.46334838867188,339.25628662109375,408.92474365234375,6.218395719770342e-05
390.0,561.9600219726562,390.0,159.46412658691406,339.25628662109375,408.92474365234375,6.21845611021854e-05
390.0,562.3200073242188,390.0,159.4647979736328,339.25628662109375,408.92474365234375,6.218508497113362e-05
390.0,562.7200317382812,390.0,159.4655303955078,339.25628662109375,408.92474365234375,6.218566704774275e-05
390.0,563.0800170898438,390.0,159.46620178222656,339.25628662109375,408.92474365234375,6.218618364073336e-05
390.0,563.47998046875,390.0,159.46694946289062,339.25628662109375,408.92474365234375,6.218677299330011e-05
390.0,563.8399658203125,390.0,159.4674835205078,339.25628662109375,408.92474365234375,6.218718772288412e-05
390.0,564.199951171875,390.0,159.468017578125,339.25628662109375,408.92474365234375,6.218760972842574e-05
390.0,564.5999755859375,390.0,159.4686279296875,339.25628662109375,408.92474365234375,6.218807538971305e-05
390.0,564.9599609375,390.0,159.4691619873047,339.25628662109375,408.92474365234375,6.218849011929706e-05
390.0,565.3599853515625,390.0,159.46975708007812,339.25628662109375,408.92474365234375,6.218895578058437e-05
390.0,565.719970703125,390.0,159.47023010253906,339.25628662109375,408.92474365234375,6.218932685442269e-05
390.0,566.0800170898438,390.0,159.4706268310547,339.25628662109375,408.92474365234375,6.21896397206001e-05
390.0,566.4800415039062,390.0,159.47108459472656,339.25628662109375,408.92474365234375,6.218998896656558e-05
390.0,566.8400268554688,390.0,159.4714813232422,339.25628662109375,408.92474365234375,6.219030183274299e-05
390.0,567.2000122070312,390.0,159.4718780517578,339.25628662109375,408.92474365234375,6.219062197487801e-05
390.0,567.6000366210938,390.0,159.4723358154297,339.25628662109375,408.92474365234375,6.219096394488588e-05
390.0,567.9600219726562,390.0,159.4727325439453,339.25628662109375,408.92474365234375,6.219127681106329e-05
390.0,568.3599853515625,390.0,159.47312927246094,339.25628662109375,408.92474365234375,6.219159695319831e-05
390.0,568.719970703125,390.0,159.47340393066406,339.25628662109375,408.92474365234375,6.219180068001151e-05
390.0,569.0800170898438,390.0,159.4736785888672,339.25628662109375,408.92474365234375,6.219201168278232e-05
390.0,569.47998046875,390.0,159.47396850585938,339.25628662109375,408.92474365234375,6.219224451342598e-05
390.0,569.8399658203125,390.0,159.4742431640625,339.25628662109375,408.92474365234375,6.219245551619679e-05
390.0,570.199951171875,390.0,159.47450256347656,339.25628662109375,408.92474365234375,6.21926665189676e-05
390.0,570.5999755859375,390.0,159.4748077392578,339.25628662109375,408.92474365234375,6.219289934961125e-05
390.0,570.9600219726562,390.0,159.47506713867188,339.25628662109375,408.92474365234375,6.219310307642445e-05
390.0,571.3599853515625,390.0,159.47537231445312,339.25628662109375,408.92474365234375,6.21933359070681e-05
390.0,571.7200317382812,390.0,159.47564697265625,339.25628662109375,408.92474365234375,6.219354690983891e-05
390.0,572.0800170898438,390.0,159.4759063720703,339.25628662109375,408.92474365234375,6.219375063665211e-05
390.0,572.4800415039062,390.0,159.4761505126953,339.25628662109375,408.92474365234375,6.219393981155008e-05
390.0,572.8400268554688,390.0,159.47628784179688,339.25628662109375,408.92474365234375,6.219404167495668e-05
390.0,573.2000122070312,390.0,159.47640991210938,339.25628662109375,408.92474365234375,6.219415081432089e-05
390.0,573.5999755859375,390.0,159.4765625,339.25628662109375,408.92474365234375,6.219426722964272e-05
390.0,573.9600219726562,390.0,159.47669982910156,339.25628662109375,408.92474365234375,6.219436909304932e-05
390.0,574.3599853515625,390.0,159.4768524169922,339.25628662109375,408.92474365234375,6.219448550837114e-05
390.0,574.719970703125,390.0,159.4769744873047,339.25628662109375,408.92474365234375,6.219458737177774e-05
390.0,575.0799560546875,390.0,159.47711181640625,339.25628662109375,408.92474365234375,6.219469651114196e-05
390.0,575.47998046875,390.0,159.47726440429688,339.25628662109375,408.92474365234375,6.219481292646378e-05
390.0,575.8399658203125,390.0,159.47740173339844,339.25628662109375,408.92474365234375,6.2194922065828e-05
390.0,576.239990234375,390.0,159.47755432128906,339.25628662109375,408.92474365234375,6.219503120519221e-05
390.0,576.5999755859375,390.0,159.47767639160156,339.25628662109375,408.92474365234375,6.219514034455642e-05
390.0,576.9600219726562,390.0,159.47781372070312,339.25628662109375,408.92474365234375,6.219524220796302e-05
390.0,577.3600463867188,390.0,159.47796630859375,339.25628662109375,408.92474365234375,6.219535862328485e-05
390.0,577.7200317382812,390.0,159.4781036376953,339.25628662109375,408.92474365234375,6.219546776264906e-05
390.0,578.0800170898438,390.0,159.4782257080078,339.25628662109375,408.92474365234375,6.219556235009804e-05
390.0,578.4800415039062,390.0,159.47837829589844,339.25628662109375,408.92474365234375,6.219568604137748e-05
390.0,578.8400268554688,390.0,159.478515625,339.25628662109375,408.92474365234375,6.219578790478408e-05
390.0,579.239990234375,390.0,159.47866821289062,339.25628662109375,408.92474365234375,6.219590432010591e-05
390.0,579.5999755859375,390.0,159.4788055419922,339.25628662109375,408.92474365234375,6.219600618351251e-05
390.0,579.9599609375,390.0,159.4789276123047,339.25628662109375,408.92474365234375,6.219611532287672e-05
390.0,580.3599853515625,390.0,159.4790802001953,339.25628662109375,408.92474365234375,6.219623173819855e-05
390.0,580.719970703125,390.0,159.47914123535156,339.25628662109375,408.92474365234375,6.219627539394423e-05
390.0,581.0799560546875,390.0,159.47914123535156,339.25628662109375,408.92474365234375,6.219627539394423e-05
390.0,581.47998046875,390.0,159.47914123535156,339.25628662109375,408.92474365234375,6.219627539394423e-05
390.0,581.8400268554688,390.0,159.47914123535156,339.25628662109375,408.92474365234375,6.219627539394423e-05
390.0,582.239990234375,390.0,159.47914123535156,339.25628662109375,408.92474365234375,6.219627539394423e-05
390.0,582.6000366210938,390.0,159.47914123535156,339.25628662109375,408.92474365234375,6.219627539394423e-05
390.0,582.9600219726562,390.0,159.47914123535156,339.25628662109375,408.92474365234375,6.219627539394423e-05
390.0,583.3600463867188,390.0,159.47914123535156,339.25628662109375,408.92474365234375,6.219627539394423e-05
390.0,583.7200317382812,390.0,159.47914123535156,339.25628662109375,408.92474365234375,6.219627539394423e-05
390.0,584.0800170898438,390.0,159.47914123535156,339.25628662109375,408.92474365234375,6.219627539394423e-05
390.0,584.47998046875,390.0,159.47914123535156,339.25628662109375,408.92474365234375,6.219627539394423e-05
390.0,584.8399658203125,390.0,159.47914123535156,339.25628662109375,408.92474365234375,6.219627539394423e-05
390.0,585.239990234375,390.0,159.47914123535156,339.25628662109375,408.92474365234375,6.219627539394423e-05
390.0,585.5999755859375,390.0,159.47914123535156,339.25628662109375,408.92474365234375,6.219627539394423e-05
390.0,585.9599609375,390.0,159.47914123535156,339.25628662109375,408.92474365234375,6.219627539394423e-05
390.0,586.3599853515625,390.0,159.47914123535156,339.25628662109375,408.92474365234375,6.219627539394423e-05
390.0,586.719970703125,390.0,159.47914123535156,339.25628662109375,408.92474365234375,6.219627539394423e-05
390.0,587.0800170898438,390.0,159.47914123535156,339.25628662109375,408.92474365234375,6.219627539394423e-05
390.0,587.47998046875,390.0,159.47914123535156,339.25628662109375,408.92474365234375,6.219627539394423e-05
390.0,587.8400268554688,390.0,159.47914123535156,339.25628662109375,408.92474365234375,6.219627539394423e-05
390.0,588.2400512695312,390.0,159.47914123535156,339.25628662109375,408.92474365234375,6.219627539394423e-05
390.0,588.6000366210938,390.0,159.47914123535156,339.25628662109375,408.92474365234375,6.219627539394423e-05
390.0,588.9600219726562,390.0,159.47914123535156,339.25628662109375,408.92474365234375,6.219627539394423e-05
390.0,589.3599853515625,390.0,159.47914123535156,339.25628662109375,408.92474365234375,6.219627539394423e-05
390.0,589.7200317382812,390.0,159.47914123535156,339.25628662109375,408.92474365234375,6.219627539394423e-05
390.0,590.1199951171875,390.0,159.47914123535156,339.25628662109375,408.92474365234375,6.219627539394423e-05
390.0,590.47998046875,390.0,159.47914123535156,339.25628662109375,408.92474365234375,6.219627539394423e-05
390.0,590.8399658203125,390.0,159.47914123535156,339.25628662109375,408.92474365234375,6.219627539394423e-05
390.0,591.239990234375,390.0,159.47914123535156,339.25628662109375,408.92474365234375,6.219627539394423e-05
390.0,591.5999755859375,390.0,159.47914123535156,339.25628662109375,408.92474365234375,6.219627539394423e-05
390.0,591.9599609375,390.0,159.47914123535156,339.25628662109375,408.92474365234375,6.219627539394423e-05
390.0,592.3599853515625,390.0,159.47914123535156,339.25628662109375,408.92474365234375,6.219627539394423e-05
390.0,592.7200317382812,390.0,159.47914123535156,339.25628662109375,408.92474365234375,6.219627539394423e-05
390.0,593.1199951171875,390.0,159.47914123535156,339.25628662109375,408.92474365234375,6.219627539394423e-05
390.0,593.4800415039062,390.0,159.47914123535156,339.25628662109375,408.92474365234375,6.219627539394423e-05
390.0,593.8400268554688,390.0,159.47914123535156,339.25628662109375,408.92474365234375,6.219627539394423e-05
390.0,594.239990234375,390.0,159.47914123535156,339.25628662109375,408.92474365234375,6.219627539394423e-05
390.0,594.6000366210938,390.0,159.47914123535156,339.25628662109375,408.92474365234375,6.219627539394423e-05
390.0,594.9600219726562,390.0,159.47914123535156,339.25628662109375,408.92474365234375,6.219627539394423e-05
390.0,595.3599853515625,390.0,159.47914123535156,339.25628662109375,408.92474365234375,6.219627539394423e-05
390.0,595.719970703125,390.0,159.47914123535156,339.25628662109375,408.92474365234375,6.219627539394423e-05
390.0,596.1199951171875,390.0,159.47914123535156,339.25628662109375,408.92474365234375,6.219627539394423e-05
390.0,596.47998046875,390.0,159.47914123535156,339.25628662109375,408.92474365234375,6.219627539394423e-05
390.0,596.8399658203125,390.0,159.47914123535156,339.25628662109375,408.92474365234375,6.219627539394423e-05
390.0,597.239990234375,390.0,159.47914123535156,339.25628662109375,408.92474365234375,6.219627539394423e-05
390.0,597.5999755859375,390.0,159.47914123535156,339.25628662109375,408.92474365234375,6.219627539394423e-05
390.0,597.9600219726562,390.0,159.47914123535156,339.25628662109375,408.92474365234375,6.219627539394423e-05
390.0,598.3599853515625,390.0,159.47914123535156,339.25628662109375,408.92474365234375,6.219627539394423e-05
390.0,598.7200317382812,390.0,159.47914123535156,339.25628662109375,408.92474365234375,6.219627539394423e-05
390.0,599.1200561523438,390.0,159.47914123535156,339.25628662109375,408.92474365234375,6.219627539394423e-05
390.0,599.4800415039062,390.0,159.47914123535156,339.25628662109375,408.92474365234375,6.219627539394423e-05
390.0,599.8400268554688,390.0,159.47914123535156,339.25628662109375,408.92474365234375,6.219627539394423e-05
390.0,600.239990234375,390.0,159.47914123535156,339.25628662109375,408.92474365234375,6.219627539394423e-05
390.0,600.5999755859375,390.0,159.47914123535156,339.25628662109375,408.92474365234375,6.219627539394423e-05
390.0,601.0,390.0,159.47914123535156,339.25628662109375,408.92474365234375,6.219627539394423e-05
390.0,601.3599853515625,390.0,159.47914123535156,339.25628662109375,408.92474365234375,6.219627539394423e-05
390.0,601.719970703125,390.0,159.47914123535156,339.25628662109375,408.92474365234375,6.219627539394423e-05
390.0,602.1199951171875,390.0,159.47914123535156,339.25628662109375,408.92474365234375,6.219627539394423e-05
390.0,602.47998046875,390.0,159.47914123535156,339.25628662109375,408.92474365234375,6.219627539394423e-05
390.0,602.8399658203125,390.0,159.47914123535156,339.25628662109375,408.92474365234375,6.219627539394423e-05
390.0,603.239990234375,390.0,159.47914123535156,339.25628662109375,408.92474365234375,6.219627539394423e-05
390.0,603.5999755859375,390.0,159.47914123535156,339.25628662109375,408.92474365234375,6.219627539394423e-05
390.0,604.0,390.0,159.47914123535156,339.25628662109375,408.92474365234375,6.219627539394423e-05
390.0,604.3600463867188,390.0,159.47914123535156,339.25628662109375,408.92474365234375,6.219627539394423e-05
390.0,604.7200317382812,390.0,159.47914123535156,339.25628662109375,408.92474365234375,6.219627539394423e-05
390.0,605.1199951171875,390.0,159.47914123535156,339.25628662109375,408.92474365234375,6.219627539394423e-05
390.0,605.4800415039062,390.0,159.47914123535156,339.25628662109375,408.92474365234375,6.219627539394423e-05
390.0,605.8400268554688,390.0,159.47914123535156,339.25628662109375,408.92474365234375,6.219627539394423e-05
390.0,606.239990234375,390.0,159.47914123535156,339.25628662109375,408.92474365234375,6.219627539394423e-05
390.0,606.5999755859375,390.0,159.47914123535156,339.25628662109375,408.92474365234375,6.219627539394423e-05
390.0,607.0,390.0,159.47914123535156,339.25628662109375,408.92474365234375,6.219627539394423e-05
390.0,607.3599853515625,390.0,159.47914123535156,339.25628662109375,408.92474365234375,6.219627539394423e-05
390.0,607.719970703125,390.0,159.47914123535156,339.25628662109375,408.92474365234375,6.219627539394423e-05
390.0,608.1199951171875,390.0,159.47914123535156,339.25628662109375,408.92474365234375,6.219627539394423e-05
390.0,608.47998046875,390.0,159.47914123535156,339.25628662109375,408.92474365234375,6.219627539394423e-05
390.0,608.8400268554688,390.0,159.47914123535156,339.25628662109375,408.92474365234375,6.219627539394423e-05
390.0,609.239990234375,390.0,159.47914123535156,339.25628662109375,408.92474365234375,6.219627539394423e-05
390.0,609.6000366210938,390.0,159.47914123535156,339.25628662109375,408.92474365234375,6.219627539394423e-05
390.0,610.0,390.0,159.47914123535156,339.25628662109375,408.92474365234375,6.219627539394423e-05
390.0,610.3600463867188,390.0,159.47914123535156,339.25628662109375,408.92474365234375,6.219627539394423e-05
390.0,610.7200317382812,390.0,159.47914123535156,339.25628662109375,408.92474365234375,6.219627539394423e-05
390.0,611.1199951171875,390.0,159.47914123535156,339.25628662109375,408.92474365234375,6.219627539394423e-05
390.0,611.47998046875,390.0,159.47914123535156,339.25628662109375,408.92474365234375,6.219627539394423e-05
390.0,611.8399658203125,390.0,159.47914123535156,339.25628662109375,408.92474365234375,6.219627539394423e-05
390.0,612.239990234375,390.0,159.47914123535156,339.25628662109375,408.92474365234375,6.219627539394423e-05
390.0,612.5999755859375,390.0,159.47914123535156,339.25628662109375,408.92474365234375,6.219627539394423e-05
390.0,613.0,390.0,159.47914123535156,339.25628662109375,408.92474365234375,6.219627539394423e-05
390.0,613.3599853515625,390.0,159.47914123535156,339.25628662109375,408.92474365234375,6.219627539394423e-05
390.0,613.719970703125,390.0,159.47914123535156,339.25628662109375,408.92474365234375,6.219627539394423e-05
390.0,614.1199951171875,390.0,159.47914123535156,339.25628662109375,408.92474365234375,6.219627539394423e-05
390.0,614.47998046875,390.0,159.47914123535156,339.25628662109375,408.92474365234375,6.219627539394423e-05
390.0,614.8800048828125,390.0,159.47914123535156,339.25628662109375,408.92474365234375,6.219627539394423e-05
390.0,615.2400512695312,390.0,159.47914123535156,339.25628662109375,408.92474365234375,6.219627539394423e-05
390.0,615.6000366210938,390.0,159.47914123535156,339.25628662109375,408.92474365234375,6.219627539394423e-05
390.0,616.0,390.0,159.47914123535156,339.25628662109375,408.92474365234375,6.219627539394423e-05
390.0,616.3599853515625,390.0,159.47914123535156,339.25628662109375,408.92474365234375,6.219627539394423e-05
390.0,616.7200317382812,390.0,159.47914123535156,339.25628662109375,408.92474365234375,6.219627539394423e-05
390.0,617.1199951171875,390.0,159.47914123535156,339.25628662109375,408.92474365234375,6.219627539394423e-05
390.0,617.47998046875,390.0,159.47914123535156,339.25628662109375,408.92474365234375,6.219627539394423e-05
390.0,617.8800048828125,390.0,159.47914123535156,339.25628662109375,408.92474365234375,6.219627539394423e-05
390.0,618.239990234375,390.0,159.47914123535156,339.25628662109375,408.92474365234375,6.219627539394423e-05
390.0,618.5999755859375,390.0,159.47914123535156,339.25628662109375,408.92474365234375,6.219627539394423e-05
390.0,619.0,390.0,159.47914123535156,339.25628662109375,408.92474365234375,6.219627539394423e-05
390.0,619.3599853515625,390.0,159.47914123535156,339.25628662109375,408.92474365234375,6.219627539394423e-05
390.0,619.7200317382812,390.0,159.47914123535156,339.25628662109375,408.92474365234375,6.219627539394423e-05
390.0,620.1199951171875,390.0,159.47914123535156,339.25628662109375,408.92474365234375,6.219627539394423e-05
390.0,620.4800415039062,390.0,159.47914123535156,339.25628662109375,408.92474365234375,6.219627539394423e-05
390.0,620.8799438476562,390.0,159.47914123535156,339.25628662109375,408.92474365234375,6.219627539394423e-05
390.0,621.239990234375,390.0,159.47914123535156,339.25628662109375,408.92474365234375,6.219627539394423e-05
390.0,621.6000366210938,390.0,159.47914123535156,339.25628662109375,408.92474365234375,6.219627539394423e-05
390.0,622.0,390.0,159.47914123535156,339.25628662109375,408.92474365234375,6.219627539394423e-05
390.0,622.3599853515625,390.0,159.47914123535156,339.25628662109375,408.92474365234375,6.219627539394423e-05
390.0,622.719970703125,390.0,159.47914123535156,339.25628662109375,408.92474365234375,6.219627539394423e-05
390.0,623.1199951171875,390.0,159.47914123535156,339.25628662109375,408.92474365234375,6.219627539394423e-05
390.0,623.47998046875,390.0,159.47914123535156,339.25628662109375,408.92474365234375,6.219627539394423e-05
390.0,623.8800048828125,390.0,159.47914123535156,339.25628662109375,408.92474365234375,6.219627539394423e-05
390.0,624.239990234375,390.0,159.47914123535156,339.25628662109375,408.92474365234375,6.219627539394423e-05
390.0,624.5999755859375,390.0,159.47914123535156,339.25628662109375,408.92474365234375,6.219627539394423e-05
390.0,625.0,390.0,159.47914123535156,339.25628662109375,408.92474365234375,6.219627539394423e-05
390.0,625.3599853515625,390.0,159.47914123535156,339.25628662109375,408.92474365234375,6.219627539394423e-05
390.0,625.760009765625,390.0,159.47914123535156,339.25628662109375,408.92474365234375,6.219627539394423e-05
390.0,626.1200561523438,390.0,159.47914123535156,339.25628662109375,408.92474365234375,6.219627539394423e-05
390.0,626.4800415039062,390.0,159.47914123535156,339.25628662109375,408.92474365234375,6.219627539394423e-05
390.0,626.8800048828125,390.0,159.47914123535156,339.25628662109375,408.92474365234375,6.219627539394423e-05
390.0,627.239990234375,390.0,159.47914123535156,339.25628662109375,408.92474365234375,6.219627539394423e-05
390.0,627.5999755859375,390.0,159.47914123535156,339.25628662109375,408.92474365234375,6.219627539394423e-05
390.0,628.0,390.0,159.47914123535156,339.25628662109375,408.92474365234375,6.219627539394423e-05
390.0,628.3599853515625,390.0,159.47914123535156,339.25628662109375,408.92474365234375,6.219627539394423e-05
390.0,628.760009765625,390.0,159.47914123535156,339.25628662109375,408.92474365234375,6.219627539394423e-05
390.0,629.1199951171875,390.0,159.47914123535156,339.25628662109375,408.92474365234375,6.219627539394423e-05
390.0,629.47998046875,390.0,159.47914123535156,339.25628662109375,408.92474365234375,6.219627539394423e-05
390.0,629.8800048828125,390.0,159.47914123535156,339.25628662109375,408.92474365234375,6.219627539394423e-05
390.0,630.239990234375,390.0,159.47914123535156,339.25628662109375,408.92474365234375,6.219627539394423e-05
390.0,630.6000366210938,390.0,159.47914123535156,339.25628662109375,408.92474365234375,6.219627539394423e-05
390.0,631.0,390.0,159.47914123535156,339.25628662109375,408.92474365234375,6.219627539394423e-05
390.0,631.3600463867188,390.0,159.47914123535156,339.25628662109375,408.92474365234375,6.219627539394423e-05
390.0,631.7599487304688,390.0,159.47914123535156,339.25628662109375,408.92474365234375,6.219627539394423e-05
390.0,632.1199951171875,390.0,159.47914123535156,339.25628662109375,408.92474365234375,6.219627539394423e-05
390.0,632.47998046875,390.0,159.47914123535156,339.25628662109375,408.92474365234375,6.219627539394423e-05
390.0,632.8800048828125,390.0,159.47914123535156,339.25628662109375,408.92474365234375,6.219627539394423e-05
390.0,633.239990234375,390.0,159.47914123535156,339.25628662109375,408.92474365234375,6.219627539394423e-05
390.0,633.5999755859375,390.0,159.47914123535156,339.25628662109375,408.92474365234375,6.219627539394423e-05
390.0,634.0,390.0,159.47914123535156,339.25628662109375,408.92474365234375,6.219627539394423e-05
390.0,634.3599853515625,390.0,159.47914123535156,339.25628662109375,408.92474365234375,6.219627539394423e-05
390.0,634.760009765625,390.0,159.47914123535156,339.25628662109375,408.92474365234375,6.219627539394423e-05
390.0,635.1199951171875,390.0,159.47914123535156,339.25628662109375,408.92474365234375,6.219627539394423e-05
390.0,635.47998046875,390.0,159.47914123535156,339.25628662109375,408.92474365234375,6.219627539394423e-05
390.0,635.8800048828125,390.0,159.47914123535156,339.25628662109375,408.92474365234375,6.219627539394423e-05
390.0,636.239990234375,390.0,159.47914123535156,339.25628662109375,408.92474365234375,6.219627539394423e-05
390.0,636.6399536132812,390.0,159.47914123535156,339.25628662109375,408.92474365234375,6.219627539394423e-05
390.0,637.0,390.0,159.47914123535156,339.25628662109375,408.92474365234375,6.219627539394423e-05
390.0,637.3600463867188,390.0,159.47914123535156,339.25628662109375,408.92474365234375,6.219627539394423e-05
390.0,637.760009765625,390.0,159.47914123535156,339.25628662109375,408.92474365234375,6.219627539394423e-05
390.0,638.1199951171875,390.0,159.47914123535156,339.25628662109375,408.92474365234375,6.219627539394423e-05
390.0,638.47998046875,390.0,159.47914123535156,339.25628662109375,408.92474365234375,6.219627539394423e-05
390.0,638.8800048828125,390.0,159.47914123535156,339.25628662109375,408.92474365234375,6.219627539394423e-05
390.0,639.239990234375,390.0,159.47914123535156,339.25628662109375,408.92474365234375,6.219627539394423e-05
390.0,639.6400146484375,390.0,159.47914123535156,339.25628662109375,408.92474365234375,6.219627539394423e-05
390.0,640.0,390.0,159.47914123535156,339.25628662109375,408.92474365234375,6.219627539394423e-05
390.0,640.3599853515625,390.0,159.47914123535156,339.25628662109375,408.92474365234375,6.219627539394423e-05
390.0,640.760009765625,390.0,159.47914123535156,339.25628662109375,408.92474365234375,6.219627539394423e-05
390.0,641.1199951171875,390.0,159.47914123535156,339.25628662109375,408.92474365234375,6.219627539394423e-05
390.0,641.4800415039062,390.0,159.47914123535156,339.25628662109375,408.92474365234375,6.219627539394423e-05
390.0,641.8800048828125,390.0,159.47914123535156,339.25628662109375,408.92474365234375,6.219627539394423e-05
390.0,642.2400512695312,390.0,159.47914123535156,339.25628662109375,408.92474365234375,6.219627539394423e-05
390.0,642.6399536132812,390.0,159.47914123535156,339.25628662109375,408.92474365234375,6.219627539394423e-05
390.0,643.0,390.0,159.47914123535156,339.25628662109375,408.92474365234375,6.219627539394423e-05
390.0,643.3599853515625,390.0,159.47914123535156,339.25628662109375,408.92474365234375,6.219627539394423e-05
390.0,643.760009765625,390.0,159.47914123535156,339.25628662109375,408.92474365234375,6.219627539394423e-05
390.0,644.1199951171875,390.0,159.47914123535156,339.25628662109375,408.92474365234375,6.219627539394423e-05
390.0,644.47998046875,390.0,159.47914123535156,339.25628662109375,408.92474365234375,6.219627539394423e-05
390.0,644.8800048828125,390.0,159.47914123535156,339.25628662109375,408.92474365234375,6.219627539394423e-05
390.0,645.239990234375,390.0,159.47914123535156,339.25628662109375,408.92474365234375,6.219627539394423e-05
390.0,645.6400146484375,390.0,159.47914123535156,339.25628662109375,408.92474365234375,6.219627539394423e-05
390.0,646.0,390.0,159.47914123535156,339.25628662109375,408.92474365234375,6.219627539394423e-05
390.0,646.3599853515625,390.0,159.47914123535156,339.25628662109375,408.92474365234375,6.219627539394423e-05
390.0,646.760009765625,390.0,159.47914123535156,339.25628662109375,408.92474365234375,6.219627539394423e-05
390.0,647.1199951171875,390.0,159.47914123535156,339.25628662109375,408.92474365234375,6.219627539394423e-05
390.0,647.4800415039062,390.0,159.47914123535156,339.25628662109375,408.92474365234375,6.219627539394423e-05
390.0,647.8799438476562,390.0,159.47914123535156,339.25628662109375,408.92474365234375,6.219627539394423e-05
390.0,648.239990234375,390.0,159.47914123535156,339.25628662109375,408.92474365234375,6.219627539394423e-05
390.0,648.6400146484375,390.0,159.47914123535156,339.25628662109375,408.92474365234375,6.219627539394423e-05
390.0,649.0,390.0,159.47914123535156,339.25628662109375,408.92474365234375,6.219627539394423e-05
390.0,649.3599853515625,390.0,159.47914123535156,339.25628662109375,408.92474365234375,6.219627539394423e-05
390.0,649.760009765625,390.0,159.47914123535156,339.25628662109375,408.92474365234375,6.219627539394423e-05
390.0,650.1199951171875,390.0,159.47914123535156,339.25628662109375,408.92474365234375,6.219627539394423e-05
390.0,650.52001953125,390.0,159.47914123535156,339.25628662109375,408.92474365234375,6.219627539394423e-05
390.0,650.8800048828125,390.0,159.47914123535156,339.25628662109375,408.92474365234375,6.219627539394423e-05
390.0,651.239990234375,390.0,159.47914123535156,339.25628662109375,408.92474365234375,6.219627539394423e-05
390.0,651.6400146484375,390.0,159.47914123535156,339.25628662109375,408.92474365234375,6.219627539394423e-05
390.0,652.0,390.0,159.47914123535156,339.25628662109375,408.92474365234375,6.219627539394423e-05
390.0,652.3599853515625,390.0,159.47914123535156,339.25628662109375,408.92474365234375,6.219627539394423e-05
390.0,652.760009765625,390.0,159.47914123535156,339.25628662109375,408.92474365234375,6.219627539394423e-05
390.0,653.1199951171875,390.0,159.47914123535156,339.25628662109375,408.92474365234375,6.219627539394423e-05
390.0,653.5199584960938,390.0,159.47914123535156,339.25628662109375,408.92474365234375,6.219627539394423e-05
390.0,653.8800048828125,390.0,159.47914123535156,339.25628662109375,408.92474365234375,6.219627539394423e-05
390.0,654.239990234375,390.0,159.47914123535156,339.25628662109375,408.92474365234375,6.219627539394423e-05
390.0,654.6400146484375,390.0,159.47914123535156,339.25628662109375,408.92474365234375,6.219627539394423e-05
390.0,655.0,390.0,159.47914123535156,339.25628662109375,408.92474365234375,6.219627539394423e-05
390.0,655.3599853515625,390.0,159.47914123535156,339.25628662109375,408.92474365234375,6.219627539394423e-05
390.0,655.760009765625,390.0,159.47914123535156,339.25628662109375,408.92474365234375,6.219627539394423e-05
390.0,656.1199951171875,390.0,159.47914123535156,339.25628662109375,408.92474365234375,6.219627539394423e-05
390.0,656.52001953125,390.0,159.47914123535156,339.25628662109375,408.92474365234375,6.219627539394423e-05
390.0,656.8800048828125,390.0,159.47914123535156,339.25628662109375,408.92474365234375,6.219627539394423e-05
390.0,657.239990234375,390.0,159.47914123535156,339.25628662109375,408.92474365234375,6.219627539394423e-05
390.0,657.6400146484375,390.0,159.47914123535156,339.25628662109375,408.92474365234375,6.219627539394423e-05
390.0,658.0,390.0,159.47914123535156,339.25628662109375,408.92474365234375,6.219627539394423e-05
390.0,658.3600463867188,390.0,159.47914123535156,339.25628662109375,408.92474365234375,6.219627539394423e-05
390.0,658.7599487304688,390.0,159.47914123535156,339.25628662109375,408.92474365234375,6.219627539394423e-05
390.0,659.1199951171875,390.0,159.47914123535156,339.25628662109375,408.92474365234375,6.219627539394423e-05
390.0,659.52001953125,390.0,159.47914123535156,339.25628662109375,408.92474365234375,6.219627539394423e-05
390.0,659.8800048828125,390.0,159.47914123535156,339.25628662109375,408.92474365234375,6.219627539394423e-05
390.0,660.239990234375,390.0,159.47914123535156,339.25628662109375,408.92474365234375,6.219627539394423e-05
390.0,660.6400146484375,390.0,159.47914123535156,339.25628662109375,408.92474365234375,6.219627539394423e-05
390.0,661.0,390.0,159.47914123535156,339.25628662109375,408.92474365234375,6.219627539394423e-05
390.0,661.4000244140625,390.0,159.47914123535156,339.25628662109375,408.92474365234375,6.219627539394423e-05
390.0,661.760009765625,390.0,159.47914123535156,339.25628662109375,408.92474365234375,6.219627539394423e-05
390.0,662.1199951171875,390.0,159.47914123535156,339.25628662109375,408.92474365234375,6.219627539394423e-05
390.0,662.52001953125,390.0,159.47914123535156,339.25628662109375,408.92474365234375,6.219627539394423e-05
390.0,662.8800048828125,390.0,159.47914123535156,339.25628662109375,408.92474365234375,6.219627539394423e-05
390.0,663.239990234375,390.0,159.47914123535156,339.25628662109375,408.92474365234375,6.219627539394423e-05
390.0,663.6399536132812,390.0,159.47914123535156,339.25628662109375,408.92474365234375,6.219627539394423e-05
390.0,664.0,390.0,159.47914123535156,339.25628662109375,408.92474365234375,6.219627539394423e-05
390.0,664.3999633789062,390.0,159.47914123535156,339.25628662109375,408.92474365234375,6.219627539394423e-05
390.0,664.760009765625,390.0,159.47914123535156,339.25628662109375,408.92474365234375,6.219627539394423e-05
390.0,665.1199951171875,390.0,159.47914123535156,339.25628662109375,408.92474365234375,6.219627539394423e-05
390.0,665.52001953125,390.0,159.47914123535156,339.25628662109375,408.92474365234375,6.219627539394423e-05
390.0,665.8800048828125,390.0,159.47914123535156,339.25628662109375,408.92474365234375,6.219627539394423e-05
390.0,666.239990234375,390.0,159.47914123535156,339.25628662109375,408.92474365234375,6.219627539394423e-05
390.0,666.6400146484375,390.0,159.47914123535156,339.25628662109375,408.92474365234375,6.219627539394423e-05
390.0,667.0,390.0,159.47914123535156,339.25628662109375,408.92474365234375,6.219627539394423e-05
390.0,667.4000244140625,390.0,159.47914123535156,339.25628662109375,408.92474365234375,6.219627539394423e-05
390.0,667.760009765625,390.0,159.47914123535156,339.25628662109375,408.92474365234375,6.219627539394423e-05
390.0,668.1199951171875,390.0,159.47914123535156,339.25628662109375,408.92474365234375,6.219627539394423e-05
390.0,668.5199584960938,390.0,159.47914123535156,339.25628662109375,408.92474365234375,6.219627539394423e-05
390.0,668.8800048828125,390.0,159.47914123535156,339.25628662109375,408.92474365234375,6.219627539394423e-05
390.0,669.2400512695312,390.0,159.47914123535156,339.25628662109375,408.92474365234375,6.219627539394423e-05
390.0,669.6399536132812,390.0,159.47914123535156,339.25628662109375,408.92474365234375,6.219627539394423e-05
390.0,670.0,390.0,159.47914123535156,339.25628662109375,408.92474365234375,6.219627539394423e-05
390.0,670.4000244140625,390.0,159.47914123535156,339.25628662109375,408.92474365234375,6.219627539394423e-05
390.0,670.760009765625,390.0,159.47914123535156,339.25628662109375,408.92474365234375,6.219627539394423e-05
390.0,671.1199951171875,390.0,159.47914123535156,339.25628662109375,408.92474365234375,6.219627539394423e-05
390.0,671.52001953125,390.0,159.47914123535156,339.25628662109375,408.92474365234375,6.219627539394423e-05
390.0,671.8800048828125,390.0,159.47914123535156,339.25628662109375,408.92474365234375,6.219627539394423e-05
390.0,672.280029296875,390.0,159.47914123535156,339.25628662109375,408.92474365234375,6.219627539394423e-05
390.0,672.6400146484375,390.0,159.47914123535156,339.25628662109375,408.92474365234375,6.219627539394423e-05
390.0,673.0,390.0,159.47914123535156,339.25628662109375,408.92474365234375,6.219627539394423e-05
390.0,673.4000244140625,390.0,159.47914123535156,339.25628662109375,408.92474365234375,6.219627539394423e-05
390.0,673.760009765625,390.0,159.47914123535156,339.25628662109375,408.92474365234375,6.219627539394423e-05
390.0,674.1199951171875,390.0,159.47914123535156,339.25628662109375,408.92474365234375,6.219627539394423e-05
390.0,674.5199584960938,390.0,159.47914123535156,339.25628662109375,408.92474365234375,6.219627539394423e-05
390.0,674.8800048828125,390.0,159.47914123535156,339.25628662109375,408.92474365234375,6.219627539394423e-05
390.0,675.2799682617188,390.0,159.47914123535156,339.25628662109375,408.92474365234375,6.219627539394423e-05
390.0,675.6400146484375,390.0,159.47914123535156,339.25628662109375,408.92474365234375,6.219627539394423e-05
390.0,676.0,390.0,159.47914123535156,339.25628662109375,408.92474365234375,6.219627539394423e-05
390.0,676.4000244140625,390.0,159.47914123535156,339.25628662109375,408.92474365234375,6.219627539394423e-05
390.0,676.760009765625,390.0,159.47914123535156,339.25628662109375,408.92474365234375,6.219627539394423e-05
390.0,677.1199951171875,390.0,159.47914123535156,339.25628662109375,408.92474365234375,6.219627539394423e-05
390.0,677.52001953125,390.0,159.47914123535156,339.25628662109375,408.92474365234375,6.219627539394423e-05
390.0,677.8800048828125,390.0,159.47914123535156,339.25628662109375,408.92474365234375,6.219627539394423e-05
390.0,678.280029296875,390.0,159.47914123535156,339.25628662109375,408.92474365234375,6.219627539394423e-05
390.0,678.6400146484375,390.0,159.47914123535156,339.25628662109375,408.92474365234375,6.219627539394423e-05
390.0,679.0,390.0,159.47914123535156,339.25628662109375,408.92474365234375,6.219627539394423e-05
390.0,679.3999633789062,390.0,159.47914123535156,339.25628662109375,408.92474365234375,6.219627539394423e-05
390.0,679.7599487304688,390.0,159.47914123535156,339.25628662109375,408.92474365234375,6.219627539394423e-05
390.0,680.1199951171875,390.0,159.47914123535156,339.25628662109375,408.92474365234375,6.219627539394423e-05
390.0,680.5199584960938,390.0,159.47914123535156,339.25628662109375,408.92474365234375,6.219627539394423e-05
390.0,680.8800048828125,390.0,159.47914123535156,339.25628662109375,408.92474365234375,6.219627539394423e-05
390.0,681.280029296875,390.0,159.47914123535156,339.25628662109375,408.92474365234375,6.219627539394423e-05
390.0,681.6400146484375,390.0,159.47914123535156,339.25628662109375,408.92474365234375,6.219627539394423e-05
390.0,682.0,390.0,159.47914123535156,339.25628662109375,408.92474365234375,6.219627539394423e-05
390.0,682.4000244140625,390.0,159.47914123535156,339.25628662109375,408.92474365234375,6.219627539394423e-05
390.0,682.760009765625,390.0,159.47914123535156,339.25628662109375,408.92474365234375,6.219627539394423e-05
390.0,683.1199951171875,390.0,159.47914123535156,339.25628662109375,408.92474365234375,6.219627539394423e-05
390.0,683.52001953125,390.0,159.47914123535156,339.25628662109375,408.92474365234375,6.219627539394423e-05
390.0,683.8800048828125,390.0,159.47914123535156,339.25628662109375,408.92474365234375,6.219627539394423e-05
390.0,684.2799682617188,390.0,159.47914123535156,339.25628662109375,408.92474365234375,6.219627539394423e-05
390.0,684.6400146484375,390.0,159.47914123535156,339.25628662109375,408.92474365234375,6.219627539394423e-05
390.0,685.0,390.0,159.47914123535156,339.25628662109375,408.92474365234375,6.219627539394423e-05
390.0,685.3999633789062,390.0,159.47914123535156,339.25628662109375,408.92474365234375,6.219627539394423e-05
390.0,685.760009765625,390.0,159.47914123535156,339.25628662109375,408.92474365234375,6.219627539394423e-05
390.0,686.1599731445312,390.0,159.47914123535156,339.25628662109375,408.92474365234375,6.219627539394423e-05
390.0,686.52001953125,390.0,159.47914123535156,339.25628662109375,408.92474365234375,6.219627539394423e-05
390.0,686.8800048828125,390.0,159.47914123535156,339.25628662109375,408.92474365234375,6.219627539394423e-05
390.0,687.280029296875,390.0,159.47914123535156,339.25628662109375,408.92474365234375,6.219627539394423e-05
390.0,687.6400146484375,390.0,159.47914123535156,339.25628662109375,408.92474365234375,6.219627539394423e-05
390.0,688.0,390.0,159.47914123535156,339.25628662109375,408.92474365234375,6.219627539394423e-05
390.0,688.4000244140625,390.0,159.47914123535156,339.25628662109375,408.92474365234375,6.219627539394423e-05
390.0,688.760009765625,390.0,159.47914123535156,339.25628662109375,408.92474365234375,6.219627539394423e-05
390.0,689.1600341796875,390.0,159.47914123535156,339.25628662109375,408.92474365234375,6.219627539394423e-05
390.0,689.52001953125,390.0,159.47914123535156,339.25628662109375,408.92474365234375,6.219627539394423e-05
390.0,689.8800048828125,390.0,159.47914123535156,339.25628662109375,408.92474365234375,6.219627539394423e-05
390.0,690.2799682617188,390.0,159.47914123535156,339.25628662109375,408.92474365234375,6.219627539394423e-05
390.0,690.6399536132812,390.0,159.47914123535156,339.25628662109375,408.92474365234375,6.219627539394423e-05
390.0,691.0,390.0,159.47914123535156,339.25628662109375,408.92474365234375,6.219627539394423e-05
390.0,691.3999633789062,390.0,159.47914123535156,339.25628662109375,408.92474365234375,6.219627539394423e-05
390.0,691.760009765625,390.0,159.47914123535156,339.25628662109375,408.92474365234375,6.219627539394423e-05
390.0,692.1599731445312,390.0,159.47914123535156,339.25628662109375,408.92474365234375,6.219627539394423e-05
390.0,692.52001953125,390.0,159.47914123535156,339.25628662109375,408.92474365234375,6.219627539394423e-05
390.0,692.8800048828125,390.0,159.47914123535156,339.25628662109375,408.92474365234375,6.219627539394423e-05
390.0,693.280029296875,390.0,159.47914123535156,339.25628662109375,408.92474365234375,6.219627539394423e-05
390.0,693.6400146484375,390.0,159.47914123535156,339.25628662109375,408.92474365234375,6.219627539394423e-05
390.0,694.0,390.0,159.47914123535156,339.25628662109375,408.92474365234375,6.219627539394423e-05
390.0,694.4000244140625,390.0,159.47914123535156,339.25628662109375,408.92474365234375,6.219627539394423e-05
390.0,694.760009765625,390.0,159.47914123535156,339.25628662109375,408.92474365234375,6.219627539394423e-05
390.0,695.1599731445312,390.0,159.47914123535156,339.25628662109375,408.92474365234375,6.219627539394423e-05
390.0,695.5199584960938,390.0,159.47914123535156,339.25628662109375,408.92474365234375,6.219627539394423e-05
390.0,695.8800048828125,390.0,159.47914123535156,339.25628662109375,408.92474365234375,6.219627539394423e-05
390.0,696.2799682617188,390.0,159.47914123535156,339.25628662109375,408.92474365234375,6.219627539394423e-05
390.0,696.6399536132812,390.0,159.47914123535156,339.25628662109375,408.92474365234375,6.219627539394423e-05
390.0,697.0399780273438,390.0,159.47914123535156,339.25628662109375,408.92474365234375,6.219627539394423e-05
390.0,697.4000244140625,390.0,159.47914123535156,339.25628662109375,408.92474365234375,6.219627539394423e-05
390.0,697.760009765625,390.0,159.47914123535156,339.25628662109375,408.92474365234375,6.219627539394423e-05
390.0,698.1600341796875,390.0,159.47914123535156,339.25628662109375,408.92474365234375,6.219627539394423e-05
390.0,698.52001953125,390.0,159.47914123535156,339.25628662109375,408.92474365234375,6.219627539394423e-05
390.0,698.8800048828125,390.0,159.47914123535156,339.25628662109375,408.92474365234375,6.219627539394423e-05
390.0,699.280029296875,390.0,159.47914123535156,339.25628662109375,408.92474365234375,6.219627539394423e-05
390.0,699.6400146484375,390.0,159.47914123535156,339.25628662109375,408.92474365234375,6.219627539394423e-05
390.0,700.0399780273438,390.0,159.47914123535156,339.25628662109375,408.92474365234375,6.219627539394423e-05
390.0,700.4000244140625,390.0,159.47914123535156,339.25628662109375,408.92474365234375,6.219627539394423e-05
390.0,700.760009765625,390.0,159.47914123535156,339.25628662109375,408.92474365234375,6.219627539394423e-05
390.0,701.1599731445312,390.0,159.47914123535156,339.25628662109375,408.92474365234375,6.219627539394423e-05
390.0,701.5199584960938,390.0,159.47914123535156,339.25628662109375,408.92474365234375,6.219627539394423e-05
390.0,701.8800048828125,390.0,159.47914123535156,339.25628662109375,408.92474365234375,6.219627539394423e-05
390.0,702.2799682617188,390.0,159.47914123535156,339.25628662109375,408.92474365234375,6.219627539394423e-05
390.0,702.6400146484375,390.0,159.47914123535156,339.25628662109375,408.92474365234375,6.219627539394423e-05
390.0,703.0399780273438,390.0,159.47914123535156,339.25628662109375,408.92474365234375,6.219627539394423e-05
390.0,703.4000244140625,390.0,159.47914123535156,339.25628662109375,408.92474365234375,6.219627539394423e-05
390.0,703.760009765625,390.0,159.47914123535156,339.25628662109375,408.92474365234375,6.219627539394423e-05
390.0,704.1600341796875,390.0,159.47914123535156,339.25628662109375,408.92474365234375,6.219627539394423e-05
390.0,704.52001953125,390.0,159.47914123535156,339.25628662109375,408.92474365234375,6.219627539394423e-05
390.0,704.8800048828125,390.0,159.47914123535156,339.25628662109375,408.92474365234375,6.219627539394423e-05
390.0,705.280029296875,390.0,159.47914123535156,339.25628662109375,408.92474365234375,6.219627539394423e-05
390.0,705.6400146484375,390.0,159.47914123535156,339.25628662109375,408.92474365234375,6.219627539394423e-05
390.0,706.0399780273438,390.0,159.47914123535156,339.25628662109375,408.92474365234375,6.219627539394423e-05
390.0,706.3999633789062,390.0,159.47914123535156,339.25628662109375,408.92474365234375,6.219627539394423e-05
390.0,706.7599487304688,390.0,159.47914123535156,339.25628662109375,408.92474365234375,6.219627539394423e-05
390.0,707.1599731445312,390.0,159.47914123535156,339.25628662109375,408.92474365234375,6.219627539394423e-05
390.0,707.5199584960938,390.0,159.47914123535156,339.25628662109375,408.92474365234375,6.219627539394423e-05
390.0,707.8800048828125,390.0,159.47914123535156,339.25628662109375,408.92474365234375,6.219627539394423e-05
390.0,708.280029296875,390.0,159.47914123535156,339.25628662109375,408.92474365234375,6.219627539394423e-05
390.0,708.6400146484375,390.0,159.47914123535156,339.25628662109375,408.92474365234375,6.219627539394423e-05
390.0,709.0400390625,390.0,159.47914123535156,339.25628662109375,408.92474365234375,6.219627539394423e-05
390.0,709.4000244140625,390.0,159.47914123535156,339.25628662109375,408.92474365234375,6.219627539394423e-05
390.0,709.760009765625,390.0,159.47914123535156,339.25628662109375,408.92474365234375,6.219627539394423e-05
390.0,710.1600341796875,390.0,159.47914123535156,339.25628662109375,408.92474365234375,6.219627539394423e-05
390.0,710.52001953125,390.0,159.47914123535156,339.25628662109375,408.92474365234375,6.219627539394423e-05
390.0,710.9199829101562,390.0,159.47914123535156,339.25628662109375,408.92474365234375,6.219627539394423e-05
390.0,711.2799682617188,390.0,159.47914123535156,339.25628662109375,408.92474365234375,6.219627539394423e-05
390.0,711.6400146484375,390.0,159.47914123535156,339.25628662109375,408.92474365234375,6.219627539394423e-05
390.0,712.0399780273438,390.0,159.47914123535156,339.25628662109375,408.92474365234375,6.219627539394423e-05
390.0,712.3999633789062,390.0,159.47914123535156,339.25628662109375,408.92474365234375,6.219627539394423e-05
390.0,712.760009765625,390.0,159.47914123535156,339.25628662109375,408.92474365234375,6.219627539394423e-05
390.0,713.1599731445312,390.0,159.47914123535156,339.25628662109375,408.92474365234375,6.219627539394423e-05
390.0,713.52001953125,390.0,159.47914123535156,339.25628662109375,408.92474365234375,6.219627539394423e-05
390.0,713.9199829101562,390.0,159.47914123535156,339.25628662109375,408.92474365234375,6.219627539394423e-05
390.0,714.280029296875,390.0,159.47914123535156,339.25628662109375,408.92474365234375,6.219627539394423e-05
390.0,714.6400146484375,390.0,159.47914123535156,339.25628662109375,408.92474365234375,6.219627539394423e-05
390.0,715.0400390625,390.0,159.47914123535156,339.25628662109375,408.92474365234375,6.219627539394423e-05
390.0,715.4000244140625,390.0,159.47914123535156,339.25628662109375,408.92474365234375,6.219627539394423e-05
390.0,715.760009765625,390.0,159.47914123535156,339.25628662109375,408.92474365234375,6.219627539394423e-05
390.0,716.1599731445312,390.0,159.47914123535156,339.25628662109375,408.92474365234375,6.219627539394423e-05
390.0,716.52001953125,390.0,159.47914123535156,339.25628662109375,408.92474365234375,6.219627539394423e-05
390.0,716.9199829101562,390.0,159.47914123535156,339.25628662109375,408.92474365234375,6.219627539394423e-05
390.0,717.2799682617188,390.0,159.47914123535156,339.25628662109375,408.92474365234375,6.219627539394423e-05
390.0,717.6399536132812,390.0,159.47914123535156,339.25628662109375,408.92474365234375,6.219627539394423e-05
390.0,718.0399780273438,390.0,159.47914123535156,339.25628662109375,408.92474365234375,6.219627539394423e-05
390.0,718.3999633789062,390.0,159.47914123535156,339.25628662109375,408.92474365234375,6.219627539394423e-05
390.0,718.760009765625,390.0,159.47914123535156,339.25628662109375,408.92474365234375,6.219627539394423e-05
390.0,719.1600341796875,390.0,159.47914123535156,339.25628662109375,408.92474365234375,6.219627539394423e-05
390.0,719.52001953125,390.0,159.47914123535156,339.25628662109375,408.92474365234375,6.219627539394423e-05
390.0,719.9200439453125,390.0,159.47914123535156,339.25628662109375,408.92474365234375,6.219627539394423e-05
390.0,720.280029296875,390.0,159.47914123535156,339.25628662109375,408.92474365234375,6.219627539394423e-05
390.0,720.6400146484375,390.0,159.47914123535156,339.25628662109375,408.92474365234375,6.219627539394423e-05
390.0,721.0400390625,390.0,159.47914123535156,339.25628662109375,408.92474365234375,6.219627539394423e-05
390.0,721.4000244140625,390.0,159.47914123535156,339.25628662109375,408.92474365234375,6.219627539394423e-05
390.0,721.7999877929688,390.0,159.47914123535156,339.25628662109375,408.92474365234375,6.219627539394423e-05
390.0,722.1599731445312,390.0,159.47914123535156,339.25628662109375,408.92474365234375,6.219627539394423e-05
390.0,722.5199584960938,390.0,159.47914123535156,339.25628662109375,408.92474365234375,6.219627539394423e-05
390.0,722.9199829101562,390.0,159.47914123535156,339.25628662109375,408.92474365234375,6.219627539394423e-05
390.0,723.2799682617188,390.0,159.47914123535156,339.25628662109375,408.92474365234375,6.219627539394423e-05
390.0,723.6400146484375,390.0,159.47914123535156,339.25628662109375,408.92474365234375,6.219627539394423e-05
390.0,724.0399780273438,390.0,159.47914123535156,339.25628662109375,408.92474365234375,6.219627539394423e-05
390.0,724.4000244140625,390.0,159.47914123535156,339.25628662109375,408.92474365234375,6.219627539394423e-05
390.0,724.7999877929688,390.0,159.47914123535156,339.25628662109375,408.92474365234375,6.219627539394423e-05
390.0,725.1600341796875,390.0,159.47914123535156,339.25628662109375,408.92474365234375,6.219627539394423e-05
390.0,725.52001953125,390.0,159.47914123535156,339.25628662109375,408.92474365234375,6.219627539394423e-05
390.0,725.9200439453125,390.0,159.47914123535156,339.25628662109375,408.92474365234375,6.219627539394423e-05
390.0,726.280029296875,390.0,159.47914123535156,339.25628662109375,408.92474365234375,6.219627539394423e-05
390.0,726.6400146484375,390.0,159.47914123535156,339.25628662109375,408.92474365234375,6.219627539394423e-05
390.0,727.0399780273438,390.0,159.47914123535156,339.25628662109375,408.92474365234375,6.219627539394423e-05
390.0,727.3999633789062,390.0,159.47914123535156,339.25628662109375,408.92474365234375,6.219627539394423e-05
390.0,727.7999877929688,390.0,159.47914123535156,339.25628662109375,408.92474365234375,6.219627539394423e-05
390.0,728.1599731445312,390.0,159.47914123535156,339.25628662109375,408.92474365234375,6.219627539394423e-05
390.0,728.5199584960938,390.0,159.47914123535156,339.25628662109375,408.92474365234375,6.219627539394423e-05
390.0,728.9199829101562,390.0,159.47914123535156,339.25628662109375,408.92474365234375,6.219627539394423e-05
390.0,729.2799682617188,390.0,159.47914123535156,339.25628662109375,408.92474365234375,6.219627539394423e-05
390.0,729.6400146484375,390.0,159.47914123535156,339.25628662109375,408.92474365234375,6.219627539394423e-05
390.0,730.0399780273438,390.0,159.47914123535156,339.25628662109375,408.92474365234375,6.219627539394423e-05
390.0,730.4000244140625,390.0,159.47914123535156,339.25628662109375,408.92474365234375,6.219627539394423e-05
390.0,730.800048828125,390.0,159.47914123535156,339.25628662109375,408.92474365234375,6.219627539394423e-05
390.0,731.1600341796875,390.0,159.47914123535156,339.25628662109375,408.92474365234375,6.219627539394423e-05
390.0,731.52001953125,390.0,159.47914123535156,339.25628662109375,408.92474365234375,6.219627539394423e-05
390.0,731.9199829101562,390.0,159.47914123535156,339.25628662109375,408.92474365234375,6.219627539394423e-05
390.0,732.280029296875,390.0,159.47914123535156,339.25628662109375,408.92474365234375,6.219627539394423e-05
390.0,732.6799926757812,390.0,159.47914123535156,339.25628662109375,408.92474365234375,6.219627539394423e-05
390.0,733.0399780273438,390.0,159.47914123535156,339.25628662109375,408.92474365234375,6.219627539394423e-05
390.0,733.3999633789062,390.0,159.47914123535156,339.25628662109375,408.92474365234375,6.219627539394423e-05
390.0,733.7999877929688,390.0,159.47914123535156,339.25628662109375,408.92474365234375,6.219627539394423e-05
390.0,734.1599731445312,390.0,159.47914123535156,339.25628662109375,408.92474365234375,6.219627539394423e-05
390.0,734.5199584960938,390.0,159.47914123535156,339.25628662109375,408.92474365234375,6.219627539394423e-05
390.0,734.9199829101562,390.0,159.47914123535156,339.25628662109375,408.92474365234375,6.219627539394423e-05
390.0,735.280029296875,390.0,159.47914123535156,339.25628662109375,408.92474365234375,6.219627539394423e-05
390.0,735.6799926757812,390.0,159.47914123535156,339.25628662109375,408.92474365234375,6.219627539394423e-05
390.0,736.0400390625,390.0,159.47914123535156,339.25628662109375,408.92474365234375,6.219627539394423e-05
390.0,736.4000244140625,390.0,159.47914123535156,339.25628662109375,408.92474365234375,6.219627539394423e-05
390.0,736.800048828125,390.0,159.47914123535156,339.25628662109375,408.92474365234375,6.219627539394423e-05
390.0,737.1600341796875,390.0,159.47914123535156,339.25628662109375,408.92474365234375,6.219627539394423e-05
390.0,737.52001953125,390.0,159.47914123535156,339.25628662109375,408.92474365234375,6.219627539394423e-05
390.0,737.9199829101562,390.0,159.47914123535156,339.25628662109375,408.92474365234375,6.219627539394423e-05
390.0,738.2799682617188,390.0,159.47914123535156,339.25628662109375,408.92474365234375,6.219627539394423e-05
390.0,738.6799926757812,390.0,159.47914123535156,339.25628662109375,408.92474365234375,6.219627539394423e-05
390.0,739.0399780273438,390.0,159.47914123535156,339.25628662109375,408.92474365234375,6.219627539394423e-05
390.0,739.3999633789062,390.0,159.47914123535156,339.25628662109375,408.92474365234375,6.219627539394423e-05
390.0,739.7999877929688,390.0,159.47914123535156,339.25628662109375,408.92474365234375,6.219627539394423e-05
390.0,740.1599731445312,390.0,159.47914123535156,339.25628662109375,408.92474365234375,6.219627539394423e-05
390.0,740.52001953125,390.0,159.47914123535156,339.25628662109375,408.92474365234375,6.219627539394423e-05
390.0,740.9199829101562,390.0,159.47914123535156,339.25628662109375,408.92474365234375,6.219627539394423e-05
390.0,741.280029296875,390.0,159.47914123535156,339.25628662109375,408.92474365234375,6.219627539394423e-05
390.0,741.6800537109375,390.0,159.47914123535156,339.25628662109375,408.92474365234375,6.219627539394423e-05
390.0,742.0400390625,390.0,159.47914123535156,339.25628662109375,408.92474365234375,6.219627539394423e-05
390.0,742.4000244140625,390.0,159.47914123535156,339.25628662109375,408.92474365234375,6.219627539394423e-05
390.0,742.7999877929688,390.0,159.47914123535156,339.25628662109375,408.92474365234375,6.219627539394423e-05
390.0,743.1599731445312,390.0,159.47914123535156,339.25628662109375,408.92474365234375,6.219627539394423e-05
390.0,743.52001953125,390.0,159.47914123535156,339.25628662109375,408.92474365234375,6.219627539394423e-05
390.0,743.9199829101562,390.0,159.47914123535156,339.25628662109375,408.92474365234375,6.219627539394423e-05
390.0,744.2799682617188,390.0,159.47914123535156,339.25628662109375,408.92474365234375,6.219627539394423e-05
390.0,744.6799926757812,390.0,159.47914123535156,339.25628662109375,408.92474365234375,6.219627539394423e-05
390.0,745.0399780273438,390.0,159.47914123535156,339.25628662109375,408.92474365234375,6.219627539394423e-05
390.0,745.3999633789062,390.0,159.47914123535156,339.25628662109375,408.92474365234375,6.219627539394423e-05
390.0,745.7999877929688,390.0,159.47914123535156,339.25628662109375,408.92474365234375,6.219627539394423e-05
390.0,746.1600341796875,390.0,159.47914123535156,339.25628662109375,408.92474365234375,6.219627539394423e-05
390.0,746.5599975585938,390.0,159.47914123535156,339.25628662109375,408.92474365234375,6.219627539394423e-05
390.0,746.9200439453125,390.0,159.47914123535156,339.25628662109375,408.92474365234375,6.219627539394423e-05
390.0,747.280029296875,390.0,159.47914123535156,339.25628662109375,408.92474365234375,6.219627539394423e-05
390.0,747.6799926757812,390.0,159.47914123535156,339.25628662109375,408.92474365234375,6.219627539394423e-05
390.0,748.0400390625,390.0,159.47914123535156,339.25628662109375,408.92474365234375,6.219627539394423e-05
390.0,748.4000244140625,390.0,159.47914123535156,339.25628662109375,408.92474365234375,6.219627539394423e-05
390.0,748.7999877929688,390.0,159.47914123535156,339.25628662109375,408.92474365234375,6.219627539394423e-05
390.0,749.1599731445312,390.0,159.47914123535156,339.25628662109375,408.92474365234375,6.219627539394423e-05
390.0,749.5599975585938,390.0,159.47914123535156,339.25628662109375,408.92474365234375,6.219627539394423e-05
390.0,749.9199829101562,390.0,159.47914123535156,339.25628662109375,408.92474365234375,6.219627539394423e-05
390.0,750.2799682617188,0.0,154.09866333007812,339.2557067871094,408.929443359375,5.806966873933561e-05
390.0,750.6799926757812,0.0,146.72586059570312,339.2528991699219,408.9520568847656,5.264303763397038e-05
390.0,751.0399780273438,0.0,140.39285278320312,339.2486267089844,408.98748779296875,4.819255991606042e-05
390.0,751.4000244140625,0.0,134.3338165283203,339.2428283691406,409.0384521484375,4.411705958773382e-05
390.0,751.7999877929688,0.0,127.90859985351562,339.2347412109375,409.10528564453125,3.999119871878065e-05
390.0,752.1600341796875,0.0,122.39004516601562,339.2261657714844,409.1788330078125,3.6608256777981296e-05
390.0,752.5599975585938,0.0,116.53826141357422,339.21527099609375,409.2708435058594,3.318381277495064e-05
390.0,752.9200439453125,0.0,111.51237487792969,339.20440673828125,409.36285400390625,3.0376499125850387e-05
390.0,753.280029296875,0.0,106.70435333251953,339.1925964355469,409.4658203125,2.780651811917778e-05
390.0,753.6799926757812,0.0,101.606201171875,339.1784973144531,409.58721923828125,2.5205425117746927e-05
390.0,754.0399780273438,0.0,97.2276840209961,339.1650085449219,409.7014465332031,2.307344402652234e-05
390.0,754.3999633789062,0.0,93.03907012939453,339.15081787109375,409.825927734375,2.112181937263813e-05
390.0,754.7999877929688,0.0,88.59776306152344,339.13433837890625,409.96881103515625,1.914673157443758e-05
390.0,755.1599731445312,0.0,84.78340148925781,339.118896484375,410.1030578613281,1.7527851014165208e-05
390.0,755.5599975585938,0.0,80.73892211914062,339.1011657714844,410.25836181640625,1.5889434507698752e-05
390.0,755.9199829101562,0.0,77.2653579711914,339.084716796875,410.4040832519531,1.454648190701846e-05
390.0,756.2799682617188,0.0,73.9424057006836,339.06787109375,410.55389404296875,1.3317325283423997e-05
390.0,756.6799926757812,0.0,70.41893005371094,339.0487365722656,410.724853515625,1.2073352991137654e-05
390.0,757.0400390625,0.0,67.39276885986328,339.03118896484375,410.8825988769531,1.1053729394916445e-05
390.0,757.4400024414062,0.0,64.18392181396484,339.0113220214844,411.06170654296875,1.0021793059422635e-05
390.0,757.800048828125,0.0,61.42792892456055,338.9931945800781,411.2269592285156,9.17593115445925e-06
390.0,758.1600341796875,0.0,58.79132080078125,338.97479248046875,411.3934326171875,8.401736522500869e-06
390.0,758.5599975585938,0.0,55.99545669555664,338.9541320800781,411.5836181640625,7.618114523211261e-06
390.0,758.9199829101562,0.0,53.59408187866211,338.9353942871094,411.7568359375,6.975781616347376e-06
390.0,759.280029296875,0.0,51.29664611816406,338.91644287109375,411.9334716796875,6.387793746398529e-06
390.0,759.6799926757812,0.0,48.8603401184082,338.8952941894531,412.1312255859375,5.792652245872887e-06
390.0,760.0399780273438,0.0,46.767704010009766,338.8760681152344,412.3118896484375,5.3047660912852734e-06
390.0,760.4400024414062,0.0,44.54851150512695,338.8547058105469,412.5133972167969,4.8109222916536964e-06
390.0,760.7999877929688,0.0,42.64229202270508,338.8352966308594,412.70025634765625,4.406018888403196e-06
390.0,761.1599731445312,0.0,40.81844711303711,338.8157958984375,412.8877258300781,4.035347501485376e-06
390.0,761.5599975585938,0.0,38.88420486450195,338.79412841796875,413.09619140625,3.6601193187379977e-06
390.0,761.9199829101562,0.0,37.222660064697266,338.7746276855469,413.28668212890625,3.3524586342537077e-06
390.0,762.280029296875,0.0,35.632835388183594,338.755126953125,413.47723388671875,3.0707828955200966e-06
390.0,762.6799926757812,0.0,33.946678161621094,338.73345947265625,413.6917419433594,2.785593324006186e-06
390.0,763.0400390625,0.0,32.4981689453125,338.7137145996094,413.8863525390625,2.5517415451759007e-06
390.0,763.4400024414062,0.0,30.961856842041016,338.6917419433594,414.10760498046875,2.314945504622301e-06
390.0,763.7999877929688,0.0,29.64202117919922,338.6719665527344,414.3053894042969,2.120777253367123e-06
390.0,764.1600341796875,0.0,28.379045486450195,338.6521911621094,414.5059814453125,1.942963990586577e-06
390.0,764.5599975585938,0.0,27.039419174194336,338.6302795410156,414.73046875,1.7629046169531648e-06
390.0,764.9199829101562,0.0,25.888490676879883,338.61077880859375,414.9305419921875,1.6152438320204965e-06
390.0,765.2799682617188,0.0,24.787071228027344,338.5912780761719,415.133544921875,1.4800031067352393e-06
390.0,765.6799926757812,0.0,23.618730545043945,338.5696105957031,415.3578796386719,1.3430452554530348e-06
390.0,766.0399780273438,0.0,22.61489486694336,338.55010986328125,415.56390380859375,1.2306975349929417e-06
390.0,766.4400024414062,0.0,21.550025939941406,338.5284423828125,415.79144287109375,1.1169148592671263e-06
390.0,766.7999877929688,0.0,20.635053634643555,338.5089416503906,416.00067138671875,1.0235690979243373e-06
390.0,767.1599731445312,0.0,19.759363174438477,338.48944091796875,416.2100830078125,9.380656820212607e-07
390.0,767.5599975585938,0.0,18.830371856689453,338.4677734375,416.4437255859375,8.514545584148436e-07
390.0,767.9200439453125,0.0,18.032102584838867,338.4484558105469,416.65301513671875,7.804016490808863e-07
390.0,768.3200073242188,0.0,17.185203552246094,338.4270935058594,416.8887634277344,7.084173603288946e-07
390.0,768.6800537109375,0.0,16.457439422607422,338.4078674316406,417.10089111328125,6.493569344456773e-07
390.0,769.0400390625,0.0,15.760844230651855,338.3886413574219,417.3133239746094,5.952463197900215e-07
390.0,769.4400024414062,0.0,15.021766662597656,338.3672790527344,417.552490234375,5.404194212133007e-07
390.0,769.7999877929688,0.0,14.386618614196777,338.3481140136719,417.7705078125,4.954270025336882e-07
390.0,770.1599731445312,0.0,13.778633117675781,338.32916259765625,417.9853515625,4.5420426886266796e-07
390.0,770.5599975585938,0.0,13.133524894714355,338.30810546875,418.22698974609375,4.12430296137245e-07
390.0,770.9199829101562,0.0,12.579092025756836,338.2891540527344,418.445068359375,3.781465238716919e-07
390.0,771.3200073242188,0.0,11.990778923034668,338.2680969238281,418.68994140625,3.4340158094892104e-07
390.0,771.6799926757812,0.0,11.485136985778809,338.249267578125,418.9081115722656,3.14886165142525e-07
390.0,772.0399780273438,0.0,11.001067161560059,338.2305908203125,419.1285400390625,2.887502716930612e-07
390.0,772.4400024414062,0.0,10.487380981445312,338.2098388671875,419.3759765625,2.622591068757174e-07
390.0,772.7999877929688,0.0,10.045846939086914,338.191162109375,419.5997009277344,2.4051266223068524e-07
390.0,773.1600341796875,0.0,9.623123168945312,338.1724853515625,419.82366943359375,2.2057952264731284e-07
390.0,773.5599975585938,0.0,9.174507141113281,338.1520080566406,420.07098388671875,2.0037465731093107e-07
390.0,773.9200439453125,0.0,8.788874626159668,338.13360595703125,420.2972412109375,1.8378497657067783e-07
390.0,774.3199462890625,0.0,8.37960147857666,338.1131591796875,420.5477294921875,1.6696732529908331e-07
390.0,774.6799926757812,0.0,8.027775764465332,338.0947570800781,420.77728271484375,1.5315747248223488e-07
390.0,775.0399780273438,0.0,7.690898895263672,338.0765075683594,421.0038757324219,1.4049734886611986e-07
390.0,775.4400024414062,0.0,7.333346366882324,338.0563659667969,421.2568359375,1.2766075485615147e-07
390.0,775.7999877929688,0.0,7.025954723358154,338.0382385253906,421.4862060546875,1.1711899361444011e-07
390.0,776.1599731445312,0.0,6.731606483459473,338.0201110839844,421.71856689453125,1.074520525889966e-07
390.0,776.5599975585938,0.0,6.41917085647583,338.00006103515625,421.97491455078125,9.764976738324549e-08
390.0,776.9199829101562,0.0,6.150548934936523,337.9822082519531,422.2041015625,8.959943897934863e-08
390.0,777.3200073242188,0.0,5.86540412902832,337.9623718261719,422.4630126953125,8.143425844764351e-08
390.0,777.6799926757812,0.0,5.620234489440918,337.94451904296875,422.6982421875,7.472716134770963e-08
390.0,778.0399780273438,0.0,5.385442733764648,337.9266662597656,422.933837890625,6.857572287799485e-08
390.0,778.4400024414062,0.0,5.136190414428711,337.9071350097656,423.19256591796875,6.233675975408914e-08
390.0,778.7999877929688,0.0,4.921865463256836,337.8895568847656,423.42767333984375,5.721109275214076e-08
390.0,779.1600341796875,0.0,4.716596603393555,337.8719787597656,423.66583251953125,5.250903356568415e-08
390.0,779.5599975585938,0.0,4.498671054840088,337.8524475097656,423.93109130859375,4.773899320298369e-08
390.0,779.9200439453125,0.0,4.311270236968994,337.8350830078125,424.1689758300781,4.3819920136911605e-08
390.0,780.3200073242188,0.0,4.112303256988525,337.81585693359375,424.43377685546875,3.984376206744855e-08
390.0,780.6799926757812,0.0,3.941195487976074,337.7985534667969,424.672119140625,3.657650538002599e-08
390.0,781.0399780273438,0.0,3.7772984504699707,337.78125,424.91619873046875,3.35783454374905e-08
390.0,781.4400024414062,0.0,3.6032752990722656,337.76214599609375,425.18438720703125,3.053638408800907e-08
390.0,781.7999877929688,0.0,3.453608274459839,337.7451171875,425.4252624511719,2.8036442500933845e-08
390.0,782.2000122070312,0.0,3.294684648513794,337.7261962890625,425.6933898925781,2.5499449662902407e-08
390.0,782.5599975585938,0.0,3.157996654510498,337.70916748046875,425.93780517578125,2.3414081340433768e-08
390.0,782.9199829101562,0.0,3.027052879333496,337.6921691894531,426.1851806640625,2.1500158098319844e-08
390.0,783.3200073242188,0.0,2.888000726699829,337.6735534667969,426.45587158203125,1.9557823804916552e-08
390.0,783.6799926757812,0.0,2.768394947052002,337.65679931640625,426.70013427734375,1.7961117038112207e-08
390.0,784.0400390625,0.0,2.6538071632385254,337.6400451660156,426.947509765625,1.6495453891707257e-08
390.0,784.4400024414062,0.0,2.5321149826049805,337.6214294433594,427.22491455078125,1.500756674488457e-08
390.0,784.800048828125,0.0,2.427433967590332,337.6048583984375,427.47216796875,1.3784371866165657e-08
390.0,785.199951171875,0.0,2.3162553310394287,337.5865478515625,427.7491149902344,1.2542489713496252e-08
390.0,785.5599975585938,0.0,2.2206130027770996,337.570068359375,427.9996032714844,1.1521323450836007e-08
390.0,785.9199829101562,0.0,2.128972291946411,337.5535888671875,428.2503356933594,1.0583816489884157e-08
390.0,786.3200073242188,0.0,2.03163743019104,337.53533935546875,428.5308532714844,9.631862418757464e-09
390.0,786.6799926757812,0.0,1.9478975534439087,337.5191345214844,428.78125,8.849045940451106e-09
390.0,787.0399780273438,0.0,1.867655634880066,337.5029296875,429.0318603515625,8.13025380352883e-09
390.0,787.4400024414062,0.0,1.7824207544326782,337.48492431640625,429.31549072265625,7.400208001939745e-09
390.0,787.7999877929688,0.0,1.7090853452682495,337.4687194824219,429.56964111328125,6.799764751264092e-09
390.0,788.2000122070312,0.0,1.6311829090118408,337.450927734375,429.8531494140625,6.189921908372753e-09
390.0,788.5599975585938,0.0,1.564152479171753,337.43499755859375,430.1096496582031,5.688253867930371e-09
390.0,788.9199829101562,0.0,1.4999138116836548,337.4190673828125,430.36376953125,5.227534849439053e-09
390.0,789.3200073242188,0.0,1.4316693544387817,337.4013671875,430.65093994140625,4.75948569444995e-09
390.0,789.6799926757812,0.0,1.3729445934295654,337.3854675292969,430.91119384765625,4.374397288842147e-09
390.0,790.0400390625,0.0,1.316662073135376,337.36981201171875,431.1680908203125,4.020703325835484e-09
390.0,790.4400024414062,0.0,1.2568646669387817,337.3524169921875,431.4551086425781,3.6613512222061217e-09
390.0,790.7999877929688,0.0,1.2054044008255005,337.3367614746094,431.7154541015625,3.3656422093741867e-09
390.0,791.2000122070312,0.0,1.1507278680801392,337.3193664550781,432.0062255859375,3.065174780658708e-09
390.0,791.5599975585938,0.0,1.1036721467971802,337.3038330078125,432.266845703125,2.8179174549336494e-09
390.0,791.9199829101562,0.0,1.058567762374878,337.2884521484375,432.52716064453125,2.5907409550995908e-09
390.0,792.3200073242188,0.0,1.0106401443481445,337.2713623046875,432.8206787109375,2.35985386787263e-09
390.0,792.6799926757812,0.0,0.9693894386291504,337.2559814453125,433.0845642089844,2.1698207675058256e-09
390.0,793.0800170898438,0.0,0.9255546927452087,337.2388916015625,433.37890625,1.9766801528930955e-09
390.0,793.4400024414062,0.0,0.8878248333930969,337.22369384765625,433.6427307128906,1.817701211770384e-09
390.0,793.7999877929688,0.0,0.8516544699668884,337.2085876464844,433.9066162109375,1.6715930861721517e-09
390.0,794.2000122070312,0.0,0.8132151961326599,337.1918029785156,434.2037353515625,1.5230615657557678e-09
390.0,794.5599975585938,0.0,0.7801265716552734,337.17669677734375,434.47125244140625,1.4007771609314545e-09
390.0,794.9200439453125,0.0,0.7484034299850464,337.1615905761719,434.73907470703125,1.2883767386284717e-09
390.0,795.3200073242188,0.0,0.7146878242492676,337.14501953125,435.0365905761719,1.1741050354174831e-09
390.0,795.6800537109375,0.0,0.6856628656387329,337.13018798828125,435.30401611328125,1.0800119687459642e-09
390.0,796.0799560546875,0.0,0.6548129320144653,337.11370849609375,435.6048889160156,9.843323933722559e-10
390.0,796.4400024414062,0.0,0.6282538175582886,337.098876953125,435.8759765625,9.055393102030962e-10
390.0,796.7999877929688,0.0,0.6027873158454895,337.08404541015625,436.14752197265625,8.330954814894653e-10
390.0,797.2000122070312,0.0,0.5757175087928772,337.06781005859375,436.44842529296875,7.594267992239168e-10
390.0,797.5599975585938,0.0,0.5524106025695801,337.0532531738281,436.7196044921875,6.987491696364145e-10
390.0,797.9199829101562,0.0,0.530060887336731,337.0386962890625,436.99102783203125,6.429527465989793e-10
390.0,798.3200073242188,0.0,0.5063023567199707,337.02252197265625,437.29595947265625,5.8619809006899e-10
390.0,798.6799926757812,0.0,0.48584479093551636,337.0079650878906,437.57403564453125,5.394405477865405e-10
390.0,799.0800170898438,0.0,0.464096337556839,336.9920349121094,437.8758544921875,4.918869200842835e-10
390.0,799.4400024414062,0.0,0.4453684985637665,336.9777526855469,438.150634765625,4.5270526216611984e-10
390.0,799.7999877929688,0.0,0.4274074137210846,336.9634704589844,438.42572021484375,4.1666600725243086e-10
390.0,800.2000122070312,0.0,0.4083114266395569,336.9476013183594,438.7344970703125,3.799979775287454e-10
390.0,800.5599975585938,0.0,0.39186641573905945,336.9333190917969,439.0133361816406,3.497827583132107e-10
390.0,800.9200439453125,0.0,0.3760935664176941,336.9192199707031,439.29168701171875,3.21987381202149e-10
390.0,801.3200073242188,0.0,0.35932260751724243,336.9036560058594,439.59747314453125,2.937067256070236e-10
390.0,801.6799926757812,0.0,0.34487852454185486,336.8896484375,439.87628173828125,2.703969548267793e-10
390.0,802.0800170898438,0.0,0.3295196294784546,336.87408447265625,440.1888427734375,2.4667409781464755e-10
390.0,802.4400024414062,0.0,0.3162910044193268,336.8600769042969,440.4683837890625,2.2712186298345927e-10
390.0,802.7999877929688,0.0,0.30360147356987,336.84619140625,440.7508544921875,2.0912914455717413e-10
390.0,803.2000122070312,0.0,0.29010695219039917,336.8309326171875,441.0604248046875,1.908175006892776e-10
390.0,803.5599975585938,0.0,0.27848321199417114,336.81719970703125,441.34295654296875,1.757202577890027e-10
390.0,803.9199829101562,0.0,0.26733216643333435,336.803466796875,441.6230163574219,1.6182689910326786e-10
390.0,804.3200073242188,0.0,0.255472868680954,336.7882080078125,441.93975830078125,1.476816308132456e-10
390.0,804.6799926757812,0.0,0.24525684118270874,336.7745056152344,442.22637939453125,1.3601837711707532e-10
390.0,805.0800170898438,0.0,0.23439130187034607,336.7595520019531,442.539794921875,1.2414541616934116e-10
390.0,805.4400024414062,0.0,0.22503073513507843,336.74609375,442.8230895996094,1.143545327875195e-10
390.0,805.800048828125,0.0,0.21604962646961212,336.7326354980469,443.10687255859375,1.0534126348993311e-10
390.0,806.199951171875,0.0,0.20649679005146027,336.7176818847656,443.4245910644531,9.616273749513127e-11
390.0,806.5599975585938,0.0,0.19826646149158478,336.7042236328125,443.71502685546875,8.859196709565254e-11
390.0,806.9599609375,0.0,0.18951165676116943,336.6894836425781,444.02972412109375,8.088348046886296e-11
390.0,807.3200073242188,0.0,0.18196837604045868,336.6763000488281,444.31689453125,7.452449768408087e-11
390.0,807.6799926757812,0.0,0.17472992837429047,336.6631164550781,444.60443115234375,6.86690149187541e-11
390.0,808.0800170898438,0.0,0.16702952980995178,336.6484680175781,444.92608642578125,6.270448743572743e-11
390.0,808.4400024414062,0.0,0.16039428114891052,336.6352844238281,445.2144470214844,5.7784121237913766e-11
390.0,808.7999877929688,0.0,0.15402671694755554,336.62213134765625,445.50604248046875,5.325231575148415e-11
390.0,809.2000122070312,0.0,0.14725220203399658,336.6077880859375,445.8246154785156,4.863618882633425e-11
390.0,809.5599975585938,0.0,0.14141419529914856,336.5948791503906,446.1159362792969,4.4826850564838594e-11
390.0,809.9600219726562,0.0,0.13520273566246033,336.5805358886719,446.43841552734375,4.094580230429301e-11
390.0,810.3200073242188,0.0,0.1298496574163437,336.567626953125,446.73065185546875,3.774295806446837e-11
390.0,810.6799926757812,0.0,0.12471187859773636,336.5547180175781,447.02325439453125,3.479249180426969e-11
390.0,811.0799560546875,0.0,0.1192450001835823,336.54052734375,447.3495178222656,3.1785817034002406e-11
390.0,811.4400024414062,0.0,0.1145331859588623,336.52789306640625,447.6385803222656,2.930455531013898e-11
390.0,811.800048828125,0.0,0.11001044511795044,336.5152587890625,447.93115234375,2.7018207116036308e-11
390.0,812.2000122070312,0.0,0.10519757866859436,336.501220703125,448.25811767578125,2.4687854191518532e-11
390.0,812.5599975585938,0.0,0.10104911774396896,336.48858642578125,448.5515441894531,2.27642158595609e-11
390.0,812.9600219726562,0.0,0.09663432091474533,336.47454833984375,448.88238525390625,2.080320464503682e-11
390.0,813.3200073242188,0.0,0.09282875806093216,336.46209716796875,449.17578125,1.91844231473004e-11
390.0,813.6799926757812,0.0,0.08917539566755295,336.4497375488281,449.46917724609375,1.7692540141278634e-11
390.0,814.0800170898438,0.0,0.08528713136911392,336.4360046386719,449.7969970703125,1.6171505107243078e-11
390.0,814.4400024414062,0.0,0.08193515241146088,336.42364501953125,450.09429931640625,1.4915473370291643e-11
390.0,814.7999877929688,0.0,0.07871699333190918,336.4112854003906,450.39202880859375,1.3757713718254294e-11
390.0,815.2000122070312,0.0,0.07529165595769882,336.3975524902344,450.72430419921875,1.2577162401827824e-11
390.0,815.5599975585938,0.0,0.07233849167823792,336.3854064941406,451.0187683105469,1.1602305921565303e-11
390.0,815.9600219726562,0.0,0.0691949874162674,336.3719787597656,451.3505859375,1.060804308977703e-11
390.0,816.3200073242188,0.0,0.06648465245962143,336.3598937988281,451.64556884765625,9.786897854635601e-12
390.0,816.6799926757812,0.0,0.06388215720653534,336.3478088378906,451.94415283203125,9.029722282394292e-12
390.0,817.0799560546875,0.0,0.061111707240343094,336.3343811035156,452.28045654296875,8.257355736673855e-12
390.0,817.4400024414062,0.0,0.058722835034132004,336.3222961425781,452.5828552246094,7.619314901230467e-12
390.0,817.8399658203125,0.0,0.05617964640259743,336.30908203125,452.9129638671875,6.968563746878598e-12
390.0,818.2000122070312,0.0,0.05398658290505409,336.2972717285156,453.21185302734375,6.4308805676482894e-12
390.0,818.5599975585938,0.0,0.05188048630952835,336.28546142578125,453.5111389160156,5.93499208112469e-12
390.0,818.9600219726562,0.0,0.04963814467191696,336.2723388671875,453.8453369140625,5.429041764759557e-12
390.0,819.3200073242188,0.0,0.04770435020327568,336.2605285644531,454.1485900878906,5.010926135834426e-12
390.0,819.6799926757812,0.0,0.04584711417555809,336.24871826171875,454.4523010253906,4.625255473761358e-12
390.0,820.0800170898438,0.0,0.04386957362294197,336.2357482910156,454.7870788574219,4.2317377900447095e-12
390.0,820.4400024414062,0.0,0.042163997888565063,336.2242126464844,455.08721923828125,3.906509664364233e-12
390.0,820.8400268554688,0.0,0.04034780338406563,336.2113952636719,455.4222412109375,3.5745846387047475e-12
390.0,821.2000122070312,0.0,0.03878128528594971,336.1998596191406,455.726318359375,3.3002006075838475e-12
390.0,821.5599975585938,0.0,0.037276577204465866,336.1883239746094,456.03082275390625,3.0470383161063097e-12
390.0,821.9599609375,0.0,0.035674165934324265,336.1755065917969,456.37042236328125,2.7886252335074246e-12
390.0,822.3199462890625,0.0,0.03429194167256355,336.16400146484375,456.6756286621094,2.57499447112175e-12
390.0,822.6799926757812,0.0,0.03296414390206337,336.1527404785156,456.97698974609375,2.3778763246634638e-12
390.0,823.0799560546875,0.0,0.03154998645186424,336.1402282714844,457.31646728515625,2.1766141406615036e-12
390.0,823.4400024414062,0.0,0.030330030247569084,336.12896728515625,457.61859130859375,2.010212742792339e-12
390.0,823.8400268554688,0.0,0.02903066575527191,336.116455078125,457.95904541015625,1.8402944099160656e-12
390.0,824.2000122070312,0.0,0.02790967747569084,336.1051940917969,458.2652282714844,1.699779965218251e-12
390.0,824.5599975585938,0.0,0.026832686737179756,336.09393310546875,458.5750427246094,1.5700661257223025e-12
390.0,824.9600219726562,0.0,0.0256855059415102,336.08160400390625,458.91595458984375,1.4376166273047386e-12
390.0,825.3200073242188,0.0,0.024695713073015213,336.07061767578125,459.21893310546875,1.3280772965737486e-12
390.0,825.6799926757812,0.0,0.02374468371272087,336.05963134765625,459.5254821777344,1.226939556897566e-12
390.0,826.0800170898438,0.0,0.02273157797753811,336.04742431640625,459.86395263671875,1.1236466401429168e-12
390.0,826.4400024414062,0.0,0.02185739576816559,336.03643798828125,460.174560546875,1.0381837533754434e-12
390.0,826.8399658203125,0.0,0.02092610113322735,336.02423095703125,460.517333984375,9.508908417610318e-13
390.0,827.2000122070312,0.0,0.020122475922107697,336.01324462890625,460.82879638671875,8.786647624769994e-13
390.0,827.5599975585938,0.0,0.019350221380591393,336.0025329589844,461.1328430175781,8.119809620683871e-13
390.0,827.9599609375,0.0,0.018527433276176453,335.9906311035156,461.4723205566406,7.438491012382031e-13
390.0,828.3200073242188,0.0,0.01781737059354782,335.97991943359375,461.7803955078125,6.874667935613532e-13
390.0,828.719970703125,0.0,0.01706080138683319,335.968017578125,462.12396240234375,6.298547295703616e-13
390.0,829.0800170898438,0.0,0.016407852992415428,335.9573059082031,462.4361877441406,5.821726022266216e-13
390.0,829.4400024414062,0.0,0.015780307352542877,335.94659423828125,462.7456359863281,5.381317136690655e-13
390.0,829.8400268554688,0.0,0.015111612156033516,335.93475341796875,463.093505859375,4.931203015368091e-13
390.0,830.2000122070312,0.0,0.014534450136125088,335.92431640625,463.39923095703125,4.558709095978108e-13
390.0,830.5599975585938,0.0,0.013979692943394184,335.91387939453125,463.7052001953125,4.2145700449545964e-13
390.0,830.9600219726562,0.0,0.013388500548899174,335.90228271484375,464.050048828125,3.8627719187341036e-13
390.0,831.3200073242188,0.0,0.01287818793207407,335.891845703125,464.36016845703125,3.5715319048577887e-13
390.0,831.7200317382812,0.0,0.01233433187007904,335.8802490234375,464.7059631347656,3.2738064646362086e-13
390.0,832.0800170898438,0.0,0.011864854022860527,335.86981201171875,465.02032470703125,3.02728192990917e-13
390.0,832.4400024414062,0.0,0.011413544416427612,335.8594055175781,465.33477783203125,2.7994685562748867e-13
390.0,832.8399658203125,0.0,0.010932527482509613,335.8481140136719,465.67718505859375,2.566588163787492e-13
390.0,833.199951171875,0.0,0.010517253540456295,335.83795166015625,465.98480224609375,2.3737389549631505e-13
390.0,833.5599975585938,0.0,0.010118016973137856,335.8277893066406,466.2960205078125,2.1954779574201444e-13
390.0,833.9599609375,0.0,0.009692462161183357,335.8164978027344,466.64306640625,2.0131837277954923e-13
390.0,834.3200073242188,0.0,0.009325042366981506,335.80633544921875,466.9552307128906,1.8622004437605921e-13
390.0,834.7200317382812,0.0,0.008933384902775288,335.7950439453125,467.30316162109375,1.707785795375047e-13
390.0,835.0800170898438,0.0,0.00859521422535181,335.7848815917969,467.61944580078125,1.579868234933418e-13
390.0,835.4400024414062,0.0,0.00827005784958601,335.77496337890625,467.92822265625,1.4616313801646408e-13
390.0,835.8400268554688,0.0,0.007923416793346405,335.76397705078125,468.27276611328125,1.3406830712877488e-13
390.0,836.2000122070312,0.0,0.007624086923897266,335.75408935546875,468.58551025390625,1.2404714842123576e-13
390.0,836.5599975585938,0.0,0.007336251903325319,335.74420166015625,468.89544677734375,1.1478165152286474e-13
390.0,836.9600219726562,0.0,0.007029375992715359,335.73321533203125,469.24462890625,1.053014148317058e-13
390.0,837.3200073242188,0.0,0.006764361634850502,335.72332763671875,469.5587158203125,9.744593641117932e-14
390.0,837.719970703125,0.0,0.00648180115967989,335.71234130859375,469.9122314453125,8.940764117558106e-14
390.0,838.0799560546875,0.0,0.006237771827727556,335.7026062011719,470.22296142578125,8.27475430840649e-14
390.0,838.4400024414062,0.0,0.006003081798553467,335.6929931640625,470.5334777832031,7.658751291581695e-14
390.0,838.8399658203125,0.0,0.005752827972173691,335.68231201171875,470.88006591796875,7.028335839752778e-14
390.0,839.2000122070312,0.0,0.00553668150678277,335.6726989746094,471.19146728515625,6.505814089492398e-14
390.0,839.5599975585938,0.0,0.005328790750354528,335.6630859375,471.506591796875,6.022399511593571e-14
390.0,839.9600219726562,0.0,0.005107097327709198,335.65240478515625,471.85791015625,5.52760555426815e-14
390.0,840.3200073242188,0.0,0.004915602505207062,335.6427917480469,472.17388916015625,5.1174254449889295e-14
390.0,840.7200317382812,0.0,0.004711381625384092,335.6321105957031,472.526123046875,4.697543081518679e-14
390.0,841.0800170898438,0.0,0.004534969571977854,335.6227722167969,472.83465576171875,4.349501648063213e-14
390.0,841.4400024414062,0.0,0.00436527281999588,335.6134338378906,473.1470947265625,4.0274166922434074e-14
390.0,841.8400268554688,0.0,0.004184281453490257,335.6030578613281,473.4957580566406,3.6976488087788265e-14
390.0,842.2000122070312,0.0,0.004027921240776777,335.5937194824219,473.8089599609375,3.424195741405858e-14
390.0,842.5999755859375,0.0,0.0038611451163887978,335.5833435058594,474.1585693359375,3.144189349526573e-14
390.0,842.9600219726562,0.0,0.003717058803886175,335.5740051269531,474.4725341796875,2.911976283476343e-14
390.0,843.3200073242188,0.0,0.00357844028621912,335.5646667480469,474.79034423828125,2.697029475836124e-14
390.0,843.719970703125,0.0,0.0034305769950151443,335.5543212890625,475.14453125,2.4769006900311925e-14
390.0,844.0799560546875,0.0,0.0033028183970600367,335.5452575683594,475.45489501953125,2.294352045590503e-14
390.0,844.4400024414062,0.0,0.0031798970885574818,335.53619384765625,475.765625,2.1253627045694605e-14
390.0,844.8399658203125,0.0,0.003048764541745186,335.526123046875,476.11285400390625,1.9522608491829088e-14
390.0,845.2000122070312,0.0,0.0029354530852288008,335.5170593261719,476.4278259277344,1.8086442106902793e-14
390.0,845.6000366210938,0.0,0.002814566483721137,335.5069885253906,476.77593994140625,1.6615318672243314e-14
390.0,845.9600219726562,0.0,0.0027101028244942427,335.4979248046875,477.09173583984375,1.5394642551296196e-14
390.0,846.3200073242188,0.0,0.0026095816865563393,335.4888610839844,477.4114074707031,1.426425336626281e-14
390.0,846.7200317382812,0.0,0.0025023326743394136,335.4787902832031,477.7643127441406,1.3106186532644941e-14
390.0,847.0800170898438,0.0,0.002409645589068532,335.4700012207031,478.076416015625,1.2145320827609135e-14
390.0,847.4400024414062,0.0,0.002320449100807309,335.4612121582031,478.3854675292969,1.1255534739375121e-14
390.0,847.8400268554688,0.0,0.0022252730559557676,335.4514465332031,478.734619140625,1.0343600433636302e-14
390.0,848.2000122070312,0.0,0.0021430125925689936,335.4426574707031,479.0478515625,9.58673160251838e-15
390.0,848.5999755859375,0.0,0.002055233344435692,335.4328918457031,479.39788818359375,8.811020523488786e-15
390.0,848.9599609375,0.0,0.001979362452402711,335.4241027832031,479.71197509765625,8.167141652369852e-15
390.0,849.3199462890625,0.0,0.0019063394283875823,335.4153137207031,480.0298767089844,7.570633098826114e-15
390.0,849.719970703125,0.0,0.0018284115940332413,335.4055480957031,480.3848571777344,6.9591888133234414e-15
390.0,850.0800170898438,0.0,0.0017610503127798438,335.3969421386719,480.6955871582031,6.45168817594308e-15
390.0,850.4400024414062,0.0,0.001696211751550436,335.388427734375,481.00628662109375,5.981489599010377e-15
390.0,850.8400268554688,0.0,0.0016270113410428166,335.37896728515625,481.353759765625,5.499418584772485e-15
390.0,851.2000122070312,0.0,0.0015671885339543223,335.3704528808594,481.6652526855469,5.099142577635624e-15
390.0,851.6000366210938,0.0,0.001503337873145938,335.3609924316406,482.01715087890625,4.688681422824505e-15
390.0,851.9600219726562,0.0,0.0014481371035799384,335.35247802734375,482.3293151855469,4.347861622870739e-15
390.0,852.3200073242188,0.0,0.0013949975837022066,335.3439636230469,482.64544677734375,4.0319827080488764e-15
390.0,852.7200317382812,0.0,0.0013382758479565382,335.3345031738281,482.9986877441406,3.708048086382152e-15
390.0,853.0800170898438,0.0,0.00128923449665308,335.3260192871094,483.31890869140625,3.4389834120056133e-15
390.0,853.47998046875,0.0,0.0012368840398266912,335.3168640136719,483.66082763671875,3.1631301920733053e-15
390.0,853.8399658203125,0.0,0.0011916188523173332,335.3086242675781,483.969970703125,2.9339741102813637e-15
390.0,854.2000122070312,0.0,0.00114803749602288,335.3003845214844,484.2829284667969,2.721529353264039e-15
390.0,854.5999755859375,0.0,0.001101511879824102,335.2912292480469,484.62969970703125,2.5036197514292664e-15
390.0,854.9599609375,0.0,0.0010612800251692533,335.2829895019531,484.9434814453125,2.3225702706019223e-15
390.0,855.3200073242188,0.0,0.0010225423611700535,335.2747497558594,485.25762939453125,2.1547171395763266e-15
390.0,855.719970703125,0.0,0.000981184421107173,335.2655944824219,485.60906982421875,1.982505600520634e-15
390.0,856.0800170898438,0.0,0.0009454187820665538,335.2573547363281,485.9276123046875,1.8394029839720457e-15
390.0,856.4800415039062,0.0,0.0009072318789549172,335.2482604980469,486.2796325683594,1.6925851750376818e-15
390.0,856.8400268554688,0.0,0.0008742062491364777,335.24029541015625,486.5867004394531,1.5706071366771422e-15
390.0,857.2000122070312,0.0,0.0008424026891589165,335.2323303222656,486.89764404296875,1.4574774162418578e-15
390.0,857.6000366210938,0.0,0.0008084430010057986,335.2234802246094,487.24249267578125,1.3413857274691436e-15
390.0,857.9600219726562,0.0,0.0007790708914399147,335.21551513671875,487.55419921875,1.244890251810276e-15
390.0,858.3200073242188,0.0,0.000750783656258136,335.2075500488281,487.86639404296875,1.1553903153836633e-15
390.0,858.719970703125,0.0,0.0007205764995887876,335.1986999511719,488.2159118652344,1.0635263100012638e-15
390.0,859.0800170898438,0.0,0.0006944481283426285,335.19073486328125,488.52886962890625,9.871641722239205e-16
390.0,859.47998046875,0.0,0.000666544830892235,335.181884765625,488.8792419433594,9.087766727905737e-16
390.0,859.8399658203125,0.0,0.0006424080347642303,335.1739196777344,489.196533203125,8.436038931860189e-16
390.0,860.199951171875,0.0,0.0006191598949953914,335.1662292480469,489.5053405761719,7.831558633612486e-16
390.0,860.5999755859375,0.0,0.0005943301948718727,335.1576843261719,489.84442138671875,7.21103129617905e-16
390.0,860.9599609375,0.0,0.0005728499381802976,335.1499938964844,490.15411376953125,6.694977531855552e-16
390.0,861.3200073242188,0.0,0.0005521589773707092,335.1423034667969,490.46405029296875,6.216143983421183e-16
390.0,861.7200317382812,0.0,0.0005300588090904057,335.1337585449219,490.8116455078125,5.724442945726838e-16
390.0,862.0800170898438,0.0,0.0005109385820105672,335.1260681152344,491.12225341796875,5.315545201978113e-16
390.0,862.4800415039062,0.0,0.000490515201818198,335.1175231933594,491.470703125,4.895615912882585e-16
390.0,862.8400268554688,0.0,0.0004728447529487312,335.1098327636719,491.7857360839844,4.54633287735721e-16
390.0,863.2000122070312,0.0,0.0004558216023724526,335.1021423339844,492.1010437011719,4.2221680744870685e-16
390.0,863.6000366210938,0.0,0.0004376368597149849,335.09375,492.4462890625,3.889277508771228e-16
390.0,863.9600219726562,0.0,0.00042190193198621273,335.0863342285156,492.74993896484375,3.6124052023242547e-16
390.0,864.3599853515625,0.0,0.000405092112487182,335.0780944824219,493.09136962890625,3.327976038498793e-16
390.0,864.719970703125,0.0,0.0003905461053363979,335.0706787109375,493.3993835449219,3.0913343559750507e-16
390.0,865.0799560546875,0.0,0.00037653103936463594,335.0632629394531,493.707763671875,2.8716505377531355e-16
390.0,865.47998046875,0.0,0.00036155752604827285,335.0550231933594,494.05035400390625,2.6459620500285754e-16
390.0,865.8399658203125,0.0,0.0003485996276140213,335.047607421875,494.3630676269531,2.4581467876559192e-16
390.0,866.2000122070312,0.0,0.00033611382241360843,335.0401916503906,494.6724853515625,2.2837839966724375e-16
390.0,866.5999755859375,0.0,0.0003227731504011899,335.0319519042969,495.01983642578125,2.1046128378754094e-16
390.0,866.9600219726562,0.0,0.0003112275153398514,335.0245361328125,495.33367919921875,1.9555014225385584e-16
390.0,867.3599853515625,0.0,0.00029889086727052927,335.0164794921875,495.6772766113281,1.802296588135203e-16
390.0,867.7200317382812,0.0,0.00028821328305639327,335.00933837890625,495.9791259765625,1.674806085823712e-16
390.0,868.0800170898438,0.0,0.00027792336186394095,335.002197265625,496.2850646972656,1.5563916738909489e-16
390.0,868.4800415039062,0.0,0.0002669274399522692,334.9942626953125,496.62530517578125,1.434688259493777e-16
390.0,868.8400268554688,0.0,0.0002574096724856645,334.98712158203125,496.9282531738281,1.3333864277246128e-16
390.0,869.2000122070312,0.0,0.00024823687272146344,334.97998046875,497.2388916015625,1.2392745821886576e-16
390.0,869.5999755859375,0.0,0.00023843403323553503,334.9720458984375,497.58038330078125,1.1425448754500946e-16
390.0,869.9599609375,0.0,0.00022994833125267178,334.96490478515625,497.887939453125,1.0620107033608298e-16
390.0,870.3599853515625,0.0,0.00022087937395554036,334.95697021484375,498.23388671875,9.792127695455789e-17
390.0,870.719970703125,0.0,0.00021302861568983644,334.9498291015625,498.5459289550781,9.102709712584283e-17
390.0,871.0799560546875,0.0,0.00020546154701150954,334.9427795410156,498.8540344238281,8.462284644777558e-17
390.0,871.47998046875,0.0,0.00019737360707949847,334.9351501464844,499.1882019042969,7.803938874435993e-17
390.0,871.8399658203125,0.0,0.000190371458302252,334.92828369140625,499.48846435546875,7.255680917457886e-17
390.0,872.2000122070312,0.0,0.00018362169794272631,334.9214172363281,499.7928466796875,6.746180011772584e-17
390.0,872.6000366210938,0.0,0.00017640682926867157,334.9137878417969,500.12811279296875,6.222279545983959e-17
390.0,872.9600219726562,0.0,0.00017016009951476008,334.90692138671875,500.4330749511719,5.785880892369153e-17
390.0,873.3600463867188,0.0,0.00016348258941434324,334.8992919921875,500.77276611328125,5.3370632799097206e-17
390.0,873.7200317382812,0.0,0.00015770085155963898,334.8924255371094,501.07855224609375,4.963205767176579e-17
390.0,874.0800170898438,0.0,0.0001521269732620567,334.88555908203125,501.38446044921875,4.615742595173269e-17
390.0,874.47998046875,0.0,0.00014616826956626028,334.8779296875,501.72906494140625,4.25830693370502e-17
390.0,874.8400268554688,0.0,0.0001410085678799078,334.8710632324219,502.0357971191406,3.9605576473883926e-17
390.0,875.2000122070312,0.0,0.00013603399565909058,334.8643798828125,502.337890625,3.683824373458777e-17
390.0,875.5999755859375,0.0,0.00013071551802568138,334.8570556640625,502.67047119140625,3.399154797860083e-17
390.0,875.9599609375,0.0,0.0001261097495444119,334.8504638671875,502.9691162109375,3.161957779360297e-17
390.0,876.3599853515625,0.0,0.00012118536687921733,334.8431396484375,503.30242919921875,2.917906080560407e-17
390.0,876.719970703125,0.0,0.00011692066618707031,334.8365478515625,503.60150146484375,2.7145357860303645e-17
390.0,877.0800170898438,0.0,0.00011280846956651658,334.8299560546875,503.90472412109375,2.5254280704942064e-17
390.0,877.47998046875,0.0,0.00010841152106877416,334.8226318359375,504.23907470703125,2.3308502095672352e-17
390.0,877.8400268554688,0.0,0.00010460334306117147,334.8160400390625,504.54315185546875,2.1686667266613107e-17
390.0,878.239990234375,0.0,0.00010053126607090235,334.8087158203125,504.8819580078125,2.0017620276911785e-17
390.0,878.6000366210938,0.0,9.70043329289183e-05,334.8021240234375,505.1864929199219,1.8626469577081328e-17
390.0,878.9600219726562,0.0,9.360314288642257e-05,334.7955322265625,505.49139404296875,1.7332734283630016e-17
390.0,879.3600463867188,0.0,8.996600809041411e-05,334.78839111328125,505.8226318359375,1.6001425138034096e-17
390.0,879.7200317382812,0.0,8.681548933964223e-05,334.7820739746094,506.1189270019531,1.4891618416867625e-17
390.0,880.0800170898438,0.0,8.377704216400161e-05,334.7757568359375,506.4116516113281,1.3859462448523957e-17
390.0,880.47998046875,0.0,8.052751218201593e-05,334.76873779296875,506.7431945800781,1.2796778552493407e-17
390.0,880.8399658203125,0.0,7.771255332045257e-05,334.7624206542969,507.04034423828125,1.1910771336317446e-17
390.0,881.239990234375,0.0,7.470191485481337e-05,334.7554016113281,507.3688659667969,1.0998657472828698e-17
390.0,881.5999755859375,0.0,7.20937896403484e-05,334.74908447265625,507.6666564941406,1.02380458744321e-17
390.0,881.9599609375,0.0,6.957817822694778e-05,334.7427673339844,507.9685363769531,9.530359773168483e-18
390.0,882.3599853515625,0.0,6.688751454930753e-05,334.7357482910156,508.3017883300781,8.801739384962374e-18
390.0,882.719970703125,0.0,6.45564214210026e-05,334.72943115234375,508.6004638671875,8.194117322399296e-18
390.0,883.0800170898438,0.0,6.230788858374581e-05,334.7231140136719,508.9034423828125,7.62870297777235e-18
390.0,883.4800415039062,0.0,5.9902733482886106e-05,334.7160949707031,509.2376403808594,7.046488594904451e-18
390.0,883.8400268554688,0.0,5.781884101452306e-05,334.7100524902344,509.5279846191406,6.561010503132791e-18
390.0,884.2400512695312,0.0,5.5589629482710734e-05,334.7033386230469,509.8533935546875,6.06097155103836e-18
390.0,884.6000366210938,0.0,5.365807010093704e-05,334.6972961425781,510.1442565917969,5.643871103832478e-18
390.0,884.9600219726562,0.0,5.179467552807182e-05,334.6912536621094,510.4354248046875,5.255686409299611e-18
390.0,885.3599853515625,0.0,4.9801223212853074e-05,334.6845397949219,510.7617492675781,4.855809516808308e-18
390.0,885.719970703125,0.0,4.807382356375456e-05,334.6784973144531,511.05352783203125,4.5222117116687345e-18
390.0,886.0800170898438,0.0,4.640728730009869e-05,334.6724548339844,511.3494567871094,4.2116723932846894e-18
390.0,886.47998046875,0.0,4.462431388674304e-05,334.6657409667969,511.67681884765625,3.891772285498688e-18
390.0,886.8399658203125,0.0,4.307921335566789e-05,334.6596984863281,511.9733581542969,3.6248344843829255e-18
390.0,887.239990234375,0.0,4.1426090319873765e-05,334.6529846191406,512.30517578125,3.3498023073830254e-18
390.0,887.5999755859375,0.0,3.999345426564105e-05,334.6469421386719,512.602294921875,3.1203068366944758e-18
390.0,887.9600219726562,0.0,3.861115328618325e-05,334.6408996582031,512.899658203125,2.906652495121776e-18
390.0,888.3599853515625,0.0,3.713210389832966e-05,334.63446044921875,513.2191772460938,2.6865581388900447e-18
390.0,888.7200317382812,0.0,3.5850211133947596e-05,334.6286926269531,513.5037841796875,2.502878341174429e-18
390.0,889.1199951171875,0.0,3.447850394877605e-05,334.6222839355469,513.8238525390625,2.31356957939039e-18
390.0,889.4800415039062,0.0,3.328959064674564e-05,334.61651611328125,514.10888671875,2.1555685698157173e-18
390.0,889.8400268554688,0.0,3.214231037418358e-05,334.6107482910156,514.3983154296875,2.0084203766728935e-18
390.0,890.239990234375,0.0,3.09145798382815e-05,334.6043395996094,514.71923828125,1.8567623948304306e-18
390.0,890.6000366210938,0.0,2.985039827763103e-05,334.59857177734375,515.009033203125,1.7301566118149018e-18
390.0,890.9600219726562,0.0,2.882341323129367e-05,334.5928039550781,515.2991943359375,1.6122461513985305e-18
390.0,891.3599853515625,0.0,2.7724348910851404e-05,334.5863952636719,515.62109375,1.490706125851853e-18
390.0,891.719970703125,0.0,2.6771629563882016e-05,334.58062744140625,515.9156494140625,1.3892197500880284e-18
390.0,892.1199951171875,0.0,2.5752000510692596e-05,334.57421875,516.2381591796875,1.284611491294852e-18
390.0,892.47998046875,0.0,2.486809898982756e-05,334.5684509277344,516.5333862304688,1.1972553249473878e-18
390.0,892.8399658203125,0.0,2.4015014787437394e-05,334.562744140625,516.824462890625,1.1158932195112126e-18
390.0,893.239990234375,0.0,2.3101938495528884e-05,334.556640625,517.1341552734375,1.0320330286251272e-18
390.0,893.5999755859375,0.0,2.2310339772957377e-05,334.5511474609375,517.416748046875,9.619929578232716e-19
390.0,893.9600219726562,0.0,2.1546275092987344e-05,334.545654296875,517.695556640625,8.967472258517733e-19
390.0,894.3600463867188,0.0,2.072842835332267e-05,334.53955078125,518.010009765625,8.294584094660573e-19
390.0,894.7200317382812,0.0,2.001934262807481e-05,334.5340576171875,518.2933349609375,7.732572771073669e-19
390.0,895.1199951171875,0.0,1.9260314729763195e-05,334.5279541015625,518.6083984375,7.152982825494248e-19
390.0,895.4800415039062,0.0,1.8602200725581497e-05,334.5224609375,518.8921508789062,6.668859345373221e-19
390.0,895.8400268554688,0.0,1.796692049538251e-05,334.5169677734375,519.1802978515625,6.217690223868423e-19
390.0,896.239990234375,0.0,1.7286851289100014e-05,334.5108642578125,519.4962158203125,5.752403714246759e-19
390.0,896.5999755859375,0.0,1.66971622093115e-05,334.50537109375,519.7808837890625,5.363707408505028e-19
390.0,896.9599609375,0.0,1.612790219951421e-05,334.4998779296875,520.0696411132812,5.001430734540359e-19
390.0,897.3599853515625,0.0,1.551846980873961e-05,334.4937744140625,520.3905639648438,4.627733798243629e-19
390.0,897.719970703125,0.0,1.4989998817327432e-05,334.48828125,520.6759643554688,4.3155449783205765e-19
390.0,898.1199951171875,0.0,1.442421034880681e-05,334.4824523925781,520.983642578125,3.993557945547892e-19
390.0,898.47998046875,0.0,1.3933552509115543e-05,334.47723388671875,521.2599487304688,3.724511505954367e-19
390.0,898.8400268554688,0.0,1.345983037026599e-05,334.4720153808594,521.536376953125,3.4737180990465317e-19
390.0,899.239990234375,0.0,1.2952616998518351e-05,334.4662170410156,521.8406982421875,3.2149710920550577e-19
390.0,899.6000366210938,0.0,1.2512729881564155e-05,334.46099853515625,522.11767578125,2.9987186795759054e-19
390.0,900.0,0.0,1.2041724403388798e-05,334.4552001953125,522.4265747070312,2.775569390245651e-19
