current_uA,electrical_capacitance_pF,thermal_capacitance_pJ_per_K,oscillation_detected,oscillation_frequency_MHz,voltage_mean_mV,voltage_vpp_mV,temperature_max_K
37.99008122008859,0.0,0.021918,False,,95.24493664503098,0.0,315.38275146484375
76.17083384633712,0.0,0.021918,False,,178.3963143825531,0.0,318.09564208984375
114.17150902555795,0.0,0.021918,False,,243.18885803222656,0.0,321.9530944824219
152.16154020295048,0.0,0.021918,False,,290.671706199646,0.0,326.4328918457031
189.60094286792295,0.0,0.021918,False,,319.0543055534363,0.0,330.85833740234375
228.15229898524512,0.0,0.021918,False,,314.99364972114563,0.0,333.95306396484375
266.70376233691485,0.0,0.021918,False,,291.140615940094,0.0,335.52630615234375
303.2005083702369,0.0,0.021918,False,,267.1601474285126,0.0,336.4390869140625
341.5718172250129,0.0,0.021918,False,,244.56442892551422,0.0,337.1285705566406
380.88580812995247,0.0,0.021918,False,,224.62718188762665,0.0,337.6783447265625
419.0559644140832,0.0,0.021918,False,,208.02514255046844,0.0,338.1183776855469
457.8085803363978,0.0,0.021918,False,,193.48877668380737,0.0,338.5011291503906
494.4853744265939,0.0,0.021918,False,,181.50964379310608,0.0,338.8202209472656
532.8566832813709,0.0,0.021918,False,,170.50568759441376,0.0,339.1199645996094
570.0736739678696,0.0,0.021918,False,,161.08007729053497,0.0,339.3844299316406
606.2950294894458,0.0,0.021918,False,,152.89421379566193,0.0,339.6217956542969
645.4819548424252,0.0,0.021918,False,,144.9700891971588,0.0,339.8602294921875
682.444649204679,0.0,0.021918,False,,138.2497400045395,0.0,340.0705261230469
721.2714260182299,0.0,0.021918,False,,131.86736404895782,0.0,340.27850341796875
756.6243660265701,0.0,0.021918,False,,126.57906115055084,0.0,340.4579772949219
834.7865599618726,0.0,0.021918,False,,116.3533478975296,0.0,340.8272705078125
906.8051472486442,0.0,0.021918,False,,108.38238149881363,0.0,341.1405944824219
37.99008122008859,0.1,0.021918,False,,95.24495154619217,0.0,315.38275146484375
76.17083384633712,0.1,0.021918,False,,178.3961057662964,0.0,318.0956726074219
114.17150902555795,0.1,0.021918,False,,243.18856000900269,0.0,321.9531555175781
152.16154020295048,0.1,0.021918,False,,290.6712293624878,0.0,326.4329528808594
189.60094286792295,0.1,0.021918,False,,319.05314326286316,0.0,330.8584289550781
228.15229898524512,0.1,0.021918,False,,314.9895370006561,0.0,333.95318603515625
266.70376233691485,0.1,0.021918,False,,291.13179445266724,0.0,335.5264587402344
303.2005083702369,0.1,0.021918,False,,267.1512961387634,0.0,336.439208984375
341.5718172250129,0.1,0.021918,False,,244.5569932460785,0.0,337.128662109375
380.88580812995247,0.1,0.021918,False,,224.61938858032227,0.0,337.6784362792969
419.0559644140832,0.1,0.021918,False,,207.93046057224274,0.0,338.1312561035156
457.8085803363978,0.1,0.021918,False,,182.05837905406952,0.0,338.8210754394531
494.4853744265939,0.1,0.021918,False,,157.67551958560944,0.0,339.739990234375
532.8566832813709,0.1,0.021918,False,,137.07058131694794,0.0,341.14971923828125
570.0736739678696,0.1,0.021918,False,,123.26784431934357,0.0,343.23773193359375
606.2950294894458,0.1,0.021918,False,,116.26993119716644,0.0,346.0350646972656
645.4819548424252,0.1,0.021918,False,,110.47682911157608,0.0,350.3273010253906
682.444649204679,0.1,0.021918,False,,105.57399690151215,0.0,355.1883239746094
721.2714260182299,0.1,0.021918,False,,100.91164708137512,0.0,369.23712158203125
756.6243660265701,0.1,0.021918,False,,97.04364836215973,0.0,375.60491943359375
834.7865599618726,0.1,0.021918,False,,89.55448865890503,0.0,366.9707946777344
906.8051472486442,0.1,0.021918,False,,83.70672911405563,0.0,384.1856689453125
37.99008122008859,0.2,0.021918,False,,95.24497389793396,0.0,315.38275146484375
76.17083384633712,0.2,0.021918,False,,178.3960461616516,0.0,318.095703125
114.17150902555795,0.2,0.021918,False,,243.18836629390717,0.0,321.95318603515625
152.16154020295048,0.2,0.021918,False,,290.67084193229675,0.0,326.4330139160156
189.60094286792295,0.2,0.021918,False,,319.0525770187378,0.0,330.8584899902344
228.15229898524512,0.2,0.021918,False,,314.98539447784424,0.0,333.95330810546875
266.70376233691485,0.2,0.021918,False,,291.11406207084656,0.0,335.5272216796875
303.2005083702369,0.2,0.021918,False,,264.9756968021393,0.0,336.5157775878906
341.5718172250129,0.2,0.021918,False,,230.95589876174927,0.0,337.4949035644531
380.88580812995247,0.2,0.021918,False,,195.66287100315094,0.0,338.6118469238281
419.0559644140832,0.2,0.021918,False,,168.1036502122879,0.0,339.9683532714844
457.8085803363978,0.2,0.021918,False,,148.6283540725708,0.0,341.8564453125
494.4853744265939,0.2,0.021918,False,,137.06354796886444,0.0,344.78912353515625
532.8566832813709,0.2,0.021918,False,,129.06238436698914,0.0,348.1748046875
570.0736739678696,0.2,0.021918,False,,122.20707535743713,0.0,355.48394775390625
606.2950294894458,0.2,0.021918,False,,116.25076085329056,0.0,360.9253845214844
645.4819548424252,0.2,0.021918,False,,110.47686636447906,0.0,376.3244323730469
682.444649204679,0.2,0.021918,False,,105.57399690151215,0.0,362.8329772949219
721.2714260182299,0.2,0.021918,False,,100.91311484575272,0.0,390.7835388183594
756.6243660265701,0.2,0.021918,False,,97.04364836215973,0.0,405.55108642578125
834.7865599618726,0.2,0.021918,False,,89.55441415309906,0.0,406.6986389160156
906.8051472486442,0.2,0.021918,False,,83.70672911405563,0.0,467.71832275390625
37.99008122008859,0.39,0.021918,False,,95.24491429328918,0.0,315.3827819824219
76.17083384633712,0.39,0.021918,False,,178.39603126049042,0.0,318.0957336425781
114.17150902555795,0.39,0.021918,False,,243.1878298521042,0.0,321.9532775878906
152.16154020295048,0.39,0.021918,False,,290.67033529281616,0.0,326.43310546875
189.60094286792295,0.39,0.021918,False,,319.05072927474976,0.0,330.858642578125
228.15229898524512,0.39,0.021918,False,,314.88385796546936,0.0,333.97088623046875
266.70376233691485,0.39,0.021918,False,,277.98667550086975,0.0,335.9654541015625
303.2005083702369,0.39,0.021918,False,,228.96108031272888,0.0,337.703857421875
341.5718172250129,0.39,0.021918,False,,192.18651950359344,0.0,339.6284484863281
380.88580812995247,0.39,0.021918,False,,169.16434466838837,0.0,342.08709716796875
419.0559644140832,0.39,0.021918,False,,156.35375678539276,0.0,345.7817687988281
457.8085803363978,0.39,0.021918,False,,145.74162662029266,0.0,351.110107421875
494.4853744265939,0.39,0.021918,False,,137.05511391162872,0.0,353.8269958496094
532.8566832813709,0.39,0.021918,False,,129.06582653522491,0.0,364.233642578125
570.0736739678696,0.39,0.021918,False,,122.21080809831619,0.0,376.4609375
606.2950294894458,0.39,0.021918,False,,116.2542775273323,0.0,368.09539794921875
645.4819548424252,0.39,0.021918,False,,110.47869175672531,0.0,370.11676025390625
682.444649204679,0.39,0.021918,False,,105.57551681995392,0.0,388.9218444824219
721.2714260182299,0.39,0.021918,False,,100.91311484575272,0.0,413.6493835449219
756.6243660265701,0.39,0.021918,False,,97.04514592885971,0.0,422.1998596191406
834.7865599618726,0.39,0.021918,False,,89.5557701587677,0.0,390.5102844238281
906.8051472486442,0.39,0.021918,False,,83.70672911405563,0.0,429.95745849609375
37.99008122008859,1.0,0.021918,False,,95.24493664503098,0.0,315.3828430175781
76.17083384633712,1.0,0.021918,False,,178.3953160047531,0.0,318.095947265625
114.17150902555795,1.0,0.021918,False,,243.18523705005646,0.0,321.9537353515625
152.16154020295048,1.0,0.021918,False,,290.65200686454773,0.0,326.43597412109375
189.60094286792295,1.0,0.021918,False,,318.73372197151184,0.0,330.96148681640625
228.15229898524512,1.0,0.021918,False,,291.56216979026794,0.0,335.1386413574219
266.70376233691485,1.0,0.021918,False,,237.61625587940216,0.0,339.4815673828125
303.2005083702369,1.0,0.021918,False,,229.2357087135315,0.0,343.7692565917969
341.5718172250129,1.0,0.021918,False,,206.3392996788025,0.0,349.1084289550781
380.88580812995247,1.0,0.021918,False,,185.8702152967453,0.0,355.5889892578125
419.0559644140832,1.0,0.021918,False,,169.38719153404236,0.0,361.1958312988281
457.8085803363978,1.0,0.021918,False,,154.99937534332275,0.0,365.5322570800781
494.4853744265939,1.0,0.021918,False,,143.7704563140869,0.0,376.95086669921875
532.8566832813709,1.0,0.021918,False,,133.78456234931946,0.0,383.9376220703125
570.0736739678696,1.0,0.021918,False,,125.2020001411438,0.0,391.2763977050781
606.2950294894458,1.0,0.021918,False,,118.33406984806061,0.0,388.0848083496094
645.4819548424252,1.0,0.021918,False,,111.68315261602402,0.0,387.2663269042969
682.444649204679,1.0,0.021918,False,,106.42623901367188,0.0,413.5410461425781
721.2714260182299,1.0,0.021918,False,,101.34704411029816,0.0,396.99395751953125
756.6243660265701,1.0,0.021918,False,,97.17487543821335,0.0,404.2991638183594
834.7865599618726,1.0,0.021918,False,,89.55442160367966,0.0,440.529052734375
906.8051472486442,1.0,0.021918,False,,83.71162414550781,0.0,453.5024108886719
37.99008122008859,2.0,0.021918,False,,95.24505311133949,0.004820526255684854,315.3829345703125
76.17083384633712,2.0,0.021918,False,,178.38473417872345,0.01686811673516786,318.0984802246094
114.17150902555795,2.0,0.021918,False,,243.1747847379308,0.025629999691261673,321.9874572753906
152.16154020295048,2.0,0.021918,False,,290.62967958728666,0.01510978093324411,326.6111755371094
189.60094286792295,2.0,0.021918,False,,316.30968291384784,0.04094839583638077,331.5544738769531
228.15229898524512,2.0,0.021918,False,,282.34955134636857,0.11834506358673025,338.2701110839844
266.70376233691485,2.0,0.021918,False,,249.92421840227615,0.11572242118316467,347.0984191894531
303.2005083702369,2.0,0.021918,False,,228.02411642510828,0.061050073605599664,353.4303894042969
341.5718172250129,2.0,0.021918,False,,206.77491666665446,0.0005513433124519906,358.6175537109375
380.88580812995247,2.0,0.021918,False,,192.09645688533783,0.0,365.59075927734375
419.0559644140832,2.0,0.021918,False,,182.16893076896667,0.0,368.8136291503906
457.8085803363978,2.0,0.021918,False,,171.48739099502563,0.0,376.4347839355469
494.4853744265939,2.0,0.021918,False,,160.36422550678253,0.0,379.0224914550781
532.8566832813709,2.0,0.021918,False,,148.48463237285614,0.0,381.8765869140625
570.0736739678696,2.0,0.021918,False,,137.93477416038513,0.0,390.06640625
606.2950294894458,2.0,0.021918,False,,129.0195733308792,0.0,399.059814453125
645.4819548424252,2.0,0.021918,False,,120.51776796579361,0.0,393.9349060058594
682.444649204679,2.0,0.021918,False,,113.40276896953583,0.0,403.58990478515625
721.2714260182299,2.0,0.021918,False,,106.972336769104,0.0,408.5379333496094
756.6243660265701,2.0,0.021918,False,,101.40141099691391,0.0,406.41656494140625
834.7865599618726,2.0,0.021918,False,,92.02641248703003,0.0,429.5364990234375
906.8051472486442,2.0,0.021918,False,,84.96517688035965,0.0,432.89501953125
37.99008122008859,3.0,0.021918,False,,95.24304067598317,0.04308671203241943,315.38275146484375
76.17083384633712,3.0,0.021918,False,,178.3870048640093,0.12798608394194844,318.09930419921875
114.17150902555795,3.0,0.021918,False,,243.17338439957396,0.04979967989154943,322.0050048828125
152.16154020295048,3.0,0.021918,False,,290.60220466227685,0.24160745058264865,326.6966552734375
189.60094286792295,3.0,0.021918,False,,314.82430996002677,0.16999244491455556,331.84844970703125
228.15229898524512,3.0,0.021918,False,,277.7976523586342,46.105569979755614,344.04779052734375
266.70376233691485,3.0,0.021918,True,58.8235294117647,227.03108408056895,379.90598876882143,352.8990173339844
303.2005083702369,3.0,0.021918,True,66.66666666666667,216.1830051882253,386.1414210682545,359.0418701171875
341.5718172250129,3.0,0.021918,True,76.92307692307692,194.2803934133717,379.0231692733195,364.2223205566406
380.88580812995247,3.0,0.021918,True,83.33333333333333,179.51155661247344,358.7371766147102,369.9323425292969
419.0559644140832,3.0,0.021918,True,100.0,170.6630063653826,325.9703420410605,373.8346862792969
457.8085803363978,3.0,0.021918,False,,169.07883698222696,1.0768327683766188,380.21905517578125
494.4853744265939,3.0,0.021918,False,,156.23119473457336,0.0,386.0009765625
532.8566832813709,3.0,0.021918,False,,144.6196287870407,0.0,388.45751953125
570.0736739678696,3.0,0.021918,False,,140.58159291744232,0.0,395.15814208984375
606.2950294894458,3.0,0.021918,False,,135.6048882007599,0.0,399.9959411621094
645.4819548424252,3.0,0.021918,False,,128.54209542274475,0.0,399.2738342285156
682.444649204679,3.0,0.021918,False,,121.28165364265442,0.0,404.08203125
721.2714260182299,3.0,0.021918,False,,113.89249563217163,0.0,412.0099182128906
756.6243660265701,3.0,0.021918,False,,107.93114453554153,0.0,410.4944763183594
834.7865599618726,3.0,0.021918,False,,96.4360311627388,0.0,419.4441833496094
906.8051472486442,3.0,0.021918,False,,88.34556490182877,0.0,428.2707214355469
37.99008122008859,5.0,0.021918,False,,95.16209949196495,1.3835952396369322,315.3827209472656
76.17083384633712,5.0,0.021918,False,,178.38304530442616,0.5031526571063694,318.0958557128906
114.17150902555795,5.0,0.021918,False,,243.20514270604,0.87846820583718,321.98419189453125
152.16154020295048,5.0,0.021918,False,,290.59265991525655,0.5226136057106032,326.6717834472656
189.60094286792295,5.0,0.021918,False,,314.0710294173798,2.4487377358778986,331.9685974121094
228.15229898524512,5.0,0.021918,True,34.48275862068966,234.69863200833973,366.84259410420236,352.618408203125
266.70376233691485,5.0,0.021918,True,43.47826086956522,224.85845091148292,391.5451708208539,360.6351318359375
303.2005083702369,5.0,0.021918,True,47.61904761904762,206.1484823146421,407.5299173883912,366.6949768066406
341.5718172250129,5.0,0.021918,True,52.63157894736842,189.99284948773266,417.6591219287439,372.2540283203125
380.88580812995247,5.0,0.021918,True,58.8235294117647,180.0796150611788,421.1597825011841,377.712646484375
419.0559644140832,5.0,0.021918,True,62.5,176.56590876612367,417.31401319476447,381.4659729003906
457.8085803363978,5.0,0.021918,True,66.66666666666667,164.65878768207835,405.4752654402107,387.46551513671875
494.4853744265939,5.0,0.021918,True,71.42857142857143,151.11670994091125,385.74953688712765,390.267578125
532.8566832813709,5.0,0.021918,True,83.33333333333333,139.34524185517535,355.70111367626396,394.86181640625
570.0736739678696,5.0,0.021918,True,90.9090909090909,133.84168360174414,319.7428075576627,399.79937744140625
606.2950294894458,5.0,0.021918,True,100.0,129.11283450154193,280.7750941290797,402.2608337402344
645.4819548424252,5.0,0.021918,True,111.11111111111111,119.47117649763881,234.71189177247888,406.3943786621094
682.444649204679,5.0,0.021918,False,,120.3982635072292,0.0015199194865687105,413.01324462890625
721.2714260182299,5.0,0.021918,False,,112.01043426990509,0.0,416.0869445800781
756.6243660265701,5.0,0.021918,False,,108.76213759183884,0.0,419.28155517578125
834.7865599618726,5.0,0.021918,False,,103.76749187707901,0.0,428.2696228027344
906.8051472486442,5.0,0.021918,False,,95.62499821186066,0.0,433.7724914550781
37.99008122008859,7.0,0.021918,False,,94.83421351735146,4.893407400438676,315.3827209472656
76.17083384633712,7.0,0.021918,False,,178.11439114552834,4.622712958082985,318.0955505371094
114.17150902555795,7.0,0.021918,False,,243.20847477851535,0.6912202578915014,321.96282958984375
152.16154020295048,7.0,0.021918,False,,290.72129238010547,2.810925390900593,326.5934143066406
189.60094286792295,7.0,0.021918,False,,314.49092309772794,2.1649006402237205,331.8775939941406
228.15229898524512,7.0,0.021918,True,28.571428571428573,229.34020927526768,363.1720119533906,358.5077819824219
266.70376233691485,7.0,0.021918,True,34.48275862068966,214.02029231686237,387.8955236372494,366.50579833984375
303.2005083702369,7.0,0.021918,True,38.46153846153846,208.23737313846755,405.8074144909229,372.16046142578125
341.5718172250129,7.0,0.021918,True,43.47826086956522,201.12058502914326,419.97700944585,377.6373291015625
380.88580812995247,7.0,0.021918,True,47.61904761904762,193.519140403876,430.19886146321323,383.2005310058594
419.0559644140832,7.0,0.021918,True,50.0,175.80143091488358,436.0154919967887,388.0328674316406
457.8085803363978,7.0,0.021918,True,52.63157894736842,166.15772153132235,437.77069176896265,392.3350830078125
494.4853744265939,7.0,0.021918,True,55.55555555555556,159.36259663112105,435.1548146509937,396.5875244140625
532.8566832813709,7.0,0.021918,True,58.8235294117647,157.035259961187,426.9056530187827,400.78680419921875
570.0736739678696,7.0,0.021918,True,62.5,150.1173757379754,412.3170012325221,406.0556640625
606.2950294894458,7.0,0.021918,True,66.66666666666667,141.73691860355018,390.7906401728993,408.5598449707031
645.4819548424252,7.0,0.021918,True,74.07407407407408,128.16187924373813,358.0846083775882,412.7821350097656
682.444649204679,7.0,0.021918,True,83.33333333333333,118.829779984661,319.410708863687,416.7548522949219
721.2714260182299,7.0,0.021918,True,90.9090909090909,114.47540760020499,275.5924771589572,420.4241943359375
756.6243660265701,7.0,0.021918,True,100.0,107.61301028027478,237.3495691346722,424.6926574707031
834.7865599618726,7.0,0.021918,False,,102.41097337869333,0.003404917683596409,433.0581359863281
906.8051472486442,7.0,0.021918,False,,93.31871569156647,0.0,440.1771240234375
37.99008122008859,10.0,0.021918,False,,93.77495248879805,12.227237525139941,315.3827209472656
76.17083384633712,10.0,0.021918,False,,176.88457923516754,16.09298636804246,318.09552001953125
114.17150902555795,10.0,0.021918,False,,242.59090123951077,10.409445072741846,321.95294189453125
152.16154020295048,10.0,0.021918,False,,290.8130827779218,1.826584591675271,326.50286865234375
189.60094286792295,10.0,0.021918,False,,316.10984162598703,12.731940008957281,331.674560546875
228.15229898524512,10.0,0.021918,False,,226.19734424173905,356.19100203244494,365.882568359375
266.70376233691485,10.0,0.021918,True,27.77777777777778,216.5535851283884,379.3435328903389,373.9198303222656
303.2005083702369,10.0,0.021918,True,31.25,204.8000831609344,396.60105214979893,379.7752685546875
341.5718172250129,10.0,0.021918,True,34.48275862068966,191.27259369160814,410.9014510440734,385.53265380859375
380.88580812995247,10.0,0.021918,True,37.03703703703704,181.85883707805402,424.36496143427416,390.7240295410156
419.0559644140832,10.0,0.021918,True,40.0,182.6506544953067,434.0189631814141,395.5912780761719
457.8085803363978,10.0,0.021918,True,41.666666666666664,179.28149081778693,441.442994734095,400.6279296875
494.4853744265939,10.0,0.021918,True,43.47826086956522,172.83882184687124,446.41080853643155,405.0543212890625
532.8566832813709,10.0,0.021918,True,45.45454545454545,169.64842151822182,449.2541650160201,409.4551696777344
570.0736739678696,10.0,0.021918,True,47.61904761904762,161.26100922933807,449.5341514807159,413.5843811035156
606.2950294894458,10.0,0.021918,True,50.0,155.78703375999456,447.1393133353065,417.5102233886719
645.4819548424252,10.0,0.021918,True,52.63157894736842,147.3644927118237,440.01542257501103,421.2768859863281
682.444649204679,10.0,0.021918,True,55.55555555555556,139.89282058045976,430.21123469797914,425.57122802734375
721.2714260182299,10.0,0.021918,True,58.8235294117647,129.81223033735617,411.8979156103331,429.6297912597656
756.6243660265701,10.0,0.021918,True,62.5,124.57441539389191,388.06205020915814,432.744873046875
834.7865599618726,10.0,0.021918,True,76.92307692307692,109.56436773995843,305.35325199129653,441.5601806640625
906.8051472486442,10.0,0.021918,True,100.0,93.55421237145217,218.80704004845984,448.536865234375
37.99008122008859,20.0,0.021918,False,,86.9909449654183,34.11261034519828,315.37884521484375
76.17083384633712,20.0,0.021918,False,,166.87518061618223,57.31893411841055,318.091552734375
114.17150902555795,20.0,0.021918,False,,233.452098108221,64.10655492856083,321.9523620605469
152.16154020295048,20.0,0.021918,False,,284.9327784253173,55.92048304964089,326.4321594238281
189.60094286792295,20.0,0.021918,False,,317.07293109582326,36.714197637862014,331.2247314453125
228.15229898524512,20.0,0.021918,False,,204.02721489258374,341.7683691805136,386.62921142578125
266.70376233691485,20.0,0.021918,False,,185.2329955081232,359.1632025469583,395.0943298339844
303.2005083702369,20.0,0.021918,False,,197.95864398728037,372.9709877158351,401.4890441894531
341.5718172250129,20.0,0.021918,False,,191.0849577694066,385.7638356173909,407.5635986328125
380.88580812995247,20.0,0.021918,True,23.80952380952381,192.060856774775,397.1330237405044,413.219970703125
419.0559644140832,20.0,0.021918,True,25.641025641025642,185.27575029298762,406.8825006468813,418.4189453125
457.8085803363978,20.0,0.021918,True,27.027027027027028,189.39313283828722,415.61810758946154,423.5697021484375
494.4853744265939,20.0,0.021918,True,28.571428571428573,176.78674204761987,422.76366248605626,428.091552734375
532.8566832813709,20.0,0.021918,True,30.303030303030305,175.95885897675205,429.51370469968333,432.98876953125
570.0736739678696,20.0,0.021918,True,31.25,174.7428407835712,434.6560754753247,437.2434997558594
606.2950294894458,20.0,0.021918,True,32.25806451612903,161.62666828952814,440.4838196187039,441.6612243652344
645.4819548424252,20.0,0.021918,True,33.333333333333336,155.6488806491915,444.6051222710308,446.12298583984375
682.444649204679,20.0,0.021918,True,34.48275862068966,162.1217207810237,449.42682444088365,450.35992431640625
721.2714260182299,20.0,0.021918,True,35.714285714285715,159.65797174466948,452.270206140036,454.6512145996094
756.6243660265701,20.0,0.021918,True,35.714285714285715,153.81162480093766,455.1095984047994,458.494873046875
834.7865599618726,20.0,0.021918,True,37.03703703703704,149.33600700587672,457.83116971458725,466.5760192871094
906.8051472486442,20.0,0.021918,True,38.46153846153846,148.55157769946752,456.44116075557804,473.880615234375
37.99008122008859,50.0,0.021918,False,,63.769989298794705,51.44553668089392,315.2114562988281
76.17083384633712,50.0,0.021918,False,,126.05746496174461,98.42781048359561,317.6217041015625
114.17150902555795,50.0,0.021918,False,,184.3422952169046,135.7571418229697,321.4167175292969
152.16154020295048,50.0,0.021918,False,,236.83863792753982,159.35409194977632,326.1506652832031
189.60094286792295,50.0,0.021918,False,,280.1663576872582,163.18701354435527,330.9149475097656
228.15229898524512,50.0,0.021918,False,,214.84166504960967,329.6560459318965,439.24993896484375
266.70376233691485,50.0,0.021918,False,,208.84988598098488,339.5042093611963,448.4955749511719
303.2005083702369,50.0,0.021918,False,,189.65796820660256,347.3622228109327,455.4602355957031
341.5718172250129,50.0,0.021918,False,,200.5563106357385,354.69910973977716,461.9735412597656
380.88580812995247,50.0,0.021918,False,,181.57531884385318,361.53516166035706,468.16357421875
419.0559644140832,50.0,0.021918,False,,171.79569909509993,367.7745976307506,473.8493347167969
457.8085803363978,50.0,0.021918,False,,176.20829417092844,373.44736523237805,479.40972900390625
494.4853744265939,50.0,0.021918,False,,174.96090540333628,378.7935150854511,484.4372863769531
532.8566832813709,50.0,0.021918,False,,162.33056241362277,383.6439472418259,489.616455078125
570.0736739678696,50.0,0.021918,False,,161.68921605498926,388.505108081897,494.4466857910156
606.2950294894458,50.0,0.021918,False,,167.5737757596476,392.68147617386785,499.1189270019531
645.4819548424252,50.0,0.021918,False,,178.64829424596567,397.2801812336356,504.0655212402344
682.444649204679,50.0,0.021918,False,,175.22127757686422,401.1327840364662,508.6453552246094
721.2714260182299,50.0,0.021918,False,,168.67402278238472,405.1707999176034,513.3394165039062
756.6243660265701,50.0,0.021918,False,,165.67212487505074,408.1789191673227,517.5551147460938
834.7865599618726,50.0,0.021918,False,,169.49634587569977,415.4668346923689,526.7906494140625
906.8051472486442,50.0,0.021918,True,22.727272727272727,177.48539453402583,421.1281717006073,535.0245361328125
37.99008122008859,0.0,0.035,False,,95.24760424945683,0.004872680755184433,315.3816833496094
76.17083384633712,0.0,0.035,False,,178.4018698469579,0.04170835436079301,318.0946350097656
114.17150902555795,0.0,0.035,False,,243.19638437916416,0.07383526033257226,321.9521789550781
152.16154020295048,0.0,0.035,False,,290.67975386487103,0.07689000011868075,326.4320373535156
189.60094286792295,0.0,0.035,False,,319.0632269751551,0.02974272122560251,330.8576354980469
228.15229898524512,0.0,0.035,False,,315.00598788261414,0.0,333.95269775390625
266.70376233691485,0.0,0.035,False,,291.1529839038849,0.0,335.5260925292969
303.2005083702369,0.0,0.035,False,,267.1712040901184,0.0,336.4389343261719
341.5718172250129,0.0,0.035,False,,244.57675218582153,0.0,337.12841796875
380.88580812995247,0.0,0.035,False,,224.63487088680267,0.0,337.6782531738281
419.0559644140832,0.0,0.035,False,,208.03286135196686,0.0,338.1182861328125
457.8085803363978,0.0,0.035,False,,193.49640607833862,0.0,338.50103759765625
494.4853744265939,0.0,0.035,False,,181.5171241760254,0.0,338.82012939453125
532.8566832813709,0.0,0.035,False,,170.51300406455994,0.0,339.119873046875
570.0736739678696,0.0,0.035,False,,161.08468174934387,0.0,339.3843688964844
606.2950294894458,0.0,0.035,False,,152.90090441703796,0.0,339.6217041015625
645.4819548424252,0.0,0.035,False,,144.97646689414978,0.0,339.8601379394531
682.444649204679,0.0,0.035,False,,138.25589418411255,0.0,340.0704345703125
721.2714260182299,0.0,0.035,False,,131.87332451343536,0.0,340.2784118652344
756.6243660265701,0.0,0.035,False,,126.58287584781647,0.0,340.4579162597656
834.7865599618726,0.0,0.035,False,,116.35683476924896,0.0,340.82720947265625
906.8051472486442,0.0,0.035,False,,108.3855926990509,0.0,341.1405334472656
37.99008122008859,0.1,0.035,False,,95.24763761025903,0.005751849178565749,315.3816833496094
76.17083384633712,0.1,0.035,False,,178.4019012802418,0.043913725346783394,318.09466552734375
114.17150902555795,0.1,0.035,False,,243.19623766576044,0.07556379485691878,321.95220947265625
152.16154020295048,0.1,0.035,False,,290.679335446197,0.07569790652661368,326.4320983886719
189.60094286792295,0.1,0.035,False,,319.06209419032905,0.025153163926177058,330.85772705078125
228.15229898524512,0.1,0.035,False,,315.00086188316345,0.0,333.9528503417969
266.70376233691485,0.1,0.035,False,,291.14431142807007,0.0,335.5262451171875
303.2005083702369,0.1,0.035,False,,267.16235280036926,0.0,336.4390563964844
341.5718172250129,0.1,0.035,False,,244.56697702407837,0.0,337.1285400390625
380.88580812995247,0.1,0.035,False,,224.62718188762665,0.0,337.6783447265625
419.0559644140832,0.1,0.035,False,,208.02514255046844,0.0,338.1183776855469
457.8085803363978,0.1,0.035,False,,193.48877668380737,0.0,338.5011291503906
494.4853744265939,0.1,0.035,False,,181.50964379310608,0.0,338.8202209472656
532.8566832813709,0.1,0.035,False,,170.50568759441376,0.0,339.1199645996094
570.0736739678696,0.1,0.035,False,,161.08007729053497,0.0,339.3844299316406
606.2950294894458,0.1,0.035,False,,145.3205645084381,0.0,339.8848876953125
645.4819548424252,0.1,0.035,False,,124.47145581245422,0.0,340.8473815917969
682.444649204679,0.1,0.035,False,,111.25228554010391,0.0,342.1264343261719
721.2714260182299,0.1,0.035,False,,101.67010873556137,0.0,344.09027099609375
756.6243660265701,0.1,0.035,False,,97.04434126615524,0.0,346.14276123046875
834.7865599618726,0.1,0.035,False,,89.5504578948021,0.0,355.9952087402344
906.8051472486442,0.1,0.035,False,,83.7019756436348,0.0,371.0970153808594
37.99008122008859,0.2,0.035,False,,95.24767886646295,0.006549061215366692,315.3816833496094
76.17083384633712,0.2,0.035,False,,178.40184167560696,0.04632771380846634,318.0946960449219
114.17150902555795,0.2,0.035,False,,243.1959769325204,0.07739663768376204,321.9522705078125
152.16154020295048,0.2,0.035,False,,290.6789127276785,0.07465482524304434,326.4321594238281
189.60094286792295,0.2,0.035,False,,319.0608619161759,0.021219258067503688,330.8578186035156
228.15229898524512,0.2,0.035,False,,314.99677896499634,0.0,333.9529724121094
266.70376233691485,0.2,0.035,False,,291.13897681236267,0.0,335.5263366699219
303.2005083702369,0.2,0.035,False,,267.1557664871216,0.0,336.43914794921875
341.5718172250129,0.2,0.035,False,,244.55951154232025,0.0,337.1286315917969
380.88580812995247,0.2,0.035,False,,224.62214529514313,0.0,337.67840576171875
419.0559644140832,0.2,0.035,False,,205.83847165107727,0.0,338.1927185058594
457.8085803363978,0.2,0.035,False,,180.52619695663452,0.0,338.8746643066406
494.4853744265939,0.2,0.035,False,,158.1004559993744,0.0,339.684814453125
532.8566832813709,0.2,0.035,False,,139.0298753976822,0.0,340.79833984375
570.0736739678696,0.2,0.035,False,,125.2480298280716,0.0,342.2795104980469
606.2950294894458,0.2,0.035,False,,116.37801676988602,0.0,344.258056640625
645.4819548424252,0.2,0.035,False,,110.48813164234161,0.0,347.0071716308594
682.444649204679,0.2,0.035,False,,105.57051002979279,0.0,350.1886291503906
721.2714260182299,0.2,0.035,False,,100.90702772140503,0.0,353.7024841308594
756.6243660265701,0.2,0.035,False,,97.0393419265747,0.0,361.6872863769531
834.7865599618726,0.2,0.035,False,,89.55038338899612,0.0,382.1207275390625
906.8051472486442,0.2,0.035,False,,83.70305597782135,0.0,398.92559814453125
37.99008122008859,0.39,0.035,False,,95.24767564159193,0.008285046494449944,315.3817138671875
76.17083384633712,0.39,0.035,False,,178.40196325725273,0.05184114432086062,318.0947265625
114.17150902555795,0.39,0.035,False,,243.1957843294624,0.0807195971524095,321.95233154296875
152.16154020295048,0.39,0.035,False,,290.6783089711604,0.07152558174061596,326.4322509765625
189.60094286792295,0.39,0.035,False,,319.05907911453306,0.012665991193955506,330.85797119140625
228.15229898524512,0.39,0.035,False,,314.9896562099457,0.0,333.95318603515625
266.70376233691485,0.39,0.035,False,,290.9340262413025,0.0,335.5461120605469
303.2005083702369,0.39,0.035,False,,260.44750213623047,0.0,336.6406555175781
341.5718172250129,0.39,0.035,False,,222.73245453834534,0.0,337.7323913574219
380.88580812995247,0.39,0.035,False,,189.69690799713135,0.0,338.90631103515625
419.0559644140832,0.39,0.035,False,,166.0233438014984,0.0,340.1954650878906
457.8085803363978,0.39,0.035,False,,148.2580453157425,0.0,341.8566589355469
494.4853744265939,0.39,0.035,False,,137.06108927726746,0.0,343.9991455078125
532.8566832813709,0.39,0.035,False,,129.0653944015503,0.0,347.15960693359375
570.0736739678696,0.39,0.035,False,,122.20320105552673,0.0,349.939697265625
606.2950294894458,0.39,0.035,False,,116.24719202518463,0.0,356.82708740234375
645.4819548424252,0.39,0.035,False,,110.47356575727463,0.0,363.468505859375
682.444649204679,0.39,0.035,False,,105.57077080011368,0.0,359.2662353515625
721.2714260182299,0.39,0.035,False,,100.90860724449158,0.0,366.6846923828125
756.6243660265701,0.39,0.035,False,,97.04079478979111,0.0,366.2871398925781
834.7865599618726,0.39,0.035,False,,89.55038338899612,0.0,377.6695861816406
906.8051472486442,0.39,0.035,False,,83.70315283536911,0.0,420.822509765625
37.99008122008859,1.0,0.035,False,,95.24795513106478,0.01578778159087335,315.3817443847656
76.17083384633712,1.0,0.035,False,,178.40237581933334,0.07693470151261295,318.0948791503906
114.17150902555795,1.0,0.035,False,,243.19444626453475,0.09013713241998289,321.9526062011719
152.16154020295048,1.0,0.035,False,,290.6752414077012,0.05194545419055885,326.4326171875
189.60094286792295,1.0,0.035,False,,319.05078887939453,0.0,330.8586730957031
228.15229898524512,1.0,0.035,False,,309.73522046311035,0.0023841868357976637,334.2571716308594
266.70376233691485,1.0,0.035,False,,249.75807964801788,0.0,337.0250549316406
303.2005083702369,1.0,0.035,False,,208.2129418849945,0.0,339.4754638671875
341.5718172250129,1.0,0.035,False,,187.9223734140396,0.0,342.0583190917969
380.88580812995247,1.0,0.035,False,,173.0816215276718,0.0,345.265869140625
419.0559644140832,1.0,0.035,False,,159.20273959636688,0.0,349.1856689453125
457.8085803363978,1.0,0.035,False,,147.21672236919403,0.0,352.83740234375
494.4853744265939,1.0,0.035,False,,137.55497336387634,0.0,356.4871520996094
532.8566832813709,1.0,0.035,False,,129.2901337146759,0.0,363.8975830078125
570.0736739678696,1.0,0.035,False,,122.20889329910278,0.0,365.12939453125
606.2950294894458,1.0,0.035,False,,116.25254154205322,0.0,368.9725036621094
645.4819548424252,1.0,0.035,False,,110.48366874456406,0.0,375.6843566894531
682.444649204679,1.0,0.035,False,,105.58848828077316,0.0,384.28460693359375
721.2714260182299,1.0,0.035,False,,100.91468691825867,0.0,386.9118957519531
756.6243660265701,1.0,0.035,False,,97.04513847827911,0.0,384.12060546875
834.7865599618726,1.0,0.035,False,,89.55440670251846,0.0,391.8072204589844
906.8051472486442,1.0,0.035,False,,83.70555192232132,0.0,418.4313659667969
37.99008122008859,2.0,0.035,False,,95.24937581972554,0.05054474216512972,315.3818664550781
76.17083384633712,2.0,0.035,False,,178.40422245172266,0.19672514644969397,318.0954895019531
114.17150902555795,2.0,0.035,False,,243.1742446640944,0.12230874692522775,321.9561462402344
152.16154020295048,2.0,0.035,False,,290.6448728406603,0.09304285397706735,326.4671325683594
189.60094286792295,2.0,0.035,False,,318.16296049543377,0.16677381802230684,331.1208190917969
228.15229898524512,2.0,0.035,False,,279.57661546376664,0.2249181521351602,335.73199462890625
266.70376233691485,2.0,0.035,False,,256.40545244130567,0.25990608976286467,340.9223327636719
303.2005083702369,2.0,0.035,False,,236.9602221010632,0.06073714469306424,345.1634216308594
341.5718172250129,2.0,0.035,False,,213.59072395816355,0.003904106148269193,349.66241455078125
380.88580812995247,2.0,0.035,False,,192.44007766246796,0.0,353.8415222167969
419.0559644140832,2.0,0.035,False,,174.76952075958252,0.0,358.3966064453125
457.8085803363978,2.0,0.035,False,,159.53190624713898,0.0,361.9986877441406
494.4853744265939,2.0,0.035,False,,147.22760021686554,0.0,365.5530700683594
532.8566832813709,2.0,0.035,False,,136.3246893111755,0.00010430830249674727,371.9041748046875
570.0736739678696,2.0,0.035,False,,127.48090959900141,7.450598010905196e-05,375.2389831542969
606.2950294894458,2.0,0.035,False,,120.04510316979277,7.450667666830668e-06,379.6982421875
645.4819548424252,2.0,0.035,False,,112.89436370134354,0.0,380.96966552734375
682.444649204679,2.0,0.035,False,,107.17352479696274,0.0,383.91143798828125
721.2714260182299,2.0,0.035,False,,101.75007581710815,0.0,386.6971130371094
756.6243660265701,2.0,0.035,False,,97.49656915664673,0.0,395.0476989746094
834.7865599618726,2.0,0.035,False,,89.54991400241852,0.0,402.5653076171875
906.8051472486442,2.0,0.035,False,,83.70918780565262,0.0,412.5224304199219
37.99008122008859,3.0,0.035,False,,95.25100779334821,0.04517287038260065,315.3819274902344
76.17083384633712,3.0,0.035,False,,178.41352159298015,0.5777329561698537,318.09765625
114.17150902555795,3.0,0.035,False,,243.17841647189317,0.5716086052949265,321.9822082519531
152.16154020295048,3.0,0.035,False,,290.6075189651464,0.42822956815427915,326.5896911621094
189.60094286792295,3.0,0.035,False,,316.5625038681216,1.350283728614727,331.48992919921875
228.15229898524512,3.0,0.035,False,,274.35850566725395,8.560807338769393,337.6311950683594
266.70376233691485,3.0,0.035,False,,254.0823271521981,19.994931229559654,345.1116638183594
303.2005083702369,3.0,0.035,False,,228.30887153366785,2.762749694640604,350.0850830078125
341.5718172250129,3.0,0.035,False,,209.9571653609437,1.2193471466702874,354.7133483886719
380.88580812995247,3.0,0.035,False,,196.6103815772903,0.17121434716719364,359.33221435546875
419.0559644140832,3.0,0.035,False,,184.34050138004798,0.034436594663503683,363.2588806152344
457.8085803363978,3.0,0.035,False,,170.98871147743938,0.016912821785950882,366.5954284667969
494.4853744265939,3.0,0.035,False,,158.168226480484,0.0,370.7982482910156
532.8566832813709,3.0,0.035,False,,145.8655595779419,0.0,374.1122741699219
570.0736739678696,3.0,0.035,False,,135.59025526046753,0.0,379.4211120605469
606.2950294894458,3.0,0.035,False,,126.70066952705383,0.0,380.3533630371094
645.4819548424252,3.0,0.035,False,,118.35529306783545,0.0007152566079753342,384.12530517578125
682.444649204679,3.0,0.035,False,,111.46193783527602,0.003792346742756081,389.9265441894531
721.2714260182299,3.0,0.035,False,,105.16628589649447,0.002540650247283338,390.1130676269531
756.6243660265701,3.0,0.035,False,,100.20355576309389,0.004678967139810197,398.08551025390625
834.7865599618726,3.0,0.035,False,,91.13559412274806,0.0005736958378292911,402.00274658203125
906.8051472486442,3.0,0.035,False,,84.28454399108887,0.0,407.01763916015625
37.99008122008859,5.0,0.035,False,,95.17831392016855,1.2554378007867086,315.38165283203125
76.17083384633712,5.0,0.035,False,,178.44775637916393,0.5152076495656104,318.0986633300781
114.17150902555795,5.0,0.035,False,,243.31017128596577,2.9980690615192316,322.0044250488281
152.16154020295048,5.0,0.035,False,,290.6175365602214,3.163785025653681,326.6980285644531
189.60094286792295,5.0,0.035,False,,314.4596601552504,3.505706777289788,331.8614807128906
228.15229898524512,5.0,0.035,False,,283.65796919183657,189.8880469856329,344.1700744628906
266.70376233691485,5.0,0.035,True,35.714285714285715,225.9538710210798,381.0941547864906,351.66070556640625
303.2005083702369,5.0,0.035,True,41.666666666666664,212.74785681795154,387.8005744398767,356.64068603515625
341.5718172250129,5.0,0.035,True,47.61904761904762,203.5064570154665,382.2336941117462,361.29150390625
380.88580812995247,5.0,0.035,True,52.63157894736842,182.92811296380964,363.4585760430988,365.65447998046875
419.0559644140832,5.0,0.035,True,58.8235294117647,169.15017503414418,332.3473863846439,369.4632873535156
457.8085803363978,5.0,0.035,False,,164.55041428418147,232.63977656083023,373.3773193359375
494.4853744265939,5.0,0.035,False,,157.9361048185943,7.114859472658793,376.8017883300781
532.8566832813709,5.0,0.035,False,,144.17853069709747,1.0952057188622177,380.6769104003906
570.0736739678696,5.0,0.035,False,,139.88483567484616,0.09992720403101885,383.90972900390625
606.2950294894458,5.0,0.035,False,,135.4084801464367,0.044256460760919936,387.55926513671875
645.4819548424252,5.0,0.035,False,,128.51055440903662,0.025510793710282087,390.61846923828125
682.444649204679,5.0,0.035,False,,121.30149865326534,0.003628435101504124,393.6537780761719
721.2714260182299,5.0,0.035,False,,113.94646018743515,0.0,397.49945068359375
756.6243660265701,5.0,0.035,False,,108.06833207607269,0.0,400.19525146484375
834.7865599618726,5.0,0.035,False,,96.63163855749565,0.008709731068606175,408.7606201171875
906.8051472486442,5.0,0.035,False,,88.10172422762903,0.014513733876015067,413.26312255859375
37.99008122008859,7.0,0.035,False,,94.85678028820365,4.780933435573374,315.38165283203125
76.17083384633712,7.0,0.035,False,,178.23899643597022,3.802672250062301,318.0959167480469
114.17150902555795,7.0,0.035,False,,243.44309371564287,2.452477815767452,321.9924621582031
152.16154020295048,7.0,0.035,False,,290.9361638775894,7.911891032831193,326.68994140625
189.60094286792295,7.0,0.035,False,,314.021753172398,11.000991817892498,331.96051025390625
228.15229898524512,7.0,0.035,True,23.25581395348837,254.52665286209137,366.44759887524464,349.30169677734375
266.70376233691485,7.0,0.035,True,29.41176470588235,222.9682665444584,390.6809992080264,356.32305908203125
303.2005083702369,7.0,0.035,True,33.333333333333336,204.16567036228162,404.7954297931846,361.3518371582031
341.5718172250129,7.0,0.035,True,37.03703703703704,188.91840425993115,411.702529334261,366.0880126953125
380.88580812995247,7.0,0.035,True,41.666666666666664,180.30719036803205,409.8962824954785,370.4120788574219
419.0559644140832,7.0,0.035,True,45.45454545454545,172.46993786643284,399.5157377736224,374.7583312988281
457.8085803363978,7.0,0.035,True,50.0,162.6730155908393,378.6886472875754,378.36578369140625
494.4853744265939,7.0,0.035,True,55.55555555555556,151.2680845493408,349.96138499313423,382.17523193359375
532.8566832813709,7.0,0.035,True,62.5,144.10086509536222,311.71748519021304,385.8634338378906
570.0736739678696,7.0,0.035,True,66.66666666666667,131.1032954153437,269.3924834176411,389.6083068847656
606.2950294894458,7.0,0.035,False,,130.11830773951567,65.9430787238313,392.45111083984375
645.4819548424252,7.0,0.035,False,,123.81518741200657,3.4983089836802037,396.7486877441406
682.444649204679,7.0,0.035,False,,118.1094389229442,0.591985959427376,399.0030822753906
721.2714260182299,7.0,0.035,False,,115.9330821451889,0.028878470166318948,402.330810546875
756.6243660265701,7.0,0.035,False,,112.59706077398732,0.09109826837445212,406.5616455078125
834.7865599618726,7.0,0.035,False,,102.28291024170062,0.0033676635616757267,413.1354675292969
906.8051472486442,7.0,0.035,False,,92.84076413408751,0.0005438929059806696,418.90069580078125
37.99008122008859,10.0,0.035,False,,93.8021688295187,12.155764106257266,315.38165283203125
76.17083384633712,10.0,0.035,False,,177.0514351729068,15.49500277438321,318.0945129394531
114.17150902555795,10.0,0.035,False,,242.96009522770694,9.014919913037772,321.9686584472656
152.16154020295048,10.0,0.035,False,,291.3337773979687,5.922287697012564,326.6210021972656
189.60094286792295,10.0,0.035,False,,315.5067029990876,25.241584044760657,331.91473388671875
228.15229898524512,10.0,0.035,False,,238.52140256003952,364.70290667014217,354.9710998535156
266.70376233691485,10.0,0.035,True,23.529411764705884,227.41112752475377,389.4326040222569,361.9607238769531
303.2005083702369,10.0,0.035,True,27.027027027027028,217.32948213164124,406.9407540041326,367.14569091796875
341.5718172250129,10.0,0.035,True,29.41176470588235,196.11520419611972,419.97066093277505,372.0282897949219
380.88580812995247,10.0,0.035,True,32.25806451612903,185.93901459394115,428.4501293837324,376.5560607910156
419.0559644140832,10.0,0.035,True,34.48275862068966,174.29436024245558,431.51763581588295,380.7921447753906
457.8085803363978,10.0,0.035,True,37.03703703703704,161.93958223390078,429.60305149412625,384.82525634765625
494.4853744265939,10.0,0.035,True,38.46153846153846,163.81556260747496,421.810837070248,388.6355285644531
532.8566832813709,10.0,0.035,True,41.666666666666664,149.94774105777398,406.52402180778216,392.5470886230469
570.0736739678696,10.0,0.035,True,45.45454545454545,142.1507311202338,382.73203797671187,396.2234802246094
606.2950294894458,10.0,0.035,True,50.0,134.65705474289328,352.23007551279863,399.25750732421875
645.4819548424252,10.0,0.035,True,55.55555555555556,127.65175394003086,310.5477424561356,403.0623779296875
682.444649204679,10.0,0.035,True,62.5,116.44712406909329,266.8858793171759,406.1237487792969
721.2714260182299,10.0,0.035,True,71.42857142857143,111.25120171203407,226.40067155666512,410.1203308105469
756.6243660265701,10.0,0.035,False,,109.66801887646055,116.98451912866724,412.87066650390625
834.7865599618726,10.0,0.035,False,,99.47056597959673,0.9430796399900885,419.8167419433594
906.8051472486442,10.0,0.035,False,,96.49342887766657,0.2643615568109823,425.89019775390625
37.99008122008859,20.0,0.035,False,,87.01817129584526,34.10658282583664,315.3778076171875
76.17083384633712,20.0,0.035,False,,167.06172658475106,57.22539953261612,318.09100341796875
114.17150902555795,20.0,0.035,False,,233.9398413579664,63.66823728332045,321.95184326171875
152.16154020295048,20.0,0.035,False,,285.7649635701604,55.27356406821866,326.4610900878906
189.60094286792295,20.0,0.035,False,,317.38238520480667,38.876892657489634,331.5179138183594
228.15229898524512,20.0,0.035,False,,219.12363452869198,352.1995351333949,369.5709228515625
266.70376233691485,20.0,0.035,False,,207.45671952213786,375.25618794680787,377.10791015625
303.2005083702369,20.0,0.035,False,,185.03395853129584,389.329283592373,382.7821960449219
341.5718172250129,20.0,0.035,False,,202.81976766398301,403.69245266641803,388.1275634765625
380.88580812995247,20.0,0.035,False,,186.27589596714557,416.4367691998423,393.1903076171875
419.0559644140832,20.0,0.035,False,,188.46352881714438,426.567679600158,397.8033142089844
457.8085803363978,20.0,0.035,True,23.25581395348837,191.86691512414583,434.2936311009148,402.2625427246094
494.4853744265939,20.0,0.035,True,24.390243902439025,177.40438625712437,441.65861339084057,406.37493896484375
532.8566832813709,20.0,0.035,True,25.641025641025642,172.87286246296335,447.0273645302098,410.6110534667969
570.0736739678696,20.0,0.035,True,26.31578947368421,177.34681914792677,450.104527889007,414.4512939453125
606.2950294894458,20.0,0.035,True,27.027027027027028,170.4758578839386,452.6182698168791,418.26593017578125
645.4819548424252,20.0,0.035,True,28.571428571428573,158.29605350014094,453.13031610735607,422.194580078125
682.444649204679,20.0,0.035,True,29.41176470588235,150.80440209421275,451.1538585148937,425.7789306640625
721.2714260182299,20.0,0.035,True,30.303030303030305,151.88717092759595,446.68242962828384,429.61395263671875
756.6243660265701,20.0,0.035,True,31.25,144.91630896318426,439.2082645298824,432.82904052734375
834.7865599618726,20.0,0.035,True,34.48275862068966,125.8019514027541,404.5187580109,440.25628662109375
906.8051472486442,20.0,0.035,True,40.0,109.98015220708183,335.88843074725634,446.6276550292969
37.99008122008859,50.0,0.035,False,,63.779506488832894,51.46006158781117,315.20648193359375
76.17083384633712,50.0,0.035,False,,126.13343753119348,98.53591095765051,317.6067199707031
114.17150902555795,50.0,0.035,False,,184.59711359876738,136.07977431476345,321.40252685546875
152.16154020295048,50.0,0.035,False,,237.4269617185797,159.93122882267843,326.16204833984375
189.60094286792295,50.0,0.035,False,,281.24113804008203,164.0639766815447,331.0270690917969
228.15229898524512,50.0,0.035,False,,212.7008235450383,334.65250074720785,405.7060852050781
266.70376233691485,50.0,0.035,False,,230.80264965077131,348.0581598863696,414.23748779296875
303.2005083702369,50.0,0.035,False,,192.88060452621065,358.8622655307659,420.68707275390625
341.5718172250129,50.0,0.035,False,,189.2165843311396,369.01134248496936,426.7382507324219
380.88580812995247,50.0,0.035,False,,201.82096778917347,378.26101896145644,432.4746398925781
419.0559644140832,50.0,0.035,False,,183.77400990520874,386.78050945974826,437.747314453125
457.8085803363978,50.0,0.035,False,,167.85866764166354,394.3900647313669,442.8826904296875
494.4853744265939,50.0,0.035,False,,163.90967987073395,402.12983386894723,447.56304931640625
532.8566832813709,50.0,0.035,False,,166.27848076180726,408.9113261742717,452.3412780761719
570.0736739678696,50.0,0.035,False,,175.23188108563093,412.19331997510426,456.8280029296875
606.2950294894458,50.0,0.035,False,,168.58517762527904,416.00206337123063,461.1244201660156
645.4819548424252,50.0,0.035,False,,160.85993329326612,422.346785710838,465.6620178222656
682.444649204679,50.0,0.035,False,,156.19930929427298,426.9149389351058,469.85540771484375
721.2714260182299,50.0,0.035,False,,154.65949481721455,430.1293537495366,474.2261962890625
756.6243660265701,50.0,0.035,False,,156.4080823268632,434.7361444361623,478.11846923828125
834.7865599618726,50.0,0.035,False,,166.24109923640643,441.3303698000455,486.5528259277344
906.8051472486442,50.0,0.035,False,,166.53891786983385,446.3806560575035,494.1005859375
37.99008122008859,0.0,0.047873236,False,,95.25152862977303,0.03699213466626361,315.3806457519531
76.17083384633712,0.0,0.047873236,False,,178.4168624173618,0.2309978137128894,318.0936584472656
114.17150902555795,0.0,0.047873236,False,,243.22193586855772,0.4467368366219375,321.9512634277344
152.16154020295048,0.0,0.047873236,False,,290.7094297142202,0.5556941366745605,326.43121337890625
189.60094286792295,0.0,0.047873236,False,,319.08661394130064,0.4530549394161767,330.85699462890625
228.15229898524512,0.0,0.047873236,False,,315.0174617767334,0.0,333.9523620605469
266.70376233691485,0.0,0.047873236,False,,291.16547107696533,0.0,335.52587890625
303.2005083702369,0.0,0.047873236,False,,267.1824097633362,0.0,336.43878173828125
341.5718172250129,0.0,0.047873236,False,,244.58663165569305,0.0,337.1282958984375
380.88580812995247,0.0,0.047873236,False,,224.64519739151,0.0,337.6781311035156
419.0559644140832,0.0,0.047873236,False,,208.04324746131897,0.0,338.1181640625
457.8085803363978,0.0,0.047873236,False,,193.50413978099823,0.0,338.5009460449219
494.4853744265939,0.0,0.047873236,False,,181.52450025081635,0.0,338.8200378417969
532.8566832813709,0.0,0.047873236,False,,170.52017152309418,0.0,339.1197814941406
570.0736739678696,0.0,0.047873236,False,,161.09175980091095,0.0,339.38427734375
606.2950294894458,0.0,0.047873236,False,,152.90769934654236,0.0,339.6216125488281
645.4819548424252,0.0,0.047873236,False,,144.98089253902435,0.0,339.8600769042969
682.444649204679,0.0,0.047873236,False,,138.26218247413635,0.0,340.0703430175781
721.2714260182299,0.0,0.047873236,False,,131.87725841999054,0.0,340.2783508300781
756.6243660265701,0.0,0.047873236,False,,126.58867239952087,0.0,340.45782470703125
834.7865599618726,0.0,0.047873236,False,,116.36210978031158,0.0,340.8271179199219
906.8051472486442,0.0,0.047873236,False,,108.39049518108368,0.0,341.14044189453125
37.99008122008859,0.1,0.047873236,False,,95.25167041317904,0.039570036075204484,315.3806457519531
76.17083384633712,0.1,0.047873236,False,,178.41721218698393,0.24166704495354452,318.09368896484375
114.17150902555795,0.1,0.047873236,False,,243.22206671711427,0.45953693582879396,321.9513244628906
152.16154020295048,0.1,0.047873236,False,,290.7089361226092,0.5602836946705452,326.4312744140625
189.60094286792295,0.1,0.047873236,False,,319.0846849451354,0.4365444528133935,330.8570861816406
228.15229898524512,0.1,0.047873236,False,,315.01224637031555,0.0,333.9525146484375
266.70376233691485,0.1,0.047873236,False,,291.15667939186096,0.0,335.5260314941406
303.2005083702369,0.1,0.047873236,False,,267.1733796596527,0.0,336.43890380859375
341.5718172250129,0.1,0.047873236,False,,244.57675218582153,0.0,337.12841796875
380.88580812995247,0.1,0.047873236,False,,224.63740408420563,0.0,337.67822265625
419.0559644140832,0.1,0.047873236,False,,208.03554356098175,0.0,338.1182556152344
457.8085803363978,0.1,0.047873236,False,,193.49901378154755,0.0,338.5010070800781
494.4853744265939,0.1,0.047873236,False,,181.5171241760254,0.0,338.82012939453125
532.8566832813709,0.1,0.047873236,False,,170.51300406455994,0.0,339.119873046875
570.0736739678696,0.1,0.047873236,False,,161.08699142932892,0.0,339.38433837890625
606.2950294894458,0.1,0.047873236,False,,152.90090441703796,0.0,339.6217041015625
645.4819548424252,0.1,0.047873236,False,,144.97646689414978,0.0,339.8601379394531
682.444649204679,0.1,0.047873236,False,,138.25803995132446,0.0,340.0704040527344
721.2714260182299,0.1,0.047873236,False,,129.76780533790588,0.0,340.3642578125
756.6243660265701,0.1,0.047873236,False,,112.30127513408661,0.0,341.1520690917969
834.7865599618726,0.1,0.047873236,False,,91.09722077846527,0.0,343.9747009277344
906.8051472486442,0.1,0.047873236,False,,83.71108770370483,0.0,348.075927734375
37.99008122008859,0.2,0.047873236,False,,95.25181212248668,0.042118134639352434,315.3806457519531
76.17083384633712,0.2,0.047873236,False,,178.41770051509653,0.2515316140121513,318.0937194824219
114.17150902555795,0.2,0.047873236,False,,243.22249633021013,0.47133865601674074,321.95135498046875
152.16154020295048,0.2,0.047873236,False,,290.70871030701494,0.5649328580078077,326.43133544921875
189.60094286792295,0.2,0.047873236,False,,319.0828929506983,0.4229843964752149,330.857177734375
228.15229898524512,0.2,0.047873236,False,,315.00908732414246,0.0,333.9526062011719
266.70376233691485,0.2,0.047873236,False,,291.1513149738312,0.0,335.526123046875
303.2005083702369,0.2,0.047873236,False,,267.16694235801697,0.0,336.4389953613281
341.5718172250129,0.2,0.047873236,False,,244.57183480262756,0.0,337.12847900390625
380.88580812995247,0.2,0.047873236,False,,224.6323525905609,0.0,337.67828369140625
419.0559644140832,0.2,0.047873236,False,,208.0303579568863,0.0,338.1183166503906
457.8085803363978,0.2,0.047873236,False,,193.4938132762909,0.0,338.5010681152344
494.4853744265939,0.2,0.047873236,False,,181.51457607746124,0.0,338.8201599121094
532.8566832813709,0.2,0.047873236,False,,168.06179285049438,0.0,339.2039794921875
570.0736739678696,0.2,0.047873236,False,,147.63446152210236,0.0,339.8458557128906
606.2950294894458,0.2,0.047873236,False,,130.76256215572357,0.0,340.65228271484375
645.4819548424252,0.2,0.047873236,False,,116.77496880292892,0.0,341.8280029296875
682.444649204679,0.2,0.047873236,False,,107.28879272937775,0.0,343.3187561035156
721.2714260182299,0.2,0.047873236,False,,100.90994089841843,0.0,345.3638610839844
756.6243660265701,0.2,0.047873236,False,,97.04504162073135,0.0,347.9548645019531
834.7865599618726,0.2,0.047873236,False,,89.54640477895737,0.0,352.2050476074219
906.8051472486442,0.2,0.047873236,False,,83.69830250740051,0.0,369.13653564453125
37.99008122008859,0.39,0.047873236,False,,95.2521160394615,0.047206881274107104,315.38067626953125
76.17083384633712,0.39,0.047873236,False,,178.41884857176916,0.27266146197808894,318.09375
114.17150902555795,0.39,0.047873236,False,,243.22309993855646,0.49620869579058535,321.9514465332031
152.16154020295048,0.39,0.047873236,False,,290.70811159168284,0.5729198814525489,326.4314270019531
189.60094286792295,0.39,0.047873236,False,,319.08007952245214,0.39264563019492016,330.8572998046875
228.15229898524512,0.39,0.047873236,False,,315.000981092453,0.0,333.9528503417969
266.70376233691485,0.39,0.047873236,False,,291.13730788230896,0.0,335.5263671875
303.2005083702369,0.39,0.047873236,False,,267.1290338039398,0.0,336.44091796875
341.5718172250129,0.39,0.047873236,False,,242.20331013202667,0.0,337.2025146484375
380.88580812995247,0.39,0.047873236,False,,213.33353221416473,0.0,337.9790954589844
419.0559644140832,0.39,0.047873236,False,,185.6691539287567,0.0,338.7960510253906
457.8085803363978,0.39,0.047873236,False,,162.66848146915436,0.0,339.73388671875
494.4853744265939,0.39,0.047873236,False,,145.63323557376862,0.0,340.7817687988281
532.8566832813709,0.39,0.047873236,False,,131.7913681268692,0.0,342.190185546875
570.0736739678696,0.39,0.047873236,False,,122.32980877161026,0.0,344.00830078125
606.2950294894458,0.39,0.047873236,False,,116.26128107309341,0.0,346.459716796875
645.4819548424252,0.39,0.047873236,False,,110.46813428401947,0.0,349.69927978515625
682.444649204679,0.39,0.047873236,False,,105.56589812040329,0.0,351.72076416015625
721.2714260182299,0.39,0.047873236,False,,100.9039431810379,0.0,356.71014404296875
756.6243660265701,0.39,0.047873236,False,,97.03487157821655,0.0,356.56658935546875
834.7865599618726,0.39,0.047873236,False,,89.54650908708572,0.0,362.29595947265625
906.8051472486442,0.39,0.047873236,False,,83.69949460029602,0.0,367.3356018066406
37.99008122008859,1.0,0.047873236,False,,95.25336221399847,0.0686720050186409,315.3807067871094
76.17083384633712,1.0,0.047873236,False,,178.42305759411357,0.3624409630467369,318.0939025878906
114.17150902555795,1.0,0.047873236,False,,243.22562179358158,0.5918443554721478,321.9516906738281
152.16154020295048,1.0,0.047873236,False,,290.70483244670345,0.5892813606225786,326.4317932128906
189.60094286792295,1.0,0.047873236,False,,319.067962283267,0.25412442911988364,330.8578186035156
228.15229898524512,1.0,0.047873236,False,,314.23854798215467,0.0251829655520055,334.0096130371094
266.70376233691485,1.0,0.047873236,False,,271.7354829923754,0.11101366343172003,336.17083740234375
303.2005083702369,1.0,0.047873236,False,,223.14400970935822,0.0,337.99908447265625
341.5718172250129,1.0,0.047873236,False,,190.7326579093933,0.0,339.82421875
380.88580812995247,1.0,0.047873236,False,,169.55310106277466,0.0,341.76336669921875
419.0559644140832,1.0,0.047873236,False,,156.4950942993164,0.0,344.04345703125
457.8085803363978,1.0,0.047873236,False,,145.74910700321198,0.0,346.9167175292969
494.4853744265939,1.0,0.047873236,False,,137.0571106672287,0.0,349.86090087890625
532.8566832813709,1.0,0.047873236,False,,129.08540666103363,0.0,353.8807678222656
570.0736739678696,1.0,0.047873236,False,,122.20889329910278,0.0,355.89715576171875
606.2950294894458,1.0,0.047873236,False,,116.24894291162491,0.0,361.7150573730469
645.4819548424252,1.0,0.047873236,False,,110.47355830669403,0.0,365.7424011230469
682.444649204679,1.0,0.047873236,False,,105.57076334953308,0.0,370.59320068359375
721.2714260182299,1.0,0.047873236,False,,100.90859979391098,0.0,368.11236572265625
756.6243660265701,1.0,0.047873236,False,,97.03933447599411,0.0,370.677490234375
834.7865599618726,1.0,0.047873236,False,,89.55037593841553,0.0,387.3977966308594
906.8051472486442,1.0,0.047873236,False,,83.70184153318405,0.0,386.86358642578125
37.99008122008859,2.0,0.047873236,False,,95.25750981529056,0.13645739007559143,315.38079833984375
76.17083384633712,2.0,0.047873236,False,,178.43743313817222,0.6687194479866889,318.09423828125
114.17150902555795,2.0,0.047873236,False,,243.23179821476845,0.9031445416600548,321.95233154296875
152.16154020295048,2.0,0.047873236,False,,290.687445386342,0.547796541093021,326.4331359863281
189.60094286792295,2.0,0.047873236,False,,318.8840232374645,0.2380907619137247,330.9111022949219
228.15229898524512,2.0,0.047873236,False,,297.17327216667786,0.7658005659270088,334.8832092285156
266.70376233691485,2.0,0.047873236,False,,233.89592010793893,0.5838275519941476,338.6200256347656
303.2005083702369,2.0,0.047873236,False,,220.47637358670235,0.3551245191947032,341.7641906738281
341.5718172250129,2.0,0.047873236,False,,201.12036183472256,0.1771897307416168,344.9698791503906
380.88580812995247,2.0,0.047873236,False,,181.4374657566379,0.14083089133399085,348.5179443359375
419.0559644140832,2.0,0.047873236,False,,165.34675457626554,0.11116267521782675,352.1170959472656
457.8085803363978,2.0,0.047873236,False,,151.66651224053072,0.07964671563604497,355.7645263671875
494.4853744265939,2.0,0.047873236,False,,140.911061298422,0.052839523165658875,359.0045166015625
532.8566832813709,2.0,0.047873236,False,,131.6364738183947,0.03458559948424522,361.6433410644531
570.0736739678696,2.0,0.047873236,False,,123.57406425693144,0.018745662261991924,366.74542236328125
606.2950294894458,2.0,0.047873236,False,,116.86604870345927,0.0041499746984783314,370.17694091796875
645.4819548424252,2.0,0.047873236,False,,110.60834676027298,0.0,370.9871826171875
682.444649204679,2.0,0.047873236,False,,105.57872802019119,0.0,377.5115966796875
721.2714260182299,2.0,0.047873236,False,,100.90851038694382,0.0,381.00189208984375
756.6243660265701,2.0,0.047873236,False,,97.04811871051788,0.0,383.209228515625
834.7865599618726,2.0,0.047873236,False,,89.55971151590347,0.0,391.3517761230469
906.8051472486442,2.0,0.047873236,False,,83.70554447174072,0.0,394.0673522949219
37.99008122008859,3.0,0.047873236,False,,95.26303944344237,0.16322732189406963,315.3809509277344
76.17083384633712,3.0,0.047873236,False,,178.47322661874253,1.3036132459585588,318.09515380859375
114.17150902555795,3.0,0.047873236,False,,243.24084099918377,2.003073827971633,321.9596862792969
152.16154020295048,3.0,0.047873236,False,,290.64480908903687,1.1737944063441432,326.49017333984375
189.60094286792295,3.0,0.047873236,False,,317.8001493916609,1.5891194399289361,331.197998046875
228.15229898524512,3.0,0.047873236,False,,274.88763028562767,3.428430045588641,336.0233459472656
266.70376233691485,3.0,0.047873236,False,,261.39308774995555,8.282722880888343,341.5392150878906
303.2005083702369,3.0,0.047873236,False,,238.66887293203433,3.273978870653451,345.544921875
341.5718172250129,3.0,0.047873236,False,,216.21668419926166,1.0993481523436799,349.4803161621094
380.88580812995247,3.0,0.047873236,False,,195.34751394731444,0.16064943572180823,353.3193054199219
419.0559644140832,3.0,0.047873236,False,,177.1855640472139,0.0329762806923668,356.6777648925781
457.8085803363978,3.0,0.047873236,False,,161.6433500063762,0.13685228617097778,360.3709716796875
494.4853744265939,3.0,0.047873236,False,,149.07602439539372,0.16817452682630574,363.14666748046875
532.8566832813709,3.0,0.047873236,False,,137.6521627411087,0.17023088550385523,367.4870300292969
570.0736739678696,3.0,0.047873236,False,,128.41164665490064,0.14114381432597156,370.6284484863281
606.2950294894458,3.0,0.047873236,False,,120.61006953949499,0.10415167600292818,372.485107421875
645.4819548424252,3.0,0.047873236,False,,113.59288573143235,0.07891655699620514,375.7420654296875
682.444649204679,3.0,0.047873236,False,,107.43786561420727,0.049620871738312644,378.79608154296875
721.2714260182299,3.0,0.047873236,False,,102.19260271819897,0.032804910547454824,380.87493896484375
756.6243660265701,3.0,0.047873236,False,,97.72618452269758,0.01572072732324159,383.5113525390625
834.7865599618726,3.0,0.047873236,False,,89.6935760974884,0.0,392.890380859375
906.8051472486442,3.0,0.047873236,False,,83.70672166347504,0.0,394.6626281738281
37.99008122008859,5.0,0.047873236,False,,95.19984943437547,1.129478284257388,315.3807373046875
76.17083384633712,5.0,0.047873236,False,,178.55735775765876,1.3995021557070402,318.0984191894531
114.17150902555795,5.0,0.047873236,False,,243.50477082038174,5.6515188912675285,321.9957580566406
152.16154020295048,5.0,0.047873236,False,,290.80913555665535,7.520497293625112,326.64471435546875
189.60094286792295,5.0,0.047873236,False,,315.54784794117546,5.384684284264608,331.6537170410156
228.15229898524512,5.0,0.047873236,False,,294.71867136601816,98.54496495740366,339.4651794433594
266.70376233691485,5.0,0.047873236,False,,257.2385886517255,251.34323215213254,346.96441650390625
303.2005083702369,5.0,0.047873236,False,,224.55328107109548,274.83215551075034,351.4303894042969
341.5718172250129,5.0,0.047873236,False,,211.1791332029853,198.88015650778527,355.5179443359375
380.88580812995247,5.0,0.047873236,False,,189.927568294899,84.06893471480461,359.4324645996094
419.0559644140832,5.0,0.047873236,False,,176.36254188002476,27.78820899073898,362.96649169921875
457.8085803363978,5.0,0.047873236,False,,169.18621620513167,7.857055188979103,366.35589599609375
494.4853744265939,5.0,0.047873236,False,,160.77758178133357,2.4666937575414067,369.8280334472656
532.8566832813709,5.0,0.047873236,False,,150.47283107144935,0.5958825941861221,372.8176574707031
570.0736739678696,5.0,0.047873236,False,,140.13891322359396,0.09621681106281699,375.7311706542969
606.2950294894458,5.0,0.047873236,False,,130.84345299858666,0.11865797653754839,379.32098388671875
645.4819548424252,5.0,0.047873236,False,,121.95893443893833,0.25618080399182475,381.503662109375
682.444649204679,5.0,0.047873236,False,,114.66113507720182,0.3058910770379555,384.7272644042969
721.2714260182299,5.0,0.047873236,False,,107.88825795683785,0.2880841826201248,387.2514343261719
756.6243660265701,5.0,0.047873236,False,,102.37632554807061,0.25406482473630376,390.413818359375
834.7865599618726,5.0,0.047873236,False,,92.41101260713339,0.16371907370879057,397.1293640136719
906.8051472486442,5.0,0.047873236,False,,85.25123235930175,0.09944290906567232,402.9068908691406
37.99008122008859,7.0,0.047873236,False,,94.882861879629,4.677109595390576,315.380615234375
76.17083384633712,7.0,0.047873236,False,,178.3860594808435,3.3697786206056435,318.0979919433594
114.17150902555795,7.0,0.047873236,False,,243.7696302045291,5.018383252922263,322.0040588378906
152.16154020295048,7.0,0.047873236,False,,291.353345696391,13.538331148538987,326.6985778808594
189.60094286792295,7.0,0.047873236,False,,314.9110748249995,22.62994765618481,331.86865234375
228.15229898524512,7.0,0.047873236,False,,282.05141678414606,273.56838849641144,344.2658996582031
266.70376233691485,7.0,0.047873236,True,25.974025974025974,234.92206047535768,381.86940405252767,351.1134338378906
303.2005083702369,7.0,0.047873236,True,30.303030303030305,214.5527985869527,389.24461842233706,355.6273193359375
341.5718172250129,7.0,0.047873236,True,34.48275862068966,195.48455142776527,384.22981308753236,359.80828857421875
380.88580812995247,7.0,0.047873236,True,38.46153846153846,178.99326685761463,366.104189644742,363.733154296875
419.0559644140832,7.0,0.047873236,True,43.47826086956522,168.25110491279102,336.2020452057035,367.3931884765625
457.8085803363978,7.0,0.047873236,False,,164.28659325772946,276.7731737507344,371.0555725097656
494.4853744265939,7.0,0.047873236,False,,158.46759414269317,124.08898762885495,374.07403564453125
532.8566832813709,7.0,0.047873236,False,,143.58614489869694,39.928476468942335,377.63800048828125
570.0736739678696,7.0,0.047873236,False,,139.05154207630366,12.917459973319055,380.4674377441406
606.2950294894458,7.0,0.047873236,False,,135.04018532743075,4.523545857629358,383.83056640625
645.4819548424252,7.0,0.047873236,False,,128.5599422644775,1.2849719279575993,387.0342102050781
682.444649204679,7.0,0.047873236,False,,121.47398200253551,0.2690777307084318,389.98028564453125
721.2714260182299,7.0,0.047873236,False,,114.04746500350063,0.18907344693145944,393.11383056640625
756.6243660265701,7.0,0.047873236,False,,108.05795664400145,0.4225895610653083,395.33001708984375
834.7865599618726,7.0,0.047873236,False,,96.61719573879348,0.5353540841208257,401.77337646484375
906.8051472486442,7.0,0.047873236,False,,88.14199895404984,0.40205572245673693,406.8645935058594
37.99008122008859,10.0,0.047873236,False,,93.83170875057768,12.094430927654045,315.3805847167969
76.17083384633712,10.0,0.047873236,False,,177.23803589013045,15.003130351674969,318.094482421875
114.17150902555795,10.0,0.047873236,False,,243.3975320100891,8.728132174360752,321.989501953125
152.16154020295048,10.0,0.047873236,False,,292.0024051069284,10.545313367716403,326.6835021972656
189.60094286792295,10.0,0.047873236,False,,316.1947320358463,35.24589573134318,331.9594421386719
228.15229898524512,10.0,0.047873236,False,,226.3463181422664,367.12773331594775,349.4442138671875
266.70376233691485,10.0,0.047873236,False,,220.17734713735615,390.83717122701967,355.9552001953125
303.2005083702369,10.0,0.047873236,True,24.096385542168676,215.03785376083493,405.46561503692766,360.61492919921875
341.5718172250129,10.0,0.047873236,True,27.027027027027028,208.89697210472,413.2002049298755,364.95916748046875
380.88580812995247,10.0,0.047873236,True,29.41176470588235,184.05559109955507,413.2025990060574,369.09283447265625
419.0559644140832,10.0,0.047873236,True,32.25806451612903,178.43251627018194,404.5150446724636,372.8435363769531
457.8085803363978,10.0,0.047873236,True,35.714285714285715,166.58080898114068,386.0913453683078,376.5045471191406
494.4853744265939,10.0,0.047873236,True,38.46153846153846,149.42176793587345,359.21513172936824,379.8729248046875
532.8566832813709,10.0,0.047873236,True,43.47826086956522,137.84667612264533,322.5902622267098,383.4230651855469
570.0736739678696,10.0,0.047873236,True,47.61904761904762,132.19159968376636,281.821774161155,386.5772705078125
606.2950294894458,10.0,0.047873236,False,,131.4947892253322,225.04214548041227,389.5002746582031
645.4819548424252,10.0,0.047873236,False,,124.96634573955444,90.71454892622509,392.7603454589844
682.444649204679,10.0,0.047873236,False,,116.58664233449905,33.92048224051314,395.9019775390625
721.2714260182299,10.0,0.047873236,False,,114.56485351820858,11.122271366738289,399.1226806640625
756.6243660265701,10.0,0.047873236,False,,112.17945460640357,4.0546356501558165,401.67584228515625
834.7865599618726,10.0,0.047873236,False,,102.62150447300934,0.46762106794572844,407.9578857421875
906.8051472486442,10.0,0.047873236,False,,93.17425145953443,1.2058468879166355,412.94708251953125
37.99008122008859,20.0,0.047873236,False,,87.0453846341279,34.1052156445513,315.3768310546875
76.17083384633712,20.0,0.047873236,False,,167.25374887828568,57.16366402427292,318.0905456542969
114.17150902555795,20.0,0.047873236,False,,234.45064552619394,63.331888283258905,321.9515075683594
152.16154020295048,20.0,0.047873236,False,,286.64551729125196,55.878312811589495,326.5222473144531
189.60094286792295,20.0,0.047873236,False,,318.00237936687074,41.774512917555455,331.724609375
228.15229898524512,20.0,0.047873236,False,,237.34026679433973,361.1549996686749,361.3395690917969
266.70376233691485,20.0,0.047873236,False,,200.2161644005135,388.1659719281476,368.2639465332031
303.2005083702369,20.0,0.047873236,False,,200.32516771087012,399.0370120234518,373.4540710449219
341.5718172250129,20.0,0.047873236,False,,181.984868655873,414.08795421525906,378.31048583984375
380.88580812995247,20.0,0.047873236,False,,192.77666678123043,426.0042420330141,382.9167785644531
419.0559644140832,20.0,0.047873236,False,,186.19281865178826,434.95486712859326,387.1418151855469
457.8085803363978,20.0,0.047873236,False,,174.24686811219965,441.28358138159587,391.2415771484375
494.4853744265939,20.0,0.047873236,False,,175.24235891713985,444.80732590913277,394.96649169921875
532.8566832813709,20.0,0.047873236,True,22.988505747126435,178.5414153132555,445.56047700362086,398.7768859863281
570.0736739678696,20.0,0.047873236,True,24.096385542168676,164.08748563173904,443.1301519107024,402.2977294921875
606.2950294894458,20.0,0.047873236,True,25.0,153.65019096409918,436.98218236053816,405.7041015625
645.4819548424252,20.0,0.047873236,True,26.31578947368421,154.2237217704748,425.06768622435646,409.2599182128906
682.444649204679,20.0,0.047873236,True,27.77777777777778,145.2432991669772,407.2968283463728,412.58856201171875
721.2714260182299,20.0,0.047873236,True,30.303030303030305,132.0759664704584,378.81492431822875,416.05181884765625
756.6243660265701,20.0,0.047873236,True,33.333333333333336,123.75378239312798,344.1364102526253,419.0384826660156
834.7865599618726,20.0,0.047873236,True,43.47826086956522,105.14235168053902,249.40063903915728,425.6462707519531
906.8051472486442,20.0,0.047873236,True,52.63157894736842,93.6485050722732,174.66969315986603,431.6935729980469
37.99008122008859,50.0,0.047873236,False,,63.78877206423423,51.47492549610203,315.2016296386719
76.17083384633712,50.0,0.047873236,False,,126.20661720792944,98.6463956175835,317.59124755859375
114.17150902555795,50.0,0.047873236,False,,184.84627676756804,136.41958039457197,321.3862609863281
152.16154020295048,50.0,0.047873236,False,,238.00935165969378,160.5718297409311,326.1750183105469
189.60094286792295,50.0,0.047873236,False,,282.3445885239637,165.34379271944627,331.15325927734375
228.15229898524512,50.0,0.047873236,False,,212.36738264327946,339.2969710286639,389.33624267578125
266.70376233691485,50.0,0.047873236,False,,230.26579661483242,355.5890691020489,397.3559265136719
303.2005083702369,50.0,0.047873236,False,,205.04507975523316,368.82329620518965,403.41693115234375
341.5718172250129,50.0,0.047873236,False,,187.43394814672757,381.23944225353824,409.1033935546875
380.88580812995247,50.0,0.047873236,False,,189.4680617564613,392.66169511526,414.5018310546875
419.0559644140832,50.0,0.047873236,False,,200.22227507304493,403.1653786973004,419.45684814453125
457.8085803363978,50.0,0.047873236,False,,186.09270495129883,412.864179548362,424.2658996582031
494.4853744265939,50.0,0.047873236,False,,168.73371326452244,421.3998641673731,428.6655578613281
532.8566832813709,50.0,0.047873236,False,,157.02180305675293,429.96212354681165,433.1236572265625
570.0736739678696,50.0,0.047873236,False,,152.32254824875127,437.7226839428581,437.3316955566406
606.2950294894458,50.0,0.047873236,False,,152.64966842662693,433.6973336874899,441.3320007324219
645.4819548424252,50.0,0.047873236,False,,160.95283936601405,438.6568920433235,445.588623046875
682.444649204679,50.0,0.047873236,False,,169.33102607912784,442.79501775077966,449.498046875
721.2714260182299,50.0,0.047873236,False,,162.8572945085678,446.0313376384581,453.5594787597656
756.6243660265701,50.0,0.047873236,False,,157.04012073920126,448.9129382514255,457.1811218261719
834.7865599618726,50.0,0.047873236,False,,146.4068228772414,453.9716619687222,465.037841796875
906.8051472486442,50.0,0.047873236,False,,138.5444629518619,454.3547628362236,472.0826110839844
37.99008122008859,0.0,0.07,False,,95.26541855093613,0.1478493266764218,315.37884521484375
76.17083384633712,0.0,0.07,False,,178.48617624524388,0.9086877426284161,318.09197998046875
114.17150902555795,0.0,0.07,False,,243.3591658549292,1.9430667881111958,321.94970703125
152.16154020295048,0.0,0.07,False,,290.8920281041036,2.7613938951806745,326.4298095703125
189.60094286792295,0.0,0.07,False,,319.27981395435364,3.3387543411270713,330.8558654785156
228.15229898524512,0.0,0.07,False,,315.05339937655134,0.6284714361548822,333.9517822265625
266.70376233691485,0.0,0.07,False,,291.18481278419495,0.0,335.5255432128906
303.2005083702369,0.0,0.07,False,,267.2000527381897,0.0,336.43853759765625
341.5718172250129,0.0,0.07,False,,244.60390210151672,0.0,337.1280822753906
380.88580812995247,0.0,0.07,False,,224.66063499450684,0.0,337.6779479980469
419.0559644140832,0.0,0.07,False,,208.05621147155762,0.0,338.1180114746094
457.8085803363978,0.0,0.07,False,,193.51691007614136,0.0,338.50079345703125
494.4853744265939,0.0,0.07,False,,181.53703212738037,0.0,338.81988525390625
532.8566832813709,0.0,0.07,False,,170.52994668483734,0.0,339.1196594238281
570.0736739678696,0.0,0.07,False,,161.10336780548096,0.0,339.3841247558594
606.2950294894458,0.0,0.07,False,,152.91668474674225,0.0,339.6214904785156
645.4819548424252,0.0,0.07,False,,144.99162137508392,0.0,339.85992431640625
682.444649204679,0.0,0.07,False,,138.27043771743774,0.0,340.0702209472656
721.2714260182299,0.0,0.07,False,,131.88719749450684,0.0,340.2781982421875
756.6243660265701,0.0,0.07,False,,126.59625709056854,0.0,340.45770263671875
834.7865599618726,0.0,0.07,False,,116.36907607316971,0.0,340.8269958496094
906.8051472486442,0.0,0.07,False,,108.39690268039703,0.0,341.14031982421875
37.99008122008859,0.1,0.07,False,,95.26592826703614,0.1535713724877894,315.37884521484375
76.17083384633712,0.1,0.07,False,,178.48850208672437,0.9378195132847793,318.0920104980469
114.17150902555795,0.1,0.07,False,,243.3623152636891,1.992717459995248,321.94976806640625
152.16154020295048,0.1,0.07,False,,290.8938177264391,2.807408685126461,326.42987060546875
189.60094286792295,0.1,0.07,False,,319.2766652870055,3.3430756796146284,330.85595703125
228.15229898524512,0.1,0.07,False,,315.046385303263,0.5480051639668204,333.951904296875
266.70376233691485,0.1,0.07,False,,291.1778688430786,0.0,335.5256652832031
303.2005083702369,0.1,0.07,False,,267.19117164611816,0.0,336.43865966796875
341.5718172250129,0.1,0.07,False,,244.59388852119446,0.0,337.1282043457031
380.88580812995247,0.1,0.07,False,,224.65287148952484,0.0,337.67803955078125
419.0559644140832,0.1,0.07,False,,208.04835855960846,0.0,338.11810302734375
457.8085803363978,0.1,0.07,False,,193.5116946697235,0.0,338.5008544921875
494.4853744265939,0.1,0.07,False,,181.52959644794464,0.0,338.8199768066406
532.8566832813709,0.1,0.07,False,,170.52499949932098,0.0,339.1197204589844
570.0736739678696,0.1,0.07,False,,161.09873354434967,0.0,339.3841857910156
606.2950294894458,0.1,0.07,False,,152.91224420070648,0.0,339.6215515136719
645.4819548424252,0.1,0.07,False,,144.98735964298248,0.0,339.8599853515625
682.444649204679,0.1,0.07,False,,138.26633989810944,0.0,340.0702819824219
721.2714260182299,0.1,0.07,False,,131.88329339027405,0.0,340.27825927734375
756.6243660265701,0.1,0.07,False,,126.59244239330292,0.0,340.457763671875
834.7865599618726,0.1,0.07,False,,116.36562645435333,0.0,340.8270568847656
906.8051472486442,0.1,0.07,False,,106.88894987106323,0.0,341.21551513671875
37.99008122008859,0.2,0.07,False,,95.26634294188361,0.15910715395837371,315.3788757324219
76.17083384633712,0.2,0.07,False,,178.4906821785136,0.9672344067003849,318.092041015625
114.17150902555795,0.2,0.07,False,,243.3654224896039,2.041027026327015,321.9497985839844
152.16154020295048,0.2,0.07,False,,290.8954442514066,2.8525294043558347,326.429931640625
189.60094286792295,0.2,0.07,False,,319.2743312166688,3.351688553222516,330.8560485839844
228.15229898524512,0.2,0.07,False,,315.04027553057483,0.48023467693661814,333.9520263671875
266.70376233691485,0.2,0.07,False,,291.17080569267273,0.0,335.5257873535156
303.2005083702369,0.2,0.07,False,,267.18461513519287,0.0,336.4387512207031
341.5718172250129,0.2,0.07,False,,244.58907544612885,0.0,337.1282653808594
380.88580812995247,0.2,0.07,False,,224.64771568775177,0.0,337.6781005859375
419.0559644140832,0.2,0.07,False,,208.0458402633667,0.0,338.1181335449219
457.8085803363978,0.2,0.07,False,,193.50668787956238,0.0,338.50091552734375
494.4853744265939,0.2,0.07,False,,181.52713775634766,0.0,338.82000732421875
532.8566832813709,0.2,0.07,False,,170.52264511585236,0.0,339.1197509765625
570.0736739678696,0.2,0.07,False,,161.09636425971985,0.0,339.38421630859375
606.2950294894458,0.2,0.07,False,,152.9100388288498,0.0,339.62158203125
645.4819548424252,0.2,0.07,False,,144.985169172287,0.0,339.8600158691406
682.444649204679,0.2,0.07,False,,138.26428353786469,0.0,340.0703125
721.2714260182299,0.2,0.07,False,,121.78083431351139,0.02311170527792683,340.69415283203125
756.6243660265701,0.2,0.07,False,,108.59256237745285,0.0,341.46856689453125
834.7865599618726,0.2,0.07,False,,90.91018885374069,0.0,344.0527648925781
906.8051472486442,0.2,0.07,False,,83.70663970708847,0.0,347.5002746582031
37.99008122008859,0.39,0.07,False,,95.26736967639906,0.1704767404716847,315.3788757324219
76.17083384633712,0.39,0.07,False,,178.49529353201387,1.0253936409295648,318.0920715332031
114.17150902555795,0.39,0.07,False,,243.37136286376088,2.137988886568735,321.94989013671875
152.16154020295048,0.39,0.07,False,,290.89918496206906,2.942294004263317,326.4300231933594
189.60094286792295,0.39,0.07,False,,319.2693044101529,3.3657552539170297,330.856201171875
228.15229898524512,0.39,0.07,False,,315.0292686873995,0.35408143686635185,333.9522399902344
266.70376233691485,0.39,0.07,False,,291.1584973335266,0.0,335.5260009765625
303.2005083702369,0.39,0.07,False,,267.1734392642975,0.0,336.43890380859375
341.5718172250129,0.39,0.07,False,,244.57679688930511,0.0,337.12841796875
380.88580812995247,0.39,0.07,False,,224.63743388652802,0.0,337.67822265625
419.0559644140832,0.39,0.07,False,,208.03557336330414,0.0,338.1182556152344
457.8085803363978,0.39,0.07,False,,192.51477718353271,0.0,338.538330078125
494.4853744265939,0.39,0.07,False,,172.80476373496023,0.0619292306232353,339.0713195800781
532.8566832813709,0.39,0.07,False,,152.85443547927164,0.03656746019183288,339.7301940917969
570.0736739678696,0.39,0.07,False,,136.70559227466583,0.0,340.4871520996094
606.2950294894458,0.39,0.07,False,,124.19823557138443,0.0,341.3728942871094
645.4819548424252,0.39,0.07,False,,113.52558434009552,0.0,342.6012268066406
682.444649204679,0.39,0.07,False,,106.04584962129593,0.0,344.08184814453125
721.2714260182299,0.39,0.07,False,,100.90350359678268,0.0,345.9878234863281
756.6243660265701,0.39,0.07,False,,97.03458100557327,0.0,348.26611328125
834.7865599618726,0.39,0.07,False,,89.53984081745148,0.0,352.49700927734375
906.8051472486442,0.39,0.07,False,,83.69220793247223,0.0,357.18572998046875
37.99008122008859,1.0,0.07,False,,95.27124316293799,0.2157613708199051,315.3789367675781
76.17083384633712,1.0,0.07,False,,178.5131233280018,1.25670437484834,318.09222412109375
114.17150902555795,1.0,0.07,False,,243.39439716871067,2.5156290322918835,321.95013427734375
152.16154020295048,1.0,0.07,False,,290.91110856101096,3.273338221893596,326.43035888671875
189.60094286792295,1.0,0.07,False,,319.2494870522623,3.3758880598973633,330.8566589355469
228.15229898524512,1.0,0.07,False,,314.98789372138793,0.0064969094149205375,333.9532470703125
266.70376233691485,1.0,0.07,False,,287.71796644540836,0.2675950687393538,335.6507873535156
303.2005083702369,1.0,0.07,False,,249.13882586284083,0.6493479443552133,336.9463195800781
341.5718172250129,1.0,0.07,False,,210.18694311440515,0.22044780342872627,338.2211608886719
380.88580812995247,1.0,0.07,False,,181.57650530338287,0.0,339.5037536621094
419.0559644140832,1.0,0.07,False,,161.8407815694809,0.0,340.7945556640625
457.8085803363978,1.0,0.07,False,,147.08311855793,0.0,342.26458740234375
494.4853744265939,1.0,0.07,False,,137.04869151115417,0.0,343.9559631347656
532.8566832813709,1.0,0.07,False,,129.06984984874725,0.0,346.12384033203125
570.0736739678696,1.0,0.07,False,,122.1967339515686,0.0,348.52325439453125
606.2950294894458,1.0,0.07,False,,116.23827368021011,0.0,351.33648681640625
645.4819548424252,1.0,0.07,False,,110.46505719423294,0.0,353.31988525390625
682.444649204679,1.0,0.07,False,,105.56266456842422,0.0,356.8310852050781
721.2714260182299,1.0,0.07,False,,100.8993461728096,0.0,358.1985778808594
756.6243660265701,1.0,0.07,False,,97.03194350004196,0.0,361.3758544921875
834.7865599618726,1.0,0.07,False,,89.54247087240219,0.0,366.3788757324219
906.8051472486442,1.0,0.07,False,,83.69467407464981,0.0,370.6686096191406
37.99008122008859,2.0,0.07,False,,95.28136935479219,0.32659621091416113,315.3789978027344
76.17083384633712,2.0,0.07,False,,178.55921373324526,1.8699169836314127,318.0924987792969
114.17150902555795,2.0,0.07,False,,243.45226186505624,3.5500378921122433,321.9505615234375
152.16154020295048,2.0,0.07,False,,290.93509379920454,4.128515925844738,326.4309387207031
189.60094286792295,2.0,0.07,False,,319.1879919622695,3.23238992566138,330.85784912109375
228.15229898524512,2.0,0.07,False,,309.98826930765017,1.9474626600919578,334.242431640625
266.70376233691485,2.0,0.07,False,,251.3685927657818,2.646655135260829,336.9456481933594
303.2005083702369,2.0,0.07,False,,209.49749100050727,0.2540052090340623,339.23443603515625
341.5718172250129,2.0,0.07,False,,186.62316074254966,0.4182011138063899,341.3990173339844
380.88580812995247,2.0,0.07,False,,172.53682514182896,0.4528463167164887,343.65997314453125
419.0559644140832,2.0,0.07,False,,158.68314811617483,0.2322495131686253,346.13861083984375
457.8085803363978,2.0,0.07,False,,146.67279929392808,0.08118153297527897,348.85162353515625
494.4853744265939,2.0,0.07,False,,137.43571403324478,0.02697110402459657,351.51434326171875
532.8566832813709,2.0,0.07,False,,129.03650104999542,0.0,354.13385009765625
570.0736739678696,2.0,0.07,False,,122.20710515975952,0.0,357.0772705078125
606.2950294894458,2.0,0.07,False,,116.25972390174866,0.0,360.2089538574219
645.4819548424252,2.0,0.07,False,,110.49052327871323,0.0,362.7407531738281
682.444649204679,2.0,0.07,False,,105.57397454977036,0.0,366.01605224609375
721.2714260182299,2.0,0.07,False,,100.90858489274979,0.0,369.2246398925781
756.6243660265701,2.0,0.07,False,,97.03932702541351,0.0,372.0486755371094
834.7865599618726,2.0,0.07,False,,89.54781293869019,0.0,374.1955871582031
906.8051472486442,2.0,0.07,False,,83.69939029216766,0.0,378.29168701171875
37.99008122008859,3.0,0.07,False,,95.29418683691944,0.38299710080886484,315.3791198730469
76.17083384633712,3.0,0.07,False,,178.64063316123142,2.795711247643453,318.0928649902344
114.17150902555795,3.0,0.07,False,,243.5710500730524,5.612448093459108,321.95135498046875
152.16154020295048,3.0,0.07,False,,290.9931577755302,6.368995069106347,326.43292236328125
189.60094286792295,3.0,0.07,False,,318.93401316549387,4.241913987991154,330.9211730957031
228.15229898524512,3.0,0.07,False,,295.5777736742912,10.007381818819624,334.92694091796875
266.70376233691485,3.0,0.07,False,,234.5318611966765,4.561677576675521,338.69134521484375
303.2005083702369,3.0,0.07,False,,220.97318670584153,8.751273717837137,341.7201232910156
341.5718172250129,3.0,0.07,False,,201.72803476181113,4.577413546290188,344.5669860839844
380.88580812995247,3.0,0.07,False,,181.84617155208275,2.5600792784981934,347.5553283691406
419.0559644140832,3.0,0.07,False,,165.7023291291808,1.6094894288006572,350.49871826171875
457.8085803363978,3.0,0.07,False,,151.8407289102175,0.998497073184268,353.4109191894531
494.4853744265939,3.0,0.07,False,,140.9791035608077,0.6355196639811993,356.0375061035156
532.8566832813709,3.0,0.07,False,,131.66925615185443,0.43237212036547135,359.1253662109375
570.0736739678696,3.0,0.07,False,,123.61792323089361,0.23179502740396174,361.2658386230469
606.2950294894458,3.0,0.07,False,,116.96816120908123,0.1231655560320064,364.498779296875
645.4819548424252,3.0,0.07,False,,110.74625226260999,0.03997236768863388,366.4796447753906
682.444649204679,3.0,0.07,False,,105.62591999769211,0.0,369.00738525390625
721.2714260182299,3.0,0.07,False,,100.91167688369751,0.0,372.8434143066406
756.6243660265701,3.0,0.07,False,,97.05106914043427,0.0,375.1295166015625
834.7865599618726,3.0,0.07,False,,89.55706655979156,0.0,378.4181213378906
906.8051472486442,3.0,0.07,False,,83.70303362607956,0.0,384.3556213378906
37.99008122008859,5.0,0.07,False,,95.24292257538785,1.0227263656388033,315.3793029785156
76.17083384633712,5.0,0.07,False,,178.8192275785031,2.933382984795429,318.0949401855469
114.17150902555795,5.0,0.07,False,,244.0351792923945,10.229721894890076,321.96759033203125
152.16154020295048,5.0,0.07,False,,291.49882388883384,16.11605347276111,326.52911376953125
189.60094286792295,5.0,0.07,False,,317.6824928576085,19.559950819031428,331.31512451171875
228.15229898524512,5.0,0.07,False,,265.9450082408277,58.09786928935043,336.5260009765625
266.70376233691485,5.0,0.07,False,,267.8480559940099,69.96792577719404,342.5340576171875
303.2005083702369,5.0,0.07,False,,241.661328261225,77.8192577739411,346.3142395019531
341.5718172250129,5.0,0.07,False,,219.2426684555841,62.69185348166127,349.79840087890625
380.88580812995247,5.0,0.07,False,,199.3265241593172,35.63551820403242,353.11737060546875
419.0559644140832,5.0,0.07,False,,181.6929292617117,18.33853289202861,356.19482421875
457.8085803363978,5.0,0.07,False,,165.54602050440784,10.345966580892252,359.2145080566406
494.4853744265939,5.0,0.07,False,,152.47713254192394,6.694242923096169,361.9747009277344
532.8566832813709,5.0,0.07,False,,140.4979520471986,4.304081526834381,364.5765686035156
570.0736739678696,5.0,0.07,False,,130.62956033149072,2.9229076759151837,367.2388916015625
606.2950294894458,5.0,0.07,False,,122.59143317326394,2.1213368997942013,369.901123046875
645.4819548424252,5.0,0.07,False,,114.94382512095986,1.4561788182753617,372.52276611328125
682.444649204679,5.0,0.07,False,,108.62545406218698,0.9945035608524506,375.05682373046875
721.2714260182299,5.0,0.07,False,,103.02019063884312,0.6900355649079586,377.330078125
756.6243660265701,5.0,0.07,False,,98.3452555270087,0.435687627860446,379.7455749511719
834.7865599618726,5.0,0.07,False,,89.87551479082839,0.10797382106302678,384.5870361328125
906.8051472486442,5.0,0.07,False,,83.69340747594833,0.0,390.2935485839844
37.99008122008859,7.0,0.07,False,,94.93461005386766,4.535757181960008,315.37896728515625
76.17083384633712,7.0,0.07,False,,178.70083909745864,3.2387080154403236,318.0974426269531
114.17150902555795,7.0,0.07,False,,244.4917232790443,9.054645899927664,321.9927978515625
152.16154020295048,7.0,0.07,False,,292.4298266491266,22.283137197882127,326.6326904296875
189.60094286792295,7.0,0.07,False,,317.52455883471015,39.374561240719345,331.6152648925781
228.15229898524512,7.0,0.07,False,,277.6784224494388,229.41505148668483,338.885986328125
266.70376233691485,7.0,0.07,False,,253.28159690626288,251.55247315180975,345.9695739746094
303.2005083702369,7.0,0.07,False,,237.27815086706096,260.3990736136241,349.9607238769531
341.5718172250129,7.0,0.07,False,,213.36904380947536,223.98990296929585,353.5962219238281
380.88580812995247,7.0,0.07,False,,192.59236015043243,158.5981096722147,357.0263366699219
419.0559644140832,7.0,0.07,False,,181.80266616056758,103.07922989980054,360.18487548828125
457.8085803363978,7.0,0.07,False,,172.2233745456243,65.38163139583685,363.28668212890625
494.4853744265939,7.0,0.07,False,,161.5510737195705,39.9448289610782,366.0188903808594
532.8566832813709,7.0,0.07,False,,149.82141474761076,24.115385099177388,368.8431091308594
570.0736739678696,7.0,0.07,False,,139.00862810382134,15.393347619174449,371.522216796875
606.2950294894458,7.0,0.07,False,,129.685207570752,10.335028909516296,374.07598876953125
645.4819548424252,7.0,0.07,False,,120.8113739455242,6.882302943314329,376.8852844238281
682.444649204679,7.0,0.07,False,,113.5381721305956,4.809983400381427,379.4676513671875
721.2714260182299,7.0,0.07,False,,107.0506840836749,3.5108777212926725,382.3676452636719
756.6243660265701,7.0,0.07,False,,101.53147997885847,2.414480007049633,384.224609375
834.7865599618726,7.0,0.07,False,,91.86984732481442,1.2399033472945291,389.82623291015625
906.8051472486442,7.0,0.07,False,,84.85820040825946,0.6356165195264225,394.4638977050781
37.99008122008859,10.0,0.07,False,,93.88696996616159,12.010582095263544,315.3788146972656
76.17083384633712,10.0,0.07,False,,177.58882938811342,14.753550817884076,318.09716796875
114.17150902555795,10.0,0.07,False,,244.2699837260028,9.313375337644658,322.00396728515625
152.16154020295048,10.0,0.07,False,,293.4189426986932,17.55040882863375,326.696044921875
189.60094286792295,10.0,0.07,False,,318.81688804210984,47.2048224362274,331.8540954589844
228.15229898524512,10.0,0.07,False,,263.44250496649306,378.69014864329085,343.7234802246094
266.70376233691485,10.0,0.07,False,,225.44467890153652,380.9954663768296,350.0967712402344
303.2005083702369,10.0,0.07,False,,209.12429777883065,386.5515838197944,354.2132568359375
341.5718172250129,10.0,0.07,True,23.80952380952381,205.4573359320328,380.39189051098634,358.0134582519531
380.88580812995247,10.0,0.07,True,27.027027027027028,190.34543313420446,360.2663662185576,361.6075744628906
419.0559644140832,10.0,0.07,True,30.303030303030305,172.5174450264433,326.8338138032095,364.8946533203125
457.8085803363978,10.0,0.07,False,,170.05055029595664,276.6116184742414,368.1368713378906
494.4853744265939,10.0,0.07,False,,158.21927699339005,195.38345272357702,371.0329895019531
532.8566832813709,10.0,0.07,False,,147.17300093941134,117.89103429594678,373.9916687011719
570.0736739678696,10.0,0.07,False,,142.92313438162944,72.02652082485827,376.9082336425781
606.2950294894458,10.0,0.07,False,,137.23339999167587,46.785861538365,379.540771484375
645.4819548424252,10.0,0.07,False,,129.46361836860163,30.901491889634045,382.2552795410156
682.444649204679,10.0,0.07,False,,121.76859040018932,22.0318957669391,385.0777587890625
721.2714260182299,10.0,0.07,False,,114.10735748682352,15.837773407994206,387.5821533203125
756.6243660265701,10.0,0.07,False,,107.89507093634226,11.996783271470221,389.9549865722656
834.7865599618726,10.0,0.07,False,,96.3560327417202,6.456755164891149,395.3371276855469
906.8051472486442,10.0,0.07,False,,87.78307206179578,3.5403669385449206,399.92669677734375
37.99008122008859,20.0,0.07,False,,87.09383787253019,34.11134747262277,315.37518310546875
76.17083384633712,20.0,0.07,False,,167.5983729624985,57.122715636435714,318.090087890625
114.17150902555795,20.0,0.07,False,,235.38110227427092,63.46476195338903,321.9677429199219
152.16154020295048,20.0,0.07,False,,288.27790161052985,58.33192315679514,326.6198425292969
189.60094286792295,20.0,0.07,False,,319.88840672389426,47.15871970996881,331.90936279296875
228.15229898524512,20.0,0.07,False,,231.6151696353049,373.9344601531715,353.70941162109375
266.70376233691485,20.0,0.07,False,,218.2185521232866,405.96482497729926,359.9576416015625
303.2005083702369,20.0,0.07,False,,191.70934964206282,432.4555527609085,364.5632629394531
341.5718172250129,20.0,0.07,False,,198.7832399860278,419.58106308428955,368.8686218261719
380.88580812995247,20.0,0.07,False,,175.42177392864596,427.79947232737845,372.9441833496094
419.0559644140832,20.0,0.07,False,,168.43990114184822,430.5202412842057,376.6887512207031
457.8085803363978,20.0,0.07,False,,176.48787752188645,428.3529306864085,380.3094482421875
494.4853744265939,20.0,0.07,False,,162.94493737684544,420.20112738649686,383.626708984375
532.8566832813709,20.0,0.07,False,,147.2371999984632,404.2263330736675,386.979736328125
570.0736739678696,20.0,0.07,False,,151.1196418380696,380.1581455001914,390.1240234375
606.2950294894458,20.0,0.07,True,25.641025641025642,133.04347202960778,347.61458990043207,393.11865234375
645.4819548424252,20.0,0.07,True,28.571428571428573,131.27831343766786,305.7144776415769,396.3312072753906
682.444649204679,20.0,0.07,True,32.25806451612903,116.24757571545777,263.63521170544044,399.2254943847656
721.2714260182299,20.0,0.07,True,35.714285714285715,110.95678652034653,221.31085279786174,402.2686767578125
756.6243660265701,20.0,0.07,False,,108.09136091043963,189.37921668328192,405.0118103027344
834.7865599618726,20.0,0.07,False,,99.4645810670605,137.91472779159648,410.79913330078125
906.8051472486442,20.0,0.07,False,,95.74215748682226,107.11306638161975,416.099365234375
37.99008122008859,50.0,0.07,False,,63.8040761683877,51.50101370410569,315.1932067871094
76.17083384633712,50.0,0.07,False,,126.32898039126759,98.84581785810197,317.56207275390625
114.17150902555795,50.0,0.07,False,,185.26462008472163,137.04680007164757,321.35211181640625
152.16154020295048,50.0,0.07,False,,239.0024666808898,161.83045631833954,326.1946105957031
189.60094286792295,50.0,0.07,False,,284.3046799280708,168.1419327730902,331.3669128417969
228.15229898524512,50.0,0.07,False,,215.31774750477868,346.7277547669963,374.4347839355469
266.70376233691485,50.0,0.07,False,,223.40993314016083,367.13629116384277,381.7987060546875
303.2005083702369,50.0,0.07,False,,235.66020967012722,383.76556846010203,387.3515625
341.5718172250129,50.0,0.07,False,,200.73789620262804,399.21915230310304,392.5608825683594
380.88580812995247,50.0,0.07,False,,184.56182757026951,413.6361538142288,397.4975891113281
419.0559644140832,50.0,0.07,False,,181.65282607341905,426.68156047882616,402.0211486816406
457.8085803363978,50.0,0.07,False,,186.11876501577328,438.7221685417791,406.4125061035156
494.4853744265939,50.0,0.07,False,,193.76226098002803,449.7234444958476,410.4178771972656
532.8566832813709,50.0,0.07,False,,181.43440429263754,460.0247843729819,414.4780578613281
570.0736739678696,50.0,0.07,False,,166.04330422108828,470.1651990556654,418.3113098144531
606.2950294894458,50.0,0.07,False,,151.9235746704899,479.20199796722983,421.95452880859375
645.4819548424252,50.0,0.07,False,,138.72161525322747,482.3760240892887,425.8017578125
682.444649204679,50.0,0.07,False,,131.31084287228742,454.0017611476838,429.36669921875
721.2714260182299,50.0,0.07,False,,129.71276129954387,454.6027907130886,433.0418701171875
756.6243660265701,50.0,0.07,False,,130.13979684549562,454.33776366711544,436.3227844238281
834.7865599618726,50.0,0.07,False,,136.79944222394627,446.5712751559851,443.4338684082031
906.8051472486442,50.0,0.07,False,,132.09581804511217,427.0686052655891,449.7966003417969
37.99008122008859,0.0,0.092624,False,,95.28932816857402,0.29312075020257566,315.37701416015625
76.17083384633712,0.0,0.092624,False,,178.62252468874343,1.8531978617913865,318.0902404785156
114.17150902555795,0.0,0.092624,False,,243.65261375896512,4.203766702284611,321.9481201171875
152.16154020295048,0.0,0.092624,False,,291.31711227677283,6.40001912790234,326.4283447265625
189.60094286792295,0.0,0.092624,False,,319.8251794160175,9.008378104239284,330.8547058105469
228.15229898524512,0.0,0.092624,False,,315.2558008992526,4.846811639687871,333.951171875
266.70376233691485,0.0,0.092624,False,,291.2083085799769,0.1574754927408435,335.5251770019531
303.2005083702369,0.0,0.092624,False,,267.2198712825775,0.0,336.4382629394531
341.5718172250129,0.0,0.092624,False,,244.621142745018,0.0,337.12786865234375
380.88580812995247,0.0,0.092624,False,,224.6786504983902,0.0,337.677734375
419.0559644140832,0.0,0.092624,False,,208.0717533826828,0.0,338.1178283691406
457.8085803363978,0.0,0.092624,False,,193.5320943593979,0.0,338.5006103515625
494.4853744265939,0.0,0.092624,False,,181.54951930046082,0.0,338.8197326660156
532.8566832813709,0.0,0.092624,False,,170.54195702075958,0.0,339.1195068359375
570.0736739678696,0.0,0.092624,False,,161.1151248216629,0.0,339.38397216796875
606.2950294894458,0.0,0.092624,False,,152.92802453041077,0.0,339.621337890625
645.4819548424252,0.0,0.092624,False,,145.00027894973755,0.0,339.85980224609375
682.444649204679,0.0,0.092624,False,,138.28088343143463,0.0,340.070068359375
721.2714260182299,0.0,0.092624,False,,131.89522922039032,0.0,340.278076171875
756.6243660265701,0.0,0.092624,False,,126.60583853721619,0.0,340.4575500488281
834.7865599618726,0.0,0.092624,False,,116.37607961893082,0.0,340.8268737792969
906.8051472486442,0.0,0.092624,False,,108.40339958667755,0.0,341.14019775390625
37.99008122008859,0.1,0.092624,False,,95.29032832563655,0.3020167429128975,315.37701416015625
76.17083384633712,0.1,0.092624,False,,178.62753607541086,1.9008964798177033,318.09027099609375
114.17150902555795,0.1,0.092624,False,,243.66068551833095,4.296675445985045,321.94818115234375
152.16154020295048,0.1,0.092624,False,,291.3241600071173,6.507635316133928,326.42840576171875
189.60094286792295,0.1,0.092624,False,,319.8252634857799,9.097308239816414,330.85479736328125
228.15229898524512,0.1,0.092624,False,,315.23853482725207,4.653632979353802,333.9512939453125
266.70376233691485,0.1,0.092624,False,,291.20042742238365,0.11438133387167682,335.5252990722656
303.2005083702369,0.1,0.092624,False,,267.2111392021179,0.0,336.4383850097656
341.5718172250129,0.1,0.092624,False,,244.61138248443604,0.0,337.12799072265625
380.88580812995247,0.1,0.092624,False,,224.6682345867157,0.0,337.6778564453125
419.0559644140832,0.1,0.092624,False,,208.06391537189484,0.0,338.117919921875
457.8085803363978,0.1,0.092624,False,,193.5245543718338,0.0,338.5007019042969
494.4853744265939,0.1,0.092624,False,,181.54196441173553,0.0,338.81982421875
532.8566832813709,0.1,0.092624,False,,170.53711414337158,0.0,339.11956787109375
570.0736739678696,0.1,0.092624,False,,161.1081212759018,0.0,339.3840637207031
606.2950294894458,0.1,0.092624,False,,152.92350947856903,0.0,339.62139892578125
645.4819548424252,0.1,0.092624,False,,144.99597251415253,0.0,339.85986328125
682.444649204679,0.1,0.092624,False,,138.2746696472168,0.0,340.0701599121094
721.2714260182299,0.1,0.092624,False,,131.89120590686798,0.0,340.27813720703125
756.6243660265701,0.1,0.092624,False,,126.60202383995056,0.0,340.4576110839844
834.7865599618726,0.1,0.092624,False,,116.37263000011444,0.0,340.8269348144531
906.8051472486442,0.1,0.092624,False,,108.40015113353729,0.0,341.1402587890625
37.99008122008859,0.2,0.092624,False,,95.29129515897844,0.31023473331130447,315.37701416015625
76.17083384633712,0.2,0.092624,False,,178.63231816216455,1.946672847875874,318.0903015136719
114.17150902555795,0.2,0.092624,False,,243.66853917183428,4.386499647925319,321.9482116699219
152.16154020295048,0.2,0.092624,False,,291.3312803902033,6.614566053040164,326.428466796875
189.60094286792295,0.2,0.092624,False,,319.82639449148263,9.19002327103334,330.8548889160156
228.15229898524512,0.2,0.092624,False,,315.2240089369375,4.496157504722817,333.951416015625
266.70376233691485,0.2,0.092624,False,,291.19268222863275,0.07942320971091021,335.5254211425781
303.2005083702369,0.2,0.092624,False,,267.2044336795807,0.0,336.4384765625
341.5718172250129,0.2,0.092624,False,,244.60631608963013,0.0,337.1280517578125
380.88580812995247,0.2,0.092624,False,,224.66318309307098,0.0,337.67791748046875
419.0559644140832,0.2,0.092624,False,,208.05883407592773,0.0,338.11798095703125
457.8085803363978,0.2,0.092624,False,,193.52196156978607,0.0,338.500732421875
494.4853744265939,0.2,0.092624,False,,181.53953552246094,0.0,338.8198547363281
532.8566832813709,0.2,0.092624,False,,170.53472995758057,0.0,339.1195983886719
570.0736739678696,0.2,0.092624,False,,161.105677485466,0.0,339.38409423828125
606.2950294894458,0.2,0.092624,False,,152.92128920555115,0.0,339.6214294433594
645.4819548424252,0.2,0.092624,False,,144.99597251415253,0.0,339.85986328125
682.444649204679,0.2,0.092624,False,,138.2746696472168,0.0,340.0701599121094
721.2714260182299,0.2,0.092624,False,,131.89120590686798,0.0,340.27813720703125
756.6243660265701,0.2,0.092624,False,,126.60013139247894,0.0,340.4576416015625
834.7865599618726,0.2,0.092624,False,,113.95638888296035,0.04505366261092547,340.9342956542969
906.8051472486442,0.2,0.092624,False,,90.81240743398666,0.0,342.50537109375
37.99008122008859,0.39,0.092624,False,,95.293136675659,0.32654405449918045,315.3770446777344
76.17083384633712,0.39,0.092624,False,,178.64199361223967,2.0398051079494053,318.0903625488281
114.17150902555795,0.39,0.092624,False,,243.68393422174768,4.565656315401867,321.94830322265625
152.16154020295048,0.39,0.092624,False,,291.3450214854507,6.826013539087512,326.4285888671875
189.60094286792295,0.39,0.092624,False,,319.8284300943836,9.371131995327914,330.85504150390625
228.15229898524512,0.39,0.092624,False,,315.1960220351375,4.162609906290925,333.9516296386719
266.70376233691485,0.39,0.092624,False,,291.17987256743703,0.006854544248938055,335.525634765625
303.2005083702369,0.39,0.092624,False,,267.19123125076294,0.0,336.43865966796875
341.5718172250129,0.39,0.092624,False,,244.59393322467804,0.0,337.1282043457031
380.88580812995247,0.39,0.092624,False,,224.65290129184723,0.0,337.67803955078125
419.0559644140832,0.39,0.092624,False,,208.05101096630096,0.0,338.1180725097656
457.8085803363978,0.39,0.092624,False,,193.51431727409363,0.0,338.5008239746094
494.4853744265939,0.39,0.092624,False,,181.53458833694458,0.0,338.8199157714844
532.8566832813709,0.39,0.092624,False,,170.52996158599854,0.0,339.1196594238281
570.0736739678696,0.39,0.092624,False,,161.10338270664215,0.0,339.3841247558594
606.2950294894458,0.39,0.092624,False,,145.9986230918374,0.18039346385563704,339.85784912109375
645.4819548424252,0.39,0.092624,False,,129.49397663219364,0.1965016258974117,340.4996643066406
682.444649204679,0.39,0.092624,False,,116.86402325744743,0.040106481360837165,341.2278137207031
721.2714260182299,0.39,0.092624,False,,106.75206780433655,0.0,342.17523193359375
756.6243660265701,0.39,0.092624,False,,99.44666922092438,0.0,343.2512512207031
834.7865599618726,0.39,0.092624,False,,89.53750133514404,0.0,346.4384460449219
906.8051472486442,0.39,0.092624,False,,83.68760347366333,0.0,349.8074645996094
37.99008122008859,1.0,0.092624,False,,95.30028107829804,0.38786233446612073,315.3770751953125
76.17083384633712,1.0,0.092624,False,,178.67814998326898,2.3887605107125296,318.09051513671875
114.17150902555795,1.0,0.092624,False,,243.7415480434339,5.24440423094137,321.94854736328125
152.16154020295048,1.0,0.092624,False,,291.3954095047827,7.614135988411988,326.42889404296875
189.60094286792295,1.0,0.092624,False,,319.8335556514256,10.021508119631392,330.85552978515625
228.15229898524512,1.0,0.092624,False,,315.0991957682013,2.8032365337772376,333.9523620605469
266.70376233691485,1.0,0.092624,False,,291.10145568847656,0.0,335.5328063964844
303.2005083702369,1.0,0.092624,False,,263.34555706420076,0.48258902940955295,336.5558776855469
341.5718172250129,1.0,0.092624,False,,229.7538425457723,1.2450069803762176,337.5199279785156
380.88580812995247,1.0,0.092624,False,,197.96541228999996,1.2211949486447224,338.4877014160156
419.0559644140832,1.0,0.092624,False,,173.5880359326364,0.3865659696620014,339.44256591796875
457.8085803363978,1.0,0.092624,False,,154.9699089270678,0.030115258613818696,340.4598388671875
494.4853744265939,1.0,0.092624,False,,141.34232699871063,0.0,341.5160217285156
532.8566832813709,1.0,0.092624,False,,130.23421168327332,0.0,342.79595947265625
570.0736739678696,1.0,0.092624,False,,122.21404165029526,0.0,344.2938232421875
606.2950294894458,1.0,0.092624,False,,116.24976247549057,0.0,346.0364685058594
645.4819548424252,1.0,0.092624,False,,110.45964062213898,0.0,348.23736572265625
682.444649204679,1.0,0.092624,False,,105.55274039506912,0.0,350.1581115722656
721.2714260182299,1.0,0.092624,False,,100.89167952537537,0.0,352.4541015625
756.6243660265701,1.0,0.092624,False,,97.0231369137764,0.0,355.8362121582031
834.7865599618726,1.0,0.092624,False,,89.5344465970993,0.0,358.6808166503906
906.8051472486442,1.0,0.092624,False,,83.68738740682602,0.0,366.4862976074219
37.99008122008859,2.0,0.092624,False,,95.31646025527246,0.5225986367670288,315.3771667480469
76.17083384633712,2.0,0.092624,False,,178.76128178419765,3.2083393008691985,318.09075927734375
114.17150902555795,2.0,0.092624,False,,243.87407259971022,6.905660247758249,321.948974609375
152.16154020295048,2.0,0.092624,False,,291.5061275104871,9.555638175668037,326.429443359375
189.60094286792295,2.0,0.092624,False,,319.8365066802484,11.55033757107401,330.8563537597656
228.15229898524512,2.0,0.092624,False,,313.996496484699,0.7787048851415648,334.0196838378906
266.70376233691485,2.0,0.092624,False,,270.2168930350627,6.17674020136144,336.2033386230469
303.2005083702369,2.0,0.092624,False,,222.72250291634947,5.095929391310875,338.0154113769531
341.5718172250129,2.0,0.092624,False,,191.21798583801046,0.039860627611943755,339.744873046875
380.88580812995247,2.0,0.092624,False,,170.3045815229416,0.0,341.4299011230469
419.0559644140832,2.0,0.092624,False,,156.34660422801971,0.0,343.1448669433594
457.8085803363978,2.0,0.092624,False,,145.7758992910385,0.0,345.1106872558594
494.4853744265939,2.0,0.092624,False,,137.0706707239151,0.0,347.1992492675781
532.8566832813709,2.0,0.092624,False,,129.07345592975616,0.0,349.51904296875
570.0736739678696,2.0,0.092624,False,,122.20145016908646,0.0,351.8277282714844
606.2950294894458,2.0,0.092624,False,,116.24178290367126,0.0,354.1177978515625
645.4819548424252,2.0,0.092624,False,,110.46504229307175,0.0,356.21832275390625
682.444649204679,2.0,0.092624,False,,105.56264966726303,0.0,358.32586669921875
721.2714260182299,2.0,0.092624,False,,100.8993312716484,0.0,361.49371337890625
756.6243660265701,2.0,0.092624,False,,97.03046828508377,0.0,363.0254211425781
834.7865599618726,2.0,0.092624,False,,89.53982591629028,0.0,367.29473876953125
906.8051472486442,2.0,0.092624,False,,83.69209913908848,0.018440201169255488,373.91156005859375
37.99008122008859,3.0,0.092624,False,,95.3358385480863,0.5866661730511851,315.3772277832031
76.17083384633712,3.0,0.092624,False,,178.88576415933014,4.265472393375006,318.0910339355469
114.17150902555795,3.0,0.092624,False,,244.09394465159292,9.58603649748747,321.949462890625
152.16154020295048,3.0,0.092624,False,,291.70721654192744,13.26644471122438,326.4301452636719
189.60094286792295,3.0,0.092624,False,,319.8516868993875,15.075177701301357,330.8593444824219
228.15229898524512,3.0,0.092624,False,,306.44179101906485,5.429297711201571,334.4030456542969
266.70376233691485,3.0,0.092624,False,,242.653166541436,25.68204853512421,337.3619384765625
303.2005083702369,3.0,0.092624,False,,207.86644837408267,2.164632101834087,339.8310546875
341.5718172250129,3.0,0.092624,False,,190.17727503628015,3.8827957331800746,342.0792541503906
380.88580812995247,3.0,0.092624,False,,174.7123863048354,2.6463718416768245,344.350341796875
419.0559644140832,3.0,0.092624,False,,160.11187419780768,1.4467389046236008,346.6993408203125
457.8085803363978,3.0,0.092624,False,,147.7434827193175,0.7363260130146614,349.1764831542969
494.4853744265939,3.0,0.092624,False,,138.04460943463727,0.3642440018098796,351.51025390625
532.8566832813709,3.0,0.092624,False,,129.48525567302238,0.15003979989685945,353.9361877441406
570.0736739678696,3.0,0.092624,False,,122.29100707457214,0.005222858652700779,356.18450927734375
606.2950294894458,3.0,0.092624,False,,116.25257134437561,0.0,358.5093688964844
645.4819548424252,3.0,0.092624,False,,110.4871854186058,0.0,361.2064208984375
682.444649204679,3.0,0.092624,False,,105.59342056512833,0.0,362.87127685546875
721.2714260182299,3.0,0.092624,False,,100.91011971235275,0.0,366.0407409667969
756.6243660265701,3.0,0.092624,False,,97.03784435987473,0.0,368.27801513671875
834.7865599618726,3.0,0.092624,False,,89.5450817633982,0.002272431609526393,372.46746826171875
906.8051472486442,3.0,0.092624,False,,83.69513278542031,0.07702413442565614,376.9527282714844
37.99008122008859,5.0,0.092624,False,,95.29465162282493,0.9973422382569908,315.3774719238281
76.17083384633712,5.0,0.092624,False,,179.14226162340614,4.262253644763604,318.09210205078125
114.17150902555795,5.0,0.092624,False,,244.7886126980477,14.293372859187627,321.9532165527344
152.16154020295048,5.0,0.092624,False,,292.58913786375007,24.3368453388278,326.4539489746094
189.60094286792295,5.0,0.092624,False,,319.9197788837439,33.60971934600576,331.067626953125
228.15229898524512,5.0,0.092624,False,,281.2676460662495,38.559501714128714,335.5093078613281
266.70376233691485,5.0,0.092624,False,,245.54355423214884,146.2509321280013,340.12969970703125
303.2005083702369,5.0,0.092624,False,,236.99063989216987,56.06021872915156,343.3965759277344
341.5718172250129,5.0,0.092624,False,,212.71072247943945,28.042301670397876,346.3623046875
380.88580812995247,5.0,0.092624,False,,190.70241193400446,20.633756971678167,349.26556396484375
419.0559644140832,5.0,0.092624,False,,172.79075631257302,14.700457605049564,351.9664611816406
457.8085803363978,5.0,0.092624,False,,157.36750356617284,9.521633663309757,354.6191101074219
494.4853744265939,5.0,0.092624,False,,145.36580971543995,6.3371213655089775,357.0787658691406
532.8566832813709,5.0,0.092624,False,,134.5948833549156,3.986194897669492,359.52569580078125
570.0736739678696,5.0,0.092624,False,,126.11470546492086,2.762168764269404,362.0338134765625
606.2950294894458,5.0,0.092624,False,,118.59261571203909,1.6380176691692299,364.179443359375
645.4819548424252,5.0,0.092624,False,,111.83622509371216,0.9618327480440172,366.567626953125
682.444649204679,5.0,0.092624,False,,106.33830837513545,0.5522221620242647,368.6878662109375
721.2714260182299,5.0,0.092624,False,,101.10516071532066,0.16918037592873247,371.0390930175781
756.6243660265701,5.0,0.092624,False,,97.05257753189089,0.2196283307218323,373.1125183105469
834.7865599618726,5.0,0.092624,False,,89.56131735730035,0.1170038915741003,377.7300109863281
906.8051472486442,5.0,0.092624,False,,83.71250916800086,0.539422357450988,381.8367004394531
37.99008122008859,7.0,0.092624,False,,94.99089792985907,4.48771584009944,315.3775634765625
76.17083384633712,7.0,0.092624,False,,179.069576633377,3.41080153754055,318.0943908691406
114.17150902555795,7.0,0.092624,False,,245.37277800829884,12.417778370582454,321.9715881347656
152.16154020295048,7.0,0.092624,False,,293.84205343778405,29.39486533190791,326.5468444824219
189.60094286792295,7.0,0.092624,False,,320.57141440528085,51.68691377723104,331.3656005859375
228.15229898524512,7.0,0.092624,False,,263.48580512027263,167.8058705987107,336.778564453125
266.70376233691485,7.0,0.092624,False,,257.4747991994644,303.4374095156068,342.9363708496094
303.2005083702369,7.0,0.092624,False,,238.98738655900806,233.83824751569014,346.5359191894531
341.5718172250129,7.0,0.092624,False,,220.66633098562204,153.72241614562714,349.7868347167969
380.88580812995247,7.0,0.092624,False,,202.64246711346928,90.24163567709635,352.852294921875
419.0559644140832,7.0,0.092624,False,,185.4361559625286,48.972719307396716,355.6664733886719
457.8085803363978,7.0,0.092624,False,,168.89478793560357,25.89634041434121,358.4298400878906
494.4853744265939,7.0,0.092624,False,,155.07649565345636,18.55263125396604,360.9308776855469
532.8566832813709,7.0,0.092624,False,,142.71727775103417,13.082355372410206,363.50634765625
570.0736739678696,7.0,0.092624,False,,132.41841574143476,9.278014296299148,365.91082763671875
606.2950294894458,7.0,0.092624,False,,123.77994834332473,6.550468606649218,368.18743896484375
645.4819548424252,7.0,0.092624,False,,115.72308323567877,4.472233296278091,370.6900939941406
682.444649204679,7.0,0.092624,False,,109.334189352973,3.158800250866733,373.1247863769531
721.2714260182299,7.0,0.092624,False,,103.54738541309071,2.1705552209389225,375.4575500488281
756.6243660265701,7.0,0.092624,False,,98.66883301014,1.9255745816838754,377.6714782714844
834.7865599618726,7.0,0.092624,False,,90.01134612221908,4.298972721744136,381.8126525878906
906.8051472486442,7.0,0.092624,False,,83.68245564084191,9.169037813805659,386.16278076171875
37.99008122008859,10.0,0.092624,False,,93.9458378558004,11.949643798128506,315.376953125
76.17083384633712,10.0,0.092624,False,,177.98223790866288,14.979899467667906,318.09686279296875
114.17150902555795,10.0,0.092624,False,,245.25341202394733,10.369748486489755,321.9969787597656
152.16154020295048,10.0,0.092624,False,,295.0850625770314,23.318439703804472,326.6512756347656
189.60094286792295,10.0,0.092624,False,,322.17785559900744,55.07147315309942,331.67413330078125
228.15229898524512,10.0,0.092624,False,,280.6321260681027,343.92708655545925,339.7524719238281
266.70376233691485,10.0,0.092624,False,,236.1662227946732,363.86363149005894,346.552734375
303.2005083702369,10.0,0.092624,False,,220.0265991829267,357.69997962759106,350.3283996582031
341.5718172250129,10.0,0.092624,False,,205.70303877162317,330.40016226002496,353.7547302246094
380.88580812995247,10.0,0.092624,False,,190.9005084962558,285.8590649072205,356.9922180175781
419.0559644140832,10.0,0.092624,False,,177.33132350099038,237.26765719299462,359.96429443359375
457.8085803363978,10.0,0.092624,False,,169.90316494999783,191.7080677356534,362.86083984375
494.4853744265939,10.0,0.092624,False,,161.85904455410767,154.53111018891894,365.4814147949219
532.8566832813709,10.0,0.092624,False,,151.47197963791982,124.86232465082678,368.1690673828125
570.0736739678696,10.0,0.092624,False,,140.9899054441364,102.67296437324524,370.7126159667969
606.2950294894458,10.0,0.092624,False,,131.4108519899236,86.9348648903985,373.16790771484375
645.4819548424252,10.0,0.092624,False,,122.2528310330314,74.339955817224,375.7200622558594
682.444649204679,10.0,0.092624,False,,114.71605316056996,66.08394078483744,378.09515380859375
721.2714260182299,10.0,0.092624,False,,107.78686130898232,59.66409193338685,380.43914794921875
756.6243660265701,10.0,0.092624,False,,102.03418701504043,55.90333649594963,382.70947265625
834.7865599618726,10.0,0.092624,False,,91.95040279334896,51.98791739818321,387.5710144042969
906.8051472486442,10.0,0.092624,False,,84.33319200784621,49.14794893886071,391.5375061035156
37.99008122008859,20.0,0.092624,False,,87.1441570365575,34.127612090407126,315.37353515625
76.17083384633712,20.0,0.092624,False,,167.95915991395202,57.15854548040285,318.0900573730469
114.17150902555795,20.0,0.092624,False,,236.38148653974827,64.4098085089582,321.98663330078125
152.16154020295048,20.0,0.092624,False,,290.0768212345347,61.40130908923979,326.6776123046875
189.60094286792295,20.0,0.092624,False,,322.55005286397653,52.455397209909506,331.95550537109375
228.15229898524512,20.0,0.092624,False,,238.9220867409225,384.33824847119837,349.2315673828125
266.70376233691485,20.0,0.092624,False,,236.7770608731577,420.3119674179554,355.09600830078125
303.2005083702369,20.0,0.092624,False,,200.52742164040916,450.1542959900023,359.2979736328125
341.5718172250129,20.0,0.092624,False,,179.45957463764447,478.2206971955472,363.2164001464844
380.88580812995247,20.0,0.092624,False,,185.06366289140902,414.81598045428143,366.9238586425781
419.0559644140832,20.0,0.092624,False,,161.6843581847663,407.53919766646396,370.3206481933594
457.8085803363978,20.0,0.092624,False,,149.53445791449982,390.72584206393236,373.62060546875
494.4853744265939,20.0,0.092624,False,,156.649611046592,365.5561558592597,376.62786865234375
532.8566832813709,20.0,0.092624,False,,133.84709635664817,330.0302392859198,379.6871643066406
570.0736739678696,20.0,0.092624,False,,131.4145779427068,290.2039774983875,382.564697265625
606.2950294894458,20.0,0.092624,True,26.31578947368421,123.4343877778171,251.85292364736316,385.3043212890625
645.4819548424252,20.0,0.092624,False,,119.23361962878211,214.2380737993271,388.1896667480469
682.444649204679,20.0,0.092624,False,,111.30138528340775,184.43671141795184,390.875732421875
721.2714260182299,20.0,0.092624,False,,108.88562170836315,158.9411216732259,393.631103515625
756.6243660265701,20.0,0.092624,False,,106.57485321186601,139.48471830385475,396.06402587890625
834.7865599618726,20.0,0.092624,False,,97.40476492801392,108.44743994234173,401.4034729003906
906.8051472486442,20.0,0.092624,False,,88.39971071046891,89.02561283291462,406.1927185058594
37.99008122008859,50.0,0.092624,False,,63.81758573903474,51.52651331624219,315.1820983886719
76.17083384633712,50.0,0.092624,False,,126.44817270385623,99.05660968461133,317.52764892578125
114.17150902555795,50.0,0.092624,False,,185.67375103695298,137.72932540879725,321.30584716796875
152.16154020295048,50.0,0.092624,False,,239.98376144866788,163.2827830905391,326.19927978515625
189.60094286792295,50.0,0.092624,False,,286.31392774273587,171.38020843251556,331.5534362792969
228.15229898524512,50.0,0.092624,False,,221.9139922978428,353.65509150107334,366.1269836425781
266.70376233691485,50.0,0.092624,False,,219.48880630631686,377.4096156716002,372.9866943359375
303.2005083702369,50.0,0.092624,False,,236.4787992237985,396.7974862039108,378.14691162109375
341.5718172250129,50.0,0.092624,False,,226.8016050393331,414.8975016651302,382.980224609375
380.88580812995247,50.0,0.092624,False,,197.7136666314133,431.76749104428455,387.5600891113281
419.0559644140832,50.0,0.092624,False,,181.22471466204829,446.77072790799554,391.754150390625
457.8085803363978,50.0,0.092624,False,,173.46326376757182,460.5599300757166,395.8226623535156
494.4853744265939,50.0,0.092624,False,,171.69836840993597,473.0015943686597,399.5302734375
532.8566832813709,50.0,0.092624,False,,173.63833393072056,485.7815971153377,403.2911682128906
570.0736739678696,50.0,0.092624,False,,177.55470610628174,496.754719164032,406.8341064453125
606.2950294894458,50.0,0.092624,False,,170.6673153591521,507.43841655513825,410.2025146484375
645.4819548424252,50.0,0.092624,False,,153.87005360479614,518.1780065912945,413.76361083984375
682.444649204679,50.0,0.092624,False,,138.92661206375527,528.0333607605968,417.0536193847656
721.2714260182299,50.0,0.092624,False,,123.45168032228018,437.852841533148,420.4425354003906
756.6243660265701,50.0,0.092624,False,,113.4700831960731,427.3555476693764,423.4802551269531
834.7865599618726,50.0,0.092624,False,,103.52407611434181,378.63882289236454,430.03326416015625
906.8051472486442,50.0,0.092624,False,,90.89164923632494,291.06197440680086,435.9035949707031
