evaluation,stage,C_pF,C_th_pJ_per_K,S_e_mW_per_K,T0_K,Tc_K,w_K,beta_per_K,gamma,objective_total,objective_waveform,objective_mean_voltage,objective_amplitude,objective_relative_amplitude,objective_spectrum,objective_frequency,objective_classification,objective_false_positive,objective_sustain,objective_edge,objective_prior,best_total_so_far,global_evaluations,fit_mode
1,global,0.39,0.047873236,0.0036751265,314.4,333.49356636598696,6.882302959338694,0.2991563242902104,0.956269682,1407.9361283130893,0.44376225788468515,0.83693592626473,0.8951284045806437,2.6752462481762436,0.7957066401290224,2.2,0.55,0.0,0.6627375442860699,0.8454700016092772,0.12500000000074712,1407.9361283130893,32,constrained
2,global,0.212554147337957,0.04635484577338362,0.0034405529028403324,314.3605417092825,333.3242005921028,7.251020847510981,0.316512959099128,0.26205761830323593,1406.8418130576072,0.49221855169980994,0.7764700156711255,0.8847692734567272,2.565590494990617,0.7739138469850886,2.2,0.55,0.0,0.6626885038640216,0.7977596371540814,1.8234896201495616,1406.8418130576072,32,constrained
3,global,0.13490516235276634,0.07893849891902455,0.003731608446287948,314.4116364448315,333.72113741414944,6.726731074928029,0.2991953516463628,1.5794265638920426,1401.0267689661737,0.4312170867041898,0.8678957848598863,0.7710353195053407,1.9966111265909094,0.7118111663822666,2.2,0.55,0.0,0.6546478508817117,1.1829305659497087,1.0223514763922184,1401.0267689661737,32,constrained
4,global,0.388206074608582,0.025924300212361993,0.0037992545709380865,314.314892171087,333.61834729038617,6.808628537067385,0.2818991854809911,0.3838452838453542,1407.452804323736,0.4185859117419347,0.9093454657219725,0.894812554431559,2.625718740123407,0.8106106442111658,2.2,0.55,0.0,0.6633941425955052,0.5546153915954122,1.2463715475404955,1401.0267689661737,32,constrained
5,global,0.08282326385808904,0.07533312986484693,0.0038822353134036172,314.53897849665464,333.7909009133271,7.206970871233567,0.308281074538429,1.0714776061686528,1401.0175192612503,0.41171073260431823,1.0126048472538223,0.7767653325083846,1.9928569574557713,0.7222114789209633,2.2,0.55,0.0,0.655859230149439,1.1552511691769898,1.85673947732304,1401.0175192612503,32,constrained
6,global,0.2841337273116531,0.04612082732797021,0.004061040956363539,314.5428673710509,333.27649236157436,7.032478942542773,0.30683053198393034,1.133791487074142,1406.6793287733572,0.3913774783244349,1.083623043077772,0.8855719258332085,2.5472446963407167,0.7922822470804279,2.2,0.55,0.0,0.6623419694249206,0.8290407630997292,1.5658822581690388,1401.0175192612503,32,constrained
7,global,0.2941053994743865,0.06939500697101637,0.0035398776912466384,314.25809716472065,333.67208524114375,6.6893957243762925,0.3188607603348452,0.8824680803698561,1403.4425799141777,0.46900623411852094,0.8145157688942289,0.8228230296372591,2.2321786729779887,0.7368755958788927,2.2,0.55,0.0,0.658446069796373,1.0998603810369527,1.54871174542684,1401.0175192612503,32,constrained
8,global,0.11657383019260988,0.0677387053584471,0.003689144416387468,314.46102547217873,333.65697419959747,6.970671878645406,0.30340190278578844,1.381916718082544,1402.998009338832,0.4379879452931207,0.8469242883465187,0.8440833617753436,2.18674728750065,0.7356250629885958,2.2,0.55,0.0,0.657820170538091,1.0549249302200094,0.548070324478832,1401.0175192612503,32,constrained
9,global,0.1928810241709115,0.037430696922484546,0.0038384373534589484,314.4242461725418,333.2068527959453,6.7806180206415405,0.3176381494082528,0.8127712511886238,1408.7791164467546,0.43407918985234756,0.917575080214218,0.9020746527942576,2.7571677772167726,0.827996708835936,2.2,0.55,0.0,0.6634642394810746,0.688361614800698,1.0167452125421381,1401.0175192612503,32,constrained
10,global,0.024504071427689206,0.02216751163884581,0.0034979343457491843,314.3021102741862,333.79784742230515,6.838462767635839,0.2836066133699115,0.3218823201763418,1408.0712776866,0.4677742172054412,0.7732080163755312,0.8940624151395895,2.6885746325810613,0.7858683143648985,2.2,0.55,0.0,0.6633205074001467,0.47967137545475563,1.5869955945978942,1401.0175192612503,32,constrained
11,global,0.27015782599590993,0.08535950449156628,0.0039956247481190655,314.51364002321066,333.7033327589501,6.963426823309898,0.29616646608094543,1.772177578795403,1401.05269008985,0.3953608360790616,1.04570613187618,2.0843916788282373,1.8655109955066145,0.7021905343360666,2.2,0.55,0.0,0.6524624260458254,1.2826779408474427,2.074672086392318,1401.0175192612503,32,constrained
12,global,0.20420423265911544,0.026870604921082043,0.0039472161845403395,314.45419242324965,333.26808968356244,6.88749740747443,0.28880659692757304,1.4535201163969549,1652.78407974749,0.6272251509058144,1.1936733151286583,7.747944230303579,1.4315374695548866,0.7512326241057021,2.4,0.6,0.05,0.6412618810629486,0.5508258061558362,1.1269315437639014,1401.0175192612503,32,constrained
13,global,0.23576938894818072,0.04084226065169875,0.0039745942002505415,314.2874819057597,333.81684516605054,7.104326062984237,0.2897065350411041,1.8940739313252615,1400.9544353834933,0.5276213093285578,1.6383257890439418,4.699576980466668,1.5914348338174213,0.74036765300062,2.2,0.55,0.0,0.6126347558274176,0.772548624850852,2.179286139063936,1400.9544353834933,32,constrained
14,global,0.26046959019682053,0.09225436434884773,0.0038601644965575942,314.32384106071703,333.3932961758835,7.156369660728362,0.3092248496446856,1.6930282230402354,1399.0331030229722,0.4219285681448521,0.9787279325336172,0.6822554160640851,1.8044655839645838,0.6986757724161516,2.2,0.55,0.0,0.6489333086866429,1.3492564291781028,2.0340102682742307,1399.0331030229722,32,constrained
15,global,0.32286827745637037,0.04881276084182442,0.004026018832991428,314.4699500150472,333.57579500829627,7.148258411505978,0.3006677820802419,0.46423548125333214,1405.9485664476204,0.39385437942652335,1.1098785471178798,0.8802018773352946,2.4747249103155022,0.7780757617905173,2.2,0.55,0.0,0.6623585627381121,0.8791400562321039,1.2993234433707155,1399.0331030229722,32,constrained
16,global,0.005969984850672461,0.03311986125249984,0.004073230834845938,314.34005188364404,333.16800143766494,7.181079702920139,0.31481259936782036,0.6898039086440737,1407.8937789085537,0.4003872252348685,1.1376838221343657,0.8959848742686777,2.6664545735433602,0.8228378749439733,2.2,0.55,0.0,0.663552601441965,0.643913137494095,2.072654242819577,1399.0331030229722,32,constrained
17,global,0.04179757860389377,0.06432036011077483,0.004014814897053578,314.29201060387635,333.4930623140383,6.67054194284404,0.31284428306617096,1.0091903073228863,1403.1320478161012,0.4053037274892016,1.093464048075345,0.8347318856999811,2.197933054930709,0.7479947121398448,2.2,0.55,0.0,0.6593715434365823,1.0351923248739154,1.323374238965179,1399.0331030229722,32,constrained
18,global,0.2243861022002902,0.054811152109267326,0.003929131249171278,314.34998217743873,333.5212681935364,6.918983523063026,0.30530586652597635,0.9819792671265755,1405.654262084815,0.40947657680576893,1.0254829757329584,0.8733289645689226,2.4475535251535283,0.7749042262768921,2.2,0.55,0.0,0.661082766826441,0.9351856835693138,0.462501033142064,1399.0331030229722,32,constrained
19,global,0.16704107350601513,0.031409097080933424,0.0036075222488946776,314.27298546214894,333.40732192530754,7.08434869574973,0.3199526401146701,1.2598556539588008,1650.7570211976092,0.5064585903564269,0.8147900124908516,1.8957746670489979,1.8169187672608167,0.7594508038834498,2.4,0.6,0.05,0.658616170206112,0.6068626723508803,1.3235493625940271,1399.0331030229722,32,constrained
20,global,0.3775955578559771,0.050842715124336905,0.003560083430459915,314.5050318974269,333.3030829794216,7.025600533482428,0.29714126811584024,1.1958242928978482,1406.7059370114462,0.46566620226005656,0.7639267153747638,0.8836699612132657,2.55374875042199,0.7565795969182091,2.2,0.55,0.0,0.661780261214373,0.8670622026843396,0.7040789289576821,1399.0331030229722,32,constrained
21,global,0.06199651110854151,0.06298895510782107,0.003528746698468622,314.48967075398974,333.15466025744894,6.640901450871682,0.31158567049422203,1.3127829029772062,1404.3398731951283,0.48494505885535866,0.7529028254931827,0.843664643005431,2.320530239186488,0.7370253304474756,2.2,0.55,0.0,0.6604085924911143,0.9636598699107353,1.3737048889155168,1399.0331030229722,32,constrained
22,global,0.34816275990709733,0.08299716931600204,0.0037079284038646584,314.3789770856109,333.4244103356649,6.8248377202072374,0.3120337485169592,0.2261861395369662,1401.2948820631943,0.44851640271461307,0.861925910827612,0.7589711236215487,2.024208709191447,0.7119758791512067,2.2,0.55,0.0,0.6541405192735281,1.249643702962936,1.2448635056269506,1399.0331030229722,32,constrained
23,global,0.15835973092019767,0.0368758146561738,0.0037416799533795974,314.4345843818836,333.7312967442352,7.209535478480625,0.29269506211841506,0.7215328306507127,1408.4308411070733,0.4255673877184642,0.9046225003082906,0.9004061803259589,2.7228850081615676,0.8206394883612671,2.2,0.55,0.0,0.6635121674572833,0.6835292294508749,0.9319155446582524,1399.0331030229722,32,constrained
24,global,0.10602383951532399,0.07235296178016827,0.0038731706633972716,314.4433027156459,333.19523626206916,6.6513373992647296,0.29945904339219365,1.373215810189794,1402.3316556279733,0.4238173874369992,0.8932675929521554,0.8059161108271857,2.122977126573756,0.7239907547807947,2.2,0.55,0.0,0.6580204632379124,1.096315027003,1.1913914113482251,1399.0331030229722,32,constrained
25,global,0.3605644652341786,0.07307223078014342,0.003656032786454717,314.4974890966574,333.4504707342172,6.94406552618339,0.29164304516826917,1.86735710838284,1654.5712402428126,0.44705862795640894,0.7761575911843693,2.313264461968731,2.1572553288285974,0.7023002611449535,2.4,0.6,0.05,0.657237440390267,1.1320686421502197,1.2992031296050985,1399.0331030229722,32,constrained
26,global,0.12505014126123662,0.04219339437326275,0.0034589380945593442,314.32992424120766,333.3393001040224,6.897275361504578,0.3062371678398645,0.8630817036746032,1409.153347672391,0.48937912258851385,0.768734779401432,0.9033861025433343,2.7959497976295498,0.8183243581676332,2.2,0.55,0.0,0.6632108760200012,0.7279595299286623,0.5049700917867841,1399.0331030229722,32,constrained
27,global,0.09680389923606274,0.07995154348105436,0.003480290401520336,314.381648886115,333.56235692536654,6.858814930371352,0.3023655210873303,1.9912049552391426,1401.1530154620857,0.48165038900351,0.7736559718066192,0.7597141430111922,2.0105146215154983,0.7035628372796111,2.2,0.55,0.0,0.6542910827426809,1.1724546132565556,1.4528009102738286,1399.0331030229722,32,constrained
28,global,0.014551447109020371,0.05667565936297965,0.003812378948523758,314.40212031668653,333.2329913950618,7.054866969373108,0.28329078942938646,1.650834172893128,1405.0472896215458,0.46308923237682087,0.9724831299337329,1.0776023277084463,2.366039059485341,0.748293081300598,2.2,0.55,0.0,0.6606671552987348,0.9067608625461192,1.2107782073168583,1399.0331030229722,32,constrained
29,global,0.334123172517934,0.0888432730684528,0.0039047986813492436,314.2664251560421,333.76924975491823,6.989384234939558,0.29450816575337413,0.4871564392454366,1399.3345923443333,0.4063206519388311,1.05125875989267,0.705293896582496,1.831690502942159,0.7004204784322908,2.2,0.55,0.0,0.6507665311069276,1.3384896685061505,1.9057104825815148,1399.0331030229722,32,constrained
30,global,0.3055410825945393,0.05811712944080977,0.003760365462012485,314.3956305637034,333.3764810485157,6.768530219738396,0.2861322760717956,1.8224292140371825,1653.5783857053962,0.4443985290606981,0.871252862205916,1.4381640481633924,2.145074452422628,0.7062515675649648,2.4,0.6,0.05,0.6575196185247358,0.9573339260793521,1.062054007705065,1399.0331030229722,32,constrained
31,global,0.25427776419120096,0.029157776124380624,0.003668803625020873,314.4788223430023,333.4762427657128,7.235974979322065,0.28805761588405204,0.5990540546632436,1408.5023749725328,0.4408972212795411,0.8282537807202575,0.9004728653154068,2.7306782883406333,0.8156795407422128,2.2,0.55,0.0,0.6634825230456486,0.5762086600101619,1.1629473291134822,1399.0331030229722,32,constrained
32,global,0.18133838517745884,0.060399968424598084,0.003594320822578062,314.5266077731862,333.5497876776959,6.732762453608207,0.2857481392602991,0.5837609909915932,1405.1012879539205,0.4607277271013193,0.7744796491083653,0.8606518091258112,2.3952778863906468,0.752550494498407,2.2,0.55,0.0,0.6608859989608471,0.9554064067042113,0.9087366722423251,1399.0331030229722,32,constrained
33,local,0.26046959019682053,0.09225436434884773,0.0038601644965575942,314.32384106071703,333.3932961758835,7.156369660728362,0.3092248496446856,1.6930282230402354,1399.0331030229722,0.4219285681448521,0.9787279325336172,0.6822554160640851,1.8044655839645838,0.6986757724161516,2.2,0.55,0.0,0.6489333086866429,1.3492564291781028,2.0340102682742307,1399.0331030229722,32,constrained
34,local,0.14896674438754098,0.09225436434884773,0.0038601644965575942,314.32384106071703,333.3932961758835,7.156369660728362,0.3092248496446856,1.6930282230402354,1398.4208632740144,0.42242667574072995,0.980392141249158,0.6751906695223309,1.7441397981781954,0.6895318496272641,2.2,0.55,0.0,0.6483703668874813,1.3352139049828193,1.9964911061408674,1398.4208632740144,32,constrained
35,local,0.24103325561245897,0.09225436434884773,0.0038601644965575942,314.32384106071703,333.3932961758835,7.156369660728362,0.3092248496446856,1.6930282230402354,1398.9782589282058,0.4229516933923678,0.981151976484464,0.6826924368312353,1.7988788229133046,0.7041306358296896,2.2,0.55,0.0,0.6487597564951822,1.3467539571252676,2.025999603328341,1398.4208632740144,32,constrained
36,local,0.09206651122491799,0.09225436434884773,0.0038601644965575942,314.32384106071703,333.3932961758835,7.156369660728362,0.3092248496446856,1.6930282230402354,1398.3603413001435,0.42403180398788604,0.9831897912916604,0.6731436456067266,1.7382398505453451,0.6901902577887075,2.2,0.55,0.0,0.6486378775026023,1.3283943821159676,1.9852198631721834,1398.3603413001435,32,constrained
37,local,0.10464199097522547,0.09225436434884773,0.0038601644965575942,314.32384106071703,333.3932961758835,7.156369660728362,0.3092248496446856,1.6930282230402354,1398.5469217484795,0.4239908170103746,0.9833526100859228,0.674315815654747,1.7567207790281802,0.6968369990280756,2.2,0.55,0.0,0.648509960796389,1.3298805459146004,1.9872528215763015,1398.3603413001435,32,constrained
38,local,0.05690023316262305,0.09225436434884773,0.0038601644965575942,314.32384106071703,333.3932961758835,7.156369660728362,0.3092248496446856,1.6930282230402354,1398.2883363472147,0.42258203979856096,0.9798461979694413,0.6680835713738758,1.7315713145677485,0.6972672217598712,2.2,0.55,0.0,0.6482742559003499,1.3243340997822943,1.980914631453604,1398.2883363472147,32,constrained
39,local,0.03516627806229497,0.09225436434884773,0.0038601644965575942,314.32384106071703,333.3932961758835,7.156369660728362,0.3092248496446856,1.6930282230402354,1398.21677778779,0.4236241314461823,0.981928607465281,0.6680093804552409,1.7244565957152331,0.6904964080304883,2.2,0.55,0.0,0.6483668912915437,1.321897120209352,1.979270179266551,1398.21677778779,32,constrained
40,local,0.02173395510032808,0.09225436434884773,0.0038601644965575942,314.32384106071703,333.3932961758835,7.156369660728362,0.3092248496446856,1.6930282230402354,1398.2161813516336,0.42199023794073404,0.9781550358759935,0.6666443664913937,1.724614300015433,0.6902418447676567,2.2,0.55,0.0,0.6481603603289845,1.32042461281513,1.978642054423971,1398.2161813516336,32,constrained
41,local,0.028209744919980795,0.09225436434884773,0.0038601644965575942,314.32384106071703,333.3932961758835,7.156369660728362,0.3092248496446856,1.6930282230402354,1398.2012138046043,0.42415068055884453,0.9835663571609498,0.6687911605470392,1.7227815852832626,0.6907863257021936,2.2,0.55,0.0,0.6485448347502423,1.3211270796146288,1.9789078539835923,1398.2012138046043,32,constrained
42,local,0.028384554366303827,0.09225436434884773,0.0038601644965575942,314.32384106071703,333.3932961758835,7.156369660728362,0.3092248496446856,1.6930282230402354,1398.2014393378263,0.42414868744222056,0.9835864785769832,0.6688026490211728,1.7228121039297108,0.6904260111273983,2.2,0.55,0.0,0.6484874315439645,1.3211470202187159,1.9789159845047322,1398.2012138046043,32,constrained
43,local,0.02710591840364665,0.09225436434884773,0.0038601644965575942,314.32384106071703,333.3932961758835,7.156369660728362,0.3092248496446856,1.6930282230402354,1398.0717385675625,0.42200564731128587,0.9781725554274378,0.6668642328769545,1.7102056171820024,0.6841765317849962,2.2,0.55,0.0,0.648173994653635,1.3210059009383874,1.978857674088831,1398.0717385675625,32,constrained
44,local,0.025054011008096122,0.09225436434884773,0.0038601644965575942,314.32384106071703,333.3932961758835,7.156369660728362,0.3092248496446856,1.6930282230402354,1398.0844039938304,0.42201090746729114,0.9780416951708553,0.6669297366241158,1.7114682168361868,0.6819272834349983,2.2,0.55,0.0,0.6483907830651509,1.3207810005759113,1.9787697160473194,1398.0717385675625,32,constrained
45,local,0.026158845933340114,0.09225436434884773,0.0038601644965575942,314.32384106071703,333.3932961758835,7.156369660728362,0.3092248496446856,1.6930282230402354,1398.068996390415,0.42201064040640296,0.9781726243031107,0.6668289922626046,1.7099352393894083,0.6841394247698827,2.2,0.55,0.0,0.6481765110228164,1.3209031061203813,1.978816216501766,1398.068996390415,32,constrained
46,local,0.02645599331739379,0.09225436434884773,0.0038601644965575942,314.32384106071703,333.3932961758835,7.156369660728362,0.3092248496446856,1.6930282230402354,1398.0702190845507,0.4220092880639685,0.9781719194903428,0.6668429078292724,1.7100560936678804,0.6841467711594232,2.2,0.55,0.0,0.6481753991937845,1.3209376162412862,1.9788290652541045,1398.068996390415,32,constrained
47,local,0.025736836543854863,0.09225436434884773,0.0038601644965575942,314.32384106071703,333.3932961758835,7.156369660728362,0.3092248496446856,1.6930282230402354,1398.063739127527,0.42200253745917404,0.9780373103661013,0.6669011968458076,1.7093797826323072,0.6843228394123405,2.2,0.55,0.0,0.6483987040851422,1.320857468418126,1.9787982180917734,1398.063739127527,32,constrained
48,local,0.025476020397581373,0.09225436434884773,0.0038601644965575942,314.32384106071703,333.3932961758835,7.156369660728362,0.3092248496446856,1.6930282230402354,1398.0617786372861,0.42201221000398126,0.9781769339912308,0.6667546729924835,1.7092229233184812,0.6839963121761617,2.2,0.55,0.0,0.6481717512586249,1.3208280912394337,1.978787240823539,1398.0617786372861,32,constrained
49,local,0.025314827154369612,0.09225436434884773,0.0038601644965575942,314.32384106071703,333.3932961758835,7.156369660728362,0.3092248496446856,1.6930282230402354,1398.0624877185587,0.42200473330680816,0.9780364292239264,0.6668667901237411,1.709257948012469,0.684368338333434,2.2,0.55,0.0,0.6483964956911241,1.3208098704403608,1.9787805124035502,1398.0617786372861,32,constrained
50,local,0.025442683578730113,0.09225436434884773,0.0038601644965575942,314.32384106071703,333.3932961758835,7.156369660728362,0.3092248496446856,1.6930282230402354,1398.0617661836823,0.4220124415437147,0.9781778901371245,0.6667556541418808,1.7092215918790714,0.6840010239075913,2.2,0.55,0.0,0.6481711499629916,1.3208233384958883,1.9787858457975607,1398.0617661836823,32,constrained
51,local,0.025409346759384388,0.09225436434884773,0.0038601644965575942,314.32384106071703,333.3932961758835,7.156369660728362,0.3092248496446856,1.6930282230402354,1398.0632450426647,0.4220042551381889,0.9780378475343531,0.6668839712413204,1.709331910110827,0.684357348887463,2.2,0.55,0.0,0.6483977652544244,1.320820768928589,1.9787844525982274,1398.0617661836823,32,constrained
52,local,0.025442683578730113,0.04892507805871821,0.0038601644965575942,314.32384106071703,333.3932961758835,7.156369660728362,0.3092248496446856,1.6930282230402354,1403.594174646844,0.46977616079492135,1.1007562819175776,2.9238613807088005,2.035494633391451,0.7234451908607784,2.2,0.55,0.0,0.6570224831496994,0.8360003950749061,1.2226677812199194,1398.0617661836823,32,constrained
53,local,0.025442683578730113,0.06561639304128178,0.0038601644965575942,314.32384106071703,333.3932961758835,7.156369660728362,0.3092248496446856,1.6930282230402354,1402.3764964212146,0.4423887316325506,1.0203127308859021,0.9076703315151444,2.115802469270773,0.7189592600272056,2.2,0.55,0.0,0.6584592717056896,1.037221152395782,1.343162998362987,1398.0617661836823,32,constrained
54,local,0.025442683578730113,0.07593219301743642,0.0038601644965575942,314.32384106071703,333.3932961758835,7.156369660728362,0.3092248496446856,1.6930282230402354,1401.0439880837766,0.41606844013466143,0.9618785528925822,0.8746500846377698,1.9866639795122907,0.7120768785677243,2.2,0.55,0.0,0.655407782951767,1.1520809038224322,1.5246415828136062,1398.0617661836823,32,constrained
55,local,0.025442683578730113,0.08230770802384535,0.0038601644965575942,314.32384106071703,333.3932961758835,7.156369660728362,0.3092248496446856,1.6930282230402354,1400.0545036150797,0.4127520223921207,0.9496522558828403,1.0098868041456326,1.8744428243838882,0.6998935243743574,2.2,0.55,0.0,0.6527864429497394,1.2197796414969149,1.6776751050548637,1398.0617661836823,32,constrained
56,local,0.025442683578730113,0.08624799299359107,0.0038601644965575942,314.32384106071703,333.3932961758835,7.156369660728362,0.3092248496446856,1.6930282230402354,1399.2466333446512,0.4199870813515164,0.9719039144803882,0.709422995832901,1.8234044916563164,0.6937533610867339,2.2,0.55,0.0,0.651513486937257,1.2604418088478924,1.7878673449053384,1398.0617661836823,32,constrained
57,local,0.025442683578730113,0.08868322303025428,0.0038601644965575942,314.32384106071703,333.3932961758835,7.156369660728362,0.3092248496446856,1.6930282230402354,1398.724529880593,0.42147366687367727,0.976037386466283,0.692549256072043,1.7728951472967658,0.6882692844911693,2.2,0.55,0.0,0.6501287963886391,1.285149433741193,1.8619332706706513,1398.0617661836823,32,constrained
58,local,0.025442683578730113,0.09018827796333678,0.0038601644965575942,314.32384106071703,333.3932961758835,7.156369660728362,0.3092248496446856,1.6930282230402354,1398.5646034369445,0.4207483568138651,0.974998159639691,0.6827883565440585,1.7578524453023412,0.6921590076765126,2.2,0.55,0.0,0.6493950243949986,1.3002593598321868,1.9099863372382897,1398.0617661836823,32,constrained
59,local,0.025442683578730113,0.09137169811660044,0.0038601644965575942,314.32384106071703,333.3932961758835,7.156369660728362,0.3092248496446856,1.6930282230402354,1398.3617746437233,0.4223527306681195,0.9791818871878915,0.6729580994721973,1.73853399002905,0.6898640450661009,2.2,0.55,0.0,0.6486054996718648,1.3120677254858668,1.9489923486664424,1398.0617661836823,32,constrained
60,local,0.025442683578730113,0.09184984694460603,0.0038601644965575942,314.32384106071703,333.3932961758835,7.156369660728362,0.3092248496446856,1.6930282230402354,1398.235295883614,0.4218701472966523,0.9784977847624482,0.6694405551583482,1.7262307314996377,0.6939517728434624,2.2,0.55,0.0,0.6481291310488864,1.3168168546067431,1.9650574828041494,1398.0617661836823,32,constrained
61,local,0.025442683578730113,0.0921453591719944,0.0038601644965575942,314.32384106071703,333.3932961758835,7.156369660728362,0.3092248496446856,1.6930282230402354,1398.196105226412,0.4232312427257682,0.9813178675928613,0.6675660305725369,1.7224373087184037,0.6938226238542116,2.2,0.55,0.0,0.648183310474855,1.3197441903612954,1.975074095609258,1398.0617661836823,32,constrained
62,local,0.025442683578730113,0.09238654890183268,0.0038601644965575942,314.32384106071703,333.3932961758835,7.156369660728362,0.3092248496446856,1.6930282230402354,1398.212563911666,0.42250583121082136,0.9793966591402654,0.6650123437086276,1.7243772738056602,0.690354347649828,2.2,0.55,0.0,0.6482775257281107,1.3221314558310877,1.9832991255916803,1398.0617661836823,32,constrained
63,local,0.025442683578730113,0.09217869250694455,0.0038601644965575942,314.32384106071703,333.3932961758835,7.156369660728362,0.3092248496446856,1.6930282230402354,1398.1988007894001,0.42414731562160857,0.9835883189771814,0.6690316587366218,1.7225305577842438,0.6909753661663649,2.2,0.55,0.0,0.6484288880281079,1.320074153466528,1.9762081647220078,1398.0617661836823,32,constrained
64,local,0.025442683578730113,0.09203248354522324,0.0038601644965575942,314.32384106071703,333.3932961758835,7.156369660728362,0.3092248496446856,1.6930282230402354,1398.256475280268,0.42423280608062697,0.983136376874258,0.6695023601225973,1.7282653206702492,0.6913295615283435,2.2,0.55,0.0,0.6483648787761189,1.3186279250248707,1.971240171797759,1398.0617661836823,32,constrained
65,local,0.025442683578730113,0.09210224451906927,0.0038601644965575942,314.32384106071703,333.3932961758835,7.156369660728362,0.3092248496446856,1.6930282230402354,1398.2468014217588,0.423189819101327,0.9808304503252581,0.6680838148841005,1.7274699807042855,0.6900660027053724,2.2,0.55,0.0,0.6484866785968906,1.319320445205999,1.9736085117778037,1398.0617661836823,32,constrained
66,local,0.025442683578730113,0.0921453591719944,0.003682951198877998,314.32384106071703,333.3932961758835,7.156369660728362,0.3092248496446856,1.6930282230402354,1398.4995776173691,0.44935101556886037,0.86777918282071,0.6688452916816405,1.7537925322821633,0.6882275527305448,2.2,0.55,0.0,0.6479309649627656,1.3069018187336978,1.8202226416462917,1398.0617661836823,32,constrained
67,local,0.025442683578730113,0.0921453591719944,0.0038365387011220016,314.32384106071703,333.3932961758835,7.156369660728362,0.3092248496446856,1.6930282230402354,1398.2284995875136,0.4274662876977806,0.9658905285188364,0.6685223826402414,1.7257447078029753,0.6940546172526249,2.2,0.55,0.0,0.6480498857220975,1.3179603288628714,1.9379891197301065,1398.0617661836823,32,constrained
68,local,0.025442683578730113,0.0921453591719944,0.003931460997755996,314.32384106071703,333.3932961758835,7.156369660728362,0.3092248496446856,1.6930282230402354,1398.1383574359238,0.41131767625105836,1.0334650415347941,0.6681625967404948,1.7160227719188577,0.6917229367490962,2.2,0.55,0.0,0.6486346145779539,1.325272310712346,2.1176493749021885,1398.0617661836823,32,constrained
69,local,0.025442683578730113,0.0921453591719944,0.003964794332146828,314.32384106071703,333.3932961758835,7.156369660728362,0.3092248496446856,1.6930282230402354,1398.1740076227484,0.4079756206648352,1.0651162623356853,0.6682743917925414,1.719139374107875,0.6972976832708493,2.2,0.55,0.0,0.6487408701599467,1.327928403197039,2.2001095026152697,1398.0617661836823,32,constrained
70,local,0.025442683578730113,0.0921453591719944,0.003898127663365165,314.32384106071703,333.3932961758835,7.156369660728362,0.3092248496446856,1.6930282230402354,1398.1883088709521,0.4172428387560716,1.0089371859344891,0.666364131229179,1.7214940920848398,0.6911605018430598,2.2,0.55,0.0,0.6483638551968982,1.3226667531158978,2.045257596206813,1398.0617661836823,32,constrained
71,local,0.025442683578730113,0.0921453591719944,0.003931460997755996,314.36458980337505,333.3932961758835,7.156369660728362,0.3092248496446856,1.6930282230402354,1398.1677596680838,0.4119168830673902,1.0269529991114787,0.6694897987332982,1.7189925053301125,0.6919663691074789,2.2,0.55,0.0,0.6486072857209624,1.3223854426432027,2.0206196346951426,1398.0617661836823,32,constrained
72,local,0.025442683578730113,0.0921453591719944,0.003931460997755996,314.43541019662496,333.3932961758835,7.156369660728362,0.3092248496446856,1.6930282230402354,1398.1210361986416,0.41340155711908055,1.0170388451709065,0.6715029620879276,1.7142911376841194,0.6866860415413473,2.2,0.55,0.0,0.6483555273424162,1.3173745819998741,2.0206196346952288,1398.0617661836823,32,constrained
73,local,0.025442683578730113,0.0921453591719944,0.003931460997755996,314.47917960675005,333.3932961758835,7.156369660728362,0.3092248496446856,1.6930282230402354,1398.205954752998,0.41344322683935475,1.0085691397005994,0.6715368222912533,1.7227120210807243,0.6894458529412579,2.2,0.55,0.0,0.6485895310501071,1.3142864137279382,2.1276638626696607,1398.0617661836823,32,constrained
74,local,0.025442683578730113,0.0921453591719944,0.003931460997755996,314.4145391595009,333.3932961758835,7.156369660728362,0.3092248496446856,1.6930282230402354,1398.0709957723845,0.41514865890351993,1.024523971016635,0.6701018583941607,1.7093584391109407,0.6854629430736425,2.2,0.55,0.0,0.6484352608085234,1.3188501778443,1.998370121608192,1398.0617661836823,32,constrained
75,local,0.025442683578730113,0.0921453591719944,0.003931460997755996,314.405389293962,333.3932961758835,7.156369660728362,0.3092248496446856,1.6930282230402354,1398.0749364219762,0.41303370052651694,1.0219948189281685,0.6710156569398342,1.709719662117521,0.68597479202864,2.2,0.55,0.0,0.6482891101744854,1.3194958961292476,1.9944784615670108,1398.0617661836823,32,constrained
76,local,0.025442683578730113,0.0921453591719944,0.003931460997755996,314.4122499544487,333.3932961758835,7.156369660728362,0.3092248496446856,1.6930282230402354,1398.076249120937,0.413226101661129,1.0209753840233067,0.6694548428326824,1.7099937144488873,0.6859955215235667,2.2,0.55,0.0,0.6484866178491421,1.3190101160991865,1.997061272348743,1398.0617661836823,32,constrained
77,local,0.025442683578730113,0.0921453591719944,0.003931460997755996,314.42251118630185,333.3932961758835,7.156369660728362,0.3092248496446856,1.6930282230402354,1398.078799604249,0.4134887303940669,1.019376206839924,0.6696140344615709,1.7102373805617237,0.6854749639410002,2.2,0.55,0.0,0.64856530426586,1.3182864909709315,2.00467399674256,1398.0617661836823,32,constrained
78,local,0.025442683578730113,0.0921453591719944,0.003931460997755996,314.41758420277966,333.3932961758835,7.156369660728362,0.3092248496446856,1.6930282230402354,1398.0784913204348,0.4124998820888329,1.0180852320169955,0.6699556764968814,1.7102081176513024,0.6851366923245126,2.2,0.55,0.0,0.648504995075778,1.318635691417188,2.0004577877680187,1398.0617661836823,32,constrained
79,local,0.025442683578730113,0.0921453591719944,0.003931460997755996,314.4157022625362,333.3932961758835,7.156369660728362,0.3092248496446856,1.6930282230402354,1398.0741437138684,0.4131824337823697,1.0199788179772629,0.6703576383224761,1.7097107115710037,0.6856112075454834,2.2,0.55,0.0,0.6484351400054625,1.3187682836945436,1.9991208225910753,1398.0617661836823,32,constrained
80,local,0.025442683578730113,0.0921453591719944,0.003931460997755996,314.4136647609782,333.3932961758835,7.156369660728362,0.3092248496446856,1.6930282230402354,1398.0711132678637,0.41326076716575805,1.020627214424659,0.6689609883161121,1.7095407932377893,0.6856654848762889,2.2,0.55,0.0,0.6484323123565945,1.3189125169743177,1.9978437826905164,1398.0617661836823,32,constrained
81,local,0.025442683578730113,0.0921453591719944,0.003931460997755996,314.41415014697213,333.3932961758835,7.156369660728362,0.3092248496446856,1.6930282230402354,1398.089692259325,0.41188347264308767,1.0168892514649823,0.6899016554788107,1.7093570181870248,0.6854548678249464,2.2,0.55,0.0,0.6484387845039461,1.3188779499614651,1.9981319279332497,1398.0617661836823,32,constrained
82,local,0.025442683578730113,0.0921453591719944,0.003931460997755996,314.41457249417954,333.3932961758835,7.156369660728362,0.3092248496446856,1.6930282230402354,1398.0901571471622,0.4118885806515838,1.0168196018722142,0.6898843879511515,1.709405408909833,0.6855015268291174,2.2,0.55,0.0,0.6484368347490486,1.3188478049056411,1.9983908330214795,1398.0617661836823,32,constrained
83,local,0.025442683578730113,0.0921453591719944,0.003931460997755996,314.414390569937,333.3932961758835,7.156369660728362,0.3092248496446856,1.6930282230402354,1398.096358101186,0.41256697048603846,1.0189068792835128,0.6702672581492595,1.7119468703503329,0.686779433774557,2.2,0.55,0.0,0.6484368124290907,1.3188607488600668,1.9982783772711992,1398.0617661836823,32,constrained
84,local,0.025442683578730113,0.0921453591719944,0.003931460997755996,314.4144824033379,333.3932961758835,7.156369660728362,0.3092248496446856,1.6930282230402354,1398.068475758743,0.4132491170359717,1.0204490562000919,0.6689577006767569,1.709280530154868,0.6854761310114281,2.2,0.55,0.0,0.6484348921662548,1.318854212749439,1.9983349671499337,1398.0617661836823,32,constrained
85,local,0.025442683578730113,0.0921453591719944,0.003931460997755996,314.41444732610006,333.3932961758835,7.156369660728362,0.3092248496446856,1.6930282230402354,1398.0947811106978,0.41309431680914194,1.0200005853149616,0.6700669527536454,1.7117928016719262,0.6868030888037342,2.2,0.55,0.0,0.6484360726749534,1.318856818227156,1.9983133092498502,1398.0617661836823,32,constrained
86,local,0.025442683578730113,0.0921453591719944,0.003931460997755996,314.4144824033379,333.40480876222756,7.156369660728362,0.3092248496446856,1.6930282230402354,1398.0690639100821,0.4143973215647699,1.0255469574701817,0.6705576583331267,1.7090837925374305,0.6864955815344566,2.2,0.55,0.0,0.6487398596487002,1.3193043480465987,1.9898393708045032,1398.0617661836823,32,constrained
87,local,0.025442683578730113,0.0921453591719944,0.003931460997755996,314.4144824033379,333.5703928377725,7.156369660728362,0.3092248496446856,1.6930282230402354,1397.9548838442406,0.4112919843237216,1.0502701813568596,0.6655488590899951,1.697981086087814,0.690303251655242,2.2,0.55,0.0,0.6480014532670217,1.3257430518412658,1.9821268235051566,1397.9548838442406,32,constrained
88,local,0.025442683578730113,0.0921453591719944,0.003931460997755996,314.4144824033379,333.67272942445504,7.156369660728362,0.3092248496446856,1.6930282230402354,1397.9116899615499,0.40877977347542005,1.064817065181093,0.6613809238121625,1.6938510625831669,0.6925458400074652,2.2,0.55,0.0,0.647746169343441,1.3297003340676237,2.0843968014970526,1397.9116899615499,32,constrained
89,local,0.025442683578730113,0.0921453591719944,0.003931460997755996,314.4144824033379,333.7359769133175,7.156369660728362,0.3092248496446856,1.6930282230402354,1397.9408972524127,0.4056686869955238,1.070589793375222,0.6581025952173472,1.6969348269294309,0.6977286773741855,2.2,0.55,0.0,0.6475199598796835,1.332141879881736,2.18848746493122,1397.9116899615499,32,constrained
90,local,0.025442683578730113,0.0921453591719944,0.003931460997755996,314.4144824033379,333.6610970044221,7.156369660728362,0.3092248496446856,1.6930282230402354,1398.0362308318104,0.4061284667426202,1.0561601905469404,0.6817514829021663,1.7043111310480399,0.6988759303016525,2.2,0.55,0.0,0.6479800583396969,1.3292495932363735,2.068652946418906,1397.9116899615499,32,constrained
91,local,0.025442683578730113,0.0921453591719944,0.003931460997755996,314.4144824033379,333.6968878154974,7.156369660728362,0.3092248496446856,1.6930282230402354,1397.8364663958962,0.4076320282226308,1.0670032660950732,0.6590530100439727,1.6865159768964602,0.691082391724036,2.2,0.55,0.0,0.6478644552193125,1.3306349740574577,2.1204693582885805,1397.8364663958962,32,constrained
92,local,0.025442683578730113,0.0921453591719944,0.003931460997755996,314.4144824033379,333.7018289345893,7.156369660728362,0.3092248496446856,1.6930282230402354,1397.829296500277,0.4072728794754332,1.0672460595995452,0.6589062848551996,1.6858084715701367,0.6910051684439392,2.2,0.55,0.0,0.647852487204875,1.3308257893235338,2.1284085977159486,1397.829296500277,32,constrained
93,local,0.025442683578730113,0.0921453591719944,0.003931460997755996,314.4144824033379,333.71205621116013,7.156369660728362,0.3092248496446856,1.6930282230402354,1397.8255743862198,0.4079742005884661,1.0708111417605128,0.6598688581720482,1.6853043033851534,0.6903811371979471,2.2,0.55,0.0,0.6476669615103134,1.3312206934703519,2.1454470861775468,1397.8255743862198,32,constrained
94,local,0.025442683578730113,0.0921453591719944,0.003931460997755996,314.4144824033379,333.72119310634946,7.156369660728362,0.3092248496446856,1.6930282230402354,1397.8233990748454,0.4052685895907017,1.066752220501434,0.6599003257781052,1.685135879925523,0.6904323485738034,2.2,0.55,0.0,0.6476495925598648,1.3315722088345647,2.1613597208939215,1397.8233990748454,32,constrained
95,local,0.025442683578730113,0.0921453591719944,0.003931460997755996,314.4144824033379,333.72684001812814,7.156369660728362,0.3092248496446856,1.6930282230402354,1397.9707891280943,0.40461093023548395,1.065872321455384,0.6796372517689447,1.6978332802164153,0.6974928511306852,2.2,0.55,0.0,0.6476704566042947,1.3317902757121938,2.1715201760571707,1397.8233990748454,32,constrained
96,local,0.025442683578730113,0.0921453591719944,0.003931460997755996,314.4144824033379,333.71770312293876,7.156369660728362,0.3092248496446856,1.6930282230402354,1397.8226024096589,0.4052449434155866,1.0662073310471092,0.6597626735902747,1.6850916083228085,0.6907995613720387,2.2,0.55,0.0,0.6475176493307448,1.331438646666743,2.15520469929884,1397.8226024096589,32,constrained
97,local,0.025442683578730113,0.0921453591719944,0.003931460997755996,314.4144824033379,333.71806607727376,7.156369660728362,0.3092248496446856,1.6930282230402354,1397.8197484880147,0.406145143304309,1.068247538303868,0.6580953541317239,1.6849438629178561,0.6907746895677174,2.2,0.55,0.0,0.6475103291836148,1.331451728243151,2.155840383828111,1397.8197484880147,32,constrained
98,local,0.025442683578730113,0.0921453591719944,0.003931460997755996,314.4144824033379,333.7194040047645,7.156369660728362,0.3092248496446856,1.6930282230402354,1397.8238707181724,0.40791131932342467,1.0720008459758468,0.6599331054587465,1.6851037949561587,0.6903890109949137,2.2,0.55,0.0,0.6476576160518295,1.3315002049682598,2.1581925371474036,1397.8197484880147,32,constrained
99,local,0.025442683578730113,0.0921453591719944,0.003931460997755996,314.4144824033379,333.7185771201007,7.156369660728362,0.3092248496446856,1.6930282230402354,1397.8225228081576,0.4052275246450255,1.0663321039373292,0.6596604602802568,1.6850920830866616,0.6908251281530589,2.2,0.55,0.0,0.6475062738951374,1.3314697837173775,2.156737176778086,1397.8197484880147,32,constrained
100,local,0.025442683578730113,0.0921453591719944,0.003931460997755996,314.4144824033379,333.71814311590913,7.156369660728362,0.3092248496446856,1.6930282230402354,1397.8219369489748,0.40475064437778074,1.0650995389709066,0.6613148450995135,1.6848809353733778,0.6912404925499206,2.2,0.55,0.0,0.6475148439198102,1.3314542101070206,2.155975442960076,1397.8197484880147,32,constrained
101,local,0.025442683578730113,0.0921453591719944,0.003931460997755996,314.4144824033379,333.71792744105414,7.156369660728362,0.3092248496446856,1.6930282230402354,1397.821439421202,0.4077724644642096,1.071582440154092,0.6593537258768336,1.6849370705781173,0.6908242247955255,2.2,0.55,0.0,0.6475121802320036,1.3314460922657578,2.155597452539138,1397.8197484880147,32,constrained
102,local,0.025442683578730113,0.0921453591719944,0.003931460997755996,314.4144824033379,333.7180291519299,7.156369660728362,0.3092248496446856,1.6930282230402354,1397.8225990423934,0.406619587926904,1.06914461348873,0.6586517771111737,1.6851601251429258,0.6907683534509312,2.2,0.55,0.0,0.6475060090206292,1.3314496347138052,2.155775665141603,1397.8197484880147,32,constrained
103,local,0.025442683578730113,0.0921453591719944,0.003931460997755996,314.4144824033379,333.7180994154242,7.156369660728362,0.3092248496446856,1.6930282230402354,1397.8231771798687,0.4047411673605362,1.0651002144657,0.6612875946305972,1.6850125231126643,0.690858108899078,2.2,0.55,0.0,0.647506357495577,1.3314529649603324,2.1558988244206807,1397.8197484880147,32,constrained
104,local,0.025442683578730113,0.0921453591719944,0.003931460997755996,314.4144824033379,333.71806607727376,6.873166295010869,0.3092248496446856,1.6930282230402354,1397.939733032323,0.41106582008344744,1.0504723587776368,0.6645266926654696,1.696723017486392,0.689116354466044,2.2,0.55,0.0,0.6483614041317715,1.3259759884315239,1.8029787560364456,1397.8197484880147,32,constrained
105,local,0.025442683578730113,0.0921453591719944,0.003931460997755996,314.4144824033379,333.71806607727376,7.024035804989131,0.3092248496446856,1.6930282230402354,1397.8822523658637,0.4070778028747039,1.0568665230084693,0.6622789167927654,1.6910775485350367,0.6927545072085687,2.2,0.55,0.0,0.6479795685867126,1.3288951433366705,1.8970608957858863,1397.8197484880147,32,constrained
106,local,0.025442683578730113,0.0921453591719944,0.003931460997755996,314.4144824033379,333.71806607727376,7.117278290021739,0.3092248496446856,1.6930282230402354,1397.8356831566161,0.408385720169794,1.0689133800085044,0.6601551302651438,1.6863592646796122,0.6910662461123128,2.2,0.55,0.0,0.6478623687810083,1.3306964584509307,2.062254697576816,1397.8197484880147,32,constrained
107,local,0.025442683578730113,0.0921453591719944,0.003931460997755996,314.4144824033379,333.71806607727376,7.174905314967393,0.3092248496446856,1.6930282230402354,1397.9470271098792,0.40598549458548855,1.0695282201561274,0.6583533351670601,1.6974987400079855,0.6977716664032189,2.2,0.55,0.0,0.647669232289758,1.3318108519467797,2.2052387189182414,1397.8197484880147,32,constrained
108,local,0.025442683578730113,0.0921453591719944,0.003931460997755996,314.4144824033379,333.71806607727376,7.0816628299347855,0.3092248496446856,1.6930282230402354,1397.896749650647,0.40846447445618245,1.0656171757968609,0.660561511749852,1.6925196925692536,0.6936402488016471,2.2,0.55,0.0,0.6477238169822683,1.3300084247677948,1.9895037821596717,1397.8197484880147,32,constrained
109,local,0.025442683578730113,0.0921453591719944,0.003931460997755996,314.4144824033379,333.71806607727376,7.13928985488044,0.3092248496446856,1.6930282230402354,1397.8265287643849,0.40528004764135284,1.0645433372494755,0.6595489258469595,1.6855527402945647,0.6905442538252805,2.2,0.55,0.0,0.6476614207617509,1.3311211440604507,2.1131828077734545,1397.8197484880147,32,constrained
110,local,0.025442683578730113,0.0921453591719944,0.003931460997755996,314.4144824033379,333.71806607727376,7.152893750108691,0.3092248496446856,1.6930282230402354,1397.8252491271996,0.40477781449304595,1.064756808872674,0.6613955380711577,1.6852110606908504,0.6904318640134701,2.2,0.55,0.0,0.647649221144462,1.331387238629938,2.1469367565063133,1397.8197484880147,32,constrained
111,local,0.025442683578730113,0.0921453591719944,0.003931460997755996,314.4144824033379,333.71806607727376,7.151296684551369,0.3092248496446856,1.6930282230402354,1397.8271397228837,0.40789648311760746,1.0713311685442897,0.659811445451314,1.6854650723397555,0.6904659711450031,2.2,0.55,0.0,0.6476522187089169,1.3313566830596792,2.1428839383997134,1397.8197484880147,32,constrained
112,local,0.025442683578730113,0.0921453591719944,0.003931460997755996,314.4144824033379,333.71806607727376,7.161301419739142,0.3092248496446856,1.6930282230402354,1397.822081668262,0.40520520211485245,1.066482621610339,0.6599583656100969,1.684995004164913,0.6904487931767411,2.2,0.55,0.0,0.6476419703535781,1.331547343318875,2.168668209267161,1397.8197484880147,32,constrained
113,local,0.025442683578730113,0.0921453591719944,0.003931460997755996,314.4144824033379,333.71806607727376,7.166497645336942,0.3092248496446856,1.6930282230402354,1397.8210766739285,0.4048875731296504,1.0663065818909747,0.6593180925136545,1.6849513137775198,0.6902577324705844,2.2,0.55,0.0,0.6476430010533544,1.3316469740495287,2.1824314356180152,1397.8197484880147,32,constrained
114,local,0.025442683578730113,0.0921453591719944,0.003931460997755996,314.4144824033379,333.71806607727376,7.1710755745848855,0.3092248496446856,1.6930282230402354,1397.9548772929415,0.40469106342547184,1.0662430585186289,0.6615799132100727,1.6980204815646747,0.6974639046751976,2.2,0.55,0.0,0.6476703413581957,1.3317372932595481,2.1947674199322598,1397.8197484880147,32,constrained
115,local,0.025442683578730113,0.0921453591719944,0.003931460997755996,314.4144824033379,333.71806607727376,7.164512863771795,0.3092248496446856,1.6930282230402354,1397.8225385254905,0.4048541148528034,1.0659644455257857,0.6618219455705213,1.6848540719976657,0.6903674921707962,2.2,0.55,0.0,0.6476536450358842,1.3316082956471333,2.1771443739562857,1397.8197484880147,32,constrained
116,local,0.025442683578730113,0.0921453591719944,0.003931460997755996,314.4144824033379,333.71806607727376,7.168246258711564,0.3092248496446856,1.6930282230402354,1397.9553759492844,0.40488804113293064,1.066455114658703,0.6596420259932699,1.6982668074962117,0.6974861253814786,2.2,0.55,0.0,0.647678076645194,1.3316821309131126,2.1871200948164433,1397.8197484880147,32,constrained
117,local,0.025442683578730113,0.0921453591719944,0.003931460997755996,314.4144824033379,333.71806607727376,7.1657395262392996,0.3092248496446856,1.6930282230402354,1397.8217245701285,0.40483875909985645,1.066062595832203,0.661777031660277,1.6847732646229843,0.690434281177356,2.2,0.55,0.0,0.6476446053811327,1.3316323702256585,2.1804075841798696,1397.8197484880147,32,constrained
118,local,0.025442683578730113,0.0921453591719944,0.003931460997755996,314.4144824033379,333.71806607727376,7.167165556212865,0.3092248496446856,1.6930282230402354,1397.9536102243649,0.40489981096805794,1.066372424186297,0.6596225102150741,1.6980958009870322,0.6974631379580372,2.2,0.55,0.0,0.6476807878650179,1.3316594804685276,2.1842189493840127,1397.8197484880147,32,constrained
119,local,0.025442683578730113,0.0921453591719944,0.003931460997755996,314.4144824033379,333.71806607727376,7.166208069609163,0.3092248496446856,1.6930282230402354,1397.8187385678186,0.40511885898342487,1.0667218031228312,0.6606874240937604,1.6845738395356953,0.6903926597284679,2.2,0.55,0.0,0.6476400007996761,1.3316418917030812,2.181657755059521,1397.8187385678186,32,constrained
120,local,0.025442683578730113,0.0921453591719944,0.003931460997755996,314.4144824033379,333.71806607727376,7.166141008694321,0.3092248496446856,1.6930282230402354,1397.821189630219,0.40483697015650116,1.066091745162375,0.6617867049110736,1.684717272098517,0.6904003642990214,2.2,0.55,0.0,0.647649694205764,1.3316407597541813,2.1814786960087633,1397.8187385678186,32,constrained
121,local,0.025442683578730113,0.0921453591719944,0.003931460997755996,314.4144824033379,333.71806607727376,7.166320592659608,0.3092248496446856,1.6930282230402354,1397.821175620552,0.4048318662509988,1.0660973022462035,0.6617397346910299,1.6847203060007085,0.6903949678385513,2.2,0.55,0.0,0.6476479509789247,1.3316439133635023,2.1819582973916543,1397.8187385678186,32,constrained
122,local,0.025442683578730113,0.0921453591719944,0.003931460997755996,314.4144824033379,333.71806607727376,7.166251049589915,0.3092248496446856,1.6930282230402354,1397.8217447548423,0.40473883797344523,1.0658879814191677,0.6613938618049595,1.6848146184859965,0.6904558068567382,2.2,0.55,0.0,0.6476458648307903,1.331642767103321,2.1817725379582606,1397.8187385678186,32,constrained
123,local,0.025442683578730113,0.0921453591719944,0.003931460997755996,314.4144824033379,333.71806607727376,7.166174736129903,0.3092248496446856,1.6930282230402354,1397.8187376777298,0.40511885898342487,1.0667218031228312,0.6606874240937604,1.6845738395356953,0.6903926597284679,2.2,0.55,0.0,0.6476400007996761,1.3316418917030812,2.181568746197293,1397.8187376777298,32,constrained
124,local,0.025442683578730113,0.0921453591719944,0.003931460997755996,314.4144824033379,333.71806607727376,7.166174736129903,0.295924348026202,1.6930282230402354,1397.7566504254798,0.4025842249643007,1.0542460193481522,0.660310621337436,1.678652128929587,0.6894489893264709,2.2,0.55,0.0,0.6479513674254112,1.3277815459763544,2.068359313781483,1397.7566504254798,32,constrained
125,local,0.025442683578730113,0.0921453591719944,0.003931460997755996,314.4144824033379,333.71806607727376,7.166174736129903,0.305199151973798,1.6930282230402354,1397.9218792258189,0.40602087135181203,1.0665064550313665,0.6591678310830859,1.6950158443020933,0.6982586717245397,2.2,0.55,0.0,0.6478559657083938,1.3305105427446071,2.100817534087749,1397.7566504254798,32,constrained
126,local,0.025442683578730113,0.0921453591719944,0.003931460997755996,314.4144824033379,333.71806607727376,7.166174736129903,0.290192203947596,1.6930282230402354,1397.7306201536248,0.40298626250202146,1.05268515282713,0.6616635961734461,1.6758508057691308,0.6913940910086932,2.2,0.55,0.0,0.6476678397968201,1.3260066201249523,2.1553976927070004,1397.7306201536248,32,constrained
127,local,0.025442683578730113,0.0921453591719944,0.003931460997755996,314.4144824033379,333.71806607727376,7.166174736129903,0.29049123918716935,1.6930282230402354,1397.7873961255546,0.4026729409131051,1.0520137956430067,0.6612464665858375,1.6815196693871546,0.6960565479246886,2.2,0.55,0.0,0.6478682836796471,1.3261004991701273,2.1488342986036506,1397.7306201536248,32,constrained
128,local,0.025442683578730113,0.0921453591719944,0.003931460997755996,314.4144824033379,333.71806607727376,7.166174736129903,0.286649544078606,1.6930282230402354,1397.552233525062,0.3996563784218051,1.0432186272406707,0.658715077680452,1.6583525142158826,0.6866323210395299,2.2,0.55,0.0,0.648044107936436,1.3248740217841637,2.2500984180534616,1397.552233525062,32,constrained
129,local,0.025442683578730113,0.0921453591719944,0.003931460997755996,314.4144824033379,333.71806607727376,7.166174736129903,0.28446005986899,1.6930282230402354,1397.6688991728872,0.39641645747975934,1.0358094411714864,0.6611897300314588,1.669777279741859,0.6878155637062877,2.2,0.55,0.0,0.6482068310114253,1.3241573248400995,2.3242521693221136,1397.552233525062,32,constrained
130,local,0.025442683578730113,0.0921453591719944,0.003931460997755996,314.4144824033379,333.71806607727376,7.166174736129903,0.28702836110709906,1.6930282230402354,1397.5988021961052,0.39892189485046015,1.0420209964728848,0.6606251832257145,1.6628854521974383,0.6833124058038121,2.2,0.55,0.0,0.6480122325320481,1.3249964898726563,2.23847988629539,1397.552233525062,32,constrained
131,local,0.025442683578730113,0.0921453591719944,0.003931460997755996,314.4144824033379,333.71806607727376,7.166174736129903,0.2859431051148106,1.6930282230402354,1397.61823853379,0.40001269394310934,1.0435999284015094,0.6600012133834257,1.6648199631302494,0.6828206883880372,2.2,0.55,0.0,0.648174299911928,1.324643000327614,2.2727198112409788,1397.552233525062,32,constrained
132,local,0.025442683578730113,0.0921453591719944,0.003931460997755996,314.4144824033379,333.71806607727376,7.166174736129903,0.2865306486820243,1.6930282230402354,1397.5958566537124,0.39961467502347214,1.0430802344159467,0.658813609153905,1.6627093449606605,0.6860092059202563,2.2,0.55,0.0,0.6480442918311746,1.3248352384767663,2.2538186815257397,1397.552233525062,32,constrained
1,global,6.835494476281914,0.044214193020215925,0.003712762043427252,314.363069805982,333.3384172420717,7.041456087548133,0.314437701821341,0.15696370990041864,38.975691012816384,1.3110249978787059,1.0151391039783573,11.47907617038164,1.5038477004807462,0.6790259412929911,4.954301098747633,0.0,0.0,2.219947244107969,1.4534695854521773,0.0,38.975691012816384,352,relaxed
2,global,4.416344902612307,0.054477442596707566,0.0036064831771560105,314.4514997280457,333.3046498947449,7.183281272928913,0.2827728191011785,1.228010296836267,1383.7077478965566,0.5688361278144567,0.5831309743102605,1.0622008491229624,0.250417312053833,0.7032162165575263,2.2,0.55,0.0,0.5263429513195219,1.4756321853771206,0.0,38.975691012816384,352,relaxed
3,global,6.208176422358715,0.02686989286771634,0.0037894916840406855,314.3514472478886,333.24954658609084,6.761507553550859,0.30709762985008937,1.4598128492030662,1325.7104252935349,2.230219919473736,0.5361470400062787,36.05867883615413,2.8861348903228716,0.46529286716857293,1.1965258640417542,0.25,0.25,8.045955042329934,1.4112400536876457,0.0,38.975691012816384,352,relaxed
4,global,1.3937308595589162,0.08115883384965314,0.0036730186183632765,314.3077963873291,333.6376663757983,7.131278300972166,0.30443867726489804,1.0234639308497642,1397.7021936313608,0.5587621137488787,1.13709497830409,0.7260140132045334,1.6665235972151127,0.6129294790109538,2.2,0.55,0.0,0.6509438928718841,1.4560548013440515,0.0,38.975691012816384,352,relaxed
5,global,5.470462409307013,0.08818535701277108,0.0036473441170540018,314.29186807534813,333.73716594499996,7.1105213331604125,0.3161689353607627,1.128754944845187,1394.479881550051,0.7487349803405776,0.8273027908969901,5.335066750508826,0.9010102834147791,0.6030875976158071,2.2,0.55,0.0,0.4807150353701097,1.804219656941949,0.0,38.975691012816384,352,relaxed
6,global,24.730716525547276,0.03298374518594707,0.00352417791883338,314.4605942631587,333.77819987893014,6.884738335524111,0.30157069015243104,1.372267457616518,2461.694319379774,2.497039295420813,0.13770805334557212,48.05005916376945,2.8629259480948703,0.7786057154749068,4.2746532288306955,0.7,0.25,1.0937742002817887,1.529238534426602,0.0,38.975691012816384,352,relaxed
7,global,18.393684921647104,0.06860415586289498,0.0038186746711328995,314.2817239320609,333.55795099309256,6.798079319126662,0.2897711452910569,2.9402563012266785,1592.9494541240376,2.386525796927344,0.4410764635385257,50.03058725500967,3.0992064335368985,0.79078212649314,5.097684021455905,0.45,0.15,1.3349802569888933,1.7307897531146825,0.0,38.975691012816384,352,relaxed
8,global,27.18631713600614,0.02592070903403136,0.003585184240310919,314.48020935310853,333.20522861396313,7.093556171360349,0.29653456905180264,2.715645981352856,1448.1914866206764,2.3167534674937955,0.1924099090922305,40.607463464771165,2.677246053609461,0.788532556372267,2.2,0.55,0.0,1.0520292304585912,1.4881898028068994,0.0,38.975691012816384,352,relaxed
9,global,8.00642004893632,0.03896499594365813,0.003680997029706169,314.360228071874,333.59360526348837,6.947161266203008,0.31284822623891884,2.048732590099963,827.4664920668571,2.292416067187346,0.4958940594366056,42.211229079845374,2.912607945864587,0.7790057298418007,1.7618127565730766,0.15,0.15,2.2195558543336764,1.4635287619698218,0.0,38.975691012816384,352,relaxed
10,global,2.5750249840425745,0.06409330966002783,0.0037410807779660513,314.4309475049311,333.14506371470156,6.700032370357626,0.2947527668206925,0.4793890062964108,1398.1171571639572,0.5899912693419096,1.234179786288084,0.6299342758220307,1.7172610713479473,0.6165741534081615,2.2,0.55,0.0,0.6418833943628994,1.4327129694474858,0.0,38.975691012816384,352,relaxed
11,global,21.65664694458986,0.02239013641410366,0.003702695160700118,314.3158509361679,333.19092012408186,6.771391823731695,0.3087482611098266,2.3898608706670683,1331.8424810042436,2.3447883932174642,0.1398816006838429,42.87330080671111,2.73631530230805,0.6801568329986856,4.443354951905271,0.35,0.15,2.3735486377415533,1.4642975104964275,0.0,38.975691012816384,352,relaxed
12,global,19.32177496966843,0.09238350259887454,0.00356057009489341,314.469342816573,333.69841600015815,7.039867492288707,0.31516798107430044,0.30462380576899495,1323.613445289749,1.770064749829834,1.2383538028283438,38.598456174516,2.8789438685844244,0.693625462604954,2.4170160659682707,0.45,0.05,0.9847819923882817,1.8265951768882598,0.0,38.975691012816384,352,relaxed
13,global,12.665708159571613,0.036568058685372946,0.003946458737992231,314.30108423731383,333.2725194554732,6.99379245837361,0.31957804042679777,1.675807250592755,1716.6886377988528,2.510520238176371,0.25297419907314145,50.32679077335878,3.060983482203162,0.7583554576207053,4.134282797736825,0.4,0.25,2.1005782752484885,1.5341671626649473,0.0,38.975691012816384,352,relaxed
14,global,27.39703545361166,0.05035904025304813,0.0038545549580425416,314.37346770075084,333.6587812931676,6.677895329521879,0.2935011062258808,2.880056822280385,1463.1322370206615,2.4859813277530183,0.1983248031091415,51.98743743699549,2.9911709162227327,0.7287986041920029,2.2,0.55,0.0,1.4590173892361205,1.6381279348595144,0.0,38.975691012816384,352,relaxed
15,global,13.948028766430241,0.04807125706958901,0.0038827091989851984,314.2513005703566,333.39498864222685,7.247786520151995,0.316732819497653,1.9446098767708453,1967.693952038573,2.49550466766017,0.3225936282678972,49.19382025263772,3.0786548861907477,0.6998393063121594,4.680162739258222,0.5,0.25,2.969733784526339,1.5864950380403093,0.0,38.975691012816384,352,relaxed
16,global,11.660358499791442,0.05206683679573188,0.004065520285942001,314.4215112982108,333.2350059298254,6.727884620450845,0.2909509616964658,0.2227744648390002,1557.9674516366865,1.7697403568331975,0.7232277827135569,24.73146868969076,2.573235950571572,0.6972558989699988,2.733471058845563,0.45,0.15,1.6860412770663065,1.5808821335422678,0.0,38.975691012816384,352,relaxed
17,global,3.4360204914481614,0.04389720664795034,0.004041905020577186,314.3653391206379,333.4679666344999,7.200417754819858,0.28815340669305617,0.7952696672414092,1390.0392296493874,0.5233148007199382,0.9100550978661716,0.3187569785840363,0.9504487943300542,0.5247283691123561,2.2,0.55,0.0,0.5935663601679526,1.3304270282445434,0.0,38.975691012816384,352,relaxed
18,global,20.529653871310224,0.06722675135243053,0.0037310588510753645,314.33890526058576,333.17556347130085,6.9726640947574765,0.31866540896826245,2.4846809242661814,2091.730553270215,2.4529266210917036,0.41598215667608596,51.8228425346874,3.125719735187772,0.7206237110430215,3.304886113900197,0.65,0.15,1.6477111719593807,1.7038367504386378,0.0,38.975691012816384,352,relaxed
19,global,28.935669998337353,0.04040325553581048,0.003476310879883092,314.4881119533492,333.80905735052863,6.662378885016687,0.2843220893187072,0.7321146175750556,2206.3163785804477,2.4681458411396813,0.25319373241110055,45.26656375133428,2.8694352641214023,0.7455420948693593,2.8,0.7,0.15,1.376846015950465,1.5964002553361796,0.0,38.975691012816384,352,relaxed
20,global,10.102965813508298,0.02910070037603224,0.00396455938914275,314.3306948156387,333.31282508806277,7.2664486459129405,0.3105175892762468,1.8135996947856823,1462.1826217500231,2.5165948085783643,0.2458552051884136,50.363534786060164,3.0504985529165514,0.8151955326473956,2.619472307755367,0.3,0.25,0.6883614892461101,1.4515387699619255,0.0,38.975691012816384,352,relaxed
21,global,6.887768049733916,0.05641264392509783,0.003863705098186981,314.52385765639815,333.52143220360267,6.8232372860638115,0.2866239366582151,1.8383150987284975,1686.8492569316938,1.8431346340802826,0.5661728992389236,29.31995164799316,2.5915375317678646,0.7258385840818897,2.6843531857606853,0.45,0.2,0.9005037590738663,1.5602611843342729,0.0,38.975691012816384,352,relaxed
22,global,22.669482280272653,0.08365885171954839,0.0038220322521098395,314.3929841087492,333.37690737957473,6.845313375655459,0.28579707434809404,2.7317419316721283,1466.2386920475958,2.462970029396286,0.5203877155264858,52.80103696788643,3.1998075079863524,0.7547340017823223,2.2,0.55,0.0,1.63035025389665,1.7710285639374597,0.0,38.975691012816384,352,relaxed
23,global,9.244873322206784,0.07815991420481494,0.0035527761728942025,314.4053952175672,333.76801141157455,7.0631209213212385,0.2971319481491337,0.12927243456830628,275.380391394404,1.0880647007897384,1.1139576957380162,10.371110121089028,1.212777000182959,0.5531120112086623,0.9387520930954304,0.1,0.0,0.6932919320363817,1.7600856242239407,0.0,38.975691012816384,352,relaxed
24,global,16.892556756372358,0.045662106721391996,0.003994074269407808,314.49561912837277,333.82442217728266,7.0748204445969405,0.3032720290158028,0.6329909594741246,1958.3207169358257,2.412874288783103,0.3566933825503911,42.22012524818415,2.965943601681403,0.7712768784037701,4.245992832639984,0.55,0.2,2.563461371944191,1.5812089314762185,0.0,38.975691012816384,352,relaxed
25,global,26.113367043320398,0.07155504213434885,0.0039220754210525,314.4104719737572,333.61796814210203,6.926591696144758,0.3121213318627043,0.9462875354094302,1963.6591212537942,2.572443201079529,0.4541543423878894,50.07382593781814,3.1436567640808333,0.775821673174652,2.6,0.65,0.1,1.5339151590758262,1.7285297213807858,0.0,38.975691012816384,352,relaxed
26,global,15.228491066983006,0.07435296758070245,0.0034484214551758537,314.53595041265237,333.4433282924045,6.8668311127544825,0.28886063503150106,2.141531183174716,1574.3332434061135,2.157283738085503,0.7724847372276381,39.21859669477915,2.7771057438809708,0.7765024536885906,2.8792919953977645,0.55,0.05,1.1793286606762883,1.75247640763279,0.0,38.975691012816384,352,relaxed
27,global,24.253131988286405,0.0761512313950185,0.004057562798634132,314.51228687040935,333.67032559426565,7.211205525574969,0.3004246263919882,2.609361242861209,1721.7565945599763,2.6039921073008236,0.3277869932149395,57.74309634624876,3.211038661699381,0.7677196968695027,2.4,0.6,0.05,1.69824311818283,1.7459299406201072,0.0,38.975691012816384,352,relaxed
28,global,0.5617857623619358,0.06244314561985425,0.0036289427303209257,314.38761416543207,333.7132256227987,7.024857402785157,0.30984223301075114,1.5533017196960313,1403.7325125395528,0.4554658518906777,0.8575302209479287,0.9844279386281659,2.2463863081457127,0.7259851334450881,2.2,0.55,0.0,0.6590899411163205,1.0616728861440399,0.0,38.975691012816384,352,relaxed
29,global,20.911879948378733,0.03182628654004722,0.0035092197757883377,314.2605104639211,333.41084430280023,6.731996432670803,0.29280597198035957,2.241866818286476,2085.003610045678,2.428496237762375,0.2297108956738208,44.84771273979287,2.802366173392459,0.7884333027909503,4.890265045275169,0.55,0.25,1.977193721582949,1.4923858102379275,0.0,38.975691012816384,352,relaxed
30,global,10.815479862749886,0.08451998787773929,0.003761141901972236,314.44028506720554,333.4597025267525,6.633864980756095,0.2989888755304184,1.31792603799344,927.4599627633025,1.6895114452652074,0.6917447848263607,21.956310805304017,2.2941833012610013,0.7393303030229748,3.128530038239433,0.35,0.0,0.9564562182975169,1.8121998650363866,0.0,38.975691012816384,352,relaxed
31,global,14.49229878094903,0.061576087957449316,0.004003998929857991,314.5416075187918,333.3522193253825,7.160880462101829,0.30262825777918995,2.3468081739681717,1465.9919137900895,2.405301217896647,0.3712263686309242,48.37646894641078,3.0797287209119344,0.7916678225090383,4.704443907385323,0.4,0.15,2.0188770486294376,1.6786615127776798,0.0,38.975691012816384,352,relaxed
32,global,29.84075791726068,0.08845652698085718,0.0039407999089070885,314.2718737187245,333.5398005559182,6.903704280238393,0.3055379987961869,0.4032609899736601,1707.268786841777,2.460558512961039,0.725084101146156,45.07409051629229,3.0873568200143557,0.7808001803966097,2.4,0.6,0.05,1.0888799159166247,1.780196498706875,0.0,38.975691012816384,352,relaxed
33,global,6.142757558233038,0.039838618484274696,0.003910533306028656,314.2565214323753,333.3384172420717,6.975795696904478,0.28401185938184886,0.6388790373662625,778.9333532688554,0.9044843663733614,0.7276620337664085,10.468157217368603,1.3515578629217557,0.47647281033197525,1.3298276317296716,0.3,0.0,2.051292463295116,1.3903887233825294,0.0,38.975691012816384,352,relaxed
34,global,14.831550934335285,0.05215706013448172,0.0036064831771560105,314.41768282198274,333.4989336307508,6.864375263188892,0.2827728191011785,0.8204902358635426,1061.979964500622,2.0097336250429625,0.6807852928592399,27.140790246015467,2.63468784351885,0.7809131362919779,3.3136487393046665,0.35,0.05,1.4858582354594219,1.5998449964907109,0.0,38.975691012816384,352,relaxed
35,global,11.629972657466272,0.028432478205382746,0.0037018854092076363,314.4048218690252,333.3111065367945,7.20803832020673,0.3001035759255813,1.4598128492030662,1581.9934400672823,2.428849129114616,0.31016827662937974,44.96080438440057,2.9745202698303865,0.7672542974196837,3.32148865361305,0.35,0.25,0.2647068716484324,1.4560817693469363,0.0,38.975691012816384,352,relaxed
36,global,21.091556584961424,0.08766748904836678,0.003849882575167293,314.3077963873291,333.63600504920083,6.942435171563688,0.30443867726489804,0.8210148774288601,1581.0005290529275,2.212872642524386,0.7337741722833958,42.50417540005509,3.09182405029914,0.7738425463585156,2.8792919953977645,0.55,0.05,1.411299130138282,1.8090546415295115,0.0,38.975691012816384,352,relaxed
37,global,7.55125239833464,0.05663642697043072,0.003756999076476232,314.35756972317483,333.4269973130031,6.755568615942515,0.30105222463496795,1.128754944845187,659.740916404044,1.4080506825827048,0.5866880166520133,14.556302314624878,1.5630354816925336,0.7075436372608497,1.8995609564595846,0.25,0.0,0.45384297454171,1.5533075691700293,0.0,38.975691012816384,352,relaxed
38,global,11.896264568463605,0.022750133915336423,0.0035842323016827605,314.3118608814643,333.77819987893014,6.858305256598123,0.2841808366269878,1.372267457616518,1581.8726347661927,2.4245712951937977,0.21823338569181744,46.143838757425925,2.9264066917862035,0.8180040699495571,2.857955204499936,0.35,0.25,0.37444719372235796,1.4145306549483396,0.0,38.975691012816384,352,relaxed
39,global,13.085225125285975,0.027832930889326094,0.003959977916985448,314.2968809167823,333.6583787106897,6.948665890626691,0.2892863053505808,0.39840055252352413,1578.1317465668328,2.3873423031581584,0.264700475088977,41.83117302142814,2.871617861831872,0.8023497968398935,3.3466148142262666,0.35,0.25,0.5165468962345232,1.4589572445101557,0.0,38.975691012816384,352,relaxed
40,global,27.10723071142646,0.0689383802160355,0.0036949730971548547,314.3865636202045,333.20522861396313,7.108338632703509,0.3103273424221279,1.4977024016738492,1962.668309801565,2.554365981537035,0.42966133986341903,49.65125043137898,3.1016006448726916,0.7689683937848834,2.6,0.65,0.1,1.3916010126700638,1.7076168635329307,0.0,38.975691012816384,352,relaxed
41,global,11.530919716422758,0.07416649149695602,0.003852606238817714,314.292810942803,333.59360526348837,6.9238020541413325,0.2840094163146962,2.1898319634340586,1329.2677132061117,2.164134698350638,0.46968704440141906,41.62830775626502,2.882303569860328,0.7144214564401247,3.0911533850832047,0.45,0.05,2.2642087212281474,1.7514969964791547,0.0,38.975691012816384,352,relaxed
42,global,12.21167855336196,0.04764676813684663,0.0035985128536545753,314.4309475049311,333.35232857363474,6.700032370357626,0.3025630231349636,0.4737060587185309,672.9411607099648,1.7342100969170033,0.8152527051880044,19.479180462036723,2.2900797144216334,0.7077887270126448,2.0523316235465896,0.2,0.05,1.1001586564180479,1.5318023644366092,0.0,38.975691012816384,352,relaxed
43,global,14.054896249125246,0.02239013641410366,0.0036897566244843724,314.3158509361679,333.19092012408186,7.217978731165106,0.3087482611098266,0.9693464048445128,1585.2545608465755,2.4574830000021475,0.1308063982239323,47.936534882795826,2.916314094781007,0.8114136328196997,3.581354281573057,0.35,0.25,0.6231993989404236,1.4503375389235682,0.0,38.975691012816384,352,relaxed
44,global,1.0588059806793595,0.035360692834443805,0.00356057009489341,314.469342816573,333.69841600015815,7.039867492288707,0.31066093255651983,0.2581963067976665,1407.7094684080998,0.462847519979523,0.8098701850617804,0.8998012041449824,2.6526706191044824,0.7684504114597376,2.2,0.55,0.0,0.6628164785656516,0.8013861347192626,0.0,38.975691012816384,352,relaxed
45,global,7.612249214947776,0.08926174606801893,0.0037551094530320827,314.503933018181,333.2725194554732,7.09236397589224,0.31957804042679777,1.675807250592755,2186.9476367151374,1.7862196059687576,0.6923012795066965,28.290346337796752,2.603755417350424,0.7062600618500827,3.1059377054569364,0.65,0.2,1.0530521569477012,1.8165270621169056,0.0,38.975691012816384,352,relaxed
46,global,7.364657280644138,0.05734417261568572,0.0038545549580425416,314.37346770075084,333.6587812931676,6.956962266159588,0.30072463802185745,2.880056822280385,1600.7347087134256,2.5128187059385274,0.2211021896820148,64.66915117425273,3.001847489313416,0.7378735477925418,2.3178247152970144,0.55,0.05,1.031516886048316,1.6368442527457554,0.0,38.975691012816384,352,relaxed
47,global,7.991453257293314,0.049155907663706276,0.004078078151639044,314.34850563763,333.2219219296042,7.129308596837628,0.31940145891853977,2.6770921991471894,976.6965198504428,2.666404712588258,0.24997981075193892,65.82270831802548,3.05029936879193,0.8043356216232395,2.2041226673892877,0.25,0.1,0.5578328194127492,1.633383790515282,0.0,38.975691012816384,352,relaxed
48,global,11.660358499791442,0.023943928064765474,0.0036568189848735907,314.4482556333248,333.2350059298254,6.727884620450845,0.29683636037008554,0.2227744648390002,1443.191703977787,2.200372546202307,0.49124338719830496,33.314541014208615,2.6740280792153164,0.783497441963834,2.2507876213147697,0.3,0.25,3.2601525725415157,1.3821509358911528,0.0,38.975691012816384,352,relaxed
49,global,3.4360204914481614,0.02396386458773593,0.004064233127777464,314.3653391206379,333.2602023615192,6.931324468397863,0.28815340669305617,0.7808168886103686,780.4947449511901,1.0678526446867287,0.5639042202675401,10.49052598874889,1.3577723863324267,0.720516774981015,2.8388630699049764,0.3,0.0,0.4908559105768579,1.1342842368285404,0.0,38.975691012816384,352,relaxed
50,global,2.2909820717535627,0.056452643216948345,0.0038407281194115005,314.33890526058576,333.2892241431165,6.9726640947574765,0.31866540896826245,1.1304561625596112,1391.5913126988905,0.49020589199323306,0.7126324274492524,0.551671030596934,1.0790669676606721,0.6346003277513577,2.2,0.55,0.0,0.638038924562575,1.359460120244832,0.0,38.975691012816384,352,relaxed
51,global,21.812043183130505,0.04803216824438732,0.0034424938928129395,314.3489579131843,333.80905735052863,7.1738398404969645,0.2843220893187072,1.1821529174569134,2580.6825405824147,2.4093636112474455,0.4287291244242718,42.024029572585576,2.9469249294956255,0.7554533010997094,3.748476473922902,0.75,0.25,1.3005097467308115,1.6222208309550343,0.0,38.975691012816384,352,relaxed
52,global,10.102965813508298,0.04755149073356917,0.0036016840489695315,314.3306948156387,333.3519424391723,7.2664486459129405,0.3028926265701544,0.4649142952529104,534.7370715550813,1.3734608973113756,0.9147783564080211,14.661873947651827,1.565223435072139,0.6373586519042522,1.4220953122992541,0.2,0.0,1.2558136080403077,1.5199616753496392,0.0,38.975691012816384,352,relaxed
53,global,12.898937468113846,0.09126153005728226,0.004061351427941887,314.53074471017374,333.52143220360267,7.130126221875611,0.30951215046256925,1.8241736740580587,1703.8482298903082,2.1732380525962705,0.6021473842418194,40.65856817470151,2.938006487687936,0.8054889911990726,3.5217219349794364,0.55,0.1,1.370446722626569,1.8809401669084758,0.0,38.975691012816384,352,relaxed
54,global,22.669482280272653,0.08365885171954839,0.0038220322521098395,314.3929841087492,333.36855853575486,6.845313375655459,0.3144581293328818,2.7317419316721283,2601.827385676759,2.559264624430731,0.2802475737402163,59.62311914622146,3.2211076772963927,0.7501156025160606,3.903125,0.75,0.25,1.7925756092401612,1.7700684132350155,0.0,38.975691012816384,352,relaxed
55,global,9.58113505590886,0.07859667847882346,0.0035527761728942025,314.4053952175672,333.56959780365594,7.259959486480726,0.2971319481491337,0.5002058027757097,902.9775322962174,0.9537613084263967,1.0704249063639446,10.881477557281816,1.2348232835383954,0.6531938445982038,2.014567385198446,0.35,0.0,0.4155609261250393,1.769410054543938,0.0,38.975691012816384,352,relaxed
56,global,8.141290920988347,0.045662106721391996,0.003681171327640623,314.49561912837277,333.51094249935977,7.035681996020159,0.30856009788982913,1.4873891881139012,1186.656639098694,2.0444500293075345,0.6063929280235562,29.269540893098753,2.6380764187961985,0.7915317928494563,2.3840722401374514,0.25,0.2,0.8640050384713384,1.4973511934531651,0.0,38.975691012816384,352,relaxed
57,global,17.62600601924987,0.047964730209812644,0.003739864541526923,314.42202805897176,333.20124435764797,6.926591696144758,0.3017928309739228,0.9462875354094302,2079.1983602642713,2.359810468614812,0.42929773366813706,39.472789463487935,2.9374359579596367,0.8140215927411216,4.155279163610028,0.6,0.2,1.6485188915473306,1.5910511458705134,0.0,38.975691012816384,352,relaxed
58,global,5.478049835087839,0.07435296758070245,0.0034484214551758537,314.3721481871296,333.4428108346482,6.977125294917879,0.3109627612235243,0.9777508188994363,1390.7230898430055,0.7254668845987203,1.0587158298553625,3.170339979416207,0.7396676436816374,0.5450638373806708,2.2,0.55,0.0,0.4895155119746146,1.6816629807357173,0.0,38.975691012816384,352,relaxed
59,global,11.526435570297615,0.0761512313950185,0.003658371786828184,314.51228687040935,333.67032559426565,6.7365883702922345,0.2973249178089455,0.22094776691536322,661.9079747279796,1.281758877470497,1.0589407819174446,15.827364326572138,1.73069006079451,0.5803768937216663,1.38562230618824,0.25,0.0,0.6752243021995248,1.7566611787728186,0.0,38.975691012816384,352,relaxed
60,global,4.288341447076913,0.03982909242989359,0.0037050129508386727,314.38761416543207,333.7132256227987,6.881674832421518,0.3115297971353033,2.2850794620283734,1082.954885754885,2.002389685372199,0.6539840618138502,42.40109643314891,2.9007948763222138,0.5606416063316007,2.4605891149054164,0.3,0.1,6.273970938319816,1.4494927515791711,0.0,38.975691012816384,352,relaxed
61,global,6.475930758671982,0.03182628654004722,0.0037848436515022623,314.2605104639211,333.41084430280023,6.923117676138848,0.2816600702284501,2.9775521845934465,966.2878153390388,2.279486128157961,0.3734401712221781,52.170840835711125,2.9122050313341927,0.3522117861712522,0.8424764828101239,0.2,0.15,7.980668675364866,1.4394370222775328,0.0,38.975691012816384,352,relaxed
62,global,10.815479862749886,0.08451998787773929,0.003923799547600055,314.38529315401183,333.2458038070537,7.085126201529996,0.31501281741999454,2.573055723587302,1480.5698713648596,2.5739361782108405,0.2872274439232279,68.3357681215343,3.0753898029036977,0.7663333079522715,2.2,0.55,0.0,1.6805729722939098,1.844127449289422,0.0,38.975691012816384,352,relaxed
63,global,4.708625708874347,0.061576087957449316,0.00363514718993455,314.5416075187918,333.6324054152372,7.001163565790165,0.2958997790981138,2.733849918984733,1226.7788760008764,2.320219480587978,0.8399899177006027,63.40539914104163,2.9544361556296415,0.6385704846091939,2.1618265595463138,0.45,0.0,4.093994512847716,1.5794841654111793,0.0,38.975691012816384,352,relaxed
64,global,0.1025984221391738,0.08845652698085718,0.0039407999089070885,314.33398582942516,333.30099546876426,6.903704280238393,0.2836428662968695,1.4612916183783344,1399.1128476242893,0.40615732105947844,0.9778355591682073,0.7075876968370515,1.8120100301428255,0.6979486183061478,2.2,0.55,0.0,0.6513504872030196,1.2807494483778656,0.0,38.975691012816384,352,relaxed
65,global,4.119165320865484,0.05680720997325309,0.0036763423230703938,314.3994612388735,333.3384172420717,7.041456087548133,0.30441936594359775,0.15696370990041864,1008.5068963200717,0.6012151875425571,1.3128711575404548,0.14936357048436927,0.36371632969483947,0.557302790247122,1.9762544859541613,0.4,0.0,0.49118562815479405,1.476796952142854,0.0,38.975691012816384,352,relaxed
66,global,9.981127761467313,0.059656605532128815,0.0036064831771560105,314.4855002417824,333.53096724735576,7.0264366809206305,0.2827728191011785,0.8204902358635426,1033.5008153931526,1.2543506928663386,0.7559611899279934,13.441294714447503,1.481129610465424,0.6845179103519342,2.294442796033745,0.4,0.0,0.35779580975798736,1.6030096455375706,0.0,38.975691012816384,352,relaxed
67,global,6.208176422358715,0.054346441143034364,0.0037315176602160907,314.5043120375594,333.2997548587624,6.761507553550859,0.3007251093715568,1.4702554556820358,922.8594298795566,1.7070479228826514,0.6659703000649988,19.411316706814336,2.268657073416171,0.774617337678636,1.6910360425660513,0.2,0.15,2.0343195213367,1.5193638024582463,0.0,38.975691012816384,352,relaxed
68,global,15.377171367313258,0.08494759411308958,0.0038071265333823132,314.3077963873291,333.63053583004694,7.0224658809506355,0.2911894935675678,2.4405988255336535,1460.8306632230424,2.3100801035151277,0.5282127004275763,49.38298605426719,3.03594442063693,0.774632252842555,2.2,0.55,0.0,1.290226713096446,1.835687181547567,0.0,38.975691012816384,352,relaxed
69,global,13.796625298943866,0.03472141661116407,0.003914520364835978,314.29127096938026,333.29501590310036,7.094467305744633,0.29683603037377865,0.7701649702661028,1581.4471434836562,2.3712272273196886,0.3363636945716125,41.693233320817754,2.9544745716200884,0.7332387989091378,3.900964674444071,0.4,0.2,2.033037054902394,1.5057535383526397,0.0,38.975691012816384,352,relaxed
70,global,9.560701862294342,0.03463623279506524,0.0035842323016827605,314.3118608814643,333.52917291937143,6.858305256598123,0.2903174640019903,0.33556800933300224,675.9506498881026,1.7244213934817452,0.8459118645053467,19.04033217217668,2.3312558868420807,0.6293255465037605,2.138933550634194,0.15,0.1,3.9717614612116963,1.4082202287991863,0.0,38.975691012816384,352,relaxed
71,global,13.085225125285975,0.0921333325422222,0.003959977916985448,314.4223758691027,333.49628527808676,6.948665890626691,0.2892863053505808,0.5819877515580246,1051.500652118065,1.2018454324219823,0.8660113619428682,24.065746408011606,2.1679557888653944,0.7052825851452316,2.4852946154456492,0.4,0.0,0.469804676672012,1.8819987942577494,0.0,38.975691012816384,352,relaxed
72,global,12.102558759993707,0.08838194846857911,0.003585184240310919,314.4962158182635,333.6754367677267,7.077916082982206,0.29653456905180264,2.59565681688436,1965.3830320408913,2.1943421340496965,0.47755139619384374,52.76260623441236,3.040690263547776,0.7175967827994514,2.6,0.65,0.1,1.6377664150937847,1.840386230151805,0.0,38.975691012816384,352,relaxed
73,global,7.302402474255901,0.03896499594365813,0.003652758194457398,314.360228071874,333.4048445640118,6.947161266203008,0.29526469460421884,2.048732590099963,948.8798455147025,2.200203754597093,0.5828814502293447,37.57971944155884,2.7944391594693982,0.7825056307519388,1.5138237183973,0.2,0.15,4.942612135374026,1.4457911361611742,0.0,38.975691012816384,352,relaxed
74,global,3.2612425610262257,0.04764676813684663,0.003900184096000684,314.29404691569096,333.35232857363474,6.700032370357626,0.3059409309108301,0.1697007222318503,1012.1236452141064,0.5694641554777844,1.2674922442386294,0.17884615580778557,0.6114779724990818,0.6509282119768179,2.5000545810610744,0.4,0.0,0.5541321992003176,1.3494755408030563,0.0,38.975691012816384,352,relaxed
75,global,14.291092366243978,0.02239013641410366,0.003702695160700118,314.4679104594313,333.1975912768517,6.647844062924471,0.3087482611098266,0.3899768228532934,1577.0233795985437,2.3474820332107114,0.22406666824261837,41.51290335744006,2.8085753655334473,0.7922963015408678,3.343625271209698,0.35,0.25,0.37252262532551833,1.4282458862375786,0.0,38.975691012816384,352,relaxed
76,global,10.187452961108615,0.05395159270832761,0.003936252449542325,314.5498813778726,333.78206143375564,7.173697885238954,0.3036108506338133,1.1384699035660313,937.7860966795492,2.0341943047936644,0.5220693973274674,28.37455599929827,2.692082739309392,0.7993704397860065,3.028151695659253,0.25,0.1,1.067310918149725,1.576778174903551,0.0,38.975691012816384,352,relaxed
77,global,21.199623858131922,0.02221486602650226,0.003951564974074763,314.33780499294915,333.2725194554732,6.736620211703216,0.3115645519027196,2.333708417260043,1836.0543313371643,2.3994206245098963,0.06926564179266788,45.575332798424384,2.802369241801512,0.6833743106307469,4.776904227921617,0.45,0.25,2.556784802849251,1.4753402169434477,0.0,38.975691012816384,352,relaxed
78,global,27.39703545361166,0.03452968927974681,0.0036115002070344795,314.3821916413872,333.37734461793866,6.677895329521879,0.3110922418145748,0.4921040377745798,2582.782080276436,2.459783790430031,0.17850635861571854,45.40605169840865,2.842413558359528,0.7589538981125405,3.770053069226609,0.75,0.25,1.040778199783413,1.564212573965227,0.0,38.975691012816384,352,relaxed
79,global,7.991453257293314,0.049155907663706276,0.0037661921890802313,314.3923519466601,333.3061210683078,7.2382539544417215,0.29489973869915154,0.47858380119573996,526.2681664995755,0.8961169437249206,0.9176229669753102,10.29805871487915,1.2397862673081872,0.45282978252509415,1.0518876815215155,0.2,0.0,1.2117412479818497,1.5035765633518285,0.0,38.975691012816384,352,relaxed
80,global,11.660358499791442,0.07786631359001842,0.0036568189848735907,314.4514107258379,333.2350059298254,7.084193278750577,0.3031986430689935,1.441831450711944,1560.4863708965102,1.9200954730893538,0.7230614859545457,26.11965434022893,2.451853367831648,0.7311331258587676,4.0991027557342825,0.45,0.15,1.276976022610322,1.778616769784329,0.0,38.975691012816384,352,relaxed
81,global,14.685918397592403,0.03724594714100174,0.004064233127777464,314.3653391206379,333.3883529025165,6.825717745496798,0.3016955969529733,0.7808168886103686,1713.507052883108,2.483416407071733,0.28132701072427374,46.248355072230545,3.0116051505004755,0.7415575940486508,4.6012619236589405,0.4,0.25,2.5586815334391297,1.5405411965539695,0.0,38.975691012816384,352,relaxed
82,global,1.1477723538139788,0.056452643216948345,0.004069889676283696,314.33890526058576,333.47317184515293,6.9726640947574765,0.3076202778560448,0.3322030846083064,1407.4755374229399,0.39979958791864556,1.129718354320055,0.8891778639175406,2.627668779647267,0.7257025219573613,2.2,0.55,0.0,0.6619734046347178,1.108815574763113,0.0,38.975691012816384,352,relaxed
83,global,2.5812242078264074,0.041497935158961004,0.003476310879883092,314.30935697316403,333.80905735052863,6.662378885016687,0.30288788862704735,1.2441542749557972,1383.1292678453833,0.5301946225410852,0.6047848032565223,0.2354568570099806,0.27051331480099605,0.7426847863414645,2.2,0.55,0.0,0.5764631453480618,1.2224136900740947,0.0,38.975691012816384,352,relaxed
84,global,4.148502351996594,0.04755149073356917,0.0036011583585692695,314.33714937026167,333.3519424391723,7.1220501383561325,0.3028926265701544,1.5319235117552108,920.8821298893653,1.5326423781933152,0.8593272832927378,15.954225234132716,2.108608906444049,0.5113151571613465,1.229011687026133,0.2,0.15,6.0649074160144405,1.4278159430284185,0.0,38.975691012816384,352,relaxed
85,global,6.887768049733916,0.061391543395306634,0.0034849005365947374,314.4156844938501,333.52143220360267,7.1130361864271245,0.2973978905302205,2.9401557669362584,1239.9449093244907,2.629313899334822,0.32226703320463035,74.05935846127561,3.2183970335200285,0.5653893254643467,1.9120024456063416,0.45,0.0,4.49356228016114,1.6158165420322121,0.0,38.975691012816384,352,relaxed
86,global,22.669482280272653,0.04220703303658844,0.003653651650433564,314.31871137433745,333.2871802607218,6.845313375655459,0.28579707434809404,2.015283324782451,2462.4479019750934,2.4709706001943026,0.21980474445318365,48.067304298719655,2.9305424041487496,0.7851485146913001,4.2746532288306955,0.7,0.25,1.1466162732382341,1.5829259026447027,0.0,38.975691012816384,352,relaxed
87,global,9.244873322206784,0.07815991420481494,0.0038594065582765835,314.2529177086092,333.19029594200373,6.632730138058201,0.2971319481491337,0.4401614911837921,1030.3211618306696,0.9327508272242404,0.9284971679564468,12.123510689548997,1.3548571598017254,0.6215817916332785,1.9749013399898985,0.4,0.0,0.4160082901834069,1.7492797129372277,0.0,38.975691012816384,352,relaxed
88,global,19.504810288665126,0.06320863100775287,0.003966293445808574,314.42619889289927,333.51094249935977,6.772521226651028,0.3147655941199935,0.5378829333248221,1954.0360629321292,2.3064026335687555,0.5251501969490037,40.02531566942802,2.968067997589253,0.7685833516581794,3.6698897472977565,0.6,0.15,1.595988345944787,1.7142914025386482,0.0,38.975691012816384,352,relaxed
89,global,5.039404601208382,0.038189617710806964,0.0039220754210525,314.3772416735982,333.61796814210203,6.792348517542346,0.3121213318627043,0.739324791015176,901.0444886851257,0.8815718169959735,0.7379418948312034,8.765585065548542,1.1757908705720286,0.4344397316528557,1.4549828726593077,0.35,0.0,2.378273947100604,1.3679938544784114,0.0,38.975691012816384,352,relaxed
90,global,7.775179124927149,0.055759686921692427,0.0035571037044654125,314.3721481871296,333.4428108346482,6.670407623508377,0.3109627612235243,0.3315999120848203,649.9778344009954,0.901110153274016,1.0816913336642475,8.799957855568334,1.2798556409466275,0.4439843843197172,1.1948231525935433,0.25,0.0,0.715893250865928,1.5550996391040095,0.0,38.975691012816384,352,relaxed
91,global,12.358479524606256,0.038784405658179144,0.0037981621877506474,314.3650511932418,333.69528206574614,7.1964961169583574,0.30449050079966644,2.3416722220153026,1586.3600135594686,2.4046214298989668,0.3367424034529325,47.789133292063056,3.007447110818397,0.7846211459306212,3.4336363746708187,0.4,0.2,1.245839167295084,1.5349372328305053,0.0,38.975691012816384,352,relaxed
92,global,10.41574646621127,0.03701791074549239,0.003922688698890168,314.4586959087838,333.14974883853887,6.881674832421518,0.3109433493788061,0.30606228051319073,560.145363909174,1.9719273594935387,0.6817784044911683,26.90621385648088,2.6208491317508544,0.7336870201432172,1.4076013340458158,0.15,0.05,3.8476045268002523,1.4556130939957148,0.0,38.975691012816384,352,relaxed
93,global,3.689861191096515,0.028771780508303035,0.003790807575349576,314.42989967677954,333.1458672367877,7.056475494175636,0.2816600702284501,0.875327707707379,1267.0216240129052,0.5786251272133184,0.6385900840442876,3.750798063918547,0.8240727182431616,0.4940983575110627,2.051015202530354,0.5,0.0,0.7332522898806023,1.184235736850124,0.0,38.975691012816384,352,relaxed
94,global,10.815479862749886,0.04549736157462979,0.003693467090200992,314.44028506720554,333.6117769439963,6.882049907262652,0.3085370754495613,1.5764608231157178,1325.5836673145363,2.262312550146488,0.5336975120582481,37.78998731912579,2.9010213114433587,0.7681123394133259,3.6415412444813207,0.3,0.2,1.1134025326462715,1.5284809603077205,0.0,38.975691012816384,352,relaxed
95,global,9.984366915553153,0.061576087957449316,0.0038747723307725767,314.5416075187918,333.6324054152372,6.794860499574912,0.3167212403085762,0.4173831310636884,537.5492117358397,1.1163112044118493,0.8559320913792388,16.168349947157147,1.7364604649169049,0.5328982083176649,1.3211456736939706,0.2,0.0,1.0907202320255063,1.636570484457597,0.0,38.975691012816384,352,relaxed
96,global,2.8047020217077083,0.08711948073917929,0.003559415943506147,314.3393113411008,333.1879369139825,6.903704280238393,0.31887971166631485,1.4612916183783344,1387.4254783106835,0.6395551151532258,0.5739803255239384,1.654520533390874,0.5629686911447838,0.7638489632418201,2.2,0.55,0.0,0.5097697607787113,1.688133233706359,0.0,38.975691012816384,352,relaxed
97,global,2.3016083210631653,0.036313814285587664,0.004068089768765504,314.40265786510105,333.3384172420717,7.095509641259465,0.3128357263261291,0.48656579156812363,1401.3202817695765,0.5497731689569495,1.1491141764776893,0.6885182318691859,2.0317535867436627,0.6812025595708971,2.2,0.55,0.0,0.6536924429054831,1.1263118432259744,0.0,38.975691012816384,352,relaxed
98,global,18.427953891574216,0.07191721278689495,0.0036585838774464787,314.4855002417824,333.3815256392693,6.753223909630182,0.3138526344405526,2.0037010356536444,2085.0704126206324,2.3711352443598686,0.5467499336322585,46.02556010121887,3.0568158884170638,0.74108027137003,3.348476473922902,0.65,0.15,1.378944818975929,1.7449661742419778,0.0,38.975691012816384,352,relaxed
99,global,2.7388891492661305,0.054346441143034364,0.003562503948505338,314.31509609600346,333.28712579904067,6.898512968177322,0.31914713643772563,1.4702554556820358,1389.8087352775856,0.7497378814737863,0.9469485514105014,2.954103539370104,0.6753689561749547,0.6897428829769701,2.2,0.55,0.0,0.4345752549004843,1.3861994989668949,0.0,38.975691012816384,352,relaxed
100,global,1.3937308595589162,0.03489585125659126,0.003846207027888257,314.3077963873291,333.6376663757983,6.860489842057694,0.31528702697905725,1.0432261116903783,1411.436657800783,0.4532885050989407,0.6998286970915644,0.9167052931768194,3.0252190613706356,0.713219480764822,2.2,0.55,0.0,0.6624408112285485,0.934370718786681,0.0,38.975691012816384,352,relaxed
101,global,4.537640398638029,0.05663642697043072,0.003756999076476232,314.40979855838884,333.36409108382503,7.099027067660263,0.30105222463496795,0.33351870861844435,1384.6548402511835,0.5939749926684227,1.06065773796841,0.43759758283104916,0.4039261702540634,0.5197596952830932,2.2,0.55,0.0,0.5305295296374745,1.500609679119591,0.0,38.975691012816384,352,relaxed
102,global,10.285444007089655,0.03463623279506524,0.0035954402681485573,314.4173887964178,333.28314260113103,7.0003445586825315,0.31555609280165564,2.7655890834496826,1458.5706377071467,2.414340564498235,0.2932641062743358,48.12325392098093,2.9206151943628753,0.7980669113996652,2.693896371087205,0.3,0.25,0.4737435279601005,1.456420709261295,0.0,38.975691012816384,352,relaxed
103,global,20.790926099493507,0.058677111141034244,0.0038188266074155944,314.345702893537,333.3406256075602,6.943509830690722,0.2892863053505808,0.8443508607085695,1956.4279948357148,2.340690364428048,0.44450355073748565,41.81921569645654,3.0154264188877953,0.7633465792960619,3.873178069226609,0.6,0.15,1.3196068059083956,1.684897828621488,0.0,38.975691012816384,352,relaxed
104,global,0.3883542269593878,0.06909252683738355,0.0037655685156304107,314.34611890506113,333.20522861396313,6.941394236422243,0.29653456905180264,0.5704383556002612,1403.5559317735285,0.43711194122563296,0.8625374864900917,0.831859124553931,2.243908254769658,0.736712160039737,2.2,0.55,0.0,0.6593379553339294,1.1007993584276254,0.0,38.975691012816384,352,relaxed
105,global,9.11904200339188,0.046294297380122376,0.003564256518575643,314.40108271360396,333.42601175417025,6.947161266203008,0.3157207825135385,0.5496716544000395,408.6078350112268,1.314591909065379,0.8781341505125659,13.838318768918066,1.568196806618563,0.5764951348084543,1.3677022056529884,0.15,0.0,1.0454268342858768,1.4897405546319527,0.0,38.975691012816384,352,relaxed
106,global,4.45539668101441,0.05445949711868538,0.0036263113176092094,314.4259846748621,333.46388455210354,6.927890240774181,0.31037014203339464,1.9892978934724732,1561.6477353514886,1.7811025542551424,0.7550861829268481,28.50962032648173,2.5326798606851026,0.5625005999787385,1.9818754760547654,0.4,0.2,3.507429507947086,1.5133512191506315,0.0,38.975691012816384,352,relaxed
107,global,10.772414629464395,0.060355512160751246,0.0036586147265980995,314.3689732941897,333.61273772104795,7.023009292827769,0.3087482611098266,0.13622411970957837,792.4249109987929,1.4825169148855015,1.0461263546820003,16.745145469299267,1.991393046480745,0.6416618473701128,1.5745671417933202,0.2,0.1,2.266938444533666,1.636591243609394,0.0,38.975691012816384,352,relaxed
108,global,23.386062064616386,0.053222788413261043,0.003662779020001412,314.3602760666498,333.78206143375564,6.956730418869805,0.3006538038338153,1.1384699035660313,2462.0240757583983,2.519756712857737,0.3348928916882151,48.63937819509276,3.0665567094764197,0.7471941506786892,3.0,0.75,0.2,1.3258743158490414,1.6535888584935372,0.0,38.975691012816384,352,relaxed
109,global,22.980923959326656,0.033501467598059456,0.0035904604738229225,314.40398537119717,333.2333725908534,6.9545277111625365,0.2979679951634318,0.8983210967207288,2459.939571391238,2.472076938294305,0.16119934389244092,46.247374782659776,2.8713414128576513,0.8177482108409044,4.182416995397764,0.7,0.25,1.2385176687350241,1.5164185584209413,0.0,38.975691012816384,352,relaxed
110,global,7.923457387327335,0.060796293247688,0.0038545549580425416,314.3876814129989,333.5791517887559,7.181200310070136,0.3041992374643398,2.1628645707041114,1453.6908169997196,2.170521024298398,0.5232451262554769,43.22405649299502,2.8932735261373295,0.7520118257092232,2.64790270922573,0.45,0.1,0.8611079744527682,1.6267027410327692,0.0,38.975691012816384,352,relaxed
111,global,7.991453257293314,0.049155907663706276,0.003730812155163282,314.3923519466601,333.32555032612805,7.190577950235562,0.3199576408475852,0.8502087296813211,785.6013076589255,1.389351771497463,0.7127721727975712,14.834770191460006,1.5521571470270796,0.6499743744119948,1.780673935778418,0.3,0.0,1.3783263188160473,1.5040987475588277,0.0,38.975691012816384,352,relaxed
112,global,8.48429492590004,0.03390280758441826,0.0036568189848735907,314.28115209069193,333.4928838096952,6.971258159500793,0.3039568717276191,0.2227744648390002,1053.142660794066,1.699887587409982,0.9175123990598102,20.968179744795563,2.4349971621449957,0.6843835486392151,1.4144988729546708,0.3,0.1,4.637424304437744,1.3954511981264524,0.0,38.975691012816384,352,relaxed
113,global,3.4360204914481614,0.05930933602818063,0.003787727242233453,314.46680954319623,333.2602023615192,6.931324468397863,0.30434208611491004,0.7808168886103686,1386.5179566994188,0.5821928599860761,1.0063402678046083,0.18797413258773316,0.6090127243779779,0.5309436086197967,2.2,0.55,0.0,0.5982584789103911,1.4824585249986284,0.0,38.975691012816384,352,relaxed
114,global,2.2909820717535627,0.02661189296696342,0.0038407281194115005,314.33890526058576,333.70078921183335,6.819727913620494,0.3194301306167054,1.6889471037700288,1057.4935904299712,1.7232483848570257,0.6985455456640142,25.68208060631273,2.417799837579946,0.8790748175897743,3.422392424648757,0.3,0.1,0.43538344867158135,1.162813753941569,0.0,38.975691012816384,352,relaxed
115,global,2.5812242078264074,0.06531504439565847,0.003476310879883092,314.4232824767621,333.80905735052863,7.068517208275594,0.31056011672275,1.2441542749557972,1381.893458007131,0.5118797180096001,0.6539931513635645,0.16958465266648842,0.15122284552356868,0.6760843105916629,2.2,0.55,0.0,0.5976878315708689,1.4880674830690983,0.0,38.975691012816384,352,relaxed
116,global,8.19746096463109,0.05457382816944146,0.0036016840489695315,314.3555791502171,333.35324085855126,7.2664486459129405,0.3028926265701544,1.3727941656062088,549.5884103983566,1.83126909890935,0.6995298186262741,21.048461047225707,2.330376283376208,0.789642335602486,2.2701414742587027,0.15,0.05,0.3329178411160202,1.5470801210753709,0.0,38.975691012816384,352,relaxed
117,global,6.887768049733916,0.061391543395306634,0.0037643668712456684,314.45720998576576,333.4630093529408,7.232505582212995,0.31911888109881026,0.40167168957933685,1021.5596845796083,0.7305861593653873,0.9863984971148778,6.7255592310855805,1.0754385958313197,0.47491668019951616,1.655682625209765,0.4,0.0,0.5171977533960714,1.5993126362994083,0.0,38.975691012816384,352,relaxed
118,global,3.2715297962357788,0.06406246409264751,0.0036694572607143855,314.3735615555505,333.58856125055365,6.849820206550213,0.3171867254910831,2.4056567117041876,1200.2226550109008,2.035830456993951,0.934547626835753,38.23208196753522,2.8743619159312717,0.6463935694248667,2.1134680025184993,0.3,0.15,3.627088890302178,1.5625911694131192,0.0,38.975691012816384,352,relaxed
119,global,12.300685274763145,0.07815991420481494,0.0035527761728942025,314.5189473964422,333.77822672301835,7.241322855072812,0.30313470115085006,1.1713990935839071,1048.4078300694823,1.6507972824281556,0.7459211206586864,20.0026699225218,2.1152420462511166,0.7699453623383874,2.929857566792908,0.4,0.0,1.0406151118186941,1.7871531251176216,0.0,38.975691012816384,352,relaxed
120,global,8.017347157588691,0.045662106721391996,0.0036331481266337266,314.4920695389996,333.3605322514366,7.035681996020159,0.30856009788982913,1.5108321984016089,1434.7293750267108,2.013052769254759,0.6321565108191244,27.735138029943123,2.564866694335896,0.7983367195782035,2.5472169943156153,0.3,0.25,0.8769991280532874,1.48911683794927,0.0,38.975691012816384,352,relaxed
121,global,5.039404601208382,0.06575788487432152,0.003768400054024321,314.3577297987497,333.70526331906945,6.951390788946157,0.3132756501584564,0.9849563875206961,1387.4966404332156,0.6221175732112613,0.8611565037927267,2.730160159488009,0.4629111038897804,0.5634583037634874,2.2,0.55,0.0,0.5005630963317895,1.6066450210622567,0.0,38.975691012816384,352,relaxed
122,global,13.194840133705735,0.029717775148674783,0.0035571037044654125,314.5361519612302,333.33452273804664,6.670407623508377,0.3034569743604024,0.8701810736760316,1449.8979119588998,2.298918536898747,0.4703612931756903,37.92568523884394,2.8666154571767515,0.7952473413868157,3.5142621197558306,0.35,0.2,0.8920686898951551,1.4513250867674707,0.0,38.975691012816384,352,relaxed
123,global,4.545589104730835,0.04549850648596932,0.003829637787882346,314.34212752469176,333.2881104035654,7.194001645760823,0.2973249178089455,2.8870934856540535,2120.203242284931,2.537697408255206,0.7211387081829228,75.10446571909998,3.336284003233282,0.6333612211253101,2.6227076061748633,0.6,0.2,6.070731980945885,1.5284803223273413,0.0,38.975691012816384,352,relaxed
124,global,12.266368965510122,0.03701791074549239,0.0039158771555135394,314.36576005681377,333.5993867666907,7.109327137641468,0.2899321224163157,1.910295697505847,1587.937804409882,2.4519722030962536,0.27103171029471146,48.15666192131606,3.032824418812274,0.768041637378363,3.9145408744028374,0.35,0.25,1.2442795490621084,1.5216223749157245,0.0,38.975691012816384,352,relaxed
125,global,2.7388891492661305,0.04114539119820237,0.0037848436515022623,314.31509609600346,333.28712579904067,6.923117676138848,0.30064900710737413,0.561716228059577,1398.5038787117726,0.5719933050044042,1.0362130908671314,0.6067663366935161,1.761151502146485,0.597846940075874,2.2,0.55,0.0,0.6402223098280349,1.2384855095710843,0.0,38.975691012816384,352,relaxed
126,global,10.624728997869463,0.08451998787773929,0.0039312430730267705,314.3988764685701,333.4597025267525,7.246876636243304,0.3035702632222968,0.6763134854767958,1287.1215704965987,1.0338206136241141,0.8686936862663355,15.682045207903997,1.6117432387701804,0.6828461075593175,2.286781350540692,0.5,0.0,0.45347464026089435,1.825975945277857,0.0,38.975691012816384,352,relaxed
127,global,1.1427501581572965,0.07985816279877984,0.0038747723307725767,314.25455069854956,333.4641304681119,6.794860499574912,0.29838602402154274,0.7998517772778493,1406.1243159351502,0.45128373570084496,0.993558045647886,0.8230382059628679,2.5003824173976783,0.6967953932425164,2.2,0.55,0.0,0.6560226226604515,1.363360754547428,0.0,38.975691012816384,352,relaxed
128,global,2.8047020217077083,0.05319952512933339,0.003596913182693898,314.3139577047735,333.4541741026628,6.729369548147725,0.3025611812424173,1.4612916183783344,1389.634797777732,0.7181338987993584,0.9069816994185229,2.403978457457766,0.7134763303676558,0.711617570085782,2.2,0.55,0.0,0.4349878427475451,1.3697428509872762,0.0,38.975691012816384,352,relaxed
129,global,8.568823987533104,0.044214193020215925,0.0035777181796076284,314.363069805982,333.37603176353485,7.064600960944146,0.2998481138328999,0.15696370990041864,541.0642414779162,1.3921165272656006,1.0837876938700766,14.59865279029978,1.8811200865350615,0.675270982403115,2.167505382160659,0.15,0.05,2.97471364806527,1.4772944762672195,0.0,38.975691012816384,352,relaxed
130,global,9.981127761467313,0.06237674005981012,0.0036064831771560105,314.4855002417824,333.6431474253108,7.247156058448275,0.2827728191011785,0.8204902358635426,1158.8458483665804,1.2078058021631446,0.7679548796431269,13.527865013442886,1.4918899644179162,0.6777049812714804,2.3582036006529488,0.45,0.0,0.3845999700978894,1.6364985623407926,0.0,38.975691012816384,352,relaxed
131,global,3.8427801463600293,0.07948739572486982,0.0035083126288081223,314.306062537068,333.2997548587624,7.247705842025891,0.3081310512168104,0.39021202989131143,1383.6648384668351,0.634565073473504,1.3716813874876848,0.15109584466145734,0.3283859850371665,0.5031354684061914,2.2,0.55,0.0,0.5455240639779086,1.671025744367297,0.0,38.975691012816384,352,relaxed
132,global,12.723176302967795,0.08115883384965314,0.003447151239856012,314.3077963873291,333.16448131681426,7.131278300972166,0.30443867726489804,1.335533484965569,929.7614791805468,1.8033750991988657,0.9187773255280517,23.066978031539378,2.3295691388233326,0.7583681227319308,3.4872023715858447,0.35,0.0,1.0401350492976944,1.810895677937897,0.0,38.975691012816384,352,relaxed
133,global,14.712810637402086,0.03804398802107531,0.00380240687881788,314.5235453770581,333.6890844232783,6.755568615942515,0.2820364732350947,0.5723600044869633,1322.9359731996865,2.2244634961356793,0.4422291394961128,34.88851224867122,2.8219755651245038,0.7563036485538598,3.7675354718109384,0.35,0.15,1.9201031272629698,1.5115800233397105,0.0,38.975691012816384,352,relaxed
134,global,6.118404706622954,0.08389119273215533,0.003986121336482119,314.370106216586,333.22024394329844,6.83735414323331,0.2903174640019903,0.6844415618297119,1397.1056219286036,0.7054517873436168,0.9093577499587321,5.506016927703806,1.1437604976682096,0.5529504997289012,2.2,0.55,0.0,0.5101011152056226,1.7561452654500962,0.0,38.975691012816384,352,relaxed
135,global,4.684577516919223,0.03940133653957697,0.003839617210688563,314.3818670049062,333.49230308785513,7.152416710179635,0.3131685569672402,2.8907347278394964,1232.6705953182247,2.468913602476686,0.5200117934358017,67.39011666074592,3.014008445326078,0.5371375718962004,1.457705021747767,0.35,0.1,6.842469564531548,1.495414970499525,0.0,38.975691012816384,352,relaxed
136,global,6.538290509205934,0.06909252683738355,0.0035673515817364514,314.34611890506113,333.8249012025801,6.941394236422243,0.31957613917682864,0.7755454246755658,1398.8264958654368,0.7609795651071745,0.9761393166877597,6.426360050502768,1.2250180902851742,0.551541084635977,2.2,0.55,0.0,0.48780690469090116,1.6641005374120699,0.0,38.975691012816384,352,relaxed
137,global,2.8208850076195944,0.0599684993316141,0.003473305164389977,314.421405827257,333.478208536311,6.775991183674774,0.3073654646012739,0.5496716544000395,1396.6716673327965,0.6232533622683453,1.281178697200295,0.5842068944517655,1.5773144446052314,0.5849981956059176,2.2,0.55,0.0,0.6365191560526142,1.4426905366116696,0.0,38.975691012816384,352,relaxed
138,global,12.21167855336196,0.05901242431842752,0.0037062477198942408,314.3574815126624,333.60377966140044,6.700032370357626,0.3025630231349636,0.7198891404286968,676.3346163752784,1.7001145693956512,0.68148434961427,21.12673971690474,2.3496348638107754,0.7295204694861452,2.7069122496570275,0.25,0.0,0.9539460545243046,1.6322763788950483,0.0,38.975691012816384,352,relaxed
139,global,10.772414629464395,0.029764557824632203,0.0038178087197018717,314.34323325822476,333.6358864791782,7.023009292827769,0.3087482611098266,0.13622411970957837,940.796815231433,2.15721868991714,0.5886188899863697,31.32395848058643,2.6822049180211245,0.7323414732921416,1.6742961071118105,0.2,0.15,3.9261372589866603,1.4130096052763963,0.0,38.975691012816384,352,relaxed
140,global,12.543907095929532,0.05395159270832761,0.003476383810557374,314.5498813778726,333.3935995909901,7.173697885238954,0.29613324154022924,1.8379349681987507,1446.4148173675735,2.178542667481756,0.7337336799672308,33.19026770121725,2.7623792383999324,0.717423231060043,4.003560986225478,0.4,0.15,2.1989882648573578,1.5838543598835786,0.0,38.975691012816384,352,relaxed
141,global,4.562484142430154,0.036568058685372946,0.003946458737992231,314.47955781128644,333.50164988182627,6.9265281626199595,0.30173691890841847,2.4951015213409673,710.9503595310629,2.0854239123940106,0.5328722051219106,47.952885276920945,2.8401988364237796,0.31086579415745447,0.6177617530470145,0.15,0.1,8.038139074033143,1.4453559304805697,0.0,38.975691012816384,352,relaxed
142,global,5.806568561484891,0.07167232229878749,0.0038879541245446904,314.3523626537465,333.28954640815414,7.18522186995334,0.312605292867125,0.44371156683770363,1392.7132014872932,0.653938552050991,0.9903779260335288,3.6557825373496904,0.8891994715096688,0.4650173436531248,2.2,0.55,0.0,0.5213228040499099,1.6584024311583108,0.0,38.975691012816384,352,relaxed
143,global,7.128281488734542,0.06337190682865189,0.0037661921890802313,314.2894169852849,333.3061210683078,7.2382539544417215,0.3126357654486567,0.47858380119573996,898.1594966484605,0.7627556453213383,0.9562930142258699,7.7734981574382065,1.1597977687727759,0.4467115805315968,1.52472248420273,0.35,0.0,0.48974512577848994,1.6127342551359714,0.0,38.975691012816384,352,relaxed
144,global,7.351038444642588,0.06930762725188758,0.003569014719291668,314.28115209069193,333.4001556489505,7.067903884187743,0.3106435468572125,0.3042783033479124,897.1545069346854,0.8273669134463795,1.1214254709263294,7.398932151968554,1.1127459291841635,0.4744422826417923,1.514409840722473,0.35,0.0,0.3235397025320924,1.6716320098336013,0.0,38.975691012816384,352,relaxed
145,global,8.75205573678399,0.02396386458773593,0.003543015137003273,314.3653391206379,333.52016012464793,6.918699594419908,0.31111702261804947,1.0137131598934073,1200.521037512696,2.2984286397750604,0.5592412110762589,37.07320180222221,2.896256338276148,0.7622102135880031,1.5886560129453116,0.25,0.2,5.918195562871899,1.388836625291451,0.0,38.975691012816384,352,relaxed
146,global,13.594951476836304,0.02661189296696342,0.003946578325908637,314.37702714272456,333.4713099447491,6.684652368397572,0.30493893100823877,1.6889471037700288,1590.8459808499335,2.5368263429754085,0.09603651709058045,52.31456107013507,2.9808921636833183,0.7931097081382175,3.687040841027708,0.35,0.25,0.9761528943029006,1.483315489323844,0.0,38.975691012816384,352,relaxed
147,global,10.187261825206186,0.06531504439565847,0.003476310879883092,314.45985218103004,333.56422275517406,6.942286010701878,0.31463403474596097,1.271676475827265,673.8357722206712,1.7376928973935084,0.7706445600037093,19.54640331986459,2.2243076943985174,0.7437744607682053,2.856212860371584,0.25,0.0,0.9755698430383596,1.654260061166492,0.0,38.975691012816384,352,relaxed
148,global,8.638179041011725,0.048150945558125914,0.0038523636135350827,314.49238488450595,333.72911417569793,6.988462351114895,0.3028926265701544,0.6986607279628082,663.7860790414352,1.412777851888778,0.6518497724795103,16.74623306900399,1.70070831715603,0.6330268456107732,1.6537904713080152,0.25,0.0,1.4254247645628229,1.4995823347089217,0.0,38.975691012816384,352,relaxed
149,global,6.887768049733916,0.061391543395306634,0.0038127991304092103,314.34119764352107,333.5318810572566,6.989432363347467,0.3195312465157202,0.40167168957933685,1022.038499509151,0.7328793267596463,0.9479437963452284,7.154139538790974,1.0894603676621617,0.4693800369932509,1.635812747382539,0.4,0.0,0.4710574320815539,1.6026525440981214,0.0,38.975691012816384,352,relaxed
150,global,10.091313264557904,0.08184321501200323,0.004037607650467756,314.3805492449297,333.58856125055365,7.042691225794999,0.29273777905925014,0.18349182346882942,410.3002791549441,1.1762982395253583,0.9775270747322166,14.875229568247175,1.6818027627830028,0.5632785299362325,1.1321656201399721,0.15,0.0,1.0348355785288004,1.8072377819398908,0.0,38.975691012816384,352,relaxed
151,global,12.377709751505924,0.06883096073670711,0.003607703380241957,314.51455957079366,333.76680859970736,7.2404191460044505,0.2901122183203326,0.4505591819168755,789.7437145951676,1.1706125538898529,0.9655288223738611,16.555281257404264,1.8502687610960251,0.6004886916843237,1.9953007291687233,0.3,0.0,0.3870471389893883,1.721706134070304,0.0,38.975691012816384,352,relaxed
152,global,15.274721623703906,0.04833003749846654,0.003681171327640623,314.43125703854196,333.51094249935977,7.035681996020159,0.29014463079293146,1.4873891881139012,2082.1984610911536,2.362173981858523,0.4556271912893825,40.48724271609023,2.957676242685156,0.7622008526445687,4.742854999128097,0.55,0.25,2.259195196560083,1.577527540805447,0.0,38.975691012816384,352,relaxed
153,global,5.039404601208382,0.038189617710806964,0.003608662559327471,314.43524485107014,333.4780975016176,7.177497245628492,0.3032600567072937,0.8746017545130267,1021.3394546715681,0.8179692778035251,0.8117097539370208,6.911504182034281,0.9229383113080829,0.47382909793623523,1.635812747382539,0.4,0.0,1.6892490870873882,1.3670990816411872,0.0,38.975691012816384,352,relaxed
154,global,3.5722875944133854,0.055759686921692427,0.0035571037044654125,314.4543011673187,333.13867034045234,7.057036871010488,0.31749742831930405,0.3315999120848203,1387.7754996121396,0.6207463822035744,1.3353764605215752,0.19813378209491297,0.7321891516557418,0.5501485038735079,2.2,0.55,0.0,0.5758755305829413,1.4485824122242343,0.0,38.975691012816384,352,relaxed
155,global,4.75393257039784,0.0761512313950185,0.004013649522728639,314.46407757606556,333.47180887304694,7.076278100350383,0.2973249178089455,0.947669409248698,1386.4417139479328,0.6060751504741071,0.963432761221102,1.8046969308177254,0.44790901372890496,0.5414352465117022,2.2,0.55,0.0,0.5133896956093265,1.672143419800659,0.0,38.975691012816384,352,relaxed
156,global,10.41574646621127,0.032856441269177805,0.003797866106825052,314.3644662901013,333.14974883853887,6.881674832421518,0.3109433493788061,1.3802306475134187,1579.1860371800965,2.38808079709877,0.3975607408142752,42.407026647389145,2.996214789577133,0.782814441539055,3.1025619273678875,0.35,0.25,0.22586069773730535,1.4516243258911987,0.0,38.975691012816384,352,relaxed
157,global,11.016944913971777,0.03182628654004722,0.0038718397245183444,314.3877162854264,333.49452203805004,6.803734774625199,0.3098296640174073,2.9775521845934465,1082.9578285806167,2.3377637200150545,0.2860447792177056,48.05956544466028,2.9521137206177768,0.7873343948113144,2.1518407695351827,0.3,0.1,0.7030670480400526,1.4631526631919294,0.0,38.975691012816384,352,relaxed
158,global,0.294841256132786,0.06618459354596379,0.003631330286032587,314.3387204652693,333.4597025267525,6.943519232494781,0.2989888755304184,1.2447046248583058,1403.7748308880414,0.4489352545389874,0.811397470672811,0.8360881259982806,2.265925573534203,0.7284116266470015,2.2,0.55,0.0,0.6595035436061547,1.0554523954519532,0.0,38.975691012816384,352,relaxed
159,global,6.648089543047352,0.058114963154843456,0.0037238964547379664,314.4379234762118,333.4298235121296,6.794860499574912,0.308418492308,0.4173831310636884,893.7486073301716,0.7025965566720765,0.9256375417901574,5.71249982291974,0.9496691738339912,0.4414936275932619,1.4372530998649704,0.35,0.0,0.4267777082665079,1.5579544154989853,0.0,38.975691012816384,352,relaxed
160,global,13.148294478615803,0.08711948073917929,0.003520471606850074,314.48340885220813,333.19901128787967,7.211142223461029,0.31887971166631485,1.4612916183783344,1937.3442169276632,1.9395691903785974,0.9234718355280492,28.496333715323992,2.5189083473773306,0.7661478885511586,3.5777117804029417,0.6,0.15,1.1036278555073642,1.8414715403404376,0.0,38.975691012816384,352,relaxed
161,global,8.002743298490365,0.044214193020215925,0.0038676160094439976,314.38899936557954,333.3384172420717,6.722440167190775,0.3158177395601255,0.15696370990041864,796.9644873550353,1.444869326524591,0.9180138106225118,17.158439576117466,2.167669345526184,0.5916254213230842,2.4058377045291635,0.2,0.1,2.9929744261182165,1.4626816316226638,0.0,38.975691012816384,352,relaxed
162,global,8.257536376346016,0.059656605532128815,0.0035926523822951265,314.3708320519564,333.53096724735576,7.0389214703633245,0.2827728191011785,0.8204902358635426,1279.2128954650407,0.9299819950374602,0.8130876107500142,10.659413429068664,1.3587724002489106,0.6102049631647859,2.1897453196154495,0.5,0.0,0.31919443649651186,1.5872750430110325,0.0,38.975691012816384,352,relaxed
163,global,6.208176422358715,0.030019909421957536,0.003471342157268811,314.3500793758533,333.15251434930644,6.761507553550859,0.3007251093715568,0.13724845434861632,915.065774740353,1.3729954636757147,1.1423012769232694,13.130998257177808,1.8495400871727063,0.7459150467034809,3.632660404239039,0.3,0.05,0.820862542645387,1.3535540797208694,0.0,38.975691012816384,352,relaxed
164,global,12.723176302967795,0.08115883384965314,0.003617340886513435,314.296016886677,333.5294666088376,7.061848243325911,0.3059444898166107,1.8478473031832103,1447.2813275058763,2.068617965025029,0.687295164642889,36.32093028684793,2.778438666952707,0.7689609386739191,3.181558826941893,0.5,0.05,1.4241534001289071,1.812604432722848,0.0,38.975691012816384,352,relaxed
165,global,5.177248552047407,0.05663642697043072,0.0038614807501410517,314.35756972317483,333.3659132459878,7.253519267083449,0.31696311252670784,2.00753613725224,1948.9490509839598,1.8756649056816197,0.6584672099414614,36.08662639331883,2.8528003532433095,0.6154523046132359,2.8066153780378174,0.55,0.2,3.37512587203461,1.5552994036933838,0.0,38.975691012816384,352,relaxed
166,global,3.9259178402321613,0.045657429834868576,0.004080800179726562,314.3118608814643,333.23440627197743,6.939952523094919,0.29772340136462894,0.5111193103171476,1386.0300678482706,0.5501644630529128,0.9233231455395797,0.5828158936692638,0.5271495392668071,0.5258633610237098,2.2,0.55,0.0,0.5482459293025134,1.378776783461478,0.0,38.975691012816384,352,relaxed
167,global,7.163728783737672,0.03555011210315026,0.003727607715276047,314.2967616149794,333.41508491501867,6.975419769807103,0.29555837536537366,0.5819877515580246,413.3102139815633,1.3461705152516188,0.7287455557235817,15.400636824816193,1.62426437372078,0.5962351266926177,1.0675161153718207,0.15,0.0,4.237376675435678,1.3704696796606508,0.0,38.975691012816384,352,relaxed
168,global,8.860823563792794,0.0370960112838145,0.0036172408636808997,314.34611890506113,333.4801837086628,6.9053414170725,0.2965119397292709,0.7755454246755658,175.15250707715836,1.7729567681526484,0.6820562126308772,20.444246586527647,2.359094478641402,0.6667167229298017,1.224950984382432,0.05,0.0,3.326976488696462,1.413213819201617,0.0,38.975691012816384,352,relaxed
169,global,8.396075727544671,0.046294297380122376,0.003914473528420942,314.35429823312904,333.54832211739256,6.896117099846081,0.31283096914947495,1.2856310163149605,1064.8096296247406,2.124617680575054,0.4686435905848053,30.898407347006856,2.7653872420211516,0.7783417575529216,2.314827687824215,0.25,0.15,1.2601902565796785,1.5171961211425087,0.0,38.975691012816384,352,relaxed
170,global,12.21167855336196,0.08031702962264517,0.0038802961901783714,314.3045062964698,333.50407832926487,7.05588380251998,0.3025630231349636,1.2838235022095161,1187.3677931592404,1.9314944990738467,0.625689289863204,27.744982885727815,2.577224493120532,0.7594509024602238,3.4677505777035167,0.4,0.05,1.5472022804206156,1.8099218669874637,0.0,38.975691012816384,352,relaxed
171,global,9.36490039878799,0.060355512160751246,0.0036473070611645264,314.37107243143777,333.31209177746274,6.935777830477762,0.30094550145211835,0.7797634023718756,1032.824237315279,1.2048627984923352,0.8090230687222417,13.329547586777299,1.4364616432747401,0.6543231136569221,2.271467514275762,0.4,0.0,0.28834945027110054,1.5983959422298848,0.0,38.975691012816384,352,relaxed
172,global,9.761348465366877,0.05621015462442876,0.003936252449542325,314.3674571808461,333.78206143375564,7.027746734597508,0.31020940351867154,1.1384699035660313,685.8609582521848,1.960266035337377,0.5032093712043471,27.489671737088155,2.660983015231237,0.7741645548556196,2.7463015775984907,0.2,0.05,0.9131645379752419,1.5962336736162421,0.0,38.975691012816384,352,relaxed
173,global,4.121573429893354,0.036568058685372946,0.003687839990122094,314.2564055484192,333.50164988182627,6.874592876123264,0.3118882107974148,1.400912925649957,547.5537980686078,1.6661287671658578,0.7061647724091201,17.750193499287242,2.198929542593781,0.6013050410499515,0.9325325396928672,0.1,0.1,5.624641889898301,1.3621158018073394,0.0,38.975691012816384,352,relaxed
174,global,11.343413838991378,0.07167232229878749,0.0035555571048155113,314.3523626537465,333.3849203673498,7.091764506346111,0.31647835279737985,0.44371156683770363,786.4582540462399,1.124077859126888,1.111250705936285,15.222552697258724,1.6756978336278,0.6146335710378981,1.895013774781998,0.3,0.0,0.36904752354700154,1.732586299099734,0.0,38.975691012816384,352,relaxed
175,global,3.729221624355464,0.049155907663706276,0.0038406272134977027,314.3923519466601,333.3608350353446,6.954990602278761,0.29889032035577495,0.47858380119573996,1386.79877006072,0.5708622411797483,1.0065952681210402,0.279874736459147,0.6301617062765666,0.5266134435452935,2.2,0.55,0.0,0.5788643231618583,1.4003421524361146,0.0,38.975691012816384,352,relaxed
176,global,7.351038444642588,0.04862546919872518,0.0036874609482207524,314.4012589723609,333.4001556489505,7.067903884187743,0.3106435468572125,1.1019690382183192,412.3190975632822,1.5197456805203498,0.611516351018554,15.89512072139361,1.6792497242828688,0.7243699438811033,1.460143578318609,0.15,0.0,1.3959114075006664,1.4858918689994849,0.0,38.975691012816384,352,relaxed
177,global,3.4360204914481614,0.08664965069097529,0.0037782170256899774,314.3550671805262,333.2602023615192,6.931324468397863,0.2978611074590249,1.140970705842524,1381.8255266292383,0.5976321593485976,0.8898021572015736,0.3839557837970415,0.12288727570895755,0.6436955438297624,2.2,0.55,0.0,0.5653224734501171,1.7131314431747384,0.0,38.975691012816384,352,relaxed
178,global,2.2909820717535627,0.06181493551083158,0.003893720906846806,314.4118288728243,333.4068839202693,6.869563623041884,0.28156078965187437,0.26695065448272914,1397.6727057599344,0.5256994510188144,1.1134928099877655,0.6823180881022283,1.6691559582398852,0.610999168652919,2.2,0.55,0.0,0.6470284681016183,1.339023918282767,0.0,38.975691012816384,352,relaxed
179,global,7.2172826524101055,0.06531504439565847,0.00350369548377516,314.36337159830913,333.21373136144905,7.103865935271162,0.31402863955464344,2.127309774295699,2698.660421228452,1.872296212470681,0.8137749194928047,35.09646074458296,2.870762084025767,0.5046117750202459,3.2,0.8,0.25,3.104967955967368,1.6151698472665,0.0,38.975691012816384,352,relaxed
180,global,10.549530522778198,0.0514425728645013,0.0036016840489695315,314.4705914839472,333.28220423573214,7.2664486459129405,0.31728600577665744,0.10878614765454975,1420.5999103783302,1.512071462079255,1.103420546151701,17.398892450009363,2.0977155241698675,0.6397170929375658,2.166636875504122,0.4,0.15,2.53394641807479,1.5560803711155908,0.0,38.975691012816384,352,relaxed
181,global,3.9650577568495162,0.061391543395306634,0.003839169840640949,314.45720998576576,333.4630093529408,6.873543529681069,0.30854668149666004,0.35446126727604366,1385.266491276039,0.5799445929013505,1.1246540138323902,0.22691803409212744,0.48344057971929305,0.5105247900653562,2.2,0.55,0.0,0.5531775995755559,1.5238752749214366,0.0,38.975691012816384,352,relaxed
182,global,6.665688467443008,0.06524415505870972,0.003797126081427664,314.3639291284047,333.64644740655916,7.086501313474642,0.3171805581871778,0.8745922203473251,1401.0208350581597,0.7617793116105258,0.8109710290582264,7.856904240677684,1.3049869547638704,0.5724272102685872,2.2,0.55,0.0,0.4668246472008697,1.6359433774347683,0.0,38.975691012816384,352,relaxed
183,global,9.244873322206784,0.07815991420481494,0.0036849465214344995,314.4053952175672,333.3934643327729,7.0631209213212385,0.2822960033936583,0.21995397836305663,650.5500050474728,1.0033180250199454,1.0414713363402583,10.220371185884272,1.1914765205133764,0.6197104503531147,1.4221878125842349,0.25,0.0,0.26906551673752493,1.7488766688743282,0.0,38.975691012816384,352,relaxed
184,global,4.777662127684131,0.06661395837358827,0.003681171327640623,314.2553938517033,333.6452308867046,6.937407989678888,0.302939257867309,2.273758144226022,1317.0520207011828,1.8604846391649446,0.836405146949993,32.730060923832596,2.6628481685637815,0.6315861718102705,2.174698289222551,0.3,0.2,2.978851190016201,1.6191363729209214,0.0,38.975691012816384,352,relaxed
185,global,4.818553209840752,0.03853171235659479,0.0039220754210525,314.2837986926904,333.4597290420554,6.792348517542346,0.3125429622299219,1.0814462072601252,538.4612928422679,1.330225457959442,0.6015425461274514,14.308948609995616,1.637702009988061,0.5112397523835162,0.9136183577781068,0.2,0.0,5.676322226652398,1.3732207267973358,0.0,38.975691012816384,352,relaxed
186,global,4.435409453379901,0.055759686921692427,0.003713043741103588,314.25541713542174,333.41384607846527,6.897790541366741,0.31536271549010114,0.37913386614485556,1384.8037047557448,0.5998593489925236,1.0378703802214386,0.4864430377804457,0.41234628412872115,0.5351005522895611,2.2,0.55,0.0,0.5463643843225254,1.507573210213637,0.0,38.975691012816384,352,relaxed
187,global,7.2384960823759,0.053812599258880996,0.0037257318935712087,314.51228687040935,333.2067024784236,6.7365883702922345,0.2973249178089455,0.25309173178223454,271.686844255213,0.9511863194191216,0.9657055485299052,7.3738717208626925,1.0115146704871336,0.5041324095079169,1.159619584582131,0.1,0.0,1.6061020887969242,1.5191071886040337,0.0,38.975691012816384,352,relaxed
188,global,10.41574646621127,0.03631846666290032,0.0038286118850169595,314.4586959087838,333.45257614935394,6.710066536695274,0.31219819436547774,0.6050010860780811,813.2684741697502,2.1206880866556643,0.5567719867299548,29.562187247229048,2.7457697440093805,0.7692851964667264,2.0877819415920955,0.2,0.1,1.6991456122462996,1.4602730005840114,0.0,38.975691012816384,352,relaxed
189,global,8.550338194143524,0.03182628654004722,0.003507699342797852,314.25092377567904,333.34936617643007,7.2269572599704395,0.30960353701442134,0.9220496941209066,432.7731083674644,1.9991673011392277,0.7146981303319389,24.715695849682938,2.601387268889495,0.6666180078948561,1.0914388050922479,0.1,0.05,4.494916114946425,1.3848879909495793,0.0,38.975691012816384,352,relaxed
190,global,7.2703703690985755,0.04052835063355523,0.003848247249218246,314.44028506720554,333.4597025267525,7.101448296643141,0.2989888755304184,1.31792603799344,812.2393754819525,2.0511282128529778,0.5620598586641675,27.72275860533876,2.63419025583511,0.7266387345551054,1.5431861658784107,0.15,0.15,4.725612774319917,1.4373265789312402,0.0,38.975691012816384,352,relaxed
191,global,6.288322345714175,0.057965546206153844,0.0038747723307725767,314.30353707594776,333.5145845470927,7.068719208702853,0.3167212403085762,0.4173831310636884,893.653456943557,0.6730044158854712,0.9236106595547113,5.534362397372957,0.9518837269944864,0.4431719938256486,1.4351840408546128,0.35,0.0,0.4945932647602554,1.5658611421555977,0.0,38.975691012816384,352,relaxed
192,global,2.8047020217077083,0.057344963917439054,0.0036219435562541446,314.384551283527,333.49589349564,7.221494989124182,0.3016340207132559,0.7500021351735467,1396.101657344826,0.5977878899591168,1.134899337909051,0.5966380112464693,1.5207142838771393,0.5644654881611455,2.2,0.55,0.0,0.6397143410604781,1.422344107235959,0.0,38.975691012816384,352,relaxed
193,global,6.835494476281914,0.044214193020215925,0.0036524436982152643,314.31502007762367,333.2037086842991,7.1362907097277395,0.30862653834053205,0.5617437992631205,649.6914811695461,0.7881907554933842,0.9382038698861275,8.778021617789651,1.2748151789918087,0.4744717168671517,1.1754726754052396,0.25,0.0,0.5652217005563454,1.4527038123440057,0.0,38.975691012816384,352,relaxed
194,global,8.288499919349928,0.06549456807429052,0.003810297407989207,314.33230120196214,333.4047895275126,7.011191616793159,0.31121789995567023,1.6881126482101452,942.2811628587963,1.9637501887203772,0.6339662332304628,33.09652086539985,2.6106301524533855,0.7383673707816614,3.2766037538225645,0.25,0.1,1.1585808490376879,1.6471866453270774,0.0,38.975691012816384,352,relaxed
195,global,6.190565097226127,0.049452995442253934,0.003961055643341677,314.37758809718053,333.15251434930644,7.016179523508237,0.3022094561100987,0.16050864881271854,276.8427923314761,1.0608387891481712,0.9779819243632973,6.886669110634682,1.0461956275590443,0.6845436441221283,3.567120455256216,0.1,0.0,2.0579188813744977,1.483535880036095,0.0,38.975691012816384,352,relaxed
196,global,6.294660667550334,0.08115883384965314,0.003669204212836998,314.45577645252524,333.23638697375577,6.900014014228524,0.30728173325773395,0.33638256101356867,1395.003445241295,0.7263084597070255,1.121975112348021,4.7640491948128085,1.0059319405880944,0.48845575216198506,2.2,0.55,0.0,0.5118183739247646,1.7292167127316531,0.0,38.975691012816384,352,relaxed
197,global,6.702491855476676,0.03947635880657583,0.0037400531105237366,314.35756972317483,333.3663200205597,6.755568615942515,0.30105222463496795,0.273306305202474,160.1820111734436,1.1860514553546422,0.9920084983444427,11.962551735693872,1.4931291054817397,0.6220813962566915,2.9471596828374174,0.05,0.0,2.085783637431665,1.4025622415129864,0.0,38.975691012816384,352,relaxed
198,global,4.493776896966253,0.06404160901783588,0.0035842323016827605,314.33116194795656,333.52917291937143,6.858305256598123,0.2903174640019903,0.34204284270744134,1383.5948964726745,0.6068447580971601,1.1391568713188718,0.28795575235870025,0.31383233481413536,0.48182290665403393,2.2,0.55,0.0,0.5144857897996766,1.567456438380877,0.0,38.975691012816384,352,relaxed
199,global,8.233375326265346,0.03555011210315026,0.0037255988431948448,314.41801021157085,333.41508491501867,7.127403646018177,0.31575088839480214,0.915730326129882,58.009614424289815,1.949075925951353,0.6079991241108049,25.12885427120422,2.6223659431311583,0.6668146099939071,0.9410686070256545,0.0,0.0,4.424498677999621,1.403793185874076,0.0,38.975691012816384,352,relaxed
200,global,4.997575505988351,0.036017945640060806,0.0037135586627821387,314.3732608976719,333.36823534445926,6.9053414170725,0.3115967422998094,0.6312955807110413,1019.0654338423997,0.6407034059171709,0.894988005276861,5.9496726070809345,0.8929364712236151,0.4951616966330475,1.649257914152535,0.4,0.0,0.6578436729048149,1.347585554497887,0.0,38.975691012816384,352,relaxed
201,global,8.049587394043625,0.05285121084032713,0.0036037763433260164,314.3363811621441,333.4955170727897,6.9542097860919405,0.3031127177872173,0.5496716544000395,650.3882874616105,0.8557370008190839,0.8967489420991533,10.091525047219122,1.2196478112274085,0.4637363749435008,1.1646272295496958,0.25,0.0,0.5188046229942195,1.5301494118730696,0.0,38.975691012816384,352,relaxed
202,global,12.21167855336196,0.04058070605840106,0.00362516775553907,314.4309475049311,333.35232857363474,7.1498837117765754,0.3065520312712155,1.9868499465297842,1581.9178935202312,2.345795793756848,0.5010835679800818,41.982339377345006,2.95216606120337,0.7546271454405049,4.125046419487054,0.35,0.25,1.7733091742378009,1.517043346141136,0.0,38.975691012816384,352,relaxed
203,global,8.011699422413946,0.060355512160751246,0.0036586147265980995,314.38264941596645,333.61273772104795,6.992886905630934,0.31509858837549964,0.3592389072510864,651.3879872550464,0.9039307774107839,1.0659205268991183,10.518090119363388,1.2707619869477456,0.43821977649040617,1.1712476233591396,0.25,0.0,0.5468567660113199,1.6059072697922585,0.0,38.975691012816384,352,relaxed
204,global,6.142401858143774,0.05752454410339779,0.003732730599283356,314.3832607447507,333.3631020626219,7.095591775872016,0.31617248055047237,2.20688676262602,1954.3658570813022,1.9926911662830107,0.6380372121493862,42.12662927068468,2.937296466746166,0.6898095875035347,2.7141124989973853,0.6,0.15,2.074635315353148,1.5674516607189297,0.0,38.975691012816384,352,relaxed
205,global,5.0839853698820665,0.04005487073747857,0.00378403289400494,314.3769124778754,333.3458228170118,6.778313056366388,0.3118882107974148,0.27559196483124637,398.4387843073053,0.9213372636096334,0.9366295059506434,5.175967836221664,1.0084316882162314,0.6868277520948511,3.8326612921850653,0.15,0.0,0.23102031067845208,1.3838620853613608,0.0,38.975691012816384,352,relaxed
206,global,8.932061335099014,0.045236448324973914,0.0036701864872858126,314.32975887968706,333.2567187086502,6.8685703712734725,0.3113487409369036,1.4687413400977691,1564.6324240564638,2.1195863093441685,0.5814567146267897,30.69015567649398,2.714543945835076,0.7683705932842758,2.9485986394290924,0.35,0.25,0.5226652158975827,1.5012532568890176,0.0,38.975691012816384,352,relaxed
207,global,5.043897357524035,0.0426695156804912,0.00376716711588555,314.3923519466601,333.6492822773596,7.006349725140919,0.31067416687232874,0.46417221307405665,889.0928337442903,0.6326950383852222,1.0231603909990115,2.8537363602681087,0.7309852969211887,0.57765960059453,1.665119041681598,0.35,0.0,0.34773109360643006,1.3961867421353455,0.0,38.975691012816384,352,relaxed
208,global,7.351038444642588,0.02976695943020783,0.003611353741006852,314.3416199084955,333.3962233886854,6.926612604996433,0.30700533560639526,0.9323905078317344,309.3181402298877,1.9624539543741917,0.646229292637178,24.816039307300517,2.6024148773894415,0.6615234290122538,0.6834429194368298,0.05,0.05,6.756766041906966,1.3639800154893384,0.0,38.975691012816384,352,relaxed
209,global,10.417290426024572,0.07076544138420948,0.0035644443492601264,314.39731731576285,333.3730419139416,6.931324468397863,0.30295240002808016,0.7808168886103686,1408.4692585806015,1.179861003336444,0.8836034776764476,13.501099833595777,1.4922803677523553,0.6774695007703511,2.2,0.55,0.0,0.33718855962965366,1.7036555837069856,0.0,38.975691012816384,352,relaxed
210,global,7.760539468227965,0.049688882943251994,0.003545786218288547,314.33890526058576,333.4427615938214,6.947896063169074,0.31012118067992095,0.24331332109635295,276.9139496080557,1.1593957780105386,1.0770112604564177,9.974380559125928,1.2260142896938422,0.5860330601504015,1.1214590451105564,0.1,0.0,2.124161530944156,1.5051260482184663,0.0,38.975691012816384,352,relaxed
211,global,10.152684614720314,0.03959931798573153,0.003709342044087525,314.3971081526494,333.6372008167917,6.942286010701878,0.3032359086847682,2.288207554856412,1329.2614421607557,2.3319265343420326,0.4315311485956491,43.10455098448772,2.9684065920752354,0.7999530558439355,2.9398920843955265,0.3,0.2,0.2064970780343546,1.5101467406001334,0.0,38.975691012816384,352,relaxed
212,global,6.637678919546364,0.04755149073356917,0.0037459663832774266,314.3325378853057,333.3519424391723,6.960187346218061,0.31411834916437703,0.4898446674856254,524.0184850344253,0.8236956422066258,1.0397296590280827,7.968427321349337,1.2080534291879328,0.48721148863532726,1.1858970616755227,0.2,0.0,1.3332084038304135,1.4728607514085958,0.0,38.975691012816384,352,relaxed
213,global,6.887768049733916,0.03114253233524064,0.0037172429195078413,314.38816443383615,333.4630093529408,7.232505582212995,0.3140474940834602,0.21154141305912377,924.9067641786575,1.441116031788383,1.0100938711762706,18.508119296824766,2.2842802918559735,0.5422629306689596,2.4464766078318148,0.3,0.05,3.3361924178679345,1.3674523189042151,0.0,38.975691012816384,352,relaxed
214,global,10.091313264557904,0.04139430103655146,0.004037607650467756,314.37551643013967,333.2846717687799,7.089646791760958,0.31666104661988226,0.11248693042485614,937.6963758034232,1.8638034144402098,0.7278065699779893,28.440581141594038,2.66295445370695,0.6927677981278031,1.7191522049276113,0.25,0.1,3.8298554990135116,1.4826218818169432,0.0,38.975691012816384,352,relaxed
215,global,9.841184512801503,0.06997648635112677,0.0035527761728942025,314.4053952175672,333.18465203750185,6.989316148499154,0.3094884122907775,0.7359072259404451,1406.30342489089,1.0329587959052977,0.9845501782771082,12.46762269225864,1.379783526446752,0.6661903798946841,2.2,0.55,0.0,0.3358941967218899,1.6851401017118222,0.0,38.975691012816384,352,relaxed
216,global,7.331517081601955,0.041650012194998795,0.003681171327640623,314.35159651932565,333.51094249935977,7.054825115322274,0.30867703802853413,0.5747469789138973,532.635441760095,1.1536872844860793,0.8293205595175623,13.065003061929122,1.4646456612639966,0.5844677839480209,1.2508404436022502,0.2,0.0,2.136998250676882,1.4277692424651307,0.0,38.975691012816384,352,relaxed
217,global,8.200954077668307,0.05091563270524682,0.0037201176406562713,314.42440869815607,333.2473286215453,6.9599332160402785,0.2887460706848771,0.22811557120716408,153.44404299114763,1.1737215667823973,1.0007560355397198,10.349653837003933,1.3311226151444344,0.6066886455119,1.0903385005584376,0.05,0.0,2.2940736912191495,1.5147842789966375,0.0,38.975691012816384,352,relaxed
218,global,9.629690843878135,0.050978272030564986,0.0035571037044654125,314.3721481871296,333.45172478023125,7.028072791110606,0.3187429977623658,0.15424849513923578,919.0539220986675,1.4908265187349394,1.1054164352503386,16.764320179738576,2.001037298720612,0.6217308979503222,1.9175774284205687,0.25,0.1,3.0914018565053776,1.5437416591363289,0.0,38.975691012816384,352,relaxed
219,global,7.747128446303181,0.04784767998203079,0.003800356331315434,314.350247061399,333.58356362298025,6.933028463319691,0.2862357038793298,0.25309173178223454,282.90186854745355,1.2432996580994315,0.8980541405127154,12.12724254634104,1.508778895400237,0.6591411959696636,1.435622433265872,0.1,0.0,2.5058765741820332,1.4833053469091475,0.0,38.975691012816384,352,relaxed
220,global,8.08020613776908,0.04772596274579678,0.003922688698890168,314.38548238726446,333.3691631369928,6.881674832421518,0.2827743452916808,0.30606228051319073,158.63069421968595,1.083095759700228,0.8317209641011221,12.917401246543935,1.6033185183074217,0.5114404166624335,0.9854636572227349,0.05,0.0,2.436752723461489,1.4901019057226346,0.0,38.975691012816384,352,relaxed
221,global,8.550338194143524,0.031085304119167476,0.0037659064891119114,314.35676062843106,333.34936617643007,6.997749120935775,0.307197740904773,0.4764707974975124,933.3872481220926,1.8923906838106563,0.6611273936052608,23.82393082100674,2.5885604639017856,0.632111600817915,1.2311981005985095,0.2,0.15,5.8692323232719055,1.376058488785723,0.0,38.975691012816384,352,relaxed
222,global,5.396842839129999,0.04052835063355523,0.003688111566164262,314.31082087807636,333.3201040628105,7.111090891994438,0.310896635900153,0.40334512502519493,767.1077641904541,0.6800050184971105,1.106951220311585,4.698128409574945,0.8418204496432218,0.5441525998760591,1.6830087240599867,0.3,0.0,0.3642848809750144,1.4009035741744689,0.0,38.975691012816384,352,relaxed
223,global,7.1115784269516125,0.05159847415680356,0.0037053855005639152,314.4427611947831,333.25620176798105,7.031679781801208,0.3125178483160068,0.14655162915387687,151.54901157180527,1.1278444190382095,1.0108386415370334,8.307756694245732,1.1175269377632233,0.6170910511150418,2.278587568944632,0.05,0.0,2.2029469587288566,1.5142996070079988,0.0,38.975691012816384,352,relaxed
224,global,5.292207268525665,0.04026298278469395,0.0036413434976865704,314.3586556347455,333.1879369139825,6.988216717316632,0.28413778572417303,0.14126912260156566,276.2311131493442,1.0144127802043936,1.0114972942554767,4.497231735967711,0.8520232029279111,0.6991793944487175,6.184690882996215,0.1,0.0,0.5441268012880154,1.3815934963049399,0.0,38.975691012816384,352,relaxed
225,global,10.391917595082253,0.044214193020215925,0.003553140410529993,314.363069805982,333.68149553714534,7.145919798251248,0.3063911475711069,0.8939123769466297,552.4395690630865,1.8496427246544251,0.6742002063365564,22.120044130163816,2.485077979283871,0.7572250214491426,2.1533041684135044,0.2,0.0,0.8039678162023278,1.5031095905337355,0.0,38.975691012816384,352,relaxed
226,global,4.5299727346605625,0.022544989892407365,0.004020948751001686,314.34207980893484,333.2284456764388,7.006022724158406,0.31121789995567023,0.1805421328236294,673.6171689481698,1.5667155657851555,0.9251016417823609,19.820388098337137,2.375759689948066,0.828832810748376,1.9240376653985813,0.25,0.0,0.8340120236363248,1.2515797043483219,0.0,38.975691012816384,352,relaxed
227,global,6.345943929435633,0.051543260590154114,0.0038099098008563554,314.3751094044145,333.3158449080821,7.016179523508237,0.3022094561100987,1.8224485338044025,1563.9502942647916,1.9214046364845188,0.5608790080198581,30.630181959909727,2.6563250544752783,0.7122238653684156,2.3627304120403236,0.4,0.2,1.6814988293902773,1.5225677835516276,0.0,38.975691012816384,352,relaxed
228,global,7.170455117263609,0.05214568567972781,0.0036855336718357467,314.3077963873291,333.16448131681426,6.907335314756584,0.31038385319670436,0.43112671738842967,647.1868052483708,0.8217909863833448,1.0493107692870185,7.951277539402729,1.0694538939672662,0.4906405132939735,1.2192914141996734,0.25,0.0,0.8358740183367479,1.5178847831446018,0.0,38.975691012816384,352,relaxed
229,global,6.702491855476676,0.045827587558950486,0.0035616575416456304,314.3678761716346,333.40697140235153,7.032178104379934,0.31142046905797266,1.8280295972658727,937.3683654492411,1.9730283847722432,0.6832753835741746,30.72125021950088,2.5947591758479884,0.7348890306246345,1.7138647208761877,0.25,0.1,1.9028830565966994,1.4895846507065946,0.0,38.975691012816384,352,relaxed
230,global,9.253666644577248,0.03463623279506524,0.003954586966804603,314.3573215375372,333.4331891538522,6.858305256598123,0.2903174640019903,0.33556800933300224,685.1791637910512,1.8974349873919032,0.6926014570829176,25.921130341085853,2.6026646572093037,0.655330895215015,1.1903156173195448,0.15,0.1,5.498034994401392,1.4091957431455495,0.0,38.975691012816384,352,relaxed
231,global,8.939994590607192,0.03555011210315026,0.003925133366324709,314.41801021157085,333.475214502376,6.961033741823494,0.3134085189985968,0.2813565938039737,685.1091771047605,1.8655054512112421,0.8001672996771887,25.502327257610013,2.5707357022143342,0.6327085266500398,1.7640106096812218,0.15,0.1,5.013400800065562,1.4116338912677935,0.0,38.975691012816384,352,relaxed
232,global,2.9857220041669503,0.0370960112838145,0.003793434062386853,314.34611890506113,333.2658566410903,7.094919832179518,0.3090082784704665,0.12344655258329795,895.5530990095386,0.6499613831988894,1.2846739588426197,0.4343619387381238,0.5871013829871117,0.7720127739442877,6.725839313941528,0.35,0.0,0.5008669391729542,1.2256431137398185,0.0,38.975691012816384,352,relaxed
233,global,6.902488924941297,0.046294297380122376,0.003564256518575643,314.40108271360396,333.3860040765639,6.772295001675395,0.3052849392095017,0.5496716544000395,772.2231262498103,0.7544228900154991,0.9459888388883593,7.399916608734538,1.1481349781039132,0.4397018171699793,1.2855173321331201,0.3,0.0,0.5275736749553568,1.462008310383871,0.0,38.975691012816384,352,relaxed
234,global,12.21167855336196,0.04764676813684663,0.0035897121917451476,314.4309475049311,333.4859755299756,6.822909857380964,0.3025630231349636,0.4737060587185309,673.3078769687143,1.7551401482732694,0.7978932439619694,19.52039367234844,2.2930504490042494,0.7030853080178806,2.058010659058435,0.2,0.05,1.3846422857490457,1.535166621605464,0.0,38.975691012816384,352,relaxed
235,global,6.285087691517532,0.060355512160751246,0.0034777531767856747,314.32996054162675,333.3588434708658,6.992886905630934,0.307950188787806,0.6297428923233737,1393.9541328637142,0.7057429130757794,1.0778565459855054,4.610078438283195,0.9185605806533875,0.46685957296070624,2.2,0.55,0.0,0.5017495828016767,1.582656644664151,0.0,38.975691012816384,352,relaxed
236,global,10.099825312795016,0.06363253090673561,0.003936252449542325,314.34311640423726,333.47622071447967,7.0539650320370635,0.30108881129137505,2.44963157433929,1458.1266828434073,2.2613247583675387,0.4547074934942371,46.589118509058075,2.9687379988088365,0.7465154001270717,2.2,0.55,0.0,2.070879362248575,1.6525109406643046,0.0,38.975691012816384,352,relaxed
237,global,8.170058751957212,0.056689730578280466,0.003677211056988803,314.40795486010785,333.3458228170118,7.056967090918879,0.29759992826747333,0.24809256099597587,401.3604806435395,1.0870597178401753,1.0187748952074291,9.765703926350724,1.2159077965160434,0.5213134321611409,1.0271853180758665,0.15,0.0,2.0871673735792573,1.572296888824796,0.0,38.975691012816384,352,relaxed
238,global,11.343413838991378,0.0492727246928341,0.0037183143610340385,314.4093710104111,333.26965967748794,7.091764506346111,0.2950445660276512,0.44371156683770363,416.7135950682793,1.4951731993832122,0.8755920213754026,17.27845983079627,1.9842016790550492,0.679046917859006,1.6232670451760263,0.15,0.0,1.0106339653602288,1.5484588679231213,0.0,38.975691012816384,352,relaxed
239,global,7.991453257293314,0.049155907663706276,0.003761103670772878,314.3923519466601,333.38994645703275,7.074263857015249,0.3052986766042811,0.16095117050017138,412.8233448063335,1.392273261450358,0.9474954599590293,13.752652652532637,1.7184107620141096,0.7477633657270035,2.138234181196884,0.1,0.05,2.271175169881807,1.5093896335296608,0.0,38.975691012816384,352,relaxed
240,global,8.6197132150495,0.02976695943020783,0.0036053288180482508,314.3842690922707,333.3962233886854,6.926612604996433,0.3138523552426047,0.9323905078317344,941.4379498832011,2.126229238779858,0.6324563925682902,30.53534957557178,2.768982889246277,0.7560477197605879,1.5299945775623194,0.2,0.15,4.7734860943463335,1.391141529232979,0.0,38.975691012816384,352,relaxed
241,global,5.4761075050178505,0.02396386458773593,0.0038636942958656453,314.3519254245188,333.1591933896639,6.931324468397863,0.31210582681417964,0.156629675711198,929.3276316508399,1.6755191478186924,0.9171367812576106,22.465727765500098,2.5254701477518537,0.6912643171086372,2.16138427413548,0.3,0.05,1.9298465123288224,1.3097661301469579,0.0,38.975691012816384,352,relaxed
242,global,7.760539468227965,0.03842372653667449,0.0036080987451555377,314.33890526058576,333.4427615938214,6.947896063169074,0.3004248980159548,0.13396341978423898,295.30139920015966,1.386616121434094,1.0370602215531899,15.49998415579187,2.0511181221617325,0.607216504876235,2.9380211746941667,0.1,0.0,3.0828285387250483,1.4136824925377405,0.0,38.975691012816384,352,relaxed
243,global,8.31060442721645,0.06531504439565847,0.0036548219726470345,314.3863182239613,333.3958753464395,6.942286010701878,0.3115003828706668,1.271676475827265,667.9551134068806,1.5608850111339803,0.697898459773055,17.014762138164993,2.040824006625704,0.7494956393442915,2.4160045021213694,0.25,0.0,0.36659797615103545,1.6338155519816748,0.0,38.975691012816384,352,relaxed
244,global,6.637678919546364,0.04755149073356917,0.0037459663832774266,314.3870609005499,333.4268435177314,6.960187346218061,0.30902933807916677,0.37073731645951025,524.9523390552055,0.819579435581985,0.9786594561668324,8.488269183678302,1.2818711142100134,0.4932865529728179,1.2906991828909218,0.2,0.0,0.8053654248728324,1.4721197150102867,0.0,38.975691012816384,352,relaxed
245,global,4.694359123137508,0.047971979177144616,0.0037172429195078413,314.38816443383615,333.266721655486,7.029142527063357,0.31077350559707023,0.8110389047651182,1385.8303643146971,0.5965033994298665,0.9406899760256892,1.0097915141460314,0.4683702336501775,0.4996079039604015,2.2,0.55,0.0,0.5046270960633366,1.4281620022191075,0.0,38.975691012816384,352,relaxed
246,global,5.440661474776702,0.049988792908728465,0.0038881525488314852,314.3805492449297,333.3512147246327,7.042691225794999,0.3079828075677165,2.3483391874017,1710.3678208264864,2.101983016994204,0.5648526534374984,47.35380468277398,2.997210650785943,0.6767645229163957,2.3551380280073464,0.55,0.1,2.9669389259768124,1.5167317263376605,0.0,38.975691012816384,352,relaxed
247,global,9.244873322206784,0.04659851265040245,0.004012282897845999,314.3453350703282,333.32002253926123,7.0935540033657265,0.2971319481491337,0.12927243456830628,1428.0580465463522,1.515108767312276,0.835209679879472,21.15088016994068,2.3911104473540847,0.538969909809111,2.077560988221409,0.4,0.15,3.521769940592745,1.5120575067465851,0.0,38.975691012816384,352,relaxed
248,global,5.704391464475393,0.0355793425928611,0.003727810183897479,314.3126169051429,333.51094249935977,6.887192996190963,0.2881920026937905,0.19107559778844418,285.39850755222113,1.2170182931566245,0.9622372346807818,11.432128470170074,1.4305348432792508,0.7259900331247504,3.7988720849008586,0.1,0.0,1.7455926764354495,1.3584623462580327,0.0,38.975691012816384,352,relaxed
249,global,3.6134532266666444,0.04846150320641656,0.0037558720029918654,314.3983924758426,333.3759636801932,7.139518782963954,0.3097730178483202,1.1960365434290887,1384.8795246841132,0.5076356877487822,0.5508933547713099,1.105979947771301,0.3645245707771826,0.6105458406926003,2.2,0.55,0.0,0.5335276289004073,1.3931955674204677,0.0,38.975691012816384,352,relaxed
250,global,6.661190928009965,0.044616505427552335,0.0035571037044654125,314.3227259743561,333.37828435343823,6.670407623508377,0.31807793298874903,0.21913416386218,402.99143564238017,1.1182497653617642,1.093379849918351,9.57040993209525,1.1990532187244802,0.6168294182628615,2.436979065370726,0.15,0.0,1.244737126277626,1.447618133337541,0.0,38.975691012816384,352,relaxed
251,global,6.652881410177045,0.05448442613564284,0.0037257318935712087,314.3437018564345,333.31944166489734,7.001343914883504,0.2973249178089455,2.8187122359352887,1849.903667293358,2.3121848318102827,0.3329860973103166,62.08149703125419,3.0712508070866504,0.7291904825332428,2.507159524389254,0.6,0.1,1.7267208948789594,1.5593053207228142,0.0,38.975691012816384,352,relaxed
252,global,12.63397271528396,0.06316208276578311,0.004044093432241422,314.43015092227915,333.3691631369928,6.810481555363001,0.3079046327230773,0.3782563088207671,554.2621901212046,1.6028289151657826,0.8215027165919999,23.906719861194553,2.468209873309541,0.6289427010074184,1.9411145873257794,0.2,0.0,1.4523976000340675,1.670865947627559,0.0,38.975691012816384,352,relaxed
253,global,4.861689522781832,0.0292478082913537,0.0037350275123713157,314.3088505708635,333.3063769821375,7.2269572599704395,0.3112658893926092,0.19025695882245142,289.492567027305,1.3949983511563526,1.0390477555610729,12.9248432433771,1.6546939578034272,0.8337459647450991,4.629658507278387,0.1,0.0,0.4086579087047461,1.3015037742899547,0.0,38.975691012816384,352,relaxed
254,global,7.253686774357594,0.04052835063355523,0.00353392787902516,314.38936298585963,333.3201040628105,7.111090891994438,0.3149436809516223,0.40334512502519493,529.6121163120677,0.9644998431386842,1.0989552696209515,10.527728816587112,1.4586617347903108,0.4777740560979337,1.3734709249243948,0.2,0.0,1.468090986504642,1.4307197169147596,0.0,38.975691012816384,352,relaxed
255,global,7.1115784269516125,0.0398267590204218,0.0036248557676819724,314.4427611947831,333.2518223785685,7.071211684708859,0.31814656050886875,0.7165397305895895,660.0164279082713,1.2874395989358516,0.833821761224938,13.480331106626654,1.5832872715819828,0.5682234523403251,1.2591267504710586,0.25,0.0,2.8879061334882374,1.4057985072208603,0.0,38.975691012816384,352,relaxed
256,global,8.349993343976784,0.06259258178230907,0.0035822077100114906,314.282383440536,333.762117096121,6.804834519927783,0.3142920401155149,0.14126912260156566,278.9352523684643,1.1827097785506306,1.0234147248834244,10.533469857024564,1.3357597774760208,0.566953517938579,1.1521832276459754,0.1,0.0,2.429978543458604,1.6265967895855113,0.0,38.975691012816384,352,relaxed
257,global,6.179040896669127,0.058344906533783325,0.0036611381268034887,314.3450904838858,333.3213465944012,6.797653401943875,0.314437701821341,0.5570375345991876,1142.4736775432095,0.6821474438105452,0.9805285981023847,4.548808096930767,0.8506280463170107,0.4451062691021338,1.834781651914519,0.45,0.0,0.5072464557175967,1.5500496230217442,0.0,38.975691012816384,352,relaxed
258,global,3.0497717893892684,0.022544989892407365,0.0038336960915188846,314.3507587773385,333.3981356928186,6.830556454033945,0.29917451561075215,0.577590595729203,1014.7369390293173,0.5361897894507127,0.8076332304072038,0.780427997313953,0.5373024593201944,0.7088735157476748,3.8799012855831037,0.4,0.0,0.5974853190489333,1.0464447512847983,0.0,38.975691012816384,352,relaxed
259,global,6.731152048816156,0.030511823843575318,0.003774896897818122,314.3993164076315,333.1970613236326,7.0582490321268185,0.3022094561100987,1.1159956746746762,563.1253297893065,2.037637713754995,0.5886168684072063,27.258911183636645,2.6598368533466354,0.5775834190086936,0.7877603222408819,0.1,0.1,7.344546116315064,1.3799755644795444,0.0,38.975691012816384,352,relaxed
260,global,7.170455117263609,0.05214568567972781,0.003751764033773609,314.3077963873291,333.4741312750501,7.150252244260853,0.31546203403610634,0.6620694944901026,1025.922140217579,0.8251634777953566,0.8506641634286041,9.424413070849585,1.2114243114728975,0.468671436944142,1.8012833657781258,0.4,0.0,0.5360695590681095,1.5198916779592568,0.0,38.975691012816384,352,relaxed
261,global,3.437564546085298,0.037784132425369536,0.003736364571468366,314.3727103078786,333.37693814630285,7.030448818633469,0.30682501352943203,0.5586120025248618,1388.1932144565776,0.5774329727154116,0.9844571253634342,0.2228891098458765,0.7742524899119807,0.5974206501309819,2.2,0.55,0.0,0.58630841719942,1.2780477795791212,0.0,38.975691012816384,352,relaxed
262,global,8.764936401083634,0.05519899705812312,0.0036379217900280787,314.4257309374418,333.25313454259623,6.662564301290927,0.31503686003090564,0.33556800933300224,403.86731452498924,1.0818114376944017,1.0614355017211117,11.756900745063977,1.3593763896759576,0.5295104847332173,0.911021148163138,0.15,0.0,1.396208264362438,1.5561790031058451,0.0,38.975691012816384,352,relaxed
263,global,9.300968616218704,0.04808191033983171,0.003951344099799682,314.41984255723855,333.41508491501867,7.156038666560195,0.31575088839480214,0.8300660337988783,425.3926291858442,1.7684184753715209,0.5667483613693567,22.117662361091938,2.307162521699712,0.7366045378912269,1.8303837180485565,0.15,0.0,1.2049558126271231,1.5220610783841584,0.0,38.975691012816384,352,relaxed
264,global,6.7002652682347765,0.0547484372385105,0.0038759197945204557,314.4138831300102,333.2776083108589,6.9053414170725,0.3121292981831507,0.7391295492272832,1399.0179002307084,0.7626756917412865,0.8136879508535009,7.578684355528618,1.1287456836561556,0.4799055518330978,2.2,0.55,0.0,0.515485975888408,1.532307164351337,0.0,38.975691012816384,352,relaxed
265,global,4.0675534327747105,0.03407721346443841,0.0036378011761535522,314.3004996976527,333.28190055093506,7.068370449358807,0.3157207825135385,2.77602385469288,1357.051642611535,2.442768066433267,0.4809049543945035,65.68326578700879,3.039632279001644,0.4077546462345567,1.4490160060763644,0.35,0.15,7.711982590441393,1.444833260475963,0.0,38.975691012816384,352,relaxed
266,global,4.150990090906541,0.03734182247362691,0.003559810665183734,314.36350744369526,333.35232857363474,7.117022144864415,0.3184463455864579,0.4737060587185309,1010.6956887151132,0.621191016796222,1.0775145618334092,0.9295332605535263,0.47417288608904434,0.6122527415564019,2.1315671561688063,0.4,0.0,0.5035459495504323,1.3325249881303365,0.0,38.975691012816384,352,relaxed
267,global,11.400620359985819,0.05523957685126907,0.0038663402942047784,314.4131912101349,333.48580228617624,7.228043521630228,0.28914644962205266,0.2853462971566041,672.1622013957818,1.4419208331979207,0.8638151387216979,19.16176415922201,2.2317816809612756,0.6028945940774789,1.4826324435804235,0.15,0.1,2.394301354287397,1.6095564449542656,0.0,38.975691012816384,352,relaxed
268,global,9.761348465366877,0.045888733806116494,0.003673760053080895,314.3674571808461,333.78206143375564,6.932659930835413,0.2986863696128071,1.1384699035660313,809.3708851526984,2.0224125753148767,0.5783819551672202,26.77665079259346,2.63535147697273,0.8076983405177612,2.506639872006004,0.2,0.1,0.8563753833296197,1.5107587967989171,0.0,38.975691012816384,352,relaxed
269,global,5.440399604431347,0.028449788629008023,0.0037529920464457983,314.3676569735779,333.6681070329244,7.022288812454288,0.293320107933375,2.8858400973636904,1089.9443500847617,2.3179371867561684,0.3479577194148181,50.33720951470066,2.9075513902739707,0.5555572085559695,0.9668638104988689,0.2,0.2,8.247302361849176,1.4225736500889457,0.0,38.975691012816384,352,relaxed
270,global,4.135230980098198,0.0492727246928341,0.003927645647025348,314.4093710104111,333.4841947668632,7.106544682691766,0.2865976638294636,0.36617441707358744,1385.0928686426867,0.5637640410716609,0.9532001395695204,0.4437877676821621,0.44518353647257014,0.5551302616558914,2.2,0.55,0.0,0.5616119447248092,1.4212060662140402,0.0,38.975691012816384,352,relaxed
271,global,2.4161232117517777,0.05768371161247496,0.0038474546309585863,314.34390162872063,333.23473100798014,7.074263857015249,0.319556375190097,0.6087365356465303,1401.4795268119085,0.5851113361118208,1.2358802828242026,0.7171183210223293,2.0439852328519867,0.6343391305552228,2.2,0.55,0.0,0.6492906380635886,1.3866224676774508,0.0,38.975691012816384,352,relaxed
272,global,11.25176006444135,0.053536339289034875,0.003692075616971045,314.3416199084955,333.24643600464435,6.926612604996433,0.30700533560639526,0.31912004342081945,292.7509469647841,1.4720575245230116,0.9960928354722665,17.13448190824118,2.0624348684606755,0.658637691878593,1.2124090611125535,0.1,0.0,2.223077829300621,1.5770807611511688,0.0,38.975691012816384,352,relaxed
273,global,7.552268979375129,0.039307292994002874,0.0036930708044844805,314.4040658497537,333.53438909252395,6.931324468397863,0.28815340669305617,0.13443866589239573,545.7874711821406,1.3907245280072529,0.9876551468377481,15.526432310374549,2.000985210742896,0.6273470128368914,3.4884743194666044,0.15,0.05,2.9453657471271706,1.414985475425032,0.0,38.975691012816384,352,relaxed
274,global,7.760539468227965,0.04145746197705058,0.003707419563627002,314.33890526058576,333.37707676672767,7.253989321261939,0.3062741370222165,0.24331332109635295,166.31676414856594,1.3106085157276561,1.0012436753099414,14.446669579708935,1.8774323168528402,0.6071518760766541,2.493484706393274,0.05,0.0,2.7880255796122535,1.4438000609180677,0.0,38.975691012816384,352,relaxed
275,global,8.138208774778787,0.06531504439565847,0.0036326001055024685,314.3288794180945,333.51955039829556,6.942286010701878,0.28096484314384296,0.23105948299493662,522.860253021462,0.9473621828844132,0.9667212120433222,8.5388456696088,1.1218759793016897,0.43763198668677405,1.008383812963591,0.2,0.0,0.8180356151873134,1.6336389780165823,0.0,38.975691012816384,352,relaxed
276,global,4.120775634695413,0.06384333172550619,0.0037760655120574614,314.4884303149796,333.75876304300647,6.750170969634899,0.31880278769874903,0.4898446674856254,1383.7231328012192,0.5871737885048403,1.068665396995068,0.21586692722703962,0.33294246936478633,0.5046048925149116,2.2,0.55,0.0,0.5308419566674343,1.5477407937735275,0.0,38.975691012816384,352,relaxed
277,global,2.3845518068529525,0.028840949395281652,0.0035679110876575605,314.3720673937554,333.27605402062653,6.804096921931244,0.31603524188786264,1.5945337112679652,1179.5145710233805,1.615194525535394,0.7791597632660322,17.18337563458049,2.1713654061499468,0.8737203870265002,7.501538466883564,0.25,0.2,0.2650170031836507,1.131996138346643,0.0,38.975691012816384,352,relaxed
278,global,6.779467871591464,0.04369347075280463,0.0037316528906308176,314.4915012764718,333.42569771643804,7.159781323964049,0.3164683951284365,0.914893780780051,662.0822782477779,1.3380141453852614,0.6844579882572102,14.355421899211077,1.6852068474826112,0.5706093488807673,1.3688450305582447,0.25,0.0,2.8489654591710853,1.4412102600451973,0.0,38.975691012816384,352,relaxed
279,global,9.244873322206784,0.037784132425369536,0.0035527761728942025,314.3727103078786,333.6307173181593,7.030448818633469,0.30682501352943203,2.827458240947899,838.3577191953369,2.4850042243510075,0.31071327490533174,53.72774591153823,2.906838654348083,0.7876504191318474,2.0898103389401297,0.15,0.15,0.9934136422261453,1.510781418634239,0.0,38.975691012816384,352,relaxed
280,global,6.446210848028661,0.032678881487922765,0.003745751473853605,314.2820022582394,333.4432049224548,6.778710830329898,0.3035271027013337,0.2775824826270781,175.79090584807392,1.3409307954714362,0.9408845643436677,15.869466176559234,2.0799092130747843,0.5694837140369305,5.590725018573766,0.05,0.0,2.6285300498664177,1.3618773183849535,0.0,38.975691012816384,352,relaxed
281,global,9.658683466672855,0.028038360189767707,0.0037562847163090957,314.38738516568526,333.79836733069084,6.695943821069371,0.31960587091615295,0.4847240918122253,820.1718587669542,2.238774821149643,0.5109195876943446,34.157536052674985,2.8124092726249117,0.7408323373965273,1.6639132073038851,0.15,0.15,4.18538678532561,1.3982056736318444,0.0,38.975691012816384,352,relaxed
282,global,9.53575797246563,0.08352909951554854,0.0035010449720217192,314.35468271804774,333.5938790327106,6.976367492404501,0.29330673673947194,1.6922760891039532,2684.7674885060746,1.7958475669056582,0.7083443450984306,27.034879181836725,2.5017693054786165,0.7338695173550737,3.2,0.8,0.25,0.9549797927451447,1.8065166885291564,0.0,38.975691012816384,352,relaxed
283,global,10.719232806085884,0.045537528275936254,0.00371898730799392,314.3952560080185,333.4164046913195,7.059800208354648,0.31122273052338056,2.5569220339414516,1087.4777457001783,2.399806808876934,0.3981415622065926,50.13328501850905,2.965581653560173,0.799239890598539,3.2928336861315515,0.25,0.15,0.7127793454071047,1.5239301114556683,0.0,38.975691012816384,352,relaxed
284,global,5.766989032954269,0.05001322381329236,0.003922688698890168,314.3570106607441,333.3144996097007,6.881674832421518,0.2827743452916808,0.3915610389072337,1141.926015552896,0.6117036719195534,0.8654717580506419,3.6946757928794822,0.889723028558498,0.4743101793327945,1.8037314236989563,0.45,0.0,0.5022373849959688,1.463034055359255,0.0,38.975691012816384,352,relaxed
285,global,4.861689522781832,0.05552168150549274,0.003754813072538063,314.31467253815407,333.31609707659777,6.96448996829062,0.3112658893926092,0.4327899629318135,1386.0430852519478,0.6040848958903304,1.0159938000797843,1.0237706603632009,0.4888175784797407,0.5056491164584607,2.2,0.55,0.0,0.48855613983270246,1.5004942855813126,0.0,38.975691012816384,352,relaxed
286,global,5.357011669998819,0.03708046721447206,0.003748985841626054,314.40529632624026,333.3325938567927,6.8683859151780755,0.3149436809516223,0.943062081160765,661.08889605181,1.238174698623325,0.6679590748448656,13.126858397727238,1.597754732549907,0.53013615211258,1.0828609567784913,0.25,0.0,4.547945406858175,1.359800780523719,0.0,38.975691012816384,352,relaxed
287,global,7.1115784269516125,0.05159847415680356,0.003626948687638987,314.4427611947831,333.4365330132883,7.031679781801208,0.30514807012255335,0.6634316773215178,1273.0613206982878,0.7696768737397294,0.9045901462408763,7.4420099783267375,1.0690981630706005,0.4500612110174176,2.060190053163786,0.5,0.0,0.565299201982945,1.510847892238002,0.0,38.975691012816384,352,relaxed
288,global,8.671536540148029,0.04026298278469395,0.0036413434976865704,314.4226976556989,333.2572628825938,6.680905584172351,0.31500785615536403,0.3269221845921413,293.0700064395436,1.4185477047737975,0.9987116726105694,15.352053917546005,1.9339189918188844,0.6256053904304303,2.631543689721585,0.1,0.0,2.782772469213631,1.4308139185218798,0.0,38.975691012816384,352,relaxed
289,global,6.835494476281914,0.0461493215180243,0.0036206833787004525,314.3531588951801,333.33915697088327,6.683972693660993,0.29402910104392627,0.15696370990041864,279.0977540379922,1.1193382702086256,1.0300614979727498,9.0107434984313,1.1572892542380362,0.6551665008946672,3.381461886219612,0.1,0.0,1.4415539255022156,1.4591836165756278,0.0,38.975691012816384,352,relaxed
290,global,7.455105642792284,0.07031558846629943,0.003606896429482311,314.3553422660546,333.55460867210996,7.006022724158406,0.3030323373706996,0.1805421328236294,646.4732347770627,0.9176164226909963,1.1472619751856332,7.321847462462952,1.0505300184905635,0.4605212598883176,1.1599410694665668,0.25,0.0,1.0401755547857543,1.6744735099345225,0.0,38.975691012816384,352,relaxed
291,global,6.190565097226127,0.0443834209997703,0.0037333787968843,314.46761490224566,333.15251434930644,6.925053348044213,0.3085077889714367,0.16050864881271854,153.56327421893616,1.1056470139424364,1.0082181065508322,7.74852404892268,1.0697227291201366,0.7457111336580738,4.432101797716449,0.05,0.0,0.9385482586857826,1.440669963915241,0.0,38.975691012816384,352,relaxed
292,global,5.639085431395637,0.03408956685489754,0.003464667436825607,314.3314185305398,333.2961434117319,6.979951079434231,0.3072259796181666,0.1861021294775207,404.4266230800775,1.192799631228742,1.1942502090490061,8.61144470806199,1.1344041290070415,0.7517511073078188,4.037238659336346,0.15,0.0,1.0553036776732205,1.373799542031859,0.0,38.975691012816384,352,relaxed
293,global,6.184260301668655,0.0465756852388603,0.0037400531105237366,314.411004415233,333.2357571692925,6.927495466682606,0.3104952812200367,0.3042143139085387,399.17083177055076,0.9079948207089548,1.0157785376890256,7.036525864045662,1.2346621574325498,0.5575498053144855,1.6748687991632167,0.15,0.0,1.160800877967338,1.4506769757288032,0.0,38.975691012816384,352,relaxed
294,global,6.148317746164359,0.054044903879301574,0.0037003799993135934,314.4257309374418,333.241090532113,6.662564301290927,0.31503686003090564,0.33556800933300224,642.6968235489693,0.7179303746550703,0.9692475278302721,4.9767368286615845,0.9564629680227918,0.38749036766747724,1.1831479470039288,0.25,0.0,0.5514001317734343,1.5147093641600997,0.0,38.975691012816384,352,relaxed
295,global,6.494543013750533,0.050315415684991524,0.0037255988431948448,314.41801021157085,333.3028092547449,7.049502667841454,0.30704630422046636,0.915730326129882,901.1625055123376,1.0315649766018011,0.7106467043760799,9.253717080025305,1.2453430950864282,0.5838366645696865,1.8005284807604696,0.35,0.0,0.5919709336166784,1.4862375877802128,0.0,38.975691012816384,352,relaxed
296,global,8.860823563792794,0.0370960112838145,0.0036172408636808997,314.3887448710181,333.6855283552974,7.080671317226989,0.30514820971611367,0.19981475740304133,1051.6009334457187,1.65334786350193,0.9230249212941549,19.846246659098192,2.3656139928544127,0.6555812383295192,1.990938539528134,0.3,0.1,3.765012878907453,1.423074890002469,0.0,38.975691012816384,352,relaxed
297,global,6.8751967979848505,0.039267626706604414,0.0037091397625690506,314.40108271360396,333.3472244863874,6.916113229070298,0.3064338138315267,2.858206163090755,967.0487316611537,2.4261647757819427,0.3558438286949671,53.2676418283306,2.8876269710914726,0.7180503520468637,1.3405100772202454,0.2,0.15,6.843813511717566,1.4990280048968914,0.0,38.975691012816384,352,relaxed
298,global,12.21167855336196,0.055922902972825754,0.003908178289073837,314.4309475049311,333.35232857363474,7.11643765140991,0.3166082710868605,0.3792795826186759,677.4793110274652,1.6497221768380421,0.8746844521819849,22.044042217752654,2.449959551608461,0.6407250934428296,2.2612880067527312,0.2,0.05,1.0643156388343782,1.613423452093155,0.0,38.975691012816384,352,relaxed
299,global,5.888928634740495,0.03412089629559227,0.0037033577809573157,314.29547313308615,333.3710416664593,6.860409801381509,0.3133524925802264,0.22840830361049025,168.8660315310436,1.2850176685258856,1.0604043328273742,13.688248086669589,1.7493523630765409,0.7245476692490248,5.588982534410346,0.05,0.0,1.1720745189500097,1.361162938883743,0.0,38.975691012816384,352,relaxed
300,global,5.536626841056227,0.06516183742865071,0.003936252449542325,314.3321974515187,333.483125788308,7.027746734597508,0.30841907304755317,1.7525172044616342,1686.3545017418205,1.7735706375022589,0.66945425512004,28.406579404028026,2.5005660723483567,0.709969978193769,3.250139608777522,0.4,0.25,1.0944145365596474,1.6134186556331644,0.0,38.975691012816384,352,relaxed
301,global,4.770108106575432,0.040353604237837265,0.0037185377431622137,314.2962021180717,333.2718262558595,7.102439432170455,0.31169033556387243,2.34762786035716,1336.0794472177033,2.1158394189283505,0.6255592753182945,46.14889034358414,2.9310483230890974,0.6209539567411323,1.6928776888093509,0.4,0.1,6.86879894392211,1.4642028294256932,0.0,38.975691012816384,352,relaxed
302,global,6.300862752956862,0.0492727246928341,0.0037187795155535393,314.3932443925076,333.26965967748794,7.02829583941464,0.319199410550122,0.44371156683770363,771.3586349197446,0.7731795063657153,1.0748069626644408,6.492572325361264,1.1064320047293332,0.4970985742089802,1.3539392832028683,0.3,0.0,0.8295539205016771,1.4900777929363076,0.0,38.975691012816384,352,relaxed
303,global,6.33476513469212,0.03026963830302629,0.0037979518279283413,314.3491005751837,333.38994645703275,7.074263857015249,0.2885728542646611,0.3464325027952184,167.81337358016714,1.2530279773506985,0.9436514351783558,14.030454249175671,1.7624162646186405,0.539478072597667,3.844797255104468,0.05,0.0,3.168796073544576,1.337517626944481,0.0,38.975691012816384,352,relaxed
304,global,9.090326785848248,0.05349099812805147,0.003623259076601342,314.3929744254677,333.28163938382295,6.926612604996433,0.31636646315584016,0.31912004342081945,406.79470053504485,1.1361236274856992,1.0874085886557636,12.725762291190929,1.4985902780254228,0.5916058854377546,1.182607378076502,0.15,0.0,1.4053419860938847,1.5482455597443132,0.0,38.975691012816384,352,relaxed
305,global,6.5970318357495525,0.037148031877768654,0.003732970308348193,314.4040658497537,333.40260680758604,6.880506786636732,0.28815340669305617,0.23085089383166735,40.58129378561856,1.2381451969657804,1.0103435479515328,12.513068028298067,1.619710500960561,0.659401945512373,4.827141582087435,0.0,0.0,1.8982569000252947,1.3895807235876663,0.0,38.975691012816384,352,relaxed
306,global,7.387127091447528,0.04145746197705058,0.003908178289073837,314.3761409479946,333.5233378352304,7.11643765140991,0.30408553749950606,0.24331332109635295,421.4300350307619,1.4048875536272072,0.8754267959939813,16.697823470299348,2.097031785956222,0.6469252988997359,2.5867767832393196,0.1,0.05,3.2669988887130756,1.4308640428266644,0.0,38.975691012816384,352,relaxed
307,global,7.233027154960899,0.03800213485351206,0.0036326001055024685,314.29945099823817,333.51955039829556,7.177635767215656,0.3106130049325462,0.23105948299493662,417.866991005928,1.3465315724211553,1.0420341616667894,14.23425664167623,1.8963739466764356,0.6824887358108761,3.547152670303338,0.1,0.05,2.2393636200088265,1.4110244941009964,0.0,38.975691012816384,352,relaxed
308,global,6.637678919546364,0.05983226245292682,0.0035261509975619177,314.37747532236045,333.3519424391723,6.942107112127621,0.3116294626345777,0.18597435445938593,518.5177178643565,0.8833064479057802,1.127882700717923,5.144107705144426,0.9089356531372438,0.48459321009804,1.2163331153512342,0.2,0.0,1.5705040621054809,1.5752549579788446,0.0,38.975691012816384,352,relaxed
309,global,3.7983880439765585,0.03114253233524064,0.0037172429195078413,314.38816443383615,333.31867754231735,6.797418111305478,0.3121686510933466,0.11386286305997584,529.0803096243026,1.0673543214555552,1.1076385922392231,5.260438795863748,0.9062931545836062,0.837167600614705,7.074687252793464,0.2,0.0,0.2813804143110859,1.2484155636901475,0.0,38.975691012816384,352,relaxed
310,global,5.015007148452391,0.04239173318761969,0.004037607650467756,314.33204583363784,333.2715603344393,7.0139324237117275,0.28973645575613305,1.1485001088690459,534.9114158718218,1.2661512608363756,0.5610291955036252,13.04606596384293,1.458618867898311,0.44709944615349473,0.9243345858425339,0.2,0.0,5.175449674617766,1.3807196221757079,0.0,38.975691012816384,352,relaxed
311,global,9.244873322206784,0.03993726335132043,0.003621929380365638,314.2895400874363,333.41320111064016,6.820152373328516,0.3178436310113121,0.2014254381285927,1051.476048790172,1.6915300939981919,0.9453085642707597,19.86049460182796,2.363679551587974,0.6805400503902438,2.0512904600862525,0.25,0.15,3.5153322293365306,1.4553826044617868,0.0,38.975691012816384,352,relaxed
312,global,7.020267279720668,0.05050068585441961,0.003745751473853605,314.2820022582394,333.2045544302434,7.081054646829277,0.3114699920814465,0.2775824826270781,275.6478955638526,1.0346826297393008,0.9872756044642456,9.037590916930153,1.1903382343072242,0.49961145758044745,1.3154985061774462,0.1,0.0,1.7935280879294933,1.5120117193715563,0.0,38.975691012816384,352,relaxed
313,global,8.200954077668307,0.03217791753926713,0.0037664701885811026,314.35834033742896,333.43762283573193,6.932494336261139,0.3148750926508341,0.5123525008997487,432.0140872901256,1.8362947022448821,0.6931988744978653,22.693208358864652,2.563612166149958,0.6227158629785893,1.4616707628424863,0.1,0.05,5.4185078142825045,1.3843492910873922,0.0,38.975691012816384,352,relaxed
314,global,5.60399479332704,0.04021277005055804,0.0037208854015680437,314.3227259743561,333.37828435343823,6.670407623508377,0.309996609488323,0.1155498818779419,283.3686606480667,1.1599612260916181,1.0004219824185396,8.983404442640778,1.226667708025964,0.7246510750803045,5.513118376901401,0.1,0.0,0.7757115531993453,1.4063694902531434,0.0,38.975691012816384,352,relaxed
315,global,7.2384960823759,0.041956364423485396,0.0037257318935712087,314.51228687040935,333.2067024784236,7.084112130946952,0.2973249178089455,0.30788904701871056,405.0835132468874,1.0421299243577242,1.0450420128067752,11.017565008100359,1.3352596840518967,0.5698580978993757,1.7295044627157055,0.15,0.0,1.960049244066851,1.4295112631710583,0.0,38.975691012816384,352,relaxed
316,global,4.286668232232564,0.05620695311494277,0.0038544224790442523,314.34562219497667,333.3691631369928,6.881674832421518,0.2827743452916808,0.24659435197113067,1258.7604780508602,0.5669370740154906,1.06134683399823,0.2678779634338856,0.3750441391385103,0.49710588466905764,2.0,0.5,0.0,0.49988173819868564,1.486898928714731,0.0,38.975691012816384,352,relaxed
317,global,4.861689522781832,0.0292478082913537,0.003719794534255866,314.3088505708635,333.74511076857783,6.970422929337005,0.3112658893926092,0.41448676189376177,533.2486361758117,0.9239653643467575,0.9366654654822225,9.401791348352834,1.3241606476049832,0.6870587886670502,4.997569390148688,0.2,0.0,0.32932009211301355,1.3005258574514258,0.0,38.975691012816384,352,relaxed
318,global,4.074087942536488,0.04052835063355523,0.0037093608720922804,314.38936298585963,333.38053591652204,7.010638766918947,0.30160405674852503,2.883858459132922,1990.7776024574423,2.512470837501767,0.443120290578846,72.50371926426618,3.317294469853823,0.5901680591871428,2.4952760997439047,0.6,0.15,4.726077579380634,1.486639852133998,0.0,38.975691012816384,352,relaxed
319,global,7.1115784269516125,0.05159847415680356,0.0037053855005639152,314.41052021908234,333.23199730873904,6.796843827636427,0.3125178483160068,0.18424287716413246,151.23356287374762,1.1395176674331209,1.0067079766393328,8.803287442814934,1.1282821091218929,0.6789035873044806,1.9935956932265992,0.05,0.0,1.8474978354117269,1.5126097355567623,0.0,38.975691012816384,352,relaxed
320,global,5.383022396130263,0.02567744980705266,0.0038212701490831958,314.3762830245566,333.21052173684353,6.9019684628050095,0.28413778572417303,0.21518818243833948,1295.5499115523728,1.359076269759346,0.9378426105407568,15.99092027207998,2.1462383360857453,0.6939666045924847,3.4590937119817675,0.4,0.1,0.8533357821070373,1.2998082437733198,0.0,38.975691012816384,352,relaxed
321,global,8.660296758676697,0.044214193020215925,0.003712762043427252,314.33733182172455,333.44368028101485,7.041456087548133,0.314437701821341,0.6408956202008825,663.8414732566447,1.4480406386513156,0.7428747103492315,16.408268714485946,1.7268882519471584,0.6209165840708645,1.5342213858193692,0.25,0.0,1.7851960860287268,1.4749985856283936,0.0,38.975691012816384,352,relaxed
322,global,8.839215938184978,0.0554072237614912,0.0036870412644293203,314.4074465177724,333.39835331580446,6.960788947729716,0.3030323373706996,0.1805421328236294,284.156439158104,1.3007329133225563,0.9916067783169813,12.693582539262124,1.5973130732441079,0.657333724599663,1.4321807179040644,0.1,0.0,2.2991764088074014,1.5610350080658457,0.0,38.975691012816384,352,relaxed
323,global,12.259215527388697,0.050316169655108316,0.003612316170365018,314.46761490224566,333.15251434930644,7.065772681524951,0.30833606314520035,0.45094557502284394,418.48811167896775,1.6109689902703763,0.9657087802138087,17.946857491852242,2.093307991511407,0.7062654888478377,1.7015265882798496,0.15,0.0,0.8455080487292139,1.565936038966334,0.0,38.975691012816384,352,relaxed
324,global,3.5706599996329693,0.022742013430119522,0.003464667436825607,314.28214024999477,333.2629211990967,7.259932444871558,0.3035197817197614,0.16493783641602722,657.8203480178719,1.135604572369002,1.203849493699663,6.644447797493145,1.0077425560551874,0.9025697555945722,7.751087083472465,0.25,0.0,0.24900187215544975,1.1548119280062052,0.0,38.975691012816384,352,relaxed
325,global,4.400280478288611,0.03947635880657583,0.0037400531105237366,314.342095969474,333.3663200205597,6.850233064878034,0.3099797651523759,0.273306305202474,643.3978334330304,0.8196787366353216,1.0658259371020535,2.7700457140579173,0.6553401137893999,0.7269473341810326,4.2635856305798585,0.25,0.0,0.25881889828967136,1.3575610418631148,0.0,38.975691012816384,352,relaxed
326,global,7.691168508643035,0.038976303729277156,0.0036300408464388922,314.3726567293606,333.25313454259623,7.248780867872123,0.31503686003090564,0.21487326768549297,543.507747457915,1.370564461403912,1.0846929706895632,14.587586627322722,1.9358095679703076,0.6467934526115918,3.4541547803264834,0.15,0.05,2.315148453279254,1.4201024243244376,0.0,38.975691012816384,352,relaxed
327,global,8.233375326265346,0.05924440817475285,0.0037700556302064257,314.4134087562338,333.2712491934053,7.086968547008791,0.3197897766532662,0.9655943280339205,909.6252127861484,1.3023039835603025,0.665525797065085,14.435867099281523,1.5187573791635671,0.6828436487595446,2.1830006165992444,0.35,0.0,0.33898003265810844,1.586164321804963,0.0,38.975691012816384,352,relaxed
328,global,5.071517325931945,0.045899120330685855,0.0036172408636808997,314.4266517619314,333.19581811445227,6.9053414170725,0.2965119397292709,0.19351687557315778,640.6145561850972,0.8249895811820173,1.1410196035312699,2.372026593653985,0.647634547721629,0.6719676311908407,3.022593886690374,0.25,0.0,0.42855462583004406,1.4322016712820962,0.0,38.975691012816384,352,relaxed
329,global,9.664650448018408,0.046294297380122376,0.003564256518575643,314.36735167054053,333.42601175417025,7.072210639721239,0.3041989231180097,0.5496716544000395,535.0364946686211,1.3553682325854755,0.8697152657213227,14.578322412136794,1.6431347307578554,0.6239278862673997,1.4045452681202497,0.2,0.0,0.9029134389967653,1.4959917605559399,0.0,38.975691012816384,352,relaxed
330,global,4.809437267911621,0.04764676813684663,0.003658525466310319,314.4309475049311,333.1831674089696,6.82330453563155,0.29626773502358694,1.0408573693743666,1389.4597837124695,0.6321049836245336,0.7581591773710472,2.788456415089361,0.6567856710872653,0.5327466096485682,2.2,0.55,0.0,0.4829060513886647,1.4131729027211795,0.0,38.975691012816384,352,relaxed
331,global,8.48326135712484,0.03986041697898397,0.003596920508279841,314.3553233097827,333.49766823986744,7.164839694498734,0.31706673527138773,0.4569150731545413,412.38136374874034,1.354675519765998,0.9496738545527235,14.972566708806056,1.6332541142810517,0.6208345343060647,1.8325053138648326,0.15,0.0,2.089993092119683,1.4366893205960969,0.0,38.975691012816384,352,relaxed
332,global,11.410746599520236,0.05621015462442876,0.0037721581247834265,314.3674571808461,333.338734189082,7.027746734597508,0.3069957841148582,1.1384699035660313,1062.3205164271408,1.9960975339831784,0.5871664643391321,27.40591795699543,2.6415583144507253,0.767272369953292,3.350197543494538,0.3,0.1,1.4314257484158326,1.6070426702847207,0.0,38.975691012816384,352,relaxed
333,global,4.695456351036892,0.02917048417547781,0.003690907558681396,314.3401525888637,333.5577978717158,6.942125494827005,0.3043307759522796,0.20350579752444764,414.25022728800366,1.3062505662617805,0.9840858681079527,11.79670610313686,1.4670725190493878,0.8157084325179959,6.061946050674132,0.15,0.0,0.32239311265441845,1.2953146840744318,0.0,38.975691012816384,352,relaxed
334,global,11.343413838991378,0.0492727246928341,0.003785427961255238,314.34377971835016,333.37619528533816,7.25549038296364,0.3148229244791415,1.5636902549637732,1329.1291789014706,2.3052504871054116,0.5353858610539778,39.648865219149485,2.9427414779638545,0.7511744096489055,3.7751611241359493,0.35,0.15,2.1120276110778478,1.568398377603063,0.0,38.975691012816384,352,relaxed
335,global,8.861551684652206,0.04519464580457548,0.0037669986205441847,314.3468582976853,333.49366707517385,7.259607639464717,0.317967474628124,0.2407236608331449,795.5017511155619,1.4146960442995355,0.9374582953799987,17.08229041313778,2.1639415345851587,0.582725273826293,1.7412266758292934,0.2,0.1,2.974310558055806,1.489674275375029,0.0,38.975691012816384,352,relaxed
336,global,8.153886855819458,0.053536339289034875,0.003692075616971045,314.4517147221122,333.2389362149052,6.863463813337779,0.30700533560639526,0.1154980427285981,281.6175418735619,1.2352473092759426,1.0278792478730936,10.39639926388518,1.4144964117683947,0.6340760260047095,2.324882035666553,0.1,0.0,2.106091470579988,1.5301345882138182,0.0,38.975691012816384,352,relaxed
337,global,8.145274500054034,0.024282910773511204,0.0038764728864763578,314.39634166642486,333.3902458688499,7.193551246465669,0.3178206518032247,0.7559622348690589,951.2758061623625,2.298856803807964,0.46187036537419657,37.45683694450931,2.9163847664716194,0.6595102356670488,1.1597132310526144,0.2,0.15,6.965662490034832,1.4004430256002112,0.0,38.975691012816384,352,relaxed
338,global,1.6701336280007197,0.03514428556990538,0.0034498001647355466,314.33890526058576,333.67066593367235,7.253989321261939,0.29590183042523543,1.137293669673297,1402.607334697593,0.492690615231054,0.5611560334287724,0.8443255377046224,2.1507128480063473,0.7086894996366099,2.2,0.55,0.0,0.6597297231139924,0.9948670940610256,0.0,38.975691012816384,352,relaxed
339,global,8.63413956185272,0.05538150792017883,0.0038927933161019444,314.4369512301557,333.3368753069274,7.0589108569790975,0.3106130049325462,0.23105948299493662,287.63707465785944,1.3521428387940069,0.8811395445559633,14.208568975912367,1.743183177113312,0.6494722442273215,1.3857662198351077,0.1,0.0,2.9055533139667182,1.565634720964654,0.0,38.975691012816384,352,relaxed
340,global,5.3591300544427245,0.035047834110365925,0.0035261509975619177,314.3024264322781,333.3519424391723,7.027128858243135,0.317577090718147,0.2929518541292939,403.29864934813736,1.015038759010515,1.1246662550961282,7.51577924311527,1.1828200835535,0.6650782294433538,4.026308618362383,0.15,0.0,0.5941092537284831,1.3732227339414438,0.0,38.975691012816384,352,relaxed
341,global,6.308276285219861,0.03607505597479685,0.003972742845929305,314.3906703262999,333.30648675553425,6.975309898169627,0.31896155365212686,0.3111996466640379,422.77329227082515,1.291674862015991,0.920876112497033,16.797102429129048,2.043367498167954,0.637897642341518,4.224127060103679,0.15,0.0,1.7815694465919865,1.3823215765888806,0.0,38.975691012816384,352,relaxed
342,global,10.091313264557904,0.08184321501200323,0.003580700044243092,314.3805492449297,333.58856125055365,7.0959092336500085,0.2979882806966558,0.24923189250959332,778.6981724312784,1.0871256159614473,1.116176028780884,11.559410637251435,1.315927039124303,0.6356746614836843,1.668903665352974,0.3,0.0,0.3218391730236513,1.7973634215860326,0.0,38.975691012816384,352,relaxed
343,global,10.219131709464358,0.062371220793565,0.0034751279891014134,314.39265106220097,333.76801141157455,7.080687732171988,0.31688655676070904,0.9386865241732778,1038.6055671762151,1.4577644291433056,0.7877887698215704,15.62668845258985,1.7413925212815087,0.7027615509594571,2.3594730607590937,0.4,0.0,0.5183975047598093,1.638920476986818,0.0,38.975691012816384,352,relaxed
344,global,5.978624355392698,0.052165987299195964,0.0038501193193480115,314.37867645706723,333.2155644861432,6.778710830329898,0.3035271027013337,0.2775824826270781,645.1486320539785,0.8323783750201766,0.9872495530917487,4.94492276496717,1.0398206765006437,0.49446552830182683,1.4622408421847237,0.25,0.0,1.6196756263217895,1.496793383615835,0.0,38.975691012816384,352,relaxed
345,global,6.608879161521138,0.05091563270524682,0.003718816859648066,314.3241215430562,333.42576888504306,6.9599332160402785,0.3160135565762101,0.13457241529280783,152.8777197101572,1.1298458217457026,0.961993923460452,8.00487350766232,1.1035993014372079,0.7081023599510381,3.2309841277273526,0.05,0.0,2.0648993000005027,1.4995711075939122,0.0,38.975691012816384,352,relaxed
346,global,5.60399479332704,0.039868341882137004,0.0035342864945061454,314.3274990342139,333.64797382892317,6.985793374030724,0.31920186854984245,0.1155498818779419,280.4709203321661,1.1539289912013422,1.0983190350779382,7.495371786052091,1.0551142799570694,0.7923511125629605,5.822037612132733,0.1,0.0,0.4475827339133275,1.4143937240130064,0.0,38.975691012816384,352,relaxed
347,global,5.979946545615405,0.042623553956122266,0.0037236870662419107,314.3292565211175,333.2067024784236,6.986773050042878,0.31896248422821816,0.2133908664084183,404.0960248065124,1.116163644646788,1.0338347133293728,9.006160212733164,1.143896670331443,0.6788805501038472,3.6691413963258044,0.15,0.0,1.0012347778417172,1.4246214581746675,0.0,38.975691012816384,352,relaxed
348,global,5.967027503776238,0.04258806329604439,0.003739548321600341,314.37838997600346,333.3295878863169,6.632342248278356,0.3101514500619793,0.30606228051319073,400.748887404288,0.9710956349379727,0.9702603104249439,8.308979751351714,1.2431086012413701,0.569772924516134,1.8112694529040116,0.15,0.0,1.106938338081536,1.4115754822548794,0.0,38.975691012816384,352,relaxed
349,global,4.433894089616162,0.03436766406334375,0.0037350275123713157,314.3088505708635,333.3063769821375,7.052709002925997,0.3112658893926092,2.2235846042409824,954.8459126766209,2.0588096653971184,0.6323464522168467,41.88548536147662,2.756391759533847,0.4373756612730525,0.8489353495577318,0.2,0.15,8.357299293588763,1.4243274606418748,0.0,38.975691012816384,352,relaxed
350,global,8.386550226349165,0.046957819181893984,0.0038681514564167683,314.29565376934016,333.51624696775843,7.005850120783868,0.2933151685294897,0.27643708740883666,164.75540048631137,1.2756537413722984,0.8594866855829828,14.992647364832598,1.9206717621507097,0.5535140990114064,1.2199670810982703,0.05,0.0,2.817340868598947,1.4947508289757665,0.0,38.975691012816384,352,relaxed
351,global,4.022885274800686,0.02292169029786619,0.003599242083927109,314.3480023311793,333.3208612501027,7.079638286523812,0.2966779826937318,0.18424287716413246,658.4978620939485,1.3474081419459831,1.0771835073580742,11.3884354764989,1.4664714112797188,0.8645351498585774,3.373844837824342,0.25,0.0,0.3442397357475547,1.1935206669964977,0.0,38.975691012816384,352,relaxed
352,global,4.802969905861378,0.04026298278469395,0.003544914866055876,314.31547589199107,333.1879369139825,7.126918701444988,0.3198885081540189,2.6442134160644732,1223.5462934319075,2.2858620188253447,0.6398343715285881,58.63456335099308,3.063127139704633,0.6344632821588437,1.8741474812625043,0.45,0.0,5.146515072530698,1.4816340780628932,0.0,38.975691012816384,352,relaxed
353,local,6.835494476281914,0.044214193020215925,0.003712762043427252,314.363069805982,333.3384172420717,7.041456087548133,0.314437701821341,0.15696370990041864,38.975691012816384,1.3110249978787059,1.0151391039783573,11.47907617038164,1.5038477004807462,0.6790259412929911,4.954301098747633,0.0,0.0,2.219947244107969,1.4534695854521773,0.0,38.975691012816384,352,relaxed
354,local,11.458980337503153,0.044214193020215925,0.003712762043427252,314.363069805982,333.3384172420717,7.041456087548133,0.314437701821341,0.15696370990041864,1558.4299698009604,1.8317332644522506,0.8835276896613786,24.65000700112615,2.6011735265406166,0.7342995125823919,2.6323993701294826,0.4,0.2,2.1281828150878193,1.5144966205882469,0.0,38.975691012816384,352,relaxed
355,local,18.541019662496844,0.044214193020215925,0.003712762043427252,314.363069805982,333.3384172420717,7.041456087548133,0.314437701821341,0.15696370990041864,1823.064205647467,2.2190539436507435,0.586466292174539,34.68757580444851,2.736776746983363,0.7554854891857499,4.185972807637158,0.5,0.2,2.2493263788533233,1.5744903278055105,0.0,38.975691012816384,352,relaxed
356,local,7.082039324993691,0.044214193020215925,0.003712762043427252,314.363069805982,333.3384172420717,7.041456087548133,0.314437701821341,0.15696370990041864,41.084217168213485,1.3477909899363545,1.0310209096785385,12.551844640526983,1.6227309642893837,0.7134387356729959,4.6741052796251115,0.0,0.0,2.6185680255347155,1.452961823946899,0.0,38.975691012816384,352,relaxed
357,local,4.376941012509464,0.044214193020215925,0.003712762043427252,314.363069805982,333.3384172420717,7.041456087548133,0.314437701821341,0.15696370990041864,643.7341214896181,0.8423952359471546,1.1181447835726963,2.240249302721476,0.598964032646064,0.7729682176382859,4.965491940538088,0.25,0.0,0.2718458247255542,1.4025665459239491,0.0,38.975691012816384,352,relaxed
358,local,7.11482245781292,0.044214193020215925,0.003712762043427252,314.363069805982,333.3384172420717,7.041456087548133,0.314437701821341,0.15696370990041864,40.608528880768354,1.3471849645217007,1.0290976690456648,12.609403751649179,1.6370559462474845,0.7227000463746431,4.354095917013856,0.0,0.0,2.581428824524243,1.4523370049087116,0.0,38.975691012816384,352,relaxed
359,local,7.193803575471896,0.044214193020215925,0.003712762043427252,314.363069805982,333.3384172420717,7.041456087548133,0.314437701821341,0.15696370990041864,417.11407651122437,1.4024245923241412,1.0143672854475294,13.998204263812971,1.7248780855027595,0.7181291268292684,3.8003373413636425,0.1,0.05,2.9239011809323436,1.4511714132048614,0.0,38.975691012816384,352,relaxed
360,local,7.098600472286685,0.044214193020215925,0.003712762043427252,314.363069805982,333.3384172420717,7.041456087548133,0.314437701821341,0.15696370990041864,39.66924899413875,1.3572344991780272,1.0384830848818745,12.604292447945872,1.630953575199613,0.7257716550437404,3.901477594689891,0.0,0.0,2.611262093217603,1.4527293844499274,0.0,38.975691012816384,352,relaxed
361,local,7.100090184119025,0.044214193020215925,0.003712762043427252,314.363069805982,333.3384172420717,7.041456087548133,0.314437701821341,0.15696370990041864,165.4249437095645,1.3485636017947145,1.0400663905780716,12.613125017144439,1.6322261081566805,0.723278201106544,4.263893118235201,0.05,0.0,2.6215265833445627,1.452698584518075,0.0,38.975691012816384,352,relaxed
362,local,7.092274676913454,0.044214193020215925,0.003712762043427252,314.363069805982,333.3384172420717,7.041456087548133,0.314437701821341,0.15696370990041864,289.9660248562489,1.3378240295952941,1.0143896578761635,12.563558753564378,1.6260927454343481,0.6995250823773916,4.108121458683172,0.1,0.0,2.591065220409424,1.4528316790205826,0.0,38.975691012816384,352,relaxed
363,local,7.096184233459987,0.044214193020215925,0.003712762043427252,314.363069805982,333.3384172420717,7.041456087548133,0.314437701821341,0.15696370990041864,39.52840422264152,1.3573544001276616,1.038378794072575,12.632350234256126,1.6314322225562343,0.7204518090110431,3.823305975164888,0.0,0.0,2.5944458595618642,1.4527726305142135,0.0,38.975691012816384,352,relaxed
364,local,7.094690915740151,0.044214193020215925,0.003712762043427252,314.363069805982,333.3384172420717,7.041456087548133,0.314437701821341,0.15696370990041864,39.74619172940264,1.3440080016227094,1.039037431954057,12.540116903651343,1.6256300029711113,0.7274105910180447,4.024801169873324,0.0,0.0,2.560071059837326,1.4527896998363732,0.0,38.975691012816384,352,relaxed
365,local,7.096834156936316,0.044214193020215925,0.003712762043427252,314.363069805982,333.3384172420717,7.041456087548133,0.314437701821341,0.15696370990041864,39.80241317923834,1.351099117833698,1.038000446782795,12.623820183803698,1.6312561523774964,0.7268291860547527,3.9547044301500875,0.0,0.0,2.6159745606571634,1.4527587817610648,0.0,38.975691012816384,352,relaxed
366,local,7.09615089626,0.044214193020215925,0.003712762043427252,314.363069805982,333.3384172420717,7.041456087548133,0.314437701821341,0.15696370990041864,39.61420622655282,1.3565579480964713,1.0383252386499233,12.593033561445635,1.6289598213832108,0.7239115842804902,3.901477594689891,0.0,0.0,2.5876843055148333,1.4527739638884076,0.0,38.975691012816384,352,relaxed
367,local,7.096432482137859,0.044214193020215925,0.003712762043427252,314.363069805982,333.3384172420717,7.041456087548133,0.314437701821341,0.15696370990041864,39.713208429513244,1.357803593328291,1.0391953487317356,12.636392769354654,1.6316210928418002,0.7198371981862188,3.901477594689891,0.0,0.0,2.6169105912280903,1.452766855404696,0.0,38.975691012816384,352,relaxed
368,local,7.096279056017272,0.044214193020215925,0.003712762043427252,314.363069805982,333.3384172420717,7.041456087548133,0.314437701821341,0.15696370990041864,39.67295770939248,1.3530922761323487,1.0360939172884351,12.626582151496265,1.6311736436147144,0.7171828813949557,3.901477594689891,0.0,0.0,2.591991612676517,1.4527706105597258,0.0,38.975691012816384,352,relaxed
369,local,7.09622045245397,0.044214193020215925,0.003712762043427252,314.363069805982,333.3384172420717,7.041456087548133,0.314437701821341,0.15696370990041864,39.64037319512713,1.3539974585526666,1.038768652951528,12.609446460274125,1.630057036600182,0.7289927316957876,3.901477594689891,0.0,0.0,2.586169869378267,1.45277128865703,0.0,38.975691012816384,352,relaxed
370,local,7.096184233459987,0.04892507805871821,0.003712762043427252,314.363069805982,333.3384172420717,7.041456087548133,0.314437701821341,0.15696370990041864,281.3621776856406,1.2083026484681467,1.0382859153977477,10.133864219167169,1.319382778702081,0.711136347274558,2.8160804413196003,0.1,0.0,2.0766340548791695,1.495912541008472,0.0,38.975691012816384,352,relaxed
371,local,7.096184233459987,0.06561639304128178,0.003712762043427252,314.363069805982,333.3384172420717,7.041456087548133,0.314437701821341,0.15696370990041864,521.8773432801835,0.981782595761038,1.111321834526084,7.091048765302743,1.014476021022875,0.5538842012664087,1.19062503416002,0.2,0.0,1.9630649409195873,1.626021612849407,0.0,38.975691012816384,352,relaxed
372,local,7.096184233459987,0.03860927808256357,0.003712762043427252,314.363069805982,333.3384172420717,7.041456087548133,0.314437701821341,0.15696370990041864,297.1352083516855,1.4235900708883382,1.0462178214530637,15.382527526020041,2.003426614887627,0.6825972147869444,4.540448583194598,0.1,0.0,2.294155312713218,1.4060843486972892,0.0,38.975691012816384,352,relaxed
373,local,7.096184233459987,0.0450625957396031,0.003712762043427252,314.363069805982,333.3384172420717,7.041456087548133,0.314437701821341,0.15696370990041864,289.2430739234573,1.3408641793950467,1.0114815788571065,12.178328272006869,1.5738116674545128,0.7317973791902921,4.208259830097154,0.1,0.0,2.572552513635481,1.4571244665649736,0.0,38.975691012816384,352,relaxed
374,local,7.096184233459987,0.055300593065127135,0.003712762043427252,314.363069805982,333.3384172420717,7.041456087548133,0.314437701821341,0.15696370990041864,274.1329673345978,1.1222574218278496,0.9840029858145221,7.769099410912778,1.0319935235882185,0.6368789051234757,1.6028078296060226,0.1,0.0,2.533157937148687,1.5422580082770423,0.0,38.975691012816384,352,relaxed
375,local,7.096184233459987,0.058516194076315184,0.003712762043427252,314.363069805982,333.3384172420717,7.041456087548133,0.314437701821341,0.15696370990041864,272.64166785477136,1.092537269873387,0.9842888489067938,7.015507367498134,0.955722425162741,0.6176846257242994,1.6135158165044856,0.1,0.0,2.5409423050590343,1.5755611563679692,0.0,38.975691012816384,352,relaxed
376,local,7.096184233459987,0.06022719620831169,0.003712762043427252,314.363069805982,333.3384172420717,7.041456087548133,0.314437701821341,0.15696370990041864,272.42302950485873,1.0649477806295404,0.9853711708296032,6.910431116275673,0.9733851255989603,0.5965455407417186,1.5428853338483453,0.1,0.0,2.3964112281637666,1.5939393756451563,0.0,38.975691012816384,352,relaxed
377,local,7.096184233459987,0.06030854900367984,0.003712762043427252,314.363069805982,333.3384172420717,7.041456087548133,0.314437701821341,0.15696370990041864,272.41692915869857,1.0628883815174546,0.9854916504210534,6.904841221971869,0.9739222477323759,0.5947982138591865,1.5428853338483453,0.1,0.0,2.390869878069428,1.5953544528525707,0.0,38.975691012816384,352,relaxed
378,local,7.096184233459987,0.0623359650190603,0.003712762043427252,314.363069805982,333.3384172420717,7.041456087548133,0.314437701821341,0.15696370990041864,396.98312754250185,1.027849898580615,1.0296948847312912,6.806382892917066,1.001044735755197,0.5821917969706656,1.3085492231937987,0.15,0.0,2.253023686020119,1.6100750798407901,0.0,38.975691012816384,352,relaxed
379,local,7.096184233459987,0.06154068027891019,0.003712762043427252,314.363069805982,333.3384172420717,7.041456087548133,0.314437701821341,0.15696370990041864,271.8431167717947,1.0332512423810738,0.9908464197535846,6.851918713305319,0.9896580190053346,0.5750013796802863,1.249379768545275,0.1,0.0,2.30382262857284,1.6062899295573403,0.0,38.975691012816384,352,relaxed
380,local,7.096184233459987,0.06107004801037395,0.003712762043427252,314.363069805982,333.3384172420717,7.041456087548133,0.314437701821341,0.15696370990041864,271.9954541156423,1.043680858835417,0.9877522874853151,6.881411615572043,0.9829943551992244,0.5838635249856201,1.3308602876590325,0.1,0.0,2.3287799043459385,1.6034400641685949,0.0,38.975691012816384,352,relaxed
381,local,7.096184233459987,0.06184445201891341,0.003712762043427252,314.363069805982,333.3384172420717,7.041456087548133,0.314437701821341,0.15696370990041864,271.88008669642534,1.0340263395115612,0.9970906133493544,6.834645506141861,0.9944761576616953,0.5792096593614537,1.2654244837078226,0.1,0.0,2.2766388844395467,1.6079550294551594,0.0,38.975691012816384,352,relaxed
382,local,7.096184233459987,0.0615867629554736,0.003712762043427252,314.363069805982,333.3384172420717,7.041456087548133,0.314437701821341,0.15696370990041864,271.84873230781255,1.0325743318807545,0.9911712225867582,6.846975785241912,0.9909517896053905,0.5742405469609994,1.249379768545275,0.1,0.0,2.3015493710848878,1.606555409922975,0.0,38.975691012816384,352,relaxed
383,local,7.096184233459987,0.06136091474853181,0.003712762043427252,314.363069805982,333.3384172420717,7.041456087548133,0.314437701821341,0.15696370990041864,271.9978703410729,1.0376117156622433,0.989361703212789,6.867144412381282,0.9870581746971295,0.5775426079938807,1.3308602876590325,0.1,0.0,2.305867374813854,1.6052314450746035,0.0,38.975691012816384,352,relaxed
384,local,7.096184233459987,0.0614720159563113,0.003712762043427252,314.363069805982,333.3384172420717,7.041456087548133,0.314437701821341,0.15696370990041864,271.84703185904124,1.0348096800549575,0.990177960304859,6.8577053513607025,0.9885342528577326,0.5760155324163272,1.2547164968093596,0.1,0.0,2.3023328536150287,1.6058907295931824,0.0,38.975691012816384,352,relaxed
385,local,7.096184233459987,0.061507346688583514,0.003712762043427252,314.363069805982,333.3384172420717,7.041456087548133,0.314437701821341,0.15696370990041864,271.83871704247827,1.0340771703395364,0.9903363868005626,6.854691146148454,0.9891963749604432,0.5752039759348344,1.249379768545275,0.1,0.0,2.301218994109539,1.6060931108900598,0.0,38.975691012816384,352,relaxed
386,local,7.096184233459987,0.061507346688583514,0.003682951198877998,314.363069805982,333.3384172420717,7.041456087548133,0.314437701821341,0.15696370990041864,271.93903613270624,1.026761431786637,1.0126737212103216,6.801874146263212,0.9904232568559117,0.5653431768037367,1.3510288457410853,0.1,0.0,2.2382683168867468,1.6062788267446664,0.0,38.975691012816384,352,relaxed
387,local,7.096184233459987,0.061507346688583514,0.0038365387011220016,314.363069805982,333.3384172420717,7.041456087548133,0.314437701821341,0.15696370990041864,397.87370742285873,1.0686726384059706,1.0343184377563648,7.119971145739069,1.0079471227009613,0.6330997985254744,1.4231892589494308,0.15,0.0,2.5221767798343913,1.6050332453995193,0.0,38.975691012816384,352,relaxed
388,local,7.096184233459987,0.061507346688583514,0.0035880289022440035,314.363069805982,333.3384172420717,7.041456087548133,0.314437701821341,0.15696370990041864,396.35059685354264,0.9950278359520144,1.0956517815853335,6.536908056745011,0.9920369911155305,0.5127452372844887,1.2757325145852283,0.15,0.0,2.0493871439531572,1.6062113518274668,0.0,38.975691012816384,352,relaxed
389,local,7.096184233459987,0.061507346688583514,0.003716284532653498,314.363069805982,333.3384172420717,7.041456087548133,0.314437701821341,0.15696370990041864,272.02211610455,1.0348376250333091,0.9883745363811756,6.858838991809607,0.9894525933673648,0.5755617782996593,1.3308602876590325,0.1,0.0,2.31503129021289,1.606095978217279,0.0,38.975691012816384,352,relaxed
390,local,7.096184233459987,0.061507346688583514,0.0036496178651024987,314.363069805982,333.3384172420717,7.041456087548133,0.314437701821341,0.15696370990041864,271.9172965127946,1.0164426914779217,1.0407481444466502,6.713218876944822,0.9899189670234587,0.5463037828724996,1.415743887008201,0.1,0.0,2.1809183523118216,1.6066188703653626,0.0,38.975691012816384,352,relaxed
391,local,7.096184233459987,0.061507346688583514,0.0036496178651024987,314.36458980337505,333.3384172420717,7.041456087548133,0.314437701821341,0.15696370990041864,271.9131567780277,1.016206474802884,1.0410116336224562,6.71107437053013,0.9898205211524627,0.5461027941076251,1.415743887008201,0.1,0.0,2.1799257823812743,1.6065774661003385,0.0,38.975691012816384,352,relaxed
392,local,7.096184233459987,0.061507346688583514,0.0036496178651024987,314.43541019662496,333.3384172420717,7.041456087548133,0.314437701821341,0.15696370990041864,271.738552806041,1.0071582727135253,1.0526372072465462,6.6150243911201585,0.984956884114727,0.5373920489011812,1.4136530248850454,0.1,0.0,2.1548449884283603,1.6044891344496945,0.0,38.975691012816384,352,relaxed
393,local,7.096184233459987,0.061507346688583514,0.0036496178651024987,314.47917960675005,333.3384172420717,7.041456087548133,0.314437701821341,0.15696370990041864,271.5048567511848,1.0016661561471765,1.060087744316023,6.5518013924291365,0.9827860800085105,0.5316607281567671,1.3478916533908878,0.1,0.0,2.1380103957126,1.6029696657090722,0.0,38.975691012816384,352,relaxed
394,local,7.096184233459987,0.061507346688583514,0.0036496178651024987,314.5062305898749,333.3384172420717,7.041456087548133,0.314437701821341,0.15696370990041864,271.7141799377048,0.9983906629858262,1.064676477722156,6.511815566333063,0.9810568165150002,0.5284646779010238,1.4861980901782679,0.1,0.0,2.128208738686494,1.601905265890294,0.0,38.975691012816384,352,relaxed
395,local,7.096184233459987,0.061507346688583514,0.0036496178651024987,314.47175226630736,333.3384172420717,7.041456087548133,0.314437701821341,0.15696370990041864,271.5086468119725,1.0026270172693996,1.0588730997863327,6.562895838414133,0.9816945590213273,0.5321170010703092,1.3478916533908878,0.1,0.0,2.1415954613201293,1.603245171527251,0.0,38.975691012816384,352,relaxed
396,local,7.096184233459987,0.061507346688583514,0.0036496178651024987,314.4765324346979,333.3384172420717,7.041456087548133,0.314437701821341,0.15696370990041864,271.5112751986265,1.0020238395473575,1.0596630026193758,6.555966131395856,0.9829435588556585,0.5316392545369505,1.3478916533908878,0.1,0.0,2.138696229057125,1.6030666582380964,0.0,38.975691012816384,352,relaxed
397,local,7.096184233459987,0.061507346688583514,0.0036496178651024987,314.4895121628747,333.3384172420717,7.041456087548133,0.314437701821341,0.15696370990041864,271.473907864742,1.0003037879080137,1.0617724883403246,6.5361905779523495,0.9816692887153241,0.5303140270386212,1.3478916533908878,0.1,0.0,2.133950593891149,1.6025734317401,0.0,38.975691012816384,352,relaxed
398,local,7.096184233459987,0.061507346688583514,0.0036496178651024987,314.49589803375034,333.3384172420717,7.041456087548133,0.314437701821341,0.15696370990041864,271.44104196697253,0.9996599673046402,1.0629299101663745,6.526211246811286,0.9804590021482309,0.5293669705863498,1.3437286602225884,0.1,0.0,2.131541271395405,1.602321101632434,0.0,38.975691012816384,352,relaxed
399,local,7.096184233459987,0.061507346688583514,0.0036496178651024987,314.49984471899927,333.3384172420717,7.041456087548133,0.314437701821341,0.15696370990041864,271.71686520601247,0.9991002251537194,1.0636513276925739,6.5211777854752935,0.9802180930331164,0.5297253131617496,1.4861980901782679,0.1,0.0,2.1298193196217485,1.602165181346378,0.0,38.975691012816384,352,relaxed
400,local,7.096184233459987,0.061507346688583514,0.0036496178651024987,314.49345884812357,333.3384172420717,7.041456087548133,0.314437701821341,0.15696370990041864,271.725068803965,0.9999010843316238,1.0625264035523632,6.5298697342900125,0.9810587106927121,0.5297037024371785,1.4802970943023346,0.1,0.0,2.132756272155035,1.6024191478018246,0.0,38.975691012816384,352,relaxed
401,local,7.096184233459987,0.061507346688583514,0.0036496178651024987,314.4974055333725,333.3384172420717,7.041456087548133,0.314437701821341,0.15696370990041864,271.7115787699427,0.9994075355234655,1.0632195437692429,6.525571154936719,0.9803118844373934,0.5301589216516109,1.4802970943023346,0.1,0.0,2.1309707592193474,1.6022611356808334,0.0,38.975691012816384,352,relaxed
402,local,7.096184233459987,0.061507346688583514,0.0036496178651024987,314.4949663477458,333.3384172420717,7.041456087548133,0.314437701821341,0.15696370990041864,271.44340809431543,0.9997125292167957,1.0627689097764412,6.527622611494861,0.9805023818977588,0.5295256731867146,1.3437286602225884,0.1,0.0,2.132056442971589,1.6023594604117164,0.0,38.975691012816384,352,relaxed
403,local,7.096184233459987,0.061507346688583514,0.0036496178651024987,314.49647384736795,333.3384172420717,7.041456087548133,0.314437701821341,0.15696370990041864,271.440442707107,0.9995489098850039,1.0630460975533493,6.526654350756694,0.9803559141684882,0.5302667786406713,1.3437286602225884,0.1,0.0,2.1314397168328494,1.602299938975333,0.0,38.975691012816384,352,relaxed
404,local,7.096184233459987,0.061507346688583514,0.0036496178651024987,314.4967092851089,333.3384172420717,7.041456087548133,0.314437701821341,0.15696370990041864,271.7133004094656,0.9995153260925775,1.0631031965785662,6.526434329946054,0.980371555408221,0.5301583411011913,1.4802970943023346,0.1,0.0,2.131232844883373,1.6022902786024413,0.0,38.975691012816384,352,relaxed
405,local,7.096184233459987,0.061507346688583514,0.0036496178651024987,314.4964405120559,333.3384172420717,7.041456087548133,0.314437701821341,0.15696370990041864,271.4412428402734,0.9995629407653478,1.0629927797963814,6.526639750873699,0.9804431879006839,0.5297026453619875,1.3437286602225884,0.1,0.0,2.1314420315785743,1.6023010888358449,0.0,38.975691012816384,352,relaxed
406,local,7.096184233459987,0.061507346688583514,0.0036496178651024987,314.4965637765828,333.3384172420717,7.041456087548133,0.314437701821341,0.15696370990041864,271.4402980925737,0.9995444286920245,1.063064607197489,6.526548389896801,0.9803529363590832,0.5302352657379265,1.3437286602225884,0.1,0.0,2.131432654640001,1.6022966919067414,0.0,38.975691012816384,352,relaxed
407,local,7.096184233459987,0.061507346688583514,0.0036496178651024987,314.4966193558941,333.3384172420717,7.041456087548133,0.314437701821341,0.15696370990041864,271.7135005814948,0.9995596758569137,1.0630784169760585,6.526672365709618,0.9803586328833017,0.5301845844486851,1.4802970943023346,0.1,0.0,2.1313195697261635,1.6022930446606538,0.0,38.975691012816384,352,relaxed
408,local,7.096184233459987,0.061507346688583514,0.0036496178651024987,314.49652942667933,333.3384172420717,7.041456087548133,0.314437701821341,0.15696370990041864,271.7136417324841,0.9995497615806681,1.0630621429575435,6.526614455655323,0.9803705329342829,0.5302670550931344,1.4802970943023346,0.1,0.0,2.131393910249234,1.6022976334476353,0.0,38.975691012816384,352,relaxed
409,local,7.096184233459987,0.061507346688583514,0.0036496178651024987,314.4965637765828,333.40480876222756,7.041456087548133,0.314437701821341,0.15696370990041864,271.6437177654693,1.003694466703295,1.0523788931705111,6.562119896269986,0.9823335129261566,0.5377615251803155,1.408316296620961,0.1,0.0,2.150178060569201,1.603429881061217,0.0,38.975691012816384,352,relaxed
410,local,7.096184233459987,0.061507346688583514,0.0036496178651024987,314.4965637765828,333.5703928377725,7.041456087548133,0.314437701821341,0.15696370990041864,271.76177473867614,1.0147859198993172,1.0274639293539498,6.669964004390377,0.9879702506385091,0.5561295144791174,1.3596011200490814,0.1,0.0,2.200974584341071,1.6046733544101357,0.0,38.975691012816384,352,relaxed
411,local,7.096184233459987,0.061507346688583514,0.0036496178651024987,314.4965637765828,333.302472175545,7.041456087548133,0.314437701821341,0.15696370990041864,271.6811386615282,0.9973459047011595,1.0689746046643882,6.501441958894754,0.9794285493328392,0.526082710419195,1.4861980901782679,0.1,0.0,2.121746454095416,1.6014126437315095,0.0,38.975691012816384,352,relaxed
412,local,7.096184233459987,0.061507346688583514,0.0036496178651024987,314.4965637765828,333.39905384639445,7.041456087548133,0.314437701821341,0.15696370990041864,271.520604561348,1.0033925684352307,1.0532182584550498,6.5602918458364785,0.9824545614070139,0.5358805285213548,1.3478916533908878,0.1,0.0,2.1486675360804286,1.6033561519011112,0.0,38.975691012816384,352,relaxed
413,local,7.096184233459987,0.061507346688583514,0.0036496178651024987,314.4965637765828,333.3544520308087,7.041456087548133,0.314437701821341,0.15696370990041864,271.4797464430612,1.000529980007948,1.0603516958657027,6.535954193267263,0.9820864466172328,0.5317397726531139,1.3478916533908878,0.1,0.0,2.1358298060166376,1.602626298525308,0.0,38.975691012816384,352,relaxed
414,local,7.096184233459987,0.061507346688583514,0.0036496178651024987,314.4965637765828,333.33459749282827,7.041456087548133,0.314437701821341,0.15696370990041864,271.7181363980442,0.9993391848829309,1.0636710059190448,6.52316506953221,0.9801222586492273,0.5298572735062048,1.4861980901782679,0.1,0.0,2.130021571002179,1.602212211507128,0.0,38.975691012816384,352,relaxed
415,local,7.096184233459987,0.061507346688583514,0.0036496178651024987,314.4965637765828,333.3756265332854,7.041456087548133,0.314437701821341,0.15696370990041864,271.4964247101346,1.001750406932985,1.056971503400909,6.547695288818486,0.9820030185774848,0.5334122202762378,1.3478916533908878,0.1,0.0,2.1416424365031945,1.6030039597622607,0.0,38.975691012816384,352,relaxed
416,local,7.096184233459987,0.061507346688583514,0.0036496178651024987,314.4965637765828,333.3625399710599,7.041456087548133,0.314437701821341,0.15696370990041864,271.4854343628245,1.0010299276676,1.0590954712312455,6.541604763487844,0.9818590180245345,0.532998579919124,1.3478916533908878,0.1,0.0,2.138088104766896,1.6027804830405707,0.0,38.975691012816384,352,relaxed
417,local,7.096184233459987,0.061507346688583514,0.0036496178651024987,314.4965637765828,333.3468682721311,7.041456087548133,0.314437701821341,0.15696370990041864,271.4645597829617,1.0001181340511687,1.061589930562457,6.531837202404344,0.9811609918521331,0.5308908047401208,1.3478916533908878,0.1,0.0,2.1340199309541603,1.6024768682350405,0.0,38.975691012816384,352,relaxed
418,local,7.096184233459987,0.061507346688583514,0.0036496178651024987,314.4965637765828,333.34218125150585,7.041456087548133,0.314437701821341,0.15696370990041864,271.4481143084527,0.9996598012948732,1.0624392431003682,6.527701035586463,0.9808939016004811,0.5298976331706904,1.3437286602225884,0.1,0.0,2.1327696888630774,1.6023789898311793,0.0,38.975691012816384,352,relaxed
419,local,7.096184233459987,0.061507346688583514,0.0036496178651024987,314.4965637765828,333.3392845134535,7.041456087548133,0.314437701821341,0.15696370990041864,271.44066571569255,0.9996056684628604,1.0628877848595604,6.525896420323093,0.9804400900345029,0.5294637274014391,1.3437286602225884,0.1,0.0,2.1316690410669614,1.6023157719940724,0.0,38.975691012816384,352,relaxed
420,local,7.096184233459987,0.061507346688583514,0.0036496178651024987,314.4965637765828,333.3374942308806,7.041456087548133,0.314437701821341,0.15696370990041864,271.712809850274,0.9994632686188837,1.0632235926325817,6.526468651649514,0.9803419570519025,0.5301111239414583,1.4802970943023346,0.1,0.0,2.131002131498725,1.6022754741389815,0.0,38.975691012816384,352,relaxed
421,local,7.096184233459987,0.061507346688583514,0.0036496178651024987,314.4965637765828,333.340390968933,7.041456087548133,0.314437701821341,0.15696370990041864,271.71459735508995,0.9996722789140187,1.062698207072764,6.526079705044867,0.9804555679219245,0.5299865799794455,1.4802970943023346,0.1,0.0,2.132085297391817,1.6023389116374838,0.0,38.975691012816384,352,relaxed
422,local,7.096184233459987,0.061507346688583514,0.0036496178651024987,314.4965637765828,333.3386006863601,7.041456087548133,0.314437701821341,0.15696370990041864,271.4383772676531,0.9995565144027939,1.0630386101868705,6.525301290006462,0.9803095753329394,0.530208179966274,1.3437286602225884,0.1,0.0,2.131196580802326,1.6022996307058766,0.0,38.975691012816384,352,relaxed
423,local,7.096184233459987,0.061507346688583514,0.0036496178651024987,314.4965637765828,333.338178057974,7.041456087548133,0.314437701821341,0.15696370990041864,271.4406789061449,0.9995200067586578,1.0630591463654702,6.526356851351649,0.9804357270874832,0.5296637174928845,1.3437286602225884,0.1,0.0,2.1312373710177868,1.6022902696888461,0.0,38.975691012816384,352,relaxed
424,local,7.096184233459987,0.061507346688583514,0.0036496178651024987,314.4965637765828,333.3387320358071,7.041456087548133,0.314437701821341,0.15696370990041864,271.71131574966824,0.999604914179877,1.0629978828713726,6.525466620596845,0.9802664824756319,0.5302814114799631,1.4802970943023346,0.1,0.0,2.1312556462055023,1.602302432588118,0.0,38.975691012816384,352,relaxed
425,local,7.096184233459987,0.061507346688583514,0.0036496178651024987,314.4965637765828,333.3385673530241,7.041456087548133,0.314437701821341,0.15696370990041864,271.43834985444437,0.9995572755033983,1.063035032492079,6.5252659487373545,0.980309775735791,0.530227384322343,1.3437286602225884,0.1,0.0,2.1312008876792126,1.6022985496469346,0.0,38.975691012816384,352,relaxed
426,local,7.096184233459987,0.061507346688583514,0.0036496178651024987,314.4965637765828,333.3384186555466,7.041456087548133,0.314437701821341,0.15696370990041864,271.4402980925737,0.9995444286920245,1.063064607197489,6.526548389896801,0.9803529363590832,0.5302352657379265,1.3437286602225884,0.1,0.0,2.131432654640001,1.6022966919067414,0.0,38.975691012816384,352,relaxed
427,local,7.096184233459987,0.061507346688583514,0.0036496178651024987,314.4965637765828,333.3385340196885,7.041456087548133,0.314437701821341,0.15696370990041864,271.44084656213687,0.9995534986466028,1.0630186726857638,6.5266921864230225,0.9803875699504608,0.5302691722321977,1.3437286602225884,0.1,0.0,2.1314912519761195,1.6022984715729887,0.0,38.975691012816384,352,relaxed
428,local,7.096184233459987,0.061507346688583514,0.0036496178651024987,314.4965637765828,333.3385673530241,6.873166295010869,0.314437701821341,0.15696370990041864,271.32782417236353,1.0109871438212878,1.048434909706736,6.601453339526174,0.9743748282601296,0.5409730859809047,1.2727941927682564,0.1,0.0,2.1450203347434305,1.5987158002602277,0.0,38.975691012816384,352,relaxed
429,local,7.096184233459987,0.061507346688583514,0.0036496178651024987,314.4965637765828,333.3385673530241,7.024035804989131,0.314437701821341,0.15696370990041864,271.44380547391984,1.0008706084803163,1.0614105323243221,6.535248819441046,0.9795415512050809,0.5312992719891911,1.3437286602225884,0.1,0.0,2.134286077315173,1.6019851694124074,0.0,38.975691012816384,352,relaxed
430,local,7.096184233459987,0.061507346688583514,0.0036496178651024987,314.4965637765828,333.3385673530241,6.7799238099782615,0.314437701821341,0.15696370990041864,271.3423653208199,1.0155368584818671,1.0406249271382422,6.6347101576208445,0.9717783814881601,0.5472521887674506,1.2748850548914124,0.1,0.0,2.147833073626523,1.5963383734671344,0.0,38.975691012816384,352,relaxed
431,local,7.096184233459987,0.061507346688583514,0.0036496178651024987,314.4965637765828,333.3385673530241,6.847129635942731,0.314437701821341,0.15696370990041864,271.3289856502193,1.0123231788175402,1.0462323952072086,6.611799889381855,0.9733748275154717,0.5426272978834611,1.2727941927682564,0.1,0.0,2.1457695074400185,1.598065275768455,0.0,38.975691012816384,352,relaxed
432,local,7.096184233459987,0.061507346688583514,0.0036496178651024987,314.4965637765828,333.3385673530241,6.873611202147297,0.314437701821341,0.15696370990041864,271.32930223952707,1.0109510441126983,1.0484880537231116,6.601247363819314,0.9745232765386789,0.5407499154642115,1.2727941927682564,0.1,0.0,2.145240296624139,1.598726341514621,0.0,38.975691012816384,352,relaxed
433,local,7.096184233459987,0.061507346688583514,0.0036496178651024987,314.4965637765828,333.3385673530241,6.860323402718912,0.314437701821341,0.15696370990041864,271.3451521076893,1.0116117945979672,1.0473693964781097,6.607206186784199,0.9754883303791537,0.541070493228563,1.2727941927682564,0.1,0.0,2.14550108844325,1.598398735166025,0.0,38.975691012816384,352,relaxed
434,local,7.096184233459987,0.061507346688583514,0.0036496178651024987,314.4965637765828,333.3385673530241,6.868260746669195,0.314437701821341,0.15696370990041864,271.3334537116499,1.011273861031785,1.0480484052420327,6.603581654011786,0.9747292053914582,0.5404944946369954,1.2727941927682564,0.1,0.0,2.1450380678308063,1.5985937132551862,0.0,38.975691012816384,352,relaxed
435,local,7.096184233459987,0.061507346688583514,0.0036496178651024987,314.4965637765828,333.3385673530241,6.871292542277805,0.314437701821341,0.15696370990041864,271.3319753516543,1.0110980994567667,1.0483022397734452,6.601977568468032,0.9746971686877369,0.5403368045688359,1.2727941927682564,0.1,0.0,2.1454906422488,1.5986677071836515,0.0,38.975691012816384,352,relaxed
436,local,7.096184233459987,0.061507346688583514,0.0036496178651024987,314.4965637765828,333.3385673530241,6.872450585153352,0.314437701821341,0.15696370990041864,271.32811679789955,1.0109737442687021,1.0483608108765634,6.601577203874425,0.9743471674368726,0.5409170670480608,1.2727941927682564,0.1,0.0,2.1454804355197457,1.5986968190395783,0.0,38.975691012816384,352,relaxed
437,local,7.096184233459987,0.061507346688583514,0.0036496178651024987,314.4965637765828,333.3385673530241,6.872892918171381,0.314437701821341,0.15696370990041864,271.3276695555009,1.0109823853119393,1.0483915339881702,6.601218645159825,0.9743821926569105,0.5410312333483376,1.2727941927682564,0.1,0.0,2.145025944161013,1.5987069404797567,0.0,38.975691012816384,352,relaxed
438,local,7.096184233459987,0.061507346688583514,0.0036496178651024987,314.4965637765828,333.3385673530241,6.87292625400491,0.314437701821341,0.15696370990041864,271.32708421474786,1.0109608060556148,1.0483205125108341,6.601223690217838,0.9743269777350981,0.5409806956980959,1.2727941927682564,0.1,0.0,2.145001977286877,1.5987091464593812,0.0,38.975691012816384,352,relaxed
439,local,7.096184233459987,0.061507346688583514,0.0036496178651024987,314.4965637765828,333.3385673530241,6.873025861306241,0.314437701821341,0.15696370990041864,271.3279049796984,1.0109715488720767,1.048438576840957,6.601267839770216,0.9744038426894808,0.5409378848654434,1.2727941927682564,0.1,0.0,2.1450012892158368,1.5987118611604691,0.0,38.975691012816384,352,relaxed
440,local,7.096184233459987,0.061507346688583514,0.0036496178651024987,314.4965637765828,333.3385673530241,6.872964300608491,0.314437701821341,0.15696370990041864,271.3284327516442,1.0109760913997576,1.0484330474329957,6.601223916591738,0.974459618358052,0.540879658735172,1.2727941927682564,0.1,0.0,2.1450211785486104,1.5987103815002754,0.0,38.975691012816384,352,relaxed
441,local,7.096184233459987,0.061507346688583514,0.0036496178651024987,314.4965637765828,333.3385673530241,6.87292625400491,0.295924348026202,0.15696370990041864,394.5354231814181,0.9406454090211772,1.018460857639275,5.86476526944437,0.9409783461821941,0.5202634193814764,1.108758439260384,0.15,0.0,1.7635344547824148,1.5943074122204155,0.0,38.975691012816384,352,relaxed
442,local,7.096184233459987,0.061507346688583514,0.0036496178651024987,314.4965637765828,333.3385673530241,6.87292625400491,0.305199151973798,0.15696370990041864,395.31656673017164,0.9690132128608081,1.0319825827115081,6.2402063130538865,0.9588667834710061,0.5274875892526244,1.108758439260384,0.15,0.0,1.9853955496104525,1.5965907896993152,0.0,38.975691012816384,352,relaxed
443,local,7.096184233459987,0.061507346688583514,0.0036496178651024987,314.4965637765828,333.3385673530241,6.87292625400491,0.290192203947596,0.15696370990041864,393.9940308439929,0.9266690288007344,1.0242048195602405,5.626641531855173,0.9287210977729771,0.5153448513169319,1.0963782758278087,0.15,0.0,1.608943500141016,1.5928206321763245,0.0,38.975691012816384,352,relaxed
444,local,7.096184233459987,0.061507346688583514,0.0036496178651024987,314.4965637765828,333.3385673530241,6.87292625400491,0.286649544078606,0.15696370990041864,393.67790889287056,0.9118634873446091,1.0234129584131444,5.479041304887351,0.9180147443661266,0.5109683389999784,1.1069641456721484,0.15,0.0,1.5283301799226436,1.5918597289604148,0.0,38.975691012816384,352,relaxed
445,local,7.096184233459987,0.061507346688583514,0.0036496178651024987,314.4965637765828,333.3385673530241,6.87292625400491,0.28446005986899,0.15696370990041864,518.6242402424784,0.9017386837817444,1.0244314379624895,5.388893309685855,0.9127643066904773,0.5047586943098061,1.1785535605307937,0.2,0.0,1.4756786800697907,1.5912591575524597,0.0,38.975691012816384,352,relaxed
446,local,7.096184233459987,0.061507346688583514,0.0036496178651024987,314.4965637765828,333.3385673530241,6.87292625400491,0.2880027197379799,0.15696370990041864,393.7946508287057,0.9176950637327626,1.0237083112743874,5.535583462158036,0.9207757021741958,0.5135483099039273,1.1069641456721484,0.15,0.0,1.5600422392785565,1.5922322845860364,0.0,38.975691012816384,352,relaxed
447,local,7.096184233459987,0.061507346688583514,0.0036496178651024987,314.4965637765828,333.3385673530241,6.87292625400491,0.28581323552836385,0.15696370990041864,518.7339655440221,0.9079869392391954,1.0238470219157034,5.444082119379045,0.9147654764550996,0.5085954915974906,1.1785535605307937,0.2,0.0,1.509245938440705,1.5916327657279878,0.0,38.975691012816384,352,relaxed
448,local,7.096184233459987,0.061507346688583514,0.0036496178651024987,314.4965637765828,333.3385673530241,6.87292625400491,0.2871664111877378,0.15696370990041864,393.72676365750044,0.9140900426271423,1.0237409146367098,5.501271339081086,0.9193455896883984,0.5121275627701717,1.1069641456721484,0.15,0.0,1.5412722486402308,1.5920014773715363,0.0,38.975691012816384,352,relaxed
449,local,7.096184233459987,0.061507346688583514,0.0036496178651024987,314.4965637765828,333.3385673530241,6.87292625400491,0.28633010263749564,0.15696370990041864,518.7834764728435,0.9103994553291106,1.023706897556091,5.465353591660534,0.9163451241481513,0.5102865220740286,1.1785535605307937,0.2,0.0,1.5212897600112343,1.5917735566373916,0.0,38.975691012816384,352,relaxed
450,local,7.096184233459987,0.061507346688583514,0.0036496178651024987,314.4965637765828,333.3385673530241,6.87292625400491,0.28684696974662743,0.15696370990041864,393.6967130432762,0.912654776898399,1.0237562777900653,5.487449206180543,0.9185134006359921,0.5113980997115016,1.1069641456721484,0.15,0.0,1.5335823489052882,1.591913752306663,0.0,38.975691012816384,352,relaxed
451,local,7.096184233459987,0.061507346688583514,0.0036496178651024987,314.4965637765828,333.3385673530241,6.87292625400491,0.2865275283055171,0.15696370990041864,393.6622058961029,0.9112691465074423,1.0237075449603883,5.473571782421164,0.9172208164071506,0.5106970552416824,1.1069641456721484,0.15,0.0,1.526093682214876,1.5918300690034979,0.0,38.975691012816384,352,relaxed
452,local,7.096184233459987,0.061507346688583514,0.0036496178651024987,314.4965637765828,333.3385673530241,6.87292625400491,0.28645211841058454,0.15696370990041864,393.65517040170954,0.9109337279267974,1.0234710377835605,5.470735148730764,0.9170724100103357,0.5104805211803362,1.1069641456721484,0.15,0.0,1.5234581619506553,1.5918085445692363,0.0,38.975691012816384,352,relaxed
