I_target_uA,C_pF,C_th_mW_ns_per_K,S_e_mW_per_K,T0_K,T_init_K,sigma_W_sqrt_s,Rm_factor_scale,Tc_shift_K,w_scale,beta_scale,R_init_ohm,R_fast_ohm,tau_init_ns,tau_fast_ns,Rm_eff_ohm,Tc_eff_K,w_eff_K,beta_eff_per_K,reversal_threshold_K,recommended_dt_ns,dt_ns,dt_over_tau_fast,dt_over_tau_init,dT_step_over_reversal,estimated_steps,feasible,turn_count,pulse_turn_count,n_cycles,V_pp_mV,V_std_mV,baseline_mean_mV,plateau_mean_mV,plateau_std_mV,plateau_vpp_mV,plateau_turn_count,plateau_res_ohm,plateau_dRdT_ohm_per_K,plateau_trace_per_s,plateau_det_per_s2,plateau_discriminant_per_s2,plateau_underdamped,plateau_ring_freq_MHz,plateau_damping_ratio,plateau_tau_env_ns,onset_overshoot_mV,onset_undershoot_mV,turnoff_undershoot_mV,dominant_freq_MHz,spectral_purity,period_cv,amplitude_cv,late_to_early_vpp,unstable,zigzag,oscillatory,trace_score
50.0,145.34619293,49.62776831,0.20558726,328.0,328.0,0.0,1.0,0.0,1.0,1.0,1382.6077353586656,18.197838136784316,200.956770649951,2.6449864927379654,18.197838136784316,333.5701800798817,6.900330335937457,0.29699146992797587,0.01,0.07934959478213896,0.07934959478213896,0.03,0.0003948590262746557,0.005775964328259161,10081.96704969279,1.0,0.0,0.0,0.0,47.01041967769919,13.364158360235747,0.0,39.367241083332694,6.381830430019271,22.196693226067254,0.0,787.344821666654,-212.96716861925415,-9116228.42003077,20636598502231.754,559226597249.7031,0.0,0.0,1.003381629515244,238.99391574460566,-20.026259720949202,39.367241083332694,2.4649060512463166,3.572125513638087,0.7490196002961514,inf,inf,0.49794975092478877,0.0,0.0,0.0,0.11083535927139494
200.0,145.34619293,49.62776831,0.20558726,328.0,328.0,0.0,1.0,0.0,1.0,1.0,1382.6077353586656,18.197838136784316,200.956770649951,2.6449864927379654,18.197838136784316,333.5701800798817,6.900330335937457,0.29699146992797587,0.01,0.07934959478213896,0.07934959478213896,0.03,0.0003948590262746557,0.005775964328259161,10081.96704969279,1.0,0.0,0.0,0.0,187.38331222497024,53.30396480464422,0.0,157.3470945838155,25.434982336042356,88.44510955372581,0.0,786.7354729190777,-213.9850176832545,-9077493.419438642,20975201849001.824,-1499920616055.4531,1.0,0.09745952114477233,0.9910210348493367,220.32513906506156,-79.98461507266953,157.3470945838155,10.798273870058182,3.572125513638087,0.7488612837032078,inf,inf,0.4934943456775679,0.0,0.0,0.0,0.16106886073422513
350.0,145.34619293,49.62776831,0.20558726,328.0,328.0,0.0,1.0,0.0,1.0,1.0,1382.6077353586656,18.197838136784316,200.956770649951,2.6449864927379654,18.197838136784316,333.5701800798817,6.900330335937457,0.29699146992797587,0.01,0.07934959478213896,0.07934959478213896,0.03,0.0003948590262746557,0.005775964328259161,10081.96704969279,1.0,0.0,0.0,0.0,325.2829133559545,92.67656185416622,0.0,274.8785287882646,44.146702102103376,153.42446283403183,0.0,785.3672251093275,-216.22312210003895,-8989148.56539502,21749206358877.465,-6192033504766.516,1.0,0.19801896434684688,0.9637554689640057,222.49048232435257,-139.49976340531805,274.8785287882646,22.701107065415016,3.572125513638087,0.7484889963741466,inf,inf,0.483225096767103,0.0,0.0,0.0,0.19011769403177944
500.0,145.34619293,49.62776831,0.20558726,328.0,328.0,0.0,1.0,0.0,1.0,1.0,1382.6077353586656,18.197838136784316,200.956770649951,2.6449864927379654,18.197838136784316,333.5701800798817,6.900330335937457,0.29699146992797587,0.01,0.07934959478213896,0.07934959478213896,0.03,0.0003948590262746557,0.005775964328259161,10081.96704969279,1.0,0.0,0.0,0.0,458.4333374715287,130.98648822897312,0.0,391.5870751854538,62.22539973376119,216.02698966576895,0.0,783.1741503709076,-219.67491972453138,-8843771.483755648,23028784168667.26,-13902842617779.469,1.0,0.2967166651481804,0.9214505037654017,226.14786052236033,-198.20117135967675,391.5870751854538,41.63274927402642,3.572125513638087,0.7478429719846971,inf,inf,0.46597733438429556,0.0,0.0,0.0,0.18895347007093993
650.0,145.34619293,49.62776831,0.20558726,328.0,328.0,0.0,1.0,0.0,1.0,1.0,1382.6077353586656,18.197838136784316,200.956770649951,2.6449864927379654,18.197838136784316,333.5701800798817,6.900330335937457,0.29699146992797587,0.01,0.07934959478213896,0.07934959478213896,0.03,0.0003948590262746557,0.005775964328259161,10081.96704969279,1.0,0.0,0.0,0.0,583.7206572006925,167.60688527218278,0.0,507.0282298918371,79.31426304425925,274.84966867713155,0.0,780.0434306028263,-224.3186546490621,-8628770.652941924,24936625417816.855,-25290818690195.625,1.0,0.4001949278925188,0.8639728385297485,231.78272785800755,-255.64831294221923,507.0282298918371,72.62629841498875,3.572125513638087,0.7468132162247725,inf,inf,0.43959217630565706,0.0,0.0,0.0,0.18717247190063185
800.0,145.34619293,49.62776831,0.20558726,328.0,328.0,0.0,1.0,0.0,1.0,1.0,1382.6077353586656,18.197838136784316,200.956770649951,2.6449864927379654,18.197838136784316,333.5701800798817,6.900330335937457,0.29699146992797587,0.01,0.07934959478213896,0.07934959478213896,0.03,0.0003948590262746557,0.005775964328259161,10081.96704969279,1.0,0.0,0.0,0.0,696.4218567508468,201.68202086677064,0.0,620.6383033578221,94.94594627779972,327.9636021769282,0.0,775.7978791972778,-230.09970016288554,-8324709.924692501,27670673703157.48,-41381899482356.09,1.0,0.5119120430381915,0.7912782842904219,240.24861143421472,-311.2815381610546,620.6383033578221,123.71811008953136,3.572125513638087,0.7452108972992584,inf,inf,0.4002667243068438,0.0,0.0,0.0,0.18451800389071193
950.0,145.34619293,49.62776831,0.20558726,328.0,328.0,0.0,1.0,0.0,1.0,1.0,1382.6077353586656,18.197838136784316,200.956770649951,2.6449864927379654,18.197838136784316,333.5701800798817,6.900330335937457,0.29699146992797587,0.01,0.07934959478213896,0.07934959478213896,0.03,0.0003948590262746557,0.005775964328259161,10081.96704969279,1.0,0.0,0.0,0.0,788.6823677455744,231.97439439774007,0.0,731.6561625228234,108.47308826387884,372.5143196520091,0.0,770.164381602972,-236.9012526597958,-7902553.161051605,31544779248430.86,-63728770530476.73,1.0,0.6352693553829574,0.7035155223123153,253.08276442316992,-364.34383477389713,731.6561625228234,208.39171215863212,3.572125513638087,0.7427186980198478,inf,inf,0.3411874148074082,0.0,0.0,0.0,0.18053015049950005
1100.0,145.34619293,49.62776831,0.20558726,328.0,328.0,0.0,1.0,0.0,1.0,1.0,1382.6077353586656,18.197838136784316,200.956770649951,2.6449864927379654,18.197838136784316,333.5701800798817,6.900330335937457,0.29699146992797587,0.01,0.07934959478213896,0.07934959478213896,0.03,0.0003948590262746557,0.005775964328259161,10081.96704969279,1.0,1.0,1.0,0.0,858.4249372633453,256.6415788408116,0.0,838.9871579126258,118.95858502436411,403.9613686208543,0.0,762.7155981023873,-244.4973375441657,-7319198.427371565,37061988997446.15,-94677290370546.2,1.0,0.7743067514070674,0.6011310544458592,273.25396624316284,-413.7447758615409,838.9871579126258,348.40672722356703,3.572125513638087,0.7388153538434148,inf,inf,0.26757252649346996,0.0,0.0,0.0,0.1755611455383092
1250.0,145.34619293,49.62776831,0.20558726,328.0,328.0,0.0,1.0,0.0,1.0,1.0,1382.6077353586656,18.197838136784316,200.956770649951,2.6449864927379654,18.197838136784316,333.5701800798817,6.900330335937457,0.29699146992797587,0.01,0.07934959478213896,0.07934959478213896,0.03,0.0003948590262746557,0.005775964328259161,10081.96704969279,1.0,1.0,1.0,0.0,920.3718483611144,273.1037971664166,0.0,940.9448914425184,125.01362935611405,414.60963836668213,1.0,752.7559131540147,-252.47883767977552,-6510153.17025239,45051369452619.03,-137823383510328.88,1.0,0.9342252254829403,0.48496144443837297,307.2124338239592,-457.80230922763667,940.9448914425184,566.8710471993668,3.572125513638087,0.7327068656477591,inf,inf,0.20402056177400604,0.0,0.0,0.0,0.17127138791974542
1400.0,145.34619293,49.62776831,0.20558726,328.0,328.0,0.0,1.0,0.0,1.0,1.0,1382.6077353586656,18.197838136784316,200.956770649951,2.6449864927379654,18.197838136784316,333.5701800798817,6.900330335937457,0.29699146992797587,0.01,0.07934959478213896,0.07934959478213896,0.03,0.0003948590262746557,0.005775964328259161,10081.96704969279,1.0,1.0,1.0,0.0,976.2080522577629,279.60299924510247,0.0,1034.7110472550166,124.68017142913844,410.48927029524066,1.0,739.079319467869,-260.1390049836775,-5377193.156876897,56937016027728.49,-198833857864550.25,1.0,1.1221096711944123,0.35631022892414843,371.9412603659583,-493.702611213286,1034.7110472550166,835.44424537223,3.572125513638087,0.7234421707912573,inf,inf,0.30583672068091333,0.0,0.0,0.0,0.17814397864596165
1550.0,145.34619293,49.62776831,0.20558726,328.0,328.0,0.0,1.0,0.0,1.0,1.0,1382.6077353586656,18.197838136784316,200.956770649951,2.6449864927379654,18.197838136784316,333.5701800798817,6.900330335937457,0.29699146992797587,0.01,0.07934959478213896,0.07934959478213896,0.03,0.0003948590262746557,0.005775964328259161,10081.96704969279,1.0,1.0,1.0,0.0,1026.9113758140786,286.5139077194311,0.0,1115.078583537796,116.49232559218974,401.51040136028405,1.0,719.40553776632,-266.30040140563267,-3766778.524084105,75303484368447.81,-287025317024290.0,1.0,1.3481873213740145,0.21703638846186363,530.9576836578947,-516.2433031599533,1115.078583537796,1039.816119326103,3.572125513638087,0.7098372931575794,inf,inf,0.6466716651355562,0.0,0.0,0.0,0.20115033739665006
1650.0,145.34619293,49.62776831,0.20558726,328.0,328.0,0.0,1.0,0.0,1.0,1.0,1382.6077353586656,18.197838136784316,200.956770649951,2.6449864927379654,18.197838136784316,333.5701800798817,6.900330335937457,0.29699146992797587,0.01,0.07934959478213896,0.07934959478213896,0.03,0.0003948590262746557,0.005775964328259161,10081.96704969279,1.0,1.0,1.0,0.0,1058.242531514341,307.31382558389606,0.0,1156.3285950316465,110.3365649743032,393.2274885806014,1.0,700.8052091100889,-268.67692812514906,-2311080.8587402795,93460537980110.06,-368501057184804.56,1.0,1.52759949118333,0.11952837262105409,865.3959433899497,-518.966148414783,1156.3285950316465,1115.4032019881204,3.572125513638087,0.6951717907629988,inf,inf,0.8561303618498035,0.0,0.0,0.0,0.21528879942486173
1700.0,145.34619293,49.62776831,0.20558726,328.0,328.0,0.0,1.0,0.0,1.0,1.0,1382.6077353586656,18.197838136784316,200.956770649951,2.6449864927379654,18.197838136784316,333.5701800798817,6.900330335937457,0.29699146992797587,0.01,0.07934959478213896,0.07934959478213896,0.03,0.0003948590262746557,0.005775964328259161,10081.96704969279,1.0,1.0,1.0,0.0,1073.237980242767,323.676660650365,0.0,1171.3653927483113,111.63108868022344,388.473443976344,1.0,689.038466322536,-269.06417632157206,-1430541.719018259,105188033288754.45,-418705683545166.1,1.0,1.6283380226201938,0.0697408705898173,1398.0717747767223,-514.7471382697652,1171.3653927483113,1138.7720331237254,3.572125513638087,0.6841939994084305,inf,inf,0.924876639017016,0.0,0.0,0.0,0.21992917313364857
1750.0,145.34619293,49.62776831,0.20558726,328.0,328.0,0.0,1.0,0.0,1.0,1.0,1382.6077353586656,18.197838136784316,200.956770649951,2.6449864927379654,18.197838136784316,333.5701800798817,6.900330335937457,0.29699146992797587,0.01,0.07934959478213896,0.07934959478213896,0.03,0.0003948590262746557,0.005775964328259161,10081.96704969279,1.0,1.0,1.0,0.0,1087.8145833386639,342.2779568603115,0.0,1181.470714818374,120.71181387065573,433.9175647399618,1.0,675.1261227533566,-268.75762760200183,-425277.38787520584,119284626578831.7,-476957645458688.9,1.0,1.73792104943552,0.019469287504609443,4702.812933442127,-505.602090084486,1181.470714818374,1153.8324011498999,3.572125513638087,0.6694549821587902,inf,inf,0.9696307281381301,0.0,0.0,0.0,0.2229500741493238
1800.0,145.34619293,49.62776831,0.20558726,328.0,328.0,0.0,1.0,0.0,1.0,1.0,1382.6077353586656,18.197838136784316,200.956770649951,2.6449864927379654,18.197838136784316,333.5701800798817,6.900330335937457,0.29699146992797587,0.01,0.07934959478213896,0.07934959478213896,0.03,0.0003948590262746557,0.005775964328259161,10081.96704969279,1.0,1.0,1.0,0.0,1101.9909733490863,361.6513741573935,0.0,1185.6675350176424,141.4723066902279,574.9782284189408,1.0,658.7041861209125,-267.6158308399411,726390.9748502634,136388991870330.5,-545028323632978.06,1.0,1.8578030518110067,-0.031099312208704103,,-490.55417215640045,1185.6675350176424,1160.8259165133763,3.572125513638087,0.6517200329980996,inf,inf,0.9958664924957474,0.0,0.0,0.0,0.22472098824346298
1850.0,145.34619293,49.62776831,0.20558726,328.0,328.0,0.0,1.0,0.0,1.0,1.0,1382.6077353586656,18.197838136784316,200.956770649951,2.6449864927379654,18.197838136784316,333.5701800798817,6.900330335937457,0.29699146992797587,0.01,0.07934959478213896,0.07934959478213896,0.03,0.0003948590262746557,0.005775964328259161,10081.96704969279,1.0,2.0,2.0,1.0,1115.7849705444817,380.74398426523044,0.0,1183.2638633203176,175.03307868270585,729.4237160337567,1.0,639.6020882812528,-265.4785126386913,2050796.3664516825,157362323765277.6,-625243529324459.0,1.0,1.989824339858088,-0.08174141729062336,,-468.91159230392884,1183.2638633203176,1159.8680831683587,3.572125513638087,0.6317298039565871,0.0,0.9999983336275795,1.0094023752936683,0.0,0.0,0.0,0.3375
1900.0,145.34619293,49.62776831,0.20558726,328.0,328.0,0.0,1.0,0.0,1.0,1.0,1382.6077353586656,18.197838136784316,200.956770649951,2.6449864927379654,18.197838136784316,333.5701800798817,6.900330335937457,0.29699146992797587,0.01,0.07934959478213896,0.07934959478213896,0.03,0.0003948590262746557,0.005775964328259161,10081.96704969279,1.0,2.0,2.0,1.0,1129.2129271419064,398.9468940295336,0.0,1174.2809912550474,218.75427345783592,878.5656122874142,1.0,618.0426269763408,-262.1658730892628,3580102.3140169345,183385211253294.0,-720723712434346.6,1.0,2.136360509472648,-0.1321853385562765,,-440.6958433661779,1174.2809912550474,1151.509921103945,3.572125513638087,0.61034491824742,0.0,0.9936631006636455,1.0182280299387036,0.0,0.0,0.0,0.3375
1950.0,145.34619293,49.62776831,0.20558726,328.0,328.0,0.0,1.0,0.0,1.0,1.0,1382.6077353586656,18.197838136784316,200.956770649951,2.6449864927379654,18.197838136784316,333.5701800798817,6.900330335937457,0.29699146992797587,0.01,0.07934959478213896,0.07934959478213896,0.03,0.0003948590262746557,0.005775964328259161,10081.96704969279,1.0,2.0,2.0,1.0,1150.4532526934286,415.97930552104805,0.0,1159.6194963784421,267.8185554019822,1005.3010731308834,1.0,594.6766648094574,-257.4788241115397,5353787.345012359,216105877501641.22,-835760471070950.4,1.0,2.3005466764769595,-0.1820949206635822,,-406.80770782512343,1159.6194963784421,1137.0002462659493,3.572125513638087,0.5883780700914507,0.0,0.9791698818232243,1.0267470765718518,0.0,0.0,0.0,0.3375
2000.0,145.34619293,49.62776831,0.20558726,328.0,328.0,0.0,1.0,0.0,1.0,1.0,1382.6077353586656,18.197838136784316,200.956770649951,2.6449864927379654,18.197838136784316,333.5701800798817,6.900330335937457,0.29699146992797587,0.01,0.07934959478213896,0.07934959478213896,0.03,0.0003948590262746557,0.005775964328259161,10081.96704969279,1.0,2.0,2.0,1.0,1180.2219711852667,431.7630219221896,0.0,1140.7296741109617,317.5720348891817,1102.8842583122223,1.0,570.3648370554808,-251.20080140747027,7420481.436602296,257872262032202.97,-976425503377852.6,1.0,2.4866215501761846,-0.23104670129107727,,-368.6976897953198,1140.7296741109617,1118.0183814248435,3.572125513638087,0.5665004736816176,0.0,0.9609362959417743,1.0351632273676696,0.0,0.0,0.0,0.3375
50.0,20.0,5.0,0.2,328.39493232792864,331.84509749589733,0.0,4.0,0.0,1.0,1.0,493.98759373010444,72.79135254713727,9.879751874602087,1.4558270509427451,72.79135254713727,333.5701800798817,6.900330335937457,0.29699146992797587,0.01,0.03434473893559105,0.03434473893559105,0.02359122185107808,0.0034762754542329334,0.01,23293.232815083928,1.0,0.0,0.0,0.0,31.918287256802635,6.282045227023079,0.0,66.98651032781666,0.39192725681439944,1.631571841442863,0.0,1339.7302065563335,-232.47909222301564,-77044800.80146003,1490735417509593.5,-27040339501718.0,1.0,0.4138054497894093,0.9977300579249533,25.95892233083818,-5.418931145554545,66.98651032781666,62.82361243098713,3.571705228026265,0.7398031826953363,inf,inf,0.005009706875680118,0.0,0.0,0.0,0.07212873862655736
200.0,20.0,5.0,0.2,328.39493232792864,331.84509749589733,0.0,4.0,0.0,1.0,1.0,493.98759373010444,72.79135254713727,9.879751874602087,1.4558270509427451,72.79135254713727,333.5701800798817,6.900330335937457,0.29699146992797587,0.01,0.03434473893559105,0.03434473893559105,0.02359122185107808,0.0034762754542329334,0.01,23293.232815083928,1.0,1.0,1.0,0.0,116.51274394933918,21.96251792398728,0.0,257.5757121280722,0.45333284325455314,2.381423466601916,1.0,1287.8785606403612,-242.73771957630285,-76857021.09559512,1627403229857552.0,-602611227741454.0,1.0,1.953478993854972,0.9525898838566477,26.022346058825136,-14.675300692976236,257.5757121280722,242.51440383626974,3.571705228026265,0.7217454121160493,inf,inf,0.0018202043230060307,0.0,0.0,0.0,0.10236745161356502
350.0,20.0,5.0,0.2,328.39493232792864,331.84509749589733,0.0,4.0,0.0,1.0,1.0,493.98759373010444,72.79135254713727,9.879751874602087,1.4558270509427451,72.79135254713727,333.5701800798817,6.900330335937457,0.29699146992797587,0.01,0.03434473893559105,0.03434473893559105,0.02359122185107808,0.0034762754542329334,0.01,23293.232815083928,1.0,2.0,2.0,1.0,171.3347842684041,28.052342355636974,0.0,411.9491044968573,2.186256358244697,7.528168339954902,1.0,1176.9974414195922,-258.794249941944,-76308320.06699935,1978038226343911.5,-2089193193928031.0,1.0,3.637302634390489,0.8578760764551623,26.209461802382535,-0.9623071232129519,411.9491044968573,390.63931119899416,3.571705228026265,0.5912613766175592,0.0,0.990491482411934,0.00543212929076021,0.0,0.0,0.0,0.23484719106375185
500.0,20.0,5.0,0.2,328.39493232792864,331.84509749589733,0.0,4.0,0.0,1.0,1.0,493.98759373010444,72.79135254713727,9.879751874602087,1.4558270509427451,72.79135254713727,333.5701800798817,6.900330335937457,0.29699146992797587,0.01,0.03434473893559105,0.03434473893559105,0.02359122185107808,0.0034762754542329334,0.01,23293.232815083928,1.0,3.0,3.0,1.0,198.95075940939307,26.223713545657194,0.0,512.8266519534822,3.379101400669035,16.402974742230924,2.0,1025.6533039069643,-268.59110306135454,-75469790.2649727,2609351183239313.5,-4741715490318286.0,1.0,5.479713872401653,0.7387149372712448,26.500669910146105,38.50828638749181,512.8266519534822,490.2395950288428,3.571705228026265,0.378478254672507,0.0,0.9344573410185559,0.006724766227060197,0.0,0.0,0.0,0.24487619510770806
650.0,20.0,5.0,0.2,328.39493232792864,331.84509749589733,0.0,4.0,0.0,1.0,1.0,493.98759373010444,72.79135254713727,9.879751874602087,1.4558270509427451,72.79135254713727,333.5701800798817,6.900330335937457,0.29699146992797587,0.01,0.03434473893559105,0.03434473893559105,0.02359122185107808,0.0034762754542329334,0.01,23293.232815083928,1.0,4.0,4.0,2.0,207.19309262208827,31.643432201952916,0.0,565.2641341571319,3.2242750796291384,9.47259218017939,2.0,869.6371294725107,-265.52772703380236,-74789267.70312135,3567355498295813.5,-8675987429614104.0,1.0,7.4122420513066665,0.626089023751395,26.74180482604898,98.94194172140794,565.2641341571319,544.4872835018408,3.571705228026265,0.4116802977882222,0.06516442838614091,1.5326466718435583,0.005664922267386334,0.0,0.0,0.0,0.2647658925814485
800.0,20.0,5.0,0.2,328.39493232792864,331.84509749589733,0.0,4.0,0.0,1.0,1.0,493.98759373010444,72.79135254713727,9.879751874602087,1.4558270509427451,72.79135254713727,333.5701800798817,6.900330335937457,0.29699146992797587,0.01,0.03434473893559105,0.03434473893559105,0.02359122185107808,0.0034762754542329334,0.01,23293.232815083928,1.0,5.0,5.0,2.0,201.8662906632003,49.41783522494429,0.0,588.8492309492583,6.308814034350152,28.921975163037132,2.0,736.061538686573,-250.63994710264294,-75563261.8016402,4899798910029563.0,-1.3889389106015036e+16,1.0,9.378463841064379,0.5397486597214725,26.46788865798521,173.73662768050542,588.8492309492583,571.039511623234,3.571705228026265,0.37002848823346346,0.015571503062656736,1.3953983672563013,0.014796963736827514,0.0,0.0,0.0,0.26759071227082815
950.0,20.0,5.0,0.2,328.39493232792864,331.84509749589733,0.0,4.0,0.0,1.0,1.0,493.98759373010444,72.79135254713727,9.879751874602087,1.4558270509427451,72.79135254713727,333.5701800798817,6.900330335937457,0.29699146992797587,0.01,0.03434473893559105,0.03434473893559105,0.02359122185107808,0.0034762754542329334,0.01,23293.232815083928,1.0,6.0,6.0,3.0,313.1135995273045,70.187552102309,0.0,596.1817328491965,3.8782823322666835,24.158443083644897,3.0,627.5597187886278,-229.6354996317892,-78564727.88562796,6500990346823045.0,-1.9831544919549412e+16,1.0,11.206459088135668,0.48720064478115593,25.456716440379413,253.93513501880352,596.1817328491965,581.4285684691977,3.571705228026265,0.3154888267944962,0.019604882714776534,1.7216068369961204,0.00633648529683908,0.0,0.0,1.0,0.6971048884810069
1100.0,20.0,5.0,0.2,328.39493232792864,331.84509749589733,0.0,4.0,0.0,1.0,1.0,493.98759373010444,72.79135254713727,9.879751874602087,1.4558270509427451,72.79135254713727,333.5701800798817,6.900330335937457,0.29699146992797587,0.01,0.03434473893559105,0.03434473893559105,0.02359122185107808,0.0034762754542329334,0.01,23293.232815083928,1.0,8.0,8.0,4.0,434.8125945347843,88.96226678576546,0.0,591.2111589404441,5.438001236777788,20.677792623908886,4.0,537.4646899458584,-207.06379787287867,-83142580.54614066,8381180143267667.0,-2.661203187319918e+16,1.0,12.98162780750206,0.45408893197767114,24.055062843401686,338.02637596472925,591.2111589404441,579.1963406866138,3.571705228026265,0.27916045221062213,0.17628541993778551,1.9812057534727485,0.004713603975752466,0.0,0.0,1.0,0.7207338016273532
1200.0,20.0,5.0,0.2,328.39493232792864,331.84509749589733,0.0,4.0,0.0,1.0,1.0,493.98759373010444,72.79135254713727,9.879751874602087,1.4558270509427451,72.79135254713727,333.5701800798817,6.900330335937457,0.29699146992797587,0.01,0.03434473893559105,0.03434473893559105,0.02359122185107808,0.0034762754542329334,0.01,23293.232815083928,1.0,8.0,8.0,4.0,515.4840394430458,99.43020140132646,0.0,583.4814336086724,5.086232827808778,26.312473611519977,4.0,486.234528007227,-191.6627520944678,-87657540.16528296,9808237577485672.0,-3.1549105962114492e+16,1.0,14.13460460832516,0.4425514777496936,22.81606346959877,394.68902291044355,583.4814336086724,573.0575098634179,3.571705228026265,0.2658389068589818,0.051774796650375245,1.949419447926383,0.002365674883974209,0.0,0.0,1.0,0.7405096264154083
1250.0,20.0,5.0,0.2,328.39493232792864,331.84509749589733,0.0,4.0,0.0,1.0,1.0,493.98759373010444,72.79135254713727,9.879751874602087,1.4558270509427451,72.79135254713727,333.5701800798817,6.900330335937457,0.29699146992797587,0.01,0.03434473893559105,0.03434473893559105,0.02359122185107808,0.0034762754542329334,0.01,23293.232815083928,1.0,9.0,9.0,4.0,554.8257398974679,103.9629858207312,0.0,578.9509789801342,4.282479590124312,26.11430359094959,4.0,463.1607831841074,-184.143914649619,-90396261.13303386,1.0554543754869862e+16,-3.40466909926478e+16,1.0,14.68343248035005,0.4399473844172281,22.12480886855101,422.6916767505377,578.9509789801342,569.2520274194976,3.571705228026265,0.26155260263007196,0.028395669350260812,1.9405132261323574,0.0024700569087113557,0.0,0.0,1.0,0.7448481847466313
1300.0,20.0,5.0,0.2,328.39493232792864,331.84509749589733,0.0,4.0,0.0,1.0,1.0,493.98759373010444,72.79135254713727,9.879751874602087,1.4558270509427451,72.79135254713727,333.5701800798817,6.900330335937457,0.29699146992797587,0.01,0.03434473893559105,0.03434473893559105,0.02359122185107808,0.0034762754542329334,0.01,23293.232815083928,1.0,9.0,9.0,4.0,593.2374527571067,108.0143561061812,0.0,574.2169930785317,3.3503376087964,23.320443790849936,4.0,441.70537929117825,-176.86332939297674,-93392191.30506724,1.1316132185465158e+16,-3.654242734509835e+16,1.0,15.212088104056969,0.438966687922301,21.415066635142594,450.2893814156855,574.2169930785317,565.1977042787089,3.571705228026265,0.2584102416631614,0.02992446717508542,1.9356161811058146,0.0023249484389465665,0.0,0.0,1.0,0.7445377399780406
1350.0,20.0,5.0,0.2,328.39493232792864,331.84509749589733,0.0,4.0,0.0,1.0,1.0,493.98759373010444,72.79135254713727,9.879751874602087,1.4558270509427451,72.79135254713727,333.5701800798817,6.900330335937457,0.29699146992797587,0.01,0.03434473893559105,0.03434473893559105,0.02359122185107808,0.0034762754542329334,0.01,23293.232815083928,1.0,9.0,9.0,4.0,630.5779481963691,111.5824200595675,0.0,569.4026059831855,2.543326679325194,18.913663334185003,5.0,421.779708135693,-169.8532532176042,-96599056.52460745,1.2092734267720638e+16,-3.903955934943825e+16,1.0,15.723259764915925,0.43921850995953654,20.704135961105624,477.3959838340621,569.4026059831855,561.0194409193057,3.571705228026265,0.25610525801740774,0.031798295659808136,1.93424455550576,0.0017260444836438567,0.0,0.0,1.0,0.7440952415853749
1400.0,20.0,5.0,0.2,328.39493232792864,331.84509749589733,0.0,4.0,0.0,1.0,1.0,493.98759373010444,72.79135254713727,9.879751874602087,1.4558270509427451,72.79135254713727,333.5701800798817,6.900330335937457,0.29699146992797587,0.01,0.03434473893559105,0.03434473893559105,0.02359122185107808,0.0034762754542329334,0.01,23293.232815083928,1.0,10.0,10.0,5.0,666.7471831452119,114.67013231462947,0.0,564.5833500931479,2.0506323245405533,13.939480450152587,5.0,403.27382149510566,-163.11068868482343,-99994406.84815392,1.2886162499517058e+16,-4.15457685971541e+16,1.0,16.220100280196963,0.44043711688868636,20.001118692939407,503.9693690607984,564.5833500931479,556.7948242182357,3.571705228026265,0.2543487409720157,0.1675884843322649,2.221434844423897,0.0010335058669362258,0.0,0.0,1.0,0.7714482534887203
1450.0,20.0,5.0,0.2,328.39493232792864,331.84509749589733,0.0,4.0,0.0,1.0,1.0,493.98759373010444,72.79135254713727,9.879751874602087,1.4558270509427451,72.79135254713727,333.5701800798817,6.900330335937457,0.29699146992797587,0.01,0.03434473893559105,0.03434473893559105,0.02359122185107808,0.0034762754542329334,0.01,23293.232815083928,1.0,3.0,3.0,1.0,439.41881712899567,90.06441880851087,0.0,658.3110890433446,0.8055417875572081,3.675802921306854,0.0,454.00764761609975,-18.977986550901168,-142080284.61488298,5280653284915085.0,-935805863414188.0,1.0,2.4343499869132876,0.9775973055652758,14.076548378412378,431.48867702694554,658.3110890433446,657.8594078276076,3.571705228026265,0.6547368152829927,0.0,0.9626589278265842,0.00018884472504241136,0.0,0.0,0.0,0.2700127470189404
1500.0,20.0,5.0,0.2,328.39493232792864,331.84509749589733,0.0,4.0,0.0,1.0,1.0,493.98759373010444,72.79135254713727,9.879751874602087,1.4558270509427451,72.79135254713727,333.5701800798817,6.900330335937457,0.29699146992797587,0.01,0.03434473893559105,0.03434473893559105,0.02359122185107808,0.0034762754542329334,0.01,23293.232815083928,1.0,4.0,4.0,2.0,362.18127409890417,74.40614825960937,0.0,754.4010640751783,0.8256688487933395,3.8240692096509292,1.0,502.9340427167855,-29.013523399723983,-126308503.7244384,5271925090493665.0,-5133862248868192.0,1.0,5.701803441193201,0.86979714822922,15.834246634441259,356.1649519864336,754.4010640751783,753.1691120609396,3.571705228026265,0.6568174276662998,0.12188708674532282,1.6919232905688644,7.13010927261967e-05,0.0,0.0,0.0,0.2827267897618274
1550.0,20.0,5.0,0.2,328.39493232792864,331.84509749589733,0.0,4.0,0.0,1.0,1.0,493.98759373010444,72.79135254713727,9.879751874602087,1.4558270509427451,72.79135254713727,333.5701800798817,6.900330335937457,0.29699146992797587,0.01,0.03434473893559105,0.03434473893559105,0.02359122185107808,0.0034762754542329334,0.01,23293.232815083928,1.0,5.0,5.0,2.0,329.4336533488964,69.69373359346707,0.0,808.9763089096396,1.058350486068049,5.160898576195336,2.0,521.9201992965417,-38.25169285372821,-117369008.10779363,5590116646698780.0,-8584982522587794.0,1.0,7.373265010908363,0.784897604409666,17.040273512094156,321.90149975668965,808.9763089096396,806.9722048530199,3.571705228026265,0.6308491088197165,0.035049323625344284,1.6761771388470807,0.0003897598398136025,0.0,0.0,0.0,0.28947868675390864
1600.0,20.0,5.0,0.2,328.39493232792864,331.84509749589733,0.0,4.0,0.0,1.0,1.0,493.98759373010444,72.79135254713727,9.879751874602087,1.4558270509427451,72.79135254713727,333.5701800798817,6.900330335937457,0.29699146992797587,0.01,0.03434473893559105,0.03434473893559105,0.02359122185107808,0.0034762754542329334,0.01,23293.232815083928,1.0,5.0,5.0,2.0,316.1777137872291,70.16036048331105,0.0,846.9987160580525,1.3663473994141784,7.512586302968657,2.0,529.3741975362828,-47.03357323474693,-110329443.01978885,6050732082867409.0,-1.2030342334412802e+16,1.0,8.728289225792002,0.709181615009565,18.127527387601123,303.7597626616813,846.9987160580525,844.221438645056,3.571705228026265,0.5850154612474969,0.0007498311396343738,1.6359812112816088,0.0007942002568340458,0.0,0.0,0.0,0.292486174279061
1700.0,20.0,5.0,0.2,328.39493232792864,331.84509749589733,0.0,4.0,0.0,1.0,1.0,493.98759373010444,72.79135254713727,9.879751874602087,1.4558270509427451,72.79135254713727,333.5701800798817,6.900330335937457,0.29699146992797587,0.01,0.03434473893559105,0.03434473893559105,0.02359122185107808,0.0034762754542329334,0.01,23293.232815083928,1.0,6.0,6.0,3.0,335.76368424746136,80.20224853194772,0.0,892.7743601214479,1.5033409843067738,10.457961707723484,3.0,525.1613883067341,-62.19358906400225,-99331307.50183074,7234307244297120.0,-1.9070520327165224e+16,1.0,10.989334864493689,0.5839258232870883,20.13463881931826,301.020181071724,892.7743601214479,888.621231901617,3.571705228026265,0.4759481635709106,0.02182613437969818,1.9477479363284722,0.0012278473162754134,0.0,0.0,1.0,0.6959121911606269
1850.0,20.0,5.0,0.2,328.39493232792864,331.84509749589733,0.0,4.0,0.0,1.0,1.0,493.98759373010444,72.79135254713727,9.879751874602087,1.4558270509427451,72.79135254713727,333.5701800798817,6.900330335937457,0.29699146992797587,0.01,0.03434473893559105,0.03434473893559105,0.02359122185107808,0.0034762754542329334,0.01,23293.232815083928,1.0,8.0,8.0,4.0,495.3640977381838,105.75050070287755,0.0,919.896416886209,5.98194032518779,25.208813474905583,5.0,497.24130642497795,-79.1627654502087,-86448514.60465339,9478748275673090.0,-3.044164742534139e+16,1.0,13.884307124318264,0.443968384680047,23.135157488204467,388.0693312992678,919.896416886209,914.1629491294784,3.571705228026265,0.32228856899526487,0.08957567838998791,1.9758617213349265,0.0023089642646621144,0.0,0.0,1.0,0.733904039590756
2000.0,20.0,5.0,0.2,328.39493232792864,331.84509749589733,0.0,4.0,0.0,1.0,1.0,493.98759373010444,72.79135254713727,9.879751874602087,1.4558270509427451,72.79135254713727,333.5701800798817,6.900330335937457,0.29699146992797587,0.01,0.03434473893559105,0.03434473893559105,0.02359122185107808,0.0034762754542329334,0.01,23293.232815083928,1.0,9.0,9.0,4.0,736.2698488836724,136.8979762200735,0.0,917.91987415751,8.078526745546515,55.87922202353616,5.0,458.959937078755,-90.53226902334521,-76536718.69590864,1.2302254998501876e+16,-4.3351150685270856e+16,1.0,16.56877692319391,0.3450225503292571,26.131248295949124,509.12550366292396,917.91987415751,911.085899924985,3.571705228026265,0.21509231551673175,0.015369754873053617,1.6953527657419476,0.00714625529389608,0.0,0.0,1.0,0.7270999073369174
50.0,80.0,40.0,0.1,334.60522963027233,334.9502461470692,0.0,8.0,4.0,1.2,1.2,519.9112583169818,145.58270509427453,41.59290066535854,11.646616407541961,145.58270509427453,337.5701800798817,8.280396403124948,0.356389763913571,0.003,0.04121368672270927,0.04121368672270927,0.0035386832776617126,0.0009908827242971032,0.024000000000000007,19411.02734590327,1.0,0.0,0.0,0.0,18.380051559207573,4.299072481496742,0.0,27.199225203956928,0.9109196739536884,3.402296847991817,0.0,543.9845040791387,-224.4805502614758,-24627871.980012983,55647821692413.734,383940791494253.7,0.0,0.0,1.6507176972086883,397.3406126547873,-5.74731013103586,27.199225203956928,21.64249101074601,3.571880492033722,0.7486380847608393,inf,inf,0.06962255078354815,0.0,0.0,0.0,0.0721995221778895
200.0,80.0,40.0,0.1,334.60522963027233,334.9502461470692,0.0,8.0,4.0,1.2,1.2,519.9112583169818,145.58270509427453,41.59290066535854,11.646616407541961,145.58270509427453,337.5701800798817,8.280396403124948,0.356389763913571,0.003,0.04121368672270927,0.04121368672270927,0.0035386832776617126,0.0009908827242971032,0.024000000000000007,19411.02734590327,1.0,0.0,0.0,0.0,70.12225872875334,16.410930649715766,0.0,107.38093667869548,3.023158520863367,11.33089679274029,0.0,536.9046833934775,-220.7020806708064,-24861770.27103099,61227537541971.414,373197470841634.6,0.0,0.0,1.588651572049936,360.78610712069786,-21.66620150735791,107.38093667869548,87.07020777565414,3.571880492033722,0.7410102937129098,inf,inf,0.037729032865549246,0.0,0.0,0.0,0.08809072286077577
350.0,80.0,40.0,0.1,334.60522963027233,334.9502461470692,0.0,8.0,4.0,1.2,1.2,519.9112583169818,145.58270509427453,41.59290066535854,11.646616407541961,145.58270509427453,337.5701800798817,8.280396403124948,0.356389763913571,0.003,0.04121368672270927,0.04121368672270927,0.0035386832776617126,0.0009908827242971032,0.024000000000000007,19411.02734590327,1.0,1.0,1.0,0.0,114.46483668713574,25.99971888530526,0.0,182.52348708286286,3.1967917294333965,13.13034839700913,1.0,521.4956773796081,-212.29717432852715,-25412710.578545634,74045190743857.42,349625095973495.44,0.0,0.0,1.47663298888763,297.8652269856878,-32.88213011835509,182.52348708286286,153.4385509616376,3.571880492033722,0.7222693037134207,inf,inf,0.03671407756957335,0.0,0.0,0.0,0.10398554144331508
500.0,80.0,40.0,0.1,334.60522963027233,334.9502461470692,0.0,8.0,4.0,1.2,1.2,519.9112583169818,145.58270509427453,41.59290066535854,11.646616407541961,145.58270509427453,337.5701800798817,8.280396403124948,0.356389763913571,0.003,0.04121368672270927,0.04121368672270927,0.0035386832776617126,0.0009908827242971032,0.024000000000000007,19411.02734590327,1.0,1.0,1.0,0.0,152.90674125286534,32.41577861421691,0.0,249.1302471355559,3.699447572797271,12.246268627120969,1.0,498.2604942711118,-199.19856309483384,-26367116.794055432,95144976800752.12,314644940828351.5,0.0,0.0,1.351573645969869,231.77971211481784,-36.15688672059326,249.1302471355559,218.6817670801154,3.571880492033722,0.6944975717131634,inf,inf,0.12970608561359367,0.0,0.0,0.0,0.12410158762994909
650.0,80.0,40.0,0.1,334.60522963027233,334.9502461470692,0.0,8.0,4.0,1.2,1.2,519.9112583169818,145.58270509427453,41.59290066535854,11.646616407541961,145.58270509427453,337.5701800798817,8.280396403124948,0.356389763913571,0.003,0.04121368672270927,0.04121368672270927,0.0035386832776617126,0.0009908827242971032,0.024000000000000007,19411.02734590327,1.0,1.0,1.0,0.0,186.14669967507314,37.111141682067704,0.0,304.3775468256947,11.248836269066043,35.30485710533594,1.0,468.2731489626073,-181.649209642861,-27864765.166966178,125530120320487.73,274324656528220.7,0.0,0.0,1.2435161189398656,176.95957797487029,-28.935540877997084,304.3775468256947,278.1080737308493,3.571880492033722,0.6709656748624608,inf,inf,0.24223368561298123,0.0,0.0,0.0,0.14366358566190257
800.0,80.0,40.0,0.1,334.60522963027233,334.9502461470692,0.0,8.0,4.0,1.2,1.2,519.9112583169818,145.58270509427453,41.59290066535854,11.646616407541961,145.58270509427453,337.5701800798817,8.280396403124948,0.356389763913571,0.003,0.04121368672270927,0.04121368672270927,0.0035386832776617126,0.0009908827242971032,0.024000000000000007,19411.02734590327,1.0,1.0,1.0,0.0,214.93791549799843,43.34730618065563,0.0,346.68781353491613,23.485540883661166,70.99300301646457,1.0,433.3597669186452,-160.50413665345255,-30085099.496109065,165117052571752.53,244645001403771.75,0.0,0.0,1.1706457496292795,138.46610783500182,-9.924097155145148,346.68781353491613,326.7294828807082,3.571880492033722,0.660805659707883,inf,inf,0.3413732638767391,0.0,0.0,0.0,0.16072034489095935
950.0,80.0,40.0,0.1,334.60522963027233,334.9502461470692,0.0,8.0,4.0,1.2,1.2,519.9112583169818,145.58270509427453,41.59290066535854,11.646616407541961,145.58270509427453,337.5701800798817,8.280396403124948,0.356389763913571,0.003,0.04121368672270927,0.04121368672270927,0.0035386832776617126,0.0009908827242971032,0.024000000000000007,19411.02734590327,1.0,1.0,1.0,0.0,239.92343339775474,53.383781861555015,0.0,376.1793713642217,38.033923423615086,115.63915066748694,1.0,395.9782856465492,-137.33224997335012,-33191719.716984697,211412814592749.47,256038999399872.75,0.0,0.0,1.1413901090640197,116.34332217888439,20.456161529739063,376.1793713642217,362.0822820254281,3.571880492033722,0.6577771523813465,inf,inf,0.40477334775879575,0.0,0.0,0.0,0.17399463699691042
1100.0,80.0,40.0,0.1,334.60522963027233,334.9502461470692,0.0,8.0,4.0,1.2,1.2,519.9112583169818,145.58270509427453,41.59290066535854,11.646616407541961,145.58270509427453,337.5701800798817,8.280396403124948,0.356389763913571,0.003,0.04121368672270927,0.04121368672270927,0.0035386832776617126,0.0009908827242971032,0.024000000000000007,19411.02734590327,1.0,1.0,1.0,0.0,261.63207263975914,66.58711122858021,0.0,394.5812995902763,52.380917915637426,163.091357345976,0.0,358.7102723547967,-114.12121605655784,-37232946.973396346,259071679799505.1,350005621125723.6,0.0,0.0,1.1566113389380315,107.96507009345822,60.14936990003241,394.5812995902763,384.9302067060089,3.571880492033722,0.6548406545887835,inf,inf,0.424501083682864,0.0,0.0,0.0,0.18314136929890662
1250.0,80.0,40.0,0.1,334.60522963027233,334.9502461470692,0.0,8.0,4.0,1.2,1.2,519.9112583169818,145.58270509427453,41.59290066535854,11.646616407541961,145.58270509427453,337.5701800798817,8.280396403124948,0.356389763913571,0.003,0.04121368672270927,0.04121368672270927,0.0035386832776617126,0.0009908827242971032,0.024000000000000007,19411.02734590327,1.0,1.0,1.0,0.0,280.4961448364678,81.07920896761972,0.0,404.5648921915664,64.30873472378669,205.30973069323323,0.0,323.65191375325315,-92.66800897613454,-42059684.312220745,301648789962056.75,562421884595440.75,0.0,0.0,1.210835705961293,109.02599658572177,106.1295398214989,404.5648921915664,397.98341675070213,3.571880492033722,0.6500633237107447,inf,inf,0.4070750810404028,0.0,0.0,0.0,0.18497756797022719
1400.0,80.0,40.0,0.1,334.60522963027233,334.9502461470692,0.0,8.0,4.0,1.2,1.2,519.9112583169818,145.58270509427453,41.59290066535854,11.646616407541961,145.58270509427453,337.5701800798817,8.280396403124948,0.356389763913571,0.003,0.04121368672270927,0.04121368672270927,0.0035386832776617126,0.0009908827242971032,0.024000000000000007,19411.02734590327,1.0,1.0,1.0,0.0,296.87060277313674,95.37849264351709,0.0,408.9396203694867,72.46766524662578,238.39094849010985,0.0,292.0997288353476,-74.06414987035758,-47350945.268747486,334657960668128.44,903480175171406.2,0.0,0.0,1.2941901123708568,115.65374400412776,155.20136958575114,408.9396203694867,404.3938638322479,3.571880492033722,0.6439180058705894,inf,inf,0.3665145542461886,0.0,0.0,0.0,0.18223973241161776
1550.0,80.0,40.0,0.1,334.60522963027233,334.9502461470692,0.0,8.0,4.0,1.2,1.2,519.9112583169818,145.58270509427453,41.59290066535854,11.646616407541961,145.58270509427453,337.5701800798817,8.280396403124948,0.356389763913571,0.003,0.04121368672270927,0.04121368672270927,0.0035386832776617126,0.0009908827242971032,0.024000000000000007,19411.02734590327,1.0,1.0,1.0,0.0,313.80028168130553,108.66468110560193,0.0,410.1433065886578,76.45662092248872,260.5376295157234,0.0,264.6085848959083,-58.61014558767781,-52742205.40155786,356990604529111.0,1353777812503675.5,0.0,0.0,1.3957251265279003,125.4037557407858,204.50851633251688,410.1433065886578,406.9287676663688,3.571880492033722,0.6372771167890903,inf,inf,0.3169647841835189,0.0,0.0,0.0,0.17889512293238755
1700.0,80.0,40.0,0.1,334.60522963027233,334.9502461470692,0.0,8.0,4.0,1.2,1.2,519.9112583169818,145.58270509427453,41.59290066535854,11.646616407541961,145.58270509427453,337.5701800798817,8.280396403124948,0.356389763913571,0.003,0.04121368672270927,0.04121368672270927,0.0035386832776617126,0.0009908827242971032,0.024000000000000007,19411.02734590327,1.0,1.0,1.0,0.0,349.37375031832266,120.56938385442828,0.0,410.079497169994,76.59223234547412,271.2780917051774,0.0,241.22323362940824,-46.07832773592732,-57944151.8205408,369785865245080.4,1878381269221560.5,0.0,0.0,1.506622542347011,136.95013449225223,251.69764020496638,410.079497169994,407.73400251955377,3.571880492033722,0.630836321889214,inf,inf,0.2683367158240191,0.0,0.0,0.0,0.1756127283181213
1850.0,80.0,40.0,0.1,334.60522963027233,334.9502461470692,0.0,8.0,4.0,1.2,1.2,519.9112583169818,145.58270509427453,41.59290066535854,11.646616407541961,145.58270509427453,337.5701800798817,8.280396403124948,0.356389763913571,0.003,0.04121368672270927,0.04121368672270927,0.0035386832776617126,0.0009908827242971032,0.024000000000000007,19411.02734590327,1.0,1.0,1.0,0.0,381.45451915573045,130.97502351096242,0.0,410.1429654416278,73.61821753462628,271.1827271628107,0.0,221.69890023871775,-36.02882567047622,-62778338.42017607,374721450640210.3,2442233972237313.0,0.0,0.0,1.621532075531245,149.70760536784056,294.89920075111286,410.1429654416278,408.3669036135231,3.571880492033722,0.624974299174113,inf,inf,0.22547193433054732,0.0,0.0,0.0,0.17271935556731197
2000.0,80.0,40.0,0.1,334.60522963027233,334.9502461470692,0.0,8.0,4.0,1.2,1.2,519.9112583169818,145.58270509427453,41.59290066535854,11.646616407541961,145.58270509427453,337.5701800798817,8.280396403124948,0.356389763913571,0.003,0.04121368672270927,0.04121368672270927,0.0035386832776617126,0.0009908827242971032,0.024000000000000007,19411.02734590327,1.0,1.0,1.0,0.0,410.1748574053805,139.89367827331674,0.0,411.29811300891464,68.45804697575956,261.73965971214443,0.0,205.64905650445732,-28.007128894511524,-67153758.50112534,373233036073869.44,3016695136531985.0,0.0,0.0,1.7380020728178927,163.5415357875221,333.0541440251316,411.29811300891464,409.8969548604365,3.571880492033722,0.6199145759090766,inf,inf,0.18813909144138466,0.0,0.0,0.0,0.17019938867229345
50.0,105.74591021439521,69.94421886982519,0.048266994422652226,341.75210026530266,341.75210026530266,0.0,19.51391286116835,-5.926285736081954,1.3569827347062131,1.337655543001637,355.11144265544345,355.11102766285535,37.55158273114688,37.55153884737792,355.11102766285535,327.64389434379973,9.363629129636653,0.3972722859733609,0.004062537750964952,0.040008758878954734,0.040008758878954734,0.001065435934371792,0.0010654346892752878,0.05683020592408402,19995.621519287197,1.0,0.0,0.0,0.0,10.413699139729985,2.3094194292865287,0.0,17.4436747616555,0.32308944610787976,1.2457912617190985,0.0,348.8734952331101,-0.0003387861462408172,-27320114.421778906,18376812891110.508,672881400454649.8,0.0,0.0,3.1865256708050413,1449.11069020897,-2.7494679201554213,17.4436747616555,15.033404627515997,3.5711568651379046,0.7411961493597878,inf,inf,0.023994821969089496,0.0,0.0,0.0,0.06911965048291353
200.0,105.74591021439521,69.94421886982519,0.048266994422652226,341.75210026530266,341.75210026530266,0.0,19.51391286116835,-5.926285736081954,1.3569827347062131,1.337655543001637,355.11144265544345,355.11102766285535,37.55158273114688,37.55153884737792,355.11102766285535,327.64389434379973,9.363629129636653,0.3972722859733609,0.004062537750964952,0.040008758878954734,0.040008758878954734,0.001065435934371792,0.0010654346892752878,0.05683020592408402,19995.621519287197,1.0,0.0,0.0,0.0,41.65479413346523,9.237677201731625,0.0,69.7746980158196,1.2923573711403527,4.983163458778861,0.0,348.873490079098,-0.0003328599848468404,-27320114.789743323,18376817920821.047,672881400441467.8,0.0,0.0,3.186525277649218,1449.1103035940396,-10.997870730253318,69.7746980158196,60.13361860488738,3.5711568651379046,0.7411961370073803,inf,inf,0.023994783972876393,0.0,0.0,0.0,0.07691537380621663
350.0,105.74591021439521,69.94421886982519,0.048266994422652226,341.75210026530266,341.75210026530266,0.0,19.51391286116835,-5.926285736081954,1.3569827347062131,1.337655543001637,355.11144265544345,355.11102766285535,37.55158273114688,37.55153884737792,355.11102766285535,327.64389434379973,9.363629129636653,0.3972722859733609,0.004062537750964952,0.040008758878954734,0.040008758878954734,0.001065435934371792,0.0010654346892752878,0.05683020592408402,19995.621519287197,1.0,0.0,0.0,0.0,72.89588084111458,16.165933188283358,0.0,122.10571766428369,2.2616238693554864,8.72053019892067,0.0,348.87347904081054,-0.0003202042289565491,-27320115.587410826,18376828396619.543,672881402123009.9,0.0,0.0,3.1865244624393356,1449.1095001067677,-19.24627022303899,122.10571766428369,105.23383279682594,3.5711568651379046,0.7411961110648557,inf,inf,0.023994705700956583,0.0,0.0,0.0,0.08816215973761582
500.0,105.74591021439521,69.94421886982519,0.048266994422652226,341.75210026530266,341.75210026530266,0.0,19.51391286116835,-5.926285736081954,1.3569827347062131,1.337655543001637,355.11144265544345,355.11102766285535,37.55158273114688,37.55153884737792,355.11102766285535,327.64389434379973,9.363629129636653,0.3972722859733609,0.004062537750964952,0.040008758878954734,0.040008758878954734,0.001065435934371792,0.0010654346892752878,0.05683020592408402,19995.621519287197,1.0,0.0,0.0,0.0,104.13695460551008,23.094186296611042,0.0,174.43673138077622,3.230888088303365,12.457888311271006,0.0,348.87346276155245,-0.00030158572489842654,-27320116.78824532,18376843081146.688,672881408998777.0,0.0,0.0,3.186523329359776,1449.1083784340076,-27.49466428415232,174.43673138077622,150.3340469379787,3.5711568651379046,0.7411960741517347,inf,inf,0.0239945980793268,0.0,0.0,0.0,0.0994089390283382
650.0,105.74591021439521,69.94421886982519,0.048266994422652226,341.75210026530266,341.75210026530266,0.0,19.51391286116835,-5.926285736081954,1.3569827347062131,1.337655543001637,355.11144265544345,355.11102766285535,37.55158273114688,37.55153884737792,355.11102766285535,327.64389434379973,9.363629129636653,0.3972722859733609,0.004062537750964952,0.040008758878954734,0.040008758878954734,0.001065435934371792,0.0010654346892752878,0.05683020592408402,19995.621519287197,1.0,0.0,0.0,0.0,135.3780129218277,30.022435789344133,0.0,226.76773739825472,4.2001494915248,16.195235941141107,0.0,348.8734421511611,-0.00027810763492783507,-27320118.351738937,18376860288500.414,672881425599021.0,0.0,0.0,3.186522019853577,1449.1070727927774,-35.743051351394996,226.76773739825472,195.43426023324034,3.5711568651379046,0.7411960299190542,inf,inf,0.023994475419343752,0.0,0.0,0.0,0.11065571174266367
800.0,105.74591021439521,69.94421886982519,0.048266994422652226,341.75210026530266,341.75210026530266,0.0,19.51391286116835,-5.926285736081954,1.3569827347062131,1.337655543001637,355.11144265544345,355.11102766285535,37.55158273114688,37.55153884737792,355.11102766285535,327.64389434379973,9.363629129636653,0.3972722859733609,0.004062537750964952,0.040008758878954734,0.040008758878954734,0.001065435934371792,0.0010654346892752878,0.05683020592408402,19995.621519287197,1.0,0.0,0.0,0.0,166.61905563897318,36.950681343540985,0.0,279.0987346340264,5.1694079171285745,19.932572752331055,0.0,348.8734182925331,-0.0002510926188645144,-27320120.22440821,18376878128572.812,672881456561827.2,0.0,0.0,3.186520691554248,1449.1057332055036,-43.991430537030084,279.0987346340264,240.53447142206593,3.5711568651379046,0.7411959826047858,inf,inf,0.023994352833282426,0.0,0.0,0.0,0.12190247884627693
950.0,105.74591021439521,69.94421886982519,0.048266994422652226,341.75210026530266,341.75210026530266,0.0,19.51391286116835,-5.926285736081954,1.3569827347062131,1.337655543001637,355.11144265544345,355.11102766285535,37.55158273114688,37.55153884737792,355.11102766285535,327.64389434379973,9.363629129636653,0.3972722859733609,0.004062537750964952,0.040008758878954734,0.040008758878954734,0.001065435934371792,0.0010654346892752878,0.05683020592408402,19995.621519287197,1.0,0.0,0.0,0.0,197.8600846633067,43.87892304011647,0.0,331.4297227212758,6.1386635752743075,23.669899854424557,0.0,348.87339233818506,-0.00022195971179865074,-27320122.341612957,18376894766256.24,672881505695674.5,0.0,0.0,3.186519496024689,1449.1045046178724,-52.23980165670423,331.4297227212758,285.63467901398633,3.5711568651379046,0.741195936537508,inf,inf,0.023994243771246558,0.0,0.0,0.0,0.13314924193334954
1100.0,105.74591021439521,69.94421886982519,0.048266994422652226,341.75210026530266,341.75210026530266,0.0,19.51391286116835,-5.926285736081954,1.3569827347062131,1.337655543001637,355.11144265544345,355.11102766285535,37.55158273114688,37.55153884737792,355.11102766285535,327.64389434379973,9.363629129636653,0.3972722859733609,0.004062537750964952,0.040008758878954734,0.040008758878954734,0.001065435934371792,0.0010654346892752878,0.05683020592408402,19995.621519287197,1.0,0.0,0.0,0.0,229.1011033021765,50.8071612942564,0.0,383.7607019524588,7.107916990496592,27.40721949775275,0.0,348.8733654113263,-0.00019210315668625504,-27320124.63034998,18376908651966.863,672881575209988.1,0.0,0.0,3.1865185590969705,1449.1035083935453,-60.488165170500736,383.7607019524588,330.7348816088805,3.5711568651379046,0.7411958956603898,inf,inf,0.02399415819073332,0.0,0.0,0.0,0.14439600286665805
1250.0,105.74591021439521,69.94421886982519,0.048266994422652226,341.75210026530266,341.75210026530266,0.0,19.51391286116835,-5.926285736081954,1.3569827347062131,1.337655543001637,355.11144265544345,355.11102766285535,37.55158273114688,37.55153884737792,355.11102766285535,327.64389434379973,9.363629129636653,0.3972722859733609,0.004062537750964952,0.040008758878954734,0.040008758878954734,0.001065435934371792,0.0010654346892752878,0.05683020592408402,19995.621519287197,1.0,0.0,0.0,0.0,260.34211545837684,57.735396748762106,0.0,436.09167315439356,8.077168904699926,31.144534623660718,0.0,348.87333852351486,-0.00016278545866924306,-27320127.013009496,18376918688099.016,672881665254575.0,0.0,0.0,3.186517966879423,1449.102829049669,-68.73652205600467,436.09167315439356,375.8350781950925,3.5711568651379046,0.741195863140742,inf,inf,0.02399410164422532,0.0,0.0,0.0,0.1556427634260009
1400.0,105.74591021439521,69.94421886982519,0.048266994422652226,341.75210026530266,341.75210026530266,0.0,19.51391286116835,-5.926285736081954,1.3569827347062131,1.337655543001637,355.11144265544345,355.11102766285535,37.55158273114688,37.55153884737792,355.11102766285535,327.64389434379973,9.363629129636653,0.3972722859733609,0.004062537750964952,0.040008758878954734,0.040008758878954734,0.001065435934371792,0.0010654346892752878,0.05683020592408402,19995.621519287197,1.0,0.0,0.0,0.0,291.5831248857925,64.66363015606294,0.0,488.4226375233782,9.046420161952948,34.88184837538648,0.0,348.8733125166988,-0.00013505740185911308,-27320129.411817744,18376924312078.977,672881773830153.1,0.0,0.0,3.1865177590745786,1449.102507782142,-76.98487364174531,488.4226375233782,420.93526833930815,3.5711568651379046,0.7411958411123597,inf,inf,0.023994075303742802,0.0,0.0,0.0,0.15911960008300266
1550.0,105.74591021439521,69.94421886982519,0.048266994422652226,341.75210026530266,341.75210026530266,0.0,19.51391286116835,-5.926285736081954,1.3569827347062131,1.337655543001637,355.11144265544345,355.11102766285535,37.55158273114688,37.55153884737792,355.11102766285535,327.64389434379973,9.363629129636653,0.3972722859733609,0.004062537750964952,0.040008758878954734,0.040008758878954734,0.001065435934371792,0.0010654346892752878,0.05683020592408402,19995.621519287197,1.0,0.0,0.0,0.0,322.82413465528396,71.59186227160127,0.0,540.7535964503785,10.015671596344765,38.619163664873895,0.0,348.8732880325023,-0.00010970944970585727,-27320131.75352893,18376925493067.07,672881897057911.5,0.0,0.0,3.18651792981266,1449.1025429951749,-85.23322143108174,540.7535964503785,466.0354522295504,3.5711568651379046,0.7411958305729313,inf,inf,0.02399407672105096,0.0,0.0,0.0,0.15911960017867094
1700.0,105.74591021439521,69.94421886982519,0.048266994422652226,341.75210026530266,341.75210026530266,0.0,19.51391286116835,-5.926285736081954,1.3569827347062131,1.337655543001637,355.11144265544345,355.11102766285535,37.55158273114688,37.55153884737792,355.11102766285535,327.64389434379973,9.363629129636653,0.3972722859733609,0.004062537750964952,0.040008758878954734,0.040008758878954734,0.001065435934371792,0.0010654346892752878,0.05683020592408402,19995.621519287197,1.0,0.0,0.0,0.0,354.0651468908825,78.52009377365093,0.0,593.0845513619867,10.98492393989022,42.35648286054675,0.0,348.873265507051,-8.725565138792826e-05,-27320133.973811306,18376922655235.137,672882029726058.2,0.0,0.0,3.1865184348150026,1449.102896757244,-93.4815669422556,593.0845513619867,511.135630583833,3.5711568651379046,0.7411958314315127,inf,inf,0.0239941010025155,0.0,0.0,0.0,0.15911960181766982
1850.0,105.74591021439521,69.94421886982519,0.048266994422652226,341.75210026530266,341.75210026530266,0.0,19.51391286116835,-5.926285736081954,1.3569827347062131,1.337655543001637,355.11144265544345,355.11102766285535,37.55158273114688,37.55153884737792,355.11102766285535,327.64389434379973,9.363629129636653,0.3972722859733609,0.004062537750964952,0.040008758878954734,0.040008758878954734,0.001065435934371792,0.0010654346892752878,0.05683020592408402,19995.621519287197,1.0,0.0,0.0,0.0,385.3061627540282,85.44832521550443,0.0,645.4155035946843,11.954177760637538,46.09380762248588,0.0,348.8732451863159,-6.794667347174235e-05,-27320136.020772483,18376916551627.285,672882165987001.0,0.0,0.0,3.18651920274125,1449.1035052091388,-101.72991158214779,645.4155035946843,556.235804472819,3.5711568651379046,0.7411958426779014,inf,inf,0.023994142068253836,0.0,0.0,0.0,0.15911960458960714
2000.0,105.74591021439521,69.94421886982519,0.048266994422652226,341.75210026530266,341.75210026530266,0.0,19.51391286116835,-5.926285736081954,1.3569827347062131,1.337655543001637,355.11144265544345,355.11102766285535,37.55158273114688,37.55153884737792,355.11102766285535,327.64389434379973,9.363629129636653,0.3972722859733609,0.004062537750964952,0.040008758878954734,0.040008758878954734,0.001065435934371792,0.0010654346892752878,0.05683020592408402,19995.621519287197,1.0,0.0,0.0,0.0,416.54718260107154,92.37655700806145,0.0,697.7464543104658,12.923433433763556,49.83113887617242,0.0,348.8732271552329,-5.180471626073829e-05,-27320137.857217833,18376908116505.066,672882300071366.8,0.0,0.0,3.186520148254062,1449.1042906428968,-109.97825656179202,697.7464543104658,601.3359751165774,3.5711568651379046,0.7411958626308692,inf,inf,0.023994193739801283,0.0,0.0,0.0,0.15911960807743658
50.0,12.889568944311277,11.897159648511145,0.11407783987822093,334.6667133900249,339.100061697075,0.0,6.570262227967712,7.937003968081497,1.3341295353710025,1.19774338355293,352.4454909526095,119.56456854078432,4.542870454745296,1.5411357495032707,119.56456854078432,341.5071840479632,9.205934504990672,0.3557195680778921,0.019349369436219652,0.04623407248509812,0.04623407248509812,0.030000000000000002,0.01017728173093818,0.02211182771425642,17303.256170173005,1.0,0.0,0.0,0.0,22.84356137163295,4.026588797807575,0.0,66.23180182342139,0.6085144820250387,2.204750470023967,0.0,1324.636036468428,-187.443409362485,-67808720.13451971,560907564284709.25,2354392269142782.0,0.0,0.0,1.4315611477040866,103.69872663922553,-3.367559092322878,66.23180182342139,65.33178987588545,3.571510933406961,0.8010607501648281,inf,inf,0.05001995210094827,0.0,0.0,0.0,0.07190002886060187
200.0,12.889568944311277,11.897159648511145,0.11407783987822093,334.6667133900249,339.100061697075,0.0,6.570262227967712,7.937003968081497,1.3341295353710025,1.19774338355293,352.4454909526095,119.56456854078432,4.542870454745296,1.5411357495032707,119.56456854078432,341.5071840479632,9.205934504990672,0.3557195680778921,0.019349369436219652,0.04623407248509812,0.04623407248509812,0.030000000000000002,0.01017728173093818,0.02211182771425642,17303.256170173005,1.0,0.0,0.0,0.0,76.71622589222474,12.55072738035972,0.0,253.67627545908525,0.43136362376493254,1.752067973628499,0.0,1268.3813772954263,-207.23577827143725,-69998714.32929568,628463752071670.4,2385964999467662.5,0.0,0.0,1.3961110058579822,94.55203632216794,-5.865061704479615,253.67627545908525,250.86237370902032,3.571510933406961,0.769411914046122,inf,inf,0.007602427580976081,0.0,0.0,0.0,0.08843100518291679
350.0,12.889568944311277,11.897159648511145,0.11407783987822093,334.6667133900249,339.100061697075,0.0,6.570262227967712,7.937003968081497,1.3341295353710025,1.19774338355293,352.4454909526095,119.56456854078432,4.542870454745296,1.5411357495032707,119.56456854078432,341.5071840479632,9.205934504990672,0.3557195680778921,0.019349369436219652,0.04623407248509812,0.04623407248509812,0.030000000000000002,0.01017728173093818,0.02211182771425642,17303.256170173005,1.0,1.0,1.0,0.0,108.49373498178073,15.247978219916023,0.0,398.40706680152937,6.560785419697581,22.799019432268324,0.0,1138.305905147227,-243.24434046150762,-75845044.31275113,833614085236936.5,2418014405855436.0,0.0,0.0,1.3134534684150474,74.98574965323733,20.196969933880666,398.40706680152937,395.69440046859245,3.571510933406961,0.6289039886755085,inf,inf,0.09831066295461702,0.0,0.0,0.0,0.10599371434287772
500.0,12.889568944311277,11.897159648511145,0.11407783987822093,334.6667133900249,339.100061697075,0.0,6.570262227967712,7.937003968081497,1.3341295353710025,1.19774338355293,352.4454909526095,119.56456854078432,4.542870454745296,1.5411357495032707,119.56456854078432,341.5071840479632,9.205934504990672,0.3557195680778921,0.019349369436219652,0.04623407248509812,0.04623407248509812,0.030000000000000002,0.01017728173093818,0.02211182771425642,17303.256170173005,1.0,1.0,1.0,0.0,126.36631362390159,39.323708202428456,0.0,473.43070917647265,18.24046050033257,66.02954812394938,0.0,946.8614183529453,-268.2591117877502,-87614181.71570837,1283402412593867.0,2542635187337700.0,0.0,0.0,1.2228212798356037,53.778429046168675,95.0047671443657,473.43070917647265,471.9062192643221,3.571510933406961,0.6717832100718656,inf,inf,0.16886609351456186,0.0,0.0,0.0,0.11719033421683751
650.0,12.889568944311277,11.897159648511145,0.11407783987822093,334.6667133900249,339.100061697075,0.0,6.570262227967712,7.937003968081497,1.3341295353710025,1.19774338355293,352.4454909526095,119.56456854078432,4.542870454745296,1.5411357495032707,119.56456854078432,341.5071840479632,9.205934504990672,0.3557195680778921,0.019349369436219652,0.04623407248509812,0.04623407248509812,0.030000000000000002,0.01017728173093818,0.02211182771425642,17303.256170173005,1.0,1.0,1.0,0.0,237.6284347882903,78.85950345662559,0.0,486.6268049475252,21.241954475733536,82.84377528925774,0.0,748.6566229961926,-259.50634122681834,-106489142.76538827,2008811036416598.0,3304693381240852.0,0.0,0.0,1.1879708725643299,40.81409410439656,217.38286253565138,486.6268049475252,485.9823922242673,3.571510933406961,0.6691377096947083,inf,inf,0.07241918405368256,0.0,0.0,0.0,0.1507345314474081
800.0,12.889568944311277,11.897159648511145,0.11407783987822093,334.6667133900249,339.100061697075,0.0,6.570262227967712,7.937003968081497,1.3341295353710025,1.19774338355293,352.4454909526095,119.56456854078432,4.542870454745296,1.5411357495032707,119.56456854078432,341.5071840479632,9.205934504990672,0.3557195680778921,0.019349369436219652,0.04623407248509812,0.04623407248509812,0.030000000000000002,0.01017728173093818,0.02211182771425642,17303.256170173005,1.0,1.0,1.0,0.0,366.8155800119784,116.2496255181208,0.0,472.56634605491854,14.222214986558047,59.63164487383443,0.0,590.7079325686483,-229.476158870049,-130683000.24241097,2936417750488734.5,5332375550403048.0,0.0,0.0,1.205813607447249,34.68616084285796,355.1223443098298,472.56634605491854,472.33042569299323,3.571510933406961,0.6615556856484625,inf,inf,0.022124661099448894,0.0,0.0,0.0,0.1589934146242128
950.0,12.889568944311277,11.897159648511145,0.11407783987822093,334.6667133900249,339.100061697075,0.0,6.570262227967712,7.937003968081497,1.3341295353710025,1.19774338355293,352.4454909526095,119.56456854078432,4.542870454745296,1.5411357495032707,119.56456854078432,341.5071840479632,9.205934504990672,0.3557195680778921,0.019349369436219652,0.04623407248509812,0.04623407248509812,0.030000000000000002,0.01017728173093818,0.02211182771425642,17303.256170173005,1.0,1.0,1.0,0.0,493.81674736533233,145.9476543320348,0.0,453.7177227995486,7.736743604696006,32.82132666230194,0.0,477.59760294689323,-194.70455072610042,-158706511.05343994,3998268904551437.5,9194681032549906.0,0.0,0.0,1.2549567216894995,31.838205052516194,487.68090157756103,453.7177227995486,453.6391684598253,3.571510933406961,0.6623976367898095,inf,inf,0.008155148809304116,0.0,0.0,0.0,0.15805047254462803
1100.0,12.889568944311277,11.897159648511145,0.11407783987822093,334.6667133900249,339.100061697075,0.0,6.570262227967712,7.937003968081497,1.3341295353710025,1.19774338355293,352.4454909526095,119.56456854078432,4.542870454745296,1.5411357495032707,119.56456854078432,341.5071840479632,9.205934504990672,0.3557195680778921,0.019349369436219652,0.04623407248509812,0.04623407248509812,0.030000000000000002,0.01017728173093818,0.02211182771425642,17303.256170173005,1.0,1.0,1.0,0.0,614.5183573073882,167.52705159527775,0.0,435.8436580412876,4.612485241939351,19.128082011819743,0.0,396.22150731026153,-161.97808105364254,-189994578.47170812,5135476042468371.0,1.5556035678768572e+16,0.0,0.0,1.3256255285811336,30.641601043566105,610.8581441466376,435.8436580412876,435.8195113821,3.571510933406961,0.673907071795551,inf,inf,0.0038779107695005826,0.0,0.0,0.0,0.1577617589769413
1250.0,12.889568944311277,11.897159648511145,0.11407783987822093,334.6667133900249,339.100061697075,0.0,6.570262227967712,7.937003968081497,1.3341295353710025,1.19774338355293,352.4454909526095,119.56456854078432,4.542870454745296,1.5411357495032707,119.56456854078432,341.5071840479632,9.205934504990672,0.3557195680778921,0.019349369436219652,0.04623407248509812,0.04623407248509812,0.030000000000000002,0.01017728173093818,0.02211182771425642,17303.256170173005,1.0,1.0,1.0,0.0,727.7714324096193,181.8992475842029,0.0,419.65121245180444,3.2230288727860987,13.178137721375492,0.0,335.72096996144353,-133.28208511524346,-224087796.35041803,6288985247648836.0,2.505939948259108e+16,0.0,0.0,1.4128560712282765,30.401518728031384,725.2002247135947,419.65121245180444,419.64435026216324,3.571510933406961,0.6944475956692182,inf,inf,0.0023082883152055864,0.0,0.0,0.0,0.15765580946127636
1400.0,12.889568944311277,11.897159648511145,0.11407783987822093,334.6667133900249,339.100061697075,0.0,6.570262227967712,7.937003968081497,1.3341295353710025,1.19774338355293,352.4454909526095,119.56456854078432,4.542870454745296,1.5411357495032707,119.56456854078432,341.5071840479632,9.205934504990672,0.3557195680778921,0.019349369436219652,0.04623407248509812,0.04623407248509812,0.030000000000000002,0.01017728173093818,0.02211182771425642,17303.256170173005,1.0,1.0,1.0,0.0,833.6009471257189,190.09863701624437,0.0,405.3143296569019,2.5528589586571795,10.357112962347344,0.0,289.5102354692157,-108.83212934582573,-260493690.5194054,7400644700402765.0,3.82543839988087e+16,0.0,0.0,1.514022870858564,30.813597242516565,831.5368846756069,405.3143296569019,405.31253556236635,3.571510933406961,0.721476532337327,inf,inf,0.0016467693897087561,0.0,0.0,0.0,0.15761115693380534
1550.0,12.889568944311277,11.897159648511145,0.11407783987822093,334.6667133900249,339.100061697075,0.0,6.570262227967712,7.937003968081497,1.3341295353710025,1.19774338355293,352.4454909526095,119.56456854078432,4.542870454745296,1.5411357495032707,119.56456854078432,341.5071840479632,9.205934504990672,0.3557195680778921,0.019349369436219652,0.04623407248509812,0.04623407248509812,0.030000000000000002,0.01017728173093818,0.02211182771425642,17303.256170173005,1.0,1.0,1.0,0.0,932.4464966744965,192.9823554155358,0.0,392.9102425963786,2.226959606990262,8.962686849659292,0.0,253.4904790944378,-88.24208178489445,-298693027.2966849,8414789487372347.0,5.555836660616877e+16,0.0,0.0,1.6280714517712644,31.7536910196965,930.6035344690758,392.9102425963786,392.9098147868083,3.571510933406961,0.752408571071413,inf,inf,0.0013560564621735906,0.0,0.0,0.0,0.15759153381119673
1700.0,12.889568944311277,11.897159648511145,0.11407783987822093,334.6667133900249,339.100061697075,0.0,6.570262227967712,7.937003968081497,1.3341295353710025,1.19774338355293,352.4454909526095,119.56456854078432,4.542870454745296,1.5411357495032707,119.56456854078432,341.5071840479632,9.205934504990672,0.3557195680778921,0.019349369436219652,0.04623407248509812,0.04623407248509812,0.030000000000000002,0.01017728173093818,0.02211182771425642,17303.256170173005,1.0,1.0,1.0,0.0,1024.8488087994647,191.19733073818668,0.0,382.4473671660455,2.0962725221741527,8.35655706578109,0.0,224.96903950943855,-70.97789938816966,-338133247.7621553,9280035671492896.0,7.721395055621152e+16,0.0,0.0,1.7550239903573257,33.189917194210736,1023.05643666901,382.4473671660455,382.447275179888,3.571510933406961,0.7845955383228753,inf,inf,0.0012501712196408875,0.0,0.0,0.0,0.15758438655732576
1850.0,12.889568944311277,11.897159648511145,0.11407783987822093,334.6667133900249,339.100061697075,0.0,6.570262227967712,7.937003968081497,1.3341295353710025,1.19774338355293,352.4454909526095,119.56456854078432,4.542870454745296,1.5411357495032707,119.56456854078432,341.5071840479632,9.205934504990672,0.3557195680778921,0.019349369436219652,0.04623407248509812,0.04623407248509812,0.030000000000000002,0.01017728173093818,0.02211182771425642,17303.256170173005,1.0,1.0,1.0,0.0,1111.3203874988449,185.2164091420405,0.0,373.9129252900105,2.0928032385848963,8.252803914721653,0.0,202.11509475135705,-56.52604071251597,-378210825.6460946,9951652097508534.0,1.0323682024586646e+17,0.0,0.0,1.895642196741226,35.14570696277326,1109.4553527580708,373.9129252900105,373.9129077016463,3.571510933406961,0.8151043466106178,inf,inf,0.0012578603485811108,0.0,0.0,0.0,0.15758490557352922
2000.0,12.889568944311277,11.897159648511145,0.11407783987822093,334.6667133900249,339.100061697075,0.0,6.570262227967712,7.937003968081497,1.3341295353710025,1.19774338355293,352.4454909526095,119.56456854078432,4.542870454745296,1.5411357495032707,119.56456854078432,341.5071840479632,9.205934504990672,0.3557195680778921,0.019349369436219652,0.04623407248509812,0.04623407248509812,0.030000000000000002,0.01017728173093818,0.02211182771425642,17303.256170173005,1.0,0.0,1.0,0.0,1189.7783621374253,175.39079649273802,0.0,367.30893865898474,2.1810175814452815,8.501318284763613,0.0,183.65446932949237,-44.4472567537183,-418249947.3662198,1.0394690122838902e+16,1.3335425798049005e+17,0.0,0.0,2.051162772908742,37.6839983158372,1190.2543394854395,367.30893865898474,367.30893571658396,3.571510933406961,0.8408894348139561,inf,inf,0.0013532307434620293,0.0,0.0,0.0,0.15759134307518372
50.0,99.8452342417714,28.313453493591112,0.5499368901117393,333.8871847004033,342.07377767273556,0.0,12.464809124725523,-4.7190615291173605,1.132915057101191,1.10621778904028,226.84879617418338,226.83257885766724,22.649771191475192,22.64815196970887,226.83257885766724,328.85111855076434,7.8174881365556645,0.3285372472275483,0.013603124268407025,0.0848977312431733,0.0848977312431733,0.003748550051974268,0.003748282069848312,0.0770302852682166,9423.102222938716,1.0,0.0,0.0,0.0,4.843929783045632,0.9002676602874012,0.0,11.527678199793105,0.037540005963483246,0.1614458197137001,0.0,230.55356399586213,-2.8683283446524612,-62769479.79566842,841938512959791.2,572253541979661.5,0.0,0.0,1.0816290572145586,51.4831546018925,-0.6399312284346479,11.527678199793105,11.080389146163004,3.5715214610889303,0.7424894099307717,inf,inf,0.002639821509361049,0.0,0.0,0.0,0.06767818795188188
200.0,99.8452342417714,28.313453493591112,0.5499368901117393,333.8871847004033,342.07377767273556,0.0,12.464809124725523,-4.7190615291173605,1.132915057101191,1.10621778904028,226.84879617418338,226.83257885766724,22.649771191475192,22.64815196970887,226.83257885766724,328.85111855076434,7.8174881365556645,0.3285372472275483,0.013603124268407025,0.0848977312431733,0.0848977312431733,0.003748550051974268,0.003748282069848312,0.0770302852682166,9423.102222938716,1.0,0.0,0.0,0.0,19.366854547423927,3.5987813533426154,0.0,46.10336951821476,0.14902487190789546,0.641489589123907,0.0,230.51684759107386,-2.8402619335138377,-62773497.20021832,842252281123091.1,571502826253452.5,0.0,0.0,1.0814967803768276,51.45704228426947,-2.5544132029253674,46.10336951821476,44.31527770128905,3.5715214610889303,0.7423378468493995,inf,inf,0.00256078810351334,0.0,0.0,0.0,0.06767285319698715
350.0,99.8452342417714,28.313453493591112,0.5499368901117393,333.8871847004033,342.07377767273556,0.0,12.464809124725523,-4.7190615291173605,1.132915057101191,1.10621778904028,226.84879617418338,226.83257885766724,22.649771191475192,22.64815196970887,226.83257885766724,328.85111855076434,7.8174881365556645,0.3285372472275483,0.013603124268407025,0.0848977312431733,0.0848977312431733,0.003748550051974268,0.003748282069848312,0.0770302852682166,9423.102222938716,1.0,0.0,0.0,0.0,33.85845752367462,6.289201757804324,0.0,80.65304245329575,0.25653665611147203,1.1064748053000955,0.0,230.4372641522736,-2.7794949673590583,-62782329.209575295,842926539904031.5,569914701363365.5,0.0,0.0,1.0812162499324605,51.401404173289535,-4.450145523467739,80.65304245329575,77.52791951839177,3.5715214610889303,0.7420119299579298,inf,inf,0.002392101589452166,0.0,0.0,0.0,0.07265051156581089
500.0,99.8452342417714,28.313453493591112,0.5499368901117393,333.8871847004033,342.07377767273556,0.0,12.464809124725523,-4.7190615291173605,1.132915057101191,1.10621778904028,226.84879617418338,226.83257885766724,22.649771191475192,22.64815196970887,226.83257885766724,328.85111855076434,7.8174881365556645,0.3285372472275483,0.013603124268407025,0.0848977312431733,0.0848977312431733,0.003748550051974268,0.003748282069848312,0.0770302852682166,9423.102222938716,1.0,0.0,0.0,0.0,48.29740526910648,8.966000126591632,0.0,115.15871426256481,0.3575071928198907,1.546558561288606,0.0,230.31742852512963,-2.6881710664208414,-62795954.32712169,843926432194932.9,567626151074222.0,0.0,0.0,1.0808100504675917,51.320148967390615,-6.31442992653875,115.15871426256481,110.7029404553985,3.5715214610889303,0.7415282702921703,inf,inf,0.0021449558694711097,0.0,0.0,0.0,0.07783185041806764
650.0,99.8452342417714,28.313453493591112,0.5499368901117393,333.8871847004033,342.07377767273556,0.0,12.464809124725523,-4.7190615291173605,1.132915057101191,1.10621778904028,226.84879617418338,226.83257885766724,22.649771191475192,22.64815196970887,226.83257885766724,328.85111855076434,7.8174881365556645,0.3285372472275483,0.013603124268407025,0.0848977312431733,0.0848977312431733,0.003748550051974268,0.003748282069848312,0.0770302852682166,9423.102222938716,1.0,1.0,1.0,0.0,62.66665177159662,11.624480693482768,0.0,149.60478041676913,0.4499910516604944,1.9541098309086067,0.0,230.16120064118326,-2.5694463492696835,-62814320.518429466,845201277040406.2,564833754030364.0,0.0,0.0,1.080310502699389,51.21889557602224,-8.136678247148325,149.60478041676913,143.82700481029372,3.5715214610889303,0.7409116678616736,inf,inf,0.0018508740649316032,0.0,0.0,0.0,0.08298492863715766
800.0,99.8452342417714,28.313453493591112,0.5499368901117393,333.8871847004033,342.07377767273556,0.0,12.464809124725523,-4.7190615291173605,1.132915057101191,1.10621778904028,226.84879617418338,226.83257885766724,22.649771191475192,22.64815196970887,226.83257885766724,328.85111855076434,7.8174881365556645,0.3285372472275483,0.013603124268407025,0.0848977312431733,0.0848977312431733,0.003748550051974268,0.003748282069848312,0.0770302852682166,9423.102222938716,1.0,1.0,1.0,0.0,76.95476567763333,14.26103241795317,0.0,183.9787757410754,0.5328308653159795,2.3250691973667017,1.0,229.97346967634428,-2.4273032842946405,-62837324.62903869,846688326468430.0,561776060661472.5,0.0,0.0,1.079756692312677,51.104484070440535,-9.909069747887912,183.9787757410754,176.88947174723458,3.5715214610889303,0.7401939520337922,inf,inf,0.0015501739616316417,0.0,0.0,0.0,0.08810835238635814
950.0,99.8452342417714,28.313453493591112,0.5499368901117393,333.8871847004033,342.07377767273556,0.0,12.464809124725523,-4.7190615291173605,1.132915057101191,1.10621778904028,226.84879617418338,226.83257885766724,22.649771191475192,22.64815196970887,226.83257885766724,328.85111855076434,7.8174881365556645,0.3285372472275483,0.013603124268407025,0.0848977312431733,0.0848977312431733,0.003748550051974268,0.003748282069848312,0.0770302852682166,9423.102222938716,1.0,1.0,1.0,0.0,91.1545999020168,16.873286429733866,0.0,218.271895522191,0.6057323422110261,2.66045382395896,1.0,229.75989002335893,-2.266323984692912,-62864790.24955328,848317285054127.1,558712712903820.5,0.0,0.0,1.0791910056483012,50.98439955963415,-11.626979679294635,218.271895522191,209.88284842300732,3.5715214610889303,0.7394123803315441,inf,inf,0.0012648845699599635,0.0,0.0,0.0,0.09320103567319835
1100.0,99.8452342417714,28.313453493591112,0.5499368901117393,333.8871847004033,342.07377767273556,0.0,12.464809124725523,-4.7190615291173605,1.132915057101191,1.10621778904028,226.84879617418338,226.83257885766724,22.649771191475192,22.64815196970887,226.83257885766724,328.85111855076434,7.8174881365556645,0.3285372472275483,0.013603124268407025,0.0848977312431733,0.0848977312431733,0.003748550051974268,0.003748282069848312,0.0770302852682166,9423.102222938716,1.0,1.0,1.0,0.0,105.26346992476073,19.46017277347439,0.0,252.47924900269194,0.6692448230695354,2.96305418636058,1.0,229.52659000244728,-2.0914416314559325,-62896447.935409024,850015169563886.0,555902484636074.0,0.0,0.0,1.0786555580462736,50.8661700401777,-13.289154168769528,252.47924900269194,242.8030148725811,3.5715214610889303,0.7386076280663896,inf,inf,0.0010104504308651025,0.0,0.0,0.0,0.09826305457699726
1250.0,99.8452342417714,28.313453493591112,0.5499368901117393,333.8871847004033,342.07377767273556,0.0,12.464809124725523,-4.7190615291173605,1.132915057101191,1.10621778904028,226.84879617418338,226.83257885766724,22.649771191475192,22.64815196970887,226.83257885766724,328.85111855076434,7.8174881365556645,0.3285372472275483,0.013603124268407025,0.0848977312431733,0.0848977312431733,0.003748550051974268,0.003748282069848312,0.0770302852682166,9423.102222938716,1.0,1.0,1.0,0.0,119.28265480780038,22.021881345472043,0.0,286.59984369664267,0.7246565635148745,3.237641989027054,1.0,229.27987495731412,-1.9076892716065232,-62931921.3769477,851711072664503.4,553582437536313.5,0.0,0.0,1.078188881751558,50.756798172013745,-14.897632031133469,286.59984369664267,275.64921740941674,3.5715214610889303,0.737821460561083,inf,inf,0.0007955164442222629,0.0,0.0,0.0,0.10329545309079315
1400.0,99.8452342417714,28.313453493591112,0.5499368901117393,333.8871847004033,342.07377767273556,0.0,12.464809124725523,-4.7190615291173605,1.132915057101191,1.10621778904028,226.84879617418338,226.83257885766724,22.649771191475192,22.64815196970887,226.83257885766724,328.85111855076434,7.8174881365556645,0.3285372472275483,0.013603124268407025,0.0848977312431733,0.0848977312431733,0.003748550051974268,0.003748282069848312,0.0770302852682166,9423.102222938716,1.0,1.0,1.0,0.0,133.2167966344477,24.559740997913078,0.0,320.63632295020415,0.7738258231241303,3.4904114448355585,1.0,229.02594496443152,-1.7199637790809799,-62970722.26180419,853340429156485.4,551950145547340.5,0.0,0.0,1.0778231763962915,50.66227882759941,-16.457437486249546,320.63632295020415,308.42384780236085,3.5715214610889303,0.737094240107566,inf,inf,0.0006228536511525204,0.0,0.0,0.0,0.10830008940985396
1550.0,99.8452342417714,28.313453493591112,0.5499368901117393,333.8871847004033,342.07377767273556,0.0,12.464809124725523,-4.7190615291173605,1.132915057101191,1.10621778904028,226.84879617418338,226.83257885766724,22.649771191475192,22.64815196970887,226.83257885766724,328.85111855076434,7.8174881365556645,0.3285372472275483,0.013603124268407025,0.0848977312431733,0.0848977312431733,0.003748550051974268,0.003748282069848312,0.0770302852682166,9423.102222938716,1.0,1.0,1.0,0.0,147.07326838146693,27.076036694730508,0.0,354.5944985542367,0.8189771636364623,3.7284055457382124,1.0,228.7706442285398,-1.5328197647743356,-63012255.341812566,854848459006612.6,551150487235335.5,0.0,0.0,1.0775823316907143,50.58724086487413,-17.976086498739846,354.5944985542367,341.1320425773666,3.5715214610889303,0.7364624646412748,inf,inf,0.0006932077290511925,0.0,0.0,0.0,0.11329316813903904
1700.0,99.8452342417714,28.313453493591112,0.5499368901117393,333.8871847004033,342.07377767273556,0.0,12.464809124725523,-4.7190615291173605,1.132915057101191,1.10621778904028,226.84879617418338,226.83257885766724,22.649771191475192,22.64815196970887,226.83257885766724,328.85111855076434,7.8174881365556645,0.3285372472275483,0.013603124268407025,0.0848977312431733,0.0848977312431733,0.003748550051974268,0.003748282069848312,0.0770302852682166,9423.102222938716,1.0,1.0,1.0,0.0,160.86155076494637,29.573787148005913,0.0,388.4827333573786,0.8624948781083079,3.9590291795219628,1.0,228.51925491610507,-1.350304154510866,-63055833.82682344,856192566852458.8,551267912186136.5,0.0,0.0,1.0774808266049387,50.53473505467222,-19.462961913681227,388.4827333573786,373.7811488909954,3.5715214610889303,0.7359565525947521,inf,inf,0.000803328939347773,0.0,0.0,0.0,0.11826438297878668
1850.0,99.8452342417714,28.313453493591112,0.5499368901117393,333.8871847004033,342.07377767273556,0.0,12.464809124725523,-4.7190615291173605,1.132915057101191,1.10621778904028,226.84879617418338,226.83257885766724,22.649771191475192,22.64815196970887,226.83257885766724,328.85111855076434,7.8174881365556645,0.3285372472275483,0.013603124268407025,0.0848977312431733,0.0848977312431733,0.003748550051974268,0.003748282069848312,0.0770302852682166,9423.102222938716,1.0,1.0,1.0,0.0,174.59263727993195,32.0565049860192,0.0,422.31123512241294,0.9067406558315798,4.189656277117308,1.0,228.27634330941245,-1.175837644844878,-63100703.89603037,857343597817483.9,552324440904566.5,0.0,0.0,1.0775235076224832,50.50617273643511,-20.92861817479468,422.31123512241294,406.3801097718775,3.5715214610889303,0.735599074515668,inf,inf,0.0008790750478772772,0.0,0.0,0.0,0.12321268698650721
2000.0,99.8452342417714,28.313453493591112,0.5499368901117393,333.8871847004033,342.07377767273556,0.0,12.464809124725523,-4.7190615291173605,1.132915057101191,1.10621778904028,226.84879617418338,226.83257885766724,22.649771191475192,22.64815196970887,226.83257885766724,328.85111855076434,7.8174881365556645,0.3285372472275483,0.013603124268407025,0.0848977312431733,0.0848977312431733,0.003748550051974268,0.003748282069848312,0.0770302852682166,9423.102222938716,1.0,1.0,1.0,0.0,188.27847390512454,34.52795900730154,0.0,456.0913226330864,0.953911082512865,4.427322309235876,1.0,228.0456613165432,-1.0121448276743172,-63146076.02894457,858285968805265.8,554283042632184.5,0.0,0.0,1.0777061622093103,50.50140376772228,-22.38407552611943,456.0913226330864,438.93882216109455,3.5715214610889303,0.7354035901754209,inf,inf,0.0009144135077103228,0.0,0.0,0.0,0.12814197351761528
50.0,38.243744161808195,6.116343454675203,0.09111813005416332,335.9478092983115,335.9478092983115,0.0,1.666722170048826,5.42873345346706,1.00355693724025,1.4829983075289772,623.8091093757432,30.33074026953844,23.856795984771352,1.1599610711064814,30.33074026953844,338.99891353334874,6.924874377879379,0.44043784725373136,0.005855943660992898,0.03479883213319444,0.03479883213319444,0.030000000000000002,0.0014586548904307094,0.0042218973564607555,22989.277253269764,1.0,1.0,1.0,0.0,13.238281936379611,2.4686037602587216,0.0,30.907535539227936,0.07920107125981808,0.3674593309952101,1.0,618.1507107845589,-321.2683518683655,-57002193.70664244,634756210128358.5,710225246856153.0,0.0,0.0,1.1312487041813188,65.89320742954176,-1.7264114575468703,30.907535539227936,29.599714200730258,3.5715382260241046,0.733829147651082,inf,inf,0.0020806622408388077,0.0,0.0,0.0,0.06764044470125663
200.0,38.243744161808195,6.116343454675203,0.09111813005416332,335.9478092983115,335.9478092983115,0.0,1.666722170048826,5.42873345346706,1.00355693724025,1.4829983075289772,623.8091093757432,30.33074026953844,23.856795984771352,1.1599610711064814,30.33074026953844,338.99891353334874,6.924874377879379,0.44043784725373136,0.005855943660992898,0.03479883213319444,0.03479883213319444,0.030000000000000002,0.0014586548904307094,0.0042218973564607555,22989.277253269764,1.0,1.0,1.0,0.0,44.85051347618848,6.973185070816078,0.0,112.11828812275076,1.6347824543250051,5.32848333918831,0.0,560.5914406137539,-305.82130845905687,-60026945.06813646,798147027678721.9,410646023498184.5,0.0,0.0,1.0623675470842366,50.29859483861117,1.5383247490735386,112.11828812275076,108.57066636722887,3.5715382260241046,0.5964783517336725,inf,inf,0.05317140408485908,0.0,0.0,0.0,0.08003525462715584
350.0,38.243744161808195,6.116343454675203,0.09111813005416332,335.9478092983115,335.9478092983115,0.0,1.666722170048826,5.42873345346706,1.00355693724025,1.4829983075289772,623.8091093757432,30.33074026953844,23.856795984771352,1.1599610711064814,30.33074026953844,338.99891353334874,6.924874377879379,0.44043784725373136,0.005855943660992898,0.03479883213319444,0.03479883213319444,0.030000000000000002,0.0014586548904307094,0.0042218973564607555,22989.277253269764,1.0,1.0,1.0,0.0,62.90827768072171,11.404581329007366,0.0,161.01357381364326,5.422604899608205,19.733468900853353,0.0,460.038782324695,-270.41375121132216,-67605754.42732996,1188372073505105.5,-182950262331978.0,1.0,1.0763577799445063,0.9805673968263345,29.583280549732173,25.573138667371666,161.01357381364326,157.96741878533302,3.5715382260241046,0.603337349560062,inf,inf,0.06447793744392852,0.0,0.0,0.0,0.08729924074252499
500.0,38.243744161808195,6.116343454675203,0.09111813005416332,335.9478092983115,335.9478092983115,0.0,1.666722170048826,5.42873345346706,1.00355693724025,1.4829983075289772,623.8091093757432,30.33074026953844,23.856795984771352,1.1599610711064814,30.33074026953844,338.99891353334874,6.924874377879379,0.44043784725373136,0.005855943660992898,0.03479883213319444,0.03479883213319444,0.030000000000000002,0.0014586548904307094,0.0042218973564607555,22989.277253269764,1.0,2.0,2.0,1.0,70.79740761200983,23.293157295463796,0.0,179.8575166237212,5.3868189476335875,22.630952230479835,1.0,359.7150332474424,-227.00083059085085,-79611314.15817581,1792904208445691.8,-833655491791003.0,1.0,2.297647726183743,0.9400831185987352,25.122057350118574,67.11296404334027,179.8575166237212,178.0018987128109,3.5715382260241046,0.60802054268568,0.0,0.9977180875171676,0.014250341882831495,0.0,0.0,0.0,0.19924896481741466
650.0,38.243744161808195,6.116343454675203,0.09111813005416332,335.9478092983115,335.9478092983115,0.0,1.666722170048826,5.42873345346706,1.00355693724025,1.4829983075289772,623.8091093757432,30.33074026953844,23.856795984771352,1.1599610711064814,30.33074026953844,338.99891353334874,6.924874377879379,0.44043784725373136,0.005855943660992898,0.03479883213319444,0.03479883213319444,0.030000000000000002,0.0014586548904307094,0.0042218973564607555,22989.277253269764,1.0,2.0,2.0,1.0,116.7642978427254,36.667251811901345,0.0,184.06000261681982,1.8970338929170858,10.726751007536592,1.0,283.1692347951074,-187.89124030064713,-94604591.26365787,2580966326005500.0,-1373836615858229.0,1.0,2.949563019011661,0.9310886848508765,21.14062302141455,115.59806925795942,184.06000261681982,183.08113653989176,3.5715382260241046,0.5937211865168743,0.0,0.9858780203004355,0.005916421264114487,0.0,0.0,0.0,0.21523450565870889
800.0,38.243744161808195,6.116343454675203,0.09111813005416332,335.9478092983115,335.9478092983115,0.0,1.666722170048826,5.42873345346706,1.00355693724025,1.4829983075289772,623.8091093757432,30.33074026953844,23.856795984771352,1.1599610711064814,30.33074026953844,338.99891353334874,6.924874377879379,0.44043784725373136,0.005855943660992898,0.03479883213319444,0.03479883213319444,0.030000000000000002,0.0014586548904307094,0.0042218973564607555,22989.277253269764,1.0,3.0,3.0,1.0,164.84387850080432,48.23618723354336,0.0,183.43586537867077,0.8280603023353816,2.4042214490656306,1.0,229.2948317233385,-155.32447301841245,-112347115.5373529,3538968436816396.5,-1533999377702264.0,1.0,3.116755450939735,0.94426433421583,17.80197017461516,163.13085905649677,183.43586537867077,182.95504308600994,3.5715382260241046,0.5831781200670366,0.0,0.9712405591547146,0.002947427591810215,0.0,0.0,0.0,0.23234274762273677
950.0,38.243744161808195,6.116343454675203,0.09111813005416332,335.9478092983115,335.9478092983115,0.0,1.666722170048826,5.42873345346706,1.00355693724025,1.4829983075289772,623.8091093757432,30.33074026953844,23.856795984771352,1.1599610711064814,30.33074026953844,338.99891353334874,6.924874377879379,0.44043784725373136,0.005855943660992898,0.03479883213319444,0.03479883213319444,0.030000000000000002,0.0014586548904307094,0.0042218973564607555,22989.277253269764,1.0,2.0,2.0,1.0,211.98087691633273,57.26120050282183,0.0,180.8338170859931,1.0588157125885709,4.107473234093021,0.0,190.35138640630854,-128.83110639914105,-132800739.18363948,4640803070179969.0,-927175952998838.0,1.0,2.423099319602913,0.974706644933257,15.060157136884312,208.15370483370666,180.8338170859931,180.60758309289565,3.5715382260241046,0.5825187559899218,0.0,0.9585340014745936,0.0010360598981718936,0.0,0.0,0.0,0.24918304973300637
1050.0,38.243744161808195,6.116343454675203,0.09111813005416332,335.9478092983115,335.9478092983115,0.0,1.666722170048826,5.42873345346706,1.00355693724025,1.4829983075289772,623.8091093757432,30.33074026953844,23.856795984771352,1.1599610711064814,30.33074026953844,338.99891353334874,6.924874377879379,0.44043784725373136,0.005855943660992898,0.03479883213319444,0.03479883213319444,0.030000000000000002,0.0014586548904307094,0.0042218973564607555,22989.277253269764,1.0,2.0,2.0,1.0,242.25270796867335,61.88132775630781,0.0,178.42655412430761,0.9041328206220235,3.89503890667271,0.0,169.93005154695965,-114.09665616171749,-147792375.8598754,5441282484243779.0,77456425331568.0,0.0,0.0,1.0017777894295863,14.389375071162924,236.8039101559714,178.42655412430761,178.29215204656225,3.5715382260241046,0.5874459893649074,0.0,0.9518830853847666,0.0005884156298027016,0.0,0.0,0.0,0.2600506929237341
1100.0,38.243744161808195,6.116343454675203,0.09111813005416332,335.9478092983115,335.9478092983115,0.0,1.666722170048826,5.42873345346706,1.00355693724025,1.4829983075289772,623.8091093757432,30.33074026953844,23.856795984771352,1.1599610711064814,30.33074026953844,338.99891353334874,6.924874377879379,0.44043784725373136,0.005855943660992898,0.03479883213319444,0.03479883213319444,0.030000000000000002,0.0014586548904307094,0.0042218973564607555,22989.277253269764,1.0,2.0,2.0,1.0,256.973131171616,63.798251346977366,0.0,177.0945139440022,0.8118171631571752,3.5961776801031817,0.0,160.99501267636566,-107.48993994108815,-155660024.76025635,5858353570999473.0,796629024365728.0,0.0,0.0,1.0168556590073032,15.694225338088277,250.72553484618595,177.0945139440022,176.99142031339983,3.5715382260241046,0.5912641516194309,0.0,0.9491177107790906,0.0004694143434350426,0.0,0.0,0.0,0.26534201268996366
1150.0,38.243744161808195,6.116343454675203,0.09111813005416332,335.9478092983115,335.9478092983115,0.0,1.666722170048826,5.42873345346706,1.00355693724025,1.4829983075289772,623.8091093757432,30.33074026953844,23.856795984771352,1.1599610711064814,30.33074026953844,338.99891353334874,6.924874377879379,0.44043784725373136,0.005855943660992898,0.03479883213319444,0.03479883213319444,0.030000000000000002,0.0014586548904307094,0.0042218973564607555,22989.277253269764,1.0,2.0,2.0,1.0,271.40123958836887,65.46648482281093,0.0,175.70575045422527,0.7253246201323363,3.273524716386845,0.0,152.78760909063067,-101.33903966540595,-163762011.00462833,6285353473758233.0,1676582353247080.0,0.0,0.0,1.0328049576729543,16.28453377180351,264.37873680537194,175.70575045422527,175.62691577309323,3.5715382260241046,0.595846503291973,0.0,0.9467084829680659,0.00038707852791074795,0.0,0.0,0.0,0.270026127800634
1200.0,38.243744161808195,6.116343454675203,0.09111813005416332,335.9478092983115,335.9478092983115,0.0,1.666722170048826,5.42873345346706,1.00355693724025,1.4829983075289772,623.8091093757432,30.33074026953844,23.856795984771352,1.1599610711064814,30.33074026953844,338.99891353334874,6.924874377879379,0.44043784725373136,0.005855943660992898,0.03479883213319444,0.03479883213319444,0.030000000000000002,0.0014586548904307094,0.0042218973564607555,22989.277253269764,1.0,2.0,2.0,1.0,285.5308697606705,66.8960171189745,0.0,174.27869990959812,0.6489395397169762,2.964399027808895,0.0,145.2322499246651,-95.60803732408341,-172089033.77481952,6721308593593064.0,2729401171178720.0,0.0,0.0,1.0495334453668024,16.688171786956296,277.76434155701617,174.27869990959812,174.21859829297748,3.5715382260241046,0.6010872315210305,0.0,0.9446371901782515,0.00032807706457934125,0.0,0.0,0.0,0.27002214520185913
1250.0,38.243744161808195,6.116343454675203,0.09111813005416332,335.9478092983115,335.9478092983115,0.0,1.666722170048826,5.42873345346706,1.00355693724025,1.4829983075289772,623.8091093757432,30.33074026953844,23.856795984771352,1.1599610711064814,30.33074026953844,338.99891353334874,6.924874377879379,0.44043784725373136,0.005855943660992898,0.03479883213319444,0.03479883213319444,0.030000000000000002,0.0014586548904307094,0.0042218973564607555,22989.277253269764,1.0,2.0,2.0,1.0,299.3595992797841,68.09646071259985,0.0,172.82896197186324,0.5836804164285158,2.6860481618405743,0.0,138.26316957749057,-90.26342726889902,-180632304.3483889,7165240144713457.0,3967068795355172.0,0.0,0.0,1.0669647004239462,16.999916998054953,290.8846568989761,172.82896197186324,172.78327944282128,3.5715382260241046,0.6068835149872713,0.0,0.9428836938363185,0.0002843440984430161,0.0,0.0,0.0,0.2700191932266449
1300.0,38.243744161808195,6.116343454675203,0.09111813005416332,335.9478092983115,335.9478092983115,0.0,1.666722170048826,5.42873345346706,1.00355693724025,1.4829983075289772,623.8091093757432,30.33074026953844,23.856795984771352,1.1599610711064814,30.33074026953844,338.99891353334874,6.924874377879379,0.44043784725373136,0.005855943660992898,0.03479883213319444,0.03479883213319444,0.030000000000000002,0.0014586548904307094,0.0042218973564607555,22989.277253269764,1.0,2.0,2.0,1.0,312.88761620591873,69.07690124206881,0.0,171.36942081632753,0.5288903274089728,2.4438386827655165,0.0,131.82263139717503,-85.27421711840489,-189383437.78658533,7616164441916948.0,5401428740197644.0,0.0,0.0,1.0850352411002606,17.25788963576382,303.7431817770585,171.36942081632753,171.3348020506025,3.5715382260241046,0.6131381995397184,0.0,0.9414271983391699,0.0002509551898559241,0.0,0.0,0.0,0.2700169394753153
1350.0,38.243744161808195,6.116343454675203,0.09111813005416332,335.9478092983115,335.9478092983115,0.0,1.666722170048826,5.42873345346706,1.00355693724025,1.4829983075289772,623.8091093757432,30.33074026953844,23.856795984771352,1.1599610711064814,30.33074026953844,338.99891353334874,6.924874377879379,0.44043784725373136,0.005855943660992898,0.03479883213319444,0.03479883213319444,0.030000000000000002,0.0014586548904307094,0.0042218973564607555,22989.277253269764,1.0,2.0,2.0,1.0,326.11615195594186,69.84581325141039,0.0,169.91052609351638,0.4832229576640472,2.2368634988723954,0.0,125.8596489581603,-80.61190123685621,-198334374.85571378,8073093571446338.0,7044149963621440.0,0.0,0.0,1.1036922751021827,17.48176252306453,316.34351281506474,169.91052609351638,169.8843704646837,3.5715382260241046,0.6197582698274846,0.0,0.9402468026939497,0.00022483303734883384,0.0,0.0,0.0,0.2700151762300211
1400.0,38.243744161808195,6.116343454675203,0.09111813005416332,335.9478092983115,335.9478092983115,0.0,1.666722170048826,5.42873345346706,1.00355693724025,1.4829983075289772,623.8091093757432,30.33074026953844,23.856795984771352,1.1599610711064814,30.33074026953844,338.99891353334874,6.924874377879379,0.44043784725373136,0.005855943660992898,0.03479883213319444,0.03479883213319444,0.030000000000000002,0.0014586548904307094,0.0042218973564607555,22989.277253269764,1.0,2.0,2.0,1.0,339.04962273181275,70.41102060803487,0.0,168.4606388925329,0.44518513656121866,2.061414596918496,0.0,120.32902778038064,-76.250360583585,-207477324.7243863,8535036161873401.0,8906695627294836.0,0.0,0.0,1.1228919309264584,17.683148050105334,328.6917684845049,168.4606388925329,168.4409373885004,3.5715382260241046,0.6266535822506577,0.0,0.9393225216105382,0.000203990840211455,0.0,0.0,0.0,0.2700137693817143
1450.0,38.243744161808195,6.116343454675203,0.09111813005416332,335.9478092983115,335.9478092983115,0.0,1.666722170048826,5.42873345346706,1.00355693724025,1.4829983075289772,623.8091093757432,30.33074026953844,23.856795984771352,1.1599610711064814,30.33074026953844,338.99891353334874,6.924874377879379,0.44043784725373136,0.005855943660992898,0.03479883213319444,0.03479883213319444,0.030000000000000002,0.0014586548904307094,0.0042218973564607555,22989.277253269764,1.0,2.0,2.0,1.0,351.69213763278884,70.77968687017592,0.0,167.02638039533275,0.4133946928972678,1.912932677296908,0.0,115.190607169195,-72.16572266761487,-216804720.9492797,9000998165640819.0,1.1000294363331764e+16,0.0,0.0,1.1425978500007776,17.8695186444427,340.7932845860084,167.02638039533275,167.0115859874517,3.5715382260241046,0.6337455821968975,0.0,0.9386351845705456,0.00018710206408301483,0.0,0.0,0.0,0.27001262938932563
1550.0,38.243744161808195,6.116343454675203,0.09111813005416332,335.9478092983115,335.9478092983115,0.0,1.666722170048826,5.42873345346706,1.00355693724025,1.4829983075289772,623.8091093757432,30.33074026953844,23.856795984771352,1.1599610711064814,30.33074026953844,338.99891353334874,6.924874377879379,0.44043784725373136,0.005855943660992898,0.03479883213319444,0.03479883213319444,0.030000000000000002,0.0014586548904307094,0.0042218973564607555,22989.277253269764,1.0,2.0,2.0,1.0,376.12702511042534,70.95282363565931,0.0,164.22439661505373,0.3640682796240396,1.6796515593883896,0.0,105.95122362261532,-64.7419405897376,-235983499.90143365,9940995724996954.0,1.592422932574212e+16,0.0,0.0,1.1834139890562585,18.216220537769914,364.28165396991835,164.22439661505373,164.21613245824068,3.5715382260241046,0.648220975126435,0.0,0.9379000247875184,0.00016178095941135772,0.0,0.0,0.0,0.27001092021476025
1700.0,38.243744161808195,6.116343454675203,0.09111813005416332,335.9478092983115,335.9478092983115,0.0,1.666722170048826,5.42873345346706,1.00355693724025,1.4829983075289772,623.8091093757432,30.33074026953844,23.856795984771352,1.1599610711064814,30.33074026953844,338.99891353334874,6.924874377879379,0.44043784725373136,0.005855943660992898,0.03479883213319444,0.03479883213319444,0.030000000000000002,0.0014586548904307094,0.0042218973564607555,22989.277253269764,1.0,1.0,1.0,0.0,253.2720886622995,53.17816672868251,0.0,308.2568444559878,4.500434815579565,18.27524186002057,0.0,181.32755556234576,-26.61385069445379,-147676499.60804728,3997808882125495.0,5817113007983608.0,0.0,0.0,1.1678051327573158,28.008655105704786,249.80718006401707,308.2568444559878,308.21608979080065,3.5715382260241046,0.7455899145137204,inf,inf,0.00848584535127654,0.0,0.0,0.0,0.15205074647963898
1850.0,38.243744161808195,6.116343454675203,0.09111813005416332,335.9478092983115,335.9478092983115,0.0,1.666722170048826,5.42873345346706,1.00355693724025,1.4829983075289772,623.8091093757432,30.33074026953844,23.856795984771352,1.1599610711064814,30.33074026953844,338.99891353334874,6.924874377879379,0.44043784725373136,0.005855943660992898,0.03479883213319444,0.03479883213319444,0.030000000000000002,0.0014586548904307094,0.0042218973564607555,22989.277253269764,1.0,1.0,1.0,0.0,264.3799552792305,68.16147135870762,0.0,322.6875707357902,2.0207012511275417,10.060547665281376,0.0,174.42571391123798,-35.558730611214514,-145358546.24703977,5232395525917032.0,199524863384672.0,0.0,0.0,1.0047552691318564,15.240043730999306,263.3712168322375,322.6875707357902,322.6040153936975,3.5715382260241046,0.672449803948812,inf,inf,0.0006431231454882138,0.0,0.0,0.0,0.15552019471284345
2000.0,38.243744161808195,6.116343454675203,0.09111813005416332,335.9478092983115,335.9478092983115,0.0,1.666722170048826,5.42873345346706,1.00355693724025,1.4829983075289772,623.8091093757432,30.33074026953844,23.856795984771352,1.1599610711064814,30.33074026953844,338.99891353334874,6.924874377879379,0.44043784725373136,0.005855943660992898,0.03479883213319444,0.03479883213319444,0.030000000000000002,0.0014586548904307094,0.0042218973564607555,22989.277253269764,1.0,3.0,3.0,1.0,300.29516204656323,84.27745912338989,0.0,324.3299423220251,0.5541717027131576,1.7834195778096387,2.0,162.16497116101255,-40.136955182993084,-149730605.46286082,6627634193005342.0,-4091282559746480.0,1.0,5.090024506134346,0.9196049920066237,13.35732259825851,298.843604787373,324.3299423220251,324.224762482949,3.5715382260241046,0.6198738714156733,0.0,0.9881923467183961,0.00019749039399195528,0.0,0.0,0.0,0.2700133306015945
50.0,43.78933140657456,49.90787023767722,0.03607566266139949,341.31123758425673,341.31123758425673,0.0,2.2587336394606656,-0.36502382654425714,0.7773632751453965,1.4742624408390572,41.20485262201278,41.104069165014934,1.8043329470243803,1.7999197068256014,41.104069165014934,333.20515625333746,5.364063389529475,0.43784336936439716,0.0019042620032504475,0.05399759120476804,0.05399759120476804,0.03,0.029926622630162734,0.008878082894499952,14815.475693466846,1.0,1.0,1.0,0.0,2.607018268330208e-05,1.5071515564879875e-06,0.0,2.0602411463292185,3.5790668820306187e-07,1.2395007495946686e-06,0.0,41.20482292658437,-0.0905203023864536,-554944683.2722249,400619091945792.56,3.0636112512432685e+17,0.0,0.0,13.862893222686145,1383.4134336181598,1.2034664260696104e-06,2.0602411463292185,2.0602411463292185,3.5717154516558365,0.7458124800105483,inf,inf,0.042625815099913075,0.0,0.0,0.0,0.07037724251924414
200.0,43.78933140657456,49.90787023767722,0.03607566266139949,341.31123758425673,341.31123758425673,0.0,2.2587336394606656,-0.36502382654425714,0.7773632751453965,1.4742624408390572,41.20485262201278,41.104069165014934,1.8043329470243803,1.7999197068256014,41.104069165014934,333.20515625333746,5.364063389529475,0.43784336936439716,0.0019042620032504475,0.05399759120476804,0.05399759120476804,0.03,0.029926622630162734,0.008878082894499952,14815.475693466846,1.0,1.0,1.0,0.0,0.00014337405158038052,4.2284585924207e-05,0.0,8.240875721459183,2.2805205506851268e-05,7.897994225558591e-05,0.0,41.204378607295915,-0.0901155044470433,-554950675.1658274,400660988429078.56,3.063676079132914e+17,0.0,0.0,13.862318067097855,1383.283557903654,7.9695580760486e-05,8.240875721459183,8.240875721459183,3.5717154516558365,0.7491764023837559,inf,inf,0.7145767417601078,0.0,0.0,0.0,0.11573393006880726
350.0,43.78933140657456,49.90787023767722,0.03607566266139949,341.31123758425673,341.31123758425673,0.0,2.2587336394606656,-0.36502382654425714,0.7773632751453965,1.4742624408390572,41.20485262201278,41.104069165014934,1.8043329470243803,1.7999197068256014,41.104069165014934,333.20515625333746,5.364063389529475,0.43784336936439716,0.0019042620032504475,0.05399759120476804,0.05399759120476804,0.03,0.029926622630162734,0.008878082894499952,14815.475693466846,1.0,1.0,1.0,0.0,0.0007678236404977667,0.00022698291876599192,0.0,14.421192941972773,0.00012104167757196563,0.0004192093475854364,0.0,41.203408405636495,-0.08923134483946078,-554963764.4769844,400751916874589.8,3.063817722149674e+17,0.0,0.0,13.861072260978661,1383.0019929596588,0.0004308234340566486,14.421192941972773,14.421192941972773,3.5717154516558365,0.7495603406949854,inf,inf,0.9510364584003916,0.0,0.0,0.0,0.13169496094202646
500.0,43.78933140657456,49.90787023767722,0.03607566266139949,341.31123758425673,341.31123758425673,0.0,2.2587336394606656,-0.36502382654425714,0.7773632751453965,1.4742624408390572,41.20485262201278,41.104069165014934,1.8043329470243803,1.7999197068256014,41.104069165014934,333.20515625333746,5.364063389529475,0.43784336936439716,0.0019042620032504475,0.05399759120476804,0.05399759120476804,0.03,0.029926622630162734,0.008878082894499952,14815.475693466846,1.0,1.0,1.0,0.0,0.002219785410403574,0.0006554426586792281,0.0,20.6009642676204,0.00034764316071939956,0.0012040681422256228,0.0,41.2019285352408,-0.0878819898388415,-554983744.7098771,400889127083445.2,3.064034003838643e+17,0.0,0.0,13.85919893148747,1382.5779267344872,0.0012562265854647592,20.6009642676204,20.6009642676204,3.5717154516558365,0.7496598372587241,inf,inf,0.9306745631805435,0.0,0.0,0.0,0.13032053301468668
650.0,43.78933140657456,49.90787023767722,0.03607566266139949,341.31123758425673,341.31123758425673,0.0,2.2587336394606656,-0.36502382654425714,0.7773632751453965,1.4742624408390572,41.20485262201278,41.104069165014934,1.8043329470243803,1.7999197068256014,41.104069165014934,333.20515625333746,5.364063389529475,0.43784336936439716,0.0019042620032504475,0.05399759120476804,0.05399759120476804,0.03,0.029926622630162734,0.008878082894499952,14815.475693466846,1.0,1.0,1.0,0.0,0.004807008278884695,0.001416464197928663,0.0,26.77997626295999,0.000748459095641956,0.0025924844845945927,0.0,41.19996348147691,-0.08608888904279029,-555010303.2658474,401068498359331.7,3.064321627378106e+17,0.0,0.0,13.856762514611251,1382.0250896494576,0.002745063602795028,26.77997626295999,26.77997626295999,3.5717154516558365,0.7497054930792564,inf,inf,0.9094267665670523,0.0,0.0,0.0,0.12888630674327603
800.0,43.78933140657456,49.90787023767722,0.03607566266139949,341.31123758425673,341.31123758425673,0.0,2.2587336394606656,-0.36502382654425714,0.7773632751453965,1.4742624408390572,41.20485262201278,41.104069165014934,1.8043329470243803,1.7999197068256014,41.104069165014934,333.20515625333746,5.364063389529475,0.43784336936439716,0.0019042620032504475,0.05399759120476804,0.05399759120476804,0.03,0.029926622630162734,0.008878082894499952,14815.475693466846,1.0,1.0,1.0,0.0,0.008786481531309676,0.002583531107526285,0.0,32.958036234267915,0.0013602570108834037,0.004712059859215856,0.0,41.197545292834896,-0.08388019560187764,-555043029.5779444,401284699176913.94,3.064676258863552e+17,0.0,0.0,13.853846043423689,1381.3611809402316,0.00506759779224808,32.958036234267915,32.958036234267915,3.5717154516558365,0.7497345542848178,inf,inf,0.8863427902370835,0.0,0.0,0.0,0.12732813834100312
950.0,43.78933140657456,49.90787023767722,0.03607566266139949,341.31123758425673,341.31123758425673,0.0,2.2587336394606656,-0.36502382654425714,0.7773632751453965,1.4742624408390572,41.20485262201278,41.104069165014934,1.8043329470243803,1.7999197068256014,41.104069165014934,333.20515625333746,5.364063389529475,0.43784336936439716,0.0019042620032504475,0.05399759120476804,0.05399759120476804,0.03,0.029926622630162734,0.008878082894499952,14815.475693466846,1.0,1.0,1.0,0.0,0.014353741984891144,0.004211693250056467,0.0,39.13497703465083,0.0022088824976295085,0.007652745099001379,0.0,41.194712668053505,-0.08129002930532574,-555081425.6658034,401531391353540.44,3.065092635537667e+17,0.0,0.0,13.85054770829363,1380.6071420365838,0.008370049175958627,39.13497703465083,39.13497703465083,3.5717154516558365,0.7497569381168526,inf,inf,0.8611037922855224,0.0,0.0,0.0,0.12562450597927274
1100.0,43.78933140657456,49.90787023767722,0.03607566266139949,341.31123758425673,341.31123758425673,0.0,2.2587336394606656,-0.36502382654425714,0.7773632751453965,1.4742624408390572,41.20485262201278,41.104069165014934,1.8043329470243803,1.7999197068256014,41.104069165014934,333.20515625333746,5.364063389529475,0.43784336936439716,0.0019042620032504475,0.05399759120476804,0.05399759120476804,0.03,0.029926622630162734,0.008878082894499952,14815.475693466846,1.0,1.0,1.0,0.0,0.0216359626798166,0.006335535416314331,0.0,45.31066086461586,0.0033080291091083566,0.011462631400256384,0.0,41.19150987692352,-0.07835759716109607,-555124918.7319313,401801468931723.94,3.0655646952140646e+17,0.0,0.0,13.846976873559543,1379.7863166162444,0.012770562939344643,45.31066086461586,45.31066086461586,3.5717154516558365,0.7497757637117225,inf,inf,0.8336670326008024,0.0,0.0,0.0,0.12377252470055417
1250.0,43.78933140657456,49.90787023767722,0.03607566266139949,341.31123758425673,341.31123758425673,0.0,2.2587336394606656,-0.36502382654425714,0.7773632751453965,1.4742624408390572,41.20485262201278,41.104069165014934,1.8043329470243803,1.7999197068256014,41.104069165014934,333.20515625333746,5.364063389529475,0.43784336936439716,0.0019042620032504475,0.05399759120476804,0.05399759120476804,0.03,0.029926622630162734,0.008878082894499952,14815.475693466846,1.0,1.0,1.0,0.0,0.03068900805701702,0.008968277453224156,0.0,51.48498194820181,0.004658672230390843,0.016146038841306165,0.0,41.18798555856145,-0.07512620322335653,-555172875.3546498,402087320488669.9,3.066085722475948e+17,0.0,0.0,13.843249757877189,1378.9235415588637,0.018356353752956522,51.48498194820181,51.48498194820181,3.5717154516558365,0.749791831690329,inf,inf,0.804135081355662,0.0,0.0,0.0,0.12177911799150717
1400.0,43.78933140657456,49.90787023767722,0.03607566266139949,341.31123758425673,341.31123758425673,0.0,2.2587336394606656,-0.36502382654425714,0.7773632751453965,1.4742624408390572,41.20485262201278,41.104069165014934,1.8043329470243803,1.7999197068256014,41.104069165014934,333.20515625333746,5.364063389529475,0.43784336936439716,0.0019042620032504475,0.05399759120476804,0.05399759120476804,0.03,0.029926622630162734,0.008878082894499952,14815.475693466846,1.0,1.0,1.0,0.0,0.041498587163481204,0.012102001123779916,0.0,57.65786802220938,0.006249178212000437,0.021663935122795408,0.0,41.18419144443527,-0.07164218655006856,-555224616.7871095,402381102822701.25,3.0666485067510176e+17,0.0,0.0,13.83948499273962,1378.0442142435406,0.02518225659206763,57.65786802220938,57.65786802220938,3.5717154516558365,0.749804947593397,inf,inf,0.7726899890526857,0.0,0.0,0.0,0.11965657426105628
1550.0,43.78933140657456,49.90787023767722,0.03607566266139949,341.31123758425673,341.31123758425673,0.0,2.2587336394606656,-0.36502382654425714,0.7773632751453965,1.4742624408390572,41.20485262201278,41.104069165014934,1.8043329470243803,1.7999197068256014,41.104069165014934,333.20515625333746,5.364063389529475,0.43784336936439716,0.0019042620032504475,0.05399759120476804,0.05399759120476804,0.03,0.029926622630162734,0.008878082894499952,14815.475693466846,1.0,1.0,1.0,0.0,0.05398463790178454,0.01570892820347368,0.0,63.82928063439912,0.008056058200214728,0.02793657131071825,0.0,41.18018105445104,-0.06795381936000432,-555279434.8478872,402675013717175.44,3.0672455071012026e+17,0.0,0.0,13.83579927010169,1377.1733804485457,0.033270121844260814,63.82928063439912,63.82928063439912,3.5717154516558365,0.7498143990463129,inf,inf,0.7395742770954618,0.0,0.0,0.0,0.11742126370394368
1700.0,43.78933140657456,49.90787023767722,0.03607566266139949,341.31123758425673,341.31123758425673,0.0,2.2587336394606656,-0.36502382654425714,0.7773632751453965,1.4742624408390572,41.20485262201278,41.104069165014934,1.8043329470243803,1.7999197068256014,41.104069165014934,333.20515625333746,5.364063389529475,0.43784336936439716,0.0019042620032504475,0.05399759120476804,0.05399759120476804,0.03,0.029926622630162734,0.008878082894499952,14815.475693466846,1.0,1.0,1.0,0.0,0.06800927093020448,0.019743610736363888,0.0,69.99921430214646,0.010045298163620712,0.034848090037641555,0.0,41.176008413027326,-0.06411020392145654,-555336607.8867557,402961552034130.56,3.0678690185103174e+17,0.0,0.0,13.832303271976587,1376.3348828909604,0.04260985681193574,69.99921430214646,69.99921430214646,3.5717154516558365,0.7498191561331986,inf,inf,0.7050603316904699,0.0,0.0,0.0,0.11509157238910671
1850.0,43.78933140657456,49.90787023767722,0.03607566266139949,341.31123758425673,341.31123758425673,0.0,2.2587336394606656,-0.36502382654425714,0.7773632751453965,1.4742624408390572,41.20485262201278,41.104069165014934,1.8043329470243803,1.7999197068256014,41.104069165014934,333.20515625333746,5.364063389529475,0.43784336936439716,0.0019042620032504475,0.05399759120476804,0.05399759120476804,0.03,0.029926622630162734,0.008878082894499952,14815.475693466846,1.0,1.0,1.0,0.0,0.0833865911052527,0.02414584476832975,0.0,76.16769463277024,0.012174165177319313,0.042252753864943315,0.0,41.171726828524456,-0.060160203796486386,-555395416.3285712,403233754518001.75,3.0685113346071494e+17,0.0,0.0,13.82909804752852,1375.55060432993,0.053161023536631546,76.16769463277024,76.16769463277024,3.5717154516558365,0.7498179684017773,inf,inf,0.6694444973526085,0.0,0.0,0.0,0.11268750357130106
2000.0,43.78933140657456,49.90787023767722,0.03607566266139949,341.31123758425673,341.31123758425673,0.0,2.2587336394606656,-0.36502382654425714,0.7773632751453965,1.4742624408390572,41.20485262201278,41.104069165014934,1.8043329470243803,1.7999197068256014,41.104069165014934,333.20515625333746,5.364063389529475,0.43784336936439716,0.0019042620032504475,0.05399759120476804,0.05399759120476804,0.03,0.029926622630162734,0.008878082894499952,14815.475693466846,1.0,1.0,1.0,0.0,0.09989454284466603,0.02884408660015577,0.0,82.33477554795574,0.01439336697524497,0.049982363821726494,0.0,41.16738777397787,-0.05615143897249352,-555455157.3374344,403485400217630.56,3.069164902118835e+17,0.0,0.0,13.826271970788058,1374.8398320835686,0.06485579243219775,82.33477554795574,82.33477554795574,3.5717154516558365,0.7498094201409682,inf,inf,0.6330318591739491,0.0,0.0,0.0,0.11022965049424156
50.0,21.162984226831025,12.146442216942896,0.13054282687987803,328.0159352288651,332.321833882387,0.0,3.1280544180728955,0.10695152437754461,1.0848791626491274,1.1309373804769762,320.8748398218773,56.92382798314361,6.790669173937321,1.2046780737381106,56.92382798314361,333.6771316042593,7.4860245968542,0.3358787550243517,0.005340881402387502,0.036140342212143316,0.036140342212143316,0.029999999999999995,0.005322059032245369,0.008228986493343958,22135.927637431072,1.0,0.0,0.0,0.0,37.04363525566788,7.732140935237569,0.0,69.40637113046044,1.1034378286641564,4.2173016238347,0.0,1388.127422609209,-239.42545670318634,-44289256.83142313,362638613272728.6,510983817588846.25,0.0,0.0,1.162870556897905,92.23260507470175,-8.417031882842245,69.40637113046044,63.548150183390085,3.5716935002962127,0.7581144468026021,inf,inf,0.038224020516603514,0.0,0.0,0.0,0.07621583007691117
200.0,21.162984226831025,12.146442216942896,0.13054282687987803,328.0159352288651,332.321833882387,0.0,3.1280544180728955,0.10695152437754461,1.0848791626491274,1.1309373804769762,320.8748398218773,56.92382798314361,6.790669173937321,1.2046780737381106,56.92382798314361,333.6771316042593,7.4860245968542,0.3358787550243517,0.005340881402387502,0.036140342212143316,0.036140342212143316,0.029999999999999995,0.005322059032245369,0.008228986493343958,22135.927637431072,1.0,1.0,1.0,0.0,131.90190120680788,26.52817898347931,0.0,266.1252885701416,1.5174998692506811,6.690673483407011,1.0,1330.6264428507081,-257.19474253610764,-45271492.25012737,410072504797780.94,409217991362218.5,0.0,0.0,1.1178009873622363,79.86469303789636,-24.152459384528782,266.1252885701416,246.71400431112414,3.5716935002962127,0.7289381833806585,inf,inf,0.006035689643851081,0.0,0.0,0.0,0.10819209348541078
350.0,21.162984226831025,12.146442216942896,0.13054282687987803,328.0159352288651,332.321833882387,0.0,3.1280544180728955,0.10695152437754461,1.0848791626491274,1.1309373804769762,320.8748398218773,56.92382798314361,6.790669173937321,1.2046780737381106,56.92382798314361,333.6771316042593,7.4860245968542,0.3358787550243517,0.005340881402387502,0.036140342212143316,0.036140342212143316,0.029999999999999995,0.005322059032245369,0.008228986493343958,22135.927637431072,1.0,1.0,1.0,0.0,197.59639044107362,33.51275124107699,0.0,419.1251042340299,9.345591271992058,28.156003253865265,1.0,1197.500297811514,-287.12690401588264,-47926428.98877948,551348485144544.5,91548655038344.0,0.0,0.0,1.0205445840852758,52.13992300183325,-3.791670769313157,419.1251042340299,397.23825183512486,3.5716935002962127,0.6247085139078777,inf,inf,0.09412644329125716,0.0,0.0,0.0,0.13778823548094635
500.0,21.162984226831025,12.146442216942896,0.13054282687987803,328.0159352288651,332.321833882387,0.0,3.1280544180728955,0.10695152437754461,1.0848791626491274,1.1309373804769762,320.8748398218773,56.92382798314361,6.790669173937321,1.2046780737381106,56.92382798314361,333.6771316042593,7.4860245968542,0.3358787550243517,0.005340881402387502,0.036140342212143316,0.036140342212143316,0.029999999999999995,0.005322059032245369,0.008228986493343958,22135.927637431072,1.0,1.0,1.0,0.0,240.9311270329586,45.36753816701009,0.0,498.5758202201929,28.94806954007819,96.44859405019878,0.0,997.1516404403858,-302.53471667612916,-53822993.59152903,857573862450616.4,-533380810648691.0,1.0,1.837844781718441,0.9189715904332555,37.15883986643901,74.79352044009977,498.5758202201929,482.2180576400355,3.5716935002962127,0.6107601851673097,inf,inf,0.12913237978656672,0.0,0.0,0.0,0.15575164136745837
650.0,21.162984226831025,12.146442216942896,0.13054282687987803,328.0159352288651,332.321833882387,0.0,3.1280544180728955,0.10695152437754461,1.0848791626491274,1.1309373804769762,320.8748398218773,56.92382798314361,6.790669173937321,1.2046780737381106,56.92382798314361,333.6771316042593,7.4860245968542,0.3358787550243517,0.005340881402387502,0.036140342212143316,0.036140342212143316,0.029999999999999995,0.005322059032245369,0.008228986493343958,22135.927637431072,1.0,2.0,2.0,1.0,267.0325790082806,78.69935329096415,0.0,508.4106845102915,36.73268525481735,137.3540920882716,1.0,782.170283861987,-285.8780123289153,-64208190.378675394,1330991286089229.8,-1201273432652695.5,1.0,2.7581067563918165,0.8799800539337839,31.148674152078787,196.93266839914543,508.4106845102915,498.2467547602093,3.5716935002962127,0.59898491527706,0.0,0.9864788936468218,0.045106194484193535,0.0,0.0,0.0,0.2719763965706641
800.0,21.162984226831025,12.146442216942896,0.13054282687987803,328.0159352288651,332.321833882387,0.0,3.1280544180728955,0.10695152437754461,1.0848791626491274,1.1309373804769762,320.8748398218773,56.92382798314361,6.790669173937321,1.2046780737381106,56.92382798314361,333.6771316042593,7.4860245968542,0.3358787550243517,0.005340881402387502,0.036140342212143316,0.036140342212143316,0.029999999999999995,0.005322059032245369,0.008228986493343958,22135.927637431072,1.0,2.0,2.0,1.0,345.4555237330209,116.49515506033191,0.0,486.1894054574228,21.595518994953327,105.7038118538141,1.0,607.7367568217786,-255.05496846074445,-76816307.81263873,1913940107169396.2,-1755015282711523.0,1.0,3.333731259365438,0.8779287303061162,26.036138118980723,332.44746212561734,486.1894054574228,480.42937378233285,3.5716935002962127,0.567064967060826,0.0,0.9569930939706057,0.02189606992854778,0.0,0.0,0.0,0.271477984720177
950.0,21.162984226831025,12.146442216942896,0.13054282687987803,328.0159352288651,332.321833882387,0.0,3.1280544180728955,0.10695152437754461,1.0848791626491274,1.1309373804769762,320.8748398218773,56.92382798314361,6.790669173937321,1.2046780737381106,56.92382798314361,333.6771316042593,7.4860245968542,0.3358787550243517,0.005340881402387502,0.036140342212143316,0.036140342212143316,0.029999999999999995,0.005322059032245369,0.008228986493343958,22135.927637431072,1.0,3.0,3.0,1.0,470.6610028648735,149.77629540326947,0.0,462.10111437820376,6.534329804287652,35.534675788137406,1.0,486.42222566126713,-223.0598485965863,-90821692.74301122,2623699279792266.0,-2246217246463127.0,1.0,3.7715165229775374,0.8865486408974764,22.02117070928411,459.0794732040986,462.10111437820376,459.00441794115284,3.5716935002962127,0.5354638177834081,0.0,0.9314371457501326,0.015411907663385177,0.0,0.0,0.0,0.2710403037672785
1100.0,21.162984226831025,12.146442216942896,0.13054282687987803,328.0159352288651,332.321833882387,0.0,3.1280544180728955,0.10695152437754461,1.0848791626491274,1.1309373804769762,320.8748398218773,56.92382798314361,6.790669173937321,1.2046780737381106,56.92382798314361,333.6771316042593,7.4860245968542,0.3358787550243517,0.005340881402387502,0.036140342212143316,0.036140342212143316,0.029999999999999995,0.005322059032245369,0.008228986493343958,22135.927637431072,1.0,3.0,3.0,1.0,591.7695423746113,176.77973208445783,0.0,443.7487425510482,8.942421126846362,27.112675800344448,2.0,403.4079477736803,-192.75510310370453,-107203887.72666793,3453425515457747.5,-2321028518118968.0,1.0,3.8338081322901947,0.9121273808274531,18.656039835973992,571.2889150511778,443.7487425510482,442.1405561909052,3.5716935002962127,0.5128990450664642,0.0,0.9123817908994122,0.005956798988451482,0.0,0.0,0.0,0.2704020839317205
1250.0,21.162984226831025,12.146442216942896,0.13054282687987803,328.0159352288651,332.321833882387,0.0,3.1280544180728955,0.10695152437754461,1.0848791626491274,1.1309373804769762,320.8748398218773,56.92382798314361,6.790669173937321,1.2046780737381106,56.92382798314361,333.6771316042593,7.4860245968542,0.3358787550243517,0.005340881402387502,0.036140342212143316,0.036140342212143316,0.029999999999999995,0.005322059032245369,0.008228986493343958,22135.927637431072,1.0,3.0,3.0,1.0,706.0128373478356,197.84073056029683,0.0,427.91052599938047,8.140636468754554,31.92600287389024,0.0,342.3284207995044,-165.73599627672854,-125980479.04657593,4373168852155837.5,-1621594307818592.0,1.0,3.204507125283234,0.9525222664905638,15.875475431876907,673.8255999626001,427.91052599938047,427.09884984910184,3.5716935002962127,0.5019695107418334,0.0,0.899675739395422,0.0024542608869971786,0.0,0.0,0.0,0.2701656626098723
1400.0,21.162984226831025,12.146442216942896,0.13054282687987803,328.0159352288651,332.321833882387,0.0,3.1280544180728955,0.10695152437754461,1.0848791626491274,1.1309373804769762,320.8748398218773,56.92382798314361,6.790669173937321,1.2046780737381106,56.92382798314361,333.6771316042593,7.4860245968542,0.3358787550243517,0.005340881402387502,0.036140342212143316,0.036140342212143316,0.029999999999999995,0.005322059032245369,0.008228986493343958,22135.927637431072,1.0,2.0,2.0,1.0,812.4708642866414,213.7593990067597,0.0,412.63257357965955,6.163222737099189,26.320343612492536,0.0,294.7375525568997,-142.46286349407492,-146800148.2804775,5361455863573436.0,104460080876436.0,0.0,0.0,1.0024324826408795,14.643477791430579,769.7995506604168,412.63257357965955,412.2337662996154,3.5716935002962127,0.5008435746498271,0.0,0.8920918879952227,0.0013729639766519213,0.0,0.0,0.0,0.270092675068424
1550.0,21.162984226831025,12.146442216942896,0.13054282687987803,328.0159352288651,332.321833882387,0.0,3.1280544180728955,0.10695152437754461,1.0848791626491274,1.1309373804769762,320.8748398218773,56.92382798314361,6.790669173937321,1.2046780737381106,56.92382798314361,333.6771316042593,7.4860245968542,0.3358787550243517,0.005340881402387502,0.036140342212143316,0.036140342212143316,0.029999999999999995,0.005322059032245369,0.008228986493343958,22135.927637431072,1.0,2.0,2.0,1.0,537.6014516823288,165.54827451373868,0.0,741.7419150727329,32.44590472344427,132.16809025854195,0.0,478.5431710146664,-72.25048575461706,-97734186.81006217,2547337560407352.5,-637378970205280.0,1.0,2.0090419310260574,0.9682182367581832,20.46366850001857,516.278071029319,741.7419150727329,739.9445704428781,3.5716935002962127,0.6745663513006144,0.0,0.9999998978314706,0.017246139190005155,0.0,0.0,0.0,0.27116411439532534
1700.0,21.162984226831025,12.146442216942896,0.13054282687987803,328.0159352288651,332.321833882387,0.0,3.1280544180728955,0.10695152437754461,1.0848791626491274,1.1309373804769762,320.8748398218773,56.92382798314361,6.790669173937321,1.2046780737381106,56.92382798314361,333.6771316042593,7.4860245968542,0.3358787550243517,0.005340881402387502,0.036140342212143316,0.036140342212143316,0.029999999999999995,0.005322059032245369,0.008228986493343958,22135.927637431072,1.0,3.0,3.0,1.0,636.740275278293,218.6022089624265,0.0,730.9253677561071,14.808868145644112,92.2387629357828,2.0,429.956098680063,-89.88923758629723,-99683818.66291827,3531384923411757.5,-4188675990425458.0,1.0,5.150252477088769,0.8387299309471818,20.06343684287435,623.9818391392052,730.9253677561071,728.747108681481,3.5716935002962127,0.5789550296300292,0.0,0.9624868455926695,0.010193153440593107,0.0,0.0,0.0,0.27068803785724005
1800.0,21.162984226831025,12.146442216942896,0.13054282687987803,328.0159352288651,332.321833882387,0.0,3.1280544180728955,0.10695152437754461,1.0848791626491274,1.1309373804769762,320.8748398218773,56.92382798314361,6.790669173937321,1.2046780737381106,56.92382798314361,333.6771316042593,7.4860245968542,0.3358787550243517,0.005340881402387502,0.036140342212143316,0.036140342212143316,0.029999999999999995,0.005322059032245369,0.008228986493343958,22135.927637431072,1.0,4.0,4.0,2.0,763.8591265817192,252.04264586100493,0.0,714.9482896557779,12.052904374971577,35.612221440604,2.0,397.1934942532099,-95.76205860260114,-102767035.10438174,4255309199485666.0,-6460173293797436.0,1.0,6.396055447804184,0.7876953291648991,19.461493639167223,737.1078360423674,714.9482896557779,712.8161250611748,3.5716935002962127,0.5217026542228372,0.16446648155811963,1.6290983197909252,0.005284324439416163,0.0,0.0,0.0,0.280145305548355
1850.0,21.162984226831025,12.146442216942896,0.13054282687987803,328.0159352288651,332.321833882387,0.0,3.1280544180728955,0.10695152437754461,1.0848791626491274,1.1309373804769762,320.8748398218773,56.92382798314361,6.790669173937321,1.2046780737381106,56.92382798314361,333.6771316042593,7.4860245968542,0.3358787550243517,0.005340881402387502,0.036140342212143316,0.036140342212143316,0.029999999999999995,0.005322059032245369,0.008228986493343958,22135.927637431072,1.0,4.0,4.0,2.0,833.1807570607453,267.79386637047224,0.0,707.7820637988564,16.83464194006361,51.13156821348559,2.0,382.5848993507332,-97.65544755096636,-104813533.38369186,4647566486540269.0,-7604389165786788.0,1.0,6.9394060946996765,0.768731293087714,19.081505368954428,793.1941790896124,707.7820637988564,705.7117958134388,3.5716935002962127,0.4957099025549999,0.0839698668030635,1.5986346361994141,0.002464836153443173,0.0,0.0,0.0,0.2856945147274813
1900.0,21.162984226831025,12.146442216942896,0.13054282687987803,328.0159352288651,332.321833882387,0.0,3.1280544180728955,0.10695152437754461,1.0848791626491274,1.1309373804769762,320.8748398218773,56.92382798314361,6.790669173937321,1.2046780737381106,56.92382798314361,333.6771316042593,7.4860245968542,0.3358787550243517,0.005340881402387502,0.036140342212143316,0.036140342212143316,0.029999999999999995,0.005322059032245369,0.008228986493343958,22135.927637431072,1.0,4.0,4.0,2.0,901.3300289062669,282.14107022701984,0.0,701.0947156521763,19.810700906062166,67.47142374291889,3.0,368.99721876430334,-98.70576259189866,-107351578.37259881,5050219429300524.0,-8676516338113872.0,1.0,7.412467981675288,0.7553066602913132,18.63037349165324,845.7510263411373,701.0947156521763,699.1211693327555,3.5716935002962127,0.473317736232577,0.03093395157468984,1.5717557708967798,0.001694616671257654,0.0,0.0,0.0,0.2899138686750866
1950.0,21.162984226831025,12.146442216942896,0.13054282687987803,328.0159352288651,332.321833882387,0.0,3.1280544180728955,0.10695152437754461,1.0848791626491274,1.1309373804769762,320.8748398218773,56.92382798314361,6.790669173937321,1.2046780737381106,56.92382798314361,333.6771316042593,7.4860245968542,0.3358787550243517,0.005340881402387502,0.036140342212143316,0.036140342212143316,0.029999999999999995,0.005322059032245369,0.008228986493343958,22135.927637431072,1.0,5.0,5.0,2.0,972.4575354255669,296.21134931887894,0.0,695.0468295542828,20.88905173399748,83.23892566685981,2.0,356.4342715662989,-99.43873702474451,-110119134.86369234,5472506491503329.0,-9763802102885254.0,1.0,7.863205397267599,0.7442856613434036,18.16214777273396,898.3282112828797,695.0468295542828,693.1665154026532,3.5716935002962127,0.4520723827619837,0.03364743286186144,1.5458943887875651,0.0021432060640430134,0.0,0.0,0.0,0.2897149740777866
2000.0,21.162984226831025,12.146442216942896,0.13054282687987803,328.0159352288651,332.321833882387,0.0,3.1280544180728955,0.10695152437754461,1.0848791626491274,1.1309373804769762,320.8748398218773,56.92382798314361,6.790669173937321,1.2046780737381106,56.92382798314361,333.6771316042593,7.4860245968542,0.3358787550243517,0.005340881402387502,0.036140342212143316,0.036140342212143316,0.029999999999999995,0.005322059032245369,0.008228986493343958,22135.927637431072,1.0,5.0,5.0,2.0,1041.3658796935924,309.0260138107825,0.0,689.0120099233187,20.16124931142925,89.21414989731761,2.0,344.50600496165936,-99.5712177576496,-113267147.08786449,5901281392286176.0,-1.0775678959720776e+16,1.0,8.260616452287094,0.7372262735168106,17.657370662373484,948.094193733012,689.0120099233187,687.242889406314,3.5716935002962127,0.4340669733574029,0.03969760807112191,1.524117370409802,0.002370077032724064,0.0,0.0,0.0,0.289223611106748
